Date,Adj Close,Close,High,Low,Open,Volume,Daily_Return,EMA_7,EMA_21,Ticker,Company,negative,neutral,positive
2021-01-04,29.350828170776367,36.810001373291016,36.93999862670898,36.27000045776367,36.869998931884766,33565700,,29.350828170776367,29.350828170776367,PFE,Pfizer,0.7020495533943176,0.18643683195114136,0.11151361465454102
2021-01-05,29.65382575988769,37.18999862670898,37.369998931884766,36.59999847412109,36.720001220703125,29909400,0.010323306291337,29.4265775680542,29.378373406150125,PFE,Pfizer,0.9375146627426147,0.061431191861629486,0.0010541744995862246
2021-01-06,29.398666381835938,36.869998931884766,37.47999954223633,36.77000045776367,36.83000183105469,34962500,-0.0086046023240923,29.419599771499637,29.380218222121563,PFE,Pfizer,0.4998006224632263,0.500001847743988,0.00019756442634388804
2021-01-07,29.550168991088867,37.060001373291016,37.150001525878906,36.66999816894531,37.040000915527344,27809500,0.0051533837380641,29.452242076396946,29.395668292027683,PFE,Pfizer,5.3349697992644e-09,1.0,5.9355734549626504e-08
2021-01-08,29.60597801208496,37.130001068115234,37.52999877929688,36.900001525878906,37.15999984741211,33462400,0.0018886193514806,29.490676060318947,29.414787357487437,PFE,Pfizer,0.5951511263847351,0.39390257000923157,0.010946271009743214
2021-01-11,30.116294860839844,37.77000045776367,37.83000183105469,37.150001525878906,37.220001220703125,47286900,0.0172369529068276,29.64708076044917,29.478560766883103,PFE,Pfizer,0.00012887903722003102,0.9993767142295837,0.0004944104002788663
2021-01-12,29.64585876464844,37.18000030517578,37.790000915527344,36.81999969482422,37.70000076293945,47831100,-0.0156206498297741,29.646775261498988,29.493769675770864,PFE,Pfizer,0.6580630540847778,0.20018664002418518,0.1417502909898758
2021-01-13,29.390697479248047,36.86000061035156,37.16999816894531,36.63999938964844,37.0,31027900,-0.008606979053164,29.58275581593625,29.48439947608697,PFE,Pfizer,0.587531328201294,0.3477224111557007,0.06474626064300537
2021-01-14,29.30298614501953,36.75,36.959999084472656,36.61000061035156,36.77999877929688,30272000,-0.0029843229916692,29.512813398207072,29.46790735508084,PFE,Pfizer,0.9993165731430054,0.0003066789940930903,0.00037671966128982604
2021-01-15,29.263118743896484,36.70000076293945,36.77999877929688,36.400001525878906,36.68000030517578,34287800,-0.0013605234949688,29.450389734629425,29.449290208609533,PFE,Pfizer,0.3332139253616333,0.33333611488342285,0.33344995975494385
2021-01-19,29.28704071044922,36.72999954223633,37.0,36.619998931884766,36.7599983215332,33451300,0.0008174783679788,29.409552478584374,29.43454025423132,PFE,Pfizer,0.48182761669158936,0.16696697473526,0.351205438375473
2021-01-20,29.103647232055664,36.5,36.810001373291016,36.459999084472656,36.790000915527344,35400100,-0.006261932716477,29.3330761669522,29.404459070397174,PFE,Pfizer,0.9251328706741333,0.009114770218729973,0.06575237214565277
2021-01-21,29.08769989013672,36.47999954223633,36.59000015258789,36.150001525878906,36.38999938964844,33829700,-0.0005479499456473,29.271732097748327,29.375662781282585,PFE,Pfizer,0.9999861717224121,5.410840003605699e-06,8.473414709442295e-06
2021-01-22,29.14351272583008,36.54999923706055,36.83000183105469,36.25,36.31999969482422,26271200,0.0019187778993925,29.239677254768765,29.354558230786903,PFE,Pfizer,0.9999775886535645,2.8788902000087546e-06,1.955169136635959e-05
2021-01-25,29.7255859375,37.27999877929688,37.290000915527344,36.31999969482422,36.54999923706055,31728500,0.019972651105782,29.361154425451574,29.38828802230628,PFE,Pfizer,0.9996246099472046,1.9573535610106774e-05,0.00035586513695307076
2021-01-26,29.7495174407959,37.310001373291016,37.59999847412109,37.15999984741211,37.27000045776367,27718700,0.0008050809611024,29.45824517928765,29.421127060350784,PFE,Pfizer,0.9990493655204773,0.0003697715001180768,0.0005808267742395401
2021-01-27,28.89633560180664,36.2400016784668,37.040000915527344,36.16999816894531,36.9900016784668,50561200,-0.0286788463270761,29.3177677849174,29.37341874593768,PFE,Pfizer,0.9993270635604858,0.00048161749145947397,0.00019134987087454647
2021-01-28,28.904396057128903,35.86000061035156,36.33000183105469,35.84000015258789,35.95000076293945,39466700,0.0002789438575652,29.214424852970275,29.330780319682336,PFE,Pfizer,0.7881354093551636,0.19701768457889557,0.01484690885990858
2021-01-29,28.936635971069336,35.900001525878906,36.880001068115234,35.619998931884766,36.880001068115234,60251900,0.001115398290167,29.14497763249504,29.29494901526297,PFE,Pfizer,0.14336492121219635,0.814163863658905,0.042471181601285934
2021-02-01,28.85602569580078,35.79999923706055,36.18999862670898,35.720001220703125,35.93000030517578,40395800,-0.0027857514380437,29.07273964832148,29.255046895311864,PFE,Pfizer,0.9372337460517883,0.05881493166089058,0.003951273858547211
2021-02-02,28.20314598083496,34.9900016784668,35.779998779296875,34.27000045776367,35.7599983215332,84062400,-0.0226254204875077,28.85534123144985,29.15941953945033,PFE,Pfizer,0.20163767039775848,0.19931480288505554,0.5990475416183472
2021-02-03,28.08224105834961,34.84000015258789,35.290000915527344,34.779998779296875,34.9900016784668,38524200,-0.0042869303505187,28.66206618817479,29.061494222986624,PFE,Pfizer,0.4156479239463806,0.4993430972099304,0.08500891923904419
2021-02-04,28.122533798217773,34.88999938964844,35.08000183105469,34.70000076293945,34.810001373291016,34284900,0.0014348121214557,28.527183090685536,28.976134184371272,PFE,Pfizer,0.33087262511253357,0.33081144094467163,0.3383159339427948
2021-02-05,28.1467227935791,34.91999816894531,35.08000183105469,34.779998779296875,34.91999816894531,31749600,0.0008601285906486,28.432068016408927,28.90073314884471,PFE,Pfizer,0.00011263504711678252,0.9872404932975769,0.012646954506635666
2021-02-08,28.066112518310547,34.81999969482422,35.0099983215332,34.7400016784668,34.959999084472656,31633900,-0.0028639311176554,28.340579141884334,28.82485854606888,PFE,Pfizer,0.18363001942634583,0.6787875890731812,0.13758233189582825
2021-02-09,28.187026977539062,34.970001220703125,35.060001373291016,34.7599983215332,34.79999923706055,30170200,0.0043082011856694,28.302191100798016,28.766873858020716,PFE,Pfizer,0.9619889855384827,0.0015414142981171608,0.03646961972117424
2021-02-10,28.001636505126957,34.7400016784668,35.08000183105469,34.70000076293945,35.0,29039900,-0.0065771559575913,28.22705245188025,28.697306825939464,PFE,Pfizer,0.9931523203849792,0.005585121922194958,0.001262454898096621
2021-02-11,27.75176429748535,34.43000030517578,34.810001373291016,34.279998779296875,34.79999923706055,30885200,-0.008923485868258,28.108230413281525,28.611348414261816,PFE,Pfizer,0.48799628019332886,0.009907006286084652,0.5020967125892639
2021-02-12,27.98551750183105,34.720001220703125,34.95000076293945,34.36000061035156,34.439998626708984,25578600,0.0084230033752081,28.07755218541891,28.55445469494993,PFE,Pfizer,2.1541285377679742e-07,0.9999995231628418,1.974035939156238e-07
2021-02-16,27.961336135864254,34.689998626708984,34.86000061035156,34.560001373291016,34.849998474121094,28730300,-0.0008640671363399,28.048498173030247,28.50053482594214,PFE,Pfizer,0.46297088265419006,0.40000858902931213,0.13702046871185303
2021-02-17,28.122533798217773,34.88999938964844,35.0,34.459999084472656,34.56999969482422,26389400,0.0057650200108554,28.067007079327126,28.46617109614901,PFE,Pfizer,0.7763838171958923,0.00027015904197469354,0.2233460396528244
2021-02-18,27.85655403137207,34.560001373291016,34.880001068115234,34.52000045776367,34.779998779296875,24052500,-0.0094578877121861,28.01439381733836,28.41075136298748,PFE,Pfizer,0.9911184310913086,0.00034260223037563264,0.008539034053683281
2021-02-19,27.75982666015625,34.439998626708984,34.68000030517578,34.400001525878906,34.65999984741211,28145300,-0.0034723380037202,27.950752028042835,28.35157639000282,PFE,Pfizer,0.6221610307693481,0.21383318305015564,0.16400577127933502
2021-02-22,27.61473846435547,34.2599983215332,34.369998931884766,34.040000915527344,34.33000183105469,34322500,-0.0052265526574424,27.866748637120992,28.28459112403488,PFE,Pfizer,1.6048097961629537e-07,0.9999997615814209,8.44270076072462e-08
2021-02-23,27.332624435424805,33.90999984741211,34.189998626708984,33.68000030517578,34.0,37624200,-0.010216067383539,27.733217586696945,28.1980486977976,PFE,Pfizer,0.9998001456260681,5.822445746161975e-05,0.00014154502423480153
2021-02-24,27.203662872314453,33.75,34.04999923706055,33.66999816894531,33.869998931884766,30686100,-0.0047182283360689,27.60082890810132,28.10764998639004,PFE,Pfizer,0.47876399755477905,0.3941587507724762,0.12707728147506714
2021-02-25,27.26008415222168,33.81999969482422,34.11000061035156,33.540000915527344,33.81999969482422,37506100,0.0020740324629096,27.51564271913141,28.030598546920185,PFE,Pfizer,0.019696973264217377,0.003453845391049981,0.9768491387367249
2021-02-26,26.994096755981445,33.4900016784668,33.900001525878906,33.36000061035156,33.84000015258789,41462800,-0.0097573945390244,27.38525622834392,27.936371111380296,PFE,Pfizer,0.3885313868522644,0.001422660774551332,0.6100459098815918
2021-03-01,27.15529060363769,33.689998626708984,33.93000030517578,33.5099983215332,33.59000015258789,30407800,0.0059714480952408,27.327764822167364,27.865363792494605,PFE,Pfizer,0.5000600814819336,0.4999205470085144,1.934550527948886e-05
2021-03-02,27.010210037231445,33.5099983215332,33.88999938964844,33.5,33.68000030517578,27670400,-0.0053426261763818,27.248376125933383,27.78762254201613,PFE,Pfizer,0.587531328201294,0.3477224111557007,0.06474626064300537
2021-03-03,27.71952438354492,34.38999938964844,34.45000076293945,33.439998626708984,33.5099983215332,46020200,0.0262609711414958,27.366163190336263,27.78143180033693,PFE,Pfizer,2.357752919124323e-06,0.9999973773956299,2.651475483617105e-07
2021-03-04,27.56637954711914,34.20000076293945,35.09000015258789,33.84000015258789,34.2599983215332,45449600,-0.0055248002926302,27.416217279531985,27.761881595498952,PFE,Pfizer,0.4968278110027313,0.0002001493121497333,0.5029720664024353
2021-03-05,27.71952438354492,34.38999938964844,34.54999923706055,33.959999084472656,34.290000915527344,30589900,0.0055554932835488,27.492044055535217,27.758030939866767,PFE,Pfizer,0.02162792906165123,0.9579702615737915,0.020401835441589355
2021-03-08,27.687278747558597,34.349998474121094,34.869998931884766,34.33000183105469,34.47999954223633,24352300,-0.0011632824409306,27.54085272854106,27.751598922384204,PFE,Pfizer,0.9996320605278015,6.392523209797218e-05,0.00030397134833037853
2021-03-09,27.76788711547852,34.45000076293945,34.849998474121094,34.439998626708984,34.540000915527344,25167100,0.0029113864404977,27.597611325275423,27.75307966721096,PFE,Pfizer,0.39741817116737366,0.6025375127792358,4.4374075514497235e-05
2021-03-10,28.1547794342041,34.93000030517578,35.13999938964844,34.52000045776367,34.63999938964844,33501800,0.0139330845417446,27.736903352507596,27.7895978278467,PFE,Pfizer,0.20021581649780273,0.20442290604114532,0.5953612923622131
2021-03-11,27.97745132446289,34.709999084472656,35.119998931884766,34.65999984741211,35.06999969482422,24557900,-0.0062983306317712,27.797040345496416,27.80667541844817,PFE,Pfizer,6.610158015973866e-05,0.0018239000346511602,0.9981099367141724
2021-03-12,28.162841796875,34.939998626708984,34.97999954223633,34.5099983215332,34.560001373291016,16342400,0.0066264246253913,27.888490708341063,27.83905418012333,PFE,Pfizer,0.04806483909487724,0.9518443942070007,9.079198207473382e-05
2021-03-15,28.54168128967285,35.40999984741211,35.43000030517578,34.959999084472656,35.0099983215332,21896100,0.0134517494907027,28.05178835367401,27.90292937190056,PFE,Pfizer,0.8068075180053711,0.008959346450865269,0.1842331439256668
2021-03-16,28.88021469116211,35.83000183105469,35.86000061035156,35.310001373291016,35.470001220703125,25022400,0.011861018208894,28.258894938046037,27.991773491833428,PFE,Pfizer,0.00018605426885187626,0.9998127818107605,1.134349190579087e-06
2021-03-17,28.84796714782715,35.790000915527344,35.959999084472656,35.119998931884766,35.83000183105469,42540100,-0.0011165963854427,28.40616299049131,28.069609278741947,PFE,Pfizer,6.214973836904392e-05,0.9999374747276306,4.035710787775315e-07
2021-03-18,28.831850051879883,35.77000045776367,35.970001220703125,35.52000045776367,35.529998779296875,24729800,-0.0005586908729019,28.512584755838454,28.13890389448176,PFE,Pfizer,0.5000476241111755,0.4999358057975769,1.658947076066397e-05
2021-03-19,28.638402938842773,35.529998779296875,35.81999969482422,35.470001220703125,35.75,48348900,-0.0067094935874396,28.54403930158953,28.184312898514577,PFE,Pfizer,0.0016304776072502136,0.0010582590475678444,0.9973112344741821
2021-03-22,29.01723861694336,36.0,36.0099983215332,35.36000061035156,35.47999954223633,25427500,0.0132282403774257,28.66233913042799,28.260033418371737,PFE,Pfizer,0.99899822473526,2.728791514527984e-06,0.0009990811813622713
2021-03-23,28.50137710571289,35.36000061035156,35.93000030517578,35.31999969482422,35.81999969482422,27970500,-0.0177777602493592,28.62209862424921,28.28197375358457,PFE,Pfizer,0.9974784255027771,0.0002403589169261977,0.0022812101524323225
2021-03-24,28.702884674072266,35.61000061035156,35.93000030517578,35.369998931884766,35.47999954223633,22883400,0.0070700993714083,28.642295136704977,28.32023838271981,PFE,Pfizer,0.575830340385437,0.33803582191467285,0.08613389730453491
2021-03-25,28.75124740600586,35.66999816894531,35.790000915527344,35.25,35.650001525878906,24875300,0.0016849432551035,28.6695332040302,28.35942102120036,PFE,Pfizer,0.8055221438407898,0.03538215905427933,0.1590956598520279
2021-03-26,29.21874237060547,36.25,36.290000915527344,35.63999938964844,35.68000030517578,27944500,0.0162599889318872,28.80683549567401,28.437541143873556,PFE,Pfizer,0.9633935689926147,0.03345043957233429,0.0031559548806399107
2021-03-29,29.51697540283203,36.619998931884766,36.7400016784668,35.900001525878906,36.02999877929688,27004800,0.0102069085809315,28.98437047246352,28.535671531051594,PFE,Pfizer,0.6243839263916016,0.311713844537735,0.06390217691659927
2021-03-30,29.105905532836918,36.11000061035156,36.630001068115234,36.02000045776367,36.59000015258789,26303300,-0.0139265580021344,29.014754237556865,28.587510985759348,PFE,Pfizer,0.13334986567497253,0.36610451340675354,0.5005455613136292
2021-03-31,29.20262336730957,36.22999954223633,36.43000030517578,36.040000915527344,36.150001525878906,26582700,0.0033229625638528,29.06172151999504,28.643430293173004,PFE,Pfizer,0.3028568625450134,0.6777045130729675,0.0194386076182127
2021-04-01,29.2590446472168,36.29999923706055,36.45000076293945,36.02000045776367,36.29999923706055,21319900,0.0019320620342071,29.11105230180048,28.69939523444971,PFE,Pfizer,0.980701744556427,0.01897534355521202,0.0003229595604352653
2021-04-05,29.2429256439209,36.27999877929688,36.56999969482422,36.09999847412109,36.43999862670898,22096900,-0.0005509066851037,29.144020637330584,28.748807089856182,PFE,Pfizer,0.9998636245727539,2.0034540284541436e-06,0.0001342831674264744
2021-04-06,29.057544708251957,36.04999923706055,36.400001525878906,36.0,36.2599983215332,20722900,-0.0063393429893524,29.122401655060926,28.77687414607398,PFE,Pfizer,0.796637237071991,0.20001240074634552,0.003350334707647562
2021-04-07,28.944692611694336,35.90999984741211,36.2400016784668,35.7599983215332,36.02999877929688,21933800,-0.0038837450889499,29.07797439421928,28.792130370221283,PFE,Pfizer,0.49725332856178284,0.00039856284274719656,0.5023481249809265
2021-04-08,28.98499298095703,35.959999084472656,36.150001525878906,35.869998931884766,35.959999084472656,18129400,0.0013923232767865,29.05472904090372,28.809663334833623,PFE,Pfizer,0.8461397290229797,8.087098103715107e-05,0.15377941727638245
2021-04-09,29.50085830688477,36.59999847412109,36.810001373291016,35.900001525878906,35.900001525878906,31686700,0.0177976695135533,29.16626135739898,28.872499241383725,PFE,Pfizer,0.9977617263793945,9.393812069902197e-05,0.0021443695295602083
2021-04-12,29.799091339111328,36.970001220703125,37.02999877929688,36.33000183105469,36.47999954223633,29944900,0.0101093001811733,29.324468852827067,28.956734886631686,PFE,Pfizer,0.26845449209213257,0.0004533814499154687,0.731092095375061
2021-04-13,29.95223617553711,37.15999984741211,37.650001525878906,36.88999938964844,37.40999984741211,33967400,0.0051392451764049,29.481410683504578,29.047235003804907,PFE,Pfizer,0.0013558116042986512,0.9986242055892944,1.9949789930251427e-05
2021-04-14,29.960298538208008,37.16999816894531,37.380001068115234,36.959999084472656,37.16999816894531,23842900,0.0002691739816569,29.601132647180435,29.130240779659736,PFE,Pfizer,3.765688649792764e-09,1.0,8.80146622250777e-09
2021-04-15,30.306888580322266,37.59999847412109,37.7400016784668,37.2599983215332,37.2599983215332,24945800,0.0115683106986486,29.777571630465893,29.23720876153815,PFE,Pfizer,0.8936001062393188,0.10618200153112411,0.0002178067370550707
2021-04-16,31.08874893188477,38.56999969482422,38.70000076293945,37.810001373291016,37.869998931884766,52829500,0.0257981069053108,30.10536595582061,29.405530595206024,PFE,Pfizer,0.28009530901908875,0.7182829976081848,0.0016216557705774903
2021-04-19,31.3789176940918,38.93000030517578,38.959999084472656,38.33000183105469,38.59999847412109,30905100,0.0093335618889904,30.423753890388404,29.58492942237746,PFE,Pfizer,0.6680999398231506,0.000964305188972503,0.33093562722206116
2021-04-20,31.45952606201172,39.02999877929688,39.2400016784668,38.75,38.75,26459400,0.0025688702429369,30.68269693329423,29.755347298707846,PFE,Pfizer,0.9999818801879883,6.9974976213416085e-06,1.1109138540632557e-05
2021-04-21,31.86253547668457,39.52999877929688,39.66999816894531,39.130001068115234,39.13999938964844,29365000,0.0128104095998922,30.97765656914181,29.94690986034209,PFE,Pfizer,0.9325613379478455,0.0664319321513176,0.0010067226830869913
2021-04-22,31.145170211791992,38.63999938964844,39.5,38.52000045776367,39.47999954223633,33373600,-0.0225143810484733,31.01953497980436,30.05584261956481,PFE,Pfizer,0.9998365640640259,0.00015352739137597382,9.89842192211654e-06
2021-04-23,31.16129302978516,38.65999984741211,38.83000183105469,38.43000030517578,38.630001068115234,24375000,0.0005176667163326,31.05497449229956,30.15633811140302,PFE,Pfizer,0.9998648166656494,0.00010380617459304631,3.133040445391089e-05
2021-04-26,31.177404403686523,38.68000030517578,38.7400016784668,38.4900016784668,38.72999954223633,19773400,0.0005170316227238,31.0855819701463,30.24916231979243,PFE,Pfizer,0.9971678853034973,0.0016180563252419233,0.0012140896869823337
2021-04-27,30.99202537536621,38.45000076293945,38.61000061035156,38.34999847412109,38.5099983215332,19061500,-0.0059459416800711,31.06219282145128,30.31669532484459,PFE,Pfizer,0.9999456405639648,2.720838710956741e-05,2.7150339519721456e-05
2021-04-28,31.282190322875977,38.810001373291016,38.93999862670898,38.52000045776367,38.540000915527344,21963300,0.0093625680798647,31.11719219680745,30.404467597392895,PFE,Pfizer,0.9490188360214233,0.022284649312496185,0.028696522116661072
2021-04-29,31.11292266845703,38.59999847412109,39.0,38.310001373291016,38.9900016784668,23569400,-0.0054109911317546,31.116124814719846,30.468872603853274,PFE,Pfizer,0.9998081922531128,0.00010743514576461166,8.443083061138168e-05
2021-04-30,31.15322494506836,38.650001525878906,38.900001525878906,38.4900016784668,38.5,28413200,0.0012953548929104,31.125399847306973,30.531086453054645,PFE,Pfizer,0.00012814116780646145,0.9998717308044434,1.1529393617593087e-07
2021-05-03,32.104347229003906,39.83000183105469,39.84000015258789,38.959999084472656,39.040000915527344,46638600,0.0305304598677227,31.370136692731208,30.67411015995912,PFE,Pfizer,0.6686056852340698,0.03587396442890167,0.2955203652381897
2021-05-04,32.201080322265625,39.95000076293945,40.16999816894531,39.43000030517578,40.0,52802200,0.0030130839469093,31.57787260011481,30.812925629259716,PFE,Pfizer,8.161681535057141e-07,0.9999991655349731,1.932500381940372e-08
2021-05-05,32.21718978881836,39.970001220703125,41.09000015258789,38.93000030517578,40.18000030517578,76627500,0.0005002772078299,31.737701897290695,30.940586007401407,PFE,Pfizer,0.16650395095348358,0.8333541750907898,0.00014185222971718758
2021-05-06,31.89974594116211,39.18999862670898,39.22999954223633,37.959999084472656,38.47999954223633,54944900,-0.0098532444864705,31.778212908258556,31.027782365016016,PFE,Pfizer,0.19380632042884827,0.2564809322357178,0.5497127771377563
2021-05-07,32.21718978881836,39.58000183105469,39.869998931884766,39.04999923706055,39.04999923706055,33807800,0.0099512970492543,31.887957128398504,31.13591031263441,PFE,Pfizer,0.4983111619949341,0.5002230405807495,0.0014658411964774132
2021-05-10,32.445106506347656,39.86000061035156,40.27999877929688,39.77999877929688,39.83000183105469,30831900,0.0070743823102907,32.02724447288579,31.25492814842652,PFE,Pfizer,0.635975182056427,0.3560246527194977,0.008000208996236324
2021-05-11,32.02998733520508,39.34999847412109,40.06999969482422,39.22999954223633,39.68000030517578,30568600,-0.0127945078886199,32.02793018846561,31.325388074497297,PFE,Pfizer,0.8393974900245667,0.005701982881873846,0.15490049123764038
2021-05-12,32.306739807128906,39.68999862670898,39.91999816894531,39.310001373291016,39.43999862670898,26208600,0.0086404177756149,32.09763259313144,31.4146018683729,PFE,Pfizer,0.8148266673088074,0.000754435604903847,0.18441888689994812
2021-05-13,32.64045715332031,40.09999847412109,40.27999877929688,39.5,39.5,25415000,0.0103296509701598,32.233338733178655,31.52604325791357,PFE,Pfizer,0.989768385887146,0.009695309214293957,0.0005362943629734218
2021-05-14,32.575347900390625,40.02000045776367,40.31999969482422,39.91999816894531,40.2400016784668,18041100,-0.0019947408402968,32.31884102498165,31.621434589047848,PFE,Pfizer,0.007229205686599016,0.9855949878692627,0.007175898645073175
2021-05-17,32.64860916137695,40.11000061035156,40.400001525878906,40.0099983215332,40.06999969482422,18095000,0.0022489786205921,32.40128305908048,31.714814095623225,PFE,Pfizer,0.999930739402771,5.3047311666887254e-05,1.624123251531273e-05
2021-05-18,32.59975814819336,40.04999923706055,40.34999847412109,39.83000183105469,40.18000030517578,15805500,-0.0014962662863257,32.4509018313587,31.79526355494778,PFE,Pfizer,0.799346387386322,0.200107604265213,0.00054600287694484
2021-05-19,32.42068862915039,39.83000183105469,39.900001525878906,39.43000030517578,39.900001525878906,20209500,-0.0054929707830636,32.443348530806624,31.852120379875288,PFE,Pfizer,0.9999979734420776,8.235561494984722e-07,1.2421032806742005e-06
2021-05-20,32.65673065185547,40.119998931884766,40.25,39.720001220703125,39.72999954223633,18621100,0.0072805986758974,32.49669406106884,31.925266768237123,PFE,Pfizer,0.9523026943206787,0.014127399772405624,0.033569928258657455
2021-05-21,32.518367767333984,39.95000076293945,40.59999847412109,39.90999984741211,40.209999084472656,21144800,-0.0042368872131302,32.502112487635124,31.97918504088229,PFE,Pfizer,0.9999873638153076,1.193951675304561e-06,1.1443930816312786e-05
2021-05-24,32.4044189453125,39.810001373291016,40.13999938964844,39.77999877929688,40.08000183105469,16922300,-0.0035041371952239,32.47768910205447,32.01784266855776,PFE,Pfizer,0.9682216644287109,0.003708925098180771,0.02806938625872135
2021-05-25,32.013702392578125,39.33000183105469,39.86000061035156,39.2400016784668,39.81999969482422,25916300,-0.012057508372354,32.36169242468539,32.01746627983234,PFE,Pfizer,0.5999520421028137,0.19981643557548523,0.20023147761821747
2021-05-26,31.67996406555176,38.91999816894531,39.29999923706055,38.77999877929688,39.290000915527344,28036500,-0.0104248587974548,32.19126033490198,31.986784260352287,PFE,Pfizer,2.5890636607073247e-05,1.6856414504218264e-06,0.9999724626541138
2021-05-27,31.460189819335938,38.650001525878906,39.18000030517578,38.59999847412109,38.970001220703125,38471200,-0.0069373262469952,32.00849270601047,31.938912038441707,PFE,Pfizer,0.9266835451126099,0.07320496439933777,0.00011150726641062647
2021-05-28,31.52531242370605,38.72999954223633,39.02000045776367,38.68000030517578,38.75,16154100,0.0020700003637641,31.887697635434368,31.90131207346574,PFE,Pfizer,0.9999877214431763,9.445226964999165e-07,1.1295625881757587e-05
2021-06-01,31.33810234069824,38.5,39.0,38.47999954223633,38.93999862670898,23642400,-0.0059384053198798,31.750298811750337,31.85011118866869,PFE,Pfizer,0.9999890327453613,2.3338286325724766e-07,1.067670473275939e-05
2021-06-02,31.574148178100582,38.790000915527344,38.93000030517578,38.540000915527344,38.63999938964844,19629000,0.0075322313660262,31.7062611533379,31.82502364225341,PFE,Pfizer,0.7818523645401001,0.20197126269340515,0.016176413744688034
2021-06-03,31.72067642211914,38.970001220703125,39.040000915527344,38.630001068115234,38.7599983215332,17376300,0.0046407663380823,31.70986497053321,31.81553753133211,PFE,Pfizer,0.8790170550346375,0.11658476293087006,0.0043982090428471565
2021-06-04,31.867185592651367,39.150001525878906,39.5,39.02000045776367,39.04999923706055,19375300,0.0046187278159699,31.74919512606275,31.82023280963386,PFE,Pfizer,0.8183051347732544,0.17189794778823853,0.00979698821902275
2021-06-07,31.736948013305664,38.9900016784668,39.59999847412109,38.970001220703125,39.08000183105469,24110700,-0.0040868867747058,31.74613334787348,31.812661464513116,PFE,Pfizer,0.9907881021499634,0.0003015373076777905,0.00891033373773098
2021-06-08,31.62299156188965,38.84999847412109,39.11000061035156,38.47999954223633,39.06999969482422,18880300,-0.0035906556411233,31.715347901377523,31.7954187460928,PFE,Pfizer,0.9993597269058228,0.0005330791464075446,0.00010719454439822584
2021-06-09,32.4044189453125,39.810001373291016,39.84000015258789,38.97999954223633,39.0,29824000,0.0247107356017697,31.887615662361267,31.85078240056732,PFE,Pfizer,0.9984810948371887,0.00010242826101602986,0.0014164315070956945
2021-06-10,33.11256790161133,40.68000030517578,40.720001220703125,39.88999938964844,39.900001525878906,42613700,0.0218534687350493,32.193853722173785,31.9654901733895,PFE,Pfizer,0.999315083026886,0.00014621690206695348,0.0005386447301134467
2021-06-11,32.68117141723633,40.150001525878906,40.66999816894531,39.95000076293945,40.65999984741211,21386900,-0.0130281796826154,32.31568314593942,32.0305521046483,PFE,Pfizer,0.8525618314743042,0.05007432773709297,0.09736372530460358
2021-06-14,32.257896423339844,39.630001068115234,40.06999969482422,39.380001068115234,40.02999877929688,23408300,-0.0129516469435133,32.30123646528952,32.051219769983895,PFE,Pfizer,0.20158323645591736,0.0002627996145747602,0.7981539964675903
2021-06-15,32.225337982177734,39.59000015258789,39.84000015258789,39.38999938964844,39.709999084472656,20206900,-0.0010093169354512,32.282261844511574,32.06704869836515,PFE,Pfizer,0.26876991987228394,0.25235050916671753,0.47887957096099854
2021-06-16,31.98928642272949,39.29999923706055,39.84000015258789,39.27999877929688,39.619998931884766,19177500,-0.0073250297507753,32.209017989066055,32.05997940058008,PFE,Pfizer,0.991585373878479,0.00032348179956898093,0.008091140538454056
2021-06-17,32.13580322265625,39.47999954223633,39.59000015258789,39.06999969482422,39.27000045776367,19580100,0.0045801834398735,32.1907142974636,32.066872475314284,PFE,Pfizer,0.9995387196540833,0.00021907812333665788,0.0002421238023089245
2021-06-18,31.590436935424805,38.810001373291016,39.43999862670898,38.70000076293945,39.29999923706055,37775900,-0.016970675462904,32.0406449569539,32.023560153506146,PFE,Pfizer,0.9997195601463318,4.6586760618083645e-06,0.00027572750695981085
2021-06-21,32.08695983886719,39.41999816894531,39.47999954223633,38.880001068115234,38.880001068115234,19488100,0.0157175066763826,32.052223677432224,32.02932376126624,PFE,Pfizer,0.8010162115097046,0.0018404365982860327,0.1971433460712433
2021-06-22,32.24160385131836,39.61000061035156,39.68999862670898,39.2599983215332,39.40999984741211,15975900,0.0048195283450895,32.09956872090376,32.04862195127098,PFE,Pfizer,0.4062723219394684,0.0018898466369137168,0.5918377637863159
2021-06-23,31.785783767700195,39.04999923706055,39.65999984741211,38.97999954223633,39.630001068115234,22025400,-0.0141376367540576,32.02112248260287,32.02472757094636,PFE,Pfizer,0.5647076368331909,0.14476381242275238,0.2905285954475403
2021-06-24,31.89974594116211,39.18999862670898,39.34999847412109,39.08000183105469,39.13999938964844,13436500,0.0035853189682149,31.99077834724268,32.013365604602335,PFE,Pfizer,0.9973248243331909,0.0011177179403603077,0.001557476818561554
2021-06-25,31.728805541992188,38.97999954223633,39.40999984741211,38.88999938964844,39.119998931884766,22774300,-0.0053586758805294,31.925285145930054,31.987496508001414,PFE,Pfizer,0.4000091552734375,0.5999864339828491,4.455187990970444e-06
2021-06-28,31.84276008605957,39.119998931884766,39.209999084472656,38.900001525878906,39.0099983215332,19225700,0.0035915169865619,31.904653880962435,31.974338651461245,PFE,Pfizer,0.6064134836196899,0.39354801177978516,3.8502508687088266e-05
2021-06-29,31.826492309570312,39.09999847412109,39.27999877929688,38.97999954223633,39.130001068115234,14516600,-0.0005108783423701,31.885113488114406,31.960898074925705,PFE,Pfizer,0.399996280670166,0.40000373125076294,0.20000004768371582
2021-06-30,31.875324249267575,39.15999984741211,39.27000045776367,38.81999969482422,39.13999938964844,21248100,0.0015343173612185,31.8826661784027,31.95311863622951,PFE,Pfizer,0.9999930262565613,6.901032634232251e-07,6.305575425358256e-06
2021-07-01,32.20092010498047,39.560001373291016,39.630001068115234,39.11000061035156,39.16999816894531,20035900,0.0102146680349572,31.962229660047143,31.9756460424796,PFE,Pfizer,5.3591626056004316e-05,0.9999438524246216,2.526706339267548e-06
2021-07-02,32.33928680419922,39.72999954223633,39.83000183105469,39.380001068115234,39.459999084472656,16592700,0.0042969796753524,32.05649394608516,32.008704293545016,PFE,Pfizer,0.7993365526199341,0.0012096621794626117,0.19945372641086578
2021-07-06,31.981143951416016,39.290000915527344,39.650001525878906,39.040000915527344,39.47999954223633,18931900,-0.0110745439425306,32.03765644741787,32.00619880789692,PFE,Pfizer,0.06476281583309174,0.0003429519711062312,0.9348942041397095
2021-07-07,32.02998733520508,39.34999847412109,39.36000061035156,38.970001220703125,39.220001220703125,17665200,0.0015272556811369,32.035739169364675,32.008361401288575,PFE,Pfizer,0.0019660929683595896,0.031125204637646675,0.9669086933135986
2021-07-08,31.948585510253903,39.25,39.31999969482422,38.93000030517578,39.0,23021200,-0.0025414254491977,32.013950754586986,32.00292722937633,PFE,Pfizer,0.9997747540473938,2.3163696823758073e-05,0.0002021286345552653
2021-07-09,32.24160385131836,39.61000061035156,40.09999847412109,39.459999084472656,39.52999877929688,21578700,0.0091715591280374,32.07086402876983,32.024625104098334,PFE,Pfizer,0.9733020067214966,0.018710259348154068,0.007987769320607185
2021-07-12,32.36371612548828,39.7599983215332,40.25,39.59999847412109,39.65999984741211,24513000,0.0037874131427531,32.14407705294944,32.05545156058833,PFE,Pfizer,0.9996091723442078,8.900255124899559e-06,0.0003818621626123786
2021-07-13,32.27417755126953,39.650001525878906,39.79999923706055,39.52999877929688,39.77000045776367,12222000,-0.0027666345197062,32.17660217752946,32.07533574155935,PFE,Pfizer,0.9997754693031311,4.3406540498835966e-05,0.00018118723528459668
2021-07-14,32.518367767333984,39.95000076293945,40.02999877929688,39.65999984741211,39.720001220703125,15888600,0.0075661173914205,32.262043574980595,32.11561138026614,PFE,Pfizer,0.9991790056228638,2.6986895136360545e-06,0.0008183366735465825
2021-07-15,32.63232421875,40.09000015258789,40.18999862670898,39.86000061035156,39.95000076293945,20250800,0.0035043718132277,32.354613735922946,32.16258527467376,PFE,Pfizer,0.9997313618659973,0.00024796780780889094,2.064162072201725e-05
2021-07-16,32.843955993652344,40.34999847412109,40.34999847412109,39.93000030517578,40.13999938964844,24270400,0.0064853417575676,32.476949300355294,32.22452806730818,PFE,Pfizer,0.9998518228530884,9.65705476119183e-05,5.162423985893838e-05
2021-07-19,32.68117141723633,40.150001525878906,40.34999847412109,39.68000030517578,40.06999969482422,29818400,-0.0049563023543045,32.52800482957555,32.266041099119825,PFE,Pfizer,4.2292053876735736e-06,3.7534309740294702e-06,0.9999920129776001
2021-07-20,33.41374206542969,41.04999923706055,41.709999084472656,40.20000076293945,40.25,48804100,0.0224156790110343,32.74943913853909,32.37037755060254,PFE,Pfizer,0.999559760093689,0.00016521403449587524,0.00027506944024935365
2021-07-21,33.38932037353516,41.02000045776367,41.2400016784668,40.52000045776367,41.2400016784668,27530200,-0.0007308876643241,32.909409447288105,32.463008716323685,PFE,Pfizer,0.0,1.0,0.0
2021-07-22,33.755615234375,41.470001220703125,41.54999923706055,40.900001525878906,41.119998931884766,18913300,0.0109704197851889,33.12096089405983,32.580518399782896,PFE,Pfizer,0.00112339504994452,0.9988720417022705,4.52833319286583e-06
2021-07-23,33.92654800415039,41.68000030517578,41.83000183105469,41.41999816894531,41.459999084472656,21609200,0.0050638321532152,33.322357671582466,32.70288472745267,PFE,Pfizer,0.9771002531051636,0.02283472940325737,6.49821013212204e-05
2021-07-26,34.03236389160156,41.810001373291016,41.93999862670898,41.38999938964844,41.619998931884766,23720000,0.003118970059619,33.49985922658724,32.82374646964802,PFE,Pfizer,0.5058298707008362,0.49406155943870544,0.00010848532838281244
2021-07-27,34.26841354370117,42.09999847412109,42.20000076293945,41.58000183105469,41.81999969482422,32544100,0.0069360345596758,33.691997805865725,32.95507984001649,PFE,Pfizer,0.2783472537994385,0.7214906811714172,0.00016202076221816242
2021-07-28,35.36728286743164,43.45000076293945,43.7400016784668,42.25,42.34999847412109,53822400,0.0320665362091865,34.110819071257204,33.17437102432696,PFE,Pfizer,0.00013198591477703303,0.9998582601547241,9.738788321556058e-06
2021-07-29,35.14552307128906,42.790000915527344,43.29999923706055,42.619998931884766,43.22999954223633,29015000,-0.0062701960162958,34.36949507126517,33.35356666495988,PFE,Pfizer,0.0074612959288060665,0.9925050139427185,3.377470056875609e-05
2021-07-30,35.161949157714844,42.810001373291016,43.18999862670898,42.68999862670898,42.880001068115234,24763300,0.0004673735084967,34.56760859287759,33.51796507339215,PFE,Pfizer,0.010539405047893524,0.9894170165061951,4.3556436139624566e-05
2021-08-02,36.10649871826172,43.959999084472656,44.13999938964844,43.25,43.29999923706055,43066900,0.0268628327829667,34.95233112422362,33.753286313834835,PFE,Pfizer,0.0008953731157816947,0.9991042613983154,3.6617140608541376e-07
2021-08-03,37.51922225952149,45.68000030517578,45.86000061035156,44.06999969482422,44.16999816894531,45643300,0.0391265725398415,35.59405390804808,34.09564412707908,PFE,Pfizer,0.7563412189483643,0.04337283596396446,0.20028595626354218
2021-08-04,37.11676025390625,45.18999862670898,45.79999923706055,45.0099983215332,45.34999847412109,43391200,-0.0107268216497504,35.97473049451263,34.37029104769973,PFE,Pfizer,0.2775588035583496,0.6890375018119812,0.03340371698141098
2021-08-05,37.00998306274414,45.060001373291016,45.13999938964844,44.70000076293945,45.0,23505400,-0.0028767917897918,36.2335436365705,34.6102630490674,PFE,Pfizer,0.0001551617169752717,0.9964616894721985,0.003383205272257328
2021-08-06,37.01819610595703,45.06999969482422,45.310001373291016,44.630001068115234,45.09000015258789,20413000,0.0002219142656447,36.42970675391713,34.82916605423918,PFE,Pfizer,0.8000146746635437,0.1999588906764984,2.6419826099299826e-05
2021-08-09,37.765625,45.97999954223633,46.02999877929688,45.11000061035156,45.11000061035156,32374300,0.0201908513289952,36.76368631543785,35.09611686749016,PFE,Pfizer,0.4982629120349884,0.5012838840484619,0.0004532099119387567
2021-08-10,39.5807991027832,48.18999862670898,48.56999969482422,45.88999938964844,46.20000076293945,81189400,0.0480641880753516,37.46796451227419,35.5038152525168,PFE,Pfizer,0.045833881944417953,0.9536888599395752,0.00047727616038173437
2021-08-11,38.03666687011719,46.310001373291016,48.08000183105469,46.2599983215332,47.77999877929688,50878200,-0.0390121540663245,37.61014010173494,35.734074490480474,PFE,Pfizer,0.1654076874256134,0.8332611322402954,0.0013312643859535456
2021-08-12,38.80053329467773,47.2400016784668,47.400001525878906,46.34000015258789,46.5,29676400,0.020082370181617,37.90773839997064,36.012843472680224,PFE,Pfizer,0.07361786812543869,0.32874614000320435,0.5976359844207764
2021-08-13,39.81900024414063,48.47999954223633,48.5,47.31999969482422,47.40999984741211,35379200,0.02624878740011,38.385553861013136,36.35885772463117,PFE,Pfizer,0.3487215042114258,0.49283304810523987,0.15844550728797913
2021-08-16,40.172176361083984,48.90999984741211,48.970001220703125,47.5099983215332,48.22999954223633,38045800,0.0088695375267571,38.83220948603085,36.7055230552178,PFE,Pfizer,0.05598849803209305,0.943947434425354,6.400584970833734e-05
2021-08-17,41.41241455078125,50.41999816894531,50.4900016784668,48.709999084472656,48.77999877929688,68817000,0.0308730644451398,39.47726075221845,37.1334222820872,PFE,Pfizer,0.8685120940208435,0.05227288603782654,0.07921504974365234
2021-08-18,40.50071716308594,49.310001373291016,51.86000061035156,49.16999816894531,50.22999954223633,88598000,-0.0220150744066699,39.73312485493532,37.439539998541626,PFE,Pfizer,0.5695284008979797,0.11500462144613266,0.315466970205307
2021-08-19,40.08183288574219,48.79999923706055,49.959999084472656,48.2599983215332,48.5,57741600,-0.0103426385181529,39.82030186263704,37.67974844283259,PFE,Pfizer,1.9878040546927878e-08,1.0,6.478749980942666e-09
2021-08-20,40.01612091064453,48.720001220703125,49.72999954223633,48.65999984741211,48.97999954223633,35157500,-0.0016394453638129,39.86925662463891,37.892145939906406,PFE,Pfizer,0.6624704003334045,0.3375103771686554,1.922059709613677e-05
2021-08-23,41.009952545166016,49.93000030517578,51.36000061035156,49.59999847412109,50.290000915527344,88652400,0.0248357814776873,40.15443060477068,38.175582904020914,PFE,Pfizer,0.20001816749572754,0.7999792098999023,2.6221077860100195e-06
2021-08-24,39.73686218261719,48.380001068115234,50.04999923706055,48.2400016784668,49.7400016784668,52624100,-0.0310434488103032,40.05003849923231,38.3175173838933,PFE,Pfizer,0.6666226387023926,0.3333340585231781,4.3376330722821876e-05
2021-08-25,39.02228546142578,47.5099983215332,48.27999877929688,46.93000030517578,48.040000915527344,51036800,-0.0179827163480461,39.79310023978068,38.38158720912352,PFE,Pfizer,0.6524336934089661,0.0031610706355422735,0.34440526366233826
2021-08-26,38.91551208496094,47.380001068115234,48.15999984741211,47.29999923706055,47.70000076293945,29029300,-0.0027362153498259,39.57370320107575,38.43012583419965,PFE,Pfizer,0.013854903168976307,0.9816011190414429,0.004543941002339125
2021-08-27,38.27486801147461,46.59999847412109,47.5,46.52999877929688,47.369998931884766,32924500,-0.0164624346221543,39.24899440367546,38.41601148667919,PFE,Pfizer,0.8961678147315979,0.006967082619667053,0.09686502069234848
2021-08-30,38.40627670288086,46.7599983215332,47.15999984741211,46.15999984741211,46.20000076293945,25774400,0.0034332892112614,39.03831497847681,38.41512650633389,PFE,Pfizer,0.054817598313093185,0.02726389840245247,0.9179185628890991
2021-08-31,37.83954620361328,46.06999969482422,47.13999938964844,45.93000030517578,46.720001220703125,34547800,-0.0147561947660775,38.73862278476093,38.36280102426837,PFE,Pfizer,0.9978600740432739,0.0021006660535931587,3.930075035896152e-05
2021-09-01,37.81490707397461,46.040000915527344,46.2599983215332,45.41999816894531,46.18999862670898,32900100,-0.0006511475984962,38.507693857064346,38.31299248333257,PFE,Pfizer,0.4982158839702606,0.0012591383419930935,0.5005249381065369
2021-09-02,38.47198486328125,46.84000015258789,46.869998931884766,46.130001068115234,46.47999954223633,26106300,0.0173761577152957,38.498766608618574,38.327446336055175,PFE,Pfizer,0.6326823830604553,0.3670595586299896,0.00025807699421420693
2021-09-03,38.47198486328125,46.84000015258789,47.02999877929688,46.34000015258789,46.900001525878906,20817200,0.0,38.49207117228424,38.34058620216664,PFE,Pfizer,0.00018942187307402492,0.996756374835968,0.0030541899614036083
2021-09-07,38.39806365966797,46.75,47.5,46.540000915527344,46.9900016784668,26236900,-0.0019214294213302,38.46856929413018,38.34581142557584,PFE,Pfizer,0.9999071359634399,8.893560880096629e-05,3.968744294979842e-06
2021-09-08,38.2009391784668,46.5099983215332,46.790000915527344,46.25,46.5099983215332,15839600,-0.00513370890127,38.40166176521433,38.3326412212932,PFE,Pfizer,0.7759658098220825,0.035078421235084534,0.1889556646347046
2021-09-09,37.80669403076172,46.02999877929688,46.720001220703125,45.84999847412109,46.470001220703125,21695300,-0.0103202998717714,38.252919831601176,38.28482784033579,PFE,Pfizer,0.00013110179861541837,0.9998061060905457,6.284433038672432e-05
2021-09-10,37.4453010559082,45.59000015258789,46.34999847412109,45.5099983215332,46.27000045776367,20801500,-0.0095589679055106,38.051015137677936,38.20850722356964,PFE,Pfizer,0.9681467413902283,0.028798086568713188,0.003055220004171133
2021-09-13,36.61573791503906,44.58000183105469,45.83000183105469,44.20000076293945,45.7400016784668,37086200,-0.0221539984317538,37.69219583201821,38.06371001370322,PFE,Pfizer,0.596966564655304,0.3068651556968689,0.09616827219724655
2021-09-14,36.72251129150391,44.709999084472656,45.2599983215332,44.54999923706055,44.66999816894531,24100200,0.0029160514725279,37.449774696889634,37.94178285713964,PFE,Pfizer,0.9999946355819702,1.8104072978530894e-06,3.5598054637375753e-06
2021-09-15,36.771785736083984,44.77000045776367,45.369998931884766,44.470001220703125,44.560001373291016,28674600,0.0013418048724647,37.28027745668823,37.83541948249822,PFE,Pfizer,0.4450983703136444,0.5000200271606445,0.05488166958093643
2021-09-16,36.52538299560547,44.470001220703125,44.9900016784668,44.02999877929688,44.880001068115234,22424200,-0.006700864142062,37.091553841417536,37.71632525641706,PFE,Pfizer,0.36579447984695435,0.43616124987602234,0.1980442851781845
2021-09-17,36.04900741577149,43.88999938964844,44.459999084472656,43.310001373291016,44.16999816894531,56370500,-0.0130423158024461,36.83091723500603,37.56475090726746,PFE,Pfizer,0.016461802646517754,0.9835235476493835,1.4657009160146117e-05
2021-09-20,36.30362701416016,44.20000076293945,44.650001525878906,43.38999938964844,43.38999938964844,41873000,0.0070631514330481,36.69909467979456,37.45010328062134,PFE,Pfizer,0.0002354402095079422,0.0006973188137635589,0.9990671873092651
2021-09-21,36.07364273071289,43.91999816894531,44.72999954223633,43.84999847412109,44.25,23645600,-0.006335022210248,36.54273169252414,37.32497050335694,PFE,Pfizer,0.0467449314892292,0.9532425999641418,1.2553675333037972e-05
2021-09-22,36.09828186035156,43.95000076293945,44.38999938964844,43.83000183105469,43.9900016784668,22616700,0.0006830230543279,36.431619234481,37.21345335399281,PFE,Pfizer,0.5778519511222839,0.422070175409317,7.780978921800852e-05
2021-09-23,36.29540252685547,44.18999862670898,44.720001220703125,44.150001525878906,44.27999877929688,19719200,0.0054606661687246,36.39756505757462,37.129994187889416,PFE,Pfizer,0.36930298805236816,0.4512373208999634,0.17945967614650726
2021-09-24,36.09007263183594,43.93999862670898,44.40999984741211,43.810001373291016,44.06999969482422,16150700,-0.0056571874321439,36.32069195113995,37.03545586461183,PFE,Pfizer,0.9905232787132263,0.009141198359429836,0.00033553678076714277
2021-09-27,35.78617477416992,43.56999969482422,44.130001068115234,43.5099983215332,43.91999816894531,19955900,-0.008420538821469,36.18706265689744,36.92188485638984,PFE,Pfizer,0.5008692145347595,0.16900008916854858,0.3301307260990143
2021-09-28,35.35086441040039,43.040000915527344,43.27999877929688,42.43000030517578,43.06999969482422,28512200,-0.0121642049343517,35.97801309527318,36.77906481584535,PFE,Pfizer,0.37788984179496765,0.00038431238499470055,0.621725857257843
2021-09-29,35.753318786621094,43.52999877929688,43.68999862670898,43.08000183105469,43.220001220703125,18037200,0.0113845695977465,35.921839518110154,36.68581517682496,PFE,Pfizer,0.9983534216880798,0.001209069974720478,0.0004376163415145129
2021-09-30,35.32621765136719,43.0099983215332,44.04999923706055,42.970001220703125,43.790000915527344,21103300,-0.0119457759376936,35.772934051424414,36.56221540178334,PFE,Pfizer,0.9865246415138245,0.013454750180244446,2.0604256860679016e-05
2021-10-01,35.26050567626953,42.93000030517578,43.09999847412109,41.70000076293945,42.52000045776367,38483000,-0.0018601474900643,35.64482695763569,36.44387815400936,PFE,Pfizer,0.6678363680839539,0.0008501722477376461,0.33131352066993713
2021-10-04,34.84161758422852,42.41999816894531,43.34999847412109,42.209999084472656,42.93000030517578,28906500,-0.011879809549156,35.4440246142839,36.298218102211095,PFE,Pfizer,0.8821009397506714,0.10548016428947449,0.012418880127370358
2021-10-05,34.759483337402344,42.31999969482422,42.790000915527344,42.27999877929688,42.52999877929688,19342600,-0.0023573603213918,35.27288929506351,36.15833312359212,PFE,Pfizer,0.9994072318077087,0.0005663137999363244,2.6486091883271e-05
2021-10-06,34.513084411621094,42.02000045776367,42.20000076293945,41.68999862670898,42.060001373291016,30483800,-0.0070886820551822,35.0829380742029,36.008765058867475,PFE,Pfizer,0.4994884729385376,0.5005096793174744,1.839437231865304e-06
2021-10-07,35.10445785522461,42.7400016784668,42.959999084472656,42.209999084472656,42.52000045776367,19778300,0.0171347607345226,35.08831801945833,35.92655531308176,PFE,Pfizer,0.9998742341995239,1.0222367563983425e-05,0.00011555583478184417
2021-10-08,34.86626434326172,42.45000076293945,42.90999984741211,42.34000015258789,42.72999954223633,12778600,-0.0067852781816267,35.03280460040918,35.8301652249163,PFE,Pfizer,0.9929919242858887,0.006637876853346825,0.0003701795940287411
2021-10-11,34.54594421386719,42.060001373291016,42.619998931884766,42.0099983215332,42.45000076293945,11984200,-0.0091871078083085,34.91108950377368,35.71341786027547,PFE,Pfizer,0.8556817770004272,0.13996553421020508,0.004352621268481016
2021-10-12,34.37345123291016,41.84999847412109,42.209999084472656,41.65999984741211,42.15999984741211,16222300,-0.0049931470938863,34.7766799360578,35.59160271233317,PFE,Pfizer,0.8012778162956238,0.1981600821018219,0.0005620812298730016
2021-10-13,34.020267486572266,41.41999816894531,41.90999984741211,40.93999862670898,41.75,28205700,-0.0102748991931233,34.58757682368642,35.44875405544582,PFE,Pfizer,0.39999061822891235,0.5999853014945984,2.4049437342910096e-05
2021-10-14,34.225608825683594,41.66999816894531,41.959999084472656,41.52000045776367,41.560001373291016,17590300,0.0060358531628941,34.49708482418571,35.33755903455834,PFE,Pfizer,0.3950287699699402,0.6049601435661316,1.1093839020759333e-05
2021-10-15,34.07777404785156,41.4900016784668,42.02999877929688,41.380001068115234,41.900001525878906,23550300,-0.0043194199578735,34.39225713010217,35.2230331266759,PFE,Pfizer,0.8653936982154846,0.0370611734688282,0.09754513949155807
2021-10-18,33.938140869140625,41.31999969482422,41.70000076293945,41.040000915527344,41.45000076293945,21733000,-0.0040974853144711,34.27872806486179,35.106224739627244,PFE,Pfizer,0.9832373857498169,0.016704674810171127,5.795606557512656e-05
2021-10-19,34.57057189941406,42.09000015258789,42.20000076293945,41.540000915527344,41.59999847412109,17159800,0.0186348165832648,34.35168902349986,35.05752902688059,PFE,Pfizer,0.25659456849098206,0.26481229066848755,0.4785931706428528
2021-10-20,35.15373229980469,42.79999923706055,43.11000061035156,42.09999847412109,42.119998931884766,22788300,0.0168686940466988,34.552199842576066,35.0662747789646,PFE,Pfizer,0.4253218472003937,0.3472408056259155,0.2274373173713684
2021-10-21,35.20301055908203,42.86000061035156,43.09000015258789,42.43000030517578,43.060001373291016,22142300,0.0014017930971619,34.714902521702555,35.07870530442982,PFE,Pfizer,0.6200118064880371,0.35302308201789856,0.026965107768774033
2021-10-22,35.449424743652344,43.15999984741211,43.18999862670898,42.630001068115234,42.81999969482422,17183000,0.0069998042967589,34.89853307719,35.112407071631864,PFE,Pfizer,0.304536372423172,0.6729158759117126,0.02254776656627655
2021-10-25,35.44121170043945,43.150001525878906,43.2400016784668,42.56999969482422,43.20000076293945,22846200,-0.0002316833988783,35.03420273300237,35.14229840152346,PFE,Pfizer,0.9971006512641907,1.9830722521874122e-05,0.0028794158715754747
2021-10-26,35.777957916259766,43.560001373291016,43.7599983215332,42.91999816894531,43.33000183105469,29729100,0.009501543532614,35.22014152881672,35.20008563013585,PFE,Pfizer,0.578742504119873,0.4105249047279358,0.010732587426900864
2021-10-27,35.29336166381836,42.970001220703125,43.560001373291016,42.68000030517578,43.459999084472656,22317500,-0.0135445475556662,35.23844656256713,35.20856526956153,PFE,Pfizer,0.7966204881668091,0.0028710353653877974,0.2005084753036499
2021-10-28,35.465843200683594,43.18000030517578,43.66999816894531,42.93999862670898,42.95000076293945,18023400,0.0048870815568144,35.29529572209624,35.23195417239081,PFE,Pfizer,0.977785587310791,0.00018739767256192863,0.022027013823390007
2021-10-29,35.92580795288086,43.7400016784668,43.83000183105469,42.86000061035156,43.09000015258789,30307500,0.0129692321029717,35.4529237797924,35.29503178879899,PFE,Pfizer,0.7779978513717651,0.20388469099998474,0.018117524683475494
2021-11-01,35.84367370605469,43.63999938964844,44.290000915527344,43.43999862670898,44.13999938964844,32681500,-0.0022862185015823,35.55061126135797,35.34490832673132,PFE,Pfizer,0.013577518053352833,0.6536448001861572,0.3327776789665222
2021-11-02,37.33030700683594,45.45000076293945,46.040000915527344,43.04999923706055,45.08000183105469,69248000,0.0414754724354644,35.99553519772746,35.52539911583174,PFE,Pfizer,0.19454129040241241,0.8054513931274414,7.3021101343329065e-06
2021-11-03,36.8128547668457,44.81999969482422,45.9900016784668,44.47999954223633,45.52000045776367,44593100,-0.0138614514982552,36.19986509000702,35.642440538651186,PFE,Pfizer,0.3332999050617218,0.6666941046714783,5.9942735788354184e-06
2021-11-04,36.33229064941406,43.84999847412109,44.470001220703125,43.310001373291016,44.290000915527344,38172500,-0.0130542475033597,36.23297147985878,35.70515418508417,PFE,Pfizer,0.32229581475257874,0.16766023635864258,0.5100439190864563
2021-11-05,40.27623748779297,48.61000061035156,48.810001373291016,46.54999923706055,48.09000015258789,173959100,0.1085521107500693,37.24378798184233,36.12070721260315,PFE,Pfizer,0.45459794998168945,0.33435937762260437,0.21104268729686737
2021-11-08,40.04423904418945,48.33000183105469,48.790000915527344,47.59999847412109,48.61000061035156,57423300,-0.0057601816374687,37.94390074742911,36.47739192456554,PFE,Pfizer,0.24782085418701172,0.2596694827079773,0.4925096929073334
2021-11-09,39.190826416015625,47.29999923706055,48.380001068115234,47.150001525878906,48.33000183105469,29920400,-0.0213117454231575,38.255632164575744,36.72406778742464,PFE,Pfizer,0.2440294474363327,0.7552895545959473,0.0006809617625549436
2021-11-10,40.615943908691406,49.02000045776367,49.209999084472656,47.400001525878906,47.400001525878906,42696200,0.0363635478759232,38.84571010060466,37.0778747075398,PFE,Pfizer,0.0030141177121549845,0.9967547059059143,0.00023110151232685894
2021-11-11,41.57706832885742,50.18000030517578,50.5,48.72999954223633,49.22999954223633,42370400,0.0236637223629891,39.52854965766785,37.48689230947777,PFE,Pfizer,0.7899780869483948,0.20458757877349854,0.0054343282245099545
2021-11-12,41.2042236328125,49.72999954223633,50.4900016784668,49.56999969482422,50.41999816894531,27780600,-0.0089675561801489,39.94746815145402,37.82483152069002,PFE,Pfizer,0.6663484573364258,0.33343735337257385,0.00021417495736386627
2021-11-15,41.13794708251953,49.650001525878906,50.09999847412109,49.369998931884766,49.72999954223633,27763200,-0.0016084892384718,40.2450878842204,38.1260238444927,PFE,Pfizer,1.533387512608897e-05,6.920242594787851e-05,0.9999154806137085
2021-11-16,41.09650802612305,49.59999847412109,50.15999984741211,48.88999938964844,49.470001220703125,31297200,-0.001007319502681,40.45794291969606,38.39606786100455,PFE,Pfizer,0.9999300241470337,6.158568430691957e-05,8.287192031275481e-06
2021-11-17,42.148773193359375,50.869998931884766,51.09000015258789,49.68999862670898,49.93999862670898,36889800,0.0256047342651948,40.88065048811189,38.73722289121862,PFE,Pfizer,0.999472439289093,0.0005219660233706236,5.638930360873928e-06
2021-11-18,42.59619522094727,51.40999984741211,51.709999084472656,50.61000061035156,51.09999847412109,32872600,0.0106153036895124,41.309536671320735,39.08803855755759,PFE,Pfizer,0.7798323035240173,0.2196470946073532,0.0005206336500123143
2021-11-19,42.09077835083008,50.79999923706055,52.84000015258789,50.68000030517578,51.959999084472656,47966200,-0.0118653055160344,41.50484709119807,39.36101490240054,PFE,Pfizer,0.08133915811777115,0.9149477481842041,0.0037130392156541348
2021-11-22,42.42219161987305,51.20000076293945,51.470001220703125,50.380001068115234,50.95000076293945,27287900,0.0078737738295218,41.73418322336681,39.63930369489804,PFE,Pfizer,0.584701418876648,0.41452890634536743,0.0007697021937929094
2021-11-23,42.32277297973633,51.08000183105469,51.45000076293945,50.29999923706055,50.58000183105469,24946200,-0.0023435526628978,41.88133066245919,39.88325544806516,PFE,Pfizer,0.08555098623037338,0.5833455324172974,0.33110347390174866
2021-11-24,42.16535186767578,50.88999938964844,51.33000183105469,50.709999084472656,51.18000030517578,18556800,-0.0037195368114446,41.95233596376334,40.09071875893885,PFE,Pfizer,0.06448490172624588,0.18924646079540253,0.7462686896324158
2021-11-26,44.74216079711914,54.0,54.93999862670898,53.25,54.040000915527344,66561300,0.0611119987218404,42.64979217210229,40.51357712604615,PFE,Pfizer,0.49522995948791504,0.45466455817222595,0.05010552331805229
2021-11-29,43.41647338867188,52.400001525878906,55.70000076293945,52.11000061035156,55.150001525878906,72660800,-0.0296294900565603,42.841462476244686,40.77747678628485,PFE,Pfizer,0.002432601759210229,0.5961483716964722,0.401419073343277
2021-11-30,44.51845169067383,53.72999954223633,54.459999084472656,51.90999984741211,52.310001373291016,64598400,0.0253815710027125,43.26070977985197,41.11756541395658,PFE,Pfizer,0.058173928409814835,0.3346587121486664,0.6071673631668091
2021-12-01,45.30558776855469,54.68000030517578,55.16999816894531,51.86000061035156,52.470001220703125,59810400,0.0176811198051112,43.77192927702765,41.49829471892004,PFE,Pfizer,0.26775842905044556,0.49828383326530457,0.23395776748657227
2021-12-02,43.946754455566406,53.040000915527344,55.08000183105469,52.77000045776367,53.81999969482422,46361700,-0.02999262077627,43.81563557166234,41.72088196770608,PFE,Pfizer,0.657910168170929,0.3232874274253845,0.018802475184202194
2021-12-03,44.96587371826172,54.27000045776367,54.40999984741211,53.09999847412109,53.709999084472656,37574800,0.0231898640825847,44.103195108312185,42.015881217756586,PFE,Pfizer,0.44334059953689575,0.3024788796901703,0.2541804909706116
2021-12-06,42.65419006347656,51.47999954223633,53.88999938964844,51.25,53.77999877929688,53724000,-0.0514097350641787,43.74094384710328,42.073909294640224,PFE,Pfizer,0.07355725020170212,0.00296057783998549,0.9234821796417236
2021-12-07,42.85305404663086,51.720001220703125,52.5,50.400001525878906,51.25,41575400,0.0046622379386023,43.51897139698518,42.14474063573028,PFE,Pfizer,0.2510077953338623,0.24868857860565186,0.5003036260604858
2021-12-08,42.58791732788086,51.400001525878906,53.08000183105469,51.02999877929688,52.75,37429200,-0.0061871137226646,43.286207879709096,42.18502942592579,PFE,Pfizer,0.43522751331329346,0.33056309819221497,0.2342093586921692
2021-12-09,43.151329040527344,52.08000183105469,52.84999847412109,51.5099983215332,51.5099983215332,38325700,0.0132293793168805,43.25248816991366,42.27287484543503,PFE,Pfizer,6.231186489458196e-06,0.999993622303009,1.0472453482179844e-07
2021-12-10,43.731327056884766,52.77999877929688,52.84999847412109,51.11000061035156,51.20000076293945,26079400,0.0134410232373767,43.37219789165644,42.405461410112274,PFE,Pfizer,0.8937016725540161,0.025018926709890366,0.08127940446138382
2021-12-13,45.73643493652344,55.20000076293945,55.72999954223633,53.43999862670898,53.43999862670898,54923200,0.0458506067522366,43.96325715287319,42.70827718524056,PFE,Pfizer,0.5923247933387756,0.40704402327537537,0.000631194852758199
2021-12-14,46.01815032958984,55.540000915527344,55.95000076293945,54.31999969482422,54.77000045776367,48685700,0.0061595398385858,44.47698044705236,43.009174743817766,PFE,Pfizer,0.11372578144073486,0.8849536776542664,0.0013206058647483587
2021-12-15,48.7192497253418,58.79999923706055,58.91999816894531,55.88999938964844,56.11000061035156,75202900,0.0586963921062932,45.53754776662471,43.52827246941086,PFE,Pfizer,0.5013225078582764,0.49620285630226135,0.0024746234994381666
2021-12-16,50.74921417236328,61.25,61.43000030517578,57.75,58.36000061035156,75183600,0.0416665785796281,46.84046436805936,44.18472171513381,PFE,Pfizer,0.5013225078582764,0.49620285630226135,0.0024746234994381666
2021-12-17,49.28266143798828,59.47999954223633,61.18999862670898,58.70000076293945,59.93000030517578,104192100,-0.0288980382906824,47.45101363554159,44.64817078084784,PFE,Pfizer,0.4080590307712555,0.5897012948989868,0.002239698078483343
2021-12-20,50.55864334106445,61.02000045776367,61.709999084472656,59.83000183105469,60.59999847412109,55712200,0.0258910916303034,48.2279210619223,45.18548646814026,PFE,Pfizer,0.9999791979789734,7.271009963005781e-06,1.3514867532649077e-05
2021-12-21,48.843528747558594,58.95000076293945,60.040000915527344,57.15999984741211,60.0099983215332,63877900,-0.033923271673566,48.381822983331375,45.5180357662692,PFE,Pfizer,0.5815504789352417,0.20311830937862396,0.21533116698265076
2021-12-22,49.340667724609375,59.54999923706055,60.59000015258789,58.220001220703125,59.25,62594900,0.0101781953474364,48.62153416865088,45.86554776248194,PFE,Pfizer,0.25664544105529785,0.2002759426832199,0.5430786609649658
2021-12-23,48.644676208496094,58.709999084472656,60.08000183105469,58.310001373291016,59.81999969482422,39203200,-0.0141058390210261,48.62731967861218,46.11819580302868,PFE,Pfizer,2.4422904971288517e-05,0.9999754428863525,8.986440747094093e-08
2021-12-27,49.05067443847656,59.20000076293945,59.380001068115234,58.22999954223633,58.84999847412109,27362600,0.0083462006867991,48.73315836857827,46.38478476988757,PFE,Pfizer,0.0003461340966168791,0.00042531793587841094,0.9992285966873169
2021-12-28,48.0646858215332,58.0099983215332,59.45000076293945,57.08000183105469,59.04999923706055,36901700,-0.0201014283336729,48.566040231817006,46.53750304730991,PFE,Pfizer,0.9255515336990356,0.06572018563747406,0.00872828345745802
2021-12-29,47.708404541015625,57.58000183105469,58.02999877929688,57.06999969482422,57.310001373291016,26170200,-0.0074125373843172,48.35163130911666,46.64394863764679,PFE,Pfizer,0.5145658254623413,0.2997923493385315,0.185641810297966
2021-12-30,48.3878288269043,58.400001525878906,58.7400016784668,57.52999877929688,57.75,24559000,0.0142411864832863,48.36068068856357,46.80248320030656,PFE,Pfizer,0.33340203762054443,0.6665806174278259,1.7329179172520526e-05
2022-01-03,46.93784332275391,56.650001525878906,58.54999923706055,56.34000015258789,58.5,57219200,,46.93784332275391,46.93784332275391,PFE,Pfizer,0.6785569190979004,0.19842429459095,0.1230187863111496
2022-01-04,45.18130111694336,54.52999877929688,56.43000030517578,53.93999862670898,56.220001220703125,66993100,-0.0374227293259346,46.49870777130127,46.77815766768022,PFE,Pfizer,0.468076229095459,0.4010140895843506,0.13090966641902924
2022-01-05,46.09272003173828,55.630001068115234,56.43999862670898,55.369998931884766,55.84000015258789,52956400,0.020172480478946,46.39721083641052,46.71584515532186,PFE,Pfizer,0.7237688899040222,0.27180594205856323,0.004425198305398226
2022-01-06,45.43814849853516,54.84000015258789,55.630001068115234,54.4900016784668,55.15999984741211,37000400,-0.0142011912673498,46.15744525194168,46.5996909137958,PFE,Pfizer,0.9998559951782227,1.0449853107274976e-05,0.00013351012603379786
2022-01-07,46.16727828979492,55.720001220703125,55.77000045776367,54.630001068115234,55.36000061035156,27703400,0.0160466439622484,46.15990351140499,46.560380675250265,PFE,Pfizer,0.9704151153564453,0.02893642708659172,0.0006484394543804228
2022-01-10,46.5981330871582,56.2400016784668,56.2599983215332,54.7400016784668,55.709999084472656,34044700,0.0093324712507152,46.269460905343294,46.56381271269644,PFE,Pfizer,0.9999735951423645,3.6957658267056104e-06,2.2760126739740372e-05
2022-01-11,46.97098922729492,56.68999862670898,57.43000030517578,55.810001373291016,56.75,33576600,0.0080015252851293,46.4448429858312,46.60082875947812,PFE,Pfizer,0.4985246956348419,0.5011354088783264,0.00033986990456469357
2022-01-12,46.93784332275391,56.650001525878906,57.15999984741211,55.900001525878906,56.34000015258789,27608500,-0.0007056675851687,46.56809307006188,46.631466447048645,PFE,Pfizer,0.10928118228912354,0.8275822401046753,0.06313654035329819
2022-01-13,46.01814651489258,55.540000915527344,56.75,55.220001220703125,56.52999877929688,28117900,-0.0195939298177232,46.43060643126955,46.57571008957991,PFE,Pfizer,0.999134361743927,0.00044450940913520753,0.0004211063787806779
2022-01-14,45.529296875,54.95000076293945,55.380001068115234,54.5099983215332,54.97999954223633,27072500,-0.0106229754328409,46.20527904220216,46.48058161552719,PFE,Pfizer,0.4615718424320221,0.2004406750202179,0.3379874527454376
2022-01-18,44.833309173583984,54.11000061035156,54.54999923706055,53.43000030517578,54.5,35598000,-0.0152865901559349,45.86228657504762,46.33082957535053,PFE,Pfizer,0.799936056137085,0.20000684261322021,5.7077537348959595e-05
2022-01-19,44.361026763916016,53.540000915527344,54.4900016784668,53.45000076293945,53.650001525878906,27300400,-0.0105341858179462,45.48697162226472,46.15175659249284,PFE,Pfizer,0.7683344483375549,0.23161202669143677,5.344664168660529e-05
2022-01-20,44.78359222412109,54.04999923706055,54.52000045776367,53.06999969482422,53.959999084472656,35105300,0.0095256014351048,45.31112677272881,46.02737801354995,PFE,Pfizer,0.47168922424316406,0.011629067361354828,0.5166816711425781
2022-01-21,43.73960494995117,52.790000915527344,54.869998931884766,52.459999084472656,54.41999816894531,41059000,-0.023311825209225,44.9182463170344,45.81939864413188,PFE,Pfizer,0.9861958622932434,0.013554398901760578,0.00024975440464913845
2022-01-24,42.70391082763672,51.540000915527344,52.060001373291016,49.81999969482422,51.75,59036400,-0.0236786345807087,44.36466244468498,45.53617247899595,PFE,Pfizer,0.928827702999115,0.04607419669628143,0.025098169222474098
2022-01-25,43.532470703125,52.540000915527344,52.84000015258789,51.2400016784668,51.36000061035156,43983200,0.019402435501342,44.15661450929498,45.35401777209859,PFE,Pfizer,0.9999575614929199,2.6828754471353022e-06,3.9659804315306246e-05
2022-01-26,43.9218864440918,53.0099983215332,53.619998931884766,52.459999084472656,52.56999969482422,39644800,0.0089454086725853,44.09793249299419,45.22382401500706,PFE,Pfizer,0.0062893969006836414,0.9910093545913696,0.0027011986821889877
2022-01-27,44.5563850402832,53.369998931884766,54.58000183105469,53.0,53.02000045776367,36957200,0.0144460688636189,44.21254562981645,45.163147744577614,PFE,Pfizer,0.7226288914680481,0.18116465210914612,0.09620650112628937
2022-01-28,45.35784912109375,54.33000183105469,54.66999816894531,53.09999847412109,53.77000045776367,28590400,0.0179876370151201,44.49887150263577,45.18084786971544,PFE,Pfizer,0.9994279146194458,0.0005014861235395074,7.065718818921596e-05
2022-01-31,43.98868942260742,52.68999862670898,54.13999938964844,52.38999938964844,54.0,38644600,-0.0301857280496485,44.37132598262868,45.07246982906926,PFE,Pfizer,0.5603743195533752,0.15724468231201172,0.28238096833229065
2022-02-01,44.305931091308594,53.06999969482422,53.15999984741211,52.38999938964844,52.7400016784668,27883300,0.0072118918036718,44.35497725979866,45.002784489272834,PFE,Pfizer,2.1317313439794816e-05,0.9999780654907227,5.861305680809892e-07
2022-02-02,44.96546173095703,53.86000061035156,54.130001068115234,52.45000076293945,52.84000015258789,32039300,0.0148858318379367,44.50759837758825,44.99939151124412,PFE,Pfizer,0.7921156883239746,0.20513617992401123,0.002748088678345084
2022-02-03,44.56473159790039,53.380001068115234,53.88999938964844,53.09000015258789,53.33000183105469,22635800,-0.0089119541450355,44.52188168266629,44.95987697366742,PFE,Pfizer,7.566556632809807e-06,0.999987006187439,5.4397050917032175e-06
2022-02-04,44.24748611450195,53.0,53.43000030517578,52.630001068115234,53.02000045776367,24932200,-0.0071187567393177,44.45328279062521,44.89511416828874,PFE,Pfizer,0.0020997952669858932,0.9978489875793457,5.1241659093648195e-05
2022-02-07,44.42280960083008,53.209999084472656,53.58000183105469,52.2400016784668,53.29999923706055,32358500,0.0039623377896413,44.44566449317642,44.85217738942886,PFE,Pfizer,0.6657426357269287,0.3339688777923584,0.0002885153517127037
2022-02-08,43.16217422485352,51.70000076293945,51.79999923706055,49.68999862670898,50.63999938964844,67922000,-0.0283781099688257,44.124791926095696,44.69854073810382,PFE,Pfizer,0.19999592006206512,3.919740265700966e-06,0.8000000715255737
2022-02-09,42.970157623291016,51.470001220703125,51.720001220703125,50.900001525878906,51.63999938964844,38522200,-0.0044487240277143,43.836133350394526,44.54141500039356,PFE,Pfizer,0.4000736176967621,0.20002906024456024,0.39989733695983887
2022-02-10,42.24382400512695,50.59999847412109,51.369998931884766,50.38999938964844,51.040000915527344,34200600,-0.016903210468336,43.43805601407763,44.332543091732965,PFE,Pfizer,0.39153361320495605,0.4007539749145508,0.20771241188049316
2022-02-11,42.39410400390625,50.77999877929688,51.2400016784668,50.08000183105469,50.33000183105469,34997800,0.0035574430657854,43.17706801153479,44.15632135647599,PFE,Pfizer,5.39309075975325e-06,0.9999886751174927,5.9311096265446395e-06
2022-02-14,41.57594680786133,49.79999923706055,50.5,48.47999954223633,49.81999969482422,42973100,-0.0192988439139918,42.77678771061642,43.92174185205647,PFE,Pfizer,0.7342356443405151,0.0005600837175734341,0.2652042508125305
2022-02-15,41.56758880615234,49.790000915527344,50.040000915527344,49.209999084472656,49.79999923706055,29150000,-0.0002010297383631,42.4744879845004,43.70772793879246,PFE,Pfizer,0.0003440113796386868,5.973422958049923e-05,0.9995962977409363
2022-02-16,41.47576141357422,49.68000030517578,50.77999877929688,49.43000030517578,49.59000015258789,27672600,-0.0022091103962357,42.22480634176885,43.50482189104535,PFE,Pfizer,0.5373323559761047,0.0011677873553708196,0.46149981021881104
2022-02-17,40.82456588745117,48.900001525878906,49.959999084472656,48.75,49.810001373291016,21231700,-0.0157006286064207,41.87474622818944,43.26116225435496,PFE,Pfizer,0.8138330578804016,0.05123266205191612,0.13493424654006958
2022-02-18,40.51567077636719,48.52999877929688,49.52000045776367,48.20000076293945,48.77999877929688,26955300,-0.0075664028353803,41.53497736523387,43.01157211999244,PFE,Pfizer,0.5457872748374939,0.0010138265788555145,0.45319893956184387
2022-02-22,39.68081283569336,47.52999877929688,48.310001373291016,47.34999847412109,47.540000915527344,34814800,-0.0206058032528194,41.07143623284874,42.70877582141979,PFE,Pfizer,0.500064492225647,0.0013615225907415152,0.4985739588737488
2022-02-23,39.12980270385742,46.869998931884766,48.15999984741211,46.77999877929688,47.59000015258789,25793000,-0.0138860595955407,40.586027850600914,42.38341462891412,PFE,Pfizer,0.9984380006790161,0.00016686551680322737,0.001395139959640801
2022-02-24,38.37008285522461,45.959999084472656,46.7599983215332,45.400001525878906,45.86000061035156,44227300,-0.0194153764173699,40.03204160175684,42.01856628585143,PFE,Pfizer,0.8545380234718323,0.14344418048858643,0.0020177513360977173
2022-02-25,39.83943557739258,47.720001220703125,48.02999877929688,45.7400016784668,45.810001373291016,31199200,0.0382942285455059,39.98389009566577,41.82046349417335,PFE,Pfizer,0.9113898873329163,0.06864605844020844,0.019964057952165604
2022-02-28,39.188232421875,46.93999862670898,47.16999816894531,46.34000015258789,46.81999969482422,35296100,-0.0163456923041126,39.78497567721808,41.58116976032805,PFE,Pfizer,0.9497548341751099,0.05015047267079353,9.464327740715817e-05
2022-03-01,38.19476318359375,45.75,47.13999938964844,45.43999862670898,46.68999862670898,29854500,-0.0253512132822477,39.387422553812,41.27331461698857,PFE,Pfizer,0.9832363128662109,0.01671859249472618,4.508831261773594e-05
2022-03-02,39.822731018066406,47.70000076293945,47.93000030517578,46.0,46.11000061035156,36516200,0.042622802153462,39.4962496698756,41.14144338072292,PFE,Pfizer,0.49791011214256287,0.43332260847091675,0.06876731663942337
2022-03-03,39.9312744140625,47.83000183105469,48.59000015258789,47.47999954223633,47.68000030517578,30553300,0.0027256642932613,39.60500585592232,41.03142802011743,PFE,Pfizer,0.5713111162185669,0.02928445301949978,0.39940446615219116
2022-03-04,40.6158561706543,48.650001525878906,48.77000045776367,47.40999984741211,47.5,33217300,0.017143999700413,39.85771843460532,40.99364876107533,PFE,Pfizer,0.29455819725990295,0.10074218362569809,0.6046996116638184
2022-03-07,40.05649566650391,47.97999954223633,48.84000015258789,47.52000045776367,48.25,33171300,-0.0137719737286872,39.907412742579965,40.9084530252052,PFE,Pfizer,0.5063068270683289,4.088958667125553e-05,0.49365225434303284
2022-03-08,39.60567092895508,47.43999862670898,48.41999816894531,46.470001220703125,47.58000183105469,32913300,-0.0112547223626907,39.83197728917374,40.790018289182456,PFE,Pfizer,0.4773286283016205,0.014280043542385101,0.5083913207054138
2022-03-09,40.6993408203125,48.75,49.220001220703125,48.0,48.130001068115234,24718900,0.0276139720829184,40.04881817195843,40.78177488292155,PFE,Pfizer,0.7775444984436035,0.14700154960155487,0.075453981757164
2022-03-10,41.07502365112305,49.20000076293945,49.290000915527344,48.04999923706055,48.310001373291016,24542300,0.0092306858843043,40.30536954174959,40.80843386184896,PFE,Pfizer,0.24018339812755585,0.14352238178253174,0.6162941455841064
2022-03-11,41.96831893920898,50.27000045776367,50.900001525878906,48.93999862670898,49.13999938964844,33701900,0.0217478946737383,40.72110689111443,40.91387795979078,PFE,Pfizer,0.2949056327342987,0.4537988603115082,0.2512955069541931
2022-03-14,43.621341705322266,52.25,52.90999984741211,50.38999938964844,50.720001220703125,42314500,0.0393873952518251,41.44616559466639,41.16001102756637,PFE,Pfizer,0.7855226993560791,0.2139299213886261,0.0005473964265547693
2022-03-15,43.58794403076172,52.209999084472656,52.91999816894531,51.18000030517578,52.619998931884766,30172100,-0.0007656269444016,41.981610203690224,41.38073220967504,PFE,Pfizer,0.999705970287323,2.2011005285094143e-07,0.00029381251079030335
2022-03-16,44.180702209472656,52.91999816894531,53.27000045776367,52.18000030517578,52.540000915527344,29891400,0.0135991314087355,42.53138320513583,41.63527493692936,PFE,Pfizer,0.20253972709178925,0.7973245978355408,0.00013561251398641616
2022-03-17,45.282711029052734,54.2400016784668,54.25,52.790000915527344,52.91999816894531,30598600,0.0249432164829603,43.21921516111506,41.966860036213305,PFE,Pfizer,0.838629961013794,0.015018340200185776,0.1463516503572464
2022-03-18,45.50812149047852,54.5099983215332,55.0,53.709999084472656,54.380001068115234,51815000,0.0049778481964377,43.79144174345592,42.28879289569196,PFE,Pfizer,0.6837939620018005,0.0236097052693367,0.2925962507724762
2022-03-21,45.240970611572266,54.18999862670898,55.29999923706055,53.900001525878906,54.2400016784668,34592500,-0.005870400055123,44.153823960485006,42.55717268804472,PFE,Pfizer,0.001872929511591792,0.5001136064529419,0.498013436794281
2022-03-22,44.2808837890625,53.040000915527344,54.31999969482422,52.5,54.20000076293945,32253600,-0.0212216230008156,44.18558891762938,42.71387369722815,PFE,Pfizer,0.009680246002972126,0.00011130692291771993,0.9902084469795227
2022-03-23,43.571250915527344,52.18999862670898,53.5,52.15999984741211,53.02000045776367,29183700,-0.0160257161287832,44.03200441710387,42.7918170807099,PFE,Pfizer,0.0003707098658196628,0.20131170749664307,0.7983176112174988
2022-03-24,43.90520095825195,52.59000015258789,52.84999847412109,52.290000915527344,52.540000915527344,25177500,0.0076644584607417,44.00030355239089,42.89303379685008,PFE,Pfizer,0.19494643807411194,0.0004712252994067967,0.804582417011261
2022-03-25,44.06381988525391,52.77999877929688,53.25,52.5099983215332,52.7400016784668,17429600,0.0036127593893211,44.01618263560664,42.999468895795886,PFE,Pfizer,0.8000510931015015,2.4905908503569663e-05,0.1999240219593048
2022-03-28,44.481239318847656,53.27999877929688,53.560001373291016,52.5,52.52999877929688,21863700,0.0094730650833438,44.132446806416894,43.134175297891495,PFE,Pfizer,8.756105103202572e-07,0.9999988079071045,3.603038010169257e-07
2022-03-29,44.03042602539063,52.7400016784668,54.08000183105469,52.619998931884766,54.0,39970000,-0.0101349085673072,44.10694161116032,43.21565263675505,PFE,Pfizer,0.5554102063179016,3.871062654070556e-05,0.4445510804653168
2022-03-30,43.77996826171875,52.43999862670898,53.720001220703125,51.970001220703125,53.20000076293945,27599600,-0.00568828844689,44.02519827379993,43.2669540572063,PFE,Pfizer,0.01360523235052824,0.9863356351852417,5.9104222600581124e-05
2022-03-31,43.22060775756836,51.77000045776367,52.880001068115234,51.7400016784668,52.0,26055200,-0.0127766311023002,43.82405064474204,43.262740757239214,PFE,Pfizer,0.5408962368965149,0.000563252076972276,0.45854049921035767
2022-04-01,43.05364608764648,51.56999969482422,52.15999984741211,51.09999847412109,52.119998931884766,19073100,-0.0038630106929173,43.63144950546815,43.2437321509126,PFE,Pfizer,0.9996386170387268,6.404449959518388e-05,0.0002972839283756912
2022-04-04,42.52767562866211,50.93999862670898,51.869998931884766,50.369998931884766,51.77999877929688,20462800,-0.0122166298741256,43.35550603626664,43.17863610343528,PFE,Pfizer,0.665497899055481,0.0005942533607594669,0.3339078426361084
2022-04-05,42.77813720703125,51.2400016784668,52.150001525878906,50.75,50.810001373291016,21176700,0.0058893784968661,43.211163828957794,43.1422271128531,PFE,Pfizer,0.9993442296981812,0.00039941247086972,0.0002563509624451399
2022-04-06,44.13896179199219,52.869998931884766,53.09000015258789,51.15999984741211,51.15999984741211,31717500,0.0318112165187329,43.44311331971639,43.2328393564112,PFE,Pfizer,0.06667866557836533,0.030995916575193405,0.9023253917694092
2022-04-07,46.050777435302734,55.15999984741211,55.40999984741211,52.5,52.5,36305700,0.0433135616628252,44.095029348612975,43.48901554540134,PFE,Pfizer,0.3356696665287018,0.3314557373523712,0.3328745663166046
2022-04-08,46.05912399291992,55.16999816894531,55.58000183105469,54.459999084472656,54.84999847412109,24612200,0.0001812468340824,44.586053009689714,43.72266176790302,PFE,Pfizer,0.6352872848510742,0.3602113723754883,0.004501302260905504
2022-04-11,45.023902893066406,53.93000030517578,56.31999969482422,53.77999877929688,55.459999084472656,22054300,-0.0224759181267244,44.695515480533885,43.84095641564514,PFE,Pfizer,0.3990868330001831,0.29142704606056213,0.30948606133461
2022-04-12,44.33932495117188,53.11000061035156,53.93000030517578,52.650001525878906,53.29999923706055,22810700,-0.0152047667551262,44.60646784819338,43.88626264614757,PFE,Pfizer,0.999982476234436,1.2257117305125576e-05,5.283170139591675e-06
2022-04-13,44.33097076416016,53.09999847412109,53.81999969482422,52.70000076293945,53.130001068115234,15777800,-0.0001884148444054,44.53759357718508,43.926690656875984,PFE,Pfizer,0.6665973663330078,0.3333510160446167,5.166331902728416e-05
2022-04-14,44.34767150878906,53.119998931884766,53.90999984741211,53.040000915527344,53.400001525878906,17240100,0.0003767286017206,44.49011306008608,43.96496164341354,PFE,Pfizer,0.9654301404953003,0.034423552453517914,0.0001463077060179785
2022-04-18,43.279052734375,51.84000015258789,53.11000061035156,51.630001068115234,52.83000183105469,17065000,-0.0240963896876136,44.18734797865831,43.9026062880464,PFE,Pfizer,0.9998960494995117,1.1187702511961106e-05,9.277639037463814e-05
2022-04-19,41.893192291259766,50.18000030517578,51.880001068115234,49.369998931884766,51.65999984741211,33441500,-0.032021505914673,43.61380905680868,43.719932288338526,PFE,Pfizer,0.9937722086906433,0.00010210438631474972,0.0061256675980985165
2022-04-20,41.53419494628906,49.75,50.15999984741211,49.209999084472656,50.0,24751800,-0.0085693480333224,43.09390552917877,43.521228893606754,PFE,Pfizer,0.6644548773765564,0.00013804553600493819,0.3354070484638214
2022-04-21,40.99989318847656,49.11000061035156,50.0099983215332,48.91999816894531,49.93000030517578,19105600,-0.0128641414262018,42.57040244400322,43.29201655677674,PFE,Pfizer,0.9054572582244873,0.0008879982633516192,0.09365472197532654
2022-04-22,40.18172454833984,48.130001068115234,49.09999847412109,47.900001525878906,48.95000076293945,22156800,-0.0199553846732135,41.97323297008738,43.00926273782793,PFE,Pfizer,0.6418371200561523,0.005243860185146332,0.3529190123081207
2022-04-25,40.866310119628906,48.95000076293945,49.18999862670898,47.119998931884766,47.84999847412109,27390600,0.0170372371764553,41.69650225747276,42.8144488634462,PFE,Pfizer,0.3738343119621277,0.0002711271808948368,0.6258945465087891
2022-04-26,40.93309020996094,49.02999877929688,50.25,48.91999816894531,48.9900016784668,25366500,0.0016341110840822,41.5056492455948,42.64341625858391,PFE,Pfizer,0.008031044155359268,0.00031234475318342447,0.9916566014289856
2022-04-27,41.52585220336914,49.7400016784668,49.90999984741211,48.209999084472656,49.11000061035156,25819200,0.0144812422020352,41.51069998503839,42.54181952629165,PFE,Pfizer,0.48240214586257935,0.14695657789707184,0.3706413209438324
2022-04-28,42.1686897277832,50.5099983215332,50.77000045776367,49.4900016784668,50.43999862670898,28225400,0.0154804173859171,41.67519742072459,42.50789863551815,PFE,Pfizer,0.5000116229057312,1.8849239495466463e-05,0.4999695122241974
2022-04-29,40.96648788452149,49.06999969482422,50.34000015258789,49.0,49.869998931884766,28343300,-0.0285093478365688,41.49802003667381,42.367770385427534,PFE,Pfizer,0.9687245488166809,0.007806903216987848,0.02346866950392723
2022-05-02,40.3570442199707,48.34000015258789,48.7599983215332,47.459999084472656,47.68000030517578,36228400,-0.0148766393220896,41.21277608249803,42.18497709765872,PFE,Pfizer,0.1862521469593048,0.07461719959974289,0.7391306161880493
2022-05-03,41.1501579284668,49.290000915527344,50.040000915527344,47.70000076293945,48.869998931884766,33716900,0.0196524231104027,41.19712154399022,42.09090262773218,PFE,Pfizer,0.7784661054611206,0.204379603266716,0.01715434156358242
2022-05-04,41.45906066894531,49.65999984741211,49.869998931884766,47.90999984741211,48.88999938964844,28613700,0.0075067206550092,41.262606325228994,42.03346244966065,PFE,Pfizer,0.1948958784341812,0.7999626994132996,0.005141452420502901
2022-05-05,40.44888687133789,48.45000076293945,49.54999923706055,47.54999923706055,49.459999084472656,28333000,-0.0243655736842124,41.059176461756216,41.88941012435858,PFE,Pfizer,0.3244001567363739,0.6670319437980652,0.008567889221012592
2022-05-06,40.94144821166992,49.040000915527344,49.220001220703125,48.040000915527344,48.09000015258789,19891400,0.0121773768929365,41.02974439923464,41.80323176865961,PFE,Pfizer,0.9956569671630859,0.0020899265073239803,0.002253134734928608
2022-05-09,40.60750961303711,48.63999938964844,49.16999816894531,47.77000045776367,48.380001068115234,25012300,-0.0081564920934483,40.924185702685264,41.69452975451211,PFE,Pfizer,1.5306815726034984e-07,0.9999998211860657,6.135449837074702e-08
2022-05-10,41.317138671875,49.4900016784668,49.900001525878906,48.68999862670898,49.040000915527344,27335900,0.0174753159107807,41.0224239449827,41.66022147427237,PFE,Pfizer,0.6990299820899963,0.2984406352043152,0.002529384568333626
2022-05-11,41.28374099731445,49.45000076293945,50.2400016784668,49.02999877929688,49.06999969482422,29699500,-0.0008083249623305,41.08775320806564,41.62599597636711,PFE,Pfizer,0.703910231590271,0.2953137755393982,0.0007759879226796329
2022-05-12,42.41157150268555,50.38999938964844,50.43000030517578,48.720001220703125,49.0,33468400,0.0273189996382463,41.41870778172061,41.69741193330514,PFE,Pfizer,0.7963030934333801,0.035177502781152725,0.16851933300495148
2022-05-13,42.0159912109375,49.91999816894531,50.790000915527344,49.68000030517578,50.380001068115234,22423700,-0.0093271783556286,41.56802863902483,41.72637368581717,PFE,Pfizer,0.5982183218002319,0.00022340466966852546,0.4015582203865051
2022-05-16,42.647239685058594,50.66999816894531,51.04999923706055,49.869998931884766,49.869998931884766,19435600,0.0150240052877002,41.83783140053328,41.8100887766573,PFE,Pfizer,0.49992603063583374,0.5000596642494202,1.4238777112041134e-05
2022-05-17,43.21114730834961,51.34000015258789,51.52000045776367,50.18000030517578,50.95000076293945,19918200,0.0132226054360227,42.18116037748736,41.93745773408388,PFE,Pfizer,0.3320609927177429,0.6515560746192932,0.016382960602641106
2022-05-18,42.41999435424805,50.400001525878906,51.41999816894531,50.15999984741211,51.220001220703125,22276000,-0.0183090013430097,42.240868871677534,41.98132469955335,PFE,Pfizer,0.995118260383606,0.0008185121696442366,0.004063276574015617
2022-05-19,42.63040542602539,50.650001525878906,50.88999938964844,49.59000015258789,50.0,19865500,0.0049601862277539,42.338253010264495,42.040332038323534,PFE,Pfizer,0.6529536247253418,0.34675076603889465,0.0002955682866740972
2022-05-20,44.16224670410156,52.470001220703125,52.70000076293945,51.130001068115234,51.27000045776367,31250400,0.0359330684934326,42.79425143372376,42.23323337157608,PFE,Pfizer,0.5874640345573425,0.40846681594848633,0.004069133661687374
2022-05-23,44.50732421875,52.880001068115234,53.70000076293945,52.47999954223633,52.58000183105469,24035800,0.0078138577722401,43.22251962998032,42.43996890313734,PFE,Pfizer,0.5094261169433594,0.1234063059091568,0.36716756224632263
2022-05-24,44.95341110229492,53.40999984741211,53.61000061035156,52.709999084472656,52.709999084472656,26729800,0.0100227747089993,43.65524249805897,42.6684636485153,PFE,Pfizer,0.6664277911186218,0.3334195613861084,0.00015267074923031032
2022-05-25,45.20590972900391,53.709999084472656,54.04999923706055,53.04999923706055,53.20000076293945,24003900,0.0056168958154121,44.042909305795206,42.89914056492335,PFE,Pfizer,0.0002310422423761338,0.20001980662345886,0.7997491359710693
2022-05-26,45.44157791137695,53.9900016784668,54.91999816894531,53.880001068115234,54.060001373291016,23516300,0.0052132162318114,44.39257645719064,43.13027123278277,PFE,Pfizer,0.7971155643463135,0.2025618851184845,0.00032254663528874516
2022-05-27,45.37423706054688,53.90999984741211,54.40999984741211,53.52000045776367,53.91999816894531,21407500,-0.0014819214896413,44.6379916080297,43.33426812621587,PFE,Pfizer,0.5851679444313049,0.414667010307312,0.0001650323683861643
2022-05-31,44.64199447631836,53.040000915527344,53.5,51.93999862670898,53.31999969482422,66058200,-0.0161378489571387,44.63899232510187,43.453152339861546,PFE,Pfizer,0.2724810242652893,0.32503843307495117,0.4024805426597595
2022-06-01,44.07807540893555,52.369998931884766,53.27999877929688,51.84000015258789,53.25,17430600,-0.0126320312073413,44.49876309606029,43.50996352795918,PFE,Pfizer,0.6641098260879517,0.2202664613723755,0.11562369018793106
2022-06-02,44.3389892578125,52.68000030517578,52.7400016784668,51.040000915527344,52.369998931884766,21903400,0.0059193566519482,44.45881963649834,43.58532950340039,PFE,Pfizer,0.3174492418766022,0.0006293790065683424,0.6819213628768921
2022-06-03,44.77665710449219,53.20000076293945,53.52999877929688,52.459999084472656,52.459999084472656,18125000,0.009870947759653,44.5382790034968,43.69363201259055,PFE,Pfizer,0.9999377727508545,2.3532533305115066e-05,3.8769001548644155e-05
2022-06-06,44.8271598815918,53.2599983215332,53.720001220703125,53.0,53.18999862670898,16544400,0.0011278818108675,44.61049922302056,43.79668000068157,PFE,Pfizer,3.520878877338873e-08,1.0,8.136114004742012e-09
2022-06-07,45.41632080078125,53.959999084472656,53.970001220703125,53.0099983215332,53.27999877929688,15091200,0.0131429454987932,44.81195461746073,43.9439200734179,PFE,Pfizer,0.004645638633519411,3.068283695029095e-05,0.995323657989502
2022-06-08,45.00390625,53.470001220703125,54.560001373291016,53.40999984741211,54.060001373291016,12789800,-0.0090807565102049,44.85994252559554,44.04028245310718,PFE,Pfizer,0.4979432225227356,0.25197577476501465,0.25008100271224976
2022-06-09,43.58148956298828,51.77999877929688,53.650001525878906,51.70000076293945,53.27000045776367,17572700,-0.0316065160901831,44.54032928494373,43.99857400855092,PFE,Pfizer,0.9973099231719971,0.002671268070116639,1.883934783108998e-05
2022-06-10,42.05807876586914,49.970001220703125,51.369998931884766,49.95000076293945,51.310001373291016,23826000,-0.0349554549969512,43.91976665517508,43.822165350125296,PFE,Pfizer,0.9999384880065918,3.216291224816814e-05,2.929561560449656e-05
2022-06-13,40.32423400878906,47.90999984741211,49.27999877929688,47.709999084472656,48.81999969482422,26989000,-0.041225010936237,43.02088349357858,43.504171591822,PFE,Pfizer,0.25827744603157043,0.707947850227356,0.033774688839912415
2022-06-14,40.33266067504883,47.91999816894531,48.470001220703125,47.220001220703125,47.75,23290300,0.000208972754645,42.34882778894614,43.21585241756989,PFE,Pfizer,0.9003279805183411,0.05078833922743797,0.04888368770480156
2022-06-15,40.8292350769043,48.5099983215332,48.97999954223633,47.18000030517578,47.880001068115234,25748000,0.0123119673620408,41.96892961093568,42.99888720478211,PFE,Pfizer,0.9999134540557861,8.166858606273308e-06,7.828391244402155e-05
2022-06-16,39.96231842041016,47.47999954223633,48.0,47.060001373291016,47.68999862670898,20424500,-0.0212327430298718,41.467276813304295,42.72283549711192,PFE,Pfizer,0.7453536987304688,0.25451016426086426,0.00013611640315502882
2022-06-17,39.16273498535156,46.52999877929688,48.02999877929688,46.27999877929688,47.380001068115234,45047700,-0.0200084346119973,40.89114135631611,42.3991899960428,PFE,Pfizer,0.333392858505249,0.6665871143341064,2.0030025552841835e-05
2022-06-21,40.49257659912109,48.11000061035156,48.43999862670898,46.95000076293945,47.31999969482422,19622100,0.0339568116033506,40.79150016701736,42.22586150541356,PFE,Pfizer,0.3324107229709625,0.6671500205993652,0.00043933754204772413
2022-06-22,41.300575256347656,49.06999969482422,49.58000183105469,47.77000045776367,48.02999877929688,20382900,0.0199542416187983,40.91876893934993,42.14174457368029,PFE,Pfizer,0.9999947547912598,8.144867820192303e-07,4.3939044189755805e-06
2022-06-23,42.15907669067383,50.09000015258789,50.16999816894531,48.97999954223633,49.22999954223633,20061700,0.0207866701371,41.2288458771809,42.143320220679705,PFE,Pfizer,0.803909420967102,0.1960490494966507,4.157192961429246e-05
2022-06-24,43.421573638916016,51.59000015258789,51.63999938964844,50.29999923706055,50.650001525878906,24343200,0.0299460293569824,41.77702781761468,42.259525076883,PFE,Pfizer,0.999984085559845,8.055765761127986e-07,1.5094383343239315e-05
2022-06-27,43.66566467285156,51.880001068115234,52.22999954223633,51.2599983215332,51.47999954223633,16154300,0.0056214230273032,42.2491870314239,42.387355949243776,PFE,Pfizer,0.9948026537895203,0.004396453034132719,0.0008008471340872347
2022-06-28,42.63882827758789,50.65999984741211,51.970001220703125,50.40999984741211,51.83000183105469,16417900,-0.023515876901379,42.3465973429649,42.41021707000233,PFE,Pfizer,0.666599690914154,0.16667766869068146,0.1667225956916809
2022-06-29,42.87448501586914,50.93999862670898,51.43999862670898,50.65999984741211,50.72999954223633,13925700,0.005526810838869,42.47856926119096,42.45242324689932,PFE,Pfizer,0.8724205493927002,0.11325012892484665,0.014329263009130955
2022-06-30,44.12857055664063,52.43000030517578,52.88999938964844,51.09000015258789,51.68999862670898,33495700,0.0292501598633152,42.89106958505337,42.60480027505761,PFE,Pfizer,0.6307219862937927,0.3539654314517975,0.015312650240957737
2022-07-01,44.0275764465332,52.310001373291016,52.369998931884766,51.25,52.040000915527344,16143300,-0.0022886331651688,43.17519630042333,42.73414356337357,PFE,Pfizer,0.7540091276168823,0.01335880346596241,0.2326320856809616
2022-07-05,43.46365737915039,51.63999938964844,51.88999938964844,50.400001525878906,51.75,18406800,-0.0128083149902115,43.2473115701051,42.800463001171465,PFE,Pfizer,0.8226078152656555,0.15642765164375305,0.02096450701355934
2022-07-06,44.39791488647461,52.75,52.959999084472656,51.58000183105469,51.63999938964844,21305500,0.0214951424629161,43.53496239919748,42.94568589983539,PFE,Pfizer,0.7883806824684143,0.0297200009226799,0.18189935386180878
2022-07-07,44.961822509765625,53.41999816894531,53.540000915527344,52.790000915527344,52.95000076293945,17847600,0.0127012186210304,43.89167742683952,43.12897104619268,PFE,Pfizer,0.8118121027946472,0.016612181439995766,0.17157578468322754
2022-07-08,44.75139999389648,53.16999816894531,53.91999816894531,52.7599983215332,53.04999923706055,11322700,-0.004680026389576,44.10660806860376,43.27646458689303,PFE,Pfizer,0.5516390204429626,0.3042202293872833,0.14414073526859283
2022-07-11,44.51573944091797,52.88999938964844,53.7400016784668,52.75,53.0,12921400,-0.0052659928630311,44.20889091168231,43.389125937258925,PFE,Pfizer,0.7373262047767639,0.23202702403068542,0.030646774917840958
2022-07-12,43.80032730102539,52.040000915527344,52.77999877929688,51.709999084472656,52.68999862670898,14633500,-0.0160709930662183,44.10675000901808,43.42650787941951,PFE,Pfizer,0.20897427201271057,0.03415282070636749,0.756872832775116
2022-07-13,43.58990097045898,51.790000915527344,52.310001373291016,51.5099983215332,51.86000061035156,12927300,-0.0048042182223939,43.97753774937831,43.44136179678674,PFE,Pfizer,0.00029445483232848346,0.6671697497367859,0.3325357735157013
2022-07-14,43.25323867797852,51.38999938964844,51.59000015258789,50.630001068115234,50.75,14023800,-0.0077234011774568,43.79646298152836,43.42425969507689,PFE,Pfizer,0.0035798968747258186,0.00020222751481924206,0.9962179064750671
2022-07-15,43.556243896484375,51.75,51.90999984741211,50.43000030517578,51.040000915527344,19885700,0.0070053764242197,43.73640821026736,43.43625825884121,PFE,Pfizer,0.33280709385871887,0.16218878328800201,0.5050041675567627
2022-07-18,42.71458053588867,50.75,51.970001220703125,50.52000045776367,51.959999084472656,15742900,-0.0193235983019104,43.48095129167269,43.37065119311825,PFE,Pfizer,0.8529415130615234,0.0011671317042782903,0.14589133858680725
2022-07-19,43.23640823364258,51.369998931884766,51.5099983215332,50.61000061035156,51.040000915527344,13402100,0.0122166176328353,43.41981552716516,43.35844728771137,PFE,Pfizer,0.6761255264282227,0.25058895349502563,0.07328552007675171
2022-07-20,42.77349090576172,50.81999969482422,51.459999084472656,50.5099983215332,51.38999938964844,12774400,-0.010706655496898,43.258234371814304,43.30526943480685,PFE,Pfizer,0.6036310791969299,0.026828117668628693,0.369540810585022
2022-07-21,43.02599334716797,51.119998931884766,51.13999938964844,50.18000030517578,50.56999969482422,15103800,0.0059032460540235,43.20017411565272,43.27988069956695,PFE,Pfizer,0.7949826717376709,0.2005290687084198,0.004488239996135235
2022-07-22,43.11857986450195,51.22999954223633,51.52999877929688,50.95000076293945,51.2599983215332,10932100,0.0021518740215227,43.17977555286503,43.26521698728832,PFE,Pfizer,0.9995354413986206,0.00021200283663347363,0.0002524635929148644
2022-07-25,43.57307434082031,51.77000045776367,51.880001068115234,51.34000015258789,51.34000015258789,12995800,0.0105405715528337,43.27810024985385,43.29320401942759,PFE,Pfizer,0.9677430391311646,0.0317310132086277,0.0005259898025542498
2022-07-26,44.019161224365234,52.29999923706055,52.84999847412109,51.709999084472656,51.84000015258789,16632500,0.0102376729274531,43.463365493481696,43.35920012896738,PFE,Pfizer,0.4214479923248291,0.5766803622245789,0.0018716551130637527
2022-07-27,43.724586486816406,51.95000076293945,52.25,51.18999862670898,51.93999862670898,19203500,-0.0066919661655383,43.528670741815375,43.392417070590014,PFE,Pfizer,0.33211031556129456,0.4582086205482483,0.20968107879161835
2022-07-28,43.02057266235352,50.720001220703125,52.33000183105469,49.09999847412109,50.84999847412109,38984900,-0.0161010973694436,43.40164622194991,43.3586130334776,PFE,Pfizer,2.6235261429974344e-06,0.6000000834465027,0.3999972939491272
2022-07-29,42.84244918823242,50.5099983215332,50.709999084472656,49.27999877929688,50.560001373291016,25037900,-0.0041404254545631,43.26184696352054,43.311689047546224,PFE,Pfizer,0.48681917786598206,0.5107648968696594,0.002416001632809639
2022-08-01,42.92727279663086,50.61000061035156,51.29999923706055,50.150001525878906,50.31999969482422,19709900,0.0019798963412609,43.17820342179812,43.27674211564482,PFE,Pfizer,0.9423538446426392,0.00015499183791689575,0.05749117583036423
2022-08-02,42.14693069458008,49.68999862670898,51.470001220703125,49.630001068115234,50.900001525878906,17802000,-0.0181782361471616,42.92038523999361,43.17403198645712,PFE,Pfizer,0.2496442347764969,0.7500538229942322,0.00030187558149918914
2022-08-03,42.29112243652344,49.86000061035156,50.06999969482422,49.34000015258789,49.790000915527344,16500100,0.0034211682693634,42.763069539126064,43.093767481917695,PFE,Pfizer,0.19421057403087616,0.7781052589416504,0.027684232220053673
2022-08-04,42.29112243652344,49.86000061035156,50.04999923706055,49.209999084472656,49.900001525878906,17026300,0.0,42.64508276347541,43.020799750518215,PFE,Pfizer,0.45117634534835815,0.5343573689460754,0.014466223306953907
2022-08-05,41.79067993164063,49.27000045776367,49.970001220703125,49.060001373291016,49.63999938964844,16376600,-0.0118332755446239,42.43148205551671,42.9089706760748,PFE,Pfizer,0.4218970239162445,0.3631332516670227,0.2149696797132492
2022-08-08,42.045143127441406,49.56999969482422,49.810001373291016,48.93999862670898,49.38999938964844,16071800,0.0060889939148398,42.33489732349789,42.83044089892631,PFE,Pfizer,1.0235146874038037e-05,0.599994957447052,0.3999948501586914
2022-08-09,42.223262786865234,49.77999877929688,50.11000061035156,49.52000045776367,49.75,12095600,0.004236390845048,42.30698868933972,42.775242888738944,PFE,Pfizer,2.137000956281554e-05,3.509748239594046e-06,0.9999750852584839
2022-08-10,42.36746597290039,49.95000076293945,50.04999923706055,49.380001068115234,49.93000030517578,17355100,0.0034152544478398,42.32210801022988,42.738172260026346,PFE,Pfizer,0.3933491110801697,0.3978980481624603,0.20875287055969238
2022-08-11,40.95945358276367,48.290000915527344,49.130001068115234,47.810001373291016,48.220001220703125,44048800,-0.0332333397290584,41.98144440336333,42.57647056209338,PFE,Pfizer,0.33334100246429443,0.0013731321087107062,0.6652858853340149
2022-08-12,42.50317001342773,50.11000061035156,50.38999938964844,48.54999923706055,48.54999923706055,25835500,0.0376888922003022,42.11187580587943,42.56980687585104,PFE,Pfizer,0.843235194683075,0.011513370089232922,0.1452515572309494
2022-08-15,42.19782257080078,49.75,50.06999969482422,49.38999938964844,49.970001220703125,15797800,-0.0071841098565232,42.133362497109765,42.53599012084647,PFE,Pfizer,0.11319170147180557,0.8012657165527344,0.08554257452487946
2022-08-16,42.29112243652344,49.86000061035156,50.18000030517578,49.36000061035156,49.380001068115234,12874800,0.0022110113754356,42.17280248196318,42.51372942227165,PFE,Pfizer,0.5996461510658264,0.4000187814235687,0.00033502408768981695
2022-08-17,41.79067993164063,49.27000045776367,49.86000061035156,49.25,49.650001525878906,13607200,-0.0118332755446239,42.077271844382544,42.4479976503961,PFE,Pfizer,0.7839878797531128,0.20409759879112244,0.011914435774087906
2022-08-18,41.20543670654297,48.58000183105469,49.52000045776367,48.380001068115234,49.38999938964844,18916300,-0.0140041565740248,41.85931305992265,42.33503756459128,PFE,Pfizer,0.999122679233551,0.00012667123519349843,0.0007506494293920696
2022-08-19,41.68890380859375,49.150001525878906,49.45000076293945,48.72999954223633,48.84000015258789,15350200,0.0117330901136647,41.816710747090426,42.276298132227865,PFE,Pfizer,0.9991057515144348,0.0006873772363178432,0.00020685345225501806
2022-08-22,41.47685623168945,48.900001525878906,49.400001525878906,48.7400016784668,49.209999084472656,13601200,-0.0050864272631842,41.73174711824018,42.203621595815285,PFE,Pfizer,0.6973806619644165,0.3025383949279785,8.086427260423079e-05
2022-08-23,40.72195816040039,48.0099983215332,48.52000045776367,47.7599983215332,48.41999816894531,16248900,-0.0182004650273445,41.47929987878023,42.06892491986848,PFE,Pfizer,0.9861577153205872,1.8483324311091565e-05,0.013823782093822956
2022-08-24,40.2300033569336,47.43000030517578,48.0099983215332,47.380001068115234,47.900001525878906,15551500,-0.0120808238525521,41.16697574831857,41.90175023232894,PFE,Pfizer,8.05374475021381e-06,1.859543885984749e-06,0.9999901056289673
2022-08-25,40.62865829467773,47.900001525878906,47.95000076293945,47.27000045776367,47.52000045776367,14460000,0.009909393598781,41.03239638490836,41.786014601633376,PFE,Pfizer,0.557141900062561,0.4001317620277405,0.042726315557956696
2022-08-26,39.71259307861328,46.81999969482422,47.959999084472656,46.70000076293945,47.619998931884766,16546700,-0.0225472672373346,40.70244555833459,41.59752173590427,PFE,Pfizer,0.5648019313812256,0.028561923652887344,0.40663617849349976
2022-08-29,39.212162017822266,46.22999954223633,46.68999862670898,46.119998931884766,46.380001068115234,13400500,-0.0126013191785382,40.3298746732065,41.38067085244227,PFE,Pfizer,1.3395571762941927e-08,1.0,6.589202961038154e-09
2022-08-30,38.88984680175781,45.84999847412109,46.34999847412109,45.79999923706055,46.34000015258789,16303000,-0.0082197767090209,39.96986770534433,41.154232302380045,PFE,Pfizer,0.2754005789756775,0.31703296303749084,0.40756645798683167
2022-08-31,38.36397171020508,45.22999954223633,46.290000915527344,45.130001068115234,46.0099983215332,26416800,-0.0135221692755284,39.56839370655952,40.90057224854596,PFE,Pfizer,0.3333296775817871,1.0198368727287743e-05,0.6666600704193115
2022-09-01,39.55144882202149,46.630001068115234,46.650001525878906,45.13999938964844,45.13999938964844,19947600,0.0309529242901753,39.56415748542501,40.77792466431646,PFE,Pfizer,0.9992741942405701,0.0004981535603292286,0.0002276925224578008
2022-09-02,38.76262283325195,45.70000076293945,46.79999923706055,45.52999877929688,46.7400016784668,14667700,-0.0199443007086589,39.36377382238175,40.59471540694696,PFE,Pfizer,0.6232460737228394,0.2017391473054886,0.17501482367515564
2022-09-06,38.813514709472656,45.7599983215332,46.43999862670898,45.52999877929688,45.959999084472656,17153500,0.0013129110596985,39.22620904415447,40.43278807081293,PFE,Pfizer,0.999204695224762,0.0003606512036640197,0.00043465435737743974
2022-09-07,39.12734603881836,46.130001068115234,46.209999084472656,45.380001068115234,45.70000076293945,15378900,0.008085619962397,39.201493292820444,40.31411152244979,PFE,Pfizer,0.6824971437454224,0.23862484097480774,0.07887806743383408
2022-09-08,39.93313980102539,47.08000183105469,47.119998931884766,45.869998931884766,46.02000045776367,18271000,0.0205941328452894,39.384404919871685,40.27947772959303,PFE,Pfizer,0.4980604648590088,3.01400177704636e-05,0.5019093751907349
2022-09-09,40.577754974365234,47.84000015258789,47.9900016784668,47.09999847412109,47.20000076293945,17501700,0.0161423613708253,39.68274243349507,40.30659384275413,PFE,Pfizer,0.9926245808601379,0.00018897194240707904,0.007186376489698887
2022-09-12,40.509910583496094,47.7599983215332,48.34999847412109,47.68999862670898,48.08000183105469,13744800,-0.0016719601888276,39.88953447099533,40.32507718282158,PFE,Pfizer,0.999995231628418,3.9357416881102836e-07,4.3869308683497366e-06
2022-09-13,39.1782341003418,46.18999862670898,47.31999969482422,46.02000045776367,47.130001068115234,16603200,-0.0328728566410815,39.711709378331946,40.22081872077796,PFE,Pfizer,9.400870908393699e-07,0.999998927116394,1.4590906971534423e-07
2022-09-14,39.14430618286133,46.150001525878906,46.40999984741211,45.77999877929688,46.20000076293945,17162500,-0.0008659889415529,39.569858579464295,40.12295394460372,PFE,Pfizer,0.666626513004303,0.3333587348461151,1.4810317225055769e-05
2022-09-15,38.96618270874024,45.93999862670898,46.290000915527344,45.70000076293945,46.11000061035156,15802000,-0.0045504312501797,39.41893961178328,40.01779292316159,PFE,Pfizer,0.5198923945426941,0.28008776903152466,0.20001980662345886
2022-09-16,39.04252624511719,46.02999877929688,46.619998931884766,45.63999938964844,46.09000015258789,30629500,0.0019592254378006,39.32483627011676,39.92913231606664,PFE,Pfizer,0.5497241020202637,0.014215094968676567,0.4360608160495758
2022-09-19,38.54208755493164,45.43999862670898,45.880001068115234,44.77999877929688,45.68000030517578,16256200,-0.012817784562497,39.12914909132048,39.80303733778164,PFE,Pfizer,0.5667520761489868,0.03210751712322235,0.40114039182662964
2022-09-20,37.97379684448242,44.77000045776367,45.27000045776367,44.43999862670898,45.0,15369000,-0.0147446790379288,38.840311029610966,39.636742747481705,PFE,Pfizer,0.9971319437026978,0.001952097867615521,0.000915965938474983
2022-09-21,37.25282669067383,43.91999816894531,44.97999954223633,43.900001525878906,44.810001373291016,17505200,-0.0189859907019898,38.44343994487668,39.42002310595372,PFE,Pfizer,0.6369011402130127,0.03134039416909218,0.3317584693431854
2022-09-22,37.80415725708008,44.56999969482422,45.0,43.52000045776367,43.66999816894531,18508100,0.0147996975097806,38.28361927292753,39.27312621060157,PFE,Pfizer,0.9977375268936157,0.0011980701237916946,0.00106438051443547
2022-09-23,37.3885383605957,44.08000183105469,44.560001373291016,43.58000183105469,44.43999862670898,18871700,-0.0109939997778031,38.059849044844576,39.101800042419214,PFE,Pfizer,0.593782365322113,0.006199977360665798,0.400017648935318
2022-09-26,37.17649459838867,43.83000183105469,44.33000183105469,43.66999816894531,43.810001373291016,18680200,-0.0056713573598936,37.8390104332306,38.92677227478007,PFE,Pfizer,0.668380081653595,0.0007379070739261806,0.3308819830417633
2022-09-27,37.39702224731445,44.09000015258789,44.58000183105469,43.7400016784668,44.220001220703125,21562700,0.0059319107760993,37.72851338675156,38.78770409046501,PFE,Pfizer,0.5425766706466675,0.41185489296913147,0.045568421483039856
2022-09-28,37.6854133605957,44.43000030517578,44.810001373291016,44.220001220703125,44.66999816894531,16532600,0.0077116063245372,37.7177383802126,38.68749584229507,PFE,Pfizer,0.9991819262504578,0.00010454122821101919,0.0007135324412956834
2022-09-29,37.45639419555664,44.15999984741211,44.619998931884766,43.95000076293945,44.40999984741211,13559900,-0.0060771302373062,37.6524023340486,38.57557751077339,PFE,Pfizer,0.9416795969009399,0.05793250724673271,0.0003879694268107414
2022-09-30,37.11711883544922,43.7599983215332,44.61000061035156,43.72999954223633,44.16999816894531,22962300,-0.0090578756282864,37.51858145939876,38.44299035847119,PFE,Pfizer,0.5035898089408875,1.1918293239432387e-05,0.49639832973480225
2022-10-03,37.43943786621094,44.13999938964844,44.27999877929688,43.4900016784668,44.06999969482422,22834300,0.0086838375626796,37.4987955611018,38.35175831372026,PFE,Pfizer,0.9998506307601929,0.00014107255265116692,8.277837878267746e-06
2022-10-04,37.71085357666016,44.459999084472656,44.84000015258789,44.09000015258789,44.25,28198800,0.007249460085889,37.551810064991386,38.29349424671479,PFE,Pfizer,0.49987584352493286,0.5001207590103149,3.432515541135217e-06
2022-10-05,37.42247009277344,44.119998931884766,44.369998931884766,43.68000030517578,44.119998931884766,15673400,-0.0076472276953498,37.519475071936895,38.21431023272012,PFE,Pfizer,0.997580885887146,0.0024092162493616343,9.87764542514924e-06
2022-10-06,36.548824310302734,43.09000015258789,43.77999877929688,43.040000915527344,43.7599983215332,22068200,-0.0233454868239553,37.27681238152836,38.06290242159127,PFE,Pfizer,0.9991471767425537,0.0008411537273786962,1.1650577107502613e-05
2022-10-07,35.895713806152344,42.31999969482422,43.04999923706055,41.91999816894531,43.04999923706055,20095000,-0.017869535244292,36.93153773768435,37.86588527473318,PFE,Pfizer,0.906302809715271,0.00020148136536590755,0.09349566698074341
2022-10-10,35.41224670410156,41.75,42.619998931884766,41.75,42.34999847412109,17888000,-0.0134686582543434,36.551714979288654,37.642827222857576,PFE,Pfizer,0.9999629259109497,9.770193400981952e-07,3.615824243752286e-05
2022-10-11,35.556434631347656,41.91999816894531,42.56999969482422,41.45000076293945,41.65999984741211,20981200,0.0040716966774489,36.30289489230341,37.45315516908395,PFE,Pfizer,7.735806866548955e-05,0.9999220371246338,5.880392563994974e-07
2022-10-12,35.64973068237305,42.02999877929688,43.13999938964844,41.91999816894531,42.09000015258789,18803600,0.0026238865621002,36.139603839820815,37.28920748847387,PFE,Pfizer,0.1481303721666336,0.8517382144927979,0.00013143528485670686
2022-10-13,36.45552444458008,42.97999954223633,43.15999984741211,41.70000076293945,41.7599983215332,23135200,0.0226030813356312,36.21858399101063,37.21341812084716,PFE,Pfizer,0.729932963848114,0.01243456918746233,0.25763246417045593
2022-10-14,36.353736877441406,42.86000061035156,43.380001068115234,42.36000061035156,42.88999938964844,16980500,-0.0027921026700195,36.252372212618326,37.135265280537546,PFE,Pfizer,0.5999960899353027,0.4000008702278137,3.093361783612636e-06
2022-10-17,37.0238151550293,43.650001525878906,43.810001373291016,43.18999862670898,43.18999862670898,16678400,0.0184321705316543,36.44523294822107,37.12513345094589,PFE,Pfizer,0.20009192824363708,0.7998933792114258,1.465822606405709e-05
2022-10-18,37.39702224731445,44.09000015258789,44.36000061035156,43.619998931884766,44.04999923706055,18442800,0.0100801900269442,36.68318027299441,37.14985061425213,PFE,Pfizer,0.9979811310768127,0.0001227920438395813,0.0018961403984576464
2022-10-19,36.5657844543457,43.11000061035156,44.06999969482422,42.7400016784668,43.90999984741211,23054700,-0.022227379160608,36.65383131833224,37.09675369062427,PFE,Pfizer,5.28735085936205e-07,0.9999995231628418,5.2852911380796286e-08
2022-10-20,36.39615631103516,42.90999984741211,43.40999984741211,42.81999969482422,43.27000045776367,17715000,-0.004638985484431,36.58941256650797,37.033063019752525,PFE,Pfizer,0.7333407402038574,0.26659896969795227,6.033985846443102e-05
2022-10-21,38.12648391723633,44.95000076293945,45.15999984741211,42.9900016784668,43.310001373291016,36575700,0.0475414928822179,36.973680404190056,37.13246491952378,PFE,Pfizer,0.17836083471775055,0.8197088241577148,0.0019304113229736686
2022-10-24,38.62691116333008,45.540000915527344,45.869998931884766,44.9900016784668,45.08000183105469,24972000,0.0131254496790225,37.38698809397506,37.26832366896071,PFE,Pfizer,3.419529104320418e-09,1.0,6.091053439405414e-09
2022-10-25,38.66931915283203,45.59000015258789,45.81999969482422,44.88999938964844,45.27000045776367,23127000,0.0010978871523699,37.70757085868931,37.3956868947672,PFE,Pfizer,0.8404615521430969,0.1594584882259369,7.993338658707216e-05
2022-10-26,39.067970275878906,46.060001373291016,46.650001525878906,45.619998931884766,45.91999816894531,21407900,0.0103092356364302,38.04767071298671,37.54771265668644,PFE,Pfizer,0.7582758665084839,0.0750400498509407,0.166684091091156
2022-10-27,38.79655456542969,45.7400016784668,46.11000061035156,45.68000030517578,45.810001373291016,20377700,-0.0069472692984204,38.234891676097455,37.661243739299465,PFE,Pfizer,0.8211504817008972,0.16486279666423798,0.013986784033477306
2022-10-28,40.2300033569336,47.43000030517578,47.52000045776367,45.93000030517578,45.97999954223633,27854000,0.0369478374448539,38.73366959630649,37.89476734090257,PFE,Pfizer,0.39999717473983765,0.5999987721443176,4.08380674343789e-06
2022-10-31,39.48359298706055,46.54999923706055,47.38999938964844,46.540000915527344,47.08000183105469,29961700,-0.0185535746355935,38.921150443995,38.03920603600784,PFE,Pfizer,0.7499424815177917,0.22069334983825684,0.02936415933072567
2022-11-01,40.72195816040039,48.0099983215332,48.41999816894531,47.400001525878906,48.0,30614500,0.0313640446487653,39.37135237309635,38.2830925927708,PFE,Pfizer,0.19960978627204895,0.8003819584846497,8.278681889350992e-06
2022-11-02,39.92464828491211,47.06999969482422,48.16999816894531,46.95000076293945,47.77000045776367,25813100,-0.0195793599204572,39.50967635105029,38.43232492842001,PFE,Pfizer,0.19774694740772247,0.8000105619430542,0.0022424706257879734
2022-11-03,39.83910369873047,46.56999969482422,46.79999923706055,46.15999984741211,46.36000061035156,20124600,-0.0021426509651675,39.59203318797033,38.560213907539136,PFE,Pfizer,0.23802253603935242,0.5001938343048096,0.26178357005119324
2022-11-04,40.39516067504883,47.220001220703125,47.540000915527344,46.61000061035156,47.470001220703125,24528500,0.0139575674323235,39.79281505973995,38.72702725004002,PFE,Pfizer,2.2964917661738582e-05,0.9999760389328003,9.890590035865898e-07
2022-11-07,40.2839469909668,47.09000015258789,47.650001525878906,46.75,47.15999984741211,20304400,-0.0027531437484966,39.91559804254666,38.86856540830608,PFE,Pfizer,3.285852653789334e-05,0.00774820800870657,0.9922189712524414
2022-11-08,40.50636291503906,47.34999847412109,47.75,46.75,47.040000915527344,18054500,0.0055212048641146,40.06328926066976,39.01745609073635,PFE,Pfizer,0.9982315897941589,0.0017583603039383888,1.0004527212004177e-05
2022-11-09,39.96742248535156,46.720001220703125,47.5,46.70000076293945,47.15999984741211,15348100,-0.0133050807552855,40.03932256684021,39.10381667206501,PFE,Pfizer,0.6072803735733032,0.3918539881706238,0.0008656377904117107
2022-11-10,40.53203201293945,47.380001068115234,47.75,46.84999847412109,47.52999877929688,20480600,0.0141267435445662,40.16249992836502,39.233654430326325,PFE,Pfizer,0.9607107043266296,0.03827434033155441,0.0010149156441912055
2022-11-11,40.72023010253906,47.59999847412109,47.70000076293945,46.310001373291016,47.06999969482422,20909800,0.004643194043159,40.30193247190853,39.36879767325476,PFE,Pfizer,0.0003922923351638019,0.9991884827613831,0.0004192829946987331
2022-11-14,42.12320709228516,49.2400016784668,49.81999969482422,47.93000030517578,47.9900016784668,26143000,0.0344540535800805,40.75725112700269,39.61919852953025,PFE,Pfizer,0.08755452185869217,0.9124113321304321,3.413389640627429e-05
2022-11-15,41.55004119873047,48.56999969482422,49.52999877929688,48.18000030517578,49.34000015258789,25440500,-0.0136068911443274,40.95544864493464,39.794729681275726,PFE,Pfizer,0.9999527931213379,1.904626697069034e-05,2.8185168048366904e-05
2022-11-16,41.10519409179688,48.04999923706055,49.060001373291016,48.04999923706055,48.79999923706055,15822200,-0.0107062976136635,40.9928850066502,39.91386280950492,PFE,Pfizer,0.06463252007961273,0.9353530406951904,1.4478900993708521e-05
2022-11-17,41.3447265625,48.33000183105469,48.5,47.52999877929688,47.79999923706055,13231100,0.0058273042128982,41.08084539561265,40.04394133250448,PFE,Pfizer,0.9986991882324219,0.0012137249577790499,8.709829126019031e-05
2022-11-18,41.25917434692383,48.22999954223633,48.83000183105469,47.869998931884766,48.63999938964844,20666500,-0.0020692412960294,41.125427633440445,40.15441706108805,PFE,Pfizer,0.2000499665737152,0.7999323010444641,1.7755384760675952e-05
2022-11-21,41.21640396118164,48.18000030517578,48.27999877929688,47.720001220703125,48.09999847412109,14736000,-0.0010366272815485,41.14817171537575,40.25096132473292,PFE,Pfizer,0.9390308260917664,0.06044049188494682,0.0005286666564643383
2022-11-22,41.986328125,49.08000183105469,49.25,48.2400016784668,48.34000015258789,16358600,0.0186800421633941,41.35771081778181,40.40872194293902,PFE,Pfizer,0.8010414242744446,0.18516339361667633,0.013795115984976292
2022-11-23,41.78956985473633,48.84999847412109,49.220001220703125,48.52000045776367,48.959999084472656,10710800,-0.004686246191329,41.465675577020434,40.53425357128423,PFE,Pfizer,0.4031311273574829,0.5554847717285156,0.041384048759937286
2022-11-25,42.097537994384766,49.209999084472656,49.220001220703125,48.84000015258789,48.93000030517578,6760200,0.0073694977172285,41.62364118136152,40.67637033702064,PFE,Pfizer,0.5879231691360474,0.38778170943260193,0.024295156821608543
2022-11-28,42.40550231933594,49.56999969482422,49.7400016784668,49.060001373291016,49.18000030517578,20704000,0.0073154949107059,41.81910646585513,40.83356415359477,PFE,Pfizer,0.5895879864692688,0.20000550150871277,0.21040654182434082
2022-11-29,42.33707427978516,49.4900016784668,49.66999816894531,49.09999847412109,49.5,17160900,-0.001613659450028,41.94859841933764,40.97024689233934,PFE,Pfizer,0.2246028333902359,0.7745990753173828,0.0007980235386639833
2022-11-30,42.88456726074219,50.130001068115234,50.130001068115234,49.040000915527344,49.63999938964844,35572700,0.0129317622974822,42.182590629688775,41.1442760167396,PFE,Pfizer,0.5096046924591064,0.25493261218070984,0.23546269536018372
2022-12-01,43.697265625,51.08000183105469,51.15999984741211,50.27999877929688,50.310001373291016,23592600,0.0189508351411482,42.56125937851658,41.37636598112691,PFE,Pfizer,0.772368848323822,0.012134287506341934,0.21549683809280396
2022-12-02,43.55183792114258,50.90999984741211,51.33000183105469,50.47999954223633,50.560001373291016,16881600,-0.0033280733194028,42.80890401417308,41.57413615749197,PFE,Pfizer,0.8046476244926453,0.19528529047966003,6.708996806992218e-05
2022-12-05,43.39784622192383,50.72999954223633,51.02999877929688,50.34999847412109,50.90999984741211,17959800,-0.0035358255028772,42.95613956611077,41.73992798153122,PFE,Pfizer,0.9986276626586914,0.0003705341659951955,0.0010018647881224751
2022-12-06,42.5252685546875,49.709999084472656,50.84999847412109,49.18000030517578,50.66999816894531,21787100,-0.0201064740119641,42.848421813254944,41.81132257909088,PFE,Pfizer,0.6966930627822876,0.00036052317591384053,0.30294641852378845
2022-12-07,42.97866821289063,50.2400016784668,51.150001525878906,49.75,49.75,15929900,0.0106618881811422,42.88098341316386,41.91744490943631,PFE,Pfizer,0.6583160161972046,0.02366570197045803,0.3180182874202728
2022-12-08,44.296085357666016,51.77999877929688,51.869998931884766,50.02000045776367,50.18000030517578,26116800,0.0306528145136952,43.2347588992894,42.13368495018446,PFE,Pfizer,0.9999990463256836,3.3371958352290676e-07,6.005147952237166e-07
2022-12-09,44.244754791259766,51.720001220703125,52.84000015258789,51.630001068115234,51.75,19933500,-0.0011588059304064,43.487257872282,42.32560039028221,PFE,Pfizer,0.8080991506576538,0.19112809002399445,0.0007726721232756972
2022-12-12,44.62116622924805,52.15999984741211,52.59000015258789,51.75,52.119998931884766,18532200,0.0085074816159369,43.77073496152351,42.53428819382456,PFE,Pfizer,0.8731592893600464,0.12682673335075378,1.3923437109042425e-05
2022-12-13,45.39964294433594,53.06999969482422,54.040000915527344,52.880001068115234,53.09999847412109,29461800,0.0174463551913535,44.17796195722661,42.7947749893256,PFE,Pfizer,0.34222570061683655,0.6566740870475769,0.0011001930106431246
2022-12-14,46.60585021972656,54.47999954223633,54.93000030517578,52.900001525878906,53.13999938964844,36260300,0.0265686511426872,44.7849340228516,43.141236373907496,PFE,Pfizer,0.7999164462089539,0.19956380128860474,0.000519788300152868
2022-12-15,45.86159133911133,53.61000061035156,54.43000030517578,53.400001525878906,54.06999969482422,21627100,-0.01596921581961,45.05409835191654,43.38854137074421,PFE,Pfizer,0.9999958276748657,3.888392541284702e-07,3.801480033871485e-06
2022-12-16,43.97100830078125,51.400001525878906,53.13999938964844,51.400001525878906,53.0099983215332,65689500,-0.0412236685018333,44.78332583913272,43.44149290983849,PFE,Pfizer,6.698649940517498e-06,0.5000119805335999,0.4999813139438629
2022-12-19,43.93678665161133,51.36000061035156,51.810001373291016,50.70000076293945,51.52000045776367,16081900,-0.0007782775627028,44.57169104225237,43.48651961363601,PFE,Pfizer,0.9996047616004944,3.0613478884333745e-05,0.0003646679106168449
2022-12-20,43.90256881713867,51.31999969482422,51.5099983215332,50.84000015258789,51.209999084472656,12433800,-0.0007787969280498,44.40441048597394,43.52434226849989,PFE,Pfizer,1.177912054117769e-06,0.9999986886978149,9.308365633842186e-08
2022-12-21,44.19342803955078,51.65999984741211,52.15999984741211,51.20000076293945,51.61000061035156,12925000,0.0066251071463172,44.35166487436816,43.58516824768634,PFE,Pfizer,0.999102771282196,0.0008533858926966786,4.3835774704348296e-05
2022-12-22,44.17632293701172,51.63999938964844,51.70000076293945,50.95000076293945,51.40999984741211,14822300,-0.0003870508194964,44.30782939002904,43.63890958307955,PFE,Pfizer,0.8000076413154602,0.19998303055763245,9.353881978313439e-06
2022-12-23,44.33885955810547,51.83000183105469,51.95000076293945,51.2400016784668,51.560001373291016,10666500,0.0036792700317203,44.31558693204815,43.702541398991,PFE,Pfizer,0.9977035522460938,0.0006041789893060923,0.0016923444345593452
2022-12-27,43.74003219604492,51.130001068115234,51.93000030517578,51.04999923706055,51.86000061035156,12033800,-0.0135057005982707,44.17169824804734,43.70594965326863,PFE,Pfizer,9.223052757079131e-07,3.393933366169222e-05,0.9999651312828064
2022-12-28,43.45772933959961,50.79999923706055,51.38999938964844,50.75,51.04999923706055,10053900,-0.0064541071936119,43.99320602093541,43.68338417020781,PFE,Pfizer,0.4937475621700287,0.50006103515625,0.006191391497850418
2022-12-29,43.911128997802734,51.33000183105469,51.66999816894531,50.9900016784668,51.02000045776367,8971300,0.010433118920228,43.97268676515224,43.704088245443714,PFE,Pfizer,0.9981256127357483,0.0018298879731446505,4.451688437256962e-05
2022-12-30,43.83414077758789,51.2400016784668,51.400001525878906,50.75,51.290000915527344,11396200,-0.0017532735316073,43.93805026826115,43.71591120291136,PFE,Pfizer,0.0014830551808699965,0.9434854984283447,0.0550314299762249
2023-01-03,43.85124206542969,51.2599983215332,51.33000183105469,50.81999969482422,51.0099983215332,15603800,,43.85124206542969,43.85124206542969,PFE,Pfizer,0.9990938901901245,0.0007247551111504436,0.00018142946646548808
2023-01-04,42.88456344604492,50.130001068115234,50.630001068115234,49.52000045776367,50.290000915527344,21808400,-0.0220444980313762,43.609572410583496,43.76336219094016,PFE,Pfizer,0.9472752213478088,0.05221864953637123,0.0005061651463620365
2023-01-05,42.48249435424805,49.65999984741211,49.9900016784668,48.91999816894531,49.72999954223633,20057400,-0.0093756134955818,43.327802896499634,43.646919660331776,PFE,Pfizer,0.9998492002487183,2.401471465418581e-05,0.00012686094851233065
2023-01-06,43.56038665771485,50.91999816894531,51.59999847412109,49.560001373291016,49.97999954223633,29635900,0.0253726227673589,43.38594883680344,43.63905302373024,PFE,Pfizer,0.7494073510169983,0.10488258302211761,0.14571009576320648
2023-01-09,41.39605712890625,48.38999938964844,50.2599983215332,48.310001373291016,50.04999923706055,30839100,-0.0496857281321968,42.88847590982914,43.43514430601896,PFE,Pfizer,0.4948230981826782,0.00522644305601716,0.4999504089355469
2023-01-10,40.73733901977539,47.619998931884766,48.470001220703125,47.380001068115234,48.34999847412109,29212000,-0.0159125809272034,42.3506916873157,43.18988927999682,PFE,Pfizer,0.4995828866958618,0.5000455379486084,0.00037154858000576496
2023-01-11,40.59191131591797,47.45000076293945,47.7400016784668,46.86000061035156,47.70000076293945,23022200,-0.0035698871687919,41.91099659446627,42.95370946508056,PFE,Pfizer,0.9964948296546936,0.0006307910080067813,0.0028744502924382687
2023-01-12,40.81433868408203,47.709999084472656,47.720001220703125,46.58000183105469,47.27000045776367,23345300,0.0054795982981179,41.63683211687021,42.75922121226252,PFE,Pfizer,0.96653813123703,0.022709397599101067,0.010752513073384762
2023-01-13,40.93410110473633,47.84999847412109,48.15999984741211,47.4900016784668,47.5,18737500,0.0029343222140949,41.46114936383674,42.5933012024874,PFE,Pfizer,0.43056511878967285,0.538244903087616,0.031189994886517525
2023-01-17,39.41992950439453,46.08000183105469,46.7400016784668,45.709999084472656,46.540000915527344,29391400,-0.0369904690582444,40.95084439897619,42.30481286629714,PFE,Pfizer,0.799866259098053,0.19998031854629517,0.00015348668966908008
2023-01-18,38.49602508544922,45.0,45.84999847412109,44.970001220703125,45.54999923706055,33835000,-0.0234374954638697,40.337139570594445,41.9585594316746,PFE,Pfizer,0.5998433828353882,0.400033175945282,0.0001233768998645246
2023-01-19,38.461795806884766,44.959999084472656,45.27000045776367,44.63999938964844,44.720001220703125,26614900,-0.000889163971825,39.86830362966703,41.640671829420974,PFE,Pfizer,0.3474847078323364,0.33336111903190613,0.31915417313575745
2023-01-20,38.590126037597656,45.11000061035156,45.43000030517578,44.72999954223633,45.27999877929688,25197600,0.0033365636736577,39.54875923164968,41.363349484709765,PFE,Pfizer,0.9962395429611206,0.0015927872154861689,0.0021676502656191587
2023-01-23,38.47890853881836,44.97999954223633,45.31999969482422,44.81999969482422,45.040000915527344,19398600,-0.0028820195785559,39.28129655844185,41.10112758053781,PFE,Pfizer,0.660362184047699,0.07522060722112656,0.26441726088523865
2023-01-24,38.2479362487793,44.709999084472656,44.95000076293945,44.150001525878906,44.91999816894531,18853100,-0.0060025686489015,39.02295648102621,40.84174655037795,PFE,Pfizer,0.9979738593101501,0.0011909150052815676,0.0008351854630745947
2023-01-25,38.555908203125,45.06999969482422,45.11000061035156,44.59000015258789,45.02999877929688,20828000,0.0080519888012398,38.90619441155091,40.63394306426404,PFE,Pfizer,0.7053515911102295,0.009309121407568455,0.28533926606178284
2023-01-26,38.201942443847656,44.25,44.29999923706055,43.61000061035156,44.20000076293945,38465500,-0.0091805841380402,38.730131419625096,40.41285209877164,PFE,Pfizer,0.05070662871003151,0.9489026665687561,0.0003907452046405524
2023-01-27,37.80481719970703,43.790000915527344,44.34000015258789,43.77999877929688,44.220001220703125,23798600,-0.0103954201994925,38.49880286464558,40.17575801703849,PFE,Pfizer,0.5987769365310669,0.4011150002479553,0.00010808053048094735
2023-01-30,37.59762191772461,43.54999923706055,44.13999938964844,43.400001525878906,43.790000915527344,24402200,-0.0054806582158007,38.273507627915336,39.94138200800995,PFE,Pfizer,0.4211835563182831,0.2513197660446167,0.3274967074394226
2023-01-31,38.124244689941406,44.15999984741211,44.27999877929688,42.70000076293945,43.0,49722500,0.0140068106799204,38.236191893421854,39.77618770636736,PFE,Pfizer,0.17186647653579712,0.5999123454093933,0.22822114825248718
2023-02-01,37.96021270751953,43.970001220703125,44.18000030517578,43.40999984741211,43.90999984741211,24482300,-0.0043025634673138,38.16719709694628,39.61109907010847,PFE,Pfizer,0.5436704158782959,0.39999955892562866,0.056330014020204544
2023-02-02,38.27964401245117,44.34000015258789,44.459999084472656,43.5,43.630001068115234,35279200,0.0084148976559439,38.1953088258225,39.49005770123053,PFE,Pfizer,0.10758978128433228,0.6886223554611206,0.2037878781557083
2023-02-03,38.03791046142578,44.060001373291016,44.38999938964844,43.880001068115234,44.36000061035156,23742000,-0.0063149372796351,38.15595923472332,39.35804431579373,PFE,Pfizer,1.2224062402310665e-06,0.999951958656311,4.67879326606635e-05
2023-02-06,37.77891159057617,43.7599983215332,44.29999923706055,43.72999954223633,44.18999862670898,18071200,-0.0068089668361847,38.06169732368653,39.21448679531941,PFE,Pfizer,0.9999922513961792,3.110028274022625e-06,4.673859621107113e-06
2023-02-07,37.63214492797852,43.59000015258789,43.900001525878906,43.25,43.81999969482422,22999500,-0.0038848832964861,37.95430922475953,39.07063753465205,PFE,Pfizer,0.7982346415519714,2.7987251087324694e-05,0.2017374038696289
2023-02-08,37.96883773803711,43.97999954223633,44.09999847412109,43.52999877929688,43.54999923706055,19362300,0.0089469471034129,37.95794135307892,38.97047391677796,PFE,Pfizer,0.7683317065238953,0.035470835864543915,0.19619746506214142
2023-02-09,37.41632080078125,43.34000015258789,44.33000183105469,43.2400016784668,44.119998931884766,20809200,-0.0145518527869592,37.8225362150045,38.829187269869166,PFE,Pfizer,0.4999958872795105,0.4999999701976776,4.096248176210793e-06
2023-02-10,37.88251495361328,43.880001068115234,43.97999954223633,43.2599983215332,43.5,18619600,0.01245964709663,37.8375308996567,38.743126150209534,PFE,Pfizer,0.8688570261001587,0.009592005982995033,0.12155096232891083
2023-02-13,37.97747802734375,43.9900016784668,44.0099983215332,43.5099983215332,43.68000030517578,17878000,0.0025067784925776,37.87251768157846,38.67352177540355,PFE,Pfizer,0.7626407146453857,7.780181476846337e-05,0.23728148639202118
2023-02-14,37.744384765625,43.720001220703125,44.20000076293945,43.58000183105469,44.09000015258789,17506900,-0.0061376708993399,37.84048445259009,38.58905477451459,PFE,Pfizer,0.9996174573898315,1.5371320841950364e-05,0.0003671509912237525
2023-02-15,37.399051666259766,43.31999969482422,43.61000061035156,43.11000061035156,43.41999816894531,18994700,-0.0091492576050608,37.73012625600751,38.48087267376415,PFE,Pfizer,0.8491098880767822,0.03004821203649044,0.12084189802408218
2023-02-16,37.079627990722656,42.95000076293945,43.18000030517578,42.77000045776367,43.150001525878906,17832000,-0.0085409565565344,37.567501689686296,38.35348679348764,PFE,Pfizer,0.9649894833564758,0.00043402938172221184,0.034576576203107834
2023-02-17,37.304080963134766,43.209999084472656,43.369998931884766,42.58000183105469,42.88999938964844,18293400,0.0060532692633341,37.50164650804841,38.25808626345556,PFE,Pfizer,0.9998538494110107,4.9108824896393344e-05,9.701113594928756e-05
2023-02-21,36.8637924194336,42.70000076293945,42.93000030517578,42.619998931884766,42.810001373291016,17356600,-0.011802691081876,37.34218298589471,38.13133227763538,PFE,Pfizer,0.4407861530780792,0.052622828632593155,0.5065909624099731
2023-02-22,36.58753204345703,42.380001068115234,42.88999938964844,42.310001373291016,42.720001220703125,17394200,-0.0074940845161368,37.15352025028529,37.990986801800986,PFE,Pfizer,0.48486122488975525,0.49661770462989807,0.018521105870604515
2023-02-23,36.51846694946289,42.29999923706055,42.75,42.220001220703125,42.290000915527344,21104300,-0.0018876674685821,36.99475692507969,37.857121360679336,PFE,Pfizer,0.10711348056793213,0.0012858109548687935,0.8916007280349731
2023-02-24,36.04363632202149,41.75,42.04999923706055,41.5099983215332,42.02999877929688,16806100,-0.013002479761774,36.75697677431514,37.69225908443771,PFE,Pfizer,0.9996670484542847,8.517650712747127e-05,0.000247739750193432
2023-02-27,35.20621871948242,40.77999877929688,41.72999954223633,40.72999954223633,41.43999862670898,26370300,-0.0232334383539273,36.36928726060696,37.46625541489632,PFE,Pfizer,0.894441545009613,0.10534360259771347,0.00021483941236510873
2023-02-28,35.02492141723633,40.56999969482422,40.709999084472656,40.09000015258789,40.5,31086900,-0.0051495817739087,36.0331957997643,37.24431596056359,PFE,Pfizer,0.9983654022216797,0.0007474999292753637,0.0008871370228007436
2023-03-01,34.688228607177734,40.18000030517578,40.7599983215332,40.13999938964844,40.560001373291016,21104400,-0.0096129497636189,35.696954001617655,37.01194438298306,PFE,Pfizer,0.9969779253005981,0.0014933538623154163,0.0015287138521671295
2023-03-02,35.06808853149414,40.619998931884766,40.77999877929688,39.810001373291016,40.060001373291016,19110600,0.0109506867190618,35.53973763408678,36.83523021466589,PFE,Pfizer,0.49980443716049194,0.49999722838401794,0.00019834541308227926
2023-03-03,35.52565002441406,41.150001525878906,41.18000030517578,40.7400016784668,40.90999984741211,20922000,0.0130478024916866,35.5362157316686,36.716177470097534,PFE,Pfizer,0.95124751329422,0.04865337908267975,9.906242485158145e-05
2023-03-06,35.491111755371094,41.11000061035156,41.2599983215332,40.81999969482422,41.09000015258789,19434800,-0.0009722065330045,35.524939737594224,36.60480785966786,PFE,Pfizer,0.9999903440475464,7.28195163901546e-06,2.4332377961400198e-06
2023-03-07,34.82635498046875,40.34000015258789,41.130001068115234,40.09999847412109,41.060001373291016,23205800,-0.0187302325011484,35.350293548312855,36.443130325195206,PFE,Pfizer,0.6264767646789551,0.20000119507312775,0.17352205514907837
2023-03-08,34.63642501831055,40.119998931884766,40.56999969482422,39.90999984741211,40.31999969482422,16756100,-0.0054536273539025,35.17182641581228,36.2788843882057,PFE,Pfizer,0.015851980075240135,0.9829288721084595,0.001219174824655056
2023-03-09,34.0666389465332,39.459999084472656,40.56999969482422,39.310001373291016,40.40999984741211,18585100,-0.0164504873547465,34.895529548492505,36.077771166235465,PFE,Pfizer,0.9692203402519226,0.015648985281586647,0.015130658634006977
2023-03-10,34.006202697753906,39.38999938964844,39.93000030517578,39.22999954223633,39.290000915527344,26328100,-0.0017740596269021,34.673197835807855,35.88944676000987,PFE,Pfizer,0.6677988171577454,0.33214521408081055,5.6034274166449904e-05
2023-03-13,34.411964416503906,39.86000061035156,40.5099983215332,39.2599983215332,39.2599983215332,35299400,0.011931991418048,34.60788948098187,35.7551301833275,PFE,Pfizer,0.8058554530143738,0.1941240131855011,2.0497727746260352e-05
2023-03-14,34.44649887084961,39.900001525878906,40.150001525878906,39.52000045776367,40.04999923706055,24583600,0.0010035595157462,34.5675418284488,35.636163700374965,PFE,Pfizer,0.5924490094184875,0.21645841002464294,0.1910926103591919
2023-03-15,34.7745475769043,40.27999877929688,40.52999877929688,39.459999084472656,39.7599983215332,25498400,0.0095234266705781,34.619293265562675,35.557834961877624,PFE,Pfizer,0.8513362407684326,0.1485220044851303,0.0001417894964106381
2023-03-16,34.85225296020508,40.369998931884766,40.4900016784668,39.720001220703125,40.060001373291016,21095900,0.0022345476423217,34.67753318922328,35.49369114354376,PFE,Pfizer,0.5644118785858154,0.2002086341381073,0.23537948727607727
2023-03-17,34.619163513183594,40.09999847412109,40.790000915527344,39.9900016784668,40.630001068115234,57457800,-0.0066879305417537,34.66294077021335,35.41418863169283,PFE,Pfizer,0.14052090048789978,0.6000226736068726,0.2594565153121948
2023-03-20,35.232120513916016,40.810001373291016,40.86000061035156,39.93999862670898,40.13999938964844,20825400,0.0177057137876539,34.805235706139015,35.39763698462221,PFE,Pfizer,0.9961903691291809,0.0037524402141571045,5.725080700358376e-05
2023-03-21,35.10261535644531,40.65999984741211,40.90999984741211,40.310001373291016,40.86000061035156,19982000,-0.003675769598357,34.87958061871559,35.370816836606124,PFE,Pfizer,0.9979567527770996,8.169144166458864e-06,0.00203504110686481
2023-03-22,34.54146194458008,40.0099983215332,40.84999847412109,39.9900016784668,40.70000076293945,15444200,-0.0159860855428312,34.79505095018172,35.29542093733103,PFE,Pfizer,0.4176940321922302,0.38230621814727783,0.19999971985816956
2023-03-23,34.688228607177734,40.18000030517578,40.5,40.0,40.16999816894531,16958100,0.0042489997335126,34.76834536443072,35.24022163458982,PFE,Pfizer,0.0,1.0,0.0
2023-03-24,34.86952209472656,40.38999938964844,40.459999084472656,39.869998931884766,40.09000015258789,17218100,0.0052263691410092,34.79363954700468,35.20652167642044,PFE,Pfizer,0.9999948740005493,5.001130034543166e-07,4.642809926735936e-06
2023-03-27,34.722755432128906,40.220001220703125,40.619998931884766,39.970001220703125,40.540000915527344,20262800,-0.0042090242074138,34.775918518285735,35.16254292693939,PFE,Pfizer,0.7673022150993347,2.8675427529378794e-05,0.23266908526420593
2023-03-28,34.524192810058594,39.9900016784668,40.29999923706055,39.86000061035156,40.20000076293945,13537500,-0.0057185156995513,34.71298709122895,35.10451109813204,PFE,Pfizer,0.999752938747406,0.000160367286298424,8.667781366966665e-05
2023-03-29,34.748661041259766,40.25,40.27000045776367,39.9900016784668,40.15999984741211,14429500,0.0065017662378414,34.72190557873665,35.072161092961835,PFE,Pfizer,0.9997485876083374,6.909188959980384e-05,0.00018235530296806246
2023-03-30,34.86089324951172,40.380001068115234,40.4900016784668,40.25,40.41999816894531,12634500,0.0032298282837053,34.75665249643042,35.05295492537546,PFE,Pfizer,0.9962295889854431,0.0031699936371296644,0.0006004396709613502
2023-03-31,35.223487854003906,40.79999923706055,40.83000183105469,40.27999877929688,40.54999923706055,23393600,0.0104011851301963,34.87336133582379,35.068457918887134,PFE,Pfizer,0.6666446328163147,0.3333362638950348,1.9119479475193657e-05
2023-04-03,35.69831085205078,41.34999847412109,41.470001220703125,40.650001525878906,40.68999862670898,20817200,0.0134802947401162,35.07959871488053,35.12571727644747,PFE,Pfizer,0.599972128868103,0.3999595642089844,6.831769860582426e-05
2023-04-04,35.309818267822266,40.900001525878906,41.52999877929688,40.7599983215332,41.43999862670898,19514500,-0.0108826601302957,35.13715360311596,35.14245373020881,PFE,Pfizer,0.7501153945922852,0.016632378101348877,0.23325221240520477
2023-04-05,35.870975494384766,41.54999923706055,42.220001220703125,41.16999816894531,41.290000915527344,29697600,0.0158923850104852,35.32060907593316,35.20868298149753,PFE,Pfizer,0.9995844960212708,0.00031619853689335287,9.936025890056044e-05
2023-04-06,35.82780456542969,41.5,42.09999847412109,41.369998931884766,41.93000030517578,25931800,-0.0012035058528541,35.447407948307294,35.264966761855,PFE,Pfizer,0.49925750494003296,0.0008862072718329728,0.49985623359680176
2023-04-10,36.026371002197266,41.72999954223633,41.7400016784668,41.119998931884766,41.150001525878906,15137300,0.0055422440525192,35.592148711779785,35.33418532915884,PFE,Pfizer,0.9999423623085022,3.329814717289992e-05,2.43432295974344e-05
2023-04-11,36.07817840576172,41.790000915527344,41.9900016784668,41.70000076293945,41.79999923706055,15304100,0.0014380411382899,35.71365613527527,35.40182106339546,PFE,Pfizer,0.9936051368713379,0.0002822933020070195,0.006112600211054087
2023-04-12,35.715576171875,41.369998931884766,41.790000915527344,41.27000045776367,41.630001068115234,17035100,-0.0100504584740567,35.714136144425204,35.43034425507542,PFE,Pfizer,0.5803424715995789,0.41963350772857666,2.4008197215152904e-05
2023-04-13,35.801910400390625,41.470001220703125,41.70000076293945,41.29999923706055,41.52999877929688,22880900,0.0024172710556356,35.73607970841656,35.46412299555862,PFE,Pfizer,0.999781608581543,0.00017645093612372875,4.1967068682424724e-05
2023-04-14,35.5601806640625,41.18999862670898,41.709999084472656,40.93000030517578,41.5099983215332,20627500,-0.0067518669709168,35.69210494732805,35.47285551087715,PFE,Pfizer,0.3333543539047241,7.573854963993654e-05,0.6665698885917664
2023-04-17,35.551551818847656,41.18000030517578,41.27999877929688,40.959999084472656,41.119998931884766,17608600,-0.0002426547068576,35.656966665207946,35.48000972069265,PFE,Pfizer,0.0,1.0,0.0
2023-04-18,35.00765609741211,40.54999923706055,41.33000183105469,40.52999877929688,41.27999877929688,18541500,-0.015298789887062,35.49463902325898,35.4370684822126,PFE,Pfizer,0.6758792400360107,0.25003582239151,0.07408493012189865
2023-04-19,34.74003219604492,40.2400016784668,40.560001373291016,40.20000076293945,40.43000030517578,17214300,-0.0076447249316692,35.30598731645547,35.37370154710645,PFE,Pfizer,0.996982753276825,5.5576569138793275e-05,0.002961627207696438
2023-04-20,34.4033317565918,39.84999847412109,40.18999862670898,39.790000915527344,40.08000183105469,20131600,-0.0096920013646808,35.08032342648956,35.28548611160512,PFE,Pfizer,0.9999763369560242,1.3261023923405446e-06,2.233610939583741e-05
2023-04-21,34.71412658691406,40.209999084472656,40.29999923706055,39.90999984741211,40.09000015258789,19227100,0.0090338584797886,34.98877421659569,35.2335443366332,PFE,Pfizer,0.7678658962249756,0.23162834346294403,0.0005057489615865052
2023-04-24,34.45512771606445,39.90999984741211,40.20000076293945,39.709999084472656,40.18999862670898,17633700,-0.0074609070229997,34.85536259146288,35.162779189308765,PFE,Pfizer,0.9169331789016724,0.006631961092352867,0.07643487304449081
2023-04-25,33.95441055297852,39.33000183105469,39.91999816894531,39.27999877929688,39.75,24492400,-0.0145324425209569,34.630124581841784,35.052927495096924,PFE,Pfizer,0.979118287563324,0.014040164649486542,0.006841563154011965
2023-04-26,33.35008239746094,38.630001068115234,39.18999862670898,38.400001525878906,39.15999984741211,22401400,-0.01779822254828,34.31011403574657,34.898123395311835,PFE,Pfizer,0.4999915361404419,0.5000025033950806,5.967624019831419e-06
2023-04-27,33.44504928588867,38.7400016784668,38.83000183105469,38.310001373291016,38.619998931884766,22434000,0.0028475758259285,34.093847848282095,34.76602574900064,PFE,Pfizer,0.9999138116836548,3.1929801480146125e-05,5.4325118981068954e-05
2023-04-28,33.57453918457031,38.88999938964844,38.90999984741211,38.619998931884766,38.70000076293945,21015300,0.0038717209705616,33.964020682354146,34.65770878859789,PFE,Pfizer,0.986422061920166,0.0005184309557080269,0.013059452176094055
2023-05-01,33.85080337524414,39.209999084472656,39.52000045776367,38.86000061035156,39.0,23917800,0.0082283836914369,33.935716355576645,34.584353751020274,PFE,Pfizer,0.6803815364837646,0.3193310797214508,0.00028743446455337107
2023-05-02,33.721309661865234,39.060001373291016,40.119998931884766,38.630001068115234,39.290000915527344,38834100,-0.0038254251145367,33.8821146821488,34.505895197460724,PFE,Pfizer,4.940063081448898e-05,0.18613062798976898,0.8138200044631958
2023-05-03,33.19468307495117,38.45000076293945,39.38999938964844,38.36000061035156,39.20000076293945,27721900,-0.0156170265091931,33.71025678034939,34.3866940954144,PFE,Pfizer,0.1983378827571869,0.7985192537307739,0.0031428723596036434
2023-05-04,33.00474548339844,38.22999954223633,38.43000030517578,38.02000045776367,38.16999816894531,23675100,-0.0057219281510797,33.53387895611165,34.26106240341295,PFE,Pfizer,0.4999929666519165,0.5000003576278687,6.719747943861876e-06
2023-05-05,33.229217529296875,38.4900016784668,38.5,38.09000015258789,38.380001068115234,19225100,0.0068012051785506,33.45771359940795,34.16725832394785,PFE,Pfizer,0.6286286115646362,0.2504044473171234,0.12096695601940155
2023-05-08,33.384613037109375,38.66999816894531,38.72999954223633,38.34999847412109,38.52999877929688,20101700,0.0046764720738756,33.43943845883331,34.096108752417074,PFE,Pfizer,0.9998475909233093,7.742211892036721e-05,7.50390172470361e-05
2023-05-09,33.220577239990234,38.47999954223633,38.66999816894531,38.38999938964844,38.47999954223633,15987900,-0.0049135150057544,33.38472315412254,34.01651497856009,PFE,Pfizer,0.9999868869781494,2.3482450615119888e-06,1.0746615771495271e-05
2023-05-10,33.065181732177734,38.29999923706055,38.720001220703125,38.08000183105469,38.66999816894531,15858200,-0.0046776883703706,33.30483779863634,33.93003013797988,PFE,Pfizer,0.9828854203224182,0.01507460605353117,0.002040029503405094
2023-05-11,32.794654846191406,37.58000183105469,37.650001525878906,37.209999084472656,37.59999847412109,28566400,-0.0081816240472394,33.177292060525104,33.82681420236274,PFE,Pfizer,0.9993031024932861,1.8592683773022145e-05,0.0006782730924896896
2023-05-12,32.59394836425781,37.34999847412109,37.720001220703125,37.22999954223633,37.61000061035156,16541300,-0.0061200974023027,33.03145613645828,33.714735489807744,PFE,Pfizer,0.7997927069664001,3.2947173167485744e-05,0.20017437636852264
2023-05-15,32.42813873291016,37.15999984741211,37.36000061035156,37.0099983215332,37.29999923706055,16650400,-0.0050871293497378,32.88062678557125,33.597772148271595,PFE,Pfizer,0.33329954743385315,0.6666662096977234,3.42373205057811e-05
2023-05-16,32.29723358154297,37.0099983215332,37.2400016784668,36.83000183105469,37.02000045776367,25451700,-0.0040367765922481,32.73477848456418,33.479541369478085,PFE,Pfizer,0.9999849796295166,1.1861112625410897e-06,1.3795401173410937e-05
2023-05-17,32.070350646972656,36.75,37.04999923706055,36.5099983215332,36.97999954223633,23206400,-0.0070248411213761,32.5686715251663,33.35143312197759,PFE,Pfizer,0.7999008893966675,0.20009782910346985,1.2815893342121853e-06
2023-05-18,31.83473014831543,36.47999954223633,36.77999877929688,36.16999816894531,36.709999084472656,27772400,-0.0073469885393806,32.38518618095358,33.21355103346285,PFE,Pfizer,0.7722756266593933,0.19995324313640594,0.027771124616265297
2023-05-19,32.08780670166016,36.77000045776367,37.650001525878906,36.52000045776367,36.650001525878906,33068300,0.0079496999712471,32.310841311130226,33.1112106396626,PFE,Pfizer,0.7833837270736694,0.009561139158904552,0.20705513656139374
2023-05-22,33.815677642822266,38.75,38.869998931884766,36.75,36.86000061035156,85718600,0.0538482096089387,32.68705039405324,33.1752530944953,PFE,Pfizer,0.6427263617515564,0.3250642418861389,0.03220932558178902
2023-05-23,34.59233856201172,39.63999938964844,40.13999938964844,38.0,38.54999923706055,75379500,0.0229674805690107,33.163372436042856,33.3040790460877,PFE,Pfizer,0.6666915416717529,0.3332834541797638,2.498204958101269e-05
2023-05-24,33.71095657348633,38.630001068115234,40.13999938964844,38.59999847412109,40.09999847412109,39326400,-0.02547910968625,33.30026847040372,33.34106791221485,PFE,Pfizer,0.7505162954330444,0.0003252368187531829,0.24915853142738342
2023-05-25,33.012821197509766,37.83000183105469,38.5099983215332,37.650001525878906,38.5099983215332,30266600,-0.020709450188834,33.22840665218023,33.31122730178711,PFE,Pfizer,0.9260308146476746,0.012762135826051235,0.06120705604553223
2023-05-26,32.812103271484375,37.59999847412109,38.43999862670898,37.560001373291016,38.040000915527344,20234600,-0.0060799991865139,33.12433080700627,33.26585238994141,PFE,Pfizer,0.25084736943244934,0.00036999653093516827,0.7487826347351074
2023-05-30,32.29723358154297,37.0099983215332,37.36000061035156,36.91999816894531,37.36000061035156,24371100,-0.0156914564629222,32.917556500640444,33.17779613463246,PFE,Pfizer,0.49009424448013306,0.31006523966789246,0.1998405158519745
2023-05-31,33.17862701416016,38.02000045776367,38.220001220703125,36.869998931884766,37.09999847412109,46166300,0.0272900597009919,32.98282412902037,33.17787166913497,PFE,Pfizer,0.5543552041053772,0.4445660710334778,0.0010786555940285325
2023-06-01,33.17862701416016,38.02000045776367,38.209999084472656,37.70000076293945,38.119998931884766,20256100,0.0,33.03177485030532,33.17794033686453,PFE,Pfizer,0.9994913339614868,5.7583725720178336e-05,0.00045117392437532544
2023-06-02,33.475337982177734,38.36000061035156,38.65999984741211,38.15999984741211,38.25,22736400,0.0089428344304587,33.142665633273424,33.204976486438454,PFE,Pfizer,0.8695934414863586,0.10678425431251526,0.023622337728738785
2023-06-05,33.72840881347656,38.650001525878906,39.02000045776367,38.470001220703125,38.47999954223633,18392200,0.0075599186312491,33.28910142832421,33.25256124344192,PFE,Pfizer,0.9999959468841553,2.1059099708509166e-06,1.914164158733911e-06
2023-06-06,33.48406219482422,38.369998931884766,38.86000061035156,38.290000915527344,38.810001373291016,19508200,-0.0072445344221133,33.33784161994921,33.27360678447667,PFE,Pfizer,0.0018961600726470351,0.0006889274227432907,0.9974149465560913
2023-06-07,33.93784713745117,38.88999938964844,39.060001373291016,38.130001068115234,38.34999847412109,25295100,0.013552266746688,33.4878429993247,33.33399227111072,PFE,Pfizer,0.6027693152427673,0.00017287570517510176,0.39705780148506165
2023-06-08,34.11237335205078,39.09000015258789,39.18999862670898,38.72999954223633,39.040000915527344,17347600,0.0051425246242864,33.64397558750622,33.40475418755981,PFE,Pfizer,0.9997498989105225,0.00014753034338355064,0.0001026556346914731
2023-06-09,34.007659912109375,38.970001220703125,39.59000015258789,38.869998931884766,39.27999877929688,19775100,-0.0030696615231291,33.73489666865701,33.4595637988825,PFE,Pfizer,0.6633638739585876,0.1699845939874649,0.16665148735046387
2023-06-12,34.819236755371094,39.900001525878906,40.06999969482422,38.9900016784668,39.0099983215332,28334600,0.0238645306780644,34.00598169033553,33.583170431290554,PFE,Pfizer,0.3939054310321808,0.0030838765669614077,0.6030107140541077
2023-06-13,35.150840759277344,40.27999877929688,40.369998931884766,39.45000076293945,39.66999816894531,26533800,0.0095235862358498,34.29219645757098,33.72568591565299,PFE,Pfizer,0.9166472554206848,0.08329809457063675,5.467108712764457e-05
2023-06-14,34.347999572753906,39.36000061035156,40.34000015258789,39.31999969482422,40.31999969482422,22056400,-0.0228398857376276,34.30614723636671,33.78225988448035,PFE,Pfizer,0.999964714050293,1.9326562323840335e-06,3.3421900297980756e-05
2023-06-15,34.68832778930664,39.75,39.83000183105469,39.27999877929688,39.40999984741211,19905900,0.0099082398039476,34.401692374601694,33.864629694010006,PFE,Pfizer,0.9944741725921631,2.7705380489351228e-05,0.005498165730386972
2023-06-16,34.958858489990234,40.060001373291016,40.36000061035156,39.84999847412109,39.86000061035156,60338600,0.0077988971485385,34.54098390344883,33.96410503909912,PFE,Pfizer,0.8000105023384094,2.0118901375099085e-05,0.19996944069862366
2023-06-20,34.33054733276367,39.34000015258789,39.869998931884766,39.33000183105469,39.709999084472656,26881200,-0.017972873954293,34.488374760777546,33.9974179748868,PFE,Pfizer,0.9999393224716187,2.3207946924230782e-06,5.840375160914846e-05
2023-06-21,33.94657897949219,38.900001525878906,39.2400016784668,38.7599983215332,39.20000076293945,17982900,-0.0111844518396314,34.3529258154562,33.99279624803275,PFE,Pfizer,0.6729928851127625,3.5071814636467025e-05,0.32697203755378723
2023-06-22,33.798213958740234,38.72999954223633,38.9900016784668,38.40999984741211,38.93999862670898,18039800,-0.0043705441081878,34.21424785127721,33.975106949006154,PFE,Pfizer,0.9909605979919434,0.008453951217234135,0.0005854544579051435
2023-06-23,33.4229736328125,38.29999923706055,38.869998931884766,38.27999877929688,38.709999084472656,23492200,-0.0111023714562495,34.01642929666103,33.92491301117037,PFE,Pfizer,0.9945234060287476,0.005192980635911226,0.00028358015697449446
2023-06-26,32.19252014160156,36.88999938964844,37.04999923706055,36.15999984741211,37.02000045776367,56135500,-0.0368146025763236,33.56045200789616,33.76742275030048,PFE,Pfizer,0.5462244749069214,0.06018858030438423,0.3935868740081787
2023-06-27,31.782373428344727,36.41999816894531,37.0,36.27999877929688,36.959999084472656,32414900,-0.0127404350902871,33.1159323630083,33.58696372103177,PFE,Pfizer,0.39136406779289246,0.0013448824174702168,0.607291042804718
2023-06-28,31.66891860961914,36.290000915527344,36.540000915527344,36.02999877929688,36.5,30062000,-0.0035697402832854,32.754178924661005,33.412595983630624,PFE,Pfizer,0.6041903495788574,0.2000415325164795,0.19576816260814667
2023-06-29,31.520570755004883,36.119998931884766,36.220001220703125,35.7599983215332,35.9900016784668,26284900,-0.0046843359712699,32.445776882246975,33.24059369011919,PFE,Pfizer,0.9999399185180664,4.546516720438376e-05,1.4573943190043792e-05
2023-06-30,32.009254455566406,36.68000030517578,36.75,36.13999938964844,36.209999084472656,30867900,0.0155036437747222,32.33664627557683,33.1286537597053,PFE,Pfizer,0.9825780987739563,2.4665783712407574e-05,0.017397277057170868
2023-07-03,31.983078002929688,36.650001525878906,36.7400016784668,36.34999847412109,36.5,14115800,-0.0008177776421832,32.248254207415044,33.02451050908934,PFE,Pfizer,0.9998618960380554,7.675900997128338e-05,6.130547262728214e-05
2023-07-05,31.81727409362793,36.459999084472656,37.02000045776367,36.38999938964844,36.58000183105469,26829400,-0.0051841135892727,32.140509178968266,32.91476174404739,PFE,Pfizer,0.9997987747192383,0.00011503681162139401,8.616338163847104e-05
2023-07-06,31.092966079711918,35.630001068115234,36.27000045776367,35.619998931884766,36.20000076293945,30177300,-0.0227646155916629,31.878623404154176,32.74914395638053,PFE,Pfizer,0.3332667648792267,0.3334732949733734,0.3332599103450775
2023-07-07,31.00569725036621,35.529998779296875,35.77000045776367,35.349998474121094,35.52000045776367,22903300,-0.00280670647895,31.660391865707183,32.59064880128832,PFE,Pfizer,0.7999677658081055,1.546181010780856e-05,0.2000168114900589
2023-07-10,31.13660430908203,35.68000030517578,36.0099983215332,35.540000915527344,35.56999969482422,17777500,0.0042220324109716,31.52944497655089,32.45846293836047,PFE,Pfizer,0.9974299073219299,0.0006302405381575227,0.0019398831063881516
2023-07-11,31.43330383300781,36.02000045776367,36.040000915527344,35.619998931884766,35.63999938964844,17731300,0.0095289621495187,31.505409690665125,32.36526665605568,PFE,Pfizer,0.9999924302101135,1.2935548738823854e-06,6.307980129349744e-06
2023-07-12,31.40712547302246,35.9900016784668,36.25,35.91999816894531,36.20000076293945,17229700,-0.0008328224142274,31.48083863625446,32.27816291214357,PFE,Pfizer,0.9999088048934937,6.501659663626924e-05,2.616006531752646e-05
2023-07-13,31.46821594238281,36.060001373291016,36.36000061035156,35.91999816894531,36.0099983215332,16664400,0.0019451149521094,31.47768296278655,32.204531369438044,PFE,Pfizer,0.9996731877326965,0.00012021737347822636,0.0002065927692456171
2023-07-14,31.69510078430176,36.31999969482422,36.4900016784668,36.0099983215332,36.29999923706055,17915100,0.0072099683799795,31.532037418165352,32.15821949806202,PFE,Pfizer,0.9966427087783813,0.00332156615331769,3.5774595744442195e-05
2023-07-17,31.293682098388672,35.86000061035156,36.119998931884766,35.779998779296875,36.119998931884766,20557300,-0.0126650073979857,31.472448588221184,32.0796251890008,PFE,Pfizer,0.8950942158699036,0.05998952314257622,0.044916264712810516
2023-07-18,31.62529563903809,36.2400016784668,36.47999954223633,35.880001068115234,35.91999816894531,22808300,0.0105968207770119,31.51066035092541,32.038322502640554,PFE,Pfizer,0.5002539753913879,0.003217658493667841,0.49652835726737976
2023-07-19,31.799829483032227,36.43999862670898,36.70000076293945,36.209999084472656,36.34000015258789,18589700,0.005518805135807,31.582952633952114,32.01664131903979,PFE,Pfizer,0.6242319345474243,0.12507857382297516,0.2506895065307617
2023-07-20,32.08780670166016,36.77000045776367,37.06999969482422,36.36000061035156,36.400001525878906,22358400,0.0090559359376938,31.709166150879124,32.02311089927801,PFE,Pfizer,0.5944293737411499,0.39579033851623535,0.00978030264377594
2023-07-21,32.637577056884766,37.400001525878906,37.43000030517578,36.79999923706055,36.79999923706055,24149700,0.0171333104919311,31.941268877380534,32.07897145906044,PFE,Pfizer,0.999634861946106,0.00027966793277300894,8.539979899069294e-05
2023-07-24,32.73357009887695,37.5099983215332,37.79999923706055,37.369998931884766,37.40999984741211,19414700,0.0029411816270821,32.13934418275464,32.138480426316484,PFE,Pfizer,1.2759090850522625e-07,2.444145934532571e-07,0.9999996423721313
2023-07-25,32.34087371826172,37.060001373291016,37.720001220703125,37.04999923706055,37.400001525878906,21771000,-0.011996747663913,32.18972656663141,32.15687981649332,PFE,Pfizer,0.9999948740005493,1.274185478905565e-06,3.7657255234080367e-06
2023-07-26,32.47176742553711,37.209999084472656,37.34999847412109,36.7599983215332,36.869998931884766,20983700,0.0040473151225188,32.26023678135783,32.18550596277003,PFE,Pfizer,0.34399813413619995,0.054434966295957565,0.6015669107437134
2023-07-27,31.94234085083008,36.20000076293945,37.0099983215332,36.18000030517578,36.84999847412109,25346300,-0.0163042118332822,32.180762798725894,32.16340004350276,PFE,Pfizer,0.27267375588417053,0.53033047914505,0.19699575006961823
2023-07-28,31.82762718200684,36.06999969482422,36.45000076293945,36.02000045776367,36.34999847412109,24054100,-0.0035912730804217,32.09247889454613,32.132875237912224,PFE,Pfizer,0.39741599559783936,0.6025568842887878,2.7095253244624473e-05
2023-07-31,31.81881523132324,36.060001373291016,36.18999862670898,35.91999816894531,36.18000030517578,40265200,-0.0002768648329705,32.02406297874041,32.10432432822232,PFE,Pfizer,0.9999669790267944,1.7206070879183244e-06,3.12488446070347e-05
2023-08-01,31.42173767089844,35.61000061035156,36.91999816894531,35.369998931884766,35.880001068115234,40931600,-0.0124793320410595,31.87348165177992,32.04227099573833,PFE,Pfizer,0.00013942262739874423,0.21950820088386536,0.7803524136543274
2023-08-02,31.19230842590332,35.349998474121094,35.88999938964844,35.279998779296875,35.630001068115234,34301600,-0.0073016090770691,31.70318834531077,31.965001671207872,PFE,Pfizer,0.7991587519645691,0.07896684110164642,0.12187442928552628
2023-08-03,30.88347816467285,35.0,35.279998779296875,34.91999816894531,35.18000030517578,25676500,-0.0099008466130068,31.498260800151293,31.86668135243196,PFE,Pfizer,0.9896559715270996,0.010219217278063297,0.00012489526125136763
2023-08-04,30.901121139526367,35.02000045776367,35.34000015258789,34.65999984741211,34.95000076293945,25746500,0.0005712755137048,31.348975884995063,31.778903151258724,PFE,Pfizer,0.8042277097702026,0.19569425284862518,7.801814354024827e-05
2023-08-07,31.48350715637207,35.68000030517578,35.849998474121094,34.900001525878906,35.0099983215332,31069100,0.018846760097023,31.382608702839317,31.752048969905392,PFE,Pfizer,0.19922976195812225,0.004153206013143063,0.7966169714927673
2023-08-08,31.44820213317871,35.63999938964844,36.369998931884766,35.38999938964844,36.369998931884766,25225500,-0.0011213815226495,31.39900706042416,31.724426530202965,PFE,Pfizer,0.5007580518722534,0.011060557328164577,0.48818135261535645
2023-08-09,31.624683380126957,35.84000015258789,36.060001373291016,35.5099983215332,35.599998474121094,17210500,0.005611807193329,31.455426140349857,31.715358971105147,PFE,Pfizer,2.962030157505069e-05,0.000224041155888699,0.9997463822364807
2023-08-10,31.518796920776367,35.720001220703125,36.09000015258789,35.599998474121094,35.81999969482422,18955200,-0.0033482219593422,31.471268835456485,31.69748969380253,PFE,Pfizer,0.9989193081855774,0.0009594421717338264,0.00012131933908676729
2023-08-11,31.801166534423828,36.040000915527344,36.27999877929688,35.59000015258789,35.619998931884766,16609400,0.008958768773986,31.55374326019832,31.70691486113174,PFE,Pfizer,0.7998815178871155,0.2000618427991867,5.664959462592378e-05
2023-08-14,31.82762718200684,36.06999969482422,36.5099983215332,35.81999969482422,35.81999969482422,20295500,0.0008320653128985,31.62221424065045,31.71788870848402,PFE,Pfizer,0.5038343667984009,0.496131956577301,3.372968785697594e-05
2023-08-15,31.22760963439941,35.38999938964844,35.90999984741211,35.36000061035156,35.880001068115234,20484300,-0.0188520980271702,31.52356308908769,31.67331788356724,PFE,Pfizer,0.9999695420265198,5.287814474286279e-06,2.511016464268323e-05
2023-08-16,31.30702018737793,35.47999954223633,35.650001525878906,34.9900016784668,35.13999938964844,22215600,0.0025429597048325,31.46942736366025,31.64001809300457,PFE,Pfizer,0.7500159740447998,0.24996565282344818,1.8383363567409106e-05
2023-08-17,32.21588134765625,36.5099983215332,36.720001220703125,35.59000015258789,35.599998474121094,31113600,0.029030586585329,31.65604085965925,31.692369297972903,PFE,Pfizer,0.6666646003723145,0.3333336114883423,1.8045803926725057e-06
2023-08-18,32.348236083984375,36.65999984741211,36.84999847412109,36.31999969482422,36.45000076293945,24145100,0.0041083692511723,31.829089665740533,31.751993551246677,PFE,Pfizer,0.7119134664535522,0.2247847467660904,0.06330180913209915
2023-08-21,32.65707015991211,37.0099983215332,37.18999862670898,36.63999938964844,36.709999084472656,28496500,0.0095471689747137,32.03608478928343,31.83427324294353,PFE,Pfizer,0.6016449928283691,0.1982956826686859,0.20005936920642853
2023-08-22,32.50706481933594,36.84000015258789,37.150001525878906,35.720001220703125,37.0099983215332,18524100,-0.0045933496128599,32.15382979679656,31.89543611352466,PFE,Pfizer,0.6547442078590393,0.1668395847082138,0.1784161478281021
2023-08-23,32.348236083984375,36.65999984741211,37.130001068115234,36.560001373291016,37.09000015258789,19370900,-0.0048859759019856,32.20243136859351,31.936599747202816,PFE,Pfizer,0.9989350438117981,0.000952164176851511,0.0001128034055000171
2023-08-24,31.90704917907715,36.15999984741211,36.63999938964844,36.060001373291016,36.47999954223633,19380800,-0.0136386696251935,32.128585821214415,31.933913331918664,PFE,Pfizer,0.49998968839645386,0.5000025629997253,7.752341844025068e-06
2023-08-25,32.10116958618164,36.380001068115234,36.68999862670898,35.959999084472656,36.13999938964844,16421300,0.0060839348074777,32.12173176245622,31.94911844594257,PFE,Pfizer,0.8007888793945312,0.0010379009181633592,0.19817325472831726
2023-08-28,31.951160430908203,36.209999084472656,36.52000045776367,36.02999877929688,36.43999862670898,15101900,-0.0046730121427728,32.07908892956922,31.949304080939445,PFE,Pfizer,0.6827220916748047,0.25510063767433167,0.06217731162905693
2023-08-29,31.89822578430176,36.150001525878906,36.93999862670898,36.0,36.2599983215332,21076500,-0.001656736277886,32.03387314325235,31.94466059942693,PFE,Pfizer,0.9994269609451294,0.0005385660333558917,3.452356031630188e-05
2023-08-30,31.677621841430664,35.900001525878906,36.25,35.81999969482422,36.18000030517578,16833000,-0.0069158687496551,31.94481031779693,31.9203843487,PFE,Pfizer,0.7498669624328613,0.25009456276893616,3.8376256270566955e-05
2023-08-31,31.21878433227539,35.380001068115234,35.9900016784668,35.380001068115234,35.939998626708984,27919500,-0.0144845945649608,31.763303821416542,31.856602529025032,PFE,Pfizer,0.9999438524246216,6.2285967032948975e-06,4.9911315727513283e-05
2023-09-01,31.57173538208008,35.779998779296875,36.060001373291016,35.599998474121094,35.63999938964844,17522500,0.0113057268998073,31.715411711582423,31.8307055156664,PFE,Pfizer,0.8416598439216614,0.1576043665409088,0.0007357596186921
2023-09-05,31.21878433227539,35.380001068115234,36.290000915527344,35.349998474121094,35.959999084472656,25856100,-0.0111793363758211,31.59125486675567,31.775076317176307,PFE,Pfizer,0.9999804496765137,1.528332745692751e-06,1.80271399585763e-05
2023-09-06,30.32757568359375,34.369998931884766,35.279998779296875,34.2599983215332,35.2599983215332,35370200,-0.0285471925875175,31.27533507096519,31.643485350486984,PFE,Pfizer,0.9997639656066895,2.1726971226598835e-06,0.00023377413162961602
2023-09-07,30.24816131591797,34.279998779296875,34.63999938964844,34.040000915527344,34.470001220703125,26777700,-0.0026185531116732,31.018541632203387,31.516637710980707,PFE,Pfizer,0.9998469352722168,0.00013643637066707015,1.6635081919957884e-05
2023-09-08,30.2216911315918,34.25,34.38999938964844,34.04999923706055,34.22999954223633,19467700,-0.0008751006069331,30.81932900705049,31.398915294672623,PFE,Pfizer,0.996493399143219,0.0004780128365382552,0.0030285660177469254
2023-09-11,29.948150634765625,33.939998626708984,34.29999923706055,33.540000915527344,34.2400016784668,27574400,-0.0090511313756439,30.601534413979277,31.26702759831744,PFE,Pfizer,0.7268431782722473,0.20818552374839783,0.06497134268283844
2023-09-12,30.13344955444336,34.150001525878906,34.209999084472656,33.75,33.970001220703125,17987200,0.0061873242838117,30.484513199095296,31.16397504887434,PFE,Pfizer,0.9999061822891235,7.900856871856377e-06,8.597741543781012e-05
2023-09-13,30.071683883666992,34.08000183105469,34.619998931884766,34.0,34.209999084472656,23853300,-0.002049737805981,30.381305870238226,31.064675852037308,PFE,Pfizer,0.4056169390678406,0.33294692635536194,0.2614361643791199
2023-09-14,30.13344955444336,34.150001525878906,34.380001068115234,33.97999954223633,34.2400016784668,23759900,0.0020539478605623,30.319341791289503,30.9800189158924,PFE,Pfizer,0.9999614953994751,2.222786861239001e-06,3.6240304325474426e-05
2023-09-15,30.062856674194336,34.06999969482422,34.41999816894531,33.810001373291016,34.060001373291016,58063800,-0.0023426750436083,30.255220512015715,30.896640530283488,PFE,Pfizer,0.9999603033065796,2.1717500203521922e-05,1.7820540961110964e-05
2023-09-18,29.683433532714844,33.63999938964844,34.119998931884766,33.439998626708984,34.119998931884766,25421900,-0.0126209942585125,30.112273767190494,30.786348985049973,PFE,Pfizer,0.7993460893630981,0.0001390437682857737,0.20051482319831848
2023-09-19,29.99227333068848,33.9900016784668,34.0099983215332,33.52000045776367,33.54999923706055,30323300,0.0104044499310786,30.08227365806499,30.71416028919893,PFE,Pfizer,0.8341807723045349,0.16568316519260406,0.0001360232272418216
2023-09-20,29.665786743164062,33.619998931884766,34.09000015258789,33.54999923706055,34.08000183105469,24651400,-0.0108856899216889,29.97815192933976,30.61885360319576,PFE,Pfizer,0.9996761083602905,0.0003028266946785152,2.114686867571436e-05
2023-09-21,28.98634910583496,32.849998474121094,33.59000015258789,32.83000183105469,33.470001220703125,26980600,-0.0229030715824741,29.73020122346356,30.470444103435685,PFE,Pfizer,0.3999856114387512,0.5999985933303833,1.578328010509722e-05
2023-09-22,28.84516716003418,32.689998626708984,33.09000015258789,32.5,33.08000183105469,28570800,-0.0048706356666476,29.508942707606217,30.32269165403555,PFE,Pfizer,0.7999730110168457,4.446159437065944e-05,0.19998250901699066
2023-09-25,29.101058959960938,32.97999954223633,32.97999954223633,32.40999984741211,32.689998626708984,19443700,0.0088712191719,29.40697177069489,30.2116341363924,PFE,Pfizer,0.9922926425933838,0.007672263775020838,3.512746479827911e-05
2023-09-26,28.58927726745605,32.400001525878906,32.959999084472656,32.36000061035156,32.720001220703125,26015500,-0.0175863597681796,29.202548144885185,30.06414714830728,PFE,Pfizer,0.9999657273292542,5.739013431593776e-06,2.8501235647127032e-05
2023-09-27,28.324562072753903,32.099998474121094,32.5,31.899999618530277,32.43000030517578,26430100,-0.0092592475222688,28.983051626852365,29.906003050529694,PFE,Pfizer,0.6376829743385315,0.34950101375579834,0.012815983034670353
2023-09-28,28.315736770629883,32.09000015258789,32.31999969482422,31.770000457763672,32.060001373291016,28197600,-0.0003115777077631,28.816222912796743,29.761433388720626,PFE,Pfizer,0.4751567542552948,0.03250997141003609,0.49233320355415344
2023-09-29,29.26871109008789,33.16999816894531,33.22999954223633,32.29999923706055,32.349998474121094,42421400,0.0336552895366109,28.92934495711953,29.71664045248129,PFE,Pfizer,0.9998586773872375,8.76988415257074e-05,5.359082206268795e-05
2023-10-02,29.948150634765625,33.939998626708984,33.959999084472656,32.7599983215332,32.95000076293945,44620600,0.0232138525877154,29.184046376531057,29.737686832688954,PFE,Pfizer,0.6665422916412354,0.3334127962589264,4.487601472646929e-05
2023-10-03,29.91285514831543,33.900001525878906,34.11000061035156,33.709999084472656,33.84000015258789,31059900,-0.0011785531227167,29.36624856947715,29.753611225018638,PFE,Pfizer,0.8045185804367065,0.19444473087787628,0.001036641770042479
2023-10-04,29.392248153686523,33.310001373291016,34.08000183105469,33.0099983215332,33.939998626708984,23722300,-0.0174041224766946,29.372748465529494,29.720760036715717,PFE,Pfizer,0.6350687742233276,0.36473485827445984,0.00019635209173429757
2023-10-05,29.53343391418457,33.470001220703125,33.779998779296875,33.04999923706055,33.45000076293945,21279400,0.0048035032829001,29.412919827693266,29.703730389212883,PFE,Pfizer,0.9996035695075989,0.00018892336811404675,0.00020744302310049534
2023-10-06,29.233417510986328,33.130001068115234,33.560001373291016,33.06999969482422,33.52000045776367,23760400,-0.0101585343604133,29.36804424851653,29.660974673010468,PFE,Pfizer,0.5998450517654419,0.4000829756259918,7.201290281955153e-05
2023-10-09,29.295185089111328,33.20000076293945,33.470001220703125,32.77000045776367,33.060001373291016,17468100,0.0021129099292542,29.34982945866523,29.627721074474184,PFE,Pfizer,0.9989223480224609,0.001014462555758655,6.319261592580006e-05
2023-10-10,29.26871109008789,33.16999816894531,33.400001525878906,33.0099983215332,33.08000183105469,19212100,-0.0009036979607026,29.329549866520896,29.59508380316634,PFE,Pfizer,1.4687317161587998e-05,0.9999852180480957,1.382726537713097e-07
2023-10-11,29.21577453613281,33.11000061035156,33.33000183105469,32.81999969482422,33.2400016784668,24221200,-0.0018086397379146,29.30110603392388,29.560601142526927,PFE,Pfizer,0.9999809265136719,6.418467364710523e-06,1.2652767509280238e-05
2023-10-12,29.048118591308597,32.91999816894531,33.220001220703125,32.77000045776367,33.11000061035156,21809900,-0.0057385418489203,29.237859173270056,29.514011819688896,PFE,Pfizer,0.523585855960846,0.011977829039096832,0.4644363522529602
2023-10-13,28.333385467529297,32.11000061035156,32.9900016784668,32.02000045776367,32.939998626708984,32388100,-0.0246051434117027,29.011740746834867,29.40668215131075,PFE,Pfizer,3.966298720570194e-07,4.746467311633751e-06,0.9999948740005493
2023-10-16,29.356952667236328,33.27000045776367,33.91999816894531,32.560001373291016,32.83000183105469,63317400,0.0361258346934947,29.09804372693523,29.40216128912217,PFE,Pfizer,0.19884830713272095,0.20073974132537842,0.6004119515419006
2023-10-17,28.89811515808105,32.75,33.189998626708984,32.20000076293945,33.0,40015800,-0.0156296027846022,29.048061584721687,29.356338913572973,PFE,Pfizer,1.0288529495028342e-07,3.0465819236269454e-06,0.9999969601631165
2023-10-18,27.715715408325195,31.40999984741211,32.68000030517578,31.38999938964844,32.540000915527344,30307600,-0.0409161546795626,28.71497504062256,29.20719132218681,PFE,Pfizer,0.1255958080291748,0.0034108180552721024,0.8709933757781982
2023-10-19,27.521589279174805,31.190000534057617,31.5,30.90999984741211,31.3799991607666,26880300,-0.0070041897273948,28.416628600260623,29.05395477282208,PFE,Pfizer,0.5999147295951843,4.140110468142666e-05,0.40004387497901917
2023-10-20,27.04510307312012,30.649999618530277,31.11000061035156,30.479999542236328,31.059999465942383,39407900,-0.0173131791635026,28.073747218475496,28.871331891030994,PFE,Pfizer,5.01558133692015e-06,1.530321969767101e-05,0.9999797344207764
2023-10-23,27.212757110595703,30.84000015258789,31.38999938964844,30.530000686645508,30.770000457763672,29412100,0.0061990533747389,27.85849969150555,28.72055236553688,PFE,Pfizer,0.6005123853683472,0.19946888089179993,0.20001868903636932
2023-10-24,26.850976943969727,30.43000030517578,31.030000686645508,30.31999969482422,30.8799991607666,26923800,-0.0132945061448812,27.606619004621592,28.550590963576223,PFE,Pfizer,0.6890376210212708,0.31090474128723145,5.766107278759591e-05
2023-10-25,27.115694046020508,30.729999542236328,31.0,30.21999931335449,30.459999084472656,28857900,0.0098587512328944,27.48388776497132,28.420145789252977,PFE,Pfizer,0.6667547225952148,0.33313095569610596,0.00011429029837017879
2023-10-26,27.495121002197266,31.15999984741211,31.3700008392334,30.5,30.61000061035156,27162700,0.0139928911844482,27.48669607427781,28.336052626793368,PFE,Pfizer,0.9999960660934448,4.93459083372727e-07,3.509390126055223e-06
2023-10-27,26.5686149597168,30.11000061035156,31.1299991607666,30.020000457763672,31.059999465942383,33877100,-0.0336971072942878,27.25717579563756,28.175376475240952,PFE,Pfizer,0.9998576641082764,3.474355617072433e-05,0.00010761230805655941
2023-10-30,26.956863403320312,30.549999237060547,30.68000030517578,30.11000061035156,30.239999771118164,33063500,0.014613047921097,27.18209769755825,28.0646025596118,PFE,Pfizer,0.999982476234436,4.134883795359201e-07,1.7107966414187104e-05
2023-10-31,26.965686798095703,30.559999465942383,30.81999969482422,29.700000762939453,30.290000915527344,42648200,0.0003273153349994,27.12799497269261,27.9647011267467,PFE,Pfizer,0.19999870657920837,0.0009759264066815376,0.7990253567695618
2023-11-01,26.92156791687012,30.51000022888184,31.07999992370605,30.46999931335449,30.559999465942383,23568300,-0.001636111906065,27.076388208736983,27.86987083493974,PFE,Pfizer,0.3999866247177124,0.20000243186950684,0.400010883808136
2023-11-02,26.912742614746094,30.5,30.649999618530277,30.209999084472656,30.51000022888184,29640900,-0.0003278153096905,27.035476810239263,27.7828591785585,PFE,Pfizer,0.8000134229660034,4.9553618737263605e-05,0.19993703067302704
2023-11-03,27.58335494995117,31.26000022888184,31.38999938964844,30.84000015258789,30.899999618530277,28071000,0.0249180228416272,27.17244634516724,27.76472243050329,PFE,Pfizer,0.9998968839645386,1.1320998055452947e-05,9.175480954581872e-05
2023-11-06,27.51276588439941,31.18000030517578,31.40999984741211,30.959999084472656,31.31999969482422,27381200,-0.0025591181957321,27.257526229975284,27.741817289948397,PFE,Pfizer,0.6012471914291382,0.0013791739474982023,0.3973737359046936
2023-11-07,27.574535369873047,31.25,31.38999938964844,30.88999938964844,31.07999992370605,18086400,0.0022451208916316,27.336778514949724,27.72660984266881,PFE,Pfizer,0.0022104401141405106,0.9977887868881226,6.7093020561515e-07
2023-11-08,27.19510841369629,30.81999969482422,31.299999237060547,30.549999237060547,30.920000076293945,29398300,-0.0137600489396207,27.301360989636365,27.67829153094404,PFE,Pfizer,0.9808449745178223,0.0005731823621317744,0.018581824377179146
2023-11-09,26.54228401184082,29.68000030517578,30.51000022888184,29.6299991607666,30.489999771118164,28737700,-0.0240052141703059,27.11159174518748,27.575018120116475,PFE,Pfizer,0.7994717955589294,0.20013625919818878,0.00039190062670968473
2023-11-10,26.363426208496094,29.479999542236328,29.81999969482422,29.030000686645508,29.75,33844100,-0.0067385988057747,26.92455036101463,27.464873400878258,PFE,Pfizer,0.9999716281890869,2.332302983631962e-06,2.5988949346356094e-05
2023-11-13,25.91628074645996,28.979999542236328,29.36000061035156,28.93000030517578,29.34000015258789,35519900,-0.0169608251408548,26.67248295737596,27.3240922504766,PFE,Pfizer,0.9998024106025696,0.00018502130114939064,1.2621369933185633e-05
2023-11-14,26.16668510437012,29.26000022888184,29.709999084472656,28.989999771118164,29.09000015258789,40084300,0.0096620483610234,26.5460334941245,27.21887341901237,PFE,Pfizer,0.9983349442481995,3.5805769584840164e-05,0.0016291927313432097
2023-11-15,26.998367309570312,30.190000534057617,30.350000381469727,29.209999084472656,29.209999084472656,43614600,0.0317840109239246,26.659116947985957,27.19882740906309,PFE,Pfizer,0.9995530247688293,8.858936780598015e-05,0.00035832374123856425
2023-11-16,26.62276840209961,29.770000457763672,30.450000762939453,29.46999931335449,30.270000457763672,32407200,-0.0139119119005971,26.65002981151437,27.14645840843005,PFE,Pfizer,0.9908949136734009,0.0051125818863511086,0.00399248581379652
2023-11-17,26.75691032409668,29.920000076293945,30.01000022888184,29.739999771118164,29.920000076293945,27009200,0.0050386165695108,26.676749939659945,27.111044946217927,PFE,Pfizer,0.5000569820404053,0.4998930096626282,4.9982729251496494e-05
2023-11-20,26.81056785583496,29.979999542236328,30.13999938964844,29.76000022888184,29.899999618530277,26335700,0.0020053709897125,26.7102044187037,27.083728847092203,PFE,Pfizer,0.4720342755317688,0.0028093024156987667,0.5251564979553223
2023-11-21,27.096736907958984,30.299999237060547,30.36000061035156,29.76000022888184,30.020000457763672,25988700,0.0106737408048498,26.80683754101752,27.08491139808009,PFE,Pfizer,0.5995036363601685,0.001038696151226759,0.3994576334953308
2023-11-22,27.114620208740234,30.31999969482422,30.57999992370605,30.13999938964844,30.38999938964844,19226800,0.000659979865546,26.8837832079482,27.087612199049197,PFE,Pfizer,0.9999649524688721,7.878668384364573e-07,3.421552901272662e-05
2023-11-24,27.27559280395508,30.5,30.700000762939453,30.3799991607666,30.3799991607666,11129700,0.0059367453416498,26.98173560694992,27.104701344949728,PFE,Pfizer,0.6683909296989441,2.9862241717637517e-05,0.3315792381763458
2023-11-27,26.953649520874023,30.13999938964844,30.75,30.030000686645508,30.75,26066700,-0.0118033468748063,26.974714085430943,27.090969360942843,PFE,Pfizer,0.9983093738555908,0.0016665513394400477,2.4094308173516765e-05
2023-11-28,26.551225662231445,29.690000534057617,30.11000061035156,29.63999938964844,30.11000061035156,29497700,-0.014930217829349,26.86884197963107,27.04190175196908,PFE,Pfizer,0.9444374442100525,0.009545307606458664,0.04601718857884407
2023-11-29,26.89999389648437,30.07999992370605,30.21999931335449,29.729999542236328,29.770000457763672,26185200,0.0131356736103163,26.8766299588444,27.029001037834103,PFE,Pfizer,0.6659566760063171,0.0002674358547665179,0.33377590775489807
2023-11-30,27.24876594543457,30.46999931335449,30.51000022888184,29.959999084472656,30.309999465942383,45356600,0.0129655066202738,26.96966395549194,27.04897966579778,PFE,Pfizer,0.17306308448314667,0.00010389103408670053,0.8268330693244934
2023-12-01,25.85368156433105,28.90999984741211,29.399999618530277,28.299999237060547,28.96999931335449,103624000,-0.0511980756815615,26.69066835770172,26.94031620202808,PFE,Pfizer,0.17817087471485138,0.1186995729804039,0.7031295895576477
2023-12-04,26.184568405151367,29.280000686645508,29.63999938964844,29.020000457763672,29.020000457763672,47410400,0.0127984418774933,26.56414336956413,26.871611856857463,PFE,Pfizer,0.5069417357444763,5.250501271802932e-05,0.49300575256347656
2023-12-05,26.0146541595459,29.09000015258789,29.600000381469727,29.06999969482422,29.209999084472656,39853000,-0.0064890985780785,26.42677106705957,26.793706611647323,PFE,Pfizer,1.5666797992253123e-07,0.500002384185791,0.49999743700027466
2023-12-06,25.74637222290039,28.790000915527344,29.399999618530277,28.71999931335449,29.09000015258789,33410500,-0.0103127235518932,26.256671356019773,26.69849439448851,PFE,Pfizer,0.431201696395874,0.500161349773407,0.0686369463801384
2023-12-07,25.60328865051269,28.6299991607666,28.899999618530277,28.5,28.81999969482422,35782900,-0.0055574265433958,26.093325679643,26.598930235945254,PFE,Pfizer,0.482939749956131,0.512933075428009,0.004127162043005228
2023-12-08,25.737428665161133,28.780000686645508,28.96999931335449,28.59000015258789,28.649999618530277,31890700,0.0052391712830122,26.00435142602253,26.520611911328515,PFE,Pfizer,4.9342328566126525e-05,0.999777615070343,0.0001730842632241547
2023-12-11,25.61222648620605,28.63999938964844,28.809999465942383,28.440000534057617,28.780000686645508,37833900,-0.0048645954723735,25.906320191068414,26.43803141813557,PFE,Pfizer,0.9966867566108704,4.163693120062817e-06,0.003309085266664624
2023-12-12,25.55857276916504,28.57999992370605,28.86000061035156,28.350000381469727,28.6200008392334,48587500,-0.0020948478286302,25.81938333559257,26.35808063186552,PFE,Pfizer,0.4538690149784088,0.39994698762893677,0.14618399739265442
2023-12-13,23.841550827026367,26.65999984741211,26.729999542236328,25.76000022888184,26.280000686645508,158100700,-0.0671798835422516,25.32492520845102,26.12930519506196,PFE,Pfizer,1.7607192148716422e-08,5.043320925324224e-07,0.9999994039535522
2023-12-14,23.36758041381836,26.1299991607666,27.31999969482422,26.01000022888184,26.76000022888184,101889800,-0.0198800160546067,24.83558900979285,25.878239305858,PFE,Pfizer,0.6002894043922424,0.0005731979617848992,0.3991374373435974
2023-12-15,23.814722061157227,26.6299991607666,26.989999771118164,26.07999992370605,26.1299991607666,138388400,0.019135128216974,24.580372272633948,25.690646829067017,PFE,Pfizer,0.8000136613845825,0.19993740320205688,4.895317761111073e-05
2023-12-18,24.19926643371582,27.059999465942383,27.299999237060547,26.71999931335449,26.920000076293945,63329400,0.0161473382545076,24.48509581290441,25.555066793126,PFE,Pfizer,0.4024884104728699,0.34905895590782166,0.24845263361930847
2023-12-19,25.182973861694336,28.15999984741211,28.239999771118164,27.270000457763672,27.280000686645508,70094700,0.0406502994903992,24.65956532510189,25.52124016299585,PFE,Pfizer,0.40103521943092346,0.4735873341560364,0.12537750601768494
2023-12-20,24.709003448486328,27.6299991607666,28.26000022888184,27.61000061035156,28.190000534057617,56184300,-0.0188210660032078,24.671924855948003,25.4474004616768,PFE,Pfizer,0.799919605255127,0.20005099475383759,2.936039527412504e-05
2023-12-21,25.317115783691406,28.309999465942383,28.36000061035156,27.780000686645508,27.86000061035156,51056600,0.02461096160648,24.833222587883853,25.43555640004176,PFE,Pfizer,0.2510198652744293,0.31163308024406433,0.43734708428382874
2023-12-22,25.39760398864746,28.399999618530277,28.790000915527344,28.18000030517578,28.440000534057617,35162300,0.003179201203002,24.974317938074755,25.4321061808241,PFE,Pfizer,0.9999654293060303,1.6492452914462774e-06,3.295006899861619e-05
2023-12-26,25.406543731689453,28.40999984741211,28.530000686645508,28.25,28.43000030517578,30119100,0.0003519915912535,25.082374386478428,25.429782321811857,PFE,Pfizer,0.7997406721115112,0.20013558864593506,0.00012372950732242316
2023-12-27,25.58540153503418,28.61000061035156,28.729999542236328,28.309999465942383,28.46999931335449,35000700,0.0070398321485043,25.208131173617367,25.443929523013885,PFE,Pfizer,0.7999948263168335,0.00030033523216843605,0.19970478117465973
2023-12-28,25.74637222290039,28.790000915527344,29.030000686645508,28.57999992370605,28.61000061035156,30472900,0.0062915052416039,25.34269143593812,25.47142431391266,PFE,Pfizer,0.617209792137146,0.21333420276641846,0.16945599019527435
2023-12-29,25.74637222290039,28.790000915527344,28.8700008392334,28.540000915527344,28.780000686645508,30363100,0.0,25.44361163267869,25.49641957836609,PFE,Pfizer,0.7714409232139587,0.016716156154870987,0.21184295415878296
2024-01-02,26.58699607849121,29.729999542236328,30.280000686645508,28.82999992370605,28.8799991607666,57948700,,26.58699607849121,26.58699607849121,PFE,Pfizer,0.9991399049758911,0.00083806028123945,2.201973256887868e-05
2024-01-03,26.58699607849121,29.729999542236328,30.040000915527344,29.40999984741211,30.0,43426500,0.0,26.58699607849121,26.58699607849121,PFE,Pfizer,0.660618245601654,0.008075224235653877,0.331306517124176
2024-01-04,26.01465606689453,29.09000015258789,29.950000762939453,29.030000686645508,29.790000915527344,45558200,-0.0215270657093789,26.44391107559204,26.53496516834605,PFE,Pfizer,0.06706985086202621,0.2500064969062805,0.6829236745834351
2024-01-05,26.35448265075684,29.46999931335449,29.489999771118164,28.75,29.020000457763672,33612800,0.0130628897414006,26.42155396938324,26.518557666747032,PFE,Pfizer,0.99991774559021,1.0193576599704102e-05,7.20453608664684e-05
2024-01-08,26.45285415649414,29.57999992370605,29.68000030517578,29.170000076293945,29.36000061035156,32972100,0.0037326289816006,26.429379016160965,26.512584620360403,PFE,Pfizer,0.9952040314674377,0.00471563171595335,8.034069469431415e-05
2024-01-09,26.29188537597656,29.399999618530277,29.86000061035156,29.31999969482422,29.600000381469727,39856900,-0.006085119570285,26.395005606114864,26.492521052689145,PFE,Pfizer,2.2822852770332247e-05,0.9999759197235107,1.3473236322170123e-06
2024-01-10,25.92523002624512,28.989999771118164,29.38999938964844,28.8799991607666,29.36000061035156,37413300,-0.0139455708287267,26.277561711147428,26.440949141194235,PFE,Pfizer,0.030302098020911217,0.9691030383110046,0.0005947978934273124
2024-01-11,25.397602081298828,28.399999618530277,28.920000076293945,28.270000457763672,28.82999992370605,46884700,-0.0203519098735922,26.05757180368528,26.34609940847647,PFE,Pfizer,0.3343236744403839,0.3342388868331909,0.33143749833106995
2024-01-12,25.665891647338867,28.700000762939453,28.940000534057617,28.440000534057617,28.459999084472656,30373500,0.0105635786079816,25.959651764598675,26.28426233928214,PFE,Pfizer,0.7237204909324646,0.25139951705932617,0.024880019947886467
2024-01-16,25.326059341430664,28.31999969482422,28.71999931335449,28.21999931335449,28.600000381469727,38826000,-0.0132406195186068,25.801253658806672,26.197152975841096,PFE,Pfizer,0.9175409078598022,1.022049764287658e-05,0.08244884014129639
2024-01-17,25.17403030395508,28.149999618530277,28.530000686645508,27.93000030517578,28.15999984741211,33312600,-0.0060028698277146,25.644447820093774,26.104141823851457,PFE,Pfizer,0.7999594211578369,0.2000049650669098,3.565586666809395e-05
2024-01-18,25.12037467956543,28.09000015258789,28.1299991607666,27.600000381469727,28.040000915527344,50321100,-0.0021313879319998,25.513429534961688,26.01470844709818,PFE,Pfizer,0.2186640202999115,0.03140883520245552,0.7499271631240845
2024-01-19,25.2902889251709,28.280000686645508,28.3799991607666,27.93000030517578,28.030000686645508,35549300,0.0067640012449212,25.45764438251399,25.94885212692297,PFE,Pfizer,0.9998689889907837,6.34811976851779e-06,0.00012470729416236281
2024-01-22,25.317115783691406,28.309999465942383,28.6200008392334,27.93000030517578,28.31999969482422,41663900,0.0010607572969958,25.422512232808344,25.891421550265555,PFE,Pfizer,0.9999743700027466,1.3548520882977755e-06,2.4236667741206475e-05
2024-01-23,25.42443084716797,28.43000030517578,28.649999618530277,28.149999618530277,28.440000534057617,33466700,0.0042388344862605,25.42299188639825,25.84896784998396,PFE,Pfizer,0.9999769330024719,2.0896738988085417e-06,2.0941548427799717e-05
2024-01-24,25.33500289916992,28.32999992370605,28.780000686645508,28.32999992370605,28.540000915527344,42720700,-0.0035174021607649,25.40099463959117,25.802243763546315,PFE,Pfizer,0.7554308772087097,0.24174228310585022,0.00282680313102901
2024-01-25,24.93559837341309,27.46999931335449,27.920000076293945,27.450000762939453,27.81999969482422,47605500,-0.0157649291514359,25.28464557304665,25.72345781898875,PFE,Pfizer,0.9999042749404907,2.0654946638387628e-05,7.508678390877321e-05
2024-01-26,24.93559837341309,27.46999931335449,27.90999984741211,27.36000061035156,27.6299991607666,47073800,0.0,25.197383773138256,25.651834233027326,PFE,Pfizer,0.787382960319519,0.19914700090885162,0.01347004808485508
2024-01-29,24.944673538208008,27.479999542236328,27.6299991607666,27.309999465942383,27.520000457763672,67082700,0.0003639441355696,25.13420621440569,25.58754689713466,PFE,Pfizer,0.9999856948852539,1.202257294607989e-06,1.3167494216759223e-05
2024-01-30,24.527114868164062,27.020000457763672,28.3700008392334,26.950000762939453,27.88999938964844,86072400,-0.0167393920551562,24.98243337784529,25.49114398541006,PFE,Pfizer,4.5147526179789566e-06,0.9998863935470581,0.00010904033115366474
2024-01-31,24.58157539367676,27.07999992370605,27.51000022888184,26.780000686645508,27.170000076293945,81192100,0.0022204211871403,24.882218881803155,25.40845593161612,PFE,Pfizer,0.5998008847236633,0.20015697181224823,0.2000422179698944
2024-02-01,24.77220344543457,27.290000915527344,27.32999992370605,26.729999542236328,27.100000381469727,53883000,0.0077549159769005,24.85471502271101,25.350614796508708,PFE,Pfizer,0.0691966637969017,0.9301732182502747,0.0006302136462181807
2024-02-02,24.445417404174805,26.93000030517578,27.200000762939453,26.690000534057617,27.18000030517578,51718500,-0.0131916420749399,24.75239061807696,25.268324124478355,PFE,Pfizer,0.9421221613883972,4.64439217466861e-05,0.05783141031861305
2024-02-05,24.11863136291504,26.56999969482422,26.940000534057617,26.520000457763672,26.940000534057617,42633400,-0.0133679877850626,24.59395080428648,25.16380660069987,PFE,Pfizer,0.9999135732650757,1.8836737581295893e-05,6.749055319232866e-05
2024-02-06,24.96282768249512,27.5,27.729999542236328,26.56999969482422,26.65999984741211,56958700,0.0350018335152351,24.68617002383864,25.145535789953986,PFE,Pfizer,0.9921600222587585,3.332801497890614e-05,0.007806630339473486
2024-02-07,25.01729202270508,27.559999465942383,27.649999618530277,27.299999237060547,27.549999237060547,36843000,0.0021818177372652,24.768950523555247,25.133877265658622,PFE,Pfizer,0.33332371711730957,1.3512317309505306e-06,0.6666749119758606
2024-02-08,25.026371002197266,27.56999969482422,27.690000534057617,27.40999984741211,27.559999465942383,29048400,0.0003629081630396,24.833305643215752,25.12410396898032,PFE,Pfizer,0.9999897480010986,1.7934630704985466e-06,8.521378731529694e-06
2024-02-09,25.01729202270508,27.559999465942383,27.59000015258789,27.3799991607666,27.559999465942383,29062700,-0.0003627765084833,24.879302238088083,25.114393792046204,PFE,Pfizer,0.5777161717414856,0.08315537124872208,0.3391285240650177
2024-02-12,25.108068466186523,27.65999984741211,28.020000457763672,27.520000457763672,27.540000915527344,30323700,0.0036285479419218,24.936493795112693,25.1138187624226,PFE,Pfizer,0.6719992160797119,0.12844634056091309,0.19955439865589142
2024-02-13,24.481727600097656,26.96999931335449,27.82999992370605,26.86000061035156,27.540000915527344,37927500,-0.0249458004677807,24.822802246358933,25.056355929483967,PFE,Pfizer,0.7998748421669006,0.20011475682258606,1.045319004333578e-05
2024-02-14,24.608814239501957,27.11000061035156,27.170000076293945,26.90999984741211,27.01000022888184,25270200,0.0051910813436135,24.769305244644688,25.015670321303784,PFE,Pfizer,0.9965317249298096,4.398519013193436e-05,0.003424292430281639
2024-02-15,24.971906661987305,27.51000022888184,27.809999465942383,27.21999931335449,27.25,36111600,0.0147545679751817,24.819955598980343,25.01169180682047,PFE,Pfizer,0.7852824926376343,0.021560244262218475,0.19315725564956665
2024-02-16,25.071758270263672,27.6200008392334,27.88999938964844,27.209999084472656,27.549999237060547,35935300,0.0039985576443133,24.88290626680117,25.017152394406214,PFE,Pfizer,0.9975824356079102,0.0023825655225664377,3.5004053643206134e-05
2024-02-20,25.044527053833008,27.59000015258789,28.13999938964844,27.520000457763672,27.61000061035156,34232000,-0.0010861311016612,24.92331146355913,25.01964099980865,PFE,Pfizer,0.9999879002571106,4.2554966057650745e-06,7.816560355422553e-06
2024-02-21,25.11714553833008,27.670000076293945,27.68000030517578,27.36000061035156,27.600000381469727,27348300,0.0028995749986004,24.97176998225187,25.028505048765144,PFE,Pfizer,0.8015413284301758,0.1917993724346161,0.0066593484953045845
2024-02-22,25.008214950561523,27.549999237060547,27.700000762939453,27.190000534057617,27.59000015258789,31957500,-0.0043369015640062,24.980881224329284,25.026660494382995,PFE,Pfizer,0.7548117637634277,0.24426913261413574,0.0009190450655296445
2024-02-23,25.198841094970703,27.76000022888184,28.09000015258789,27.690000534057617,27.75,33182600,0.0076225410244603,25.03537119198964,25.042313276254603,PFE,Pfizer,0.07095316797494888,0.9290162324905396,3.055181878153235e-05
2024-02-26,24.67235374450684,27.18000030517578,27.670000076293945,27.06999969482422,27.670000076293945,45685500,-0.0208933160251145,24.94461683011894,25.00868059155026,PFE,Pfizer,0.9979063272476196,0.0020446591079235077,4.906560207018629e-05
2024-02-27,24.409107208251957,26.88999938964844,27.200000762939453,26.809999465942383,27.1200008392334,38598400,-0.010669696899652,24.81073942465219,24.95417392034132,PFE,Pfizer,0.9996463656425476,0.00033246606471948326,2.1191452105995268e-05
2024-02-28,24.54527282714844,27.040000915527344,27.239999771118164,26.81999969482422,26.959999084472656,31010200,0.005578476006302,24.74437277527625,24.91700109368742,PFE,Pfizer,0.9762380719184875,0.01078067347407341,0.012981352396309376
2024-02-29,24.10955238342285,26.559999465942383,27.190000534057617,26.549999237060547,27.06999969482422,54643200,-0.0177517050551442,24.585667677312905,24.843596665481552,PFE,Pfizer,0.690963089466095,1.933426028699614e-05,0.3090175986289978
2024-03-01,24.13678741455078,26.59000015258789,26.899999618530277,26.51000022888184,26.82999992370605,46392100,0.0011296365313964,24.473447611622376,24.7793412790333,PFE,Pfizer,0.3819291591644287,3.838383418042213e-05,0.6180324554443359
2024-03-04,23.501367568969727,25.88999938964844,26.459999084472656,25.61000061035156,26.299999237060547,86777700,-0.0263257837369853,24.230427600959214,24.6631618508457,PFE,Pfizer,0.6404212713241577,0.18413950502872467,0.17543929815292358
2024-03-05,23.673837661743164,26.07999992370605,26.420000076293945,25.690000534057617,25.8700008392334,73646100,0.0073387258110528,24.0912801161552,24.573223288200012,PFE,Pfizer,0.9999868869781494,1.136047217187297e-06,1.1882403669005726e-05
2024-03-06,24.68143081665039,27.190000534057617,27.299999237060547,26.790000915527344,26.899999618530277,84919500,0.0425614625437553,24.238817791279,24.58306033624096,PFE,Pfizer,0.2437106817960739,0.35340994596481323,0.40287938714027405
2024-03-07,24.318336486816406,26.790000915527344,27.31999969482422,26.76000022888184,27.200000762939453,46423800,-0.0147112350386524,24.25869746516335,24.558994531747818,PFE,Pfizer,0.9843617677688599,0.0002334451419301331,0.015404813922941685
2024-03-08,24.70866203308105,27.21999931335449,27.299999237060547,26.850000381469727,26.8799991607666,45906600,0.0160506680412229,24.371188607142777,24.572600668232656,PFE,Pfizer,0.59984290599823,4.2283743823645636e-05,0.4001147747039795
2024-03-11,25.7525634765625,28.3700008392334,28.38999938964844,27.309999465942383,27.309999465942383,52600100,0.0422484002607597,24.716532324497702,24.679870014444457,PFE,Pfizer,0.8154155015945435,0.18437017500400543,0.00021429573826026171
2024-03-12,25.42577743530273,28.01000022888184,28.34000015258789,27.76000022888184,28.309999465942383,48758200,-0.0126894567819306,24.893843602198963,24.74767977997703,PFE,Pfizer,0.9999655485153198,1.9180108665750595e-06,3.2582658604951575e-05
2024-03-13,25.61640167236328,28.21999931335449,28.690000534057617,28.190000534057617,28.290000915527344,39273000,0.0074972825332715,25.074483119740044,24.82665449746669,PFE,Pfizer,0.6543819308280945,0.34401482343673706,0.0016032217536121607
2024-03-14,25.534704208374023,28.1299991607666,28.280000686645508,27.770000457763672,28.25,36428000,-0.0031892638565782,25.189538391898537,24.89102265300372,PFE,Pfizer,0.6750131845474243,0.20018327236175537,0.12480350583791733
2024-03-15,25.36223602294922,27.940000534057617,28.280000686645508,27.86000061035156,27.959999084472656,75727900,-0.0067542660379924,25.232712799661208,24.93386023208967,PFE,Pfizer,0.9774779081344604,0.022160504013299942,0.0003615714667830616
2024-03-18,25.162532806396484,27.71999931335449,28.030000686645508,27.61000061035156,28.01000022888184,36226500,-0.0078740382500986,25.215167801345025,24.954648647935745,PFE,Pfizer,0.9993427991867065,0.00013414843124337494,0.0005230596289038658
2024-03-19,25.080833435058597,27.6299991607666,27.780000686645508,27.31999969482422,27.670000076293945,29026600,-0.0032468659640305,25.18158420977342,24.96611999221964,PFE,Pfizer,0.9999380111694336,1.9088938643108122e-05,4.2911324271699414e-05
2024-03-20,25.14437866210937,27.700000762939453,27.739999771118164,27.209999084472656,27.479999542236328,34468000,0.0025336170432819,25.172282822857408,24.98232532584598,PFE,Pfizer,0.3196318447589874,0.0002591721713542938,0.6801090240478516
2024-03-21,25.108068466186523,27.65999984741211,28.040000915527344,27.6299991607666,27.75,29633700,-0.0014440681319187,25.15622923368969,24.993756520422394,PFE,Pfizer,0.9981455206871033,0.0012704797554761171,0.0005840830272063613
2024-03-22,24.83574485778809,27.36000061035156,27.84000015258789,27.34000015258789,27.46999931335449,28830100,-0.0108460596546954,25.07610813971429,24.979391823819277,PFE,Pfizer,5.639519713440677e-06,7.234566965053091e-06,0.9999871253967285
2024-03-25,24.8992862701416,27.43000030517578,27.479999542236328,27.100000381469727,27.239999771118164,31110600,0.0025584661429467,25.03190267232112,24.972109500757664,PFE,Pfizer,0.5788246989250183,0.021179722622036934,0.3999955356121063
2024-03-26,25.044527053833008,27.59000015258789,27.6299991607666,27.309999465942383,27.450000762939453,38220300,0.0058331304004313,25.03505876769909,24.9786929146736,PFE,Pfizer,0.9999513626098633,3.911063686246052e-06,4.4728407374350354e-05
2024-03-27,25.21699523925781,27.780000686645508,27.940000534057617,27.540000915527344,27.709999084472656,34247600,0.0068864620623134,25.08054288558877,25.00035676236308,PFE,Pfizer,0.7999760508537292,0.2000008374452591,2.310831769136712e-05
2024-03-28,25.18976593017578,27.75,28.1200008392334,27.71999931335449,27.81999969482422,40466700,-0.0010797999057254,25.107848646735523,25.017575777618774,PFE,Pfizer,0.9978278875350952,0.000658145931083709,0.0015138835879042745
2024-04-01,25.162532806396484,27.71999931335449,27.8700008392334,27.57999992370605,27.76000022888184,26596600,-0.0010811185723116,25.121519686650764,25.03075368932584,PFE,Pfizer,0.9999227523803711,2.4487226255587302e-06,7.48265374568291e-05
2024-04-02,25.008214950561523,27.549999237060547,27.75,27.40999984741211,27.56999969482422,32451500,-0.006132842707938,25.09319350262845,25.028704713074536,PFE,Pfizer,0.7999566793441772,0.2000003606081009,4.299407737562433e-05
2024-04-03,24.70866203308105,27.21999931335449,27.75,27.200000762939453,27.51000022888184,36828600,-0.0119781806927304,24.997060635241603,24.999609923984217,PFE,Pfizer,0.9999330043792725,2.8601307349163108e-06,6.407604087144136e-05
2024-04-04,24.19124984741211,26.649999618530277,27.399999618530277,26.63999938964844,27.309999465942383,41922700,-0.0209405181460741,24.795607938284228,24.92612264429584,PFE,Pfizer,0.9999014735221863,2.7694410164258443e-05,7.088657730491832e-05
2024-04-05,24.200328826904297,26.65999984741211,26.700000762939453,26.350000381469727,26.559999465942383,39880500,0.0003753001415576,24.646788160439243,24.86014138816934,PFE,Pfizer,0.9848865270614624,0.0027114776894450188,0.012402022257447243
2024-04-08,24.127708435058597,26.57999992370605,26.81999969482422,26.520000457763672,26.600000381469727,24431400,-0.0030008018636907,24.51701822909408,24.79355657425018,PFE,Pfizer,0.8988050222396851,0.015011319890618324,0.08618363738059998
2024-04-09,24.309255599975582,26.780000686645508,27.420000076293945,26.649999618530277,26.770000457763672,45127800,0.0075244263418401,24.465077571814454,24.74952921295249,PFE,Pfizer,0.9998162984848022,0.00010369850497227162,8.000405068742111e-05
2024-04-10,23.891698837280277,26.31999969482422,26.59000015258789,26.15999984741211,26.520000457763672,44541600,-0.0171768633958389,24.32173288818091,24.671544633345924,PFE,Pfizer,0.9999604821205139,1.0300745998392813e-06,3.8533769838977605e-05
2024-04-11,23.90985107421875,26.34000015258789,26.450000762939453,26.1299991607666,26.350000381469727,32814500,0.0007597717124305,24.21876243469037,24.60229976433436,PFE,Pfizer,0.7999759912490845,0.19999483227729797,2.9176948373788036e-05
2024-04-12,23.474136352539062,25.86000061035156,26.31999969482422,25.82999992370605,26.25,43034100,-0.0182232302630067,24.03260591415254,24.49973945417115,PFE,Pfizer,0.9610346555709839,0.03649096563458443,0.0024743773974478245
2024-04-15,23.51952362060547,25.90999984741211,26.170000076293945,25.75,25.90999984741211,35660200,0.0019335010832677,23.904335340765773,24.410628923847,PFE,Pfizer,0.9999915957450867,8.799350439403497e-07,7.413624643959338e-06
2024-04-16,23.319822311401367,25.690000534057617,25.989999771118164,25.68000030517578,25.81999969482422,28885300,-0.0084908738980216,23.758207083424672,24.31146468635194,PFE,Pfizer,0.799875795841217,0.1999436467885971,0.00018056019325740635
2024-04-17,23.074731826782227,25.420000076293945,25.690000534057617,25.26000022888184,25.690000534057617,43828900,-0.010509963641503,23.58733826926406,24.19903442639106,PFE,Pfizer,0.9992764592170715,0.0005441156681627035,0.00017945012950804085
2024-04-18,23.04749870300293,25.38999938964844,25.459999084472656,25.229999542236328,25.350000381469727,35788400,-0.0011802140966894,23.45237837769878,24.094349360628502,PFE,Pfizer,0.8121815919876099,0.18779586255550385,2.254136597912293e-05
2024-04-19,23.601221084594727,26.0,26.0,25.350000381469727,25.38999938964844,38372800,0.024025270105326,23.489589054422765,24.049519517352707,PFE,Pfizer,0.783760130405426,0.01618964597582817,0.2000502347946167
2024-04-22,23.83723258972168,26.26000022888184,26.5,25.93000030517578,26.0,35678700,0.0099999700981998,23.57649993824749,24.030220705749883,PFE,Pfizer,0.9958219528198242,0.004114562179893255,6.34568277746439e-05
2024-04-23,23.891698837280277,26.31999969482422,26.46999931335449,26.190000534057617,26.32999992370605,24297800,0.0022849232751154,23.65529966300569,24.01762780861628,PFE,Pfizer,0.9999634623527527,7.443000413331902e-06,2.9109874958521686e-05
2024-04-24,23.846311569213867,26.270000457763672,26.34000015258789,26.040000915527344,26.25,24547800,-0.0018997086969632,23.703052639557733,24.00205360503424,PFE,Pfizer,0.9408845901489258,0.00943105947226286,0.049684394150972366
2024-04-25,22.92949485778809,25.26000022888184,26.43000030517578,25.25,26.270000457763672,47661400,-0.0384468981194312,23.50966319411532,23.9045482643755,PFE,Pfizer,0.39997148513793945,0.200016051530838,0.4000124931335449
2024-04-26,23.05657768249512,25.399999618530277,25.540000915527344,25.200000762939453,25.32999992370605,46526500,0.0055423298897432,23.39639181621027,23.8274600296591,PFE,Pfizer,0.9921776652336121,0.003958630375564098,0.0038637202233076096
2024-04-29,23.274436950683597,25.63999938964844,25.850000381469727,25.540000915527344,25.57999992370605,39995300,0.0094488987562919,23.3659030998286,23.777185204297687,PFE,Pfizer,0.8075226545333862,0.19231997430324554,0.00015738919319119304
2024-04-30,23.25628089904785,25.6200008392334,25.82999992370605,25.59000015258789,25.649999618530277,38017700,-0.0007800855365143,23.338497549633413,23.72983026745679,PFE,Pfizer,0.7499607801437378,0.25000646710395813,3.275844574091025e-05
2024-05-01,24.67235374450684,27.18000030517578,27.450000762939453,26.020000457763672,26.32999992370605,97388900,0.0608899097669981,23.671961598351768,23.815514219915883,PFE,Pfizer,0.19914451241493225,0.8003497123718262,0.0005058158421888947
2024-05-02,25.14437866210937,27.700000762939453,27.940000534057617,27.1200008392334,27.209999084472656,69649000,0.0191317343489221,24.04006586429117,23.93632007829711,PFE,Pfizer,0.7998740077018738,0.2000790387392044,4.7010249545564875e-05
2024-05-03,25.24422645568848,27.809999465942383,27.90999984741211,27.520000457763672,27.86000061035156,60568900,0.0039709787591437,24.341106012140497,24.05522065805996,PFE,Pfizer,0.9999328851699829,2.770563878584653e-05,3.939463204005733e-05
2024-05-06,25.56193733215332,28.15999984741211,28.32999992370605,27.959999084472656,27.979999542236328,59899700,0.0125854867061394,24.6463138421437,24.19219490115936,PFE,Pfizer,0.7999894022941589,0.0013222378911450505,0.1986883580684662
2024-05-07,25.207918167114254,27.770000457763672,28.489999771118164,27.399999618530277,28.290000915527344,65606400,-0.013849465337424,24.78671492338634,24.28453337988253,PFE,Pfizer,0.5329930782318115,0.2634562849998474,0.20355066657066345
2024-05-08,25.661788940429688,28.270000457763672,28.34000015258789,27.520000457763672,27.700000762939453,39087800,0.0180050875406101,25.005483427647174,24.40973843084136,PFE,Pfizer,0.9998453855514526,0.00011735805310308933,3.7192152376519516e-05
2024-05-09,25.96586036682129,28.18000030517578,28.25,27.31999969482422,27.76000022888184,47831100,0.0118491905259396,25.245577662440702,24.55120406138499,PFE,Pfizer,0.39986515045166016,0.00012679470819421113,0.6000080108642578
2024-05-10,25.80921745300293,28.01000022888184,28.280000686645508,27.920000076293945,28.239999771118164,25849800,-0.0060326487012352,25.38648761008126,24.66556891516844,PFE,Pfizer,0.9593205451965332,0.01237031351774931,0.028309136629104614
2024-05-13,26.20543098449707,28.440000534057617,28.649999618530277,28.170000076293945,28.190000534057617,39609800,0.0153516290145419,25.591223453685213,24.805556376016494,PFE,Pfizer,0.6007393598556519,0.39924854040145874,1.2031387086608447e-05
2024-05-14,26.150144577026367,28.3799991607666,28.68000030517578,28.190000534057617,28.549999237060547,23530900,-0.0021097308990418,25.7309537345205,24.92779166701739,PFE,Pfizer,0.9362514019012451,2.7988840884063393e-05,0.06372060626745224
2024-05-15,26.555574417114254,28.81999969482422,28.989999771118164,28.479999542236328,28.489999771118164,38376300,0.0155039234637377,25.93710890516894,25.0757719170262,PFE,Pfizer,0.5995861887931824,0.2007291615009308,0.19968459010124207
2024-05-16,26.6477165222168,28.920000076293945,29.030000686645508,28.670000076293945,28.8700008392334,40077800,0.0034697839201383,26.114760809430905,25.218675972043524,PFE,Pfizer,0.7999881505966187,0.20000021159648895,1.1624352737271693e-05
2024-05-17,26.38971900939941,28.63999938964844,28.90999984741211,28.51000022888184,28.899999618530277,26106400,-0.0096817869029147,26.183500359423032,25.325134429984967,PFE,Pfizer,0.7991968393325806,0.20017948746681213,0.0006236679037101567
2024-05-20,26.288360595703125,28.530000686645508,28.709999084472656,28.459999084472656,28.65999984741211,22423300,-0.003840829592016,26.20971541849305,25.41270044505025,PFE,Pfizer,0.5738785266876221,0.22587506473064423,0.20024637877941132
2024-05-21,26.31600379943848,28.559999465942383,28.670000076293945,28.31999969482422,28.46999931335449,28119900,0.0010515377569748,26.23628751372941,25.494818931812816,PFE,Pfizer,0.9981479644775391,0.0017545223236083984,9.747547301230952e-05
2024-05-22,27.2742919921875,29.600000381469727,29.6299991607666,28.420000076293945,28.46999931335449,46987500,0.0364146547497257,26.49578863334393,25.65658921002869,PFE,Pfizer,0.00033221906051039696,0.6663452982902527,0.3333224952220917
2024-05-23,26.435789108276367,28.690000534057617,29.43000030517578,28.670000076293945,29.43000030517578,42031300,-0.030743341904212,26.48078875207704,25.727425564414848,PFE,Pfizer,0.8332472443580627,0.16671113669872284,4.162093318882398e-05
2024-05-24,26.610858917236328,28.8799991607666,28.989999771118164,28.549999237060547,28.670000076293945,22589100,0.0066224544401873,26.51330629336686,25.807737687398618,PFE,Pfizer,0.20065641403198242,0.410810649394989,0.38853293657302856
2024-05-28,26.07642936706543,28.299999237060547,28.8799991607666,28.1299991607666,28.799999237060547,32371200,-0.020083137933768,26.4040870617915,25.832164203731963,PFE,Pfizer,0.9999496936798096,1.53862674778793e-06,4.885118323727511e-05
2024-05-29,25.634145736694336,27.81999969482422,28.170000076293945,27.690000534057617,28.15999984741211,24241700,-0.016961050308893,26.21160173051721,25.81416252491036,PFE,Pfizer,0.9999802708625793,2.3815816803107737e-06,1.7316677258349955e-05
2024-05-30,25.984289169311523,28.200000762939453,28.200000762939453,27.790000915527344,27.90999984741211,23298600,0.0136592588734474,26.15477359021579,25.829628583492283,PFE,Pfizer,0.7990383505821228,0.0009420731221325696,0.20001952350139618
2024-05-31,26.408145904541016,28.65999984741211,28.75,28.239999771118164,28.34000015258789,78290100,0.0163120388811746,26.21811666879709,25.882221067223988,PFE,Pfizer,0.4999748468399048,0.5000022053718567,2.2985706891631708e-05
2024-06-03,27.00707626342773,29.309999465942383,29.530000686645508,28.63999938964844,28.65999984741211,38177200,0.0226797580205633,26.415356567454754,25.98448063051524,PFE,Pfizer,0.799961268901825,0.20000164210796356,3.7068490200908855e-05
2024-06-04,27.172929763793945,29.489999771118164,29.729999542236328,29.170000076293945,29.299999237060547,46309500,0.0061411127494317,26.604749866539557,26.0925214608133,PFE,Pfizer,0.9999208450317383,1.9622732452262426e-06,7.725874456809834e-05
2024-06-05,27.22821617126465,29.549999237060547,29.6200008392334,29.170000076293945,29.559999465942383,27346700,0.0020346134167825,26.760616442720828,26.195766434490693,PFE,Pfizer,0.0005276150768622756,0.0038337549194693565,0.9956386089324951
2024-06-06,26.537147521972656,28.799999237060547,29.540000915527344,28.790000915527344,29.36000061035156,35360400,-0.0253806068287835,26.704749212533784,26.226801078807235,PFE,Pfizer,0.49999624490737915,0.4999925494194031,1.1196923878742382e-05
2024-06-07,26.33443260192871,28.57999992370605,29.049999237060547,28.549999237060547,28.75,27526200,-0.0076389114495482,26.61217005988252,26.23658576272737,PFE,Pfizer,0.7983064651489258,0.20011425018310547,0.0015793262282386422
2024-06-10,25.864505767822266,28.06999969482422,28.350000381469727,27.6299991607666,28.350000381469727,36977900,-0.0178445779033806,26.425253986867453,26.20276030864509,PFE,Pfizer,0.9989567995071411,0.0001295121037401259,0.0009135841391980648
2024-06-11,25.827646255493164,28.030000686645508,28.32999992370605,27.88999938964844,27.950000762939453,29573500,-0.0014251001994771,26.27585205402388,26.16865903108582,PFE,Pfizer,0.9999754428863525,1.2160658116044942e-06,2.335861063329503e-05
2024-06-12,25.486717224121094,27.65999984741211,28.229999542236328,27.559999465942383,28.170000076293945,32507900,-0.0132001587755817,26.07856834654818,26.106664321361755,PFE,Pfizer,0.9992815852165222,0.0005967674660496414,0.00012168735702289268
2024-06-13,25.477502822875977,27.649999618530277,27.71999931335449,27.200000762939453,27.5,33945200,-0.0003615373907941,25.92830196563013,26.04946782149941,PFE,Pfizer,0.8871166110038757,0.11265512555837631,0.0002282057685079053
2024-06-14,25.36693572998047,27.530000686645508,28.21999931335449,27.43000030517578,27.75,29461900,-0.0043397931761283,25.78796040671772,25.987419449543143,PFE,Pfizer,0.40048378705978394,0.599439799785614,7.643467688467354e-05
2024-06-17,24.860145568847656,26.979999542236328,27.479999542236328,26.8700008392334,27.450000762939453,32194600,-0.019978375256963,25.5560066972502,25.884940005843557,PFE,Pfizer,0.3494628965854645,0.20030200481414795,0.45023512840270996
2024-06-18,25.2563591003418,27.40999984741211,27.459999084472656,26.950000762939453,26.979999542236328,29817800,0.0159376995760893,25.4810947980231,25.827796287161576,PFE,Pfizer,0.5997763872146606,0.4001740515232086,4.956061457050964e-05
2024-06-20,25.5604305267334,27.739999771118164,27.959999084472656,27.149999618530277,27.200000762939453,29693400,0.0120394006588022,25.50092873020068,25.80349030894083,PFE,Pfizer,0.9999374151229858,2.6263096515322104e-06,6.0040722019039094e-05
2024-06-21,25.5604305267334,27.739999771118164,27.88999938964844,27.559999465942383,27.770000457763672,52487000,0.0,25.515804179333852,25.78139396510379,PFE,Pfizer,0.7988404035568237,0.20107845962047577,8.109957707347348e-05
2024-06-24,26.13171768188477,28.36000061035156,28.40999984741211,27.729999542236328,27.950000762939453,35414100,0.0223504512004937,25.669782554971583,25.81324157572024,PFE,Pfizer,0.7490494251251221,0.2500426769256592,0.0009079079027287662
2024-06-25,25.79078865051269,27.989999771118164,28.450000762939453,27.93000030517578,28.399999618530277,24721600,-0.0130465603341647,25.70003407885686,25.81120040070137,PFE,Pfizer,0.7919613122940063,0.019804691895842552,0.18823404610157013
2024-06-26,25.265573501586918,27.420000076293945,27.93000030517578,27.06999969482422,27.90999984741211,30745800,-0.0203644470141218,25.591418934539373,25.76159795532733,PFE,Pfizer,0.7978517413139343,0.1999891996383667,0.00215907976962626
2024-06-27,25.61571884155273,27.799999237060547,27.82999992370605,27.06999969482422,27.3700008392334,28399600,0.0138585945790554,25.597493911292712,25.748336217711454,PFE,Pfizer,0.6042049527168274,0.39573201537132263,6.30422291578725e-05
2024-06-28,25.781574249267575,27.979999542236328,28.1200008392334,27.63999938964844,27.780000686645508,33189200,0.006474751254913,25.643513995786428,25.751357856943837,PFE,Pfizer,0.40016427636146545,0.19985951483249664,0.3999762237071991
2024-07-01,26.002716064453125,28.21999931335449,28.6299991607666,27.940000534057617,27.950000762939453,26209000,0.0085775140434578,25.7333145129531,25.774208603081043,PFE,Pfizer,0.9998408555984497,0.00010797013237606734,5.114779924042523e-05
2024-07-02,25.643360137939453,27.82999992370605,28.280000686645508,27.690000534057617,28.21999931335449,21989800,-0.0138199381027325,25.71082591919969,25.76231328806817,PFE,Pfizer,0.9973298907279968,0.00020363375369925052,0.002466498175635934
2024-07-03,25.523576736450195,27.700000762939453,28.049999237060547,27.6200008392334,27.920000076293945,15180100,-0.0046711273735159,25.664013623512314,25.74060996519381,PFE,Pfizer,0.9999496340751648,2.048406486210297e-06,4.829672980122268e-05
2024-07-05,25.8460750579834,28.049999237060547,28.09000015258789,27.670000076293945,27.76000022888184,17268700,0.0126353106722947,25.709528982130085,25.75019770090195,PFE,Pfizer,0.9996582865715027,4.51187152066268e-05,0.0002966321771964431
2024-07-08,25.735502243041992,27.93000030517578,28.1200008392334,27.790000915527344,28.049999237060547,25694400,-0.0042781279050434,25.716022297358062,25.748861750187405,PFE,Pfizer,9.597902680980042e-05,0.9997890591621399,0.00011506865848787129
2024-07-09,25.5420036315918,27.71999931335449,27.940000534057617,27.299999237060547,27.8799991607666,36867800,-0.0075187423825199,25.67251763091649,25.73005646667871,PFE,Pfizer,0.999925971031189,2.079773366858717e-06,7.200807885965332e-05
2024-07-10,26.12250328063965,28.350000381469727,28.40999984741211,27.799999237060547,27.82999992370605,29873600,0.0227272557556861,25.78501404334728,25.765733449766067,PFE,Pfizer,0.9996680021286011,0.00026588758919388056,6.607866089325398e-05
2024-07-11,26.408145904541016,28.65999984741211,29.229999542236328,28.420000076293945,28.780000686645508,47322600,0.0109347339660617,25.94079700864572,25.82413458201833,PFE,Pfizer,0.3995533883571625,0.6000077128410339,0.00043888375512324274
2024-07-12,26.6477165222168,28.920000076293945,29.13999938964844,28.790000915527344,28.899999618530277,28397000,0.0090718454276104,26.117526887038487,25.89900566749092,PFE,Pfizer,0.7808576226234436,0.21596021950244904,0.0031821411103010178
2024-07-15,26.813575744628903,29.100000381469727,29.270000457763672,28.82999992370605,29.030000686645508,30534400,0.0062241439064329,26.291539101436094,25.982148401776197,PFE,Pfizer,0.7129942178726196,0.2500589191913605,0.03694683685898781
2024-07-16,27.18214607238769,29.5,29.559999465942383,29.1200008392334,29.200000762939453,26912100,0.0137456612004691,26.514190844174,26.091239099104516,PFE,Pfizer,0.5696339011192322,0.20001444220542908,0.23035165667533875
2024-07-17,27.67050170898437,30.030000686645508,30.299999237060547,29.309999465942383,29.420000076293945,45395000,0.0179660441561957,26.80326856037659,26.234808427275407,PFE,Pfizer,0.7489773035049438,0.2505527436733246,0.0004699074779637158
2024-07-18,27.37564468383789,29.709999084472656,30.690000534057617,29.6299991607666,29.90999984741211,47279700,-0.0106560057438621,26.946362591241915,26.33852081423563,PFE,Pfizer,0.9997708201408386,1.080881020243396e-06,0.00022814505791757256
2024-07-19,27.615219116210938,29.96999931335449,30.0,29.549999237060547,29.940000534057617,30021200,0.0087513713426623,27.11357672248417,26.454584296233385,PFE,Pfizer,0.5999984741210938,0.399991512298584,1.0010142432292923e-05
2024-07-22,27.2742919921875,29.600000381469727,30.229999542236328,29.3799991607666,30.11000061035156,46483200,-0.0123456244395071,27.15375553991,26.52910317768376,PFE,Pfizer,0.7101733088493347,0.2803846299648285,0.009442093782126904
2024-07-23,27.18214607238769,29.5,29.63999938964844,29.32999992370605,29.6200008392334,25528300,-0.0033784898917339,27.160853173029423,26.588470713565936,PFE,Pfizer,2.3178101400844753e-05,1.2522609722509515e-05,0.9999643564224243
2024-07-24,27.624431610107425,29.979999542236328,29.989999771118164,29.309999465942383,29.51000022888184,29579400,0.0162711780203774,27.276747782298923,26.682648976887887,PFE,Pfizer,0.17828339338302612,0.018268542364239693,0.8034480214118958
2024-07-25,27.808717727661133,30.18000030517578,30.93000030517578,29.96999931335449,29.96999931335449,42296200,0.0066711279404672,27.409740268639474,26.785018863321817,PFE,Pfizer,1.9192788386135362e-05,0.33333858847618103,0.6666421890258789
2024-07-26,28.75249290466309,30.770000457763672,30.8799991607666,30.01000022888184,30.149999618530277,35657100,0.0339381048146347,27.74542842764538,26.963880139807387,PFE,Pfizer,0.5011157393455505,0.1666523665189743,0.33223196864128113
2024-07-29,28.705772399902344,30.71999931335449,30.93000030517578,30.440000534057617,30.690000534057617,41713700,-0.0016249201387739,27.98551442070962,27.1222339816342,PFE,Pfizer,0.7993255853652954,0.20063495635986328,3.946775177610107e-05
2024-07-30,29.331844329833984,31.38999938964844,31.540000915527344,29.780000686645508,31.01000022888184,89857500,0.0218099663443918,28.32209689799071,27.32310764965236,PFE,Pfizer,0.04749008268117905,0.8015564680099487,0.15095336735248566
2024-07-31,28.53757667541504,30.540000915527344,31.26000022888184,30.46999931335449,31.200000762939453,40978700,-0.0270786809546469,28.37596684234679,27.43351392472169,PFE,Pfizer,0.5918582081794739,0.3342752456665039,0.07386646419763565
2024-08-01,28.640363693237305,30.649999618530277,30.809999465942383,29.90999984741211,30.71999931335449,39753100,0.0036018131108803,28.442066055069414,27.543227540041293,PFE,Pfizer,0.0492858812212944,0.5516282320022583,0.3990859389305115
2024-08-02,28.434789657592773,30.43000030517578,31.31999969482422,30.01000022888184,30.8799991607666,42364700,-0.0071777732240555,28.440246955700257,27.62427864163688,PFE,Pfizer,1.0865129951298513e-07,0.9999997615814209,1.274645597959534e-07
2024-08-05,27.790027618408203,29.739999771118164,30.01000022888184,28.850000381469727,29.09000015258789,37838000,-0.0226751119649096,28.277692121377243,27.639346730434276,PFE,Pfizer,0.999658465385437,2.4143975679180585e-05,0.0003173891454935074
2024-08-06,27.397565841674805,29.31999969482422,30.049999237060547,29.25,29.729999542236328,29031800,-0.0141223960667613,28.057660551451637,27.617366649637955,PFE,Pfizer,0.9419021606445312,0.0012751666363328695,0.05682267248630524
2024-08-07,26.958385467529297,28.850000381469727,29.809999465942383,28.739999771118164,29.6299991607666,32866100,-0.0160299048712373,27.78284178047105,27.55745926944626,PFE,Pfizer,0.9999845027923584,3.4110717024304904e-06,1.2051621524733491e-05
2024-08-08,26.87428474426269,28.76000022888184,29.01000022888184,28.540000915527344,28.93000030517578,32094400,-0.0031196498532116,27.55570252141896,27.49535249442957,PFE,Pfizer,3.230840547985281e-06,0.499963641166687,0.5000331401824951
2024-08-09,26.67805290222168,28.549999237060547,28.75,28.450000762939453,28.649999618530277,25795600,-0.0073018442689124,27.33629011661964,27.42105253150158,PFE,Pfizer,0.9985914826393127,1.2057463209202979e-05,0.0013964782701805234
2024-08-12,26.584611892700195,28.450000762939453,28.61000061035156,28.31999969482422,28.57999992370605,21141600,-0.003502542328106,27.14837056063978,27.345012473428728,PFE,Pfizer,0.9999964237213135,7.261285190907074e-07,2.8861275040981127e-06
2024-08-13,26.958385467529297,28.850000381469727,28.950000762939453,28.309999465942383,28.549999237060547,34620700,0.0140597717332759,27.10087428736216,27.309864563801508,PFE,Pfizer,0.9990832805633545,0.0008417509961873293,7.492027361877263e-05
2024-08-14,26.98641586303711,28.8799991607666,29.18000030517578,28.670000076293945,28.799999237060547,23677700,0.0010397653650873,27.072259681280897,27.28046013645929,PFE,Pfizer,0.9998418688774109,9.256162593374029e-05,6.559771281899884e-05
2024-08-15,26.82756233215332,28.709999084472656,29.01000022888184,28.520000457763672,28.93000030517578,28676800,-0.0058864256628227,27.011085343999003,27.23928760879511,PFE,Pfizer,0.4005133807659149,0.00012796853843610734,0.5993586182594299
2024-08-16,26.44444274902344,28.299999237060547,28.649999618530277,27.850000381469727,28.649999618530277,50332900,-0.0142808197922145,26.869424695255116,27.167028985179503,PFE,Pfizer,0.74992835521698,4.356345925771166e-06,0.25006723403930664
2024-08-19,26.91166305541992,28.799999237060547,28.88999938964844,28.280000686645508,28.350000381469727,26382500,0.0176679959124395,26.87998428529632,27.143813900655903,PFE,Pfizer,0.9999346733093262,1.049485945259221e-06,6.421498983399943e-05
2024-08-20,27.00510597229004,28.899999618530277,29.190000534057617,28.799999237060547,28.799999237060547,21301300,0.0034722089332677,26.911264707044747,27.13120408898628,PFE,Pfizer,0.999992847442627,1.0009878224082058e-06,6.247290912142489e-06
2024-08-21,27.126583099365234,29.030000686645508,29.170000076293945,28.93000030517578,28.979999542236328,16729700,0.0044983021803299,26.965094305124868,27.13078399902073,PFE,Pfizer,0.80133455991745,0.1985560655593872,0.00010928876145044342
2024-08-22,26.892974853515625,28.780000686645508,29.1299991607666,28.540000915527344,29.020000457763672,20241500,-0.0086117829508381,26.94706444222256,27.10916498579299,PFE,Pfizer,0.4007975459098816,0.5989788770675659,0.00022363038442563266
2024-08-23,27.00510597229004,28.899999618530277,28.940000534057617,28.63999938964844,28.81999969482422,21885300,0.0041695319831736,26.96157482473943,27.099705075474542,PFE,Pfizer,0.9997909665107727,0.0001627049350645393,4.633178832591511e-05
2024-08-26,27.023794174194336,28.920000076293945,29.049999237060547,28.770000457763672,28.920000076293945,16506000,0.0006920247572246,26.97712966210316,27.092804084449067,PFE,Pfizer,0.33332201838493347,0.6663383841514587,0.0003395910607650876
2024-08-27,26.93035125732422,28.81999969482422,29.040000915527344,28.559999465942383,28.979999542236328,16184600,-0.0034578015310429,26.965435060908423,27.078035645619536,PFE,Pfizer,0.7755889892578125,0.22431842982769012,9.264416439691558e-05
2024-08-28,26.86494255065918,28.75,29.07999992370605,28.63999938964844,28.780000686645508,19874100,-0.0024288100084565,26.940311933346116,27.058663546077685,PFE,Pfizer,0.7840055823326111,0.21587584912776947,0.00011859319783980027
2024-08-29,26.83690643310547,28.71999931335449,28.88999938964844,28.530000686645508,28.8700008392334,19229800,-0.0010435949193207,26.914460558285956,27.03850380853476,PFE,Pfizer,0.33333227038383484,5.572650024987524e-06,0.6666621565818787
2024-08-30,27.107894897460938,29.01000022888184,29.049999237060547,28.670000076293945,28.71999931335449,37137600,0.0100976043953107,26.9628191430797,27.044812089346227,PFE,Pfizer,0.9999929070472717,1.3366000075620832e-06,5.787353074993007e-06
2024-09-03,26.44444274902344,28.299999237060547,28.920000076293945,28.13999938964844,28.649999618530277,44499600,-0.0244744990692598,26.833225044565637,26.990233058407792,PFE,Pfizer,0.7999409437179565,0.20000293850898743,5.610666630673222e-05
2024-09-04,26.52854347229004,28.38999938964844,28.540000915527344,28.200000762939453,28.290000915527344,23510500,0.0031802796551538,26.75705465149673,26.948261277851635,PFE,Pfizer,0.9995369911193848,0.00033195491414517164,0.00013110676081851125
2024-09-05,26.64067649841309,28.51000022888184,28.799999237060547,28.350000381469727,28.43000030517578,25927200,0.0042268821218991,26.727960113225823,26.920299025175403,PFE,Pfizer,0.19999921321868896,2.2216713659872767e-06,0.7999985814094543
2024-09-06,26.68739891052246,28.559999465942383,28.770000457763672,28.280000686645508,28.559999465942383,31214500,0.0017537997622605,26.717819812549983,26.89912628747968,PFE,Pfizer,0.7999746203422546,4.218855337967398e-06,0.2000211477279663
2024-09-09,27.481664657592773,29.40999984741211,29.59000015258789,28.450000762939453,28.540000915527344,36558400,0.0297618269106452,26.908781023810683,26.952084321126325,PFE,Pfizer,0.9980722665786743,0.0018858136609196663,4.182934935670346e-05
2024-09-10,27.790027618408203,29.739999771118164,29.76000022888184,29.190000534057617,29.420000076293945,32378800,0.0112206798480904,27.12909267246006,27.028260984515587,PFE,Pfizer,0.9998698234558105,5.3485891839955e-05,7.675024244235829e-05
2024-09-11,27.715272903442383,29.65999984741211,29.700000762939453,29.13999938964844,29.68000030517578,31943100,-0.0026899834714918,27.27563773020564,27.09071661350893,PFE,Pfizer,0.5737979412078857,0.004051848780363798,0.4221501350402832
2024-09-12,27.2480583190918,29.15999984741211,29.709999084472656,28.76000022888184,29.57999992370605,32511800,-0.0168576577246171,27.26874287742718,27.105020404925558,PFE,Pfizer,0.6071538329124451,0.3922385275363922,0.0006076100980862975
2024-09-13,27.350845336914062,29.270000457763672,29.31999969482422,28.989999771118164,29.15999984741211,19987700,0.0037722694446173,27.289268492298905,27.12736812601542,PFE,Pfizer,0.9999801516532898,3.3912394883373054e-06,1.6512945876456797e-05
2024-09-16,28.098392486572266,30.06999969482422,30.13999938964844,29.440000534057617,29.56999969482422,29224600,0.0273317749579489,27.491549490867243,27.215643067884223,PFE,Pfizer,0.9999885559082031,9.56536268859054e-07,1.0523138371354435e-05
2024-09-17,27.874128341674805,29.82999992370605,30.13999938964844,29.600000381469727,30.049999237060547,27055300,-0.0079813870136746,27.587194203569133,27.275505365501544,PFE,Pfizer,0.9999929666519165,2.1128246885382396e-07,6.738705451425631e-06
2024-09-18,27.79937171936035,29.75,30.13999938964844,29.729999542236328,30.0,25812800,-0.0026819357864075,27.640238582516936,27.323129579488707,PFE,Pfizer,0.7500199675559998,4.7336875468317885e-06,0.2499752938747406
2024-09-19,27.715272903442383,29.65999984741211,30.350000381469727,29.520000457763672,29.88999938964844,22653200,-0.0030252056329531,27.6589971627483,27.358778972575404,PFE,Pfizer,0.998274028301239,0.0007230325136333704,0.0010029912227764726
2024-09-20,27.49100875854492,29.420000076293945,29.549999237060547,29.229999542236328,29.540000915527344,56877400,-0.00809171699946,27.617000061697453,27.370799862209,PFE,Pfizer,0.9992989301681519,0.0005868607549928129,0.00011419558722991496
2024-09-23,27.388221740722656,29.309999465942383,29.46999931335449,29.18000030517578,29.43000030517578,23126200,-0.0037389321987072,27.559805481453758,27.3723836693466,PFE,Pfizer,0.4999627470970154,4.276892650523223e-05,0.49999451637268066
2024-09-24,27.565763473510746,29.5,29.59000015258789,29.149999618530277,29.25,21446200,0.0064824118363298,27.561294979468,27.38996365154334,PFE,Pfizer,0.48686522245407104,0.5131279826164246,6.830541224189801e-06
2024-09-25,27.033138275146484,28.93000030517578,29.709999084472656,28.90999984741211,29.600000381469727,30712700,-0.0193219824611816,27.429255803387623,27.35752498096181,PFE,Pfizer,0.3297356069087982,0.3369235098361969,0.33334091305732727
2024-09-26,27.07051467895508,28.96999931335449,29.01000022888184,28.309999465942383,28.479999542236328,32310400,0.0013826143094513,27.339570522279487,27.33143313532483,PFE,Pfizer,0.0029541479889303446,1.0309960998711176e-05,0.9970355033874512
2024-09-27,27.182647705078125,29.09000015258789,29.229999542236328,28.920000076293945,29.020000457763672,25013000,0.0041422568965865,27.300339817979147,27.317907187120586,PFE,Pfizer,0.4283084273338318,0.5026439428329468,0.06904754787683487
2024-09-30,27.042484283447266,28.940000534057617,29.190000534057617,28.780000686645508,29.11000061035156,27464700,-0.0051563564797506,27.235875934346176,27.2928687413321,PFE,Pfizer,0.999984085559845,4.84681822854327e-06,1.100171448342735e-05
2024-10-01,26.790185928344727,28.670000076293945,29.07999992370605,28.530000686645508,29.049999237060547,30725100,-0.0093297033089881,27.12445343284581,27.247170303787797,PFE,Pfizer,0.7999237179756165,0.2000282108783722,4.811504913959652e-05
2024-10-02,26.73412132263184,28.61000061035156,28.770000457763672,28.3799991607666,28.600000381469727,24957200,-0.0020927292502875,27.02687040529232,27.20052948731907,PFE,Pfizer,0.8704354763031006,2.658890480233822e-05,0.12953796982765198
2024-10-03,26.481821060180664,28.34000015258789,28.520000457763672,28.26000022888184,28.5,25678900,-0.0094373875021501,26.890608069014405,27.13519235757921,PFE,Pfizer,0.7499842047691345,5.938397407589946e-06,0.2500098645687103
2024-10-04,26.70608711242676,28.57999992370605,28.59000015258789,28.239999771118164,28.290000915527344,28769000,0.008468679390909,26.844477829867493,27.09618278983808,PFE,Pfizer,0.79820716381073,0.20177915692329407,1.368993707728805e-05
2024-10-07,27.285436630249023,29.200000762939453,29.84000015258789,29.11000061035156,29.3700008392334,51426600,0.0216935380830345,26.95471752996288,27.113387684420893,PFE,Pfizer,0.7512515783309937,0.24850980937480927,0.00023859257635194808
2024-10-08,27.266746520996094,29.18000030517578,29.489999771118164,29.0,29.209999084472656,29126600,-0.0006849847963293,27.03272477772118,27.127329396836817,PFE,Pfizer,0.22019772231578827,0.5797877311706543,0.20001450181007385
2024-10-09,28.21052360534668,30.190000534057617,30.43000030517578,29.100000381469727,29.21999931335449,44244800,0.0346127501359156,27.327174484627555,27.22580159761044,PFE,Pfizer,0.7466585040092468,0.2522003650665283,0.0011411946034058928
2024-10-10,27.4162540435791,29.34000015258789,30.07999992370605,29.280000686645508,29.88999938964844,34347700,-0.0281550804543394,27.34944437436544,27.243115456334863,PFE,Pfizer,0.9998651146888733,7.406984514091164e-05,6.084014967200346e-05
2024-10-11,27.2480583190918,29.15999984741211,29.440000534057617,28.950000762939453,29.36000061035156,29617600,-0.0061348907921539,27.324097860547027,27.243564807494582,PFE,Pfizer,0.7497826814651489,0.25015348196029663,6.376392411766574e-05
2024-10-14,27.173303604125977,29.07999992370605,29.170000076293945,28.850000381469727,29.15999984741211,23594200,-0.002743487777749,27.286399296441765,27.237177425370163,PFE,Pfizer,0.2421884685754776,0.4225527048110962,0.3352588415145874
2024-10-15,27.50969886779785,29.440000534057617,29.739999771118164,29.06999969482422,29.09000015258789,29009900,0.0123796233454955,27.342224189280785,27.2619521019545,PFE,Pfizer,0.35498443245887756,9.497936116531491e-05,0.6449206471443176
2024-10-16,27.72461700439453,29.670000076293945,29.81999969482422,29.43000030517578,29.5,28414800,0.0078124496247486,27.43782239305922,27.304012547630865,PFE,Pfizer,0.8128277063369751,0.00036292654112912714,0.18680939078330994
2024-10-17,27.350845336914062,29.270000457763672,29.530000686645508,29.21999931335449,29.479999542236328,23779200,-0.0134815809149401,27.41607812902293,27.308270073929336,PFE,Pfizer,0.7488279938697815,0.0037266018334776163,0.24744540452957153
2024-10-18,27.30412483215332,29.21999931335449,29.3700008392334,29.07999992370605,29.299999237060547,24244900,-0.0017081923496413,27.388089804805528,27.30789323376788,PFE,Pfizer,0.6666589379310608,0.3333359658718109,5.05000843986636e-06
2024-10-21,27.033138275146484,28.93000030517578,29.21999931335449,28.8799991607666,29.21999931335449,23395700,-0.0099247479519183,27.29935192239077,27.28291551025685,PFE,Pfizer,0.2553616166114807,0.45630863308906555,0.28832972049713135
2024-10-22,26.94904136657715,28.84000015258789,28.989999771118164,28.600000381469727,28.899999618530277,29036400,-0.0031108821962654,27.21177428343736,27.252563315376875,PFE,Pfizer,0.25025734305381775,0.24980588257312775,0.4999368190765381
2024-10-23,26.967729568481445,28.86000061035156,29.11000061035156,28.670000076293945,28.8700008392334,22217600,0.0006934644409086,27.15076310469838,27.22666933838638,PFE,Pfizer,0.7417610287666321,0.258196622133255,4.2329640564275905e-05
2024-10-24,26.76215362548828,28.63999938964844,28.979999542236328,28.5,28.86000061035156,31473600,-0.0076230348747426,27.05361073489585,27.184440637213825,PFE,Pfizer,0.9999663829803467,1.3598216810351005e-06,3.2362175261368975e-05
2024-10-25,26.584611892700195,28.450000762939453,28.729999542236328,28.440000534057617,28.68000030517578,26091100,-0.006634059996539,26.93636102434694,27.12991075134895,PFE,Pfizer,0.746757984161377,0.25073909759521484,0.0025028917007148266
2024-10-28,26.967729568481445,28.86000061035156,28.940000534057617,28.559999465942383,28.600000381469727,37922500,0.0144112570583152,26.944203160380567,27.115167007451905,PFE,Pfizer,0.10047361999750137,0.6970546245574951,0.2024718075990677
2024-10-29,26.59395408630371,28.459999084472656,29.170000076293945,28.030000686645508,29.01000022888184,102267000,-0.0138601019870276,26.856640891861357,27.067784014620248,PFE,Pfizer,0.0006928863003849983,0.7998765707015991,0.19943058490753174
2024-10-30,26.650022506713867,28.520000457763672,28.600000381469727,28.190000534057617,28.309999465942383,47104000,0.0021083145525557,26.80498629557448,27.029805695719663,PFE,Pfizer,0.6489334106445312,0.35103359818458557,3.306822691229172e-05
2024-10-31,26.44444274902344,28.299999237060547,28.63999938964844,28.290000915527344,28.450000762939453,37909600,-0.0077140556875191,26.71485040893672,26.976590882383647,PFE,Pfizer,0.49998408555984497,0.5000002980232239,1.5632049326086417e-05
2024-11-01,26.24821281433105,28.09000015258789,28.540000915527344,28.049999237060547,28.479999542236328,46894600,-0.0074204601910028,26.598191010285305,26.910374694378863,PFE,Pfizer,0.688627302646637,0.31131476163864136,5.795005927211605e-05
2024-11-04,25.939851760864254,27.76000022888184,28.13999938964844,27.729999542236328,28.100000381469727,41347800,-0.011747887585643,26.433606197930043,26.822145336786622,PFE,Pfizer,0.00011731270933523774,0.5997997522354126,0.4000830054283142
2024-11-05,26.154769897460938,27.989999771118164,28.0,27.57999992370605,27.739999771118164,44175800,0.0082852492210818,26.36389712281277,26.76147484230247,PFE,Pfizer,0.00022696507221553475,0.9997676014900208,5.516484634426888e-06
2024-11-06,25.56608009338379,27.36000061035156,27.989999771118164,27.07999992370605,27.93000030517578,65749500,-0.0225079328315672,26.16444286545552,26.65280259240077,PFE,Pfizer,0.99997878074646,8.915822036215104e-06,1.2261098163435236e-05
2024-11-07,25.659523010253903,27.459999084472656,27.59000015258789,27.34000015258789,27.530000686645508,48484800,0.0036549567445929,26.038212901655115,26.56250444856924,PFE,Pfizer,0.30495595932006836,0.6918655037879944,0.0031785019673407078
2024-11-08,25.355857849121094,26.71999931335449,27.149999618530277,26.709999084472656,27.11000061035156,55951300,-0.011834403975922,25.86762413852161,26.45280930316486,PFE,Pfizer,0.6666044592857361,2.4669216145412065e-05,0.3333709239959717
2024-11-11,24.90036392211914,26.239999771118164,26.82999992370605,26.21999931335449,26.71999931335449,54329300,-0.0179640511361259,25.625809084420997,26.31167790488797,PFE,Pfizer,0.7222996950149536,0.25169116258621216,0.026009079068899155
2024-11-12,24.85291862487793,26.190000534057617,26.440000534057617,25.950000762939453,26.229999542236328,53035200,-0.00190540577598,25.432586469535227,26.179063424887055,PFE,Pfizer,8.556338570997468e-08,5.372606324272056e-07,0.9999994039535522
2024-11-13,25.355857849121094,26.71999931335449,26.75,25.979999542236328,26.229999542236328,47983100,0.020236626202112,25.41340431443169,26.10422655436288,PFE,Pfizer,0.9999024868011475,5.2509483793983236e-05,4.4991757022216916e-05
2024-11-14,24.69159698486328,26.020000457763672,26.850000381469727,25.84000015258789,26.739999771118164,45262200,-0.0261975306933202,25.232952482039597,25.975805684408368,PFE,Pfizer,0.9705157279968262,0.010511064901947975,0.018973222002387047
2024-11-15,23.53388023376465,24.799999237060547,25.700000762939453,24.479999542236328,25.700000762939453,131074400,-0.0468870746516861,24.808184419970857,25.753812461622577,PFE,Pfizer,0.8001310229301453,3.804752395808464e-06,0.1998651921749115
2024-11-18,23.590818405151367,24.86000061035156,25.25,24.700000762939453,24.96999931335449,64221700,0.0024194128134054,24.503842916265985,25.557176638307013,PFE,Pfizer,0.3232642114162445,0.34337881207466125,0.33335697650909424
2024-11-19,23.81856346130371,25.100000381469727,25.11000061035156,24.61000061035156,24.700000762939453,52381200,0.0096539701268953,24.332523052525417,25.399120894943074,PFE,Pfizer,0.26846298575401306,0.0026157929096370935,0.7289212942123413
2024-11-20,23.666732788085938,24.940000534057617,25.100000381469727,24.649999618530277,25.06999969482422,46170800,-0.0063744681103224,24.166075486415547,25.24163106704697,PFE,Pfizer,0.0001351174432784319,0.0001504909450886771,0.9997143149375916
2024-11-21,23.847034454345703,25.1299991607666,25.21999931335449,24.780000686645508,24.8700008392334,45048400,0.0076183589798475,24.086315228398085,25.1148495568014,PFE,Pfizer,0.9118558764457703,0.0003119954199064523,0.08783216029405594
2024-11-22,24.340486526489254,25.649999618530277,25.75,25.100000381469727,25.18000030517578,41897000,0.0206923872688762,24.14985805292088,25.04445291768211,PFE,Pfizer,0.9956395626068115,0.004108520690351725,0.0002519753761589527
2024-11-25,24.833940505981445,26.170000076293945,26.450000762939453,25.739999771118164,25.75,57707600,0.0202729710827749,24.32087866618602,25.025315425709323,PFE,Pfizer,0.06015608832240105,0.0013438500463962555,0.9385000467300415
2024-11-26,24.454360961914062,25.770000457763672,26.239999771118164,25.61000061035156,26.15999984741211,33001000,-0.0152847086017604,24.35424924011803,24.97341047445521,PFE,Pfizer,0.8002725839614868,0.18811672925949097,0.011610699817538261
2024-11-27,24.51129531860352,25.82999992370605,25.950000762939453,25.700000762939453,25.76000022888184,28242100,0.0023281882842134,24.3935107597394,24.93140000574142,PFE,Pfizer,0.7504871487617493,0.23815393447875977,0.011358911171555519
2024-11-29,24.87189674377441,26.209999084472656,26.229999542236328,25.770000457763672,25.82999992370605,22023000,0.0147116429582245,24.513107255748157,24.925990618289877,PFE,Pfizer,0.09538557380437851,0.9008708000183105,0.0037436201237142086
2024-12-02,24.501806259155277,25.81999969482422,26.21999931335449,25.729999542236328,26.06999969482422,43866400,-0.0148798657549821,24.510282006599933,24.88742840382309,PFE,Pfizer,0.9930845499038696,1.7467138604843058e-05,0.006897913292050362
2024-12-03,24.25508117675781,25.559999465942383,25.899999618530277,25.520000457763672,25.82999992370605,49064300,-0.0100696691414442,24.4464817991394,24.829942292271703,PFE,Pfizer,0.9999974966049194,3.3926835385500453e-07,2.1022292457928415e-06
2024-12-04,23.94192695617676,25.229999542236328,25.5,25.18000030517578,25.450000762939453,42541500,-0.0129108708521301,24.32034308839874,24.74921362535398,PFE,Pfizer,0.809062123298645,0.0005413429462350905,0.1903965175151825
2024-12-05,24.38793182373047,25.700000762939453,25.790000915527344,25.13999938964844,25.229999542236328,43647900,0.0186286119897565,24.33724027223167,24.716369825206385,PFE,Pfizer,0.9871403574943542,0.0002984034363180399,0.012561282142996788
2024-12-06,24.41640281677246,25.729999542236328,26.100000381469727,25.59000015258789,25.739999771118164,31830700,0.0011674213806964,24.35703090836687,24.689100097166936,PFE,Pfizer,0.8754003643989563,0.000511018093675375,0.1240886002779007
2024-12-09,24.76751136779785,26.100000381469727,26.440000534057617,25.57999992370605,25.76000022888184,37464800,0.0143800277895236,24.459651023224616,24.69622839449702,PFE,Pfizer,0.9997877478599548,0.00021044720779173076,1.7421180018573068e-06
2024-12-10,24.264572143554688,25.56999969482422,26.11000061035156,25.51000022888184,26.100000381469727,43280500,-0.0203064093430507,24.410881303307136,24.656986917138628,PFE,Pfizer,0.9781025052070618,0.011311132460832596,0.010586424730718136
2024-12-11,23.94192695617676,25.229999542236328,25.51000022888184,25.170000076293945,25.3799991607666,39569400,-0.0132969658590758,24.29364271652454,24.59198146614209,PFE,Pfizer,6.700252470182022e-06,0.9999933242797852,3.500165490777363e-08
2024-12-12,24.07478141784668,25.3700008392334,25.479999542236328,25.059999465942383,25.18000030517578,38705100,0.0055490296129085,24.238927391855075,24.54496327993342,PFE,Pfizer,3.949227505017916e-07,0.4999999403953552,0.4999997019767761
2024-12-13,24.274059295654297,25.57999992370605,25.65999984741211,25.26000022888184,25.34000015258789,29043600,0.0082774532548774,24.24771036780488,24.520335644998955,PFE,Pfizer,0.9998798370361328,0.00011222566536162049,7.946920959511772e-06
2024-12-16,23.960906982421875,25.25,25.75,25.21999931335449,25.59000015258789,40194000,-0.0129006982070148,24.17600952145913,24.469478493855583,PFE,Pfizer,0.8001079559326172,3.6309259030531393e-06,0.19988837838172913
2024-12-17,25.080663681030277,26.43000030517578,26.459999084472656,25.86000061035156,25.899999618530277,71440300,0.0467326507894658,24.40217306135192,24.525040783598737,PFE,Pfizer,0.9140119552612305,0.0028652457986027002,0.08312277495861053
2024-12-18,24.568233489990234,25.88999938964844,26.520000457763672,25.86000061035156,26.190000534057617,47575100,-0.0204312851349151,24.443688168511496,24.52896739327069,PFE,Pfizer,0.69903564453125,0.3002968430519104,0.0006674549076706171
2024-12-19,24.454360961914062,25.770000457763672,26.09000015258789,25.57999992370605,25.700000762939453,50324700,-0.0046349497664358,24.446356366862137,24.52218499042009,PFE,Pfizer,0.000336776371113956,0.5682597756385803,0.4314034581184387
2024-12-20,25.014238357543945,26.36000061035156,26.489999771118164,25.700000762939453,25.700000762939453,116340100,0.0228947874165206,24.58832686453259,24.56691711470408,PFE,Pfizer,0.9999700784683228,1.3486114767147228e-06,2.859862615878228e-05
2024-12-23,25.34636878967285,26.709999084472656,26.75,26.190000534057617,26.36000061035156,35350400,0.0132776552050699,24.77783734581765,24.63777635788306,PFE,Pfizer,0.19501402974128723,0.801629900932312,0.0033560723531991243
2024-12-24,25.374835968017575,26.739999771118164,26.770000457763672,26.3799991607666,26.59000015258789,19716400,0.0011231264951974,24.927087001367635,24.7047817769862,PFE,Pfizer,0.9995021820068359,0.00010239169932901859,0.00039539800491183996
2024-12-26,25.20402717590332,26.559999465942383,26.71999931335449,26.479999542236328,26.63999938964844,31406000,-0.0067314244840653,24.99632204500156,24.7501677223423,PFE,Pfizer,0.9971185326576233,0.0027981996536254883,8.322821668116376e-05
2024-12-27,25.26096534729004,26.6200008392334,26.850000381469727,26.420000076293945,26.43000030517578,35218300,0.0022590902235319,25.062482870573675,24.79660387006482,PFE,Pfizer,0.9999353885650635,8.812384294287767e-06,5.579018034040928e-05
2024-12-30,25.07117462158203,26.420000076293945,26.57999992370605,26.239999771118164,26.479999542236328,32859100,-0.0075132016175449,25.064655808325764,24.821564847475475,PFE,Pfizer,0.500000536441803,0.4999987483024597,7.514159392485453e-07
