Date,Adj Close,Close,High,Low,Open,Volume,Daily_Return,EMA_7,EMA_21,Ticker,Company,negative,neutral,positive
2021-01-04,243.2566680908203,243.2566680908203,248.163330078125,239.06333923339844,239.82000732421875,145914600,,243.2566680908203,243.2566680908203,TSLA,Tesla,4.562075162084511e-09,1.0,9.383951393715506e-10
2021-01-05,245.0366668701172,245.0366668701172,246.94667053222656,239.73333740234372,241.22000122070312,96735600,0.0073173689061312,243.70166778564453,243.4184861616655,TSLA,Tesla,0.3991403877735138,0.20006394386291504,0.4007956385612488
2021-01-06,251.9933319091797,251.9933319091797,258.0,249.6999969482422,252.8300018310547,134100000,0.0283903022674965,245.77458381652832,244.1980175932577,TSLA,Tesla,0.9988672137260437,9.797619713936001e-05,0.0010347742354497313
2021-01-07,272.0133361816406,272.0133361816406,272.3299865722656,258.3999938964844,259.2099914550781,154496700,0.079446563608581,252.3342719078064,246.7266829194743,TSLA,Tesla,0.19112862646579742,0.7798338532447815,0.029037529602646828
2021-01-08,293.3399963378906,293.3399963378906,294.8299865722656,279.4633178710937,285.3333435058594,225166500,0.0784029947046744,262.58570301532745,250.96425686660305,TSLA,Tesla,0.39799585938453674,0.35590872168540955,0.24609537422657013
2021-01-11,270.39666748046875,270.39666748046875,284.8099975585937,267.8733215332031,283.1333312988281,177904800,-0.0782141172150082,264.5384441316128,252.7308396496817,TSLA,Tesla,2.3083227063125378e-07,0.9999997615814209,5.91590287868371e-09
2021-01-12,283.14666748046875,283.14666748046875,289.3333435058594,275.7799987792969,277.0,138812100,0.0471529479960064,269.1904999688268,255.495914907026,TSLA,Tesla,0.8263161182403564,0.1692727655172348,0.004411125089973211
2021-01-13,284.8033447265625,284.8033447265625,286.8233337402344,277.3333435058594,284.2533264160156,99937500,0.0058509508899942,273.0937111582607,258.16022670880204,TSLA,Tesla,0.5270506143569946,0.33448857069015503,0.13846084475517273
2021-01-14,281.6666564941406,281.6666564941406,287.6666564941406,279.5833435058594,281.1300048828125,93798900,-0.0110135231572978,275.2369474922307,260.29717487110554,TSLA,Tesla,0.6944890022277832,0.18292976915836334,0.12258120626211166
2021-01-15,275.3866577148437,275.3866577148437,286.6333312988281,273.0333251953125,284.0,116332800,-0.0222958544595338,275.27437504788395,261.6689460387181,TSLA,Tesla,0.8752177357673645,0.0022392829414457083,0.12254302948713303
2021-01-19,281.51666259765625,281.51666259765625,283.3333435058594,277.6666564941406,279.26666259765625,76101000,0.0222596291834877,276.834946935327,263.47328390771247,TSLA,Tesla,0.5011630058288574,0.4981858432292938,0.000651149544864893
2021-01-20,283.4833374023437,283.4833374023437,286.5,279.09332275390625,286.2466735839844,76997700,0.0069859978679069,278.4970445520812,265.2923796799517,TSLA,Tesla,0.42069482803344727,0.22766897082328796,0.3516361713409424
2021-01-21,281.663330078125,281.663330078125,285.239990234375,280.47332763671875,285.0,61563300,-0.0064201562634901,279.2886159335921,266.78064789796747,TSLA,Tesla,0.0,1.0,0.0
2021-01-22,282.2133178710937,282.2133178710937,282.6666564941406,276.2066650390625,278.10333251953125,60199500,0.001952642514083,280.01979141796755,268.1836178955244,TSLA,Tesla,0.4042819142341614,0.001007328974083066,0.5947107672691345
2021-01-25,293.6000061035156,293.6000061035156,300.1333312988281,279.6066589355469,285.0,123520200,0.0403478061146036,283.41484508935457,270.4941986417054,TSLA,Tesla,0.47416600584983826,0.006527218967676163,0.5193068385124207
2021-01-26,294.36334228515625,294.36334228515625,298.6333312988281,290.5333251953125,297.1266784667969,69394800,0.0025999188207492,286.151969388305,272.66412079111,TSLA,Tesla,0.7191742658615112,0.2485799342393875,0.03224584087729454
2021-01-27,288.0533447265625,288.0533447265625,297.1666564941406,286.2200012207031,290.1166687011719,82002000,-0.0214360847706407,286.62731322286936,274.0631411488784,TSLA,Tesla,0.18877413868904114,0.6003773808479309,0.21084854006767273
2021-01-28,278.4766540527344,278.4766540527344,282.6666564941406,267.0,273.3333435058594,79134000,-0.0332462401466606,284.5896484303356,274.4643695946835,TSLA,Tesla,0.39672744274139404,0.20295703411102295,0.4003155827522278
2021-01-29,264.510009765625,264.510009765625,280.8033447265625,260.0333251953125,276.6666564941406,104972400,-0.0501537349140389,279.56973876415793,273.5594277920418,TSLA,Tesla,4.414548311615363e-05,0.9999544024467468,1.4252013897930738e-06
2021-02-01,279.9366760253906,279.9366760253906,280.6666564941406,265.1866760253906,271.42999267578125,76174200,0.0583216728676345,279.6614730794661,274.1391776314371,TSLA,Tesla,0.8048376441001892,0.0027504500467330217,0.19241194427013397
2021-02-02,290.92999267578125,290.92999267578125,293.5,280.7333374023437,281.5599975585937,73038600,0.0392707265317158,282.47860297854487,275.6656153627412,TSLA,Tesla,0.7133811712265015,0.011448889039456844,0.27516990900039673
2021-02-03,284.89666748046875,284.89666748046875,292.6933288574219,284.35333251953125,292.3399963378906,55030500,-0.0207380653325632,283.08311910402585,276.50480191889824,TSLA,Tesla,0.3316688537597656,0.4007837772369385,0.2675473392009735
2021-02-04,283.3299865722656,283.3299865722656,285.5,277.8066711425781,285.0,47438100,-0.0054991198109066,283.1448359710858,277.1252732510225,TSLA,Tesla,0.19983848929405212,3.2555115012655733e-06,0.8001582026481628
2021-02-05,284.07666015625,284.07666015625,288.25665283203125,279.6566772460937,281.6666564941406,55699800,0.0026353496607176,283.37779201737686,277.7572175151341,TSLA,Tesla,0.02787507325410843,0.4727955162525177,0.4993293881416321
2021-02-08,287.8066711425781,287.8066711425781,292.5899963378906,284.9166564941406,289.8900146484375,60485100,0.0131302972383458,284.4850117986772,278.6708042085381,TSLA,Tesla,0.9997931718826294,9.281020902562886e-05,0.00011400773655623198
2021-02-09,283.1533203125,283.1533203125,286.6000061035156,280.5833435058594,285.0400085449219,45473100,-0.0161683216431521,284.1520889271329,279.0783056725346,TSLA,Tesla,0.7998709678649902,7.277568511199206e-05,0.20005622506141663
2021-02-10,268.2733459472656,268.2733459472656,281.6066589355469,266.67333984375,281.2133178710937,108648300,-0.0525509443039983,280.1824031821661,278.09603660660105,TSLA,Tesla,0.9880641102790833,0.001612278283573687,0.010323549620807171
2021-02-11,270.5533447265625,270.5533447265625,276.6266784667969,267.24334716796875,270.8133239746094,64868400,0.0084987898117356,277.7751385682652,277.4103373447793,TSLA,Tesla,0.8099616169929504,0.00845920480787754,0.18157918751239777
2021-02-12,272.0400085449219,272.0400085449219,272.4433288574219,261.77667236328125,267.086669921875,71304900,0.0054949009034128,276.3413560624294,276.9221256357014,TSLA,Tesla,0.7826060652732849,0.00021660237689502537,0.21717730164527893
2021-02-16,265.4066772460937,265.4066772460937,273.6666564941406,264.14666748046875,272.6666564941406,59406900,-0.0243836608236717,273.60768635834546,275.8752666911916,TSLA,Tesla,0.5136906504631042,0.4597475528717041,0.02656172215938568
2021-02-17,266.04998779296875,266.04998779296875,266.61334228515625,254.0033264160156,259.6966552734375,77989500,0.0024238672272682,271.71826171700127,274.9820595186259,TSLA,Tesla,0.7496296763420105,0.2500090003013611,0.0003612968430388719
2021-02-18,262.4599914550781,262.4599914550781,264.89666748046875,258.75665283203125,260.29998779296875,53871300,-0.0134936910453242,269.4036941515205,273.843689694667,TSLA,Tesla,0.5985778570175171,0.20033490657806396,0.20108723640441895
2021-02-19,260.4333190917969,260.4333190917969,265.5966796875,259.1233215332031,265.0,56874900,-0.0077218335337335,267.1611003865896,272.6245650944061,TSLA,Tesla,0.7853224873542786,0.017842402681708336,0.19683510065078735
2021-02-22,238.1666717529297,238.1666717529297,256.1666564941406,236.73333740234372,254.2133331298828,111809100,-0.0854984585555993,259.9124932281746,269.49202933609,TSLA,Tesla,0.5130277276039124,0.19452224671840668,0.29245004057884216
2021-02-23,232.94667053222656,232.94667053222656,237.8699951171875,206.3333282470703,220.7100067138672,199820700,-0.0219174294299173,253.1710375541876,266.16972399028424,TSLA,Tesla,0.3493552803993225,0.00012241312651894987,0.6505223512649536
2021-02-24,247.33999633789065,247.33999633789065,248.3333282470703,231.38999938964844,237.2833404541016,110301000,0.0617880726639226,251.71327725011332,264.45793056733936,TSLA,Tesla,0.5188107490539551,0.020198307931423187,0.46099093556404114
2021-02-25,227.4066619873047,227.4066619873047,245.73666381835935,223.52667236328125,242.0500030517578,117071700,-0.0805908249604526,245.6366234344112,261.08963342369987,TSLA,Tesla,0.5940547585487366,0.015019523911178112,0.39092570543289185
2021-02-26,225.1666717529297,225.1666717529297,235.5666656494141,219.836669921875,233.3333282470703,123267600,-0.0098501522110203,240.5191355140408,257.82390963544805,TSLA,Tesla,0.49835342168807983,0.0016327116172760725,0.5000138878822327
2021-03-01,239.47666931152344,239.47666931152344,239.6666717529297,228.3500061035156,230.0366668701172,81408600,0.0635529114819255,240.25851896341143,256.1559786969094,TSLA,Tesla,0.27013593912124634,0.6074604988098145,0.12240360677242279
2021-03-02,228.81333923339844,228.81333923339844,240.3699951171875,228.3333282470703,239.4266662597656,71196600,-0.044527636486599,237.3972240309082,253.6702842002266,TSLA,Tesla,0.3386359214782715,0.00011698761954903603,0.661247193813324
2021-03-03,217.73333740234372,217.73333740234372,233.5666656494141,217.23666381835935,229.3300018310547,90624000,-0.0484237582833956,232.4812523737671,250.4032890367827,TSLA,Tesla,0.38503962755203247,0.20250575244426727,0.41245460510253906
2021-03-04,207.14666748046875,207.14666748046875,222.8166656494141,200.0,218.6000061035156,197758500,-0.0486221818311275,226.1476061504425,246.4708688952996,TSLA,Tesla,0.512558102607727,0.020875275135040283,0.46656662225723267
2021-03-05,199.3166656494141,199.3166656494141,209.27999877929688,179.8300018310547,208.6866607666016,268189500,-0.037799313531283,219.4398710251854,242.1841231456736,TSLA,Tesla,0.4297155439853668,0.0007828857633285224,0.5695016384124756
2021-03-08,187.6666717529297,187.6666717529297,206.7100067138672,186.26333618164065,200.18333435058597,155361000,-0.0584496728285431,211.49657120712143,237.2279912008787,TSLA,Tesla,0.7947095036506653,0.005072882864624262,0.20021764934062958
2021-03-09,224.52667236328125,224.52667236328125,226.02999877929688,198.40333557128903,202.72666931152344,202569900,0.1964120760817838,214.75409649616145,236.0733258520062,TSLA,Tesla,0.3107355535030365,0.5398756265640259,0.14938883483409882
2021-03-10,222.6866607666016,222.6866607666016,239.2833404541016,218.35333251953125,233.43333435058597,181817100,-0.0081950691083265,216.73723756377143,234.8563562987876,TSLA,Tesla,7.159370625231531e-07,0.999998927116394,3.57970407094399e-07
2021-03-11,233.1999969482422,233.1999969482422,234.1666717529297,225.72666931152344,233.13333129882807,108761700,0.0472113423653142,220.85292740988916,234.70577817601077,TSLA,Tesla,0.00011426741548348218,0.9998836517333984,2.0519407826213865e-06
2021-03-12,231.2433319091797,231.2433319091797,231.6266632080078,222.04666137695312,223.3333282470703,100751400,-0.008390501992574,223.45052853471176,234.39101033357156,TSLA,Tesla,0.5246232151985168,0.0005567886400967836,0.47481995820999146
2021-03-15,235.97999572753903,235.97999572753903,237.72666931152344,228.01333618164065,231.3633270263672,88006800,0.0204834612062227,226.58289533291855,234.5354635512049,TSLA,Tesla,0.9996848106384277,2.2013364286976866e-06,0.0003131013363599777
2021-03-16,225.6266632080078,225.6266632080078,235.97332763671875,223.6666717529297,234.4499969482422,96587100,-0.0438737719594043,226.34383730169088,233.7255726109143,TSLA,Tesla,0.9951512813568115,5.1261162298033014e-05,0.004797458183020353
2021-03-17,233.9366607666016,233.9366607666016,234.57666015625,217.0033264160156,218.9566650390625,121117500,0.0368307426101173,228.24204316791852,233.7447624432495,TSLA,Tesla,0.21796603500843048,6.867545744171366e-05,0.7819653153419495
2021-03-18,217.72000122070312,217.72000122070312,229.7433319091797,217.3333282470703,228.0966644287109,99674400,-0.0693207276395116,225.61153268111468,232.28796596847252,TSLA,Tesla,0.0003318301460240036,4.645794615498744e-05,0.9996216893196106
2021-03-19,218.2899932861328,218.2899932861328,219.07666015625,208.2066650390625,215.5333404541016,128682000,0.0026180050626212,223.7811478323692,231.01542299735075,TSLA,Tesla,0.00834913831204176,0.00047412849380634725,0.9911767840385437
2021-03-22,223.3333282470703,223.3333282470703,233.2066650390625,222.9166717529297,228.19667053222656,118536600,0.0231038302993886,223.66919293604448,230.31705074732525,TSLA,Tesla,0.8468644618988037,0.1522367000579834,0.0008988627232611179
2021-03-23,220.72000122070312,220.72000122070312,225.93333435058597,219.1699981689453,225.2566680908203,91475700,-0.0117014645636592,222.93189500720916,229.4445916994505,TSLA,Tesla,0.6604450941085815,0.08525140583515167,0.25430360436439514
2021-03-24,210.08999633789065,210.08999633789065,222.67333984375,210.0366668701172,222.6366729736328,101385600,-0.0481605872781022,219.7214203398795,227.68508303021775,TSLA,Tesla,0.9999494552612305,5.7463039411231875e-06,4.4811178668169305e-05
2021-03-25,213.4633331298828,213.4633331298828,215.1666717529297,203.1666717529297,204.3333282470703,117674700,0.0160566274015578,218.15689853738036,226.39219667564183,TSLA,Tesla,0.6019337177276611,0.0007465395028702915,0.3973197340965271
2021-03-26,206.23666381835935,206.23666381835935,214.60667419433597,199.9633331298828,213.9566650390625,101558400,-0.0338543824157675,215.17683985762508,224.559875506798,TSLA,Tesla,0.43350306153297424,0.00012270984007045627,0.5663742423057556
2021-03-29,203.76333618164065,203.76333618164065,205.4933319091797,198.67333984375,205.2133331298828,85911000,-0.0119926670211126,212.32346393862895,222.6692810226928,TSLA,Tesla,0.2549792528152466,0.0006622793152928352,0.744358479976654
2021-03-30,211.8733367919922,211.8733367919922,212.55332946777344,197.0033264160156,200.5833282470703,118297200,0.0398010788512124,212.21093215196976,221.6878315471745,TSLA,Tesla,0.5133075714111328,0.16742204129695892,0.3192703425884247
2021-03-31,222.6433258056641,222.6433258056641,224.0,213.70333862304688,215.5399932861328,100011900,0.0508322055844401,214.81903056539332,221.77469466158263,TSLA,Tesla,0.6622178554534912,0.2642384171485901,0.0735437199473381
2021-04-01,220.5833282470703,220.5833282470703,230.80667114257807,219.80667114257807,229.4566650390625,105895200,-0.0092524559231199,216.26010498581255,221.6663886238997,TSLA,Tesla,0.32710808515548706,0.5017743706703186,0.17111749947071075
2021-04-05,230.3500061035156,230.3500061035156,236.05332946777344,228.23333740234372,235.90333557128903,125528400,0.0442765912277189,219.78258026523832,222.45580839477387,TSLA,Tesla,0.06837661564350128,0.9301304817199707,0.0014928566524758935
2021-04-06,230.5399932861328,230.5399932861328,232.18333435058597,227.1233367919922,230.1000061035156,84815400,0.0008247761127986,222.471933520462,223.1907342939883,TSLA,Tesla,0.39992594718933105,0.39994925260543823,0.20012478530406952
2021-04-07,223.6566619873047,223.6566619873047,230.4600067138672,222.6133270263672,229.0,78928200,-0.0298574282089308,222.76811563717263,223.23309135701703,TSLA,Tesla,0.7152765393257141,0.27979904413223267,0.00492436345666647
2021-04-08,227.93333435058597,227.93333435058597,229.8500061035156,223.88333129882807,225.7933349609375,71772900,0.0191215961343642,224.05942031552595,223.6603861746142,TSLA,Tesla,0.6704100370407104,0.12851093709468842,0.20107893645763397
2021-04-09,225.67333984375,225.67333984375,226.9900054931641,223.1433258056641,225.92333984375,64311300,-0.0099151557330346,224.462900197582,223.84338196271744,TSLA,Tesla,0.06436759233474731,0.0006172453286126256,0.9350151419639587
2021-04-12,233.9933319091797,233.9933319091797,234.93333435058597,227.3633270263672,228.5666656494141,87407100,0.0368674123012944,226.8455081254814,224.76610468512305,TSLA,Tesla,0.624478816986084,0.25030553340911865,0.12521563470363617
2021-04-13,254.10667419433597,254.10667419433597,254.3333282470703,236.8866729736328,237.5666656494141,133958400,0.0859569036478478,233.66079964269505,227.43342918596056,TSLA,Tesla,0.4742637574672699,0.5255573391914368,0.00017889220907818526
2021-04-14,244.07666015625,244.07666015625,260.2633361816406,242.6766662597656,256.8999938964844,147052200,-0.0394716670464749,236.26476477108375,228.9464501832596,TSLA,Tesla,0.5640419721603394,0.4350773096084595,0.0008807386620901525
2021-04-15,246.2833404541016,246.2833404541016,247.89666748046875,240.4366607666016,247.6999969482422,83546700,0.0090409312239807,238.76940869183824,230.5225311169725,TSLA,Tesla,4.294832251616754e-06,1.3748700666837976e-06,0.9999942779541016
2021-04-16,246.5933380126953,246.5933380126953,249.80332946777344,241.5333404541016,242.88333129882807,83938500,0.0012587029151958,240.7253910220525,231.9835135620382,TSLA,Tesla,0.7654221057891846,0.19550226628780365,0.03907568007707596
2021-04-19,238.2100067138672,238.2100067138672,241.8000030517578,230.6000061035156,239.86666870117188,119058600,-0.0339965846863086,240.0965449450062,232.54955839402265,TSLA,Tesla,0.4983096420764923,0.4895792305469513,0.012111159041523933
2021-04-20,239.663330078125,239.663330078125,245.75,236.89666748046875,239.13999938964844,106827000,0.0061010172675219,239.98824122828591,233.19626491075925,TSLA,Tesla,0.9985902309417725,0.00015040487051010132,0.0012592850252985954
2021-04-21,248.0399932861328,248.0399932861328,248.27999877929688,232.6666717529297,234.92333984375,93646500,0.0349517934398941,242.00117924274764,234.5456947630659,TSLA,Tesla,0.7949093580245972,6.775282963644713e-05,0.205022931098938
2021-04-22,239.89666748046875,239.89666748046875,251.2566680908203,239.3466644287109,247.1666717529297,106770900,-0.0328306967669932,241.47505130217792,235.03214682828437,TSLA,Tesla,0.424154669046402,7.88774632383138e-05,0.5757664442062378
2021-04-23,243.13333129882807,243.13333129882807,245.7866668701172,238.48666381835935,239.93333435058597,85110000,0.0134919082134514,241.88962130134047,235.7686181437883,TSLA,Tesla,0.3982594609260559,0.1992347538471222,0.4025057852268219
2021-04-26,246.0666656494141,246.0666656494141,249.76666259765625,244.20333862304688,247.0,93115500,0.0120647150060255,242.93388238835888,236.70480428066335,TSLA,Tesla,0.5949206352233887,0.40375423431396484,0.0013251223135739565
2021-04-27,234.913330078125,234.913330078125,241.3333282470703,234.4499969482422,239.32000732421875,88311000,-0.0453264790736828,240.92874431080045,236.54194298952356,TSLA,Tesla,6.612648917325714e-08,8.856216027197661e-08,0.9999998807907104
2021-04-28,231.46665954589844,231.46665954589844,236.1666717529297,231.1999969482422,232.1366729736328,66813000,-0.0146720943042283,238.56322311957493,236.0805535855576,TSLA,Tesla,0.7924023270606995,0.0072960020042955875,0.20030167698860168
2021-04-29,225.6666717529297,225.6666717529297,234.0833282470703,222.8333282470703,233.1699981689453,86536200,-0.0250575517197484,235.33908527791365,235.1338370553187,TSLA,Tesla,0.9427670240402222,4.5570148358820006e-05,0.05718749016523361
2021-04-30,236.47999572753903,236.47999572753903,238.4900054931641,222.04666137695312,222.52999877929688,122276100,0.047917239575582,235.62431289032,235.25621511642964,TSLA,Tesla,0.5925540328025818,0.19437620043754578,0.21306976675987244
2021-05-03,228.3000030517578,228.3000030517578,235.3333282470703,226.8333282470703,234.6000061035156,81129300,-0.0345906327113006,233.79323543067943,234.6238322014595,TSLA,Tesla,0.0005948980106040835,0.0017436956986784935,0.9976614117622375
2021-05-04,224.5333404541016,224.5333404541016,227.8166656494141,219.23333740234372,226.31333923339844,89217900,-0.016498740899282,231.47826168653492,233.7065147698815,TSLA,Tesla,0.3464115560054779,0.0040437160059809685,0.6495447754859924
2021-05-05,223.64666748046875,223.64666748046875,228.43333435058597,222.44667053222656,227.0200042724609,65705700,-0.0039489590803735,229.5203631350184,232.7919831981167,TSLA,Tesla,0.24916675686836243,0.25079113245010376,0.5000420808792114
2021-05-06,221.17999267578125,221.17999267578125,227.0066680908203,216.6666717529297,226.9199981689453,83353800,-0.0110293385207849,227.4352705202091,231.7363476960862,TSLA,Tesla,0.20867732167243958,0.18944761157035828,0.6018751263618469
2021-05-07,224.1233367919922,224.1233367919922,230.0,220.0733337402344,221.93333435058597,70407600,0.0133074609534211,226.6072870881549,231.044255795714,TSLA,Tesla,0.3993048667907715,3.6680517041531857e-06,0.6006914377212524
2021-05-10,209.67999267578125,209.67999267578125,221.68333435058597,209.20333862304688,221.63333129882807,94177200,-0.0644437313978407,222.37546348506143,229.1020500575383,TSLA,Tesla,0.5030055046081543,0.08484794199466705,0.41214650869369507
2021-05-11,205.73333740234372,205.73333740234372,209.0333404541016,198.5333404541016,199.7466735839844,139511700,-0.0188222787642883,218.21493196438203,226.9776216343388,TSLA,Tesla,0.25738584995269775,2.4013415895751677e-05,0.7425901293754578
2021-05-12,196.6300048828125,196.6300048828125,206.80332946777344,195.58999633789065,200.8300018310547,101470800,-0.0442482129268542,212.81870019398968,224.21874738420004,TSLA,Tesla,2.600689583687199e-07,1.5723387605248718e-06,0.9999982118606567
2021-05-13,190.56333923339844,190.56333923339844,202.15333557128903,186.5500030517578,200.51333618164065,132554700,-0.0308532039808964,207.25485995384184,221.15916482503624,TSLA,Tesla,0.6612706184387207,1.4001554518472403e-05,0.33871540427207947
2021-05-14,196.5800018310547,196.5800018310547,197.6233367919922,190.15333557128903,194.47000122070312,100112700,0.0315730329971135,204.58614542314507,218.924695461947,TSLA,Tesla,0.18372052907943726,0.22129878401756287,0.5949806571006775
2021-05-17,192.27667236328125,192.27667236328125,196.57666015625,187.0666656494141,191.8500061035156,97171200,-0.0218909829468402,201.5087771581791,216.50214790752284,TSLA,Tesla,0.6001772880554199,0.0002776390756480396,0.3995450437068939
2021-05-18,192.6233367919922,192.6233367919922,198.75,187.7933349609375,189.3333282470703,110491800,0.0018029458511532,199.2874170666324,214.33134689702004,TSLA,Tesla,0.2528822422027588,0.025210073217749596,0.7219077348709106
2021-05-19,187.82000732421875,187.82000732421875,188.73666381835935,182.32666015625,184.18333435058597,118735200,-0.0249363838658884,196.42056463102895,211.92122511767448,TSLA,Tesla,0.2312261313199997,0.0001788385707186535,0.7685950398445129
2021-05-20,195.5933380126953,195.5933380126953,196.2833404541016,190.35667419433597,191.6666717529297,92463300,0.0413871280233637,196.21375797644555,210.4368717444945,TSLA,Tesla,0.3562699854373932,0.5407854914665222,0.10294456034898758
2021-05-21,193.6266632080078,193.6266632080078,198.8933258056641,193.3333282470703,198.70333862304688,78091800,-0.0100549171289251,195.5669842843361,208.90867096845028,TSLA,Tesla,0.5759590268135071,0.29276010394096375,0.1312808245420456
2021-05-24,202.14666748046875,202.14666748046875,204.82666015625,191.21665954589844,193.86666870117188,103674300,0.0440022264046771,197.2119050833693,208.2939433786338,TSLA,Tesla,0.509533703327179,0.3341606855392456,0.15630559623241425
2021-05-25,201.56333923339844,201.56333923339844,204.663330078125,198.57000732421875,202.4366607666016,84017700,-0.0028856683829658,198.29976362087655,207.68207027452144,TSLA,Tesla,0.01795140840113163,0.7207576036453247,0.2612910270690918
2021-05-26,206.3766632080078,206.3766632080078,208.72332763671875,200.5,202.5200042724609,85917900,0.0238799575007826,200.3189885176594,207.5633969048384,TSLA,Tesla,0.9621366262435913,0.0007720847497694194,0.0370912030339241
2021-05-27,210.2833404541016,210.2833404541016,210.3766632080078,205.40333557128903,206.7466735839844,79111800,0.0189298401542434,202.81007650176997,207.810664500226,TSLA,Tesla,0.6654053330421448,0.32945865392684937,0.005135952960699797
2021-05-28,208.4066619873047,208.4066619873047,211.8633270263672,207.4600067138672,209.5,68211000,-0.0089245228021593,204.20922287315364,207.8648460899604,TSLA,Tesla,0.0025081534404307604,0.9967143535614014,0.0007775365957058966
2021-06-01,207.96665954589844,207.96665954589844,211.26666259765625,206.8500061035156,209.26666259765625,54254700,-0.0021112685996239,205.14858204133984,207.874101858682,TSLA,Tesla,0.49958133697509766,0.5000007152557373,0.00041797064477577806
2021-06-02,201.7066650390625,201.7066650390625,207.7866668701172,199.7133331298828,206.7100067138672,69908400,-0.0301009523377681,204.2881027907705,207.3134257841712,TSLA,Tesla,0.6081787347793579,9.526500070933253e-05,0.39172595739364624
2021-06-03,190.94667053222656,190.94667053222656,201.51666259765625,190.4066619873047,200.6000061035156,90335700,-0.0533447643128309,200.9527447261345,205.8255389430853,TSLA,Tesla,0.00042945751920342445,0.1995733678340912,0.7999972105026245
2021-06-04,199.68333435058597,199.68333435058597,200.20333862304688,192.3999938964844,193.23666381835935,72110700,0.0457544705755152,200.63539213224735,205.2671567074035,TSLA,Tesla,0.3778877854347229,0.030398918315768242,0.5917133092880249
2021-06-07,201.7100067138672,201.7100067138672,203.3333282470703,194.2933349609375,197.27667236328125,67631100,0.0101494316983059,200.90404577765236,204.94377943526385,TSLA,Tesla,0.4958139657974243,0.5000016093254089,0.004184393212199211
2021-06-08,201.19667053222656,201.19667053222656,207.69667053222656,198.5,207.6699981689453,78160200,-0.0025449217418787,200.9772019662959,204.60313317135132,TSLA,Tesla,0.3992685377597809,0.40035420656204224,0.20037731528282166
2021-06-09,199.5933380126953,199.5933380126953,203.92999267578125,199.2100067138672,200.72332763671875,49753800,-0.007968981371759,200.63123597789576,204.1476972478372,TSLA,Tesla,1.8205184915132122e-06,1.394715036440175e-05,0.9999842643737793
2021-06-10,203.3733367919922,203.3733367919922,205.52999877929688,200.1666717529297,201.2933349609375,71758800,0.0189385017402556,201.31676118141985,204.07730084276037,TSLA,Tesla,0.857025682926178,0.1428246945142746,0.0001496006007073447
2021-06-11,203.29666137695312,203.29666137695312,204.1866607666016,200.5066680908203,203.41000366210935,48615900,-0.0003770180312155,201.81173623030315,204.00633361859605,TSLA,Tesla,0.8903767466545105,0.000588481139857322,0.1090347170829773
2021-06-14,205.89666748046875,205.89666748046875,208.4966735839844,203.05999755859372,204.07666015625,61272000,0.0127892218490233,202.83296904284452,204.1781821514936,TSLA,Tesla,0.995834231376648,0.001961721805855632,0.002204049378633499
2021-06-15,199.7866668701172,199.7866668701172,205.5966644287109,199.41000366210935,205.56333923339844,53292300,-0.0296750825796204,202.07139349966272,203.77895348955025,TSLA,Tesla,0.3782047629356384,0.300555557012558,0.3212396502494812
2021-06-16,201.6233367919922,201.6233367919922,202.8333282470703,197.8333282470703,199.17999267578125,66432300,0.009193155632698,201.9593793227451,203.5829883352268,TSLA,Tesla,0.17883436381816864,0.7161052227020264,0.10506044328212738
2021-06-17,205.5333404541016,205.5333404541016,207.1566619873047,200.44667053222656,200.6300048828125,68104200,0.0193926145867886,202.8528696055842,203.76029307330631,TSLA,Tesla,0.5796204209327698,0.4082423150539398,0.012137286365032196
2021-06-18,207.7700042724609,207.7700042724609,209.4499969482422,203.93333435058597,204.4566650390625,73682700,0.0108822433062087,204.0821532723034,204.12481227322945,TSLA,Tesla,1.7985836153755486e-09,1.0,4.238448703119957e-09
2021-06-21,206.94332885742188,206.94332885742188,210.4633331298828,202.9600067138672,208.16000366210935,74438100,-0.0039788005873793,204.797447168583,204.38104105361057,TSLA,Tesla,0.4699031710624695,0.32926586270332336,0.20083096623420715
2021-06-22,207.90333557128903,207.90333557128903,209.52333068847656,205.1666717529297,206.0833282470703,57476700,0.004638983624974,205.57391926925956,204.7012496461268,TSLA,Tesla,0.4945395588874817,1.031491319736233e-05,0.5054500699043274
2021-06-23,218.85667419433597,218.85667419433597,219.0666656494141,210.01333618164065,210.6666717529297,93297600,0.052684766182075,208.89460800052865,205.98810642323676,TSLA,Tesla,0.4825798571109772,0.5127922892570496,0.00462782708927989
2021-06-24,226.60667419433597,226.60667419433597,232.5399932861328,222.5366668701172,224.9966735839844,137947200,0.0354113029841545,213.32262454898049,207.8625216751548,TSLA,Tesla,0.42975112795829773,0.5700331330299377,0.0002158105926355347
2021-06-25,223.9566650390625,223.9566650390625,231.2700042724609,222.8999938964844,229.8600006103516,97490100,-0.0116943120263122,215.98113467150097,209.32562561732823,TSLA,Tesla,0.780535876750946,0.018034279346466064,0.2014298439025879
2021-06-28,229.5733337402344,229.5733337402344,231.5666656494141,223.44000244140625,223.8800048828125,64884600,0.0250792656704019,219.37918443868432,211.16632635577423,TSLA,Tesla,0.3987712562084198,0.3991932272911072,0.20203550159931183
2021-06-29,226.9199981689453,226.9199981689453,229.1699981689453,225.29666137695312,228.21665954589844,52143900,-0.0115576819313489,221.2643878712496,212.59847833878985,TSLA,Tesla,0.3188937306404114,0.00026348751271143556,0.6808428168296814
2021-06-30,226.5666656494141,226.5666656494141,230.9366607666016,226.04666137695312,226.58999633789065,56774700,-0.0015570796861552,222.58995731579068,213.86831354884657,TSLA,Tesla,0.7498648166656494,0.25000253319740295,0.0001326398632954806
2021-07-01,225.97332763671875,225.97332763671875,229.3300018310547,224.26666259765625,227.97332763671875,55903500,-0.0026188230779431,223.4357998960227,214.9687693750168,TSLA,Tesla,0.23431125283241272,0.45105797052383423,0.31463080644607544
2021-07-02,226.3000030517578,226.3000030517578,233.3333282470703,224.4199981689453,226.32666015625,81163500,0.0014456370513082,224.1518506849565,215.99888152744776,TSLA,Tesla,0.44422778487205505,0.2902113199234009,0.26556092500686646
2021-07-06,219.8600006103516,219.8600006103516,228.0,217.13333129882807,227.23666381835935,69853500,-0.0284578097859474,223.0788881663053,216.3498923531663,TSLA,Tesla,0.7344463467597961,0.12945108115673065,0.13610254228115082
2021-07-07,214.88333129882807,214.88333129882807,221.8999938964844,212.77333068847656,221.42333984375,56376000,-0.0226356285713987,221.029998949436,216.21656862095367,TSLA,Tesla,0.18826867640018463,0.42085665464401245,0.3908746838569641
2021-07-08,217.60333251953125,217.60333251953125,218.1433258056641,206.82000732421875,209.4566650390625,68319900,0.0126580372905731,220.1733323419598,216.34263806627897,TSLA,Tesla,0.4015441834926605,0.20078511536121368,0.3976706862449646
2021-07-09,218.98333740234372,218.98333740234372,219.6366729736328,214.89666748046875,217.72666931152344,54421500,0.0063418370795798,219.87583360705577,216.5827016422849,TSLA,Tesla,0.550075888633728,0.22702012956142426,0.2229039967060089
2021-07-12,228.5666656494141,228.5666656494141,229.0800018310547,220.72000122070312,220.73333740234372,77781000,0.0437628194032984,222.04854161764536,217.67215291566023,TSLA,Tesla,0.3925374150276184,0.0175071619451046,0.5899554491043091
2021-07-13,222.8466644287109,222.8466644287109,231.0933380126953,222.1000061035156,228.77333068847656,62898300,-0.0250255268170938,222.24807232041172,218.14256305321027,TSLA,Tesla,0.9713982343673706,0.0008524906006641686,0.02774915099143982
2021-07-14,217.7933349609375,217.7933349609375,226.20333862304688,217.6133270263672,223.5833282470703,64923600,-0.0226762625356234,221.1343879805432,218.11081504482183,TSLA,Tesla,0.33304986357688904,0.6668872833251953,6.287526048254222e-05
2021-07-15,216.86666870117188,216.86666870117188,222.04666137695312,212.6266632080078,219.4633331298828,60628800,-0.0042547962265779,220.0674581607004,217.99771083176276,TSLA,Tesla,0.3950471580028534,0.0891556367278099,0.5157971978187561
2021-07-16,214.7400054931641,214.7400054931641,218.8999938964844,214.0666656494141,218.22666931152344,49113000,-0.0098063165757307,218.73559499381628,217.70155580098103,TSLA,Tesla,0.4629327058792114,0.5002039074897766,0.036863431334495544
2021-07-19,215.4066619873047,215.4066619873047,215.73333740234372,207.0966644287109,209.9633331298828,63891300,0.0031044820577776,217.9033617421884,217.4929290906468,TSLA,Tesla,0.6661410331726074,2.3577891624881886e-05,0.3338353633880615
2021-07-20,220.1666717529297,220.1666717529297,220.79666137695312,213.5,217.3300018310547,46461300,0.0220977834283766,218.4691892448737,217.7359966053998,TSLA,Tesla,0.19755898416042328,0.6000715494155884,0.20236945152282715
2021-07-21,218.42999267578125,218.42999267578125,221.6199951171875,216.76333618164065,219.8699951171875,41859900,-0.0078880198502402,218.4593901026006,217.79908715725264,TSLA,Tesla,0.8484222888946533,0.03470901772379875,0.11686870455741882
2021-07-22,216.4199981689453,216.4199981689453,220.72332763671875,214.86666870117188,218.81333923339844,45317100,-0.0092020078479763,217.9495421191868,217.6737154310429,TSLA,Tesla,0.4231688976287842,0.17771406471729279,0.39911702275276184
2021-07-23,214.4600067138672,214.4600067138672,216.26666259765625,212.43333435058597,215.45333862304688,43814700,-0.0090564248759862,217.07715826785687,217.3815600931178,TSLA,Tesla,0.7499331831932068,6.734523776685819e-05,0.24999947845935822
2021-07-26,219.2066650390625,219.2066650390625,222.73333740234372,215.70333862304688,216.9900054931641,76009800,0.0221330699272443,217.60953496065827,217.54747872456733,TSLA,Tesla,0.20011213421821594,0.7998402118682861,4.76669920317363e-05
2021-07-27,214.9266662597656,214.9266662597656,222.1666717529297,209.0800018310547,221.13333129882807,98439900,-0.0195249481968724,216.9388177854351,217.30922304594895,TSLA,Tesla,0.0007816942525096238,0.9849961400032043,0.0142221599817276
2021-07-28,215.66000366210935,215.66000366210935,218.3233337402344,213.13333129882807,215.6666717529297,48019800,0.0034120354402995,216.6191142546037,217.15929401105447,TSLA,Tesla,0.37089037895202637,0.6000407338142395,0.029068851843476295
2021-07-29,225.7833404541016,225.7833404541016,227.89666748046875,216.26666259765625,216.5966644287109,91183800,0.0469411880742298,218.91017080447816,217.94329823314968,TSLA,Tesla,0.5388730764389038,0.3160549998283386,0.14507190883159637
2021-07-30,229.0666656494141,229.0666656494141,232.50999450683597,223.0,223.9199981689453,88969200,0.0145419285085826,221.44929451571213,218.9545134528101,TSLA,Tesla,0.3822578489780426,0.21783122420310974,0.3999108672142029
2021-08-02,236.55667114257807,236.55667114257807,242.31333923339844,232.8000030517578,233.3333282470703,100847400,0.0326979286660045,225.22613867242865,220.55470960642532,TSLA,Tesla,0.8381272554397583,0.14405982196331024,0.01781286671757698
2021-08-03,236.5800018310547,236.5800018310547,240.88333129882807,233.6699981689453,239.6666717529297,64860900,9.862621233169833e-05,228.06460446208516,222.0115543541189,TSLA,Tesla,0.3998106122016907,0.2587425708770752,0.34144681692123413
2021-08-04,236.97332763671875,236.97332763671875,241.63333129882807,236.30999755859372,237.0,51007800,0.0016625488317687,230.29178525574355,223.371715561628,TSLA,Tesla,0.9509696364402771,0.048595327883958817,0.0004349253431428224
2021-08-05,238.2100067138672,238.2100067138672,240.3166656494141,237.1366729736328,238.6666717529297,38758800,0.0052186424923073,232.2713406202745,224.72065112092247,TSLA,Tesla,0.9999288320541382,1.551159584778361e-05,5.560065619647503e-05
2021-08-06,233.0333404541016,233.0333404541016,238.77667236328125,232.5433349609375,237.3000030517578,46869000,-0.0217315230840983,232.46184057873123,225.47635015121148,TSLA,Tesla,0.660853922367096,0.0021452950313687325,0.3370008170604706
2021-08-09,237.9199981689453,237.9199981689453,239.6766662597656,235.0433349609375,236.72332763671875,44145900,0.020969779282747,233.8263799762848,226.6075908800964,TSLA,Tesla,0.8380417227745056,0.15404781699180603,0.00791045930236578
2021-08-10,236.663330078125,236.663330078125,238.8633270263672,233.9600067138672,237.9966735839844,40296900,-0.0052818934956782,234.5356175017448,227.52174898900807,TSLA,Tesla,0.00455836858600378,0.009826880879700184,0.9856147766113281
2021-08-11,235.94000244140625,235.94000244140625,238.3933258056641,234.73666381835935,237.57000732421875,29401800,-0.0030563570472872,234.88671373666017,228.2870447574079,TSLA,Tesla,0.8870970606803894,0.03252195939421654,0.08038093149662018
2021-08-12,240.75,240.75,240.93333435058597,233.13333129882807,235.44667053222656,52377300,0.020386528392057,236.35253530249517,229.4200406885526,TSLA,Tesla,0.32944515347480774,0.6673533916473389,0.003201488172635436
2021-08-13,239.05667114257807,239.05667114257807,243.3000030517578,238.1133270263672,241.23666381835935,50194500,-0.0070335570401739,237.02856926251587,230.2960980025549,TSLA,Tesla,0.5006352663040161,0.2491496503353119,0.2502150535583496
2021-08-16,228.72332763671875,228.72332763671875,236.5,225.46665954589844,235.02333068847656,68032200,-0.0432254973537064,234.95225885606655,230.153118878388,TSLA,Tesla,0.5753671526908875,0.00085417740046978,0.4237786829471588
2021-08-17,221.90333557128903,221.90333557128903,224.8600006103516,216.27999877929688,224.22000122070312,71163900,-0.0298176497163502,231.6900280348722,229.4031385777426,TSLA,Tesla,0.32056576013565063,0.4630352854728699,0.2163989543914795
2021-08-18,229.663330078125,229.663330078125,231.92333984375,223.11666870117188,223.25,61048200,0.0349701571040286,231.1833535456854,229.42679235050463,TSLA,Tesla,0.200859934091568,0.3991157114505768,0.4000243544578552
2021-08-19,224.4900054931641,224.4900054931641,228.8500061035156,222.52999877929688,226.07000732421875,42940500,-0.0225256882899029,229.51001653255508,228.97799354529184,TSLA,Tesla,0.3502468764781952,0.006994294468313456,0.6427589058876038
2021-08-20,226.7533264160156,226.7533264160156,230.7100067138672,224.5666656494141,227.61666870117188,44525700,0.0100820565168566,228.82084400342023,228.775751078994,TSLA,Tesla,0.5431045889854431,0.005461688153445721,0.45143377780914307
2021-08-23,235.43333435058597,235.43333435058597,237.3766632080078,226.9166717529297,228.47999572753903,60794700,0.038279517534598,230.4739665902117,229.380985921866,TSLA,Tesla,0.994032084941864,0.003638466354459524,0.0023293946869671345
2021-08-24,236.163330078125,236.163330078125,238.4066619873047,234.2133331298828,236.8933258056641,39249300,0.0031006472789958,231.89630746219,229.99756266334407,TSLA,Tesla,0.5000076293945312,0.49998506903648376,7.3168412200175226e-06
2021-08-25,237.0666656494141,237.0666656494141,238.9900054931641,234.6666717529297,235.6766662597656,37936800,0.0038250458739306,233.18889700899604,230.64020838935045,TSLA,Tesla,0.6976402997970581,0.301813542842865,0.0005462646950036287
2021-08-26,233.72000122070312,233.72000122070312,238.46665954589844,232.5399932861328,236.10333251953125,39642900,-0.014116975997208,233.3216730619228,230.92018955583703,TSLA,Tesla,0.47688454389572144,0.5037814378738403,0.01933402009308338
2021-08-27,237.30667114257807,237.30667114257807,238.3333282470703,234.0333404541016,235.0,41501400,0.0153460119080184,234.31792258208665,231.50077879099533,TSLA,Tesla,0.30556923151016235,0.41948240995407104,0.2749483585357666
2021-08-30,243.6366729736328,243.6366729736328,243.6666717529297,237.57666015625,238.2400054931641,55812600,0.0266743526449431,236.6476101799732,232.60404189850783,TSLA,Tesla,0.7479275465011597,0.2511059641838074,0.0009664910030551255
2021-08-31,245.2400054931641,245.2400054931641,246.79666137695312,242.14666748046875,244.3333282470703,62566200,0.006580834075438,238.7957090082709,233.7527658616584,TSLA,Tesla,0.6505703330039978,0.34940528869628906,2.4386465156567283e-05
2021-09-01,244.69667053222656,244.69667053222656,247.3300018310547,243.7566680908203,244.69332885742188,39612900,-0.0022155233598404,240.2709493892598,234.7476662862555,TSLA,Tesla,0.5010648965835571,0.49872541427612305,0.0002097826509270817
2021-09-02,244.1300048828125,244.1300048828125,246.9900054931641,243.51333618164065,244.8333282470703,38331900,-0.0023157881477566,241.235713262648,235.60060615866976,TSLA,Tesla,0.0074340710416436195,0.400325208902359,0.5922406911849976
2021-09-03,244.52333068847656,244.52333068847656,244.6666717529297,241.3999938964844,244.0833282470703,45738300,0.0016111325842673,242.05761761910512,236.41176293410672,TSLA,Tesla,5.494328070199117e-05,1.4069227290747222e-05,0.9999309778213501
2021-09-07,250.97332763671875,250.97332763671875,253.3999938964844,246.4199981689453,246.6666717529297,60119400,0.0263778385893962,244.2865451235085,237.7355415434351,TSLA,Tesla,0.5695626735687256,0.29882025718688965,0.13161706924438477
2021-09-08,251.2899932861328,251.2899932861328,254.8166656494141,246.92333984375,253.8600006103516,56379000,0.0012617502122473,246.0374071641646,238.9677644291349,TSLA,Tesla,0.2492300570011139,0.7461287379264832,0.004641225561499596
2021-09-09,251.6199951171875,251.6199951171875,254.0333404541016,250.5433349609375,251.1366729736328,42233100,0.0013132310870769,247.4330541524203,240.11796721895783,TSLA,Tesla,0.44249624013900757,0.30632466077804565,0.2511790990829468
2021-09-10,245.42333984375,245.42333984375,254.20333862304688,244.83999633789065,253.1999969482422,45552600,-0.0246270383661343,246.93062557525275,240.6002738212117,TSLA,Tesla,0.9992286562919617,5.684806819772348e-05,0.0007145400159060955
2021-09-13,247.6666717529297,247.6666717529297,248.25999450683597,236.2833404541016,246.73666381835935,68857500,0.0091406624594381,247.114637119672,241.24267363318603,TSLA,Tesla,0.8290519118309021,0.14280757308006287,0.028140587732195854
2021-09-14,248.163330078125,248.163330078125,251.4900054931641,245.46665954589844,247.52333068847656,55574700,0.0020053498586631,247.37681035928523,241.8718242190896,TSLA,Tesla,0.5958667993545532,0.40323010087013245,0.0009031315566971898
2021-09-15,251.94332885742188,251.94332885742188,252.2866668701172,246.1199951171875,248.3333282470703,46073100,0.015231899000174,248.5184399838194,242.78741554984703,TSLA,Tesla,0.9999818801879883,1.4292868399934378e-06,1.6641362890368327e-05
2021-09-16,252.3300018310547,252.3300018310547,252.97000122070312,249.20333862304688,250.94332885742188,41770200,0.0015347617076681,249.4713304456282,243.6549233935932,TSLA,Tesla,0.9990510940551758,0.00011544300650712103,0.0008334751473739743
2021-09-17,253.163330078125,253.163330078125,253.67999267578125,250.0,252.38333129882807,84612600,0.0033025333532406,250.3943303537524,244.5193240012779,TSLA,Tesla,0.003400632878765464,0.990227460861206,0.006371919997036457
2021-09-20,243.38999938964844,243.38999938964844,247.3333282470703,239.5399932861328,244.85333251953125,74273100,-0.0386048433059422,248.64324761272644,244.4166581274934,TSLA,Tesla,0.4291205108165741,9.517918806523085e-05,0.5707842707633972
2021-09-21,246.4600067138672,246.4600067138672,248.2466735839844,243.47999572753903,244.92999267578125,48992100,0.0126135310896808,248.09743738801163,244.602417089891,TSLA,Tesla,0.3760969638824463,0.304603636264801,0.3192993700504303
2021-09-22,250.64666748046875,250.64666748046875,251.22332763671875,246.3733367919922,247.8433380126953,45378900,0.0169871810945057,248.73474491112592,245.1518943981253,TSLA,Tesla,0.39990243315696716,0.3998112678527832,0.20028629899024963
2021-09-23,251.2133331298828,251.2133331298828,252.73333740234372,249.30667114257807,251.6666717529297,35842500,0.0022608146164888,249.35439196581515,245.7029342828305,TSLA,Tesla,0.8210229277610779,0.00022864689526613802,0.17874842882156372
2021-09-24,258.1300048828125,258.1300048828125,258.26666259765625,248.1866607666016,248.6300048828125,64119000,0.0275330599166629,251.54829519506447,246.832667973738,TSLA,Tesla,0.0559111088514328,0.9439584016799927,0.00013053286238573492
2021-09-27,263.78668212890625,263.78668212890625,266.3333435058594,256.4366760253906,257.7066650390625,84212100,0.0219140632204373,254.6078919285249,248.3739419878442,TSLA,Tesla,0.8699668645858765,0.002058878540992737,0.12797421216964722
2021-09-28,259.1866760253906,259.1866760253906,265.2133178710937,255.3933258056641,262.3999938964844,76144200,-0.0174383561231787,255.75258795274132,249.35691780943932,TSLA,Tesla,0.9341144561767578,9.988967212848365e-05,0.06578559428453445
2021-09-29,260.4366760253906,260.4366760253906,264.5,256.8933410644531,259.9333190917969,62828700,0.0048227787753933,256.92360997090367,250.364168556344,TSLA,Tesla,0.6884203553199768,0.021695949137210846,0.28988370299339294
2021-09-30,258.49334716796875,258.49334716796875,263.0433349609375,258.3333435058594,260.3333435058594,53868000,-0.0074618094773734,257.3160442701699,251.10318479376443,TSLA,Tesla,0.2733716070652008,0.6519208550453186,0.07470755279064178
2021-10-01,258.4066772460937,258.4066772460937,260.260009765625,254.52999877929688,259.4666748046875,51094200,-0.0003352887910832,257.5887025141509,251.7671386530671,TSLA,Tesla,0.7317571640014648,0.006237074267119169,0.2620057761669159
2021-10-04,260.510009765625,260.510009765625,268.989990234375,258.7066650390625,265.5,91449900,0.0081396213981272,258.3190293270194,252.56194511784508,TSLA,Tesla,1.3282590316521237e-06,0.9999984502792358,2.510396370780654e-07
2021-10-05,260.1966552734375,260.1966552734375,265.7699890136719,258.0666809082031,261.6000061035156,55297800,-0.001202850103416,258.7884358136239,253.2560096774444,TSLA,Tesla,0.14576691389083862,0.8463907241821289,0.007842338643968105
2021-10-06,260.9166564941406,260.9166564941406,262.2200012207031,257.739990234375,258.7333374023437,43898400,0.0027671424905384,259.3204909837531,253.95243211532585,TSLA,Tesla,0.48410218954086304,0.25050097703933716,0.2653968632221222
2021-10-07,264.53668212890625,264.53668212890625,268.3333435058594,261.1266784667969,261.82000732421875,57587400,0.0138742603994963,260.62453877004134,254.91463666201497,TSLA,Tesla,0.9263225793838501,0.0508040189743042,0.022873423993587494
2021-10-08,261.8299865722656,261.8299865722656,265.4599914550781,260.3033447265625,265.4033203125,50215800,-0.0102318345223733,260.9259007205974,255.5433048356741,TSLA,Tesla,0.8851007223129272,0.09680141508579254,0.01809784583747387
2021-10-11,263.9800109863281,263.9800109863281,267.0799865722656,261.8333435058594,262.54998779296875,42600900,0.0082115285655759,261.68942828703007,256.3102781220972,TSLA,Tesla,0.3490273952484131,0.33343711495399475,0.3175354599952698
2021-10-12,268.5733337402344,268.5733337402344,270.7733459472656,265.5233459472656,266.9766540527344,66060000,0.0174002673033608,263.41040465033115,257.42510136010964,TSLA,Tesla,0.8549727201461792,0.08750386536121368,0.057523440569639206
2021-10-13,270.3599853515625,270.3599853515625,271.8033447265625,268.59332275390625,270.1566772460937,42360300,0.00665237902232,265.14779982563897,258.6009999047872,TSLA,Tesla,0.8480789065361023,0.06695013493299484,0.08497096598148346
2021-10-14,272.7733459472656,272.7733459472656,273.4166564941406,271.1166687011719,271.8299865722656,36741600,0.0089264710995042,267.05418635604565,259.8893949995579,TSLA,Tesla,0.6174670457839966,0.25081655383110046,0.13171644508838654
2021-10-15,281.010009765625,281.010009765625,281.07000732421875,274.1166687011719,274.5799865722656,56773800,0.0301959995019152,270.5431422084405,261.8094508873822,TSLA,Tesla,0.5993109941482544,0.4003239572048187,0.00036502047441899776
2021-10-18,290.03668212890625,290.03668212890625,291.7533264160156,283.8233337402344,283.92999267578125,72621600,0.0321222449364344,275.4165271885569,264.3755628184298,TSLA,Tesla,0.8726396560668945,0.12598462402820587,0.001375675550661981
2021-10-19,288.0899963378906,288.0899963378906,292.6499938964844,287.5033264160156,292.510009765625,52143300,-0.0067118606402704,278.58489447589034,266.531420411108,TSLA,Tesla,0.5075975060462952,0.28852027654647827,0.20388221740722656
2021-10-20,288.6000061035156,288.6000061035156,289.8299865722656,285.7933349609375,288.45001220703125,42096300,0.0017703140411262,281.08867238279663,268.53765547405413,TSLA,Tesla,0.39905670285224915,0.5999875664710999,0.0009557280573062599
2021-10-21,298.0,298.0,300.0,285.1666564941406,285.3333435058594,94444500,0.0325710107334951,285.3165042870975,271.21605043095826,TSLA,Tesla,0.00016054933075793087,0.9998244047164917,1.5059445104270708e-05
2021-10-22,303.2266540527344,303.2266540527344,303.3333435058594,296.9866638183594,298.5,68642400,0.0175391075595112,289.7940417285067,274.1261053056652,TSLA,Tesla,0.5485765933990479,0.2236274778842926,0.22779600322246552
2021-10-25,341.6199951171875,341.6199951171875,348.3399963378906,314.7333374023437,316.84332275390625,188556300,0.1266159836258198,302.7505300756769,280.26191347034904,TSLA,Tesla,0.6665668487548828,0.33333852887153625,9.470609802519903e-05
2021-10-26,339.4766540527344,339.4766540527344,364.9800109863281,333.8133239746094,341.5633239746094,187245000,-0.0062740503925067,311.93206106994126,285.6450717051114,TSLA,Tesla,0.2000332623720169,0.7998067736625671,0.00015998045273590833
2021-10-27,345.9533386230469,345.9533386230469,356.9599914550781,343.59332275390625,346.5533447265625,115579500,0.0190784388057105,320.43738045821766,291.1276414249237,TSLA,Tesla,0.5991635918617249,0.400094211101532,0.0007421757327392697
2021-10-28,359.0133361816406,359.0133361816406,360.3333435058594,351.3999938964844,356.10333251953125,81639600,0.0377507487297992,330.0813693890734,297.29906822098883,TSLA,Tesla,0.03116345964372158,0.7660545110702515,0.20278200507164001
2021-10-29,371.3333435058594,371.3333435058594,371.7366638183594,357.7366638183594,360.6199951171875,89755200,0.0343162943617936,340.3943629182699,304.0294568832498,TSLA,Tesla,0.5462313294410706,0.2946375906467438,0.15913113951683044
2021-11-01,402.86334228515625,402.86334228515625,403.25,372.88665771484375,381.6666564941406,168146100,0.0849102277797451,356.0116077599915,313.0143555561504,TSLA,Tesla,0.8750166893005371,0.12489895522594452,8.446755236946046e-05
2021-11-02,390.6666564941406,390.6666564941406,402.86334228515625,382.0,386.4533386230469,128213400,-0.0302749952920325,364.6753699435288,320.07365564142225,TSLA,Tesla,0.809870183467865,0.0006331443437375128,0.18949675559997559
2021-11-03,404.6199951171875,404.6199951171875,405.1300048828125,384.2066650390625,392.4433288574219,103885500,0.0357167380197345,374.6615262369435,327.75968650285546,TSLA,Tesla,0.5991437435150146,0.0013809723313897848,0.3994752764701843
2021-11-04,409.9700012207031,409.9700012207031,414.4966735839844,405.6666564941406,411.4700012207031,76192200,0.0132222978796836,383.4886449828834,335.23335147720525,TSLA,Tesla,0.5840655565261841,0.38428083062171936,0.03165360540151596
2021-11-05,407.36334228515625,407.36334228515625,413.2900085449219,402.6666564941406,409.3333435058594,64886400,-0.006358169933862,389.4573193084516,341.79062336883715,TSLA,Tesla,0.19470931589603424,0.49717679619789124,0.3081139028072357
2021-11-08,387.6466674804688,387.6466674804688,399.0,377.6666564941406,383.2633361816406,100337100,-0.0484007095338631,389.0046563514559,345.9593546517127,TSLA,Tesla,0.7406518459320068,0.0002605613262858242,0.25908759236335754
2021-11-09,341.1666564941406,341.1666564941406,391.5,337.17333984375,391.2000122070313,177317400,-0.1199030325435984,377.0451563871271,345.5236548192062,TSLA,Tesla,0.945995032787323,0.0007296779076568782,0.05327536165714264
2021-11-10,355.9833374023437,355.9833374023437,359.3666687011719,329.10333251953125,336.8033447265625,128408100,0.0434294519296247,371.7797016409313,346.47453505403683,TSLA,Tesla,0.367992639541626,0.004535415675491095,0.627471923828125
2021-11-11,354.5033264160156,354.5033264160156,368.3233337402344,351.5599975585937,367.5899963378906,67189800,-0.0041575288246016,367.46060783470233,347.20442517785307,TSLA,Tesla,0.6586818695068359,0.17396347224712372,0.16735462844371796
2021-11-12,344.47332763671875,344.47332763671875,351.5,339.7333374023437,349.1666564941406,76719300,-0.0282931020159921,361.7137877852064,346.95614358320444,TSLA,Tesla,0.24199752509593964,0.004763958044350147,0.7532384991645813
2021-11-15,337.7966613769531,337.7966613769531,343.99334716796875,326.20001220703125,339.2099914550781,104326800,-0.0193822444993675,355.7345061831431,346.1234633826361,TSLA,Tesla,0.5980839729309082,0.19771453738212585,0.20420150458812714
2021-11-16,351.57666015625,351.57666015625,352.3999938964844,334.0599975585937,334.4366760253906,79627200,0.0407937684260282,354.6950446764198,346.6192085438737,TSLA,Tesla,0.7522733807563782,7.217754318844527e-05,0.24765437841415405
2021-11-17,363.0033264160156,363.0033264160156,373.21331787109375,351.8333435058594,354.5033264160156,94336200,0.0325012082846662,356.7721151113187,348.10867380497746,TSLA,Tesla,0.27660712599754333,0.49880462884902954,0.22458826005458832
2021-11-18,365.4599914550781,365.4599914550781,370.6666564941406,358.3399963378906,368.8500061035156,62696700,0.0067676102677005,358.9440841972586,349.6860663186229,TSLA,Tesla,0.7939673662185669,0.0007678339025005698,0.2052648365497589
2021-11-19,379.0199890136719,379.0199890136719,379.5733337402344,364.23333740234375,366.2900085449219,64926900,0.0371039180092043,363.9630604013619,352.3527865636273,TSLA,Tesla,0.3379743695259094,0.5129194259643555,0.1491062343120575
2021-11-22,385.6233215332031,385.6233215332031,400.6499938964844,377.4766540527344,387.4433288574219,99217500,0.0174221220804611,369.3781256843222,355.3773806517706,TSLA,Tesla,0.4039531648159027,0.5955083966255188,0.0005384363466873765
2021-11-23,369.6766662597656,369.6766662597656,393.5,354.2333374023437,389.1700134277344,108515100,-0.0413529327272921,369.4527608281831,356.67731570704285,TSLA,Tesla,0.5037350654602051,0.025216881185770035,0.4710480868816376
2021-11-24,372.0,372.0,377.5899963378906,354.0,360.1300048828125,67680600,0.0062847724844008,370.0895706211373,358.07028700640257,TSLA,Tesla,0.6067031621932983,3.2264091714750975e-05,0.39326462149620056
2021-11-26,360.6400146484375,360.6400146484375,369.5933227539063,360.3333435058594,366.489990234375,35042700,-0.030537595031082,367.7271816279624,358.30389861022394,TSLA,Tesla,0.5002156496047974,0.00023060936655383557,0.49955374002456665
2021-11-29,378.9966735839844,378.9966735839844,380.8900146484375,366.7300109863281,366.9966735839844,58393500,0.0509002279002275,370.54455461696784,360.1850599714749,TSLA,Tesla,0.5141936540603638,0.4827195405960083,0.0030868619214743376
2021-11-30,381.586669921875,381.586669921875,389.3333435058594,372.6666564941406,381.4566650390625,81276000,0.0068338234037736,373.3050834431946,362.1306608760567,TSLA,Tesla,0.7670478820800781,0.2327844351530075,0.0001676546671660617
2021-12-01,365.0,365.0,390.9466552734375,363.586669921875,386.8999938964844,68450400,-0.0434676345619486,371.228812582396,362.3915098873243,TSLA,Tesla,0.48508167266845703,0.207560732960701,0.3073575794696808
2021-12-02,361.5333251953125,361.5333251953125,371.0,352.2166748046875,366.3533325195313,73114800,-0.0094977391909246,368.8049407356251,362.3134930971414,TSLA,Tesla,0.9958876371383667,0.0005157602718099952,0.003596583381295204
2021-12-03,338.3233337402344,338.3233337402344,363.5266723632813,333.4033203125,361.5966796875,92322000,-0.0641987607713322,361.1845389867774,360.1325695192408,TSLA,Tesla,0.7473798394203186,0.05374699831008911,0.1988731324672699
2021-12-06,336.336669921875,336.336669921875,340.5466613769531,316.8333435058594,333.836669921875,81663000,-0.005872086315763,354.9725717205518,357.96930591948023,TSLA,Tesla,0.688227653503418,0.0004417421587277204,0.3113306164741516
2021-12-07,350.5833435058594,350.5833435058594,352.5566711425781,342.2699890136719,348.0666809082031,56084700,0.042358371411876,353.8752646668787,357.29785479096927,TSLA,Tesla,0.739206075668335,0.250500351190567,0.01029357872903347
2021-12-08,356.32000732421875,356.32000732421875,357.4599914550781,344.3333435058594,350.9033203125,41906400,0.0163631955842291,354.48645033121375,357.2089595667192,TSLA,Tesla,0.5165210962295532,0.4820167124271393,0.001462142332457006
2021-12-09,334.6000061035156,334.6000061035156,354.163330078125,334.1199951171875,353.5466613769531,59438400,-0.0609564458190524,349.5148392742892,355.1536001609734,TSLA,Tesla,0.5874638557434082,0.08078893274068832,0.3317472040653229
2021-12-10,339.010009765625,339.010009765625,340.32666015625,327.510009765625,336.25,59664300,0.0131799270223116,346.8886318971232,353.68600103412354,TSLA,Tesla,0.788036584854126,2.203057738370262e-05,0.21194136142730713
2021-12-13,322.1366577148437,322.1366577148437,335.0,317.1400146484375,333.6966552734375,78595500,-0.0497724302077294,340.7006383515533,350.817878914189,TSLA,Tesla,0.40343889594078064,0.00010342770110582933,0.5964576601982117
2021-12-14,319.5033264160156,319.5033264160156,322.1366577148437,310.0,315.0,70806300,-0.0081745781976764,335.4013103676689,347.971101414355,TSLA,Tesla,0.319017231464386,0.22856347262859344,0.4524192214012146
2021-12-15,325.3299865722656,325.3299865722656,326.25,309.4166564941406,317.7366638183594,75169200,0.0182366181335567,332.88347941881807,345.9128182468924,TSLA,Tesla,0.8999243378639221,0.0014246416976675391,0.09865099936723709
2021-12-16,308.97332763671875,308.97332763671875,331.6600036621094,307.2833251953125,331.5,82771500,-0.0502771327902586,326.90594147329324,342.5546827368766,TSLA,Tesla,0.3320426046848297,0.0006117058801464736,0.6673457026481628
2021-12-17,310.8566589355469,310.8566589355469,320.2200012207031,303.0133361816406,304.92333984375,100437300,0.0060954494461815,322.89362083885663,339.6730442094829,TSLA,Tesla,0.3367932438850403,4.0316292142961174e-05,0.6631664037704468
2021-12-20,299.9800109863281,299.9800109863281,307.2300109863281,297.7966613769531,303.5666809082031,56480100,-0.0349892712173617,317.1652183757245,336.0645866437416,TSLA,Tesla,0.4272363483905792,0.01128897350281477,0.561474621295929
2021-12-21,312.84332275390625,312.84332275390625,313.1666564941406,295.3733215332031,305.6233215332031,71517900,0.0428805630257957,316.0847444702699,333.95356265375653,TSLA,Tesla,0.7811816334724426,0.18086816370487213,0.03795013949275017
2021-12-22,336.2900085449219,336.2900085449219,338.5533447265625,319.01666259765625,321.8866577148437,93634200,0.0749470552371662,321.1360604889329,334.16596682568064,TSLA,Tesla,0.595352053642273,0.17924052476882935,0.2254074364900589
2021-12-23,355.6666564941406,355.6666564941406,357.6600036621094,332.5199890136719,335.6000061035156,92713200,0.0576188630553096,329.76870949023487,336.12057497735884,TSLA,Tesla,0.4034554958343506,0.5963007211685181,0.0002437454677419737
2021-12-27,364.6466674804688,364.6466674804688,372.3333435058594,356.9066772460937,357.8900146484375,71145900,0.0252483914990666,338.48819898779334,338.7138561140052,TSLA,Tesla,0.4582640826702118,0.3364894688129425,0.2052464634180069
2021-12-28,362.8233337402344,362.8233337402344,373.0,359.47332763671875,369.8299865722656,60324000,-0.0050002753427934,344.5719826759036,340.9056268072987,TSLA,Tesla,0.45022550225257874,0.5176801681518555,0.03209436684846878
2021-12-29,362.0633239746094,362.0633239746094,368.0,354.7133178710937,366.21331787109375,56154000,-0.002094710276184,348.94481800058,342.82905382250874,TSLA,Tesla,0.6412057876586914,0.2227744609117508,0.1360197514295578
2021-12-30,356.7799987792969,356.7799987792969,365.1833190917969,351.04998779296875,353.77667236328125,47040900,-0.0145922683836461,350.90361319525925,344.0973215458531,TSLA,Tesla,0.5408355593681335,0.0026192469522356987,0.4565452039241791
2022-01-03,399.9266662597656,399.9266662597656,400.3566589355469,378.6799926757813,382.5833435058594,103931400,,399.9266662597656,399.9266662597656,TSLA,Tesla,0.0016911018174141645,0.9982749819755554,3.383208968443796e-05
2022-01-04,383.1966552734375,383.1966552734375,402.6666564941406,374.3500061035156,396.51666259765625,100248300,-0.041832696836128,395.7441635131836,398.4057561700994,TSLA,Tesla,0.5479217171669006,0.16640596091747284,0.28567227721214294
2022-01-05,362.7066650390625,362.7066650390625,390.11334228515625,360.336669921875,382.2166748046875,80119800,-0.0534712136768363,387.4847888946533,395.16038424909607,TSLA,Tesla,8.746741514187306e-06,0.9999890327453613,2.189680344599765e-06
2022-01-06,354.8999938964844,354.8999938964844,362.6666564941406,340.1666564941406,359.0,90336600,-0.0215233738308541,379.3385901451111,391.500348762495,TSLA,Tesla,0.5237991213798523,0.1677606850862503,0.3084401786327362
2022-01-07,342.32000732421875,342.32000732421875,360.30999755859375,336.6666564941406,360.1233215332031,84164700,-0.0354465674517168,370.083944439888,387.02940863174257,TSLA,Tesla,0.37317749857902527,0.5196618437767029,0.10716071724891663
2022-01-10,352.7066650390625,352.7066650390625,353.0333251953125,326.6666564941406,333.3333435058594,91815000,0.0303419534138018,365.7396245896816,383.9091592142262,TSLA,Tesla,0.41297703981399536,0.4011247754096985,0.18589824438095093
2022-01-11,354.79998779296875,354.79998779296875,358.6166687011719,346.2733459472656,351.22332763671875,66063300,0.0059350246575986,363.0047153905034,381.2628709032027,TSLA,Tesla,0.25006186962127686,0.707736611366272,0.042201533913612366
2022-01-12,368.739990234375,368.739990234375,371.61334228515625,357.5299987792969,359.6166687011719,83739000,0.0392897489318417,364.4385341014713,380.12442720603656,TSLA,Tesla,0.9713223576545715,0.005545498803257942,0.02313215658068657
2022-01-13,343.85333251953125,343.85333251953125,371.8666687011719,342.17999267578125,369.6900024414063,97209900,-0.0674910733143576,359.2922337059863,376.8270549618088,TSLA,Tesla,0.6890687942504883,0.01073683612048626,0.3001943528652191
2022-01-14,349.8699951171875,349.8699951171875,350.6666564941406,337.7933349609375,339.9599914550781,72924300,0.017497758575059,356.9366740587866,374.37641315775227,TSLA,Tesla,9.77775107458001e-06,0.33333373069763184,0.666656494140625
2022-01-18,343.5033264160156,343.5033264160156,356.92999267578125,338.6866760253906,342.2033386230469,66743400,-0.0181972412325309,353.57833714809385,371.5697689085035,TSLA,Tesla,0.3048626184463501,0.37792864441871643,0.31720879673957825
2022-01-19,331.8833312988281,331.8833312988281,351.5566711425781,331.6666564941406,347.2366638183594,75442500,-0.0338278969185718,348.1545856857774,367.9619109439876,TSLA,Tesla,0.0005553936935029924,0.799290120601654,0.20015449821949005
2022-01-20,332.0899963378906,332.0899963378906,347.2200012207031,331.3333435058594,336.57666015625,70488600,0.0006227038828787,344.1384383488057,364.7008277979787,TSLA,Tesla,0.6642967462539673,0.14461059868335724,0.1910926103591919
2022-01-21,314.6333312988281,314.6333312988281,334.8500061035156,313.5,332.11334228515625,103416000,-0.052566067125072,336.7621615863113,360.1492372071469,TSLA,Tesla,0.40056243538856506,0.0024270000867545605,0.5970104932785034
2022-01-24,310.0,310.0,311.1700134277344,283.8233337402344,301.586669921875,151565700,-0.0147261298721956,330.0716211897335,355.5902156428608,TSLA,Tesla,0.5103021264076233,0.2930045425891876,0.19669334590435028
2022-01-25,306.1333312988281,306.1333312988281,317.086669921875,301.07000732421875,304.7333374023437,86595900,-0.0124731248424899,324.0870487170072,351.0941352479487,TSLA,Tesla,0.13943450152873993,0.050892174243927,0.8096733093261719
2022-01-26,312.4700012207031,312.4700012207031,329.2300109863281,302.0,317.4766540527344,104867400,0.0206990525827113,321.18278684293114,347.5828503363809,TSLA,Tesla,0.3411291241645813,0.6557680368423462,0.0031028366647660732
2022-01-27,276.3666687011719,276.3666687011719,311.7966613769531,276.3333435058594,311.1199951171875,147109500,-0.1155417556197044,309.9787573074913,341.10865200590735,TSLA,Tesla,0.4525809586048126,0.13843472301959991,0.40898433327674866
2022-01-28,282.1166687011719,282.1166687011719,285.8333435058594,264.0033264160156,277.1866760253906,134789100,0.0208056927668702,303.01323515591145,335.7457444327495,TSLA,Tesla,0.6753442287445068,0.0050377920269966125,0.31961795687675476
2022-01-31,312.239990234375,312.239990234375,312.663330078125,287.3500061035156,290.9033203125,104436000,0.1067761138393095,305.31992392552735,333.6088576874427,TSLA,Tesla,0.20450608432292938,0.5404507517814636,0.2550431191921234
2022-02-01,310.4166564941406,310.4166564941406,314.5666809082031,301.6666564941406,311.7366638183594,73138200,-0.0058395266373975,306.5941070676807,331.5004757607789,TSLA,Tesla,0.4623802602291107,0.26240578293800354,0.27521395683288574
2022-02-02,301.8866577148437,301.8866577148437,310.5,296.4700012207031,309.3933410644531,66792900,-0.0274791915989143,305.41724472947146,328.8083104838757,TSLA,Tesla,0.5678253769874573,7.503529923269525e-05,0.4320995807647705
2022-02-03,297.0466613769531,297.0466613769531,312.3333435058594,293.50665283203125,294.0,78855600,-0.0160324950248791,303.3245988913419,325.9208878377918,TSLA,Tesla,0.6547868251800537,0.14822827279567719,0.1969849020242691
2022-02-04,307.7733459472656,307.7733459472656,312.1666564941406,293.72332763671875,299.0733337402344,73625400,0.0361111096842132,304.43678565532286,324.2711113022894,TSLA,Tesla,0.6450487971305847,0.027000973001122475,0.3279501795768738
2022-02-07,302.4466552734375,302.4466552734375,315.92333984375,300.9033203125,307.92999267578125,60994500,-0.0173071864213375,303.9392530598515,322.28706984512104,TSLA,Tesla,0.7957689762115479,0.0008774496964178979,0.20335356891155243
2022-02-08,307.3333435058594,307.3333435058594,308.7633361816406,298.26666259765625,301.84332275390625,50729100,0.0161571905234128,304.7877756713535,320.92764017791546,TSLA,Tesla,0.7041974663734436,0.2489320933818817,0.04687042161822319
2022-02-09,310.6666564941406,310.6666564941406,315.42333984375,306.6666564941406,311.6666564941406,52259400,0.010845920427172,306.25749587705025,319.99482347939045,TSLA,Tesla,0.2551990747451782,0.5209804177284241,0.22382056713104248
2022-02-10,301.51666259765625,301.51666259765625,314.60333251953125,298.8999938964844,302.7900085449219,66126900,-0.0294527710174682,305.0722875572018,318.31499067196006,TSLA,Tesla,0.4931492805480957,0.1717965453863144,0.3350541591644287
2022-02-11,286.6666564941406,286.6666564941406,305.32000732421875,283.5666809082031,303.2099914550781,79645800,-0.0492510296962641,300.47087979143646,315.4378693830673,TSLA,Tesla,0.5765350461006165,0.0004449433763511479,0.42301997542381287
2022-02-14,291.9200134277344,291.9200134277344,299.6266784667969,284.3833312988281,287.19000244140625,67756500,0.018325664372135,298.33316320051097,313.29988247803703,TSLA,Tesla,0.5902074575424194,0.205545112490654,0.2042474001646042
2022-02-15,307.4766540527344,307.4766540527344,307.6666564941406,297.7933349609375,300.0,57286200,0.0532907642827684,300.6190359135668,312.7704980757368,TSLA,Tesla,0.8566105365753174,0.1346338540315628,0.00875567551702261
2022-02-16,307.7966613769531,307.7966613769531,308.8099975585937,300.4033203125,304.6833190917969,51294300,0.0010407532409399,302.4134422794134,312.3183311031201,TSLA,Tesla,0.016563838347792625,0.5002787113189697,0.48315751552581787
2022-02-17,292.1166687011719,292.1166687011719,306.1666564941406,291.3666687011719,304.4200134277344,55178400,-0.0509426990066609,299.839248884853,310.4818163393066,TSLA,Tesla,0.9978384971618652,5.0612219638423994e-05,0.002110888250172138
2022-02-18,285.6600036621094,285.6600036621094,295.6233215332031,279.2033386230469,295.3333435058594,68501700,-0.0221030352967207,296.2944375791671,308.22528791410684,TSLA,Tesla,0.9516458511352539,0.0016180613311007619,0.046736087650060654
2022-02-22,273.84332275390625,273.84332275390625,285.57666015625,267.0333251953125,278.0433349609375,83288100,-0.0413662422345285,290.68165887285187,305.09965471772495,TSLA,Tesla,0.004190023057162762,0.24976055324077606,0.7460494041442871
2022-02-23,254.67999267578125,254.67999267578125,278.4333190917969,253.5200042724609,276.8099975585937,95256900,-0.0699791759952694,281.68124232358423,300.51604907754825,TSLA,Tesla,0.1985049992799759,2.669914101716131e-05,0.8014682531356812
2022-02-24,266.92333984375,266.92333984375,267.49334716796875,233.3333282470703,233.4633331298828,135322200,0.0480734550026278,277.9917667036257,297.4621664199302,TSLA,Tesla,0.8070576786994934,7.03314581187442e-05,0.19287200272083282
2022-02-25,269.9566650390625,269.9566650390625,273.1666564941406,260.79998779296875,269.74334716796875,76067700,0.0113640313248295,275.9829912874849,294.9616662943968,TSLA,Tesla,0.40446868538856506,0.20020337402820587,0.39532792568206787
2022-02-28,290.1433410644531,290.1433410644531,292.28668212890625,271.57000732421875,271.6700134277344,99006900,0.0747774685335871,279.52307873172697,294.52363672803824,TSLA,Tesla,0.5334492921829224,0.4357267916202545,0.030823925510048866
2022-03-01,288.1233215332031,288.1233215332031,296.6266784667969,284.59332275390625,289.8933410644531,74766900,-0.0069621433455585,281.67313943209604,293.94178989214413,TSLA,Tesla,0.19993692636489868,0.8000067472457886,5.62996938242577e-05
2022-03-02,293.2966613769531,293.2966613769531,295.49334716796875,281.42333984375,290.7099914550781,74643300,0.0179552971145164,284.57901991831034,293.8831418453086,TSLA,Tesla,0.40017685294151306,0.39980483055114746,0.20001831650733948
2022-03-03,279.7633361816406,279.7633361816406,295.4800109863281,277.5333251953125,292.92333984375,61623600,-0.0461421044882577,283.37509898414294,292.5995231486115,TSLA,Tesla,0.015232098288834095,0.013684235513210297,0.9710836410522461
2022-03-04,279.42999267578125,279.42999267578125,285.2166748046875,275.0533447265625,283.0333251953125,66999600,-0.0011915196265851,282.38882240705254,291.40229310562694,TSLA,Tesla,0.9040365219116211,0.08760227262973785,0.008361210115253925
2022-03-07,268.1933288574219,268.1933288574219,288.7133178710937,268.19000244140625,285.4333190917969,72494100,-0.0402128050420025,278.8399490196449,289.292387264881,TSLA,Tesla,0.40117231011390686,0.2018444985151291,0.39698323607444763
2022-03-08,274.79998779296875,274.79998779296875,283.3299865722656,260.72332763671875,265.1766662597656,80399100,0.0246339421032322,277.8299587129759,287.974896403798,TSLA,Tesla,0.2510882318019867,0.5191136598587036,0.2297981232404709
2022-03-09,286.3233337402344,286.3233337402344,286.85333251953125,277.336669921875,279.82666015625,59184000,0.0419335751788576,279.9533024697905,287.82475434347407,TSLA,Tesla,0.9805578589439392,0.01855081133544445,0.0008913172059692442
2022-03-10,279.4333190917969,279.4333190917969,284.8166809082031,270.1199951171875,283.8166809082031,58648500,-0.0240637553301487,279.8233066252921,287.0618965933216,TSLA,Tesla,0.6557229161262512,0.3338305652141571,0.010446502827107906
2022-03-11,265.1166687011719,265.1166687011719,281.26666259765625,264.5899963378906,280.0666809082031,67037100,-0.0512345859010529,276.14664714426203,285.06687587585344,TSLA,Tesla,0.4972669780254364,0.16614018380641937,0.3365929126739502
2022-03-14,255.4566650390625,255.4566650390625,266.8999938964844,252.01333618164065,260.2033386230469,71152200,-0.0364368023686874,270.9741516179621,282.37503852705424,TSLA,Tesla,0.9999864101409912,1.0873801556954277e-06,1.2480633813538589e-05
2022-03-15,267.2966613769531,267.2966613769531,268.5233459472656,252.19000244140625,258.42333984375,66841200,0.0463483555462533,270.0547790577099,281.0042769679541,TSLA,Tesla,0.43279606103897095,0.5606840252876282,0.006519982125610113
2022-03-16,280.07666015625,280.07666015625,280.6666564941406,267.4200134277344,269.6666564941406,84028800,0.0478120404252786,272.56024933234494,280.9199481668901,TSLA,Tesla,0.6335734724998474,0.16888804733753204,0.19753842055797577
2022-03-17,290.5333251953125,290.5333251953125,291.6666564941406,275.239990234375,276.9966735839844,66582900,0.0373350104690226,277.05351829808683,281.7938915331103,TSLA,Tesla,0.5095317959785461,0.25028547644615173,0.24018272757530212
2022-03-18,301.7966613769531,301.7966613769531,302.6166687011719,289.1300048828125,291.4966735839844,100414200,0.0387677942765043,283.2393040678034,283.6123251552778,TSLA,Tesla,0.2001464068889618,0.4013923704624176,0.398461252450943
2022-03-21,307.0533447265625,307.0533447265625,314.2833251953125,302.36334228515625,304.99334716796875,81981600,0.017417963888751,289.1928142324932,285.7433269344855,TSLA,Tesla,0.34095802903175354,0.6590322852134705,9.72697489487473e-06
2022-03-22,331.32666015625,331.32666015625,332.6199951171875,307.25,310.0,105868500,0.0790524377817913,299.7262757134324,289.88726631828223,TSLA,Tesla,0.29897597432136536,0.03434062376618385,0.6666834950447083
2022-03-23,333.03668212890625,333.03668212890625,346.8999938964844,325.4666748046875,326.64666748046875,120676200,0.0051611360578402,308.0538773173008,293.80994048288443,TSLA,Tesla,0.6819339990615845,0.3034871220588684,0.014578896574676037
2022-03-24,337.97332763671875,337.97332763671875,341.4966735839844,329.6000061035156,336.57666015625,68920800,0.0148231284201352,315.53373989715533,297.82479386050574,TSLA,Tesla,0.5464863777160645,0.45252153277397156,0.0009921140735968947
2022-03-25,336.8800048828125,336.8800048828125,340.6000061035156,332.44000244140625,336.0,62031600,-0.0032349379803172,320.8703061435696,301.3752675898063,TSLA,Tesla,0.7382701635360718,0.0001381298789056018,0.26159173250198364
2022-03-28,363.9466552734375,363.9466552734375,365.9599914550781,351.20001220703125,355.0333251953125,102506100,0.0803450783611821,331.6393934260366,307.06357556104547,TSLA,Tesla,0.6537412405014038,0.19712264835834503,0.14913611114025116
2022-03-29,366.5233459472656,366.5233459472656,371.5899963378906,357.7033386230469,369.3299865722656,73614900,0.0070798580959405,340.36038155634384,312.46900923252,TSLA,Tesla,0.9905484318733215,0.00930201355367899,0.00014955410733819008
2022-03-30,364.663330078125,364.663330078125,371.3166809082031,361.3333435058594,363.7233276367188,59865000,-0.0050747541451513,346.43611868678914,317.21394749121134,TSLA,Tesla,0.21001701056957245,0.7899693250656128,1.363565206702333e-05
2022-03-31,359.20001220703125,359.20001220703125,367.71331787109375,358.8800048828125,364.8566589355469,48992700,-0.0149818131423394,349.6270920668497,321.0308624653768,TSLA,Tesla,0.2533687353134155,0.738587498664856,0.008043711073696613
2022-04-01,361.5299987792969,361.5299987792969,364.9166564941406,355.5466613769531,360.3833312988281,54263100,0.0064865993682725,352.6028187449615,324.71260213027864,TSLA,Tesla,0.7390028834342957,0.22299358248710632,0.038003504276275635
2022-04-04,381.8166809082031,381.8166809082031,383.3033447265625,357.510009765625,363.1266784667969,82035900,0.0561134129875917,359.9062842857719,329.90388201918086,TSLA,Tesla,0.7209516167640686,0.2246827334165573,0.05436563491821289
2022-04-05,363.7533264160156,363.7533264160156,384.2900085449219,362.4333190917969,378.76666259765625,80075100,-0.0473089715442011,360.8680448183328,332.9811042370749,TSLA,Tesla,0.7004685401916504,0.01337346713989973,0.28615802526474
2022-04-06,348.586669921875,348.586669921875,359.6666564941406,342.5666809082031,357.8233337402344,89348400,-0.0416948942943683,357.7977010942184,334.39979202660214,TSLA,Tesla,0.6183768510818481,0.18084123730659485,0.200781911611557
2022-04-07,352.4200134277344,352.4200134277344,358.86334228515625,340.5133361816406,350.7966613769531,79447200,0.0109968161052127,356.4532791775974,336.0379939721596,TSLA,Tesla,0.5998793244361877,0.19993531703948975,0.20018534362316132
2022-04-08,341.8299865722656,341.8299865722656,349.4800109863281,340.8133239746094,347.7366638183594,55013700,-0.0300494479654184,352.79745602626446,336.56453875398745,TSLA,Tesla,0.9505756497383118,0.007915200665593147,0.04150913655757904
2022-04-11,325.3099975585937,325.3099975585937,336.1566772460937,324.8800048828125,326.79998779296875,59357100,-0.0483280860738044,345.9255914093468,335.5413986453153,TSLA,Tesla,0.3006322681903839,0.4041300415992737,0.2952377200126648
2022-04-12,328.9833374023437,328.9833374023437,340.39666748046875,325.5333251953125,332.5466613769531,65976000,0.0112918135664994,341.690027907596,334.9452112595906,TSLA,Tesla,0.49788010120391846,0.5007800459861755,0.0013398564187809825
2022-04-13,340.7900085449219,340.7900085449219,342.0799865722656,324.3666687011719,327.02667236328125,55121100,0.0358883560359126,341.4650230669275,335.476556467348,TSLA,Tesla,0.7840439081192017,0.21587690711021423,7.921790529508144e-05
2022-04-14,328.3333435058594,328.3333435058594,337.57000732421875,327.39666748046875,333.0966796875,58422300,-0.0365523188084326,338.18210317666046,334.82717347084906,TSLA,Tesla,0.7975972890853882,0.04573614522814751,0.15666651725769043
2022-04-18,334.7633361816406,334.7633361816406,338.3066711425781,324.4700012207031,329.6766662597656,51715200,0.019583733431163,337.3274114279056,334.821370080921,TSLA,Tesla,0.6329154968261719,0.3658887445926666,0.001195755903609097
2022-04-19,342.7166748046875,342.7166748046875,344.9800109863281,331.77667236328125,335.0199890136719,49847700,0.0237580934452494,338.674727272101,335.5391250558088,TSLA,Tesla,0.9830912351608276,0.005080801900476217,0.011827888898551464
2022-04-20,325.7333374023437,325.7333374023437,344.6666564941406,325.0833435058594,343.3333435058594,70711200,-0.0495550367137007,335.4393798046617,334.64768981458474,TSLA,Tesla,0.5922626852989197,0.40200263261795044,0.005734696052968502
2022-04-21,336.260009765625,336.260009765625,364.0733337402344,332.1400146484375,358.24334716796875,105416400,0.0323168406624549,335.64453729490253,334.7942643555884,TSLA,Tesla,0.7122311592102051,0.28699085116386414,0.0007780362502671778
2022-04-22,335.01666259765625,335.01666259765625,344.95001220703125,331.3333435058594,338.3033447265625,69696600,-0.0036975766723952,335.487568620591,334.8144823775945,TSLA,Tesla,0.6408581733703613,0.33781254291534424,0.021329214796423912
2022-04-25,332.67333984375,332.67333984375,336.2066650390625,325.1000061035156,326.3233337402344,68341200,-0.0069946453878937,334.78401142638074,334.61983305633595,TSLA,Tesla,0.6263883113861084,0.00010112166637554765,0.37351059913635254
2022-04-26,292.1400146484375,292.1400146484375,333.3333435058594,291.6666564941406,331.8099975585937,136133700,-0.1218412188194887,324.1230122318949,330.75803138289064,TSLA,Tesla,0.44455575942993164,0.16386453807353973,0.3915797173976898
2022-04-27,293.836669921875,293.836669921875,306.0,292.4533386230469,299.52667236328125,76956300,0.0058076784704732,316.55142665439,327.4015439773437,TSLA,Tesla,0.1999586671590805,0.20000982284545898,0.6000315546989441
2022-04-28,292.5033264160156,292.5033264160156,300.0,273.8999938964844,299.99334716796875,124948500,-0.004537702888526,310.53940159479635,324.22897874449575,TSLA,Tesla,0.35861992835998535,0.20596818625926971,0.43541184067726135
2022-04-29,290.2533264160156,290.2533264160156,311.4666748046875,290.0,300.75,88133100,-0.0076922202135913,305.4678828001012,321.1402830782703,TSLA,Tesla,0.7976553440093994,0.20000171661376953,0.002342948690056801
2022-05-02,300.9800109863281,300.9800109863281,302.1199951171875,282.6766662597656,286.92333984375,75781500,0.0369562847143329,304.34591484665793,319.307531069912,TSLA,Tesla,0.6909653544425964,0.0017655858537182212,0.30726903676986694
2022-05-03,303.0833435058594,303.0833435058594,308.02667236328125,296.1966552734375,301.0599975585937,63709500,0.0069882797619633,304.0302720114583,317.8326049277253,TSLA,Tesla,0.49752509593963623,0.3369389772415161,0.16553594172000885
2022-05-04,317.5400085449219,317.5400085449219,318.5,295.09332275390625,301.3133239746094,81643800,0.0476986457646855,307.4077061448242,317.8060052565613,TSLA,Tesla,0.17596308887004852,0.0006540174363180995,0.8233828544616699
2022-05-05,291.09332275390625,291.09332275390625,315.20001220703125,285.8999938964844,313.00665283203125,92519100,-0.0832861531754801,303.3291102970947,315.37757957450174,TSLA,Tesla,0.6498385667800903,9.820704144658521e-05,0.3500632345676422
2022-05-06,288.54998779296875,288.54998779296875,296.0,281.03668212890625,295.6666564941406,72903000,-0.0087371806981902,299.6343296710632,312.9387075943624,TSLA,Tesla,0.19859075546264648,0.20007042586803436,0.6013387441635132
2022-05-09,262.3699951171875,262.3699951171875,281.8766784667969,260.3833312988281,278.8166809082031,90810300,-0.0907294880724968,290.3182460325943,308.3415519146192,TSLA,Tesla,0.6137484312057495,0.00738177914172411,0.37886983156204224
2022-05-10,266.67999267578125,266.67999267578125,275.1199951171875,258.0833435058594,273.10333251953125,84401700,0.0164271739863726,284.40868269339103,304.5541374383612,TSLA,Tesla,0.621062695980072,0.026019519194960594,0.35291776061058044
2022-05-11,244.6666717529297,244.6666717529297,269.92333984375,242.3999938964844,265.0,97224600,-0.0825458284364604,274.4731799582757,299.10982237604924,TSLA,Tesla,0.9211708903312683,0.008669091388583183,0.07015997171401978
2022-05-12,242.6666717529297,242.6666717529297,253.22000122070312,226.6666717529297,233.6666717529297,140313000,-0.0081743867510473,266.5215529069392,293.9786268648565,TSLA,Tesla,0.21643662452697754,0.17944078147411346,0.604122519493103
2022-05-13,256.5299987792969,256.5299987792969,262.45001220703125,250.52333068847656,257.82666015625,92150700,0.057129093691457,264.0236643750286,290.57420612980565,TSLA,Tesla,0.35312601923942566,0.4515363276004791,0.1953376829624176
2022-05-16,241.4566650390625,241.4566650390625,256.586669921875,239.69667053222656,255.72000122070312,86098500,-0.0587585616183726,258.3819145410371,286.1089751215563,TSLA,Tesla,0.5113453269004822,0.15268053114414215,0.3359741270542145
2022-05-17,253.8699951171875,253.8699951171875,254.82666015625,242.9499969482422,249.1199951171875,80236200,0.0514101777895292,257.2539346850747,283.17815875752274,TSLA,Tesla,0.29423120617866516,0.37004396319389343,0.335724800825119
2022-05-18,236.60333251953125,236.60333251953125,253.5,233.60333251953125,248.17333984375,87811800,-0.068013798124059,252.0912841436888,278.94408364497804,TSLA,Tesla,0.3500782549381256,0.1437986195087433,0.5061231851577759
2022-05-19,236.47332763671875,236.47332763671875,244.6666717529297,231.3699951171875,235.6666717529297,90296700,-0.0005494634476534,248.1867950169463,275.08310582604537,TSLA,Tesla,0.5125181078910828,0.011319446377456188,0.4761623442173004
2022-05-20,221.3000030517578,221.3000030517578,240.52667236328125,211.0,237.9966735839844,144973200,-0.0641650571614186,241.4650970256492,270.19373284656467,TSLA,Tesla,0.5958553552627563,0.20024514198303223,0.2038995325565338
2022-05-23,224.96665954589844,224.96665954589844,226.65333557128903,212.6866607666016,218.33999633789065,88903500,0.0165687141598596,237.3404876557115,266.08218072832227,TSLA,Tesla,0.4053221046924591,0.563052773475647,0.031625162810087204
2022-05-24,209.3866729736328,209.3866729736328,217.97332763671875,206.85667419433597,217.8433380126953,89092500,-0.0692546469050758,230.35203398519184,260.9280436597141,TSLA,Tesla,0.37649211287498474,0.0003261135134380311,0.6231817603111267
2022-05-25,219.6000061035156,219.6000061035156,223.10667419433597,207.6699981689453,207.9499969482422,92139300,0.0487773791179582,227.6640270147728,257.17094933642335,TSLA,Tesla,0.2591325044631958,0.3987148702144623,0.34215259552001953
2022-05-26,235.91000366210935,235.91000366210935,239.55667114257807,217.8866729736328,220.47332763671875,106003200,0.0742713893682931,229.72552117660692,255.23813609330384,TSLA,Tesla,0.39882412552833557,0.4559423625469208,0.14523354172706604
2022-05-27,253.2100067138672,253.2100067138672,253.26666259765625,240.1766662597656,241.0833282470703,89295000,0.0733330625374257,235.596642560922,255.05376069517325,TSLA,Tesla,0.5607380270957947,0.15016129612922668,0.28910067677497864
2022-05-31,252.7533264160156,252.7533264160156,259.6000061035156,244.7433319091797,257.9466552734375,101914500,-0.0018035633890551,239.88581352469544,254.8446303061589,TSLA,Tesla,0.4285351634025574,0.28573867678642273,0.2857261598110199
2022-06-01,246.7899932861328,246.7899932861328,257.32666015625,243.63999938964844,251.72000122070312,77247900,-0.0235934902002735,241.6118584650548,254.11239057706564,TSLA,Tesla,0.10643193125724792,0.33683398365974426,0.556734025478363
2022-06-02,258.3333435058594,258.3333435058594,264.2099914550781,242.0666656494141,244.1566619873047,93473100,0.0467739800387407,245.79222972525596,254.49611357059237,TSLA,Tesla,0.977593719959259,0.003091205609962344,0.01931510679423809
2022-06-03,234.51666259765625,234.51666259765625,247.79666137695312,233.4166717529297,243.22666931152344,112393800,-0.0921935998852696,242.973337943356,252.67979984578,TSLA,Tesla,0.1968628168106079,2.5060904590645805e-05,0.8031121492385864
2022-06-06,238.27999877929688,238.27999877929688,244.86666870117188,234.3500061035156,244.35333251953125,84204600,0.0160472016783606,241.8000031523412,251.37072702155425,TSLA,Tesla,0.6002516746520996,0.20003338158130646,0.19971498847007751
2022-06-07,238.8866729736328,238.8866729736328,239.9966735839844,230.0933380126953,234.0,72808500,0.0025460558898939,241.0716706076641,250.2358130171977,TSLA,Tesla,0.9474082589149475,0.013254251331090927,0.039337482303380966
2022-06-08,241.86666870117188,241.86666870117188,249.9633331298828,239.1766662597656,240.086669921875,76210500,0.0124745164326014,241.27042013104105,249.4749817157408,TSLA,Tesla,0.6768116354942322,0.24977995455265045,0.07340836524963379
2022-06-09,239.7066650390625,239.7066650390625,255.54666137695312,239.32666015625,249.33999633789065,96491400,-0.0089305553084624,240.8794813580464,248.58695292695185,TSLA,Tesla,0.33208587765693665,0.5144891738891602,0.1534249186515808
2022-06-10,232.22999572753903,232.22999572753903,239.5,227.913330078125,235.1566619873047,97536600,-0.0311909112343832,238.7171099504196,247.09995681791432,TSLA,Tesla,0.433946430683136,0.2818886339664459,0.2841649353504181
2022-06-13,215.73666381835935,215.73666381835935,226.63333129882807,214.68333435058597,223.1666717529297,102767400,-0.0710215399070596,232.9719984174045,244.2487483634093,TSLA,Tesla,0.5997502207756042,0.4000113606452942,0.0002384546387474984
2022-06-14,220.88999938964844,220.88999938964844,226.3300018310547,211.73666381835935,218.2866668701172,97988700,0.0238871570556404,229.9514986604655,242.12522572943104,TSLA,Tesla,0.3731044828891754,0.46974727511405945,0.15714819729328156
2022-06-15,233.0,233.0,235.663330078125,218.1499938964844,220.9166717529297,119131800,0.0548236708036273,230.7136239953491,241.2956597540282,TSLA,Tesla,0.617527186870575,0.23112896084785461,0.15134374797344208
2022-06-16,213.1000061035156,213.1000061035156,225.1666717529297,208.69332885742188,222.73666381835935,107390700,-0.0854076991265423,226.31021952239075,238.73241851307253,TSLA,Tesla,0.09843165427446365,0.0017857616767287254,0.8997825384140015
2022-06-17,216.75999450683597,216.75999450683597,220.97000122070312,213.19667053222656,213.43333435058597,92641800,0.0171749802838692,223.92266326850205,236.73492542159647,TSLA,Tesla,0.17530763149261475,0.0015771114267408848,0.8231152296066284
2022-06-21,237.0366668701172,237.0366668701172,243.57666015625,224.3333282470703,224.60333251953125,122793000,0.0935443480214786,227.20116416890585,236.76235646237103,TSLA,Tesla,0.45656245946884155,0.46324053406715393,0.08019696176052094
2022-06-22,236.086669921875,236.086669921875,246.8333282470703,233.82666015625,234.5033264160156,101107500,-0.0040078058841535,229.4225406071481,236.70093041323503,TSLA,Tesla,0.5270740389823914,0.060179222375154495,0.41274672746658325
2022-06-23,235.07000732421875,235.07000732421875,239.3166656494141,228.6366729736328,237.9066619873047,104202600,-0.0043063108899484,230.8344072864158,236.55266467786996,TSLA,Tesla,0.7106894850730896,0.020664896816015244,0.2686455547809601
2022-06-24,245.7066650390625,245.7066650390625,246.0666656494141,236.086669921875,237.47000122070312,95770800,0.0452488934505932,234.55247172457743,237.38484652888744,TSLA,Tesla,0.44231539964675903,0.020583396777510643,0.5371012091636658
2022-06-27,244.9199981689453,244.9199981689453,252.07000732421875,242.5666656494141,249.36666870117188,89178300,-0.0032016505127857,237.14435333566945,238.06986031434724,TSLA,Tesla,0.407979816198349,0.408968448638916,0.18305173516273499
2022-06-28,232.663330078125,232.663330078125,249.97000122070312,232.3433380126953,244.48333740234372,90391200,-0.0500435578248114,236.02409752128327,237.57835756559976,TSLA,Tesla,0.21298715472221375,0.3248300850391388,0.4621827006340027
2022-06-29,228.4900054931641,228.4900054931641,231.17333984375,222.27333068847656,230.5,82897200,-0.0179371823809089,234.1405745142535,236.75214374083288,TSLA,Tesla,0.33428236842155457,0.6655628085136414,0.00015483917377423495
2022-06-30,224.47332763671875,224.47332763671875,229.4566650390625,218.8633270263672,224.50999450683597,94600500,-0.0175792277993773,231.7237627948698,235.635887731368,TSLA,Tesla,0.6751914024353027,0.0696500912308693,0.2551584839820862
2022-07-01,227.26333618164065,227.26333618164065,230.22999572753903,222.1199951171875,227.0,74460300,0.0124291316669797,230.6086561415625,234.8747466813928,TSLA,Tesla,0.20356440544128418,0.0186011865735054,0.777834415435791
2022-07-05,233.0666656494141,233.0666656494141,233.14666748046875,216.1666717529297,223.0,84581100,0.0255357048139746,231.2231585185254,234.7103756784856,TSLA,Tesla,0.205601766705513,0.00020168139599263668,0.7941965460777283
2022-07-06,231.73333740234372,231.73333740234372,234.56333923339844,227.1866607666016,230.77999877929688,71853600,-0.0057208020003853,231.35070323948,234.4397358352,TSLA,Tesla,0.40568727254867554,0.0001575195201439783,0.5941551923751831
2022-07-07,244.5433349609375,244.5433349609375,245.3633270263672,232.2100067138672,233.9199981689453,81930600,0.0552790448805928,234.64886116984437,235.35824484663067,TSLA,Tesla,0.2805146872997284,0.498382031917572,0.2211032658815384
2022-07-08,250.76333618164065,250.76333618164065,254.97999572753903,241.16000366210935,242.3333282470703,101854200,0.0254351696876002,238.6774799227934,236.75870769526796,TSLA,Tesla,0.8290556073188782,0.16628095507621765,0.004663439933210611
2022-07-11,234.3433380126953,234.3433380126953,253.06333923339844,233.6266632080078,252.10333251953125,99241200,-0.0654800594814685,237.59394444526887,236.53912863321585,TSLA,Tesla,0.23248004913330078,0.3289205729961395,0.4385993480682373
2022-07-12,233.07000732421875,233.07000732421875,239.77333068847656,228.3699951171875,236.8466644287109,87930900,-0.0054336116369887,236.46296016500636,236.22375396876157,TSLA,Tesla,0.3605743944644928,0.036536913365125656,0.6028886437416077
2022-07-13,237.0399932861328,237.0399932861328,242.05999755859372,225.0333404541016,225.5,97954500,0.0170334484796728,236.607218445288,236.297957543068,TSLA,Tesla,0.3655538260936737,0.33584532141685486,0.29860085248947144
2022-07-14,238.31333923339844,238.31333923339844,238.65333557128903,229.3333282470703,234.89666748046875,78557400,0.0053718612189148,237.0337486423156,236.4811740603708,TSLA,Tesla,0.4425860345363617,0.002640852937474847,0.5547730922698975
2022-07-15,240.0666656494141,240.0666656494141,243.6233367919922,236.88999938964844,240.0,69683100,0.00735723154086,237.7919778940902,236.80712784119285,TSLA,Tesla,0.9999765157699585,2.9105806333973305e-06,2.060072438325733e-05
2022-07-18,240.54666137695312,240.54666137695312,250.51666259765625,239.60333251953125,244.9366607666016,82537500,0.0019994268102179,238.48064876480592,237.1470854353529,TSLA,Tesla,0.3760361671447754,0.6134360432624817,0.010527750477194786
2022-07-19,245.52999877929688,245.52999877929688,247.13999938964844,236.97666931152344,245.0,80890200,0.0207167182193168,240.24298626842867,237.9091684666205,TSLA,Tesla,0.6358128190040588,0.33460724353790283,0.02957998216152191
2022-07-20,247.5,247.5,250.663330078125,243.48333740234372,246.7833404541016,88864200,0.0080234644666532,242.0572397013215,238.7810622423823,TSLA,Tesla,0.1999610811471939,0.39996716380119324,0.40007176995277405
2022-07-21,271.7066650390625,271.7066650390625,273.26666259765625,254.86666870117188,255.10667419433597,142032300,0.0978047072285352,249.46959603575675,241.77429886026232,TSLA,Tesla,3.7512622839130927e-06,0.7999362945556641,0.2000599354505539
2022-07-22,272.24334716796875,272.24334716796875,280.78668212890625,270.7133178710937,276.2200012207031,103472700,0.0019752262198982,255.16303381880977,244.5442123427811,TSLA,Tesla,0.00024791707983240485,0.9997386932373047,1.3352720998227596e-05
2022-07-25,268.4333190917969,268.4333190917969,274.14666748046875,267.3999938964844,272.2166748046875,64073400,-0.0139949354715402,258.48060513705656,246.7159493199643,TSLA,Tesla,0.249036967754364,0.25039225816726685,0.5005707740783691
2022-07-26,258.8599853515625,258.8599853515625,267.3099975585937,256.2633361816406,266.5133361816406,66820800,-0.0356637312112531,258.57545019068306,247.8199525955641,TSLA,Tesla,0.3667587637901306,0.20016023516654968,0.4330809712409973
2022-07-27,274.82000732421875,274.82000732421875,275.9266662597656,261.7900085449219,263.8099975585937,88110000,0.0616550369922206,262.63658947406697,250.2745030254418,TSLA,Tesla,0.002684049541130662,0.7334551215171814,0.2638608515262604
2022-07-28,280.8999938964844,280.8999938964844,283.29998779296875,272.79998779296875,280.0666809082031,84723000,0.0221235223427265,267.2024405796713,253.05863855917292,TSLA,Tesla,0.3421700894832611,0.6576501727104187,0.0001797408185666427
2022-07-29,297.1499938964844,297.1499938964844,298.32000732421875,279.1000061035156,280.70001220703125,95313000,0.0578497698579101,274.6893289088746,257.0669435898376,TSLA,Tesla,0.5709499716758728,0.42651811242103577,0.002531926380470395
2022-08-01,297.27667236328125,297.27667236328125,311.8766784667969,295.0,301.27667236328125,117042900,0.0004263115241422,280.33616477247625,260.7223734783325,TSLA,Tesla,0.793927788734436,0.20560061931610107,0.0004715861286967993
2022-08-02,300.586669921875,300.586669921875,307.8333435058594,292.6666564941406,294.0033264160156,95577600,0.0111344005982036,285.39879105982595,264.34640042774544,TSLA,Tesla,0.22745370864868164,0.5728276371955872,0.19971863925457
2022-08-03,307.39666748046875,307.39666748046875,309.54998779296875,301.1499938964844,305.0,80091000,0.0226556871612562,290.89826016498665,268.2600610689021,TSLA,Tesla,0.19973112642765045,0.7997172474861145,0.0005516387755051255
2022-08-04,308.6333312988281,308.6333312988281,313.6066589355469,305.0,311.0,72256200,0.0040230228534861,295.33202794844703,271.9303583625317,TSLA,Tesla,0.8104889988899231,0.1893896758556366,0.00012139013415435329
2022-08-05,288.1700134277344,288.1700134277344,304.6066589355469,285.5433349609375,302.6700134277344,113172900,-0.0663030068235908,293.5415243182689,273.4066906411865,TSLA,Tesla,0.5336294174194336,0.0663227066397667,0.40004777908325195
2022-08-08,290.42333984375,290.42333984375,305.20001220703125,289.086669921875,295.0,98994000,0.0078194340528796,292.7619781996392,274.95365875051044,TSLA,Tesla,0.5553112030029297,0.33440709114074707,0.11028164625167847
2022-08-09,283.3333435058594,283.3333435058594,292.39666748046875,279.35333251953125,290.2933349609375,86244600,-0.024412625864385,290.4048195261943,275.715448273724,TSLA,Tesla,0.24735459685325623,0.7519180774688721,0.0007273462833836675
2022-08-10,294.3566589355469,294.3566589355469,297.510009765625,283.3699951171875,297.0666809082031,94918800,0.038905817766766,291.3927793785324,277.41010378843515,TSLA,Tesla,0.9950138330459595,0.00036435271613299847,0.00462184427306056
2022-08-11,286.6300048828125,286.6300048828125,298.2366638183594,285.8333435058594,296.5133361816406,70155000,-0.0262492925442064,290.2020857546024,278.2482766151967,TSLA,Tesla,0.7574774026870728,0.031249364838004112,0.211273193359375
2022-08-12,300.0299987792969,300.0299987792969,300.1600036621094,285.0333251953125,289.4166564941406,79657200,0.0467501436284136,292.65906401077604,280.2284331755694,TSLA,Tesla,0.9999010562896729,5.286884970701067e-06,9.36948781600222e-05
2022-08-15,309.32000732421875,309.32000732421875,313.1333312988281,301.2300109863281,301.78668212890625,89359200,0.0309635989158392,296.8242998391367,282.8731217345376,TSLA,Tesla,0.34024861454963684,0.6594634056091309,0.00028792343800887465
2022-08-16,306.5633239746094,306.5633239746094,314.6666564941406,302.8833312988281,311.6666564941406,88136400,-0.0089120757931442,299.25905587300485,285.026776483635,TSLA,Tesla,0.36913466453552246,0.6290831565856934,0.0017821954097598791
2022-08-17,303.9966735839844,303.9966735839844,309.6566772460937,300.0333251953125,303.39666748046875,68766000,-0.0083723335112244,300.44346030074973,286.7513125836668,TSLA,Tesla,0.8473337292671204,0.15044347941875458,0.0022228574380278587
2022-08-18,302.8699951171875,302.8699951171875,306.5,301.85333251953125,306.0,47500500,-0.0037062197211366,301.05009400485915,288.2166473594413,TSLA,Tesla,0.9873623251914978,0.00020320952171459794,0.012434503994882107
2022-08-19,296.6666564941406,296.6666564941406,300.3599853515625,292.5,299.0,61395300,-0.0204818526861555,299.9542346271795,288.9848300080503,TSLA,Tesla,0.6011077165603638,0.3986746668815613,0.00021763340919278562
2022-08-22,289.913330078125,289.913330078125,292.3999938964844,286.2966613769531,291.913330078125,55843200,-0.0227640224075839,297.44400848991586,289.06923910532987,TSLA,Tesla,0.7793921232223511,0.14559420943260193,0.07501359283924103
2022-08-23,296.4533386230469,296.4533386230469,298.82666015625,287.92333984375,291.4533386230469,63984900,0.0225584954757323,297.1963410231986,289.74052087966777,TSLA,Tesla,0.5681019425392151,0.43140918016433716,0.0004889208939857781
2022-08-24,297.0966796875,297.0966796875,303.64666748046875,296.5,297.5633239746094,57259800,0.0021701258870663,297.171425689274,290.4092625894707,TSLA,Tesla,0.601509153842926,0.3982941210269928,0.00019675804651342332
2022-08-25,296.07000732421875,296.07000732421875,302.9599914550781,291.6000061035156,302.3599853515625,53230000,-0.0034556844067095,296.89607109801017,290.9238757471751,TSLA,Tesla,0.199999138712883,0.7999991178512573,1.6916422964641242e-06
2022-08-26,288.0899963378906,288.0899963378906,302.0,287.4700012207031,297.42999267578125,57163900,-0.0269531218594168,294.69455240798027,290.666250346331,TSLA,Tesla,0.7926889061927795,0.1960878223180771,0.011223280802369118
2022-08-29,284.82000732421875,284.82000732421875,287.739990234375,280.70001220703125,282.8299865722656,41864700,-0.0113505816072718,292.2259161370399,290.13477370795715,TSLA,Tesla,0.3083321750164032,0.12940409779548645,0.5622636675834656
2022-08-30,277.70001220703125,277.70001220703125,288.4800109863281,272.6499938964844,287.8699951171875,50541800,-0.0249982267189629,288.5944401545378,289.00434084423665,TSLA,Tesla,0.15915560722351074,0.010390850715339184,0.8304535150527954
2022-08-31,275.6099853515625,275.6099853515625,281.25,271.8099975585937,280.6199951171875,52107300,-0.0075262036859782,285.348326453794,287.78667216308446,TSLA,Tesla,0.8058078289031982,0.1691148728132248,0.025077292695641518
2022-09-01,277.1600036621094,277.1600036621094,277.5799865722656,266.1499938964844,272.5799865722656,54287000,0.005623955563764,283.3012457558728,286.82061139026854,TSLA,Tesla,0.39785945415496826,0.6014786958694458,0.0006618698826059699
2022-09-02,270.2099914550781,270.2099914550781,282.3500061035156,269.0799865722656,281.07000732421875,50890100,-0.0250758122211028,280.02843218067414,285.31055503252395,TSLA,Tesla,0.6604750752449036,0.23498646914958954,0.10453851521015167
2022-09-06,274.4200134277344,274.4200134277344,275.989990234375,265.739990234375,272.67999267578125,55860000,0.0155805562554711,278.6263274924392,284.3205057957249,TSLA,Tesla,0.654701828956604,0.34389373660087585,0.0014045085990801454
2022-09-07,283.70001220703125,283.70001220703125,283.8399963378906,272.2699890136719,273.1000061035156,50028900,0.033816771099826,279.8947486710872,284.2640972876618,TSLA,Tesla,0.5988231897354126,0.400369793176651,0.0008070804178714752
2022-09-08,289.260009765625,289.260009765625,289.5,279.760009765625,281.29998779296875,53713100,0.0195981576290391,282.23606394472165,284.7182711492948,TSLA,Tesla,0.5852872133255005,0.39984914660453796,0.014863690361380577
2022-09-09,299.67999267578125,299.67999267578125,299.8500061035156,291.25,291.6700134277344,54338100,0.0360228948294618,286.5970461274866,286.07842765170267,TSLA,Tesla,0.7161064147949219,0.2815599739551544,0.002333474811166525
2022-09-12,304.4200134277344,304.4200134277344,305.489990234375,300.3999938964844,300.7200012207031,48674600,0.0158169409630266,291.05278795254856,287.7458445404328,TSLA,Tesla,2.807163070883689e-07,0.9999994039535522,3.268958721491799e-07
2022-09-13,292.1300048828125,292.1300048828125,297.3999938964844,290.3999938964844,292.8999938964844,68229600,-0.0403718809632054,291.32209218511457,288.1444045715582,TSLA,Tesla,0.43587473034858704,0.21820007264614105,0.3459252715110779
2022-09-14,302.6099853515625,302.6099853515625,306.0,291.6400146484375,292.239990234375,72628700,0.0358743720041836,294.1440654767265,289.4594573697404,TSLA,Tesla,0.8340433239936829,0.15005318820476532,0.015903493389487267
2022-09-15,303.75,303.75,309.1199951171875,300.7200012207031,301.8299865722656,64795500,0.0037672737306175,296.5455491075449,290.7585976088549,TSLA,Tesla,0.0033661113120615482,0.39398759603500366,0.6026462316513062
2022-09-16,303.3500061035156,303.3500061035156,303.7099914550781,295.6000061035156,299.6099853515625,87087800,-0.0013168523341049,298.2466633565376,291.90327110836955,TSLA,Tesla,0.49432796239852905,0.5000107288360596,0.005661339033395052
2022-09-19,309.07000732421875,309.07000732421875,309.8399963378906,297.79998779296875,300.0899963378906,60231200,0.018856110452001,300.9524993484579,293.46388349162856,TSLA,Tesla,0.0010164881823584437,0.7996345162391663,0.19934898614883423
2022-09-20,308.7300109863281,308.7300109863281,313.3299865722656,305.5799865722656,306.9100036621094,61642800,-0.0011000625419275,302.89687725792544,294.851713263874,TSLA,Tesla,0.40138283371925354,0.20026752352714539,0.3983495831489563
2022-09-21,300.79998779296875,300.79998779296875,313.79998779296875,300.6300048828125,308.2900085449219,62555700,-0.0256859485996343,302.37265489168624,295.3924654937917,TSLA,Tesla,0.6999136209487915,0.2998024523258209,0.0002839459339156747
2022-09-22,288.5899963378906,288.5899963378906,301.2900085449219,285.82000732421875,299.8599853515625,70545400,-0.0405917285591177,298.92699025323736,294.7740592068916,TSLA,Tesla,0.8334341049194336,0.001906819292344153,0.16465908288955688
2022-09-23,275.3299865722656,275.3299865722656,284.5,272.82000732421875,283.0899963378906,63748400,-0.0459475724518868,293.02773933299443,293.0064162401074,TSLA,Tesla,0.7226961851119995,0.0011289126705378294,0.2761748731136322
2022-09-26,276.010009765625,276.010009765625,284.0899963378906,270.3099975585937,271.8299865722656,58076900,0.0024698479153155,288.7733069411521,291.4612883787908,TSLA,Tesla,0.19999706745147705,0.5999990701675415,0.20000389218330383
2022-09-27,282.94000244140625,282.94000244140625,288.6700134277344,277.510009765625,283.8399963378906,61925200,0.0251077585253733,287.31498081621567,290.68662602084675,TSLA,Tesla,0.5188503861427307,0.2776711881160736,0.20347842574119568
2022-09-28,287.8099975585937,287.8099975585937,289.0,277.57000732421875,283.0799865722656,54664800,0.0172121123742339,287.4387350018102,290.4251143424601,TSLA,Tesla,0.9958893060684204,8.658152364660054e-05,0.004024088848382235
2022-09-29,268.2099914550781,268.2099914550781,283.6499938964844,265.7799987792969,282.760009765625,77620600,-0.068100504741936,282.6315491151272,288.40555771633444,TSLA,Tesla,0.3330966532230377,0.33344340324401855,0.3334599435329437
2022-09-30,265.25,265.25,275.57000732421875,262.4700012207031,266.1499938964844,67726600,-0.0110360968993725,278.2861618363454,286.3005070148495,TSLA,Tesla,0.9087146520614624,0.06757877767086029,0.0237065851688385
2022-10-03,242.3999938964844,242.3999938964844,255.16000366210935,241.00999450683597,254.5,98363500,-0.0861451690990221,269.31461985138014,282.30955127681625,TSLA,Tesla,0.35970115661621094,0.0014217282878234982,0.6388770937919617
2022-10-04,249.44000244140625,249.44000244140625,257.5,242.00999450683597,250.5200042724609,109578500,0.0290429402730441,264.3459654988867,279.32141047359715,TSLA,Tesla,0.10083462297916412,0.20062664151191711,0.6985386610031128
2022-10-05,240.80999755859372,240.80999755859372,246.6699981689453,233.2700042724609,245.00999450683597,86982700,-0.0345975176328813,258.46197351381346,275.8203729358696,TSLA,Tesla,0.39971238374710083,0.0001811104448279366,0.6001065373420715
2022-10-06,238.1300048828125,238.1300048828125,244.5800018310547,235.3500061035156,239.44000244140625,69298400,-0.0111290756320412,253.3789813560632,272.3939758401371,TSLA,Tesla,0.26045292615890503,0.33542943000793457,0.4041176736354828
2022-10-07,223.07000732421875,223.07000732421875,234.57000732421875,222.0200042724609,233.94000244140625,83916800,-0.0632427550068921,245.8017378481021,267.9099787023263,TSLA,Tesla,0.6580971479415894,0.3302329480648041,0.011669893749058247
2022-10-10,222.9600067138672,222.9600067138672,226.9900054931641,218.3600006103516,223.92999267578125,67925000,-0.0004931214719139,240.09130506454335,263.8236176124664,TSLA,Tesla,0.3700192868709564,0.29663345217704773,0.33334729075431824
2022-10-11,216.5,216.5,225.75,215.0,220.9499969482422,77013200,-0.0289738362008463,234.19347879840757,259.5214705567876,TSLA,Tesla,0.537259578704834,0.4597586989402771,0.0029817060567438602
2022-10-12,217.2400054931641,217.2400054931641,219.3000030517578,211.50999450683597,215.3300018310547,66860700,0.0034180392293952,229.95511047209664,255.67770100554912,TSLA,Tesla,0.4059111475944519,0.39168253540992737,0.20240628719329834
2022-10-13,221.72000122070312,221.72000122070312,222.9900054931641,206.22000122070312,208.3000030517578,91483000,0.0206223329693298,227.8963331592483,252.5906373887449,TSLA,Tesla,0.16865096986293793,0.7877905368804932,0.043558571487665176
2022-10-14,204.9900054931641,204.9900054931641,226.25999450683597,204.16000366210935,224.00999450683597,94124500,-0.0754555098116105,222.1697512427272,248.2633072164194,TSLA,Tesla,0.46320009231567383,0.446835458278656,0.08996446430683136
2022-10-17,219.3500061035156,219.3500061035156,221.8600006103516,209.4499969482422,210.0399932861328,79428800,0.0700521987684439,221.46481495792432,245.6348252970645,TSLA,Tesla,0.21818125247955322,0.3832733631134033,0.39854541420936584
2022-10-18,220.19000244140625,220.19000244140625,229.82000732421875,217.25,229.5,75891900,0.0038294794370519,221.1461118287948,243.32165958291372,TSLA,Tesla,0.6311925649642944,0.20178358256816864,0.16702383756637573
2022-10-19,222.0399932861328,222.0399932861328,222.92999267578125,217.77999877929688,219.8000030517578,66571500,0.0084017931069275,221.3695821931293,241.38696264684276,TSLA,Tesla,0.1995047628879547,0.4533231258392334,0.3471721410751343
2022-10-20,207.27999877929688,207.27999877929688,215.5500030517578,202.0,208.27999877929688,117798100,-0.0664744863679374,217.8471863396712,238.2863295679749,TSLA,Tesla,5.0075632316293195e-06,0.48778313398361206,0.5122118592262268
2022-10-21,214.44000244140625,214.44000244140625,214.66000366210935,203.8000030517578,206.4199981689453,75713800,0.0345426654972775,216.99539036510492,236.11848164737776,TSLA,Tesla,0.47500354051589966,0.49463599920272827,0.03036041185259819
2022-10-24,211.25,211.25,213.5,198.58999633789065,205.82000732421875,100446800,-0.0148759671940308,215.5590427738287,233.85771058852524,TSLA,Tesla,0.9988287091255188,5.530751514015719e-05,0.0011160727590322495
2022-10-25,222.4199981689453,222.4199981689453,224.3500061035156,210.0,210.1000061035156,96507900,0.0528757309772558,217.27428162260787,232.8179185503816,TSLA,Tesla,0.25139617919921875,0.015379476360976696,0.7332243323326111
2022-10-26,224.63999938964844,224.63999938964844,230.6000061035156,218.1999969482422,219.3999938964844,85012500,0.0099811223764909,219.115711064368,232.0744713539513,TSLA,Tesla,0.597176194190979,0.2026202380657196,0.2002035677433014
2022-10-27,225.08999633789065,225.08999633789065,233.80999755859372,222.8500061035156,229.7700042724609,61638800,0.0020031915485436,220.60928238274863,231.439519079764,TSLA,Tesla,0.9978119134902954,0.00011571997310966253,0.002072394359856844
2022-10-28,228.5200042724609,228.5200042724609,228.8600006103516,216.3500061035156,225.3999938964844,69152400,0.0152383846033805,222.58696285517672,231.17410864273643,TSLA,Tesla,0.3114052712917328,0.6684461832046509,0.020148534327745438
2022-10-31,227.5399932861328,227.5399932861328,229.8500061035156,221.94000244140625,226.19000244140625,61554300,-0.0042885129004271,223.82522046291572,230.84373451940883,TSLA,Tesla,0.0011341419303789735,0.4000636041164398,0.5988022089004517
2022-11-01,227.82000732421875,227.82000732421875,237.3999938964844,227.27999877929688,234.0500030517578,62688800,0.0012306146011606,224.82391717824152,230.56885022893695,TSLA,Tesla,0.9500705599784851,0.03342987596988678,0.016499564051628113
2022-11-02,214.97999572753903,214.97999572753903,227.8699951171875,214.82000732421875,226.0399932861328,63070300,-0.0563603335259602,222.3629368155659,229.1516816379008,TSLA,Tesla,0.5701074600219727,0.14468370378017426,0.2852088510990143
2022-11-03,215.30999755859372,215.30999755859372,221.1999969482422,210.13999938964844,211.3600006103516,56538800,0.0015350350619269,220.59970200132284,227.89334672160012,TSLA,Tesla,0.37851566076278687,0.017681708559393883,0.6038026213645935
2022-11-04,207.47000122070312,207.47000122070312,223.8000030517578,203.0800018310547,222.6000061035156,98622200,-0.0364125977743187,217.3172768061679,226.0366789487913,TSLA,Tesla,0.055151622742414474,0.26164013147354126,0.6832082867622375
2022-11-07,197.0800018310547,197.0800018310547,208.8999938964844,196.66000366210935,208.6499938964844,93916500,-0.0500795263340059,212.2579580623896,223.4042537562698,TSLA,Tesla,0.20213334262371063,0.0008649371447972953,0.7970017194747925
2022-11-08,191.3000030517578,191.3000030517578,195.1999969482422,186.75,194.0200042724609,128803400,-0.0293281851308877,207.01846930973164,220.4856855104051,TSLA,Tesla,0.5613771080970764,0.06302862614393234,0.37559422850608826
2022-11-09,177.58999633789062,177.58999633789062,195.88999938964844,177.1199951171875,190.77999877929688,127062700,-0.0716675718513074,199.66135106677137,216.58607740381285,TSLA,Tesla,0.8956848978996277,0.009003076702356339,0.09531199932098389
2022-11-10,190.72000122070312,190.72000122070312,191.0,180.02999877929688,189.8999938964844,132703000,0.0739343721694254,197.4260136052543,214.23461593262107,TSLA,Tesla,0.7608993649482727,0.006507241632789373,0.2325933426618576
2022-11-11,195.97000122070312,195.97000122070312,196.5200042724609,182.58999633789065,186.0,114403600,0.0275272649244828,197.0620105091165,212.5741964133558,TSLA,Tesla,0.2236030548810959,0.24647121131420135,0.5299257040023804
2022-11-14,190.9499969482422,190.9499969482422,195.72999572753903,186.33999633789065,192.7700042724609,92226600,-0.0256161873816971,195.53400711889796,210.60836009834543,TSLA,Tesla,0.3333260118961334,0.6666664481163025,7.516076493629953e-06
2022-11-15,194.4199981689453,194.4199981689453,200.82000732421875,192.05999755859372,195.8800048828125,91293800,0.018172303095892,195.25550488140976,209.13669083203635,TSLA,Tesla,0.8068568110466003,0.15048663318157196,0.0426565483212471
2022-11-16,186.9199981689453,186.9199981689453,192.57000732421875,185.66000366210935,191.50999450683597,66567600,-0.0385762785239958,193.1716282032937,207.11699149902807,TSLA,Tesla,0.8557929992675781,0.022826040163636208,0.12138098478317261
2022-11-17,183.1699981689453,183.1699981689453,186.16000366210935,180.8999938964844,183.9600067138672,64336000,-0.0200620588312364,190.67122069470656,204.93999210538416,TSLA,Tesla,0.20391789078712463,0.7959422469139099,0.00013986547128297389
2022-11-18,180.19000244140625,180.19000244140625,185.19000244140625,176.5500030517578,185.0500030517578,76048900,-0.0162690165274254,188.05091613138148,202.68999304502253,TSLA,Tesla,0.3615880608558655,0.23547296226024628,0.40293893218040466
2022-11-21,167.8699951171875,167.8699951171875,176.77000427246094,167.5399932861328,175.85000610351562,92882700,-0.0683723134319005,183.005685877833,199.52453868794663,TSLA,Tesla,0.5042794346809387,0.002492178464308381,0.49322837591171265
2022-11-22,169.91000366210938,169.91000366210938,170.9199981689453,166.19000244140625,168.6300048828125,78452300,0.0121523119333968,179.7317653239021,196.8323082310523,TSLA,Tesla,0.007564100436866283,9.997824963647872e-05,0.9923359751701355
2022-11-23,183.1999969482422,183.1999969482422,183.6199951171875,172.5,173.57000732421875,109536700,0.0782178388540435,180.59882322998712,195.5930072053423,TSLA,Tesla,0.2664456069469452,0.12007200717926025,0.6134823560714722
2022-11-25,182.8600006103516,182.8600006103516,185.1999969482422,180.6300048828125,185.05999755859372,50672700,-0.0018558752377418,181.16411757507825,194.43546115125224,TSLA,Tesla,0.32194575667381287,0.05747957155108452,0.6205745935440063
2022-11-28,182.9199981689453,182.9199981689453,188.5,179.0,179.9600067138672,92905200,0.0003281065208,181.603087723545,193.38860088013345,TSLA,Tesla,0.999997615814209,8.895832479538512e-07,1.5630399730071076e-06
2022-11-29,180.8300018310547,180.8300018310547,186.3800048828125,178.75,184.9900054931641,83357100,-0.0114257399891306,181.4098162504224,192.2469100574899,TSLA,Tesla,0.1544847935438156,0.10679648816585541,0.7387186884880066
2022-11-30,194.6999969482422,194.6999969482422,194.75999450683597,180.6300048828125,182.42999267578125,109186400,0.0767018469100382,184.73236142487733,192.4699179566492,TSLA,Tesla,0.5881530046463013,0.12599118053913116,0.28585585951805115
2022-12-01,194.6999969482422,194.6999969482422,198.9199981689453,191.8000030517578,197.0800018310547,80046200,0.0,187.22427030571856,192.6726524104304,TSLA,Tesla,0.315670907497406,0.2775910198688507,0.4067380428314209
2022-12-02,194.8600006103516,194.8600006103516,196.25,191.1100006103516,191.77999877929688,73645900,0.0008217959148295,189.1332028818768,192.8715022467869,TSLA,Tesla,0.6370185613632202,0.36098575592041016,0.0019957146141678095
2022-12-05,182.4499969482422,182.4499969482422,191.2700042724609,180.5500030517578,189.44000244140625,93122700,-0.0636867680552091,187.46240139846816,191.9240926741919,TSLA,Tesla,0.56675785779953,0.005307555664330721,0.42793458700180054
2022-12-06,179.82000732421875,179.82000732421875,183.6499938964844,175.3300018310547,181.22000122070312,92150800,-0.0144148515648894,185.5518028799058,190.8237212787398,TSLA,Tesla,0.6912103891372681,0.005518905818462372,0.30327072739601135
2022-12-07,174.0399932861328,174.0399932861328,179.3800048828125,172.22000122070312,175.02999877929688,84213300,-0.0321433311236856,182.67385048146252,189.29792782486643,TSLA,Tesla,5.00918986290344e-07,2.841277364495909e-07,0.9999991655349731
2022-12-08,173.44000244140625,173.44000244140625,175.1999969482422,169.05999755859375,172.1999969482422,97624500,-0.0034474308657329,180.36538847144848,187.85629824455188,TSLA,Tesla,0.00047196829109452665,0.03164931386709213,0.9678786993026733
2022-12-09,179.0500030517578,179.0500030517578,182.5,173.36000061035156,173.83999633789062,104872300,0.0323454827685834,180.03654211652582,187.05572595429783,TSLA,Tesla,0.19986604154109955,0.39995378255844116,0.4001801908016205
2022-12-12,167.82000732421875,167.82000732421875,177.3699951171875,167.52000427246094,176.10000610351562,109794500,-0.0627198857086465,176.98240841844904,185.30702426065432,TSLA,Tesla,0.7913349270820618,0.00042598627624101937,0.20823901891708374
2022-12-13,160.9499969482422,160.9499969482422,175.0500030517578,156.91000366210938,174.8699951171875,175862700,-0.040936777953442,172.97430555089733,183.09274905043503,TSLA,Tesla,0.12089832127094269,0.24472185969352722,0.6343798637390137
2022-12-14,156.8000030517578,156.8000030517578,161.6199951171875,155.30999755859375,159.25,140682300,-0.025784367661833,168.93072992611246,180.70249941419164,TSLA,Tesla,0.40892505645751953,0.004232859238982201,0.5868421196937561
2022-12-15,157.6699981689453,157.6699981689453,160.92999267578125,153.27999877929688,153.44000244140625,122334500,0.0055484381393815,166.11554698682068,178.6086356646238,TSLA,Tesla,0.7970287203788757,0.00046978300088085234,0.202501580119133
2022-12-16,150.22999572753906,150.22999572753906,160.99000549316406,150.0399932861328,159.63999938964844,139032200,-0.0471871790943652,162.1441591720003,176.028759306707,TSLA,Tesla,0.7876200675964355,0.0005382305243983865,0.2118416577577591
2022-12-19,149.8699951171875,149.8699951171875,155.25,145.82000732421875,154.0,139390600,-0.0023963297649589,159.0756181582971,173.6506898349325,TSLA,Tesla,0.059561483561992645,0.46075019240379333,0.4796883463859558
2022-12-20,137.8000030517578,137.8000030517578,148.47000122070312,137.66000366210938,146.0500030517578,159563300,-0.0805364146171608,153.75671438166228,170.3915364910075,TSLA,Tesla,0.04847417026758194,0.01775597408413887,0.9337698221206665
2022-12-21,137.57000732421875,137.57000732421875,141.25999450683594,135.88999938964844,139.33999633789062,145417400,-0.0016690545895901,149.7100376173014,167.40776111220853,TSLA,Tesla,0.784640908241272,0.0003779645194299519,0.21498116850852966
2022-12-22,125.3499984741211,125.3499984741211,136.6300048828125,122.26000213623048,136.0,210090300,-0.0888275655993685,143.62002783150632,163.58432814510968,TSLA,Tesla,0.3725927472114563,0.19917744398117065,0.42822980880737305
2022-12-23,123.1500015258789,123.1500015258789,128.6199951171875,121.0199966430664,126.37000274658205,166989700,-0.0175508334664749,138.50252125509945,159.90848027063416,TSLA,Tesla,0.35139358043670654,0.0001202351413667202,0.6484861969947815
2022-12-27,109.0999984741211,109.0999984741211,119.66999816894533,108.76000213623048,117.5,208643400,-0.1140885333144338,131.15189055985485,155.28952738004207,TSLA,Tesla,0.2903960049152374,0.14768235385417938,0.5619216561317444
2022-12-28,112.70999908447266,112.70999908447266,116.2699966430664,108.23999786376952,110.3499984741211,221070500,0.0330889153147684,126.5414176910093,151.41866117135393,TSLA,Tesla,0.016703054308891296,0.37949007749557495,0.6038069128990173
2022-12-29,121.81999969482422,121.81999969482422,123.56999969482422,117.5,120.38999938964844,221923300,0.0808269069678893,125.36106319196304,148.72787376439666,TSLA,Tesla,0.3891649842262268,0.20118781924247742,0.409647136926651
2022-12-30,123.18000030517578,123.18000030517578,124.4800033569336,119.75,119.9499969482422,157777300,0.0111640175156668,124.81579747026622,146.40533981355838,TSLA,Tesla,0.3995988965034485,3.3347121643600985e-05,0.6003678441047668
2023-01-03,108.0999984741211,108.0999984741211,118.8000030517578,104.63999938964844,118.47000122070312,231402800,,108.0999984741211,108.0999984741211,TSLA,Tesla,0.2315644472837448,0.41671764850616455,0.35171788930892944
2023-01-04,113.63999938964844,113.63999938964844,114.58999633789062,107.5199966430664,109.11000061035156,180389000,0.0512488528559378,109.48499870300292,108.60363492098722,TSLA,Tesla,0.27988606691360474,0.07258276641368866,0.6475311517715454
2023-01-05,110.33999633789062,110.33999633789062,111.75,107.16000366210938,110.51000213623048,157986300,-0.0290390977603121,109.69874811172484,108.76148595888752,TSLA,Tesla,0.5368033647537231,0.1994749754667282,0.26372161507606506
2023-01-06,113.05999755859376,113.05999755859376,114.38999938964844,101.80999755859376,103.0,220911100,0.0246510903659427,110.53906047344208,109.152259740679,TSLA,Tesla,0.6386028528213501,0.21785776317119598,0.14353936910629272
2023-01-09,119.7699966430664,119.7699966430664,123.5199966430664,117.11000061035156,118.95999908447266,190284000,0.0593490114042782,112.84679451584816,110.11750854998694,TSLA,Tesla,0.34284019470214844,0.05117380619049072,0.6059859991073608
2023-01-10,118.8499984741211,118.8499984741211,122.76000213623048,114.91999816894533,121.06999969482422,167642500,-0.0076813742567518,114.3475955054164,110.91137127036276,TSLA,Tesla,0.33414462208747864,0.33206310868263245,0.33379217982292175
2023-01-11,123.22000122070312,123.22000122070312,125.9499969482422,120.51000213623048,122.08999633789062,183810800,0.036769060182475,116.56569693423808,112.0303376294846,TSLA,Tesla,0.2863542139530182,0.4315624535083771,0.2820833623409271
2023-01-12,123.55999755859376,123.55999755859376,124.12999725341795,117.0,122.55999755859376,169400900,0.0027592625752506,118.314272090327,113.07848853213088,TSLA,Tesla,0.396973192691803,0.588384211063385,0.01464263629168272
2023-01-13,122.4000015258789,122.4000015258789,122.62999725341795,115.5999984741211,116.5500030517578,180714100,-0.0093881195826728,119.33570444921496,113.9258988042898,TSLA,Tesla,0.0409473180770874,0.0009158934699371457,0.9581368565559387
2023-01-17,131.49000549316406,131.49000549316406,131.6999969482422,125.0199966430664,125.6999969482422,186477000,0.0742647373690046,122.37427971020225,115.52263577600564,TSLA,Tesla,0.2554057836532593,0.25032100081443787,0.49427318572998047
2023-01-18,128.77999877929688,128.77999877929688,136.67999267578125,127.01000213623048,136.55999755859375,195680300,-0.0206099825131429,123.9757094774759,116.72785059448668,TSLA,Tesla,0.21429002285003662,0.38576173782348633,0.39994820952415466
2023-01-19,127.16999816894533,127.16999816894533,129.99000549316406,124.30999755859376,127.26000213623048,170291900,-0.0125019461532281,124.77428165034326,117.67713673761928,TSLA,Tesla,0.22754089534282684,0.5607315897941589,0.21172742545604706
2023-01-20,133.4199981689453,133.4199981689453,133.50999450683594,127.3499984741211,128.67999267578125,138858100,0.0491468120625187,126.93571077999376,119.10830595864893,TSLA,Tesla,0.4915302097797394,0.2671692669391632,0.2413005232810974
2023-01-23,143.75,143.75,145.3800048828125,134.27000427246094,135.8699951171875,203119200,0.0774246887484899,131.13928308499533,121.3484599624081,TSLA,Tesla,0.7108950614929199,0.27789759635925293,0.0112072778865695
2023-01-24,143.88999938964844,143.88999938964844,146.5,141.10000610351562,143.0,158699100,0.0009739087975544,134.3269621611586,123.39769081942995,TSLA,Tesla,0.2096242904663086,0.5871633291244507,0.20321235060691833
2023-01-25,144.42999267578125,144.42999267578125,146.41000366210938,138.07000732421875,141.91000366210938,192734300,0.0037528201294276,136.85271978981427,125.30971826091644,TSLA,Tesla,0.19961807131767273,0.4787514805793762,0.3216305375099182
2023-01-26,160.27000427246094,160.27000427246094,161.4199981689453,154.75999450683594,159.97000122070312,234815100,0.1096725915664733,142.70704091047594,128.48792608014776,TSLA,Tesla,0.0007128388388082385,0.9929080009460449,0.006379167549312115
2023-01-27,177.89999389648438,177.89999389648438,180.67999267578125,161.1699981689453,162.42999267578125,306590600,0.1100018041682475,151.50527915697805,132.97993224526925,TSLA,Tesla,0.49828171730041504,0.3998580873012543,0.1018601804971695
2023-01-30,166.66000366210938,166.66000366210938,179.77000427246094,166.5,178.0500030517578,230878800,-0.0631815099494341,155.29396028326087,136.04175691952744,TSLA,Tesla,0.39837703108787537,0.6000829935073853,0.0015400046249851584
2023-01-31,173.22000122070312,173.22000122070312,174.3000030517578,162.77999877929688,164.57000732421875,196813500,0.0393615589490423,159.77547051762144,139.4215973105434,TSLA,Tesla,0.25305747985839844,0.34545743465423584,0.4014851152896881
2023-02-01,181.41000366210935,181.41000366210935,183.80999755859372,169.92999267578125,173.88999938964844,213806300,0.0472809282051165,165.18410380374343,143.23872516068576,TSLA,Tesla,0.12198777496814728,0.06906519830226898,0.808946967124939
2023-02-02,188.2700042724609,188.2700042724609,196.75,182.6100006103516,187.3300018310547,217448300,0.0378148970391338,170.9555789209228,147.33247780721078,TSLA,Tesla,0.0034112080466002226,0.5875336527824402,0.40905508399009705
2023-02-03,189.97999572753903,189.97999572753903,199.0,183.69000244140625,183.9499969482422,232662000,0.0090826547844735,175.71168312257686,151.209524890877,TSLA,Tesla,0.3898962140083313,0.5646477341651917,0.04545605555176735
2023-02-06,194.75999450683597,194.75999450683597,198.1699981689453,189.9199981689453,193.00999450683597,186188100,0.025160537355481,180.4737609686416,155.1686584923278,TSLA,Tesla,0.010674109682440758,0.9884418249130249,0.0008839809452183545
2023-02-07,196.80999755859372,196.80999755859372,197.5,189.5500030517578,196.42999267578125,186010300,0.010525791279409,184.55782011612965,158.95423477107926,TSLA,Tesla,0.2646580636501312,0.7203501462936401,0.014991720207035542
2023-02-08,201.2899932861328,201.2899932861328,203.0,194.30999755859372,196.1000061035156,180673600,0.0227630495559825,188.74086340863045,162.80294009062956,TSLA,Tesla,0.4480542540550232,0.5234927535057068,0.02845294401049614
2023-02-09,207.32000732421875,207.32000732421875,214.0,204.7700042724609,207.77999877929688,215431400,0.0299568495166786,193.3856493875275,166.84994620277405,TSLA,Tesla,0.00451497221365571,0.9953155517578125,0.00016947640688158572
2023-02-10,196.88999938964844,196.88999938964844,206.1999969482422,192.88999938964844,202.22999572753903,204754100,-0.0503087380189952,194.26173688805773,169.58086012885354,TSLA,Tesla,0.7227016687393188,0.04277900978922844,0.234519362449646
2023-02-13,194.63999938964844,194.63999938964844,196.3000030517578,187.6100006103516,194.4199981689453,172475500,-0.0114277007820352,194.3563025134554,171.8589636980167,TSLA,Tesla,0.5107368230819702,0.1433285027742386,0.3459346890449524
2023-02-14,209.25,209.25,209.82000732421875,189.44000244140625,191.94000244140625,216455700,0.0750616556523096,198.0797268850916,175.25814881637882,TSLA,Tesla,0.42468947172164917,0.47965893149375916,0.0956515371799469
2023-02-15,214.2400054931641,214.2400054931641,214.66000366210935,206.1100006103516,211.75999450683597,181006400,0.0238470991310111,202.1197965371097,178.80195396881385,TSLA,Tesla,0.387800008058548,0.39936673641204834,0.2128332406282425
2023-02-16,202.0399932861328,202.0399932861328,217.6499938964844,201.83999633789065,210.77999877929688,229586500,-0.0569455372209675,202.09984572436548,180.914502997661,TSLA,Tesla,0.34788960218429565,2.3492677428293973e-05,0.6520869135856628
2023-02-17,208.30999755859372,208.30999755859372,208.44000244140625,197.5,199.9900054931641,213738500,0.0310334808989092,203.65238368292256,183.4050025032004,TSLA,Tesla,0.7291039824485779,0.02542928420007229,0.24546673893928528
2023-02-21,197.3699951171875,197.3699951171875,209.7100067138672,197.22000122070312,204.9900054931641,180018600,-0.0525178943383599,202.0817865414888,184.67454728629008,TSLA,Tesla,0.6549113988876343,0.0595426969230175,0.28554588556289673
2023-02-22,200.8600006103516,200.8600006103516,201.9900054931641,191.77999877929688,197.92999267578125,191828500,0.0176825534757292,201.77634005870448,186.145952133932,TSLA,Tesla,0.5989120602607727,0.00042651622788980603,0.4006614685058594
2023-02-23,202.07000732421875,202.07000732421875,205.13999938964844,196.3300018310547,203.91000366210935,146360000,0.0060241297928425,201.84975687508305,187.5935935148672,TSLA,Tesla,0.8171096444129944,0.17632479965686798,0.00656551867723465
2023-02-24,196.8800048828125,196.8800048828125,197.6699981689453,192.8000030517578,196.3300018310547,142228100,-0.0256841800034132,200.60731887701544,188.4378127301349,TSLA,Tesla,0.9998517036437988,0.0001021885109366849,4.6047007344895974e-05
2023-02-27,207.6300048828125,207.6300048828125,209.4199981689453,201.25999450683597,202.02999877929688,161028300,0.0546017865369246,202.3629903784647,190.18255747128745,TSLA,Tesla,0.8120744824409485,0.18424612283706665,0.0036794275511056185
2023-02-28,205.7100067138672,205.7100067138672,211.22999572753903,203.75,210.58999633789065,153144900,-0.0092472095737269,203.19974446231527,191.59414376606745,TSLA,Tesla,0.501197874546051,0.49851733446121216,0.0002848133444786072
2023-03-01,202.7700042724609,202.7700042724609,207.1999969482422,198.5200042724609,206.2100067138672,156852800,-0.0142919758176648,203.0923094148517,192.61013108483047,TSLA,Tesla,0.9612939953804016,3.61505699402187e-05,0.03866984695196152
2023-03-02,190.8999938964844,190.8999938964844,193.75,186.00999450683597,186.7400054931641,181500700,-0.0585392815794731,200.04423053525989,192.4546640677081,TSLA,Tesla,2.6293184873793507e-07,1.575181386215263e-06,0.9999982118606567
2023-03-03,197.7899932861328,197.7899932861328,200.47999572753903,192.8800048828125,194.8000030517578,154193300,0.0360921928231414,199.4806712229781,192.93969399665585,TSLA,Tesla,0.10858581215143204,0.4007888734340668,0.4906252920627594
2023-03-06,193.80999755859372,193.80999755859372,198.6000061035156,192.3000030517578,198.5399932861328,128100100,-0.020122331071529,198.06300280688205,193.0188125022865,TSLA,Tesla,0.705553412437439,0.14341843128204346,0.15102817118167877
2023-03-07,187.7100067138672,187.7100067138672,194.1999969482422,186.1000061035156,191.3800048828125,148125800,-0.0314740773002816,195.47475378362836,192.5361937942484,TSLA,Tesla,0.3008655905723572,0.28574177622795105,0.41339269280433655
2023-03-08,182.0,182.0,186.5,180.0,185.0399932861328,151897800,-0.0304192984371427,192.10606533772125,191.57835799477124,TSLA,Tesla,6.227457924978808e-05,4.535189509624615e-05,0.9998923540115356
2023-03-09,172.9199981689453,172.9199981689453,185.17999267578125,172.50999450683594,180.25,170023800,-0.0498901199508499,187.3095485455273,189.8821434651507,TSLA,Tesla,0.7233591675758362,0.0005575371324084699,0.2760833203792572
2023-03-10,173.44000244140625,173.44000244140625,178.2899932861328,168.44000244140625,175.1300048828125,191488900,0.0030071956856769,183.842162019497,188.387403372083,TSLA,Tesla,0.0038550831377506256,0.9961280226707458,1.6894942746148445e-05
2023-03-13,174.47999572753906,174.47999572753906,177.35000610351562,163.91000366210938,167.4600067138672,167790300,0.0059962711686663,181.50162044650756,187.1230935862154,TSLA,Tesla,0.5103629231452942,0.0030832288321107626,0.486553817987442
2023-03-14,183.25999450683597,183.25999450683597,183.8000030517578,177.13999938964844,177.30999755859375,143717900,0.0503209479269324,181.94121396158965,186.77190276081728,TSLA,Tesla,0.6394664645195007,0.2314377874135971,0.12909580767154694
2023-03-15,180.4499969482422,180.4499969482422,182.33999633789065,176.02999877929688,180.8000030517578,145995600,-0.0153333932272323,181.5684097082528,186.1971840505832,TSLA,Tesla,0.31025251746177673,0.27223894000053406,0.4175085425376892
2023-03-16,184.1300048828125,184.1300048828125,185.80999755859372,178.83999633789062,180.3699951171875,121136800,0.0203935051083754,182.2088085018927,186.0092586716949,TSLA,Tesla,0.5476378798484802,0.049691300839185715,0.4026707708835602
2023-03-17,180.1300048828125,180.1300048828125,186.22000122070312,177.3300018310547,184.5200042724609,133197100,-0.0217237815343879,181.68910759712264,185.4747810545238,TSLA,Tesla,0.15127983689308167,0.08835118263959885,0.7603690028190613
2023-03-20,183.25,183.25,186.44000244140625,176.35000610351562,178.0800018310547,129684400,0.0173207962727657,182.079330697842,185.27252823138525,TSLA,Tesla,0.3992401659488678,0.20006151497364044,0.40069833397865295
2023-03-21,197.5800018310547,197.5800018310547,198.0,188.0399932861328,188.27999877929688,153391400,0.0781991914382247,185.95449848114515,186.3913894677188,TSLA,Tesla,0.3101755380630493,0.6736976504325867,0.016126763075590134
2023-03-22,191.1499938964844,191.1499938964844,200.66000366210935,190.9499969482422,199.3000030517578,150376400,-0.0325438195919668,187.25337233498,186.8239898703339,TSLA,Tesla,0.9996602535247803,0.00020410069555509835,0.0001356417778879404
2023-03-23,192.22000122070312,192.22000122070312,199.30999755859372,188.6499938964844,195.25999450683597,144193900,0.0055977366381618,188.49502955641077,187.31453635673108,TSLA,Tesla,0.0,1.0,0.0
2023-03-24,190.41000366210935,190.41000366210935,192.3600006103516,187.1499938964844,191.6499938964844,116312400,-0.0094162810690836,188.9737730828354,187.59594247540184,TSLA,Tesla,0.43435415625572205,0.05890892818570137,0.5067369341850281
2023-03-27,191.80999755859372,191.80999755859372,197.38999938964844,189.94000244140625,194.4199981689453,120851600,0.0073525228168616,189.682829201775,187.97903839205568,TSLA,Tesla,0.002981692785397172,0.6003448367118835,0.39667344093322754
2023-03-28,189.19000244140625,189.19000244140625,192.3500061035156,185.42999267578125,192.0,98654600,-0.013659325116185,189.5596225116828,188.0891260329057,TSLA,Tesla,0.3382793962955475,0.3339310884475708,0.3277895152568817
2023-03-29,193.8800048828125,193.8800048828125,195.2899932861328,189.44000244140625,193.1300048828125,123660000,0.024789906342217,190.63971810446523,188.61556956471543,TSLA,Tesla,0.24593481421470642,0.5540167093276978,0.20004841685295105
2023-03-30,195.27999877929688,195.27999877929688,197.3300018310547,194.4199981689453,195.5800018310547,110252200,0.007220929756684,191.79978827317316,189.221426766041,TSLA,Tesla,0.1474740207195282,0.32449039816856384,0.5280355215072632
2023-03-31,207.4600067138672,207.4600067138672,207.7899932861328,197.1999969482422,197.52999877929688,170222100,0.0623720197189063,195.71484288334665,190.87947948857064,TSLA,Tesla,0.5893245339393616,0.00018326530698686838,0.4104922413825989
2023-04-03,194.7700042724609,194.7700042724609,202.69000244140625,192.1999969482422,199.91000366210935,169545900,-0.0611684277968261,195.47863323062523,191.2331635598334,TSLA,Tesla,0.2870981991291046,0.28314539790153503,0.42975643277168274
2023-04-04,192.5800018310547,192.5800018310547,198.7400054931641,190.32000732421875,197.32000732421875,126463800,-0.0112440437098449,194.75397538073256,191.3556034026717,TSLA,Tesla,0.6076813340187073,0.2858472466468811,0.10647137463092804
2023-04-05,185.5200042724609,185.5200042724609,190.67999267578125,183.75999450683597,190.5200042724609,133882500,-0.0366600762876059,192.4454826036647,190.82509439083435,TSLA,Tesla,0.017723243683576584,0.831680178642273,0.15059661865234375
2023-04-06,185.05999755859372,185.05999755859372,186.38999938964844,179.74000549316406,183.0800018310547,123857900,-0.002479553165553,190.59911134239692,190.3009946788125,TSLA,Tesla,0.7240908145904541,0.04186555743217468,0.2340436428785324
2023-04-10,184.50999450683597,184.50999450683597,185.1000061035156,176.11000061035156,179.94000244140625,142154600,-0.0029720256079851,189.07683213350668,189.7745401177237,TSLA,Tesla,0.059139758348464966,0.004048696719110012,0.9368115663528442
2023-04-11,186.7899932861328,186.7899932861328,189.19000244140625,185.6499938964844,186.69000244140625,115770900,0.0123570475701921,188.5051224216632,189.50321767848817,TSLA,Tesla,0.6684941053390503,0.29597243666648865,0.03553348779678345
2023-04-12,180.5399932861328,180.5399932861328,191.5800018310547,180.30999755859372,190.7400054931641,150256300,-0.0334600365364646,186.51384013778065,188.68837909736496,TSLA,Tesla,0.8269016146659851,0.17240941524505615,0.000688944011926651
2023-04-13,185.8999938964844,185.8999938964844,186.5,180.94000244140625,182.9600067138672,112933000,0.0296887161276042,186.36037857745657,188.43488953364852,TSLA,Tesla,0.6025235056877136,0.011080433614552021,0.38639599084854126
2023-04-14,185.0,185.0,186.27999877929688,182.00999450683597,183.9499969482422,96438700,-0.0048412798603184,186.02028393309243,188.1226268487714,TSLA,Tesla,0.19702252745628357,0.2776825428009033,0.5252948999404907
2023-04-17,187.0399932861328,187.0399932861328,189.69000244140625,182.69000244140625,186.32000732421875,116662200,0.0110269907358531,186.27521127135253,188.02420561580428,TSLA,Tesla,0.5099408030509949,0.17828480899333954,0.3117744028568268
2023-04-18,184.30999755859372,184.30999755859372,187.69000244140625,183.5800018310547,187.1499938964844,92067000,-0.0145957860646558,185.78390784316284,187.68655033787604,TSLA,Tesla,0.4400813579559326,0.21903368830680847,0.3408849239349365
2023-04-19,180.58999633789065,180.58999633789065,183.5,177.64999389648438,179.10000610351562,125732700,-0.0201833935759263,184.4854299668448,187.04140906515008,TSLA,Tesla,0.1999932825565338,0.2000013291835785,0.6000054478645325
2023-04-20,162.99000549316406,162.99000549316406,169.6999969482422,160.55999755859375,166.1699981689453,210970800,-0.0974582823059385,179.1115738484246,184.85491783133315,TSLA,Tesla,0.19997048377990723,0.1998608261346817,0.6001687049865723
2023-04-21,165.0800018310547,165.0800018310547,166.0,161.32000732421875,164.8000030517578,123539000,0.0128228496684006,175.6036808440821,183.0571981949442,TSLA,Tesla,0.37634676694869995,0.3109305202960968,0.3127226233482361
2023-04-24,162.5500030517578,162.5500030517578,165.64999389648438,158.61000061035156,164.64999389648438,140006600,-0.0153258950280732,172.34026139600104,181.1929077273818,TSLA,Tesla,0.41679245233535767,0.20433732867240906,0.3788702189922333
2023-04-25,160.6699981689453,160.6699981689453,163.47000122070312,158.75,159.82000732421875,121999300,-0.0115657019225886,169.4226955892371,179.32718867661484,TSLA,Tesla,0.44243067502975464,0.5217857956886292,0.03578351065516472
2023-04-26,153.75,153.75,160.6699981689453,153.13999938964844,160.2899932861328,153364100,-0.0430696349524377,165.50452169192783,177.0019897060135,TSLA,Tesla,0.017869316041469574,0.24994966387748718,0.7321810126304626
2023-04-27,160.19000244140625,160.19000244140625,160.47999572753906,152.3699951171875,152.63999938964844,127015200,0.0418861947408537,164.17589187929744,175.4736272274128,TSLA,Tesla,0.39248842000961304,0.0001591308246133849,0.6073523759841919
2023-04-28,164.30999755859375,164.30999755859375,165.0,157.32000732421875,160.89999389648438,122515800,0.0257194272700913,164.20941829912152,174.45875180297472,TSLA,Tesla,0.3206585645675659,0.47922325134277344,0.20011815428733826
2023-05-01,161.8300018310547,161.8300018310547,163.27999877929688,158.8300018310547,163.1699981689453,109015000,-0.0150933951943775,163.6145641821048,173.31068362370925,TSLA,Tesla,0.5012113451957703,0.4985543489456177,0.00023429990687873214
2023-05-02,160.30999755859375,160.30999755859375,165.49000549316406,158.92999267578125,161.8800048828125,128259700,-0.0093925987472197,162.78842252622704,172.1288030723351,TSLA,Tesla,0.5999134182929993,0.40000563859939575,8.099603292066604e-05
2023-05-03,160.61000061035156,160.61000061035156,165.0,159.91000366210938,160.00999450683594,119728000,0.0018713932775662,162.24381704725818,171.08163921215478,TSLA,Tesla,0.269193172454834,0.5892020463943481,0.14160475134849548
2023-05-04,161.1999969482422,161.1999969482422,162.9499969482422,159.64999389648438,162.7100067138672,95108500,0.0036734719858571,161.98286202250418,170.18330809725364,TSLA,Tesla,0.01934235729277134,0.6988525390625,0.2818050980567932
2023-05-05,170.05999755859375,170.05999755859375,170.7899932861328,163.50999450683594,163.97000122070312,107607300,0.0549627839831554,164.00214590652658,170.17209804828454,TSLA,Tesla,0.00502061378210783,0.9948093891143799,0.00016998767387121916
2023-05-08,171.7899932861328,171.7899932861328,173.8000030517578,169.19000244140625,173.72000122070312,112249400,0.0101728551827304,165.94910775142813,170.31917943354347,TSLA,Tesla,0.41128435730934143,0.20006215572357178,0.388653427362442
2023-05-09,169.14999389648438,169.14999389648438,169.82000732421875,166.55999755859375,168.9499969482422,88965000,-0.0153675970244161,166.7493292876922,170.21288983926536,TSLA,Tesla,0.8329441547393799,8.1005557149183e-05,0.16697490215301514
2023-05-10,168.5399932861328,168.5399932861328,174.42999267578125,166.67999267578125,172.5500030517578,119840700,-0.0036062703657255,167.19699528730234,170.06080833443514,TSLA,Tesla,0.5994612574577332,0.39660969376564026,0.003929047379642725
2023-05-11,172.0800018310547,172.0800018310547,173.57000732421875,166.7899932861328,168.6999969482422,103889900,0.0210039675207056,168.41774692324043,170.24437137958236,TSLA,Tesla,0.4846775531768799,0.5151264071464539,0.0001960501540452242
2023-05-12,167.97999572753906,167.97999572753906,177.3800048828125,167.22999572753906,176.07000732421875,157849600,-0.0238261625981439,168.3083091243151,170.03851904757843,TSLA,Tesla,0.5538603067398071,0.3932839334011078,0.05285568907856941
2023-05-15,166.35000610351562,166.35000610351562,169.75999450683594,164.5500030517578,167.66000366210938,105592500,-0.0097034746129369,167.81873336911522,169.7031996890273,TSLA,Tesla,0.007669556885957718,0.004835403524339199,0.9874950647354126
2023-05-16,166.52000427246094,166.52000427246094,169.52000427246094,164.35000610351562,165.64999389648438,98288800,0.001021930644472,167.49405109495166,169.41381828752122,TSLA,Tesla,0.3836135268211365,0.43461114168167114,0.18177536129951477
2023-05-17,173.86000061035156,173.86000061035156,174.5,167.19000244140625,168.41000366210938,125473600,0.044078766211661,169.08553847380165,169.8180166805058,TSLA,Tesla,0.04385019838809967,0.4994250237941742,0.45672476291656494
2023-05-18,176.88999938964844,176.88999938964844,177.05999755859375,172.4499969482422,174.22000122070312,109520300,0.0174278084013561,171.03665370276337,170.46092419951876,TSLA,Tesla,2.007652074098587e-05,0.999978244304657,1.632213070479338e-06
2023-05-19,180.13999938964844,180.13999938964844,181.9499969482422,176.30999755859375,177.1699981689453,136196700,0.0183730002329922,173.3124901244846,171.34084012589418,TSLA,Tesla,0.0827619805932045,0.5838789343833923,0.33335912227630615
2023-05-22,188.8699951171875,188.8699951171875,189.32000732421875,180.11000061035156,180.6999969482422,132001400,0.0484622835412351,177.20186637266033,172.93439967055718,TSLA,Tesla,0.49854087829589844,0.3875351548194885,0.11392398923635483
2023-05-23,185.7700042724609,185.7700042724609,192.9600067138672,185.25999450683597,186.1999969482422,156952100,-0.0164133579968757,179.34390084761048,174.1012728161848,TSLA,Tesla,0.5405692458152771,0.4410382807254791,0.018392512574791908
2023-05-24,182.8999938964844,182.8999938964844,184.22000122070312,178.22000122070312,182.22999572753903,137605100,-0.0154492668890034,180.23292410982896,174.9011565507575,TSLA,Tesla,0.2854558229446411,0.2514290511608124,0.46311506628990173
2023-05-25,184.47000122070312,184.47000122070312,186.77999877929688,180.5800018310547,186.5399932861328,96870700,0.0085839659738169,181.2921933875475,175.77105152075254,TSLA,Tesla,0.29862263798713684,0.33693036437034607,0.3644469976425171
2023-05-26,193.1699981689453,193.1699981689453,198.6000061035156,184.52999877929688,184.6199951171875,162061500,0.0471621233299248,184.26164458289696,177.3527739433155,TSLA,Tesla,0.4526050090789795,0.29989027976989746,0.24750472605228424
2023-05-30,201.16000366210935,201.16000366210935,204.47999572753903,197.52999877929688,200.1000061035156,128818700,0.041362559242642,188.48623435270008,179.51706755411493,TSLA,Tesla,0.2670292258262634,0.4856140911579132,0.24735666811466217
2023-05-31,203.92999267578125,203.92999267578125,203.9499969482422,195.1199951171875,199.77999877929688,150711700,0.0137700783617236,192.3471739334704,181.73642438335733,TSLA,Tesla,0.548649251461029,0.2579943835735321,0.19335637986660004
2023-06-01,207.5200042724609,207.5200042724609,209.8000030517578,199.3699951171875,202.58999633789065,148029900,0.0176041373295554,196.140381518218,184.08038619145765,TSLA,Tesla,0.5016909837722778,0.4975835382938385,0.0007255360833369195
2023-06-02,213.97000122070312,213.97000122070312,217.25,209.75,210.1499938964844,164398400,0.0310813262116829,200.5977864438393,186.79762392138903,TSLA,Tesla,0.5683926343917847,0.1992707997560501,0.23233655095100403
2023-06-05,217.6100006103516,217.6100006103516,221.2899932861328,214.5200042724609,217.8000030517578,151143100,0.0170117276668793,204.85083998546736,189.59874907493108,TSLA,Tesla,0.4668950140476227,0.5003999471664429,0.03270510211586952
2023-06-06,221.30999755859372,221.30999755859372,221.91000366210935,212.52999877929688,216.13999938964844,146911600,0.0170028810158744,208.96562937874896,192.48158984617316,TSLA,Tesla,0.3812556266784668,0.5237038731575012,0.09504053741693497
2023-06-07,224.57000732421875,224.57000732421875,230.8300018310547,223.1999969482422,228.0,185710800,0.014730512862447,212.8667238651164,195.39871870781369,TSLA,Tesla,0.32252228260040283,0.6593453288078308,0.018132409080863
2023-06-08,234.8600006103516,234.8600006103516,235.22999572753903,223.00999450683597,224.22000122070312,164489700,0.0458208707776226,218.3650430514252,198.98610797168072,TSLA,Tesla,0.26901841163635254,0.7307827472686768,0.0001987869036383927
2023-06-09,244.3999938964844,244.3999938964844,252.4199981689453,242.0200042724609,249.07000732421875,200242400,0.0406199151040636,224.87378076269,203.11464305575376,TSLA,Tesla,0.4956039488315582,0.4668327271938324,0.03756331652402878
2023-06-12,249.8300018310547,249.8300018310547,250.97000122070312,244.58999633789065,247.94000244140625,150337900,0.0222177089614421,231.1128360297812,207.3614938535084,TSLA,Tesla,0.5757061839103699,0.42029204964637756,0.004001769237220287
2023-06-13,258.7099914550781,258.7099914550781,259.67999267578125,251.33999633789065,253.50999450683597,162384300,0.035544128242966,238.0121248861054,212.0295390900147,TSLA,Tesla,0.34341490268707275,0.6562652587890625,0.0003197986225131899
2023-06-14,256.7900085449219,256.7900085449219,261.57000732421875,250.5,260.1700134277344,170575500,-0.0074213713175806,242.7065958008095,216.09867267682444,TSLA,Tesla,0.19894489645957947,0.8005779385566711,0.0004771374224219471
2023-06-15,255.8999938964844,255.8999938964844,258.95001220703125,247.2899932861328,248.3999938964844,160171200,-0.0034659239799892,246.00494532472823,219.7169746058844,TSLA,Tesla,0.37714338302612305,0.6211904287338257,0.0016662139678373933
2023-06-16,260.5400085449219,260.5400085449219,263.6000061035156,257.2099914550781,258.9200134277344,167915600,0.0181321405201535,249.63871112977665,223.42815950943327,TSLA,Tesla,0.3364918828010559,0.6605290174484253,0.002979181008413434
2023-06-20,274.45001220703125,274.45001220703125,274.75,261.1199951171875,261.5,165611200,0.0533891272200177,255.8415363990903,228.06650975466945,TSLA,Tesla,0.796944260597229,0.20017269253730774,0.002883103210479021
2023-06-21,259.4599914550781,259.4599914550781,276.989990234375,257.7799987792969,275.1300048828125,211797100,-0.0546184007477668,256.74615016308724,230.9204626365248,TSLA,Tesla,0.3619930148124695,0.22561697661876678,0.41238993406295776
2023-06-22,264.6099853515625,264.6099853515625,265.0,248.25,250.7700042724609,166875900,0.0198488941111987,258.712108960206,233.98314651971,TSLA,Tesla,0.36657577753067017,0.32380133867263794,0.3096228837966919
2023-06-23,256.6000061035156,256.6000061035156,262.45001220703125,252.8000030517578,259.2900085449219,177460800,-0.0302708880672237,258.1840832460334,236.03922466369232,TSLA,Tesla,0.4750193953514099,0.16709987819194794,0.35788077116012573
2023-06-26,241.0500030517578,241.0500030517578,258.3699951171875,240.6999969482422,250.07000732421875,179990600,-0.0606001663362577,253.9005631974645,236.49474997169827,TSLA,Tesla,0.20759844779968262,0.16736765205860138,0.6250339150428772
2023-06-27,250.2100067138672,250.2100067138672,250.38999938964844,240.8500061035156,243.2400054931641,164968200,0.0380004295629174,252.9779240765652,237.7415914937136,TSLA,Tesla,0.20966491103172302,0.3924545645713806,0.39788052439689636
2023-06-28,256.239990234375,256.239990234375,259.8800048828125,248.88999938964844,249.6999969482422,159770800,0.0240996896954786,253.79344061601765,239.423264106501,TSLA,Tesla,0.6664591431617737,0.3333323001861572,0.00020855036564171314
2023-06-29,257.5,257.5,260.739990234375,253.6100006103516,258.0299987792969,131283400,0.0049173033626503,254.72008046201324,241.06660373318272,TSLA,Tesla,0.5892789363861084,0.410696804523468,2.424831109237857e-05
2023-06-30,261.7699890136719,261.7699890136719,264.45001220703125,259.8900146484375,260.6000061035156,112620800,0.0165824816064927,256.4825575999279,242.94872966777265,TSLA,Tesla,0.9285103678703308,0.02540501393377781,0.04608459770679474
2023-07-03,279.82000732421875,279.82000732421875,284.25,275.1099853515625,276.489990234375,119685900,0.0689537344542736,262.31692003100056,246.3006640001768,TSLA,Tesla,0.133890762925148,0.8403366804122925,0.02577252686023712
2023-07-05,282.4800109863281,282.4800109863281,283.8500061035156,277.6000061035156,278.82000732421875,131530900,0.009506123909958,267.35769276983245,249.58969554437235,TSLA,Tesla,0.3995438516139984,0.20033323764801025,0.40012288093566895
2023-07-06,276.5400085449219,276.5400085449219,279.9700012207031,272.8800048828125,278.0899963378906,120332100,-0.021028045208104,269.6532717136048,252.03972399896776,TSLA,Tesla,0.8420158624649048,0.15485356748104095,0.003130583791062236
2023-07-07,274.42999267578125,274.42999267578125,280.7799987792969,273.7699890136719,278.42999267578125,113879200,-0.0076300564256251,270.84745195414894,254.0752029695872,TSLA,Tesla,0.7004921436309814,0.0005291540292091668,0.298978716135025
2023-07-10,269.6099853515625,269.6099853515625,277.5199890136719,265.1000061035156,276.4700012207031,119425400,-0.0175637045981094,270.5380853035023,255.4874559134031,TSLA,Tesla,0.9999786615371704,1.3622428923554253e-05,7.695724889345001e-06
2023-07-11,269.7900085449219,269.7900085449219,270.8999938964844,266.3699951171875,268.6499938964844,91972400,0.0006677170844566,270.3510661138572,256.78768797081386,TSLA,Tesla,0.8722332715988159,0.0033519864082336426,0.12441471964120865
2023-07-12,271.989990234375,271.989990234375,276.5199890136719,271.4599914550781,276.3299865722656,95672100,0.0081544224017726,270.7607971439867,258.1697154493194,TSLA,Tesla,0.00012012928345939144,0.9993185997009277,0.000561381399165839
2023-07-13,277.8999938964844,277.8999938964844,279.45001220703125,270.6000061035156,274.5899963378906,112681500,0.0217287542714961,272.5455963321112,259.9633771263344,TSLA,Tesla,0.50031578540802,0.4996582269668579,2.5895385988405906e-05
2023-07-14,281.3800048828125,281.3800048828125,285.29998779296875,276.3099975585937,277.010009765625,120062400,0.0125225299127729,274.7541984697865,261.91034328601427,TSLA,Tesla,0.39984601736068726,0.5999883413314819,0.00016567033890169114
2023-07-17,290.3800048828125,290.3800048828125,292.2300109863281,283.57000732421875,286.6300048828125,131569600,0.0319852151674682,278.66065007304303,264.4984943402686,TSLA,Tesla,0.19611307978630066,0.8014771342277527,0.002409763168543577
2023-07-18,293.3399963378906,293.3399963378906,295.260009765625,286.010009765625,290.1499938964844,112120300,0.0101935099018704,282.3304866392549,267.1204490673252,TSLA,Tesla,0.5996621251106262,4.7022047510836273e-05,0.4002908766269684
2023-07-19,291.260009765625,291.260009765625,299.2900085449219,289.5199890136719,296.0400085449219,142355400,-0.0070907022507415,284.5628674208474,269.31495458535244,TSLA,Tesla,0.004915308207273483,0.9886490702629089,0.0064356354996562
2023-07-20,262.8999938964844,262.8999938964844,280.92999267578125,261.20001220703125,279.5599975585937,175158300,-0.0973700986000849,279.14714903975664,268.7317763409099,TSLA,Tesla,7.85661832196638e-05,0.5937347412109375,0.4061867296695709
2023-07-21,260.0199890136719,260.0199890136719,268.0,255.8000030517578,268.0,161796100,-0.0109547544681438,274.36535903323545,267.9397956747973,TSLA,Tesla,0.4080905020236969,0.1881093531847,0.4038001000881195
2023-07-24,269.0599975585937,269.0599975585937,269.8500061035156,254.1199951171875,255.8500061035156,136508500,0.0347665907502463,273.039018664575,268.0416322096879,TSLA,Tesla,0.0004760370939038694,0.40017709136009216,0.5993468165397644
2023-07-25,265.2799987792969,265.2799987792969,272.8999938964844,265.0,272.3800048828125,112757300,-0.014048906614123,271.09926369325547,267.7905746251069,TSLA,Tesla,0.597358226776123,0.013769233599305153,0.38887250423431396
2023-07-26,264.3500061035156,264.3500061035156,268.0400085449219,261.75,263.25,95856200,-0.0035057022016762,269.4119492958205,267.4777956685986,TSLA,Tesla,0.6645503044128418,0.33431875705718994,0.0011308678658679128
2023-07-27,255.7100067138672,255.7100067138672,269.1300048828125,255.3000030517578,268.3099975585937,103697300,-0.0326839386803915,265.9864636503321,266.4079966727139,TSLA,Tesla,0.999482274055481,0.00010996943456120789,0.0004077540652360767
2023-07-28,266.44000244140625,266.44000244140625,267.25,258.2300109863281,259.8599853515625,111446000,0.0419615793117773,266.0998483481007,266.4109062880496,TSLA,Tesla,0.20590674877166748,0.5944892168045044,0.19960400462150574
2023-07-31,267.42999267578125,267.42999267578125,269.0799865722656,263.7799987792969,267.4800109863281,84582200,0.0037156216232685,266.4323844300208,266.5035505051161,TSLA,Tesla,0.0034079882316291332,0.9965677261352539,2.4327378923771903e-05
2023-08-01,261.07000732421875,261.07000732421875,266.4700012207031,260.25,266.260009765625,83166000,-0.0237818701183342,265.0917901535703,266.00959203412543,TSLA,Tesla,0.7765063047409058,5.5660355428699404e-05,0.22343802452087402
2023-08-02,254.1100006103516,254.1100006103516,259.5199890136719,250.4900054931641,255.57000732421875,101752900,-0.0266595415735506,262.3463427677656,264.92781099560057,TSLA,Tesla,0.39891085028648376,0.40056657791137695,0.20052261650562286
2023-08-03,259.32000732421875,259.32000732421875,260.489990234375,252.0,252.0399932861328,97569100,0.0205029581730478,261.58975890687884,264.4180106618386,TSLA,Tesla,0.49451151490211487,0.2186790257692337,0.286809504032135
2023-08-04,253.8600006103516,253.8600006103516,264.7699890136719,253.1100006103516,260.9700012207031,99539900,-0.0210550923941658,259.657319332747,263.45819156624884,TSLA,Tesla,0.37478047609329224,0.11911467462778091,0.5061048269271851
2023-08-07,251.4499969482422,251.4499969482422,253.6499938964844,242.75999450683597,251.4499969482422,111097900,-0.0094934359738243,257.6054887366208,262.3665375100664,TSLA,Tesla,0.25393185019493103,0.002228087279945612,0.7438400983810425
2023-08-08,249.6999969482422,249.6999969482422,250.9199981689453,245.00999450683597,247.4499969482422,96642200,-0.0069596342065584,255.62911578952617,261.21503382262784,TSLA,Tesla,5.218765295467165e-07,7.177130214586214e-07,0.9999988079071045
2023-08-09,242.19000244140625,242.19000244140625,251.1000061035156,241.8999938964844,250.8699951171875,101596300,-0.0300760696780969,252.2693374524962,259.485485515244,TSLA,Tesla,0.5449804663658142,0.0032889137510210276,0.4517306685447693
2023-08-10,245.33999633789065,245.33999633789065,251.8000030517578,243.0,245.3999938964844,109498600,0.0130062920216802,250.5370021738448,258.19953195366645,TSLA,Tesla,0.06766951829195023,0.3382612466812134,0.594069242477417
2023-08-11,242.6499938964844,242.6499938964844,243.7899932861328,238.0200042724609,241.7700042724609,99038600,-0.0109643860828199,248.56525010450468,256.78593758483174,TSLA,Tesla,0.8603078722953796,0.03540276363492012,0.10428925603628159
2023-08-14,239.75999450683597,239.75999450683597,240.66000366210935,233.75,235.6999969482422,98595300,-0.0119101564489687,246.3639362050875,255.2381245777412,TSLA,Tesla,0.19733020663261414,0.00010002908675232902,0.8025697469711304
2023-08-15,232.9600067138672,232.9600067138672,240.5,232.6100006103516,238.72999572753903,88197600,-0.0283616447646142,243.0129538322824,253.21284113557084,TSLA,Tesla,0.39896491169929504,0.0010515741305425763,0.5999835133552551
2023-08-16,225.6000061035156,225.6000061035156,233.97000122070312,225.3800048828125,228.0200042724609,112484500,-0.0315934083028743,238.65971690009076,250.702583405384,TSLA,Tesla,0.7127594351768494,0.22865214943885803,0.05858837813138962
2023-08-17,219.22000122070312,219.22000122070312,226.7400054931641,218.8300018310547,226.05999755859372,120718400,-0.0282801627225358,233.79978798024385,247.8405304795039,TSLA,Tesla,0.43004077672958374,0.49006152153015137,0.0798976942896843
2023-08-18,215.4900054931641,215.4900054931641,217.5800018310547,212.3600006103516,214.1199951171875,136276600,-0.0170148513218181,229.2223423584739,244.89957366256397,TSLA,Tesla,0.3394770622253418,4.1628125472925603e-05,0.6604812741279602
2023-08-21,231.27999877929688,231.27999877929688,232.1300048828125,220.5800018310547,221.5500030517578,135702700,0.073274828918382,229.73675646367963,243.66143049135783,TSLA,Tesla,0.14758816361427307,0.6000248193740845,0.2523871064186096
2023-08-22,233.19000244140625,233.19000244140625,240.82000732421875,229.5500030517578,240.25,130442800,0.0082584039786857,230.60006795811128,242.7094824868168,TSLA,Tesla,0.21430310606956482,0.5734976530075073,0.21219925582408905
2023-08-23,236.8600006103516,236.8600006103516,238.97999572753903,229.2899932861328,229.33999633789065,101077600,0.0157382311871088,232.16505112117136,242.1777114071381,TSLA,Tesla,0.20072725415229797,0.19933228194713593,0.5999404191970825
2023-08-24,230.0399932861328,230.0399932861328,238.9199981689453,228.17999267578125,238.66000366210935,99777400,-0.0287934109036758,231.6337866624117,241.0742824870467,TSLA,Tesla,0.999632716178894,0.00010784312325995415,0.0002594130055513233
2023-08-25,238.58999633789065,238.58999633789065,239.0,230.3500061035156,231.30999755859372,106612200,0.0371674634902419,233.37283908128143,240.84843829166888,TSLA,Tesla,0.6119608879089355,0.004729352425783873,0.3833097517490387
2023-08-28,238.82000732421875,238.82000732421875,244.3800048828125,235.3500061035156,242.5800018310547,107673700,0.0009640428763089,234.7346311420158,240.66403547644612,TSLA,Tesla,4.142313159150035e-09,1.0,5.0061417233848715e-09
2023-08-29,257.17999267578125,257.17999267578125,257.4800109863281,237.7700042724609,238.5800018310547,134047600,0.0768779197240256,240.34597152545717,242.1654861309312,TSLA,Tesla,0.018310103565454483,0.816802978515625,0.16488692164421082
2023-08-30,256.8999938964844,256.8999938964844,260.510009765625,250.58999633789065,254.1999969482422,121988400,-0.0010887269121663,244.484477118214,243.5049868368905,TSLA,Tesla,0.9991405010223389,0.0005242211627773941,0.00033534778049215674
2023-08-31,258.0799865722656,258.0799865722656,261.17999267578125,255.0500030517578,255.97999572753903,108861700,0.0045931985356788,247.88335448172688,244.8299868128337,TSLA,Tesla,0.5062134265899658,0.49246513843536377,0.0013214590726420283
2023-09-01,245.00999450683597,245.00999450683597,259.0799865722656,242.00999450683597,257.260009765625,132541600,-0.0506431832976321,247.16501448800412,244.8463511486521,TSLA,Tesla,0.9994586110115051,9.691667219158262e-05,0.0004444704973138869
2023-09-05,256.489990234375,256.489990234375,258.0,244.8600006103516,245.0,129469600,0.0468552140113565,249.49625842459687,245.90486379280875,TSLA,Tesla,0.0028408949729055166,0.6666550040245056,0.33050408959388733
2023-09-06,251.9199981689453,251.9199981689453,255.38999938964844,245.05999755859372,255.13999938964844,116959800,-0.0178174285135015,250.102193360684,246.4516941906393,TSLA,Tesla,0.8579118847846985,0.007745012640953064,0.13434317708015442
2023-09-07,251.4900054931641,251.4900054931641,252.80999755859372,243.2700042724609,245.07000732421875,115312900,-0.0017068620153485,250.44914639380403,246.9097224908688,TSLA,Tesla,0.3876308798789978,0.32315751910209656,0.28921157121658325
2023-09-08,248.5,248.5,256.5199890136719,246.6699981689453,251.22000122070312,118367700,-0.0118891623040874,249.961859795353,247.0542931735171,TSLA,Tesla,0.36321306228637695,0.39628708362579346,0.24049988389015198
2023-09-11,273.5799865722656,273.5799865722656,274.8500061035156,260.6099853515625,264.2699890136719,174667900,0.1009254992847712,255.8663914895812,249.46571984613055,TSLA,Tesla,0.06880837678909302,0.9304322004318237,0.0007594542112201452
2023-09-12,267.4800109863281,267.4800109863281,278.3900146484375,266.6000061035156,270.760009765625,135999900,-0.0222968633867017,258.7697963637679,251.1033826770576,TSLA,Tesla,0.30344322323799133,0.535171389579773,0.16138534247875214
2023-09-13,271.29998779296875,271.29998779296875,274.9800109863281,268.1000061035156,270.07000732421875,111673700,0.0142813543058957,261.9023442210681,252.939437687595,TSLA,Tesla,0.9888409972190857,0.007731202989816666,0.0034277797676622868
2023-09-14,276.0400085449219,276.0400085449219,276.7099914550781,270.4200134277344,271.32000732421875,107709800,0.0174715111140006,265.4367603020316,255.0394895837156,TSLA,Tesla,0.85710209608078,0.1367279291152954,0.0061699748039245605
2023-09-15,274.3900146484375,274.3900146484375,278.9800109863281,271.0,277.54998779296875,133692300,-0.0059773722844812,267.67507388863305,256.79862822596306,TSLA,Tesla,0.6888801455497742,0.30657920241355896,0.004540729336440563
2023-09-18,265.2799987792969,265.2799987792969,271.44000244140625,263.760009765625,271.1600036621094,101543300,-0.0332009744626197,267.076305111299,257.5696619126297,TSLA,Tesla,0.00926761981099844,0.3239951431751251,0.6667372584342957
2023-09-19,266.5,266.5,267.8500061035156,261.20001220703125,264.3500061035156,103704000,0.0045989189773711,266.93222883347426,258.3815108296634,TSLA,Tesla,0.860603928565979,0.1391793042421341,0.0002167744532926008
2023-09-20,262.5899963378906,262.5899963378906,273.92999267578125,262.4599914550781,267.0400085449219,122514600,-0.0146716835351196,265.84667070957835,258.7641004213204,TSLA,Tesla,0.749932587146759,0.2500078082084656,5.960103226243518e-05
2023-09-21,255.6999969482422,255.6999969482422,260.8599853515625,254.2100067138672,257.8500061035156,119951500,-0.0262386209898972,263.3100022692443,258.48554556013147,TSLA,Tesla,0.2798249423503876,0.20224158465862274,0.5179334878921509
2023-09-22,244.8800048828125,244.8800048828125,257.7900085449219,244.47999572753903,257.3999938964844,127524100,-0.0423151826146475,258.7025029226364,257.24867822582974,TSLA,Tesla,0.002376729855313897,0.747194766998291,0.2504284977912903
2023-09-25,246.9900054931641,246.9900054931641,247.1000061035156,238.30999755859372,243.3800048828125,104636600,0.008616467528091,255.7743785652683,256.3160716137692,TSLA,Tesla,0.5573824644088745,0.04558299481868744,0.39703449606895447
2023-09-26,244.1199951171875,244.1199951171875,249.5500030517578,241.66000366210935,242.97999572753903,101993600,-0.011619945391094,252.8607827032481,255.20733738680724,TSLA,Tesla,0.8020981550216675,0.1969090700149536,0.0009927309583872557
2023-09-27,240.5,240.5,245.3300018310547,234.5800018310547,244.25999450683597,136597200,-0.014828753029631,249.77058702743608,253.8703067152793,TSLA,Tesla,0.4178539514541626,0.00011561924475245178,0.5820304155349731
2023-09-28,246.3800048828125,246.3800048828125,247.5500030517578,238.6499938964844,240.0200042724609,117058900,0.024449084751819,248.9229414912802,253.18937018505505,TSLA,Tesla,0.01881486549973488,0.20757213234901428,0.7736129760742188
2023-09-29,250.22000122070312,250.22000122070312,254.7700042724609,246.3500061035156,250.0,128522700,0.0155856654833539,249.24720642363596,252.91942755193216,TSLA,Tesla,0.25746506452560425,0.009315445087850094,0.7332195043563843
2023-10-02,251.6000061035156,251.6000061035156,254.27999877929688,242.6199951171875,244.80999755859372,123810400,0.0055151661581014,249.83540634360585,252.79948014753063,TSLA,Tesla,1.1618607231866918e-07,1.8237335552839795e-06,0.9999980926513672
2023-10-03,246.52999877929688,246.52999877929688,250.0200042724609,244.4499969482422,248.6100006103516,101985300,-0.0201510620080541,249.0090544525286,252.22952729587303,TSLA,Tesla,0.5345790982246399,0.11399395763874054,0.35142701864242554
2023-10-04,261.1600036621094,261.1600036621094,261.8599853515625,247.6000061035156,248.13999938964844,129721600,0.0593437105230745,252.0467917549238,253.04138878371268,TSLA,Tesla,0.47874754667282104,0.4475020468235016,0.07375036180019379
2023-10-05,260.04998779296875,260.04998779296875,263.6000061035156,256.25,260.0,119159200,-0.004250328739376,254.04759076443503,253.6785341481905,TSLA,Tesla,0.35389816761016846,0.41567865014076233,0.2304231822490692
2023-10-06,260.5299987792969,260.5299987792969,261.6499938964844,250.6499938964844,253.97999572753903,118121800,0.0018458412184594,255.6681927681505,254.3013945692001,TSLA,Tesla,0.2507181763648987,0.2500150501728058,0.4992668032646179
2023-10-09,259.6700134277344,259.6700134277344,261.3599853515625,252.0500030517578,255.30999755859372,101377900,-0.0033009072106549,256.6686479330465,254.78945082906688,TSLA,Tesla,0.6665456295013428,0.16669607162475586,0.16675825417041779
2023-10-10,263.6199951171875,263.6199951171875,268.94000244140625,257.6499938964844,257.75,122656000,0.0152115434405073,258.40648472908174,255.5922275825324,TSLA,Tesla,0.6406455039978027,0.3588365316390991,0.0005179533618502319
2023-10-11,262.989990234375,262.989990234375,268.6000061035156,260.8999938964844,266.20001220703125,103706300,-0.0023898220714724,259.55236110540505,256.2647514599726,TSLA,Tesla,0.7217944860458374,0.0052353148348629475,0.27297013998031616
2023-10-12,258.8699951171875,258.8699951171875,265.4100036621094,256.6300048828125,262.9200134277344,111508100,-0.0156659769199419,259.3817696083507,256.5015917924467,TSLA,Tesla,0.5648399591445923,0.4079520106315613,0.02720799669623375
2023-10-13,251.1199951171875,251.1199951171875,259.6000061035156,250.22000122070312,258.8999938964844,102073800,-0.0299378071857716,257.3163259855599,256.0123557310595,TSLA,Tesla,0.5955513715744019,0.004066398832947016,0.4003821909427643
2023-10-16,253.9199981689453,253.9199981689453,255.3999938964844,248.47999572753903,250.0500030517578,88917200,0.01115006015531,256.46724403140627,255.8221414072309,TSLA,Tesla,0.334276407957077,0.33214178681373596,0.3335818350315094
2023-10-17,254.8500061035156,254.8500061035156,257.17999267578125,247.0800018310547,250.1000061035156,93562900,0.0036626021631882,256.06293454943363,255.7337654705295,TSLA,Tesla,0.8435288667678833,0.0072841099463403225,0.14918696880340576
2023-10-18,242.67999267578125,242.67999267578125,254.6300048828125,242.0800018310547,252.6999969482422,125147800,-0.0477536320826734,252.7171990810205,254.54705885282516,TSLA,Tesla,0.23861846327781677,0.0015638750046491623,0.7598176598548889
2023-10-19,220.1100006103516,220.1100006103516,230.6100006103516,216.77999877929688,225.9499969482422,170772700,-0.0930031018073378,244.5653994633533,251.41641719441844,TSLA,Tesla,0.002917566569522023,0.0009257178753614426,0.9961566925048828
2023-10-20,211.9900054931641,211.9900054931641,218.8600006103516,210.4199981689453,217.00999450683597,138010100,-0.0368906233004917,236.421550970806,247.83219794884985,TSLA,Tesla,0.07448199391365051,0.07569609582424164,0.849821925163269
2023-10-23,212.0800018310547,212.0800018310547,216.97999572753903,202.50999450683597,210.0,150683400,0.0004245310418349,230.33616368586812,244.5819983017776,TSLA,Tesla,0.3958025872707367,0.002423057798296213,0.6017743349075317
2023-10-24,216.5200042724609,216.5200042724609,222.0500030517578,214.1100006103516,216.5,118231100,0.0209355073702008,226.8821238325164,242.03090793547605,TSLA,Tesla,0.6412560343742371,0.1564117670059204,0.20233210921287537
2023-10-25,212.4199981689453,212.4199981689453,220.1000061035156,212.1999969482422,215.8800048828125,107065100,-0.0189359228829328,223.2665924166236,239.3390070476096,TSLA,Tesla,0.7480390071868896,0.25024664402008057,0.001714380457997322
2023-10-26,205.75999450683597,205.75999450683597,214.8000030517578,204.8800048828125,211.32000732421875,115112600,-0.0313529974555993,218.8899429391767,236.2863695439029,TSLA,Tesla,0.20069870352745056,1.3936468349129427e-05,0.7992873191833496
2023-10-27,207.3000030517578,207.3000030517578,212.41000366210935,205.7700042724609,210.6000061035156,94881200,0.0074844896288657,215.992457967322,233.65124531734423,TSLA,Tesla,0.5748534202575684,0.33341455459594727,0.09173199534416199
2023-10-30,197.3600006103516,197.3600006103516,210.8800048828125,194.6699981689453,209.27999877929688,136448200,-0.0479498422338395,211.33434362807932,230.35204125307217,TSLA,Tesla,0.0035984881687909365,9.52760674408637e-05,0.9963062405586243
2023-10-31,200.83999633789065,200.83999633789065,202.8000030517578,194.07000732421875,196.1199951171875,118068300,0.0176327306281764,208.71075680553216,227.66912807896475,TSLA,Tesla,0.006943592336028814,0.5542171001434326,0.4388393461704254
2023-11-01,205.66000366210935,205.66000366210935,205.9900054931641,197.8500061035156,204.0399932861328,121661700,0.0239992402514768,207.9480685196765,225.66829858652332,TSLA,Tesla,0.4958953857421875,0.30438342690467834,0.19972123205661774
2023-11-02,218.50999450683597,218.50999450683597,219.1999969482422,211.4499969482422,212.97000122070312,125987600,0.0624817203924519,210.58855001646637,225.01754367018813,TSLA,Tesla,0.9771218299865723,0.0018801182741299272,0.020998092368245125
2023-11-03,219.9600067138672,219.9600067138672,226.3699951171875,218.3999938964844,221.1499938964844,119534800,0.0066359079377757,212.93141419081653,224.55776758324984,TSLA,Tesla,0.7681740522384644,0.00012748788867611438,0.23169837892055511
2023-11-06,219.2700042724609,219.2700042724609,226.32000732421875,215.0,223.97999572753903,117335800,-0.0031369449915676,214.51606171122765,224.0770618277236,TSLA,Tesla,0.3616600036621094,0.6352623701095581,0.0030776639468967915
2023-11-07,222.17999267578125,222.17999267578125,223.1199951171875,215.72000122070312,219.97999572753903,116900100,0.0132712561983827,216.43204445236609,223.90460099572883,TSLA,Tesla,0.5280869007110596,0.2671370506286621,0.2047761231660843
2023-11-08,222.1100006103516,222.1100006103516,224.1499938964844,217.63999938964844,223.1499938964844,106584800,-0.0003150241594067,217.85153349186243,223.74145550614907,TSLA,Tesla,0.23834282159805298,0.6666922569274902,0.09496486932039261
2023-11-09,209.97999572753903,209.97999572753903,220.8000030517578,206.67999267578125,219.75,142110500,-0.0546126011862573,215.8836490507816,222.4904137080936,TSLA,Tesla,0.06603177636861801,0.05667167901992798,0.8772965669631958
2023-11-10,214.6499938964844,214.6499938964844,215.3800048828125,205.69000244140625,210.02999877929688,130994000,0.0222402050860355,215.5752352622073,221.77764827067455,TSLA,Tesla,0.11045321077108383,0.2521825134754181,0.6373642683029175
2023-11-13,223.7100067138672,223.7100067138672,225.3999938964844,211.6100006103516,215.6000061035156,140447600,0.0422083068949539,217.60892812512225,221.9533172200557,TSLA,Tesla,0.9784978628158569,0.018861830234527588,0.0026403942611068487
2023-11-14,237.41000366210935,237.41000366210935,238.13999938964844,230.72000122070312,235.02999877929688,149771600,0.0612399827324887,222.55919700936903,223.35847053296968,TSLA,Tesla,0.046966616064310074,0.952422559261322,0.0006107725785113871
2023-11-15,242.83999633789065,242.83999633789065,246.6999969482422,236.4499969482422,239.2899932861328,150354000,0.0228717939093645,227.62939684149944,225.12951833341705,TSLA,Tesla,0.8515369892120361,0.1484127789735794,5.026746293879114e-05
2023-11-16,233.58999633789065,233.58999633789065,240.8800048828125,230.9600067138672,239.4900054931641,136816800,-0.0380909246396521,229.11954671559724,225.89865269746005,TSLA,Tesla,0.6277526021003723,0.20960505306720734,0.16264235973358154
2023-11-17,234.3000030517578,234.3000030517578,237.38999938964844,226.5399932861328,232.0,142532800,0.0030395424675642,230.41466079963735,226.66241182057803,TSLA,Tesla,0.35617855191230774,0.04014020413160324,0.6036811470985413
2023-11-20,235.6000061035156,235.6000061035156,237.1000061035156,231.0200042724609,234.0399932861328,116320100,0.005548455120893,231.71099712560687,227.47492039175413,TSLA,Tesla,0.9999582171440125,4.0257395994558465e-06,3.7667738070013e-05
2023-11-21,241.1999969482422,241.1999969482422,243.6199951171875,233.33999633789065,235.0399932861328,122288000,0.0237690606946168,234.0832470812657,228.72265462416212,TSLA,Tesla,0.5177542567253113,0.0009936497081071138,0.4812520444393158
2023-11-22,234.2100067138672,234.2100067138672,244.00999450683597,231.3999938964844,242.0399932861328,117950600,-0.0289800593814889,234.1149369894161,229.22150481413533,TSLA,Tesla,0.3190346360206604,3.29591530316975e-05,0.680932343006134
2023-11-24,235.4499969482422,235.4499969482422,238.75,232.3300018310547,233.75,65125200,0.0052943520721977,234.44870197912263,229.7877313717814,TSLA,Tesla,0.4908584654331207,0.3333735764026642,0.1757679581642151
2023-11-27,236.0800018310547,236.0800018310547,238.3300018310547,232.1000061035156,236.88999938964844,112031800,0.0026757481035388,234.85652694210563,230.35975595898805,TSLA,Tesla,0.6666310429573059,0.33335527777671814,1.3650438631884754e-05
2023-11-28,246.72000122070312,246.72000122070312,247.0,234.00999450683597,236.67999267578125,148549900,0.0450694650420355,237.82239551175505,231.84705098278036,TSLA,Tesla,0.4998004734516144,0.5000020861625671,0.00019742942822631449
2023-11-29,244.13999938964844,244.13999938964844,252.75,242.75999450683597,249.2100067138672,135401300,-0.0104572058134303,239.4017964812284,232.96459174704103,TSLA,Tesla,0.9999017715454102,5.076166780781932e-05,4.745681144413538e-05
2023-11-30,240.0800018310547,240.0800018310547,245.22000122070312,236.91000366210935,245.13999938964844,132353200,-0.0166297926138435,239.57134781868496,233.6114472092241,TSLA,Tesla,0.20588085055351257,0.7930018901824951,0.0011172444792464375
2023-12-01,238.8300018310547,238.8300018310547,240.19000244140625,231.8999938964844,233.13999938964844,121331700,-0.0052065977610231,239.3860113217774,234.08586126575412,TSLA,Tesla,0.0003357533714734018,0.4984203279018402,0.5012438893318176
2023-12-04,235.5800018310547,235.5800018310547,239.3699951171875,233.2899932861328,235.75,104099800,-0.0136080055900975,238.4345089490967,234.221692226236,TSLA,Tesla,0.3184838891029358,0.23809762299060822,0.4434185028076172
2023-12-05,238.72000122070312,238.72000122070312,246.66000366210935,233.6999969482422,233.8699951171875,137971100,0.0133288028068709,238.50588201699836,234.6306294075512,TSLA,Tesla,0.1081061139702797,0.33733025193214417,0.5545637011528015
2023-12-06,239.3699951171875,239.3699951171875,246.57000732421875,239.1699981689453,242.9199981689453,126436200,0.0027228296462826,238.7219102920456,235.0614808356999,TSLA,Tesla,0.6499055624008179,0.3487839102745056,0.001310550607740879
2023-12-07,242.63999938964844,242.63999938964844,244.0800018310547,236.97999572753903,241.5500030517578,107142300,0.0136608778842981,239.70143256644636,235.75043706787704,TSLA,Tesla,0.9979529976844788,0.00011480273678898811,0.0019322286825627089
2023-12-08,243.83999633789065,243.83999633789065,245.2700042724609,239.2700042724609,240.2700042724609,103126800,0.0049455858525417,240.7360735093074,236.4858515469692,TSLA,Tesla,0.9938369989395142,0.0006752985646016896,0.005487737711519003
2023-12-11,239.7400054931641,239.7400054931641,243.44000244140625,237.4499969482422,242.7400054931641,97913900,-0.0168142671682343,240.4870565052716,236.781683723896,TSLA,Tesla,0.8740412592887878,0.0010267574107274413,0.1249319389462471
2023-12-12,237.00999450683597,237.00999450683597,238.9900054931641,233.8699951171875,238.5500030517578,95328300,-0.0113873818460639,239.61779100566267,236.8024392496178,TSLA,Tesla,0.49737679958343506,0.5000078082084656,0.0026153852231800556
2023-12-13,239.2899932861328,239.2899932861328,240.3000030517578,228.1999969482422,234.19000244140625,146286300,0.0096198423363582,239.5358415757802,237.02858052566464,TSLA,Tesla,0.2791720926761627,0.006256056483834982,0.7145718336105347
2023-12-14,251.0500030517578,251.0500030517578,253.8800048828125,240.7899932861328,241.22000122070312,160829200,0.0491454306305356,242.41438194477465,238.303255300764,TSLA,Tesla,0.32106494903564453,0.17126315832138062,0.5076719522476196
2023-12-15,253.5,253.5,254.1300048828125,248.3000030517578,251.2100067138672,135932800,0.0097589998743679,245.18578645858096,239.68477754614912,TSLA,Tesla,0.47682908177375793,0.33434224128723145,0.18882866203784943
2023-12-18,252.0800018310547,252.0800018310547,258.739990234375,251.3600006103516,253.77999877929688,116416500,-0.0056015706861748,246.9093403016994,240.81161611750417,TSLA,Tesla,0.40005597472190857,0.0009207548573613167,0.5990232229232788
2023-12-19,257.2200012207031,257.2200012207031,258.3399963378906,253.00999450683597,253.47999572753903,106737400,0.0203903496997484,249.48700553145036,242.30328749052225,TSLA,Tesla,0.6310940980911255,0.14002758264541626,0.22887830436229706
2023-12-20,247.13999938964844,247.13999938964844,259.8399963378906,247.0,256.4100036621094,125097000,-0.0391882504595967,248.90025399599983,242.742988572261,TSLA,Tesla,0.41367632150650024,0.4025774896144867,0.18374621868133545
2023-12-21,254.5,254.5,254.8000030517578,248.5500030517578,251.8999938964844,109594200,0.0297806936494628,250.3001904969999,243.8118077929645,TSLA,Tesla,0.9990217089653015,0.00010726800974225625,0.0008709534886293113
2023-12-22,252.5399932861328,252.5399932861328,258.2200012207031,251.3699951171875,256.760009765625,93370100,-0.0077014016261971,250.86014119428316,244.60527920143437,TSLA,Tesla,0.5643212795257568,0.34155550599098206,0.0941232368350029
2023-12-26,256.6099853515625,256.6099853515625,257.9700012207031,252.91000366210935,254.4900054931641,86892400,0.0161162278198776,252.29760223360296,245.6966161241733,TSLA,Tesla,0.2131536453962326,0.5845741033554077,0.20227226614952087
2023-12-27,261.44000244140625,261.44000244140625,263.3399963378906,257.5199890136719,258.3500061035156,106494400,0.0188224050721428,254.5832022855538,247.12783306210352,TSLA,Tesla,0.9552527666091919,0.04157786816358566,0.0031693335622549057
2023-12-28,253.17999267578125,253.17999267578125,265.1300048828125,252.7100067138672,263.6600036621094,113619900,-0.0315942843042017,254.23239988311065,247.67802939061968,TSLA,Tesla,0.4151991009712219,0.19627933204174042,0.38852158188819885
2023-12-29,248.47999572753903,248.47999572753903,255.19000244140625,247.42999267578125,255.1000061035156,100891600,-0.0185638560873999,252.7942988442177,247.7509354212487,TSLA,Tesla,0.40002328157424927,0.40013179183006287,0.19984494149684906
2024-01-02,248.4199981689453,248.4199981689453,251.25,244.41000366210935,250.0800018310547,104654200,,248.4199981689453,248.4199981689453,TSLA,Tesla,0.355517715215683,0.6443470120429993,0.00013528106501325965
2024-01-03,238.4499969482422,238.4499969482422,245.67999267578125,236.32000732421875,244.97999572753903,121082600,-0.0401336498437727,245.92749786376956,247.51363442160863,TSLA,Tesla,0.0046805269084870815,0.5002784729003906,0.49504104256629944
2024-01-04,237.92999267578125,237.92999267578125,242.6999969482422,237.72999572753903,239.25,102629300,-0.0021807686270334,243.9281215667725,246.64239426289708,TSLA,Tesla,0.7896088361740112,0.20097863674163818,0.009412596002221107
2024-01-05,237.4900054931641,237.4900054931641,240.1199951171875,234.8999938964844,236.8600006103516,92488900,-0.0018492295892126,242.3185925483704,245.8103589201941,TSLA,Tesla,0.4757375717163086,0.2287323921918869,0.2955300211906433
2024-01-08,240.4499969482422,240.4499969482422,241.25,235.3000030517578,236.13999938964844,85166600,0.0124636464129574,241.85144364833832,245.32305328638023,TSLA,Tesla,0.7997738122940063,0.2001609057188034,6.532389670610428e-05
2024-01-09,234.9600067138672,234.9600067138672,238.9600067138672,232.0399932861328,238.1100006103516,96705700,-0.0228321493202461,240.1285844147205,244.3809581434245,TSLA,Tesla,0.3173726499080658,0.004982121288776398,0.677645206451416
2024-01-10,233.94000244140625,233.94000244140625,235.5,231.2899932861328,235.1000061035156,91628500,-0.0043411825132567,238.581438921392,243.43178035233197,TSLA,Tesla,0.004800841212272644,0.9947693943977356,0.0004297097912058234
2024-01-11,227.22000122070312,227.22000122070312,230.92999267578125,225.3699951171875,230.57000732421875,105873600,-0.0287253191013634,235.74107949621973,241.9579822494566,TSLA,Tesla,0.49988800287246704,2.913271600846201e-06,0.5001091361045837
2024-01-12,218.88999938964844,218.88999938964844,225.33999633789065,217.1499938964844,220.0800018310547,123043800,-0.0366605130987724,231.52830946957693,239.8608928985649,TSLA,Tesla,0.0004711876099463552,1.0869146080949577e-06,0.9995277523994446
2024-01-16,219.91000366210935,219.91000366210935,223.4900054931641,212.17999267578125,215.1000061035156,115355000,0.004659894354722,228.62373301771004,238.0471756952508,TSLA,Tesla,0.7963933348655701,0.20002369582653046,0.00358288805000484
2024-01-17,215.5500030517578,215.5500030517578,215.6699981689453,212.00999450683597,214.8600006103516,103164400,-0.019826295019533,225.355300526222,236.001978182206,TSLA,Tesla,0.33210310339927673,0.0002649634552653879,0.6676319241523743
2024-01-18,211.8800048828125,211.8800048828125,217.4499969482422,208.7400054931641,216.8800048828125,108595400,-0.017026203279914,221.9864766153696,233.80907151862476,TSLA,Tesla,0.6955855488777161,0.30236026644706726,0.002054126700386405
2024-01-19,212.19000244140625,212.19000244140625,213.19000244140625,207.55999755859372,209.9900054931641,102260300,0.001463080760099,219.5373580718788,231.843701602514,TSLA,Tesla,0.5175300240516663,0.16531775891780853,0.31715214252471924
2024-01-22,208.8000030517578,208.8000030517578,217.8000030517578,206.2700042724609,212.25999450683597,117952500,-0.015976244642273,216.85301931684853,229.7488199160816,TSLA,Tesla,0.9977626800537109,0.0022000125609338284,3.730460593942553e-05
2024-01-23,209.13999938964844,209.13999938964844,215.6499938964844,207.75,211.3000030517578,106605900,0.0016283349277841,214.9247643350485,227.8752907773149,TSLA,Tesla,0.28026899695396423,0.4633389115333557,0.25639209151268005
2024-01-24,207.8300018310547,207.8300018310547,212.72999572753903,206.7700042724609,211.8800048828125,123369900,-0.0062637351172268,213.15107370905005,226.05299178220037,TSLA,Tesla,0.3999674916267395,0.20000377297401428,0.40002870559692383
2024-01-25,182.6300048828125,182.6300048828125,193.0,180.05999755859375,189.6999969482422,198076800,-0.1212529313680481,205.52080650249067,222.1054475186196,TSLA,Tesla,0.2453523874282837,0.3270169198513031,0.4276306629180908
2024-01-26,183.25,183.25,186.77999877929688,182.1000061035156,185.5,107343200,0.0033948152034783,199.953104876868,218.573134107836,TSLA,Tesla,0.3942365050315857,0.003566769417375326,0.6021966934204102
2024-01-29,190.92999267578125,190.92999267578125,191.47999572753903,183.6699981689453,185.6300048828125,125013100,0.0419099191038541,197.6973268265963,216.06012125037643,TSLA,Tesla,0.8341564536094666,0.15939755737781525,0.0064460099674761295
2024-01-30,191.58999633789065,191.58999633789065,196.3600006103516,190.6100006103516,195.3300018310547,109982300,0.0034567835721344,196.1704942044199,213.83556444015045,TSLA,Tesla,0.8585820198059082,0.001796068623661995,0.13962194323539734
2024-01-31,187.2899932861328,187.2899932861328,193.97000122070312,185.8500061035156,187.0,103221400,-0.022443776470324,193.9503689748481,211.4223306988761,TSLA,Tesla,0.23842310905456543,0.5909727811813354,0.17060412466526031
2024-02-01,188.8600006103516,188.8600006103516,189.8800048828125,184.27999877929688,188.5,91843300,0.0083827613887528,192.677776883724,209.3712097817375,TSLA,Tesla,0.760520339012146,0.00039834826020523906,0.23908129334449768
2024-02-02,187.91000366210935,187.91000366210935,188.69000244140625,182.0,185.0399932861328,110612700,-0.0050301649114266,191.48583357832035,207.42019104358948,TSLA,Tesla,0.09588770568370819,0.2004050314426422,0.7037072777748108
2024-02-05,181.05999755859372,181.05999755859372,184.67999267578125,175.00999450683594,184.25999450683597,134294400,-0.036453653185133,188.8793745733887,205.0238098176808,TSLA,Tesla,0.747200071811676,0.0039150589145720005,0.24888481199741364
2024-02-06,185.1000061035156,185.1000061035156,186.4900054931641,177.11000061035156,177.2100067138672,122676000,0.0223130928940527,187.9345324559204,203.21255493457485,TSLA,Tesla,0.3674682676792145,0.19986966252326965,0.4326620101928711
2024-02-07,187.5800018310547,187.5800018310547,189.7899932861328,182.67999267578125,188.17999267578125,111535200,0.0133981396313522,187.845899799704,201.7914137433457,TSLA,Tesla,0.9132803678512573,0.004068438895046711,0.08265112340450287
2024-02-08,189.55999755859372,189.55999755859372,191.6199951171875,185.5800018310547,189.0,83034000,0.0105554734417923,188.2744242394264,200.6794668174592,TSLA,Tesla,0.39606574177742004,0.4004178047180176,0.20351651310920715
2024-02-09,193.57000732421875,193.57000732421875,194.1199951171875,189.47999572753903,190.17999267578125,84476300,0.0211543037416714,189.5983200106245,200.0331523180737,TSLA,Tesla,0.5010939836502075,0.00027325082919560373,0.4986327886581421
2024-02-12,188.1300048828125,188.1300048828125,194.72999572753903,187.27999877929688,192.1100006103516,95498600,-0.0281035399884784,189.23124122867148,198.9510480057772,TSLA,Tesla,0.5323129892349243,0.24804861843585968,0.2196384221315384
2024-02-13,184.0200042724609,184.0200042724609,187.25999450683597,182.1100006103516,183.9900054931641,86759500,-0.0218465981166147,187.92843198961884,197.59368039365756,TSLA,Tesla,0.9273068904876709,0.005788569338619709,0.06690449267625809
2024-02-14,188.7100067138672,188.7100067138672,188.88999938964844,183.3500061035156,185.3000030517578,81203000,0.025486372853585,188.12382567068093,196.7860736954948,TSLA,Tesla,0.2858451306819916,0.428584486246109,0.285570353269577
2024-02-15,200.4499969482422,200.4499969482422,200.8800048828125,188.8600006103516,189.16000366210935,120831800,0.0622118055041767,191.20536849007124,197.11915762756277,TSLA,Tesla,2.8683596156042768e-06,0.9999971389770508,1.5517292339950473e-08
2024-02-16,199.9499969482422,199.9499969482422,203.1699981689453,197.3999938964844,202.05999755859372,111346700,-0.0024943876658132,193.391525604614,197.3765066567154,TSLA,Tesla,0.5320827960968018,0.40293407440185547,0.06498309224843979
2024-02-20,193.75999450683597,193.75999450683597,198.6000061035156,189.1300048828125,196.1300048828125,104545800,-0.0309577521174384,193.48364283016943,197.04773282490817,TSLA,Tesla,0.7998899221420288,0.20001867413520813,9.140174370259047e-05
2024-02-21,194.7700042724609,194.7700042724609,199.44000244140625,191.9499969482422,193.3600006103516,103500300,0.0052126847350284,193.80523319074237,196.8406665928675,TSLA,Tesla,6.423279410228133e-05,0.8451911211013794,0.15474459528923035
2024-02-22,197.41000366210935,197.41000366210935,198.32000732421875,191.3600006103516,194.0,92739500,0.0135544454060563,194.7064258085841,196.8924245082531,TSLA,Tesla,0.39965349435806274,0.20027610659599304,0.4000703692436218
2024-02-23,191.97000122070312,191.97000122070312,197.57000732421875,191.5,195.30999755859372,78841900,-0.0275568732105261,194.02231966161384,196.4449314821122,TSLA,Tesla,0.8604699373245239,0.035354528576135635,0.10417558997869492
2024-02-26,199.3999938964844,199.3999938964844,201.77999877929688,192.0,192.2899932861328,111747100,0.0387039257620214,195.36673822033148,196.7135735197824,TSLA,Tesla,0.19901826977729797,0.8003711700439453,0.0006105870706960559
2024-02-27,199.72999572753903,199.72999572753903,205.6000061035156,198.25999450683597,204.0399932861328,108645400,0.0016549741281637,196.45755259713337,196.9877937204876,TSLA,Tesla,0.5779539346694946,0.2208809107542038,0.20116516947746277
2024-02-28,202.0399932861328,202.0399932861328,205.3000030517578,198.44000244140625,200.4199981689453,99806200,0.0115656016021996,197.85316276938323,197.4470845900917,TSLA,Tesla,0.6652569770812988,0.0016737962141633034,0.33306920528411865
2024-02-29,201.8800048828125,201.8800048828125,205.27999877929688,198.4499969482422,204.17999267578125,85907000,-0.0007918650199801,198.8598732977405,197.85007734397536,TSLA,Tesla,0.770490825176239,0.2041001319885254,0.025409052148461342
2024-03-01,202.63999938964844,202.63999938964844,204.5200042724609,198.5,200.5200042724609,82243100,0.003764585340074,199.80490482071752,198.2855248026729,TSLA,Tesla,0.7026286125183105,0.006506115663796663,0.2908652126789093
2024-03-04,188.13999938964844,188.13999938964844,199.75,186.72000122070312,198.72999572753903,134334900,-0.0715554680402388,196.88867846295025,197.36320431057976,TSLA,Tesla,0.5441073179244995,0.19734564423561096,0.2585470676422119
2024-03-05,180.7400054931641,180.7400054931641,184.58999633789065,177.57000732421875,183.0500030517578,119660800,-0.0393323797198413,192.8515102205037,195.8520044180874,TSLA,Tesla,0.01192570198327303,1.534526927571278e-05,0.9880589246749878
2024-03-06,176.5399932861328,176.5399932861328,181.5800018310547,173.6999969482422,179.99000549316406,107920900,-0.0232378669878379,188.77363098691097,194.0963670424552,TSLA,Tesla,0.2794310450553894,0.3340122699737549,0.3865567147731781
2024-03-07,178.64999389648438,178.64999389648438,180.0399932861328,173.6999969482422,174.35000610351562,102129000,0.0119519694720489,186.2427217143043,192.6921513019124,TSLA,Tesla,0.5010544657707214,0.4989214241504669,2.4080338334897533e-05
2024-03-08,175.33999633789062,175.33999633789062,182.72999572753903,174.6999969482422,181.5,85544600,-0.0185278347141263,183.5170403702009,191.11468266881948,TSLA,Tesla,0.5320994853973389,0.46771085262298584,0.00018965353956446052
2024-03-11,177.77000427246094,177.77000427246094,182.8699951171875,174.8000030517578,175.4499969482422,85391500,0.0138588341811503,182.0802813457659,189.90153008733236,TSLA,Tesla,0.6669915914535522,0.0018863255390897393,0.3311220705509186
2024-03-12,177.5399932861328,177.5399932861328,179.42999267578125,172.41000366210938,177.77000427246094,87391700,-0.001293868373742,180.94520933085764,188.777754014496,TSLA,Tesla,0.5624327063560486,0.03631414473056793,0.4012530446052551
2024-03-13,169.47999572753906,169.47999572753906,176.0500030517578,169.14999389648438,173.0500030517578,106524500,-0.0453982080848895,178.078905930028,187.02341235204537,TSLA,Tesla,0.11000581085681915,0.008554584346711636,0.8814395666122437
2024-03-14,162.5,162.5,171.1699981689453,160.50999450683594,167.77000427246094,126325700,-0.0411847763954413,174.184179447521,184.79401122913217,TSLA,Tesla,0.14257581532001495,0.0030554556287825108,0.8543686866760254
2024-03-15,163.57000732421875,163.57000732421875,165.17999267578125,160.75999450683594,163.16000366210938,97146800,0.0065846604567307,171.53063641669542,182.8645563286855,TSLA,Tesla,0.7957209348678589,0.00025422536418773234,0.20402494072914124
2024-03-18,173.8000030517578,173.8000030517578,174.72000122070312,165.89999389648438,170.02000427246094,108214400,0.0625420020142308,172.097978075461,182.04050603078295,TSLA,Tesla,0.31845131516456604,0.2506404221057892,0.43090829253196716
2024-03-19,171.32000732421875,171.32000732421875,172.82000732421875,167.4199981689453,172.36000061035156,77271400,-0.0142692501955855,171.90348538765045,181.06591523927716,TSLA,Tesla,0.9995962381362915,0.000368389388313517,3.537700104061514e-05
2024-03-20,175.66000366210938,175.66000366210938,176.25,170.82000732421875,173.0,83846700,0.0253326882579294,172.84261495626518,180.57446873226183,TSLA,Tesla,0.05725524201989174,0.8185490965843201,0.1241956427693367
2024-03-21,172.82000732421875,172.82000732421875,178.17999267578125,171.8000030517578,176.38999938964844,73178000,-0.0161675753084549,172.83696304825358,179.86951769516702,TSLA,Tesla,0.4872756600379944,0.5123995542526245,0.0003247570712119341
2024-03-22,170.8300018310547,170.8300018310547,171.1999969482422,166.3000030517578,166.69000244140625,75580600,-0.0115149022614651,172.33522274395386,179.04774352570226,TSLA,Tesla,0.9292212724685669,0.05852292850613594,0.012255733832716942
2024-03-25,172.6300048828125,172.6300048828125,175.24000549316406,168.72999572753906,168.75999450683594,74228600,0.0105368087131318,172.40891827866852,178.464312739985,TSLA,Tesla,0.6284986734390259,0.2672554552555084,0.10424593836069107
2024-03-26,177.6699981689453,177.6699981689453,184.25,177.3800048828125,178.5800018310547,113186200,0.0291953492647709,173.7241882512377,178.3921023244359,TSLA,Tesla,0.706242024898529,0.28429752588272095,0.009460494853556156
2024-03-27,179.8300018310547,179.8300018310547,181.91000366210935,176.0,181.41000366210935,81804000,0.0121573911429628,175.25064164619195,178.52282046140127,TSLA,Tesla,0.4151919484138489,0.33356973528862,0.25123828649520874
2024-03-28,175.7899932861328,175.7899932861328,179.57000732421875,175.3000030517578,177.4499969482422,77654800,-0.0224657093020403,175.38547955617716,178.27438162728595,TSLA,Tesla,0.06570714712142944,9.54963434196543e-06,0.9342833161354065
2024-04-01,175.22000122070312,175.22000122070312,176.75,170.2100067138672,176.1699981689453,81562100,-0.0032424602491559,175.34410997230864,177.99671068123297,TSLA,Tesla,0.2901816666126251,0.32631716132164,0.3835011124610901
2024-04-02,166.6300048828125,166.6300048828125,167.69000244140625,163.42999267578125,164.75,116650600,-0.0490240627670744,173.1655836999346,176.96337379046747,TSLA,Tesla,0.16150762140750885,0.038419194519519806,0.8000732660293579
2024-04-03,168.3800048828125,168.3800048828125,168.82000732421875,163.27999877929688,164.02000427246094,82950100,0.0105023102005592,171.9691889956541,176.1830675261352,TSLA,Tesla,0.6001831293106079,1.8646035186975496e-06,0.39981502294540405
2024-04-04,171.11000061035156,171.11000061035156,177.19000244140625,168.00999450683594,170.07000732421875,123162000,0.0162133011543683,171.75439189932845,175.72187962470034,TSLA,Tesla,0.29076850414276123,0.0006391986389644444,0.7085922956466675
2024-04-05,164.89999389648438,164.89999389648438,170.86000061035156,160.50999450683594,169.0800018310547,143157600,-0.0362924825651101,170.04079239861744,174.73807183122614,TSLA,Tesla,0.2215040624141693,0.030323142185807228,0.7481728196144104
2024-04-08,172.97999572753906,172.97999572753906,174.5,167.7899932861328,169.33999633789062,104423300,0.0489994064895289,170.77559323084785,174.57824673089092,TSLA,Tesla,0.797042727470398,0.2000795602798462,0.002877746243029833
2024-04-09,176.8800048828125,176.8800048828125,179.22000122070312,171.9199981689453,172.91000366210938,102951700,0.0225460125540548,172.30169614383902,174.7874974719747,TSLA,Tesla,0.9628986120223999,0.0017179999267682433,0.03538331389427185
2024-04-10,171.75999450683594,171.75999450683594,174.92999267578125,170.00999450683594,173.0399932861328,84532400,-0.0289462360619489,172.16627073458824,174.51226992968935,TSLA,Tesla,0.20041635632514954,0.3999877870082855,0.39959588646888733
2024-04-11,174.60000610351562,174.60000610351562,175.8800048828125,168.50999450683594,172.5500030517578,94516000,0.0165347676263849,172.77470457682008,174.52024594549175,TSLA,Tesla,0.4141464829444885,0.38729003071784973,0.19856345653533936
2024-04-12,171.0500030517578,171.0500030517578,173.80999755859375,170.36000061035156,172.33999633789062,64722700,-0.0203322046257725,172.3435291955545,174.20476931878866,TSLA,Tesla,0.7856335639953613,5.927507299929857e-05,0.21430715918540955
2024-04-15,161.47999572753906,161.47999572753906,170.69000244140625,161.3800048828125,170.24000549316406,100245300,-0.0559485948756339,169.62764582855064,173.04797171958415,TSLA,Tesla,0.012152459472417831,0.29744526743888855,0.6904022693634033
2024-04-16,157.11000061035156,157.11000061035156,158.19000244140625,153.75,156.74000549316406,97000000,-0.0270621453604746,166.49823452400088,171.59906525510846,TSLA,Tesla,0.3949068486690521,0.3429192900657654,0.2621738314628601
2024-04-17,155.4499969482422,155.4499969482422,158.3300018310547,153.77999877929688,157.63999938964844,82439700,-0.0105658688540543,163.7361751300612,170.13096813630244,TSLA,Tesla,0.010472909547388554,0.6594943404197693,0.3300327658653259
2024-04-18,149.92999267578125,149.92999267578125,152.1999969482422,148.6999969482422,151.25,96098800,-0.0355098384099605,160.28462951649124,168.2945158217096,TSLA,Tesla,0.8696790933609009,0.016138821840286255,0.11418209224939346
2024-04-19,147.0500030517578,147.0500030517578,150.94000244140625,146.22000122070312,148.97000122070312,87074500,-0.0192088959161848,156.97597290030788,166.3631964789867,TSLA,Tesla,0.3984898030757904,8.436104690190405e-05,0.60142582654953
2024-04-22,142.0500030517578,142.0500030517578,144.44000244140625,138.8000030517578,140.55999755859375,107097600,-0.0340020394167562,153.24448043817037,164.15290616742044,TSLA,Tesla,0.4898513853549957,0.0029506199061870575,0.5071979761123657
2024-04-23,144.67999267578125,144.67999267578125,147.25999450683594,141.11000061035156,143.3300018310547,124545100,0.0185145340902608,151.10335849757308,162.38264130454417,TSLA,Tesla,0.21479305624961853,0.05179129168391228,0.7334156036376953
2024-04-24,162.1300048828125,162.1300048828125,167.97000122070312,157.50999450683594,162.83999633789062,181178000,0.1206110940725275,153.86002009388295,162.35967435711402,TSLA,Tesla,0.17142227292060852,0.2202039510011673,0.608373761177063
2024-04-25,170.17999267578125,170.17999267578125,170.8800048828125,158.36000061035156,158.9600067138672,126427500,0.0496514374300258,157.94001323935754,163.07061238608378,TSLA,Tesla,0.43813449144363403,0.07499821484088898,0.4868672788143158
2024-04-26,168.2899932861328,168.2899932861328,172.1199951171875,166.3699951171875,168.85000610351562,109815700,-0.0111058847748876,160.52750825105136,163.5451015588155,TSLA,Tesla,0.6278467774391174,0.3070194721221924,0.06513375043869019
2024-04-29,194.0500030517578,194.0500030517578,198.8699951171875,184.5399932861328,188.4199981689453,243869700,0.1530691710339953,168.90813195122797,166.31827442181026,TSLA,Tesla,0.29759377241134644,0.5707365274429321,0.13166972994804382
2024-04-30,183.27999877929688,183.27999877929688,190.9499969482422,182.83999633789065,186.97999572753903,127031800,-0.0555011806394474,172.5010986582452,167.86024936339993,TSLA,Tesla,0.025429368019104004,0.9636716842651367,0.01089896634221077
2024-05-01,179.99000549316406,179.99000549316406,185.8600006103516,179.00999450683594,182.0,92829700,-0.0179506400482606,174.37332536697494,168.96295446610574,TSLA,Tesla,0.0008509283070452511,6.53955212328583e-05,0.9990836381912231
2024-05-02,180.00999450683594,180.00999450683594,184.6000061035156,176.02000427246094,182.8600006103516,89148000,0.0001110562423569,175.78249265194015,169.96723083344486,TSLA,Tesla,0.5971907377243042,1.603034615982324e-05,0.40279319882392883
2024-05-03,181.19000244140625,181.19000244140625,184.77999877929688,178.4199981689453,182.1000061035156,75491500,0.0065552356567928,177.1343700993067,170.987482797805,TSLA,Tesla,0.6021167039871216,0.20064499974250793,0.19723832607269287
2024-05-06,184.75999450683597,184.75999450683597,187.55999755859372,182.1999969482422,183.8000030517578,84390300,0.0197030300641678,179.040776201189,172.23952931680782,TSLA,Tesla,0.613871157169342,0.3854873478412628,0.000641482649371028
2024-05-07,177.80999755859375,177.80999755859375,183.25999450683597,177.39999389648438,182.3999938964844,75045900,-0.0376163517800117,178.73308154054018,172.74593552060654,TSLA,Tesla,0.5276264548301697,0.03255902975797653,0.4398144781589508
2024-05-08,174.72000122070312,174.72000122070312,176.05999755859375,170.14999389648438,171.58999633789062,79969500,-0.0173780798623113,177.72981146058092,172.92539603879712,TSLA,Tesla,0.016123801469802856,2.179665898438543e-06,0.9838739633560181
2024-05-09,171.97000122070312,171.97000122070312,175.6199951171875,171.3699951171875,175.00999450683594,65950300,-0.015739468754503,176.28985890061148,172.83854196442493,TSLA,Tesla,0.1886315643787384,0.7134450078010559,0.09792345017194748
2024-05-10,168.47000122070312,168.47000122070312,173.05999755859375,167.75,173.0500030517578,72627200,-0.0203523868997835,174.33489448063438,172.44140189681386,TSLA,Tesla,0.0035223134327679873,0.47517192363739014,0.5213057994842529
2024-05-13,171.88999938964844,171.88999938964844,175.39999389648438,169.0,170.0,67018900,0.020300339194899,173.7236707078879,172.39127439616246,TSLA,Tesla,0.9994335770606995,0.0003061744791921228,0.0002602558524813503
2024-05-14,177.5500030517578,177.5500030517578,179.49000549316406,174.07000732421875,174.5,86407400,0.0329280567933392,174.68025379385537,172.86024972848932,TSLA,Tesla,0.3425033986568451,0.334171324968338,0.3233252167701721
2024-05-15,173.99000549316406,173.99000549316406,180.0,173.11000061035156,179.89999389648438,79663000,-0.0200506758513316,174.50769171868254,172.9629547980052,TSLA,Tesla,0.3757326900959015,0.007334265857934952,0.6169330477714539
2024-05-16,174.83999633789062,174.83999633789062,175.7899932861328,171.42999267578125,174.10000610351562,59812200,0.0048852854640548,174.59076787348457,173.13359493799476,TSLA,Tesla,0.4578695297241211,0.005610920488834381,0.5365195274353027
2024-05-17,177.4600067138672,177.4600067138672,179.6300048828125,172.75,173.5500030517578,77445800,0.0149851889204641,175.30807758358023,173.5269050994377,TSLA,Tesla,0.7618511319160461,0.21222500503063202,0.025923868641257286
2024-05-20,174.9499969482422,174.9499969482422,177.75,173.52000427246094,177.55999755859375,61727400,-0.0141440869529103,175.2185574247457,173.65627708569266,TSLA,Tesla,0.970522403717041,0.001021397183649242,0.028456205502152443
2024-05-21,186.6000061035156,186.6000061035156,186.8800048828125,174.7100067138672,175.50999450683594,115266500,0.0665905079079254,178.06391959443818,174.83297972367654,TSLA,Tesla,3.2960644603008404e-05,0.9999483823776245,1.8642249415279366e-05
2024-05-22,180.11000061035156,180.11000061035156,183.8000030517578,178.1199951171875,182.8500061035156,88313500,-0.0347803069715,178.57543984841652,175.31270889519246,TSLA,Tesla,0.30813655257225037,0.6917831897735596,8.026493014767766e-05
2024-05-23,173.74000549316406,173.74000549316406,181.8999938964844,173.25999450683594,181.8000030517578,71975500,-0.0353672483238078,177.3665812596034,175.1697358586444,TSLA,Tesla,0.33192282915115356,0.3346503973007202,0.33342674374580383
2024-05-24,179.24000549316406,179.24000549316406,180.0800018310547,173.72999572753906,174.83999633789062,65584500,0.0316564972148363,177.83493731799356,175.53976037087344,TSLA,Tesla,0.789177417755127,0.20058302581310272,0.010239595547318459
2024-05-28,176.75,176.75,178.25,173.16000366210938,176.39999389648438,59736600,-0.0138920186166755,177.56370298849518,175.64978215533947,TSLA,Tesla,0.6867011189460754,0.00010595640924293548,0.31319287419319153
2024-05-29,176.19000244140625,176.19000244140625,178.14999389648438,173.92999267578125,174.19000244140625,54782600,-0.003168303018918,177.22027785172295,175.69889309043643,TSLA,Tesla,4.290345145818719e-08,1.0,8.219578795376492e-09
2024-05-30,178.7899932861328,178.7899932861328,182.6699981689453,175.3800048828125,178.5800018310547,77618400,0.0147567444730083,177.61270671032543,175.9799021991361,TSLA,Tesla,0.82895827293396,0.001574394409544766,0.16946734488010406
2024-05-31,178.0800018310547,178.0800018310547,180.32000732421875,173.82000732421875,178.5,67314600,-0.003971091681523,177.72953049050773,176.17082034749234,TSLA,Tesla,0.5044626593589783,0.002063342835754156,0.49347400665283203
2024-06-03,176.2899932861328,176.2899932861328,182.63999938964844,174.49000549316406,178.1300048828125,68568900,-0.0100517100545634,177.369646189414,176.18165425100509,TSLA,Tesla,0.3585301339626312,0.20011281967163086,0.4413570463657379
2024-06-04,174.77000427246094,174.77000427246094,177.75999450683594,174.0,174.77999877929688,60056300,-0.0086220946823953,176.71973571017574,176.0533224347738,TSLA,Tesla,2.9477732823579572e-05,1.7347436369163916e-05,0.9999531507492065
2024-06-05,175.0,175.0,176.14999389648438,172.1300048828125,175.35000610351562,57953800,0.0013159908560766,176.2898017826318,175.95756584979435,TSLA,Tesla,0.003619204042479396,0.9963805079460144,3.850458369925036e-07
2024-06-06,177.94000244140625,177.94000244140625,179.72999572753906,172.72999572753906,174.60000610351562,69887000,0.0168000139508928,176.7023519473254,176.1377873581227,TSLA,Tesla,0.2514793574810028,0.0002809785073623061,0.7482396364212036
2024-06-07,177.47999572753906,177.47999572753906,179.35000610351562,175.5800018310547,176.1300048828125,56244900,-0.0025851787543875,176.89676289237883,176.2598063007969,TSLA,Tesla,0.9691709280014038,0.00019121626974083483,0.03063786029815674
2024-06-10,173.7899932861328,173.7899932861328,178.57000732421875,173.1699981689453,176.05999755859375,50774600,-0.0207910893071634,176.12007049081734,176.03527784491834,TSLA,Tesla,0.43682074546813965,0.18345770239830017,0.3797215521335602
2024-06-11,170.66000366210938,170.66000366210938,174.75,167.41000366210938,173.9199981689453,64761900,-0.018010183238054,174.75505378364034,175.5466165555721,TSLA,Tesla,0.0007404414936900139,1.1743663890229072e-05,0.9992477893829346
2024-06-12,177.2899932861328,177.2899932861328,180.5500030517578,169.8000030517578,171.1199951171875,90389400,0.0388491121630947,175.38878865926347,175.7051053492594,TSLA,Tesla,0.2049711048603058,0.20023278892040253,0.5947960615158081
2024-06-13,182.47000122070312,182.47000122070312,191.0800018310547,181.22999572753903,188.38999938964844,118984100,0.0292177118322192,177.15909179962338,176.32009588302702,TSLA,Tesla,0.5158901214599609,0.2473122626543045,0.23679760098457336
2024-06-14,178.00999450683594,178.00999450683594,186.0,176.9199981689453,185.8000030517578,82038200,-0.0244424107197361,177.37181747642651,176.473723030646,TSLA,Tesla,0.5998471975326538,0.40004676580429077,0.00010604679118841887
2024-06-17,187.44000244140625,187.44000244140625,188.80999755859372,177.0,177.9199981689453,109786100,0.0529745981999238,179.88886371767146,177.4706575225333,TSLA,Tesla,0.7258527874946594,0.0010530260624364018,0.27309414744377136
2024-06-18,184.8600006103516,184.8600006103516,187.1999969482422,182.3699951171875,186.55999755859372,68982300,-0.0137644141989444,181.13164794084148,178.14241598506223,TSLA,Tesla,0.7973706722259521,0.00011567627370823175,0.2025136649608612
2024-06-20,181.57000732421875,181.57000732421875,185.2100067138672,179.66000366210938,184.67999267578125,55893100,-0.0177972155970478,181.2412377866858,178.4540151977128,TSLA,Tesla,0.505900502204895,0.00015197867469396442,0.4939475655555725
2024-06-21,183.00999450683597,183.00999450683597,183.9499969482422,180.69000244140625,182.3000030517578,61937300,0.007930754665036,181.6834269667233,178.86819513490582,TSLA,Tesla,0.3310004472732544,0.6667822003364563,0.002217336092144251
2024-06-24,182.5800018310547,182.5800018310547,188.8000030517578,182.5500030517578,184.97000122070312,61992100,-0.0023495584322592,181.90757068280612,179.20563210728298,TSLA,Tesla,0.6318978071212769,0.17371514439582825,0.19438698887825012
2024-06-25,187.3500061035156,187.3500061035156,187.97000122070312,182.00999450683597,184.3999938964844,62905700,0.0261255571509673,183.2681795379835,179.94602974330414,TSLA,Tesla,0.6908988356590271,0.3029889464378357,0.00611219322308898
2024-06-26,196.3699951171875,196.3699951171875,197.75999450683597,186.3600006103516,186.5399932861328,95737100,0.0481451226037756,186.5436334327845,181.43911750456624,TSLA,Tesla,0.6655166745185852,0.3333389461040497,0.0011443927651271224
2024-06-27,197.4199981689453,197.4199981689453,198.72000122070312,194.0500030517578,195.1699981689453,72746500,0.0053470646120412,189.2627246168247,182.8919248376916,TSLA,Tesla,0.4998796284198761,0.5000601410865784,6.024680260452442e-05
2024-06-28,197.8800048828125,197.8800048828125,203.1999969482422,195.25999450683597,199.5500030517578,95438100,0.0023300917745603,191.41704468332165,184.25447756906624,TSLA,Tesla,0.42969125509262085,0.45107725262641907,0.1192314550280571
2024-07-01,209.8600006103516,209.8600006103516,213.22999572753903,200.8500061035156,201.0200042724609,135691400,0.0605417193851081,196.02778366507917,186.58225239100125,TSLA,Tesla,0.20618660748004913,0.20060880482196808,0.5932046175003052
2024-07-02,231.25999450683597,231.25999450683597,231.3000030517578,218.05999755859372,218.88999938964844,205047900,0.1019727143535937,204.83583637551837,190.64386531062257,TSLA,Tesla,0.19636137783527374,0.5992727279663086,0.20436593890190125
2024-07-03,246.38999938964844,246.38999938964844,248.3500061035156,234.25,234.55999755859372,166561500,0.0654242205405106,215.22437712905088,195.7116956814431,TSLA,Tesla,0.19803392887115479,0.601947546005249,0.20001855492591858
2024-07-05,251.5200042724609,251.5200042724609,252.3699951171875,242.4600067138672,249.80999755859372,154501200,0.0208206700577151,224.29828391490335,200.78517828062652,TSLA,Tesla,0.12229137122631073,0.5305420160293579,0.34716659784317017
2024-07-08,252.94000244140625,252.94000244140625,259.44000244140625,244.57000732421875,247.7100067138672,157219600,0.0056456669243973,231.4587135465291,205.5265259316065,TSLA,Tesla,0.611594557762146,0.38785526156425476,0.0005501588457264006
2024-07-09,262.3299865722656,262.3299865722656,265.6099853515625,250.3000030517578,251.0,160210900,0.0371233653839888,239.17653180296324,210.69047689893912,TSLA,Tesla,0.25029802322387695,0.5082937479019165,0.24140819907188416
2024-07-10,263.260009765625,263.260009765625,267.5899963378906,257.8599853515625,262.79998779296875,128519400,0.0035452416458809,245.19740129362867,215.4695253413651,TSLA,Tesla,0.8033415079116821,0.19614656269550323,0.0005119880079291761
2024-07-11,241.02999877929688,241.02999877929688,271.0,239.6499938964844,263.29998779296875,221707300,-0.0844412753996288,244.15555066504567,217.7932047448135,TSLA,Tesla,0.0010118570644408464,0.3986048400402069,0.6003832817077637
2024-07-12,248.22999572753903,248.22999572753903,251.83999633789065,233.08999633789065,235.8000030517578,155955800,0.0298717876808147,245.17416193066907,220.56018574324307,TSLA,Tesla,0.0015885751927271485,0.40825527906417847,0.5901561379432678
2024-07-15,252.63999938964844,252.63999938964844,265.6000061035156,251.72999572753903,255.97000122070312,146912900,0.0177657967933491,247.04062129541396,223.4765324383708,TSLA,Tesla,0.4126254916191101,0.40001821517944336,0.18735632300376892
2024-07-16,256.5599975585937,256.5599975585937,258.6199951171875,245.8000030517578,255.30999755859372,126332500,0.0155161422514866,249.42046536120887,226.4841201765729,TSLA,Tesla,0.45316842198371887,0.02048318274319172,0.526348352432251
2024-07-17,248.5,248.5,258.4700012207031,246.17999267578125,252.72999572753903,115584800,-0.0314156440415189,249.19034902090664,228.4855637968845,TSLA,Tesla,0.2154059112071991,0.584507167339325,0.20008692145347595
2024-07-18,249.22999572753903,249.22999572753903,257.1400146484375,247.1999969482422,251.08999633789065,110869000,0.0029376085615253,249.20026069756477,230.3714212451258,TSLA,Tesla,0.997314989566803,0.0026032973546534777,8.166738552972674e-05
2024-07-19,239.1999969482422,239.1999969482422,249.44000244140625,236.8300018310547,247.7899932861328,87403900,-0.0402439471622099,246.7001947602341,231.17401903631816,TSLA,Tesla,0.06959802657365799,0.6788209676742554,0.25158095359802246
2024-07-22,251.50999450683597,251.50999450683597,253.2100067138672,243.75,244.2100067138672,101225400,0.0514632011523703,247.90264469688452,233.0227440790925,TSLA,Tesla,0.9025471210479736,0.06823133677244186,0.029221566393971443
2024-07-23,246.3800048828125,246.3800048828125,255.75999450683597,245.6300048828125,253.6000061035156,111928200,-0.0203967624987722,247.52198474336652,234.23704051579435,TSLA,Tesla,0.0023466921411454678,0.4410764276981354,0.5565769076347351
2024-07-24,215.9900054931641,215.9900054931641,225.9900054931641,214.7100067138672,225.4199981689453,167942900,-0.1233460458940369,239.6389899308159,232.5782191501007,TSLA,Tesla,0.0023408266715705395,0.05271446704864502,0.9449446797370911
2024-07-25,220.25,220.25,226.0,216.22999572753903,216.8000030517578,100636500,0.0197231093962388,234.79174244811196,231.45747195463696,TSLA,Tesla,0.19798167049884796,0.00016742970910854638,0.8018509149551392
2024-07-26,219.8000030517578,219.8000030517578,222.27999877929688,215.3300018310547,221.19000244140625,94604100,-0.0020431189477511,231.0438075990234,230.39770205437523,TSLA,Tesla,0.39842748641967773,0.20046930015087128,0.4011031985282898
2024-07-29,232.1000061035156,232.1000061035156,234.2700042724609,224.6999969482422,224.8999938964844,129201800,0.0559599767105618,231.30785722514645,230.55245696793344,TSLA,Tesla,0.12985268235206604,0.6182241439819336,0.25192320346832275
2024-07-30,222.6199951171875,222.6199951171875,232.41000366210935,220.0,232.25,100560300,-0.0408445098536537,229.1358916981567,229.8313240724111,TSLA,Tesla,0.19898982346057892,8.399439684581012e-05,0.8009260892868042
2024-07-31,232.07000732421875,232.07000732421875,234.67999267578125,226.7899932861328,227.8999938964844,67497000,0.042449072025434,229.86942060467223,230.03484073166635,TSLA,Tesla,0.25706177949905396,0.00015136555884964764,0.7427868247032166
2024-08-01,216.8600006103516,216.8600006103516,231.8699951171875,214.3300018310547,227.69000244140625,83861900,-0.0655405965175744,226.61706560609207,228.83712799336504,TSLA,Tesla,0.1384640634059906,0.25795984268188477,0.6035760641098022
2024-08-02,207.6699981689453,207.6699981689453,216.1300048828125,205.77999877929688,214.8800048828125,82880100,-0.0423775819217053,221.88029874680535,226.91284346387232,TSLA,Tesla,0.5717092156410217,0.00043103843927383423,0.42785972356796265
2024-08-05,198.8800048828125,198.8800048828125,203.8800048828125,182.0,185.22000122070312,100308800,-0.0423267364743842,216.1302252808072,224.3644035928669,TSLA,Tesla,0.16743962466716766,0.28522077202796936,0.5473396182060242
2024-08-06,200.63999938964844,200.63999938964844,202.8999938964844,192.6699981689453,200.75,73783900,0.0088495296843591,212.25766880801748,222.2076395743925,TSLA,Tesla,0.7390797138214111,0.00013874655996914953,0.26078158617019653
2024-08-07,191.75999450683597,191.75999450683597,203.4900054931641,191.47999572753903,200.7700042724609,71159800,-0.0442583976765633,207.1332502327221,219.43967184097824,TSLA,Tesla,0.5431629419326782,3.513070259941742e-05,0.4568018913269043
2024-08-08,198.83999633789065,198.83999633789065,200.6999969482422,192.0399932861328,195.6999969482422,65033900,0.0369211620456231,205.05993675901425,217.56697406797025,TSLA,Tesla,0.0006031827069818974,0.4994410574436188,0.4999557435512543
2024-08-09,200.0,200.0,200.8800048828125,195.1100006103516,197.0500030517578,58648300,0.0058338547750633,203.7949525692607,215.9699764254275,TSLA,Tesla,0.19981874525547028,0.40020331740379333,0.3999779224395752
2024-08-12,197.4900054931641,197.4900054931641,199.25999450683597,194.6699981689453,199.0200042724609,64044900,-0.0125499725341796,202.2187158002365,214.289979067949,TSLA,Tesla,0.6751804351806641,0.0036544501781463623,0.32116517424583435
2024-08-13,207.8300018310547,207.8300018310547,208.4900054931641,197.05999755859372,198.47000122070312,76247400,0.0523570613716375,203.62153730794108,213.7027084100495,TSLA,Tesla,0.7530689835548401,0.23365989327430725,0.01327112689614296
2024-08-14,201.3800048828125,201.3800048828125,208.44000244140625,198.75,207.38999938964844,70250000,-0.0310349655555765,203.06115420165892,212.5824626348461,TSLA,Tesla,0.8968499898910522,0.060086268931627274,0.04306373372673988
2024-08-15,214.13999938964844,214.13999938964844,215.8800048828125,204.82000732421875,205.0200042724609,89848500,0.0633627678888044,205.83086549865632,212.7240568852827,TSLA,Tesla,0.39715027809143066,0.40261298418045044,0.20023667812347412
2024-08-16,216.1199951171875,216.1199951171875,219.8000030517578,210.8000030517578,211.1499938964844,88765100,0.0092462675501192,208.40314790328912,213.03277854272855,TSLA,Tesla,0.5311442613601685,0.31210264563560486,0.15675310790538788
2024-08-19,222.72000122070312,222.72000122070312,222.97999572753903,214.08999633789065,217.07000732421875,76435200,0.0305386186036922,211.98236123264263,213.9134351498172,TSLA,Tesla,0.4999788701534271,0.5000011920928955,1.9946099200751632e-05
2024-08-20,221.1000061035156,221.1000061035156,228.22000122070312,219.55999755859372,224.8800048828125,74001200,-0.0072736849331379,214.2617724503609,214.5667597819716,TSLA,Tesla,0.0006404916057363153,0.02561219595372677,0.9737473130226135
2024-08-21,223.2700042724609,223.2700042724609,224.66000366210935,218.8600006103516,222.6699981689453,70146000,0.0098145549934058,216.51383040588587,215.35796382656156,TSLA,Tesla,0.33722999691963196,0.15577365458011627,0.5069963335990906
2024-08-22,210.66000366210935,210.66000366210935,224.8000030517578,210.32000732421875,223.82000732421875,79514500,-0.0564787045686769,215.05037371994172,214.9308765388841,TSLA,Tesla,0.394229918718338,0.00018873500812333077,0.6055814027786255
2024-08-23,220.32000732421875,220.32000732421875,221.47999572753903,214.2100067138672,214.4600067138672,81525200,0.0458558981020604,216.367782121011,215.42079751936905,TSLA,Tesla,0.7229827642440796,0.010076580569148064,0.2669406533241272
2024-08-26,213.2100067138672,213.2100067138672,219.08999633789065,211.00999450683597,218.75,59301200,-0.0322712435275504,215.57833826922504,215.21981653705063,TSLA,Tesla,0.9927678108215332,2.985304126923438e-05,0.007202351000159979
2024-08-27,209.2100067138672,209.2100067138672,215.66000366210935,206.94000244140625,213.25,62821400,-0.0187608455233908,213.9862553803856,214.6734701894885,TSLA,Tesla,0.2135678231716156,0.599719762802124,0.1867123544216156
2024-08-28,205.75,205.75,211.83999633789065,202.58999633789065,209.72000122070312,64116400,-0.0165384379467057,211.9271915352892,213.86224562680772,TSLA,Tesla,0.14570252597332,0.015492732636630535,0.8388047814369202
2024-08-29,206.27999877929688,206.27999877929688,214.88999938964844,205.97000122070312,209.8000030517578,62308800,0.0025759357438486,210.5153933462911,213.1729504588522,TSLA,Tesla,0.34618210792541504,0.6522901654243469,0.0015277479542419314
2024-08-30,214.1100006103516,214.1100006103516,214.57000732421875,207.02999877929688,208.6300048828125,63370600,0.0379581242844206,211.4140451623062,213.25813683626123,TSLA,Tesla,0.8057907223701477,0.006019695661962032,0.18818961083889008
2024-09-03,210.6000061035156,210.6000061035156,219.8999938964844,209.63999938964844,215.25999450683597,76714200,-0.0163934169204156,211.21053539760857,213.0164885878298,TSLA,Tesla,0.9430585503578186,0.05666303262114525,0.000278389168670401
2024-09-04,219.41000366210935,219.41000366210935,222.22000122070312,210.57000732421875,210.58999633789065,80651800,0.041832845694522,213.26040246373375,213.5977172309461,TSLA,Tesla,0.9901057481765747,0.004432853776961565,0.005461409222334623
2024-09-05,230.1699981689453,230.1699981689453,235.0,222.25,223.4900054931641,119355000,0.0490405830511095,217.48780139003668,215.1042882253097,TSLA,Tesla,0.311438649892807,0.6705849766731262,0.017976347357034683
2024-09-06,210.72999572753903,210.72999572753903,233.6000061035156,210.50999450683597,232.6000061035156,112177000,-0.0844593239607937,215.79834997441228,214.70662527096687,TSLA,Tesla,0.005476676393300295,7.446803920174716e-06,0.9945158958435059
2024-09-09,216.2700042724609,216.2700042724609,219.8699951171875,213.6699981689453,216.1999969482422,67443500,0.0262896059281696,215.91626354892443,214.84875063473905,TSLA,Tesla,0.9998642206192017,1.2066468116245233e-05,0.00012380736006889492
2024-09-10,226.1699981689453,226.1699981689453,226.3999938964844,218.63999938964844,220.07000732421875,78891100,0.0457760840657874,218.47969720392965,215.8779549560305,TSLA,Tesla,0.20721714198589325,0.792336106300354,0.00044673867523670197
2024-09-11,228.1300048828125,228.1300048828125,228.47000122070312,216.8000030517578,224.5500030517578,83548600,0.0086660774184694,220.8922741236504,216.99177767664708,TSLA,Tesla,0.9997633695602417,0.0001820429606596008,5.4588243074249476e-05
2024-09-12,229.80999755859372,229.80999755859372,231.4499969482422,223.8300018310547,224.66000366210935,71894900,0.0073641898909537,223.1217049823862,218.15707039318767,TSLA,Tesla,0.999704897403717,3.971056139562279e-05,0.0002553774102125317
2024-09-13,230.2899932861328,230.2899932861328,232.6699981689453,226.32000732421875,228.0,59515100,0.0020886633855721,224.9137770583229,219.26006338345545,TSLA,Tesla,4.706621758998608e-09,1.0,3.0027742070615204e-08
2024-09-16,226.77999877929688,226.77999877929688,229.9600067138672,223.52999877929688,229.3000030517578,54323000,-0.0152416284214086,225.38033248856635,219.9436938739865,TSLA,Tesla,0.6010243892669678,0.03678516671061516,0.3621904253959656
2024-09-17,227.8699951171875,227.8699951171875,234.57000732421875,226.5500030517578,229.4499969482422,66761600,0.0048064041968332,226.00274814572165,220.66426671427743,TSLA,Tesla,0.3948080539703369,0.20726069808006287,0.3979312777519226
2024-09-18,227.1999969482422,227.1999969482422,235.67999267578125,226.8800048828125,230.08999633789065,78010200,-0.0029402649901351,226.30206034635177,221.25842400827423,TSLA,Tesla,0.6660005450248718,0.33379825949668884,0.00020125730952713639
2024-09-19,243.9199981689453,243.9199981689453,244.2400054931641,232.1300048828125,234.0,102694600,0.0735915556570718,230.70654480200017,223.3185671137898,TSLA,Tesla,0.7482550740242004,0.25172871351242065,1.6254671209026128e-05
2024-09-20,238.25,238.25,243.9900054931641,235.9199981689453,241.5200042724609,99879100,-0.0232453190042176,232.59240860150013,224.67597010344528,TSLA,Tesla,0.9993996620178223,2.68312555817829e-06,0.0005975489621050656
2024-09-23,250.0,250.0,250.0,241.9199981689453,242.6100006103516,86927200,0.0493179433368311,236.9443064511251,226.9781546394957,TSLA,Tesla,0.580847442150116,0.40255966782569885,0.016592880710959435
2024-09-24,254.2700042724609,254.2700042724609,257.19000244140625,249.0500030517578,254.0800018310547,88491000,0.0170800170898437,241.27573090645905,229.45923187885617,TSLA,Tesla,0.1991817206144333,0.6482165455818176,0.1526017040014267
2024-09-25,257.0199890136719,257.0199890136719,257.04998779296875,252.27999877929688,252.5399932861328,65034300,0.0108152149093614,245.21179543326224,231.9647552547485,TSLA,Tesla,0.54813152551651,0.342734694480896,0.10913386195898056
2024-09-26,254.22000122070312,254.22000122070312,261.75,251.52999877929688,260.6000061035156,67142200,-0.0108940468160233,247.46384688012245,233.9879594334716,TSLA,Tesla,0.9185840487480164,0.0794895738363266,0.0019264135044068098
2024-09-27,260.4599914550781,260.4599914550781,260.70001220703125,254.1199951171875,257.3800048828125,70988100,0.0245456305735665,250.71288302386137,236.39450779907224,TSLA,Tesla,3.855634700400401e-10,1.0,2.908850049720968e-09
2024-09-30,261.6300048828125,261.6300048828125,264.8599853515625,255.7700042724609,259.0400085449219,80705700,0.0044921042237542,253.44216348859916,238.6886438975941,TSLA,Tesla,0.16680969297885895,0.8331816792488098,8.643294677312952e-06
2024-10-01,258.0199890136719,258.0199890136719,263.9800109863281,248.52999877929688,262.6700134277344,87397600,-0.0137981722347083,254.5866198698673,240.4460389081466,TSLA,Tesla,0.02497274801135063,0.974566638469696,0.00046057123108766973
2024-10-02,249.0200042724609,249.0200042724609,251.16000366210935,241.5,247.5500030517578,93983900,-0.0348809593226284,253.1949659705157,241.22549030490245,TSLA,Tesla,0.1793176382780075,0.23129302263259888,0.5893893837928772
2024-10-03,240.66000366210935,240.66000366210935,249.7899932861328,237.80999755859372,244.47999572753903,80729200,-0.0335716025496675,250.06122539341413,241.1740824282849,TSLA,Tesla,0.10153702646493912,0.5021125078201294,0.3963504731655121
2024-10-04,250.0800018310547,250.0800018310547,250.9600067138672,244.5800018310547,246.69000244140625,86573200,0.0391423503099881,250.06591950282427,241.98371146490032,TSLA,Tesla,0.638397216796875,6.171277345856652e-05,0.3615410327911377
2024-10-07,240.8300018310547,240.8300018310547,249.8300018310547,240.6999969482422,249.0,68113300,-0.0369881635167652,247.75694008488188,241.87882877091437,TSLA,Tesla,0.4059204161167145,0.37930411100387573,0.21477553248405457
2024-10-08,244.5,244.5,246.2100067138672,240.55999755859372,243.55999755859372,56303200,0.0152389575262299,246.9427050636614,242.1171170644676,TSLA,Tesla,0.3283388018608093,0.2527581453323364,0.41890302300453186
2024-10-09,241.0500030517578,241.0500030517578,247.42999267578125,239.50999450683597,243.82000732421875,66289500,-0.0141104169662257,245.46952956068552,242.02010669967575,TSLA,Tesla,0.32377853989601135,0.3333222568035126,0.3428992033004761
2024-10-10,238.7700042724609,238.7700042724609,242.7899932861328,232.33999633789065,241.80999755859372,83087100,-0.0094586133600144,243.79464823862935,241.72464284265624,TSLA,Tesla,0.005382444243878126,0.994353175163269,0.00026433568564243615
2024-10-11,217.8000030517578,217.8000030517578,223.33999633789065,214.3800048828125,220.1300048828125,142628900,-0.087825107197193,237.29598694191148,239.5496755889382,TSLA,Tesla,0.032491862773895264,0.5629329085350037,0.4045751988887787
2024-10-14,219.16000366210935,219.16000366210935,221.91000366210935,213.7400054931641,220.1300048828125,86291900,0.0062442635045711,232.76199112196096,237.6960690501356,TSLA,Tesla,0.4971047341823578,0.08562548458576202,0.41726985573768616
2024-10-15,219.57000732421875,219.57000732421875,224.25999450683597,217.1199951171875,220.00999450683597,62988800,0.0018707960177875,229.46399517252544,236.0482452568704,TSLA,Tesla,0.09594579041004181,0.14618170261383057,0.7578725814819336
2024-10-16,221.3300018310547,221.3300018310547,222.82000732421875,218.92999267578125,221.3999938964844,49632800,0.008015641700267,227.43049683715773,234.7102231272508,TSLA,Tesla,0.9997710585594177,5.929581675445661e-06,0.00022300961427390575
2024-10-17,220.88999938964844,220.88999938964844,222.0800018310547,217.8999938964844,221.58999633789065,50791800,-0.0019879927608824,225.7953724752804,233.45383915110517,TSLA,Tesla,0.9940126538276672,8.10333076515235e-05,0.005906338337808847
2024-10-18,220.6999969482422,220.6999969482422,222.27999877929688,219.22999572753903,220.7100067138672,49611900,-0.0008601676940163,224.52152859352088,232.29439895084488,TSLA,Tesla,0.6603685021400452,0.33803698420524597,0.001594505156390369
2024-10-21,218.8500061035156,218.8500061035156,220.47999572753903,215.72999572753903,218.8999938964844,47329000,-0.0083823782071026,223.10364797101957,231.07218141926947,TSLA,Tesla,0.4491025507450104,0.00017124910664279014,0.5507261157035828
2024-10-22,217.97000122070312,217.97000122070312,218.22000122070312,215.25999450683597,217.30999755859372,43268700,-0.004021041161846,221.82023628344044,229.8810741284907,TSLA,Tesla,0.7998204231262207,0.200047105550766,0.00013245386071503162
2024-10-23,213.6499938964844,213.6499938964844,218.72000122070312,212.1100006103516,217.1300048828125,80938900,-0.0198192746709423,219.77767568670143,228.4055213801265,TSLA,Tesla,0.00015710828301962465,0.7985422015190125,0.201300710439682
2024-10-24,260.4800109863281,260.4800109863281,262.1199951171875,242.6499938964844,244.67999267578125,204491900,0.2191903507029042,229.9532595116081,231.3213840715993,TSLA,Tesla,0.4544753134250641,0.5331212282180786,0.012403519824147224
2024-10-25,269.19000244140625,269.19000244140625,269.489990234375,255.32000732421875,256.010009765625,161611900,0.0334382335984133,239.76244524405763,234.7639857415818,TSLA,Tesla,0.21467861533164978,0.7845437526702881,0.0007776676793582737
2024-10-28,262.510009765625,262.510009765625,273.5400085449219,262.239990234375,270.0,107653600,-0.0248151588662185,245.44933637444947,237.28635156194932,TSLA,Tesla,0.10956506431102753,0.6743935346603394,0.21604140102863312
2024-10-29,259.5199890136719,259.5199890136719,264.9800109863281,255.50999450683597,264.510009765625,80521800,-0.0113901209124279,248.96699953425508,239.30759133028775,TSLA,Tesla,0.5046215057373047,0.001119745895266533,0.49425873160362244
2024-10-30,257.54998779296875,257.54998779296875,263.3500061035156,255.82000732421875,258.0400085449219,53993600,-0.0075909421397183,251.11274659893348,240.9659910087133,TSLA,Tesla,0.24015052616596222,0.7500159740447998,0.009833472780883312
2024-10-31,249.8500061035156,249.8500061035156,259.75,249.25,257.989990234375,66575300,-0.0298970376797017,250.79706147507903,241.7736287446044,TSLA,Tesla,0.3996407985687256,0.59981769323349,0.0005415129126049578
2024-11-01,248.97999572753903,248.97999572753903,254.0,246.6300048828125,252.0399932861328,57544800,-0.0034821306973116,250.34279503819403,242.42875301578027,TSLA,Tesla,0.9993194937705994,5.4929940233705565e-05,0.0006256112246774137
2024-11-04,242.83999633789065,242.83999633789065,248.8999938964844,238.8800048828125,244.55999755859372,68802400,-0.0246606132822312,248.46709536311815,242.4661387723357,TSLA,Tesla,0.11313939094543457,0.0053693209774792194,0.8814913034439087
2024-11-05,251.44000244140625,251.44000244140625,255.27999877929688,246.2100067138672,247.33999633789065,69282500,0.0354142902042771,249.21032213269015,243.28194456043303,TSLA,Tesla,0.12945295870304108,0.48857638239860535,0.38197067379951477
2024-11-06,288.5299987792969,288.5299987792969,289.5899963378906,275.6199951171875,284.6700134277344,165228700,0.1475103244422446,259.04024129434185,247.39540403487524,TSLA,Tesla,0.40167078375816345,0.598109245300293,0.00021992079564370215
2024-11-07,296.9100036621094,296.9100036621094,299.75,285.5199890136719,288.8900146484375,117309200,0.0290437906570073,268.50768188628376,251.8967312737147,TSLA,Tesla,0.18790359795093536,0.8113321661949158,0.0007642894051969051
2024-11-08,321.2200012207031,321.2200012207031,328.7099914550781,297.6600036621094,299.1400146484375,204782800,0.081876653729253,281.6857617198886,258.1988467234409,TSLA,Tesla,0.6559533476829529,0.27138760685920715,0.0726589486002922
2024-11-11,350.0,350.0,358.6400146484375,336.0,346.29998779296875,210521600,0.0895959114311899,298.76432128991644,266.544406112219,TSLA,Tesla,0.712103009223938,0.279545396566391,0.008351665921509266
2024-11-12,328.489990234375,328.489990234375,345.8399963378906,323.3099975585937,342.739990234375,155726000,-0.0614571707589285,306.19573852603105,272.17582285059683,TSLA,Tesla,0.17023499310016632,0.619803249835968,0.20996180176734924
2024-11-13,330.239990234375,330.239990234375,344.6000061035156,322.5,335.8500061035156,125405600,0.0053274073853859,312.206801453117,277.4543835218494,TSLA,Tesla,0.4288836419582367,0.12089478224515915,0.45022162795066833
2024-11-14,311.17999267578125,311.17999267578125,329.9800109863281,310.3699951171875,327.69000244140625,120726100,-0.0577155950890946,311.9500992587831,280.52034799038864,TSLA,Tesla,0.19523385167121887,0.20009148120880127,0.6046746969223022
2024-11-15,320.7200012207031,320.7200012207031,324.67999267578125,309.2200012207031,310.57000732421875,114440300,0.0306575254497856,314.1425747492631,284.17486192041724,TSLA,Tesla,0.20244641602039337,0.0012793878559023142,0.7962742447853088
2024-11-18,338.739990234375,338.739990234375,348.54998779296875,330.010009765625,340.7300109863281,126085600,0.0561860468479837,320.29192862054106,289.13532813077705,TSLA,Tesla,0.40330392122268677,0.5964611768722534,0.00023493959452025592
2024-11-19,346.0,346.0,347.3800048828125,332.75,335.760009765625,88852500,0.0214323964542886,326.7189464654058,294.30484375525185,TSLA,Tesla,0.4262372553348541,0.5328491926193237,0.040913596749305725
2024-11-20,342.0299987792969,342.0299987792969,346.6000061035156,334.29998779296875,345.0,66340700,-0.0114739919673501,330.5467095438786,298.64349421198324,TSLA,Tesla,0.7539880871772766,0.044474873691797256,0.20153698325157166
2024-11-21,339.6400146484375,339.6400146484375,347.989990234375,335.2799987792969,343.8099975585937,58011700,-0.006987644766217,332.82003582001835,302.3704506152972,TSLA,Tesla,0.580666184425354,0.4104878902435303,0.00884584616869688
2024-11-22,352.5599975585937,352.5599975585937,361.5299987792969,337.70001220703125,341.0899963378906,89140700,0.0380402259831773,337.7550262546622,306.9331367010514,TSLA,Tesla,0.6209163665771484,0.16994425654411316,0.20913931727409363
2024-11-25,338.5899963378906,338.5899963378906,361.9299926757813,338.20001220703125,360.1400146484375,95890900,-0.0396244648214276,337.9637687754693,309.8110330316732,TSLA,Tesla,0.43092504143714905,0.4962286651134491,0.07284630089998245
2024-11-26,338.2300109863281,338.2300109863281,346.9599914550781,335.6600036621094,341.0,62295900,-0.0010631895668981,338.030329328184,312.39457648209634,TSLA,Tesla,0.9785804748535156,0.009943895973265171,0.011475584469735622
2024-11-27,332.8900146484375,332.8900146484375,342.54998779296875,326.5899963378906,341.79998779296875,57896400,-0.0157880618645235,336.74525065824736,314.2577981335819,TSLA,Tesla,0.4999993145465851,0.5000000596046448,6.962358725104423e-07
2024-11-29,345.1600036621094,345.1600036621094,345.45001220703125,334.6499938964844,336.0799865722656,37167600,0.0368589878751097,338.84893890921285,317.06708954526624,TSLA,Tesla,0.44314059615135193,0.1094399020075798,0.44741952419281006
2024-12-02,357.0899963378906,357.0899963378906,360.0,351.1499938964844,352.3800048828125,77986500,0.034563659025395,343.4092032663823,320.705535617323,TSLA,Tesla,0.09907476603984833,0.5999962687492371,0.3009289503097534
2024-12-03,351.4200134277344,351.4200134277344,355.69000244140625,348.20001220703125,351.79998779296875,58267200,-0.0158783022999925,345.4119058067203,323.4977608728149,TSLA,Tesla,0.498363196849823,0.00010448512330185622,0.5015323758125305
2024-12-04,357.92999267578125,357.92999267578125,358.1000061035156,348.6000061035156,353.0,50810900,0.0185247823097747,348.54142752398553,326.62796376399365,TSLA,Tesla,0.6692203879356384,0.16427457332611084,0.16650506854057312
2024-12-05,369.489990234375,369.489990234375,375.4299926757813,359.5,359.8699951171875,81403600,0.0322968116535151,353.7785682015829,330.5245116249374,TSLA,Tesla,0.06293182820081711,0.19163167476654053,0.7454364895820618
2024-12-06,389.2200012207031,389.2200012207031,389.489990234375,370.7999877929688,377.4200134277344,81455800,0.053397958017247,362.638926456363,335.86046522455246,TSLA,Tesla,0.003631012048572302,0.996362030506134,6.966531145735644e-06
2024-12-09,389.7900085449219,389.7900085449219,404.7999877929688,378.010009765625,397.6099853515625,96359200,0.0014644862094215,369.4266969785027,340.76315098094966,TSLA,Tesla,0.3328968584537506,0.33348867297172546,0.3336144983768463
2024-12-10,400.989990234375,400.989990234375,409.7300109863281,390.8500061035156,392.6799926757813,97563600,0.0287333729544849,377.3175202924708,346.23831818580646,TSLA,Tesla,0.45916131138801575,0.3515084981918335,0.18933016061782837
2024-12-11,424.7699890136719,424.7699890136719,424.8800048828125,402.3800048828125,409.7000122070313,104287600,0.0593032229193493,389.1806374727711,353.37756098833967,TSLA,Tesla,0.1979864239692688,0.601856529712677,0.2001570463180542
2024-12-12,418.1000061035156,418.1000061035156,429.2999877929688,415.0,424.8399963378906,87752200,-0.015702575706076,396.4104796304572,359.26141963517387,TSLA,Tesla,0.20140835642814636,0.798519492149353,7.212400669232011e-05
2024-12-13,436.2300109863281,436.2300109863281,436.2999877929688,415.7099914550781,420.0,89000200,0.0433628429039625,406.3653624694249,366.2585643034606,TSLA,Tesla,0.5996026396751404,0.40017229318618774,0.00022506198729388416
2024-12-16,463.0199890136719,463.0199890136719,463.1900024414063,436.1499938964844,441.0899963378906,114083800,0.0614125056796777,420.52901910548667,375.0550574589344,TSLA,Tesla,0.3074391782283783,0.6915577054023743,0.0010031663114205003
2024-12-17,479.8599853515625,479.8599853515625,483.989990234375,457.510009765625,475.8999938964844,131223000,0.0363699121797382,435.3617606670056,384.582778176446,TSLA,Tesla,0.20157620310783386,0.6000948548316956,0.198328897356987
2024-12-18,440.1300048828125,440.1300048828125,488.5400085449219,427.010009765625,466.5,149340800,-0.0827949436951747,436.5538217209573,389.632526058843,TSLA,Tesla,0.00023410542053170502,0.9997542500495911,1.1598754099395592e-05
2024-12-19,436.1700134277344,436.1700134277344,456.3599853515625,420.0199890136719,451.8800048828125,118566100,-0.0089973221801419,436.4578696476516,393.86320672874217,TSLA,Tesla,0.3784472644329071,0.5615131855010986,0.06003955379128456
2024-12-20,421.05999755859375,421.05999755859375,447.0799865722656,417.6400146484375,425.510009765625,132216200,-0.0346424912395865,432.6084016253872,396.3356422587287,TSLA,Tesla,0.2802043557167053,0.139566108584404,0.5802295804023743
2024-12-23,430.6000061035156,430.6000061035156,434.510009765625,415.4100036621094,431.0,72698100,0.0226571239258943,432.1063027449193,399.4505844264366,TSLA,Tesla,0.5212779641151428,0.031425319612026215,0.44729673862457275
2024-12-24,462.2799987792969,462.2799987792969,462.7799987792969,435.1400146484375,435.8999938964844,59551800,0.0735717422822457,439.6497267535137,405.1623493676057,TSLA,Tesla,0.5857227444648743,0.4001707136631012,0.014106573536992073
2024-12-26,454.1300048828125,454.1300048828125,465.3299865722656,451.0199890136719,465.1600036621094,76366400,-0.0176299946309711,443.2697962858384,409.6139544144427,TSLA,Tesla,0.4999118447303772,0.5000021457672119,8.602601155871525e-05
2024-12-27,431.6600036621094,431.6600036621094,450.0,426.5,449.5199890136719,82666800,-0.0494792261667481,440.3673481299061,411.6181407096851,TSLA,Tesla,0.6261476874351501,0.2209744155406952,0.1528778374195099
2024-12-30,417.4100036621094,417.4100036621094,427.0,415.75,419.3999938964844,64941000,-0.0330120925707874,434.62801201295696,412.1446737053601,TSLA,Tesla,0.5017241835594177,0.2186097502708435,0.2796660363674164
