Date,Adj Close,Close,High,Low,Open,Volume,Daily_Return,EMA_7,EMA_21,Ticker,Company,negative,neutral,positive
2021-01-02,-1.147586855211616,-1.1284033664163409,-1.139382812673501,-1.179743834004763,-1.1385060188821765,1.0774102456295584,0.9371068771094634,-1.0912128641851973,-1.161080929493579,AAPL,Apple Inc,,,
2021-01-03,-1.3393611495608333,-1.3350668115500055,-1.381621431825658,-1.44593995107273,-1.4648900748788192,1.4112805236816135,3.169236092332868,-1.407459248292474,-1.2964235664768555,AAPL,Apple Inc,,,
2021-01-04,-1.488729117629729,-1.49095946068801,-1.5035535473871156,-1.4557507267677054,-1.467827410620688,0.0444156517621802,0.3653842360324781,-1.5382641046713394,-1.5261717302151343,AAPL,Apple Inc,,,
2021-01-06,-1.4422318691158953,-1.449301346630982,-1.4655107858593566,-1.4083323045979097,-1.4214809366821353,-0.2027016108835934,-0.2090448239660435,-1.4144725293358724,-1.3835735155195648,AAPL,Apple Inc,,,
2021-01-07,-1.0364718894899876,-1.0265360044131442,-1.0759782133787583,-1.0217918659706815,-1.045486363828859,-0.7051369009432971,0.0846396873827469,-1.1020741149137043,-1.2104711965091342,AAPL,Apple Inc,,,
2021-01-09,-0.5532936190366264,-0.5305439378740279,-0.5020845878124061,-0.479588359065442,-0.5157651812914523,0.2176696574544923,0.2170957625984293,-0.6054675369961903,-0.6604795064881631,AAPL,Apple Inc,,,
2021-01-10,-0.8617438937352647,-0.8514419180886695,-0.8942181901699761,-0.9122391000853396,-0.8725032123391868,0.6927336930069734,0.4352632156048277,-0.8341836024787881,-0.7454552615845377,AAPL,Apple Inc,,,
2021-01-11,-0.6643481227264538,-0.6460798248400609,-0.673764967504661,-0.6280563908581732,-0.6410965380320622,0.0278085227856634,-0.3859869688457809,-0.6494404112025098,-0.7014754692081023,AAPL,Apple Inc,,,
2021-01-12,-0.1622404622441992,-0.1315366211572609,-0.0039510110926229,-0.0809477446426116,-0.0376127383506449,2.596614354380503,-0.2424200642458596,-0.2579512794869406,-0.4026124517965698,AAPL,Apple Inc,,,
2021-01-13,-1.248782686053171,-1.2341760208011272,-1.2671679299037546,-1.2595369264665446,-1.3013718423357317,0.4936736414489956,0.9195443032970448,-1.285833478696038,-1.3015362371802188,AAPL,Apple Inc,,,
2021-01-14,-1.3104331494025172,-1.2986158364501923,-1.281799682973914,-1.2507076763620095,-1.2347892142221286,0.5462341435012704,-0.9551941704333352,-1.2937127499895404,-1.30374774490559,AAPL,Apple Inc,,,
2021-01-15,-1.3655464339711902,-1.356221391245111,-1.30716152399242,-1.3082634716836925,-1.300718933878595,1.2551111682462934,-0.8717042290426128,-1.313603754572834,-1.3109818838528753,AAPL,Apple Inc,,,
2021-01-19,-1.3440620477682583,-1.3337649649743808,-1.3562593436913974,-1.310225528715912,-1.3333573394782587,0.5639919661189317,0.2738060705400341,-1.323071688521107,-1.3155220679013775,AAPL,Apple Inc,,,
2021-01-20,-1.2132872745005323,-1.1970742477134155,-1.2333518102237255,-1.2575748694343254,-1.304635382622367,1.0137307932062254,1.9138791948993328,-1.2969967157349132,-1.3072545838122616,AAPL,Apple Inc,,,
2021-01-21,-1.0625850067566307,-1.039554476678478,-0.9998926903232392,-1.0927557083279278,-1.136873997423136,1.5387190154083592,2.141223646108645,-1.2392092113785833,-1.2854550245445897,AAPL,Apple Inc,,,
2021-01-22,-0.994082870030882,-0.9679541289637364,-0.994039691905966,-1.0459912168727727,-1.055930891881113,1.3499820454206484,0.910414123157794,-1.1784904488356855,-1.259144562550197,AAPL,Apple Inc,,,
2021-01-25,-0.8742072943045823,-0.8426545114713442,-0.8236602010773516,-0.9962841434840728,-0.8343158404329449,2.7809640976038503,1.604595717925457,-1.1025404475374885,-1.223864074633948,AAPL,Apple Inc,,,
2021-01-26,-0.8667334477355481,-0.8348434287630527,-0.849347012318729,-0.8383321754499903,-0.8170175246312091,0.8171213543306848,0.0497253705273537,-1.043681924557617,-1.1910825238156204,AAPL,Apple Inc,,,
2021-01-27,-0.9009840303826124,-0.8706436026204241,-0.849347012318729,-0.8697260624928056,-0.8225664909377867,2.22492041157083,-0.5101312532419451,-1.008226974213881,-1.1645274066994853,AAPL,Apple Inc,,,
2021-01-28,-1.0557357683502742,-1.032394442557913,-0.924457117468033,-0.991051664375568,-0.9501822782269692,2.283857812389446,-2.142598026775458,-1.0208943417360994,-1.155053871308587,AAPL,Apple Inc,,,
2021-01-29,-1.2154658473131144,-1.1993521708527888,-1.0951620792540735,-1.203289002384822,-1.070618076485745,3.4412732287805694,-2.288173683417201,-1.0709163814512934,-1.1615808908220269,AAPL,Apple Inc,,,
2021-02-02,-1.121122667670578,-1.1007395505885686,-1.109143885375444,-1.0593992639083365,-1.0738821161399856,0.3168780195931612,0.3281624403842295,-1.099721595186299,-1.158118125485254,AAPL,Apple Inc,,,
2021-02-03,-1.422620089915972,-1.4219630567243444,-1.3559343702170028,-1.3733408976773414,-1.3127949840222828,0.9454651468183308,-1.299986069346324,-1.413392499438235,-1.3097330183212366,AAPL,Apple Inc,,,
2021-02-06,-1.4178675077118048,-1.423915948633152,-1.4690874807582974,-1.404735033257322,-1.4475917590770837,-0.4798695529992545,0.3245750286785225,-1.4174467880642838,-1.38850979199571,AAPL,Apple Inc,,,
2021-02-07,-0.9524471830105,-0.9389887139056228,-0.989162605626416,-0.9567141914398672,-1.003056834737844,0.1692178280863038,1.1210220434020688,-1.0650766737510549,-1.187031186919952,AAPL,Apple Inc,,,
2021-02-08,-0.7787723916879608,-0.7580361894363793,-0.7631818522497299,-0.711447251734873,-0.7269357046873663,-0.3604527555604869,-0.1900740010662903,-0.76249994496344,-0.8178783449123687,AAPL,Apple Inc,,,
2021-02-09,-0.5176309614705416,-0.4934421647863162,-0.5105383689908969,-0.4776263020332227,-0.4818214581451183,-0.0873536926888726,0.3962515707641424,-0.5823143149997866,-0.6458265587032375,AAPL,Apple Inc,,,
2021-02-11,-0.6311877995150489,-0.6115817449035984,-0.6129611477196142,-0.6002597718857199,-0.6518672706290812,-0.1534605449546201,0.3747948462082269,-0.6441019171175792,-0.6938586141566412,AAPL,Apple Inc,,,
2021-02-12,-0.1938819233594407,-0.1644078265420756,-0.2022941206670249,-0.3010338045848474,-0.3228720834353356,2.0888069499154565,-0.4172075617129738,-0.239546052090343,-0.3807168062162926,AAPL,Apple Inc,,,
2021-02-16,-1.1709713936167594,-1.1593214292925205,-1.118898555417576,-1.11891761333657,-1.08171501362753,0.226377788583153,-1.0136101985564274,-1.1174851122119165,-1.130211156807341,AAPL,Apple Inc,,,
2021-02-17,-1.244252203793949,-1.2358033932978865,-1.2421310623596424,-1.2274888536314703,-1.220102032881337,0.8014659517951146,-1.1056851258278106,-1.1506621979428568,-1.1417249996411696,AAPL,Apple Inc,,,
2021-02-18,-1.2794887000605728,-1.2725793931191791,-1.3143149137903027,-1.294855424648129,-1.287010865539706,0.7662553896000954,-0.5670907193844212,-1.184484071302465,-1.1555318641496264,AAPL,Apple Inc,,,
2021-02-19,-1.2744996349715978,-1.2673725015072483,-1.29122888205862,-1.2493993047774925,-1.253066643025767,0.4615735998170701,0.0230555173654451,-1.2085848130432442,-1.167610694235048,AAPL,Apple Inc,,,
2021-02-22,-1.395179738222054,-1.393323164332823,-1.3234191394006145,-1.354046682815346,-1.32585064653548,1.0003635134729307,-1.832484022465344,-1.2572753989099044,-1.1900295956029707,AAPL,Apple Inc,,,
2021-02-23,-1.3995449301130634,-1.397879505302139,-1.4212900524399292,-1.5898299380863814,-1.464563622282171,2.8028935991856607,-0.1171261960796082,-1.2949007335889366,-1.2108241482113546,AAPL,Apple Inc,,,
2021-02-24,-1.4154480645946352,-1.4144777440279284,-1.4586826166516225,-1.4642531341483895,-1.4260502938830453,1.2365873219078702,-0.2929802843763706,-1.3271541588611406,-1.2312355949198353,AAPL,Apple Inc,,,
2021-02-25,-1.5514079148445072,-1.556375847591393,-1.4294188601440263,-1.5195200329842282,-1.4345363478796096,2.468844250653428,-2.130466826693386,-1.385835540102055,-1.2626778276082355,AAPL,Apple Inc,,,
2021-02-26,-1.5429881335407434,-1.5475884442286116,-1.4817684012675507,-1.4979366730992232,-1.5027507461365306,3.011391328273025,0.0827416125259047,-1.4277105806195742,-1.2904636431098413,AAPL,Apple Inc,,,
2021-03-02,-1.1538163617863846,-1.1349123552037237,-1.126701892164247,-1.0921015225356687,-1.0729030031380815,0.5349294904100272,-0.5157898410743582,-1.114397121411672,-1.1585233964362227,AAPL,Apple Inc,,,
2021-03-03,-1.5180418302732526,-1.5215522449883392,-1.4538052832563175,-1.4770072471990856,-1.4302934432753482,1.3004690576514046,-1.5130407865039317,-1.4420497356657382,-1.3308766613220273,AAPL,Apple Inc,,,
2021-03-05,-1.191240694616459,-1.18047625633291,-1.1819776870064165,-1.150311503649611,-1.19431791113492,0.0459410669636973,0.4405176613014862,-1.1828605471119622,-1.2350798536682022,AAPL,Apple Inc,,,
2021-03-06,-1.4653465252833229,-1.4733848980531876,-1.4817684012675507,-1.434821300867568,-1.4345363478796096,0.0822227359197817,-0.7774303476087034,-1.4317223129443537,-1.3974974120306982,AAPL,Apple Inc,,,
2021-03-08,-0.7212986624954925,-0.6981527147566301,-0.7277403677146975,-0.7137366485652737,-0.7448869256823987,-0.2972276115776055,0.7053327076008097,-0.7517565671477243,-0.8082201762785775,AAPL,Apple Inc,,,
2021-03-09,-0.49729681421476,-0.4722873344913835,-0.5134646194580186,-0.4550616650949426,-0.485411702344125,-0.528623149287743,0.2022537188991491,-0.5597908834594375,-0.6305784128320505,AAPL,Apple Inc,,,
2021-03-11,-0.5852022845616344,-0.5637399206350385,-0.5999552537359658,-0.5619976910814756,-0.5954029692868065,-0.6379622580364877,0.535190124104968,-0.6284320994250687,-0.6825756603253603,AAPL,Apple Inc,,,
2021-03-12,-0.2540335220437855,-0.2268949976276179,-0.1775822265973073,-0.2382455301546598,-0.1505413410351945,1.4681586139781824,-0.7517446304746668,-0.2410018349318142,-0.3665128831198426,AAPL,Apple Inc,,,
2021-03-15,-1.4578578068631176,-1.4587395512362056,-1.509406298688635,-1.5234443923156065,-1.5412638232199327,0.6185918819732348,1.4116566239829091,-1.5337119682819116,-1.4620162775662662,AAPL,Apple Inc,,,
2021-03-16,-1.4085880988989827,-1.4073177099073628,-1.4047072164415864,-1.3828245821113003,-1.401245285138531,1.3754664276459942,0.7112461937798307,-1.5045222983790096,-1.4589418853690983,AAPL,Apple Inc,,,
2021-03-17,-1.4338471967568702,-1.4336794318142263,-1.4489279498610133,-1.4606561178854194,-1.4550984520198624,1.2661903251773123,-0.4364066749921191,-1.4890379624747456,-1.4585410587557406,AAPL,Apple Inc,,,
2021-03-18,-1.565752454398489,-1.5713467170749662,-1.5360687782035043,-1.5267145691249515,-1.493285575874222,1.574493318003939,-2.077986587607228,-1.5108874194565478,-1.4706787413328293,AAPL,Apple Inc,,,
2021-03-19,-1.5825917709526132,-1.5889212797097887,-1.5929704321321845,-1.547643995025089,-1.5905478874799182,3.707415071885265,-0.3185877920247485,-1.5315464381665933,-1.4833090424197048,AAPL,Apple Inc,,,
2021-03-22,-1.476567781166014,-1.4782667616890954,-1.5136331909036422,-1.5286766261571711,-1.5765133632805406,1.265517152816643,1.6435952247496373,-1.5201437424885924,-1.4847421080878722,AAPL,Apple Inc,,,
2021-03-23,-1.503073657183711,-1.5059303301715834,-1.5016027115746862,-1.4671964682338845,-1.478598146481548,0.7201745860342651,-0.4625960899145264,-1.5183159324873607,-1.4885571388198573,AAPL,Apple Inc,,,
2021-03-24,-1.5794731175590075,-1.5856667885706408,-1.5451730038138165,-1.5348901337817848,-1.4952438018780287,0.4901486058854898,-1.2461743556220557,-1.5363266580423849,-1.4992665398883052,AAPL,Apple Inc,,,
2021-03-25,-1.563881068076002,-1.569394072511443,-1.5854918184926303,-1.5698815407023532,-1.6022977330788408,0.8321798552656614,0.1982610289871771,-1.5458791954999864,-1.5075245356164664,AAPL,Apple Inc,,,
2021-03-26,-1.5445474634330452,-1.5492158134708274,-1.5913445697941495,-1.5724977802566054,-1.575860702875286,0.6738848669082271,0.2567223205511284,-1.548138904616682,-1.5131993517273583,AAPL,Apple Inc,,,
2021-03-29,-1.5389345187551071,-1.5433576259258868,-1.5555778679204912,-1.5133065220893884,-1.5334306776805056,0.2344326440711641,0.0380969115426963,-1.54840975517539,-1.5178262769857698,AAPL,Apple Inc,,,
2021-03-30,-1.5853978790047247,-1.5918502514368889,-1.626461080854788,-1.5744598372888243,-1.5836938516785537,0.3953539994712106,-0.7846302243645296,-1.5604000611534776,-1.5264364048456471,AAPL,Apple Inc,,,
2021-03-31,-1.5152349936474268,-1.5186230291704983,-1.5250137200322864,-1.4995716356002,-1.5334306776805056,1.4781301868280998,1.0713666137432607,-1.5515933484924245,-1.5276137045480471,AAPL,Apple Inc,,,
2021-04-01,-1.2948652355215513,-1.2823431203909943,-1.1969349110340008,-1.3161119450795091,-1.1460127118249548,2.3064339573719,,-1.3015530286342492,-1.309631921301161,AAPL,Apple Inc,,,
2021-04-02,-1.0463929736242965,-1.0226307120315548,-1.0737024040919343,-1.0600534497005951,-1.0552779834239752,0.3459836048621086,1.4894645984059796,-1.098151798164018,-1.1487101623978364,AAPL,Apple Inc,,,
2021-04-03,-1.5782260965412924,-1.5843649387404728,-1.5224124397880368,-1.5823083106846412,-1.5301668860781477,3.462204578241387,-0.9961468814307012,-1.478810656013778,-1.355802458950203,AAPL,Apple Inc,,,
2021-04-05,-1.3374902489541556,-1.333114163731939,-1.2658670410401145,-1.3180742506488938,-1.2220602588851437,2.116181520542682,-2.16650675025178,-1.2233470991281703,-1.2458973414271204,AAPL,Apple Inc,,,
2021-04-06,-1.3919413814453676,-1.396903181393106,-1.4391732798188812,-1.411275635413178,-1.4544457948784484,0.0470751800048253,1.0866972275551687,-1.423806993311837,-1.398710582934784,AAPL,Apple Inc,,,
2021-04-08,-0.7341043553041445,-0.7114964623432714,-0.7358691754187947,-0.6777639645914312,-0.697234634829571,-0.5763885418152487,-0.2170438366361115,-0.7469476759205284,-0.8006537581289754,AAPL,Apple Inc,,,
2021-04-10,-0.9715491810997376,-0.9656762058243622,-0.91730372767015,-0.9397088763339418,-0.8770725695400963,0.8148464960084223,-1.5219693440241908,-0.8690047285323652,-0.7660999294067556,AAPL,Apple Inc,,,
2021-04-11,-0.6017819572560285,-0.5809889606032693,-0.5849985239398889,-0.5351820973549057,-0.5565631882910327,-0.4428716021224577,-0.2598832019920317,-0.6208857913046316,-0.6738898621205496,AAPL,Apple Inc,,,
2021-04-13,-1.1323041811353471,-1.1189654091564007,-1.1627938178795774,-1.1470415753774303,-1.181262251885563,0.5808776491757256,1.4026626527185286,-1.2728692255234555,-1.4018390234745677,AAPL,Apple Inc,,,
2021-04-14,-1.207144075151434,-1.1970742477134155,-1.1517387597083593,-1.1558708254819656,-1.0996662378864026,0.4467837046023606,-1.1181921260760637,-1.2577864182441272,-1.3851422867378642,AAPL,Apple Inc,,,
2021-04-15,-1.1301202462758675,-1.116686991326459,-1.1517387597083593,-1.0911204940195596,-1.1362210922298397,0.517228041832422,1.0679207325058673,-1.2269343320235186,-1.3626630669798123,AAPL,Apple Inc,,,
2021-04-16,-1.1407234767233012,-1.1277523178286146,-1.1624688444051827,-1.1028933267467549,-1.1205547946233037,0.3704996800464913,-0.2018593573677432,-1.2064851732084665,-1.3432323896321836,AAPL,Apple Inc,,,
2021-04-19,-1.119518968278168,-1.1056216648243034,-1.1364565622063791,-1.1009312729847611,-1.1463394157373266,0.6802849785145925,0.252367283939545,-1.1857689868977357,-1.323558359813491,AAPL,Apple Inc,,,
2021-04-20,-1.1734673912974234,-1.1619251224437697,-1.1345057263939506,-1.1509656861716435,-1.0970551034254583,0.6984606322526693,-0.8178622001736743,-1.183917885071449,-1.3107861497607194,AAPL,Apple Inc,,,
2021-04-21,-1.161304834153186,-1.1492324234448548,-1.192382798228845,-1.1676436582091607,-1.1838733830826662,-0.1625765588436865,0.1245070922836367,-1.1794440712133285,-1.298022272008069,AAPL,Apple Inc,,,
2021-04-22,-1.2099501800080474,-1.200003219440515,-1.1793769042451978,-1.1640463901387987,-1.1616795055352558,0.3586976089547535,-0.7493940407956037,-1.188429426951917,-1.2910293866317764,AAPL,Apple Inc,,,
2021-04-23,-1.135733922723018,-1.1225449315261162,-1.147837091335023,-1.1395196961682994,-1.1904009630235417,0.1627480779598693,1.0278815417851783,-1.176340707095168,-1.2776379510843128,AAPL,Apple Inc,,,
2021-04-26,-1.1232612552073322,-1.109526957205893,-1.14978792389593,-1.0937367335738113,-1.1032564820854092,-0.2269756093077355,0.1273556993985189,-1.1641100085999625,-1.2642817504053396,AAPL,Apple Inc,,,
2021-04-27,-1.1335509624906557,-1.120267008386742,-1.1384073947672857,-1.0757503932220025,-1.09738180733783,-0.2564658644970654,-0.1971502255160444,-1.157547352871345,-1.2531150123378183,AAPL,Apple Inc,,,
2021-04-28,-1.15880981429514,-1.1466287302936056,-1.1510883152765388,-1.1094336803654452,-1.1202285900785378,1.1278252180396997,-0.411089104496615,-1.159033217609104,-1.2453574876709783,AAPL,Apple Inc,,,
2021-04-29,-1.1619274930616272,-1.149883472032581,-1.0844319945572505,-1.1300362635417316,-1.0497295164850025,2.5650614725491216,-0.0954493130174272,-1.1609385329984,-1.238600685242012,AAPL,Apple Inc,,,
2021-04-30,-1.2249178641862797,-1.2156248869119866,-1.198560770120513,-1.1751650403439613,-1.2028037170796022,1.19678061738828,-0.9555682963903432,-1.1783473839155367,-1.2384284121884248,AAPL,Apple Inc,,,
2021-05-01,-1.2450474707627344,-1.2302707284195369,-1.2577382333360172,-1.2614994805730944,-1.2971286896795884,0.7930562714667506,0.6885577894111602,-1.2889148837108606,-1.304910159075424,AAPL,Apple Inc,,,
2021-05-02,-1.0596467648313117,-1.043134493738761,-1.0730519596601138,-1.0185214406241705,-1.0210075596291108,0.0644682294221238,-0.2359484684803416,-1.0893301272419345,-1.1410452425347548,AAPL,Apple Inc,,,
2021-05-03,-1.5379993113096735,-1.5423813020168535,-1.5763875961338418,-1.6166457803501164,-1.55529834741931,2.6534559673570355,0.5913890209373689,-1.496176318316421,-1.3746495521252944,AAPL,Apple Inc,,,
2021-05-04,-1.3982976630419452,-1.3965776587265142,-1.4391732798188812,-1.4367833578997873,-1.4609733780831642,0.4941511627294705,1.3590576954250138,-1.5053258452663012,-1.5162896889018893,AAPL,Apple Inc,,,
2021-05-05,-1.329694347239355,-1.3249775583570558,-1.2996831607201431,-1.2765422415724696,-1.287010865539706,0.3399416342160994,0.0662250008943941,-1.2517342922123134,-1.2549925217617677,AAPL,Apple Inc,,,
2021-05-08,-0.7306702262966934,-0.7079164420284453,-0.7342433163322827,-0.6813612326617923,-0.7067000531437625,-0.9070256028640882,-0.0059625337481363,-0.7424698120151443,-0.7934497067476255,AAPL,Apple Inc,,,
2021-05-10,-0.9099206612402904,-0.9015616654966035,-0.916328309763936,-0.9040635354285064,-0.9511613912288728,0.235822098352546,0.7958903828090511,-0.8794861892403029,-0.7790266151731501,AAPL,Apple Inc,,,
2021-05-11,-0.5848653575646972,-0.5705746794342972,-0.5924768904636892,-0.5541494662228239,-0.5464453608873101,-0.2747675307952675,0.1634903353615638,-0.6109345300987008,-0.664390313695124,AAPL,Apple Inc,,,
2021-05-13,-1.4206792206687195,-1.426844920360252,-1.439498503660553,-1.397867591647841,-1.4378001394819675,1.0648587314170752,1.0207821175797396,-1.3785393783355389,-1.3163974491575643,AAPL,Apple Inc,,,
2021-05-14,-1.3432131475484954,-1.3461323886519885,-1.3829220703220215,-1.345871118158513,-1.3832940608796584,0.2708701706674035,1.135885552854676,-1.371558050187044,-1.3203648500399254,AAPL,Apple Inc,,,
2021-05-17,-1.3800721135671723,-1.3845360083153253,-1.4141366626420466,-1.368108663835777,-1.3646901794793715,0.0164110183343278,-0.6042957131477539,-1.3756727133767437,-1.3274650958206324,AAPL,Apple Inc,,,
2021-05-18,-1.424427358556091,-1.4307504600871264,-1.4121858268296172,-1.3808625250790811,-1.373176233475936,-0.34510243606522,-0.7231108103663166,-1.3900110772207197,-1.3381238867446748,AAPL,Apple Inc,,,
2021-05-19,-1.429424712768817,-1.4359576022988845,-1.479492344864973,-1.443650802779494,-1.48414661342052,0.6254960438201014,-0.1273168681436624,-1.4020326194720574,-1.3482873472467758,AAPL,Apple Inc,,,
2021-05-20,-1.3475866253677573,-1.3506887263667615,-1.388449601033392,-1.3703978121290123,-1.416585123620737,0.1030446534204904,1.2056683849859404,-1.3902874759226358,-1.349770186830907,AAPL,Apple Inc,,,
2021-05-21,-1.4063100566013893,-1.4118740508766787,-1.3793453754230802,-1.3668005440586504,-1.3320517738797073,0.1839016074609078,-0.9336565456984472,-1.3963760199535025,-1.3566840702748535,AAPL,Apple Inc,,,
2021-05-24,-1.3541457444428302,-1.3575232378207358,-1.3812962112355096,-1.3429277873432444,-1.3911272096829264,-0.3533927360734653,0.7453968320795412,-1.3877089933901408,-1.3580252507621446,AAPL,Apple Inc,,,
2021-05-25,-1.360392561034314,-1.3640322266081184,-1.3689402642006512,-1.3305010173609564,-1.3320517738797073,-0.0577075798593877,-0.1447783316806613,-1.3827934617271134,-1.359836581533703,AAPL,Apple Inc,,,
2021-05-26,-1.361954568754566,-1.3656595958503348,-1.399179685730216,-1.3272308405516111,-1.3601208222784618,-0.5695042766884019,-0.0742587279268535,-1.379503078813178,-1.3616312943472408,AAPL,Apple Inc,,,
2021-05-27,-1.4109955972418344,-1.4167559145125863,-1.3910508780261188,-1.3710517493841052,-1.3770926854835488,0.6922694362065117,-0.7907466486126068,-1.3894763834308757,-1.3679109968005942,AAPL,Apple Inc,,,
2021-05-28,-1.4319238803842371,-1.4385612954501334,-1.4508787824219198,-1.3883839039436556,-1.405488186478952,-0.0808673619624216,-0.3704711755406886,-1.4022656025752458,-1.3756034122546037,AAPL,Apple Inc,,,
2021-06-01,-1.382360151384848,-1.3737959538799338,-1.2801738206358793,-1.328538960328737,-1.3353155654820652,2.6972751770806163,-2.063418934832786,-1.3142707834138156,-1.3136322382671723,AAPL,Apple Inc,,,
2021-06-04,-1.3886306146670628,-1.3864886528788485,-1.4076337140244617,-1.3524114717772036,-1.3751344594797423,0.2129475025697958,0.0965336879008984,-1.4781697433302503,-1.506389766958993,AAPL,Apple Inc,,,
2021-06-05,-1.2785534958106377,-1.2716030692101463,-1.3224437214944,-1.3040122663582376,-1.3297670952792526,0.1451991709024158,0.7148081335888322,-1.2600508907871084,-1.258413702224439,AAPL,Apple Inc,,,
2021-06-07,-0.8880998337562316,-0.8719452018507644,-0.8867398268976995,-0.8808447126979682,-0.9322310572319378,1.1418092960936077,0.8293765394465865,-1.0210044809717698,-1.1596232034153735,AAPL,Apple Inc,,,
2021-06-08,-0.7525666273261311,-0.7378581809955919,-0.7579792950127535,-0.6990202332154196,-0.7272619092321324,-0.6507193716891754,-0.3357133374497975,-0.7446662573831524,-0.7889759245678696,AAPL,Apple Inc,,,
2021-06-10,-0.8820795077249715,-0.8725962504384908,-0.9192550577140882,-0.936438951331988,-0.9518142996860096,0.314082530430381,0.3264161206302939,-0.8802843339028218,-0.7881393429787065,AAPL,Apple Inc,,,
2021-06-12,-0.1450078980277141,-0.1136365358558477,-0.0826378111408684,-0.0891233092994447,-0.1417293305457473,1.1191005063110222,1.2350375416803996,-0.2144352402355207,-0.3432667052864036,AAPL,Apple Inc,,,
2021-06-14,-1.2485664370664322,-1.2475197683877683,-1.2967569070014997,-1.3059743233904568,-1.3320517738797073,0.7679068173617378,1.4189091785345038,-1.3519619856749645,-1.3814419992080025,AAPL,Apple Inc,,,
2021-06-15,-1.274805357923266,-1.2748578109491218,-1.2948055769575617,-1.230105093185723,-1.2628582658847238,-0.3648864080048964,-0.4356374356702543,-1.3342708052821362,-1.373012520012471,AAPL,Apple Inc,,,
2021-06-16,-1.2588754036207066,-1.2582598195686163,-1.2853763778728555,-1.260517954982654,-1.2488239897372286,0.5990665673938156,0.1845197180260398,-1.3169611918721669,-1.3638395071326592,AAPL,Apple Inc,,,
2021-06-17,-1.2076472703392007,-1.2048853304217069,-1.231400974411296,-1.2216026858050388,-1.2674276198217929,0.761778627595643,0.7027568172015921,-1.2909830473176274,-1.3506449650697725,AAPL,Apple Inc,,,
2021-06-18,-1.249191534140418,-1.2481703190303823,-1.2652170940913252,-1.2023079738687126,-1.237726553227838,1.1673931619190523,-0.6541179059988418,-1.282038697902253,-1.3425875209091676,AAPL,Apple Inc,,,
2021-06-21,-1.1917160985516186,-1.18828684109609,-1.235953087216452,-1.2359912610121544,-1.2511084170219609,0.1961016129530415,0.7926321325854169,-1.2607496358108636,-1.3298150110135278,AAPL,Apple Inc,,,
2021-06-22,-1.1392397267673748,-1.1336107559733832,-1.1816527135320216,-1.1571791970664829,-1.1913800760254454,0.0342849051521045,0.7085727806962786,-1.231470242282837,-1.313229892449953,AAPL,Apple Inc,,,
2021-06-23,-1.1479852188674722,-1.142723437912015,-1.1738488793023192,-1.1045285410551229,-1.137853110425039,-0.4488538826084074,-0.1756466231032816,-1.2117293196751588,-1.2989814127034292,AAPL,Apple Inc,,,
2021-06-24,-1.1570432595045628,-1.1521613919174114,-1.163444262311398,-1.114339316750098,-1.1156592361414688,-0.1670897981681753,-0.1803831402335979,-1.199221541525335,-1.2868867775673158,AAPL,Apple Inc,,,
2021-06-25,-1.1664158011283805,-1.1619251224437697,-1.1878306854236895,-1.1182634275443109,-1.1479709378287613,-0.0983565788598157,-0.185177596959941,-1.192218400191939,-1.2767799940303013,AAPL,Apple Inc,,,
2021-06-28,-1.114251485774322,-1.1075743093878272,-1.1436099520042622,-1.100603929916353,-1.1496029560239611,-0.3859437700258393,0.6994650230013106,-1.1737326128480126,-1.2626478366583351,AAPL,Apple Inc,,,
2021-06-29,-1.0658343368760168,-1.0571287919680172,-1.1032908869581708,-1.0679016712890204,-1.1042355918234716,-0.3048712681852076,0.6369508297883395,-1.147585449347466,-1.2452114075576397,AAPL,Apple Inc,,,
2021-06-30,-1.0461550272010625,-1.03662501026081,-1.0733769331345084,-1.0181945979003195,-1.0595211360801189,-0.347805073867908,0.2256221511580307,-1.1229826800907663,-1.2274948919030548,AAPL,Apple Inc,,,
2021-07-01,-1.2478491881995668,-1.2331996968920933,-1.2613149282349585,-1.2801395096428312,-1.3144270054813232,1.188115595819662,1.9896387743990889,-1.299163964445147,-1.3088123574605075,AAPL,Apple Inc,,,
2021-07-04,-1.335930679399448,-1.3314867944897228,-1.3819466524158068,-1.3690896923518865,-1.3970021324823871,0.322226921158481,0.7499582747648966,-1.444433352233221,-1.492394900972768,AAPL,Apple Inc,,,
2021-07-05,-1.2570010902213666,-1.2563066770599811,-1.2733459017954225,-1.2271620109076202,-1.2331571960269283,0.1732203849302847,0.2678337478672149,-1.2608207661845805,-1.2594811128475778,AAPL,Apple Inc,,,
2021-07-06,-1.3916290757662797,-1.3965776587265142,-1.4339709729491823,-1.3792273140409386,-1.3859051920767618,-0.0892737261707822,-0.0459490466730567,-1.41779127555118,-1.3997838671465332,AAPL,Apple Inc,,,
2021-07-07,-0.8084464097883663,-0.7889542523125597,-0.8301631464434138,-0.7961459805813073,-0.818976246738781,1.0333655397457533,1.0229143425480798,-0.9677432595005988,-1.1271572472095936,AAPL,Apple Inc,,,
2021-07-09,-0.4225295730581949,-0.3945037745102201,-0.4279499005693163,-0.4125486275024085,-0.4459190128912134,0.2828181510392866,0.8754659633598296,-0.5239307954414437,-0.609629974201017,AAPL,Apple Inc,,,
2021-07-10,-0.8417237553594026,-0.8306128610601557,-0.8519482925629781,-0.7941839268193136,-0.8346425410814754,-0.3984986003583259,0.4925023942655848,-0.8706451922319988,-0.7925986960533714,AAPL,Apple Inc,,,
2021-07-12,0.0385772501398395,0.0770792211946434,0.0376684420825542,0.0436477789718791,0.014608909703092,1.547158540816753,2.06874025478795,-0.1479370440344447,-0.3047334852987196,AAPL,Apple Inc,,,
2021-07-13,-0.7750247395163993,-0.7541308970547898,-0.7465987658841094,-0.7644247504700848,-0.8029832484837148,0.8979186182110428,0.4210232294828392,-0.8524931365649011,-1.0229025285932467,AAPL,Apple Inc,,,
2021-07-14,-0.6653862092540636,-0.6398966093190971,-0.6779916093523916,-0.6319810019969423,-0.6701446994327199,1.7675279795159242,1.3903385000292543,-0.8050671706603482,-0.9893063779995122,AAPL,Apple Inc,,,
2021-07-15,-0.6863147384498702,-0.6617019902566448,-0.6640102974625289,-0.6512752168589381,-0.6329369366321462,1.096660322248704,-0.3192975969209675,-0.7748070009550115,-0.960748047334712,AAPL,Apple Inc,,,
2021-07-16,-0.7515982665811917,-0.7297218229659929,-0.6718141316922316,-0.6908446685585865,-0.6583948538337971,0.6466993151211894,-0.8923393952400033,-0.768673488104729,-0.940973543502791,AAPL,Apple Inc,,,
2021-07-19,-0.8746685581577844,-0.8579509068760522,-0.8568253788425294,-0.8285213964847888,-0.8121219628855337,1.5812880478906968,-1.659985228731072,-0.795294743847236,-0.9346614080459628,AAPL,Apple Inc,,,
2021-07-20,-0.7590945423559344,-0.7375329056742844,-0.758304268487148,-0.7863352048863315,-0.8215868818321186,0.749452609543384,1.5023689243669254,-0.7859410056671611,-0.9179689190832112,AAPL,Apple Inc,,,
2021-07-21,-0.7825200406640238,-0.7619419797630812,-0.7898440813973225,-0.7317224918427523,-0.7540256400842185,0.0412454410390272,-0.3575154872340388,-0.7848684565213547,-0.9050142146666664,AAPL,Apple Inc,,,
2021-07-22,-0.7387896498911859,-0.7163780753793517,-0.722537813729244,-0.6931340653889874,-0.7406437762900956,0.1189985067563575,0.525022771382968,-0.7729701926502122,-0.8890924151572063,AAPL,Apple Inc,,,
2021-07-23,-0.6838143533494269,-0.6590982938508516,-0.705629753889229,-0.6568345386912928,-0.6880959204277521,-0.0763474903979263,0.6661618933023081,-0.7500999518985151,-0.8694074544002085,AAPL,Apple Inc,,,
2021-07-26,-0.670383566662288,-0.645103500931028,-0.6695378281738998,-0.6313268194749098,-0.6645962292299068,-0.043627334325384,0.1223613540555419,-0.7295400507182567,-0.8502390529401551,AAPL,Apple Inc,,,
2021-07-27,-0.7397268033953572,-0.7173543992883846,-0.6896971119554293,-0.7016364727696716,-0.6368538847435237,1.030281548142686,-0.941617410316642,-0.7317116315847301,-0.8393856373425646,AAPL,Apple Inc,,,
2021-07-28,-0.7956407201752129,-0.7756110026710299,-0.7625314078179093,-0.8000705917200773,-0.7775253312820629,1.4982722997281324,-0.7799434551639289,-0.7475249778937535,-0.8348184541096599,AAPL,Apple Inc,,,
2021-07-29,-0.7750247395163993,-0.7541308970547898,-0.7761877429818544,-0.7333577061511205,-0.781441783289676,-0.5654055523643254,0.2215032378330422,-0.7541549733593776,-0.8287124739504192,AAPL,Apple Inc,,,
2021-07-30,-0.7681520972772151,-0.7469708629342237,-0.7833411360312602,-0.7487278069486767,-0.7915596074295581,-0.1097341865911315,0.0396340149431765,-0.7573839667658722,-0.822510187593803,AAPL,Apple Inc,,,
2021-08-01,-1.2126646187875898,-1.196423199125689,-1.2287996974185698,-1.202635316937121,-1.1815889525340937,1.0415430916738864,0.4653914467797435,-1.2789079627280868,-1.301095834639971,AAPL,Apple Inc,,,
2021-08-02,-1.05497024508383,-1.0382523795030263,-1.088008689456191,-1.0492616422192838,-1.064090493281029,-0.08132830264288,0.0148714447885624,-1.0815275020390382,-1.1336338897897469,AAPL,Apple Inc,,,
2021-08-03,-1.6957868146289297,-1.7070611104268985,-1.606951991137801,-1.6611208717046435,-1.5569303688783505,2.673684299377154,-2.54248677433264,-1.549229275267501,-1.4067384859097891,AAPL,Apple Inc,,,
2021-08-04,-1.259220130830087,-1.251425060769358,-1.30163399328105,-1.2585558979504343,-1.2951704669396222,0.5005645388158491,1.0993449809603335,-1.399670556678922,-1.4724016184585476,AAPL,Apple Inc,,,
2021-08-06,-1.3653908898741576,-1.3692396129106172,-1.3643881513954943,-1.334098285431318,-1.3718706678773844,0.0216902813795784,0.3482365073358853,-1.4066231907775897,-1.3982727057377955,AAPL,Apple Inc,,,
2021-08-07,-0.8499923799859138,-0.8322397356118035,-0.8571508465484317,-0.8612236551121214,-0.8829472442876753,1.0553812604476491,-0.6007978716328088,-0.9383370336677967,-1.101580494048197,AAPL,Apple Inc,,,
2021-08-09,-0.4719579950541201,-0.4459256158390629,-0.4351032903671992,-0.425956674537972,-0.3803159971471198,0.0222341250601193,-0.6536409357640564,-0.5095750997298741,-0.5952707957994904,AAPL,Apple Inc,,,
2021-08-10,-0.8539238532229254,-0.8433055600590706,-0.8532491781750956,-0.7994164059278182,-0.8029832484837148,-0.4966391718559329,-0.2134347797975234,-0.8665108495091993,-0.7978089889311383,AAPL,Apple Inc,,,
2021-08-11,-0.611181801221145,-0.5979127252501936,-0.6129611477196142,-0.5508790408763129,-0.5621116552300045,-0.6210699427396872,-0.3827089270779928,-0.6101472385252067,-0.6582486522346792,AAPL,Apple Inc,,,
2021-08-12,0.1607586562208414,0.2040067026198183,0.1800853123829683,0.1208251289537394,0.1141561479611253,1.4341949129044034,1.3115651048451402,-0.0670675031801708,-0.2581228482838846,AAPL,Apple Inc,,,
2021-08-13,-0.6599685478955817,-0.641523483870745,-0.6822187486831527,-0.6126862900606161,-0.6417494464891991,-0.476682761676085,0.0336304204347308,-0.7130160589263442,-0.757817996223025,AAPL,Apple Inc,,,
2021-08-16,-0.5967777742624794,-0.5757820689913385,-0.6253170947544725,-0.6715504569668165,-0.6557842187404597,0.9797903049724692,0.7593645200381586,-0.6830542632394214,-0.7418176878561559,AAPL,Apple Inc,,,
2021-08-17,-0.6258686330144613,-0.6060490832797926,-0.6093849470521804,-0.585870699604273,-0.6006252349448536,0.6128185170474928,-0.4186361404831249,-0.6679629018970971,-0.7300292022822715,AAPL,Apple Inc,,,
2021-08-18,-0.7456847213360784,-0.7306981468750258,-0.6405992922564516,-0.6820154184540513,-0.6146595078285075,0.4170447404127834,-1.5755067864099903,-0.6870402198830972,-0.7306686471809771,AAPL,Apple Inc,,,
2021-08-19,-0.7350488233049488,-0.7196328203728702,-0.7290407590953063,-0.7359739457053723,-0.7703448428840506,0.4380788895937031,0.0882006107076078,-0.698650015976331,-0.7302418874911889,AAPL,Apple Inc,,,
2021-08-20,-0.6884357731120041,-0.671139947516584,-0.7127831436871119,-0.6614128352777648,-0.6916861678905992,-0.4377316161173456,0.5566257416666652,-0.6955322156608789,-0.7254359027356284,AAPL,Apple Inc,,,
2021-08-23,-0.6408860551306987,-0.6216707507512641,-0.6578323255708611,-0.6251133085800703,-0.663290911683238,-0.4515863654911251,0.562600336480505,-0.6811310971614262,-0.7165600341372653,AAPL,Apple Inc,,,
2021-08-24,-0.6437028872766064,-0.6246002171689321,-0.636047179451296,-0.5839086425720535,-0.6260831521465047,-0.8337824603512433,-0.0866592963062438,-0.6710448549167143,-0.7087580427732122,AAPL,Apple Inc,,,
2021-08-25,-0.6831190447769614,-0.6656072826382343,-0.6536051862401,-0.6280563908581732,-0.6143333032837416,-0.4894067141287398,-0.5542280094800646,-0.6734795559074072,-0.7054012119214406,AAPL,Apple Inc,,,
2021-08-26,-0.708769923563285,-0.6922947745569737,-0.6926238599055816,-0.6375403270995236,-0.6619850980328038,-0.8340875433915467,-0.3811630340793537,-0.6818128897055223,-0.7047807570709936,AAPL,Apple Inc,,,
2021-08-27,-0.6756105781744969,-0.6577961999299429,-0.7046543359830147,-0.6597776242396223,-0.6903808503439304,-0.5951544649139126,0.3788772856905152,-0.6796507805668763,-0.7010738430137651,AAPL,Apple Inc,,,
2021-08-30,-0.5342101484491267,-0.510691204754547,-0.5505319630795631,-0.6015676431256801,-0.6407703334872963,0.5706043094055081,1.7680564130249996,-0.642157680417392,-0.6843018890280175,AAPL,Apple Inc,,,
2021-08-31,-0.5745659008146948,-0.552674594132883,-0.5729675503794252,-0.5139258287309173,-0.5213136482304241,0.4212595289369752,-0.5544468525362655,-0.624275603041017,-0.6728796015479099,AAPL,Apple Inc,,,
2021-09-02,-1.0830352049404257,-1.067543567827558,-1.0580947356325292,-1.0188482833480217,-1.044833954739327,0.1002955899377563,-0.4437562140893853,-1.0827952608688407,-1.1295563166431948,AAPL,Apple Inc,,,
2021-09-03,-1.5482892614509016,-1.553121356452245,-1.5724859245089828,-1.5767489855820602,-1.618943388475321,1.849601949597552,2.3798847946373054,-1.5516007125095066,-1.421930321290506,AAPL,Apple Inc,,,
2021-09-04,-1.1768956661511687,-1.1655051395040523,-1.215468829960528,-1.2274888536314703,-1.2674276198217929,1.0922299859242977,1.1602183295972757,-1.3452137735775669,-1.446423135823604,AAPL,Apple Inc,,,
2021-09-06,-1.3532085877431603,-1.3565469139117023,-1.3874741831271773,-1.3239606670124917,-1.3519612208785456,-0.5594895942784417,0.133299082169917,-1.3951566249787324,-1.3957442774280864,AAPL,Apple Inc,,,
2021-09-07,-0.7915790591237302,-0.7713799370230205,-0.8054517498567277,-0.7964733236497153,-0.844760368485198,0.8668697866201628,0.7299233723492551,-0.9014636361464752,-1.0727924504312063,AAPL,Apple Inc,,,
2021-09-08,-0.7541313192653303,-0.7394855534923511,-0.7713106599538271,-0.7026175012857807,-0.7321579703454135,-0.8237578295812731,-0.0711611419906541,-0.7467105325205913,-0.7850571548669896,AAPL,Apple Inc,,,
2021-09-09,-0.5044912687418048,-0.4797726471878,-0.4653422176652553,-0.4269377030540812,-0.4289469016342445,-0.5453032329043324,-0.4515908552945636,-0.507061615754142,-0.5853005240567617,AAPL,Apple Inc,,,
2021-09-11,-0.5995897332727976,-0.5858710715844612,-0.6175137547562776,-0.5541494662228239,-0.6016043479467564,-0.5624741022814099,0.096367283467727,-0.6066160058830541,-0.6515666206220436,AAPL,Apple Inc,,,
2021-09-12,0.1444676393193053,0.187082941227438,0.2057721268758686,0.2261264442466868,0.2048908763621058,1.166411590398076,-0.2282872873041356,-0.0105481759531609,-0.2172936181876625,AAPL,Apple Inc,,,
2021-09-13,-0.6458921841829848,-0.6268781370537634,-0.6178387282306721,-0.596989346539209,-0.5875695724316564,0.9502204629030604,0.1820918157590892,-0.5699900957574824,-0.5951458446135308,AAPL,Apple Inc,,,
2021-09-14,-0.6906265335568091,-0.6734183653465258,-0.6292187631278086,-0.6571613814151438,-0.5967082868334753,1.1787674535303647,-0.6224339757429874,-0.599593045583385,-0.6028289616070674,AAPL,Apple Inc,,,
2021-09-15,-0.6621583337132685,-0.6438019017006876,-0.6822187486831527,-0.6748208823133274,-0.6551313102833219,0.3160788346723664,0.3166602048125886,-0.6145732300478247,-0.6071153786422504,AAPL,Apple Inc,,,
2021-09-16,-0.6696672892270414,-0.6516129844089791,-0.6975009461851319,-0.647023762996317,-0.6590477622909349,-0.1895366144705,-0.1470013227034587,-0.6277132987229114,-0.6117238235852775,AAPL,Apple Inc,,,
2021-09-17,-0.7550694505921185,-0.7404618741468411,-0.7023780324646831,-0.6947692796973556,-0.6466450082348754,1.8609762412088644,-1.1477733094036615,-0.6592338048735934,-0.6240077961657122,AAPL,Apple Inc,,,
2021-09-20,-0.8526726876433351,-0.8420034661381618,-0.8317890087814487,-0.8416021004519442,-0.8104899414264932,1.6490794891181195,-1.327943150189624,-0.7076349047759224,-0.6444259460280694,AAPL,Apple Inc,,,
2021-09-21,-0.8373441805285313,-0.8260565200908389,-0.8395923455281198,-0.7922218697870952,-0.8062472881379545,0.0691174296667477,0.1542721994475392,-0.7400470795788545,-0.6615350533285201,AAPL,Apple Inc,,,
2021-09-22,-0.7616388112406774,-0.7472961382555312,-0.780089908838221,-0.7621358539842401,-0.789275180144826,0.0880292620455567,0.9581578451136356,-0.7451507065914537,-0.6699133826624857,AAPL,Apple Inc,,,
2021-09-23,-0.7309818002065682,-0.7154017547248618,-0.7589547129189688,-0.6986933904915686,-0.7174707857407815,-0.2955164936559037,0.3510619744882675,-0.7412011257926142,-0.674624350545001,AAPL,Apple Inc,,,
2021-09-24,-0.7281654537764696,-0.7124727829977612,-0.7462737924097149,-0.7013096300458205,-0.7497824874280741,-0.6722376743905767,-0.014034912655898,-0.7375244708369096,-0.6786401127502637,AAPL,Apple Inc,,,
2021-09-27,-0.7766552555342982,-0.7629183036721141,-0.7953716121086924,-0.758211242845471,-0.755983866088024,0.0132971816512309,-0.6815250091287716,-0.7470682337325466,-0.686886704454707,AAPL,Apple Inc,,,
2021-09-28,-0.884894387421145,-0.8755252189110474,-0.8347152592485696,-0.8278672139627563,-0.8284411656853659,1.168023224719679,-1.4738488652112118,-0.7816849669685411,-0.7046425861461755,AAPL,Apple Inc,,,
2021-09-29,-0.8561131533248023,-0.8455834831984448,-0.8444699292907016,-0.8167485637575946,-0.8538990828870168,0.0282628312261152,0.3369519787499349,-0.8003460801775518,-0.7180563899715362,AAPL,Apple Inc,,,
2021-09-30,-0.8977200712699615,-0.8888689664976887,-0.8467457353260027,-0.8412752577280941,-0.8150592986274026,0.5075980293428444,-0.6074820321701286,-0.8248970646025464,-0.7341942895670129,AAPL,Apple Inc,,,
2021-10-02,-1.102367349240455,-1.0877215762683463,-1.0870332715499764,-1.066266957325209,-1.0494033119402373,-0.0233160993051832,-0.3232416749737342,-1.0886504002543689,-1.1276817423477572,AAPL,Apple Inc,,,
2021-10-03,-1.5829028559511793,-1.589246555031096,-1.5689092296100418,-1.5551656256970552,-1.532125112081954,1.2665451500176652,-0.5988062802350108,-1.5621603271318922,-1.4390217811724253,AAPL,Apple Inc,,,
2021-10-05,-1.361954568754566,-1.3656595958503348,-1.3292721378178882,-1.3144769793083062,-1.2801565784226183,0.4749176667103417,-1.593620713179029,-1.2880235555349626,-1.270399051298613,AAPL,Apple Inc,,,
2021-10-06,-1.3850694709753968,-1.38974314727254,-1.3731674035314123,-1.3429277873432444,-1.358162599538496,-0.0850025636065343,-0.5304319961570045,-1.3946394089749174,-1.3964654994714554,AAPL,Apple Inc,,,
2021-10-08,-0.7694593374688267,-0.7554324962851301,-0.7384699581800123,-0.7098120374265047,-0.7243245734902635,-0.1567401876378819,-0.2512395589971269,-0.7521322649668142,-0.7829474338002892,AAPL,Apple Inc,,,
2021-10-09,-0.6640355741894608,-0.6457545495187534,-0.4858269724042117,-0.5986245608475772,-0.4449398998893106,2.2265585748524592,-2.029966322171897,-0.5456508908655753,-0.5913583627778713,AAPL,Apple Inc,,,
2021-10-11,-0.6901291893272488,-0.6799273508793654,-0.6597831581317678,-0.6264211798200305,-0.6074790194304943,-0.2839465509643967,-1.1965161156835642,-0.6269363057483832,-0.6540734369241985,AAPL,Apple Inc,,,
2021-10-12,0.2976663904596789,0.3462300815045908,0.2994161509516987,0.2513073207392187,0.214682495957222,1.3812630054117594,1.6243195761940064,0.0707059248332302,-0.1656558489763159,AAPL,Apple Inc,,,
2021-10-13,-0.9161784479789744,-0.9080706510294432,-0.9436414808263796,-0.9092960178072368,-0.8940441814294604,0.1662366362033389,-0.3042330029880316,-0.8838088283558523,-0.8206340507838683,AAPL,Apple Inc,,,
2021-10-14,-0.8270208342298933,-0.8153164689099908,-0.8630033507341971,-0.833753878863519,-0.8656489284859396,-0.1274256868087268,1.1586714799076805,-0.8695586154605219,-0.8207457888941446,AAPL,Apple Inc,,,
2021-10-15,-0.7932354171400006,-0.7801673436403458,-0.8298381729690193,-0.7683493616088539,-0.811469054428396,-0.1926471350335936,0.3984964460925598,-0.8503000213798715,-0.8176451604460917,AAPL,Apple Inc,,,
2021-10-18,-0.739741432388623,-0.7245144334089506,-0.7667585471486713,-0.779794851267641,-0.8219135857444902,0.392611568228483,0.6552279321585727,-0.8222853223944859,-0.8097562113189475,AAPL,Apple Inc,,,
2021-10-19,-0.6706054205538297,-0.652589308318012,-0.6909979975675467,-0.6689342141423389,-0.7057209401418588,0.087186967564719,0.8509998478152276,-0.7837353577097741,-0.7960316803302512,AAPL,Apple Inc,,,
2021-10-20,-0.6549638791862228,-0.6363165922588141,-0.6721391051666261,-0.6175919297154954,-0.6505619563462528,-0.5083915011476213,0.1502752044262648,-0.7508548236381101,-0.7820723190710955,AAPL,Apple Inc,,,
2021-10-21,-0.6480819731961702,-0.629156558138249,-0.6757158000655675,-0.6257674943723285,-0.6469717088834058,-0.408834946408606,0.037430038153131,-0.7244485673621839,-0.7687297179319462,AAPL,Apple Inc,,,
2021-10-22,-0.6727942317443982,-0.6548672314573862,-0.6581577932767635,-0.6005866146095709,-0.6182497552913546,-0.4929848076122984,-0.3666851308752276,-0.7109130662101648,-0.7589423236855433,AAPL,Apple Inc,,,
2021-10-25,-0.6743603840265254,-0.6564946006996024,-0.6844950522014844,-0.6339430590291617,-0.6512148615395492,-0.763673051241515,-0.0708289908493437,-0.7011587527389375,-0.750193135367008,AAPL,Apple Inc,,,
2021-10-26,-0.6530861529942207,-0.6343634497501799,-0.6366976238831166,-0.5884869391585248,-0.6299996008902773,-0.4263307955460068,0.2228681368614299,-0.6884460143109453,-0.74022294025079,AAPL,Apple Inc,,,
2021-10-27,-0.6677890741237309,-0.6496598419003439,-0.6727895495984467,-0.6054917539198931,-0.6290204878883736,-0.5854548139042657,-0.2389000394593707,-0.6826414048585693,-0.7325526798530828,AAPL,Apple Inc,,,
2021-10-28,-0.5514168674717417,-0.5285907953653937,-0.5609370743019919,-0.5652681164279856,-0.6140066026352111,0.8730742471463335,1.4436184729615018,-0.6487657783896847,-0.7145498808920181,AAPL,Apple Inc,,,
2021-10-29,-0.6380701976119084,-0.6187417790241644,-0.6659611332749583,-0.6735125107288101,-0.6988666562886116,1.6979690463267434,-1.136266888309088,-0.6453419222608098,-0.7063967568724725,AAPL,Apple Inc,,,
2021-11-01,-1.3082548194478405,-1.296337916565362,-1.3087873830789318,-1.2592100837426936,-1.2873370700844722,0.8832414710764455,-1.4408175553301028,-1.2879659988184473,-1.303140916247666,AAPL,Apple Inc,,,
2021-11-02,-1.110475067723036,-1.0961832096192523,-1.1065426083827177,-1.0868690401569383,-1.0683336459371724,-0.3140270755143137,-0.1655228596129676,-1.095098584591076,-1.1267460393698536,AAPL,Apple Inc,,,
2021-11-03,-1.52115999475555,-1.5248067393820306,-1.5350933602972896,-1.4959743675298385,-1.504382516279848,0.970853361563581,0.9360529026417984,-1.5544166464919709,-1.448707438733969,AAPL,Apple Inc,,,
2021-11-05,-1.3913165304247854,-1.3962521328053796,-1.4355968352872177,-1.4465941368649886,-1.473049676278735,1.7374176098859777,-0.4937811656299753,-1.315874407572248,-1.28310739482066,AAPL,Apple Inc,,,
2021-11-06,-1.3463369201310944,-1.3493868797911368,-1.397553826643704,-1.33769555350168,-1.374155346477839,-0.6707620009891091,0.5372238099048331,-1.3844255367379792,-1.393450059713577,AAPL,Apple Inc,,,
2021-11-08,-0.7613262627036844,-0.7469708629342237,-0.7706602155220065,-0.7022906585619306,-0.7370535288272486,-0.8375263598349667,0.0560699057752688,-0.754135306796805,-0.7802586495251725,AAPL,Apple Inc,,,
2021-11-10,-0.8567397107417157,-0.8462345285316273,-0.8327644234361401,-0.8239430998983176,-0.8604266628278924,-0.3083167168686344,-0.0883601134465815,-0.8641244410356356,-0.8028125068360594,AAPL,Apple Inc,,,
2021-11-11,-0.6916963162364943,-0.6815547233761248,-0.6825442163890549,-0.6319810019969423,-0.642075651033965,-1.0860198122821092,-0.0709168270377478,-0.6425740927228235,-0.6565008948141531,AAPL,Apple Inc,,,
2021-11-15,-0.6249660963482215,-0.6122327934913248,-0.6028815042030875,-0.5747520493991103,-0.5960558777439433,-0.4817298963211047,-0.046708420119437,-0.6335332523095151,-0.6486663571726529,AAPL,Apple Inc,,,
2021-11-16,-0.5936366916631652,-0.579687361372929,-0.6155624247123405,-0.5776951349474397,-0.6100901538914385,-0.4806223122400031,0.3479328177505179,-0.6226453049924414,-0.6422912080714772,AAPL,Apple Inc,,,
2021-11-17,-0.5156284127064655,-0.498649056398247,-0.5014341433805855,-0.5237361073515616,-0.5754935222879677,0.499317677694609,0.9352926322976468,-0.5946896219079326,-0.6291019399114663,AAPL,Apple Inc,,,
2021-11-18,-0.378408129930635,-0.3561004021921671,-0.3821033048118541,-0.4563695330646772,-0.4870432244355597,2.124902916151356,1.6555691089626206,-0.538911793806495,-0.6041058657783815,AAPL,Apple Inc,,,
2021-11-19,-0.2944472982756114,-0.26887838375141,-0.3056923140504327,-0.3425658136612722,-0.3584483241444745,1.444365452954519,0.9643489510494712,-0.4757786096929079,-0.5734242911335686,AAPL,Apple Inc,,,
2021-11-22,-0.27972292256751,-0.253581991601245,-0.1535212744424419,-0.1963866783543848,-0.2269155887439137,1.4497475157198714,0.1243424816460079,-0.4246933336707705,-0.5441363661462294,AAPL,Apple Inc,,,
2021-11-23,-0.2675047797225616,-0.2408892926023301,-0.2803304730319269,-0.2598291385768306,-0.2451930175475523,0.7392356438132226,0.0941250988326235,-0.383279787770216,-0.5163529360612119,AAPL,Apple Inc,,,
2021-11-24,-0.2509007285682225,-0.2236402558886424,-0.2692754148607089,-0.2408617697089125,-0.2572690676912411,-0.1421326790233538,0.1456358512211745,-0.3480073878754744,-0.4895215304008389,AAPL,Apple Inc,,,
2021-11-26,-0.4116157465235033,-0.3905984788740866,-0.3242262362284825,-0.3481251387638526,-0.2957821480384845,0.1064503086638776,-1.944831111509474,-0.3623244735688155,-0.4803620204448161,AAPL,Apple Inc,,,
2021-11-29,-0.3041582272392933,-0.2789673895990757,-0.3001647865905855,-0.2686588890259229,-0.3023102273469648,0.4973677991326697,1.2571939062911257,-0.3458016620949216,-0.46185029818516,AAPL,Apple Inc,,,
2021-11-30,-0.1456354332672434,-0.1142875811890301,-0.1593737753766835,-0.2317051765359692,-0.2820740764357552,3.326014845825937,1.8374214103812008,-0.293194307621784,-0.4299965578141526,AAPL,Apple Inc,,,
2021-12-01,-1.3138582543215054,-1.3021958535104754,-1.3243945573068294,-1.3128417682701636,-1.3098576482804138,0.6035798067183042,-0.1341242026415761,-1.2961810478895186,-1.305531176964144,AAPL,Apple Inc,,,
2021-12-02,-1.1029914684918238,-1.0883726248560717,-1.1345057263939506,-1.089485282981417,-1.1189227764281036,-0.4511453215306864,0.0554943963720081,-1.098036224277256,-1.1251861001897892,AAPL,Apple Inc,,,
2021-12-03,-1.5501608938267926,-1.5550740010157684,-1.6014244604264305,-1.5646490583236228,-1.574228684680086,0.4760418313914597,-0.5066527847188604,-1.5559660506021298,-1.4602613105905768,AAPL,Apple Inc,,,
2021-12-04,-1.2317783187932407,-1.2227849210325528,-1.221646307620687,-1.1895541126254083,-1.178651117424619,0.5859678933807881,-0.8419443836789686,-1.318294228125077,-1.4280081495360992,AAPL,Apple Inc,,,
2021-12-05,-1.4893993159730368,-1.4984450207297104,-1.4885965704752848,-1.4635992001635223,-1.4763134678810932,1.2741390648252178,-1.5418576933439994,-1.3616449190898183,-1.303956792021052,AAPL,Apple Inc,,,
2021-12-07,-0.8106337606360068,-0.7912326701425014,-0.7836661095056547,-0.7523250750190387,-0.7318312664330417,0.0845606005221069,-0.3020569496152664,-0.8786425277535744,-1.0484275155494052,AAPL,Apple Inc,,,
2021-12-08,-0.6665374196328323,-0.6483582426700035,-0.6948996659408827,-0.6921530401431037,-0.7324841748901795,-0.0486512561303806,1.1914212834749662,-0.7315908467884782,-0.7688301486345395,AAPL,Apple Inc,,,
2021-12-10,-0.8974075227329684,-0.8885436911763812,-0.8834881054731526,-0.8491239796610762,-0.8290940741425036,-0.0236709241455361,-0.5949911760817592,-0.8726515480318077,-0.8112156798173701,AAPL,Apple Inc,,,
2021-12-11,-0.625279619512332,-0.6125580688126322,-0.6510044034788814,-0.6385213556156337,-0.6593744629394653,-0.3298118067300126,0.8065497736483946,-0.6374533478563387,-0.6524126539247014,AAPL,Apple Inc,,,
2021-12-13,0.1814370481656924,0.2254868082360585,0.3807042279926704,0.2787771002580467,0.407575094445733,2.6358937958195687,-1.2868739022751718,0.10216056988706,-0.129728719932547,AAPL,Apple Inc,,,
2021-12-14,0.1372624575029645,0.1795976285310215,0.2379623842178627,0.1702058599631464,0.2159878135038908,2.1763923114425654,-0.5304415032733805,0.1145450177745784,-0.1012545951396346,AAPL,Apple Inc,,,
2021-12-15,0.2929674447019877,0.3413484684685104,0.2951890116209375,0.1734757882353259,0.2114184563029814,1.90058729464826,1.6539677278885294,0.163333754866714,-0.0606111976577751,AAPL,Apple Inc,,,
2021-12-16,0.0724128876880468,0.1122283464642883,0.3485139706506763,0.1224603432621077,0.3475205489044506,2.534712342278937,-2.398405050411984,0.143973381055473,-0.0445669689740276,AAPL,Apple Inc,,,
2021-12-17,0.0373246178263241,0.0757776219643021,0.0991222088163911,0.0877960276025558,0.0423512574533164,4.035153844051221,-0.4394604923170782,0.1205516464379743,-0.0333069997643155,AAPL,Apple Inc,,,
2021-12-20,-0.0062224375968745,0.0305394908469914,0.0051532112661655,0.0148701314833166,-0.0115019126918562,1.1191701448310911,-0.5363380081879311,0.0919380041539541,-0.0271980811449749,AAPL,Apple Inc,,,
2021-12-21,0.0952830179003197,0.1359868699104702,0.0903429566804732,0.0691555014584887,0.0955520185089563,0.5782048564530673,1.0905723640659135,0.0962284309640466,-0.0120237599192927,AAPL,Apple Inc,,,
2021-12-22,0.1783037657788211,0.222232066497083,0.1768335909584213,0.1682433058565957,0.143856718451315,0.6096880997643793,0.8652581904449358,0.1205075790702311,0.0096398372660163,AAPL,Apple Inc,,,
2021-12-23,0.1983546256796405,0.2430611235255968,0.2090238483004155,0.2702746928773634,0.2355710559579636,-0.1788421274598637,0.1671837005906555,0.1438035871204378,0.0312344539339197,AAPL,Apple Inc,,,
2021-12-27,0.3252354664296421,0.3748702212413961,0.3251029654445999,0.3291388565133372,0.2760423590451722,0.0387948283565899,1.3230334974742102,0.1934636745332357,0.0628917772373511,AAPL,Apple Inc,,,
2021-12-28,0.2926534326265689,0.3410226952020915,0.354691942542344,0.3768838761400444,0.3762425057603432,0.1788909501359244,-0.3955374352806701,0.2224430889400502,0.0885830137370529,AAPL,Apple Inc,,,
2021-12-29,0.2954731918493298,0.3439521616197596,0.3319313817680874,0.3641300148967401,0.3491525670996508,-0.3780646688980031,-0.0206798488640189,0.2448929840737997,0.1122059408016101,AAPL,Apple Inc,,,
2021-12-30,0.2585057322571782,0.3055482913565961,0.3299805459556579,0.3624948005883718,0.3537219243005612,-0.4634846040629586,-0.4440238483843458,0.252352224284652,0.1301775294517809,AAPL,Apple Inc,,,
2022-01-02,0.1460347694240494,0.1887103104696543,0.143667915710212,0.1734757882353259,0.1755160110490765,0.4133273698890862,-0.1088556625575706,-0.0216811300525692,0.0512405530649209,AAPL,Apple Inc,,,
2022-01-03,-0.2049127722537645,-0.1826331904193402,-0.1242572675675685,-0.1646654482431614,-0.1283474667516245,0.322482262398735,-0.7459696253115369,-0.1447326978731457,-0.0268337587349115,AAPL,Apple Inc,,,
2022-01-04,0.1435943574440985,0.1789465831978391,0.1449688045738524,0.1613761095140541,0.1761689195062132,0.1658585985229629,-0.1534225128142288,0.1544646409970625,0.030101361064915,AAPL,Apple Inc,,,
2022-01-06,-0.6525902691075883,-0.6542161828696598,-0.6074336170082433,-0.6319810019969423,-0.6113959675418726,0.017803788735713,-0.1029234611117216,-0.7307021840560157,-0.6479364796651822,AAPL,Apple Inc,,,
2022-01-07,-0.9598264364256106,-0.9725109646236196,-1.0203774450621956,-1.0250617909726354,-1.063764288736263,-0.0894726933709801,0.9158324021806792,-0.9831999487251444,-0.9367127563695836,AAPL,Apple Inc,,,
2022-01-08,-0.2504809103337751,-0.237635048808466,-0.2221284309741607,-0.1999839464247468,-0.248783261746559,-0.1963247121172512,-0.418620295289165,-0.3681476146625936,-0.5448845740476512,AAPL,Apple Inc,,,
2022-01-09,-0.3551113558985911,-0.353170935774499,-0.3902321125159513,-0.4033920343294653,-0.3914129342889048,0.015923548693843,0.2307249613381521,-0.2352437734605967,-0.1431787147919851,AAPL,Apple Inc,,,
2022-01-11,-0.5850716078358548,-0.5910784611415034,-0.486802390310426,-0.5845623280197556,-0.4423287686922077,0.2198450321766558,-1.0996299895941066,-0.5930482048745161,-0.656741958484664,AAPL,Apple Inc,,,
2022-01-12,-0.6509456130077312,-0.6672346518804506,-0.6922983889481564,-0.6669721603803452,-0.6665544552337133,-0.0828802468044235,0.0623971607927898,-0.6873973666049945,-0.6838285903936439,AAPL,Apple Inc,,,
2022-01-13,0.0702196890776978,0.1099504233249141,0.2015449875451074,0.1564704731294005,0.2332861293056257,0.3566847241127515,-1.1884327946229924,0.1591695831729158,0.2949573865175895,AAPL,Apple Inc,,,
2022-01-14,0.0977892507634708,0.1385905630617194,0.1092018523329168,0.1335789901970437,0.0883715268471026,0.2218844459786841,0.2548872079178326,0.1472879183345527,0.2810823877149301,AAPL,Apple Inc,,,
2022-01-18,-0.004655310687629,0.0321668633437507,0.0688827872868255,0.0786394376998391,0.0939199970499158,0.5706043094055081,-1.1804288789117745,0.1123877693411749,0.2587589863002283,AAPL,Apple Inc,,,
2022-01-19,-0.1165006907309628,-0.08402057015512,0.0214108266743599,-0.0348374422499413,0.0446361841056534,0.6985501674927583,-1.307851384455281,0.0578388825228681,0.2278642000556857,AAPL,Apple Inc,,,
2022-01-20,-0.1703847500144455,-0.1399987524532787,-0.0241107923571839,-0.0923937346459548,-0.0539319411504771,0.5859844739808047,-0.6693671412862991,0.0032575110180231,0.1946708650329957,AAPL,Apple Inc,,,
2022-01-21,-0.236176352860122,-0.2083438604839344,-0.1330365197034864,-0.1538736407618508,-0.137486177889603,1.6281879330973417,-0.8139813235171929,-0.0543690258473479,0.1582593298424155,AAPL,Apple Inc,,,
2022-01-24,-0.260924694980206,-0.234055031748183,-0.2640728576237325,-0.4024110090835818,-0.2810949634338516,2.936254681238297,-0.3415284040467128,-0.1038672702585683,0.1228122725502321,AAPL,Apple Inc,,,
2022-01-25,-0.31857054332171,-0.2939385064279332,-0.2491161310791785,-0.326541527071456,-0.3150391859477913,1.39438489226481,-0.7314367123774368,-0.1556149835548941,0.0851239597886596,AAPL,Apple Inc,,,
2022-01-26,-0.321390302544471,-0.2968674781550328,-0.1961161455238343,-0.3003796220628149,-0.1675134522921643,1.1449098682966912,-0.0843786048601585,-0.1951411069090675,0.0505945982444076,AAPL,Apple Inc,,,
2022-01-27,-0.336114189341263,-0.3121638703051969,-0.2139996232700635,-0.2853368610634402,-0.2017838793508691,1.598531871907847,-0.2266725723498443,-0.2285209641416311,0.0178087296887914,AAPL,Apple Inc,,,
2022-01-28,0.0119477690350903,0.0494159000574385,-0.0023251520061109,-0.1375225114481845,-0.0953823572395885,3.521254727140116,4.121524834968187,-0.1652569009186377,0.0209929476650601,AAPL,Apple Inc,,,
2022-01-31,0.1513607615099614,0.1942429753480031,0.1488704729471884,0.081909362701793,0.0498584497637005,1.3858690960963405,1.5114455896058212,-0.0824415247466418,0.0371013527171615,AAPL,Apple Inc,,,
2022-02-02,0.1845698416412554,0.2287410520299226,0.1774840353902411,0.206832229384691,0.1996686107040587,0.3702310743262242,0.3705103655546537,0.0336650324029018,0.067746756317422,AAPL,Apple Inc,,,
2022-02-03,-0.0995129017185346,-0.0732805157197279,-0.0995458709808825,-0.132617375408088,-0.1384652908915067,0.1981410267550698,1.180352727872349,-0.1306918779338121,-0.0301554513342276,AAPL,Apple Inc,,,
2022-02-05,-0.3692847509306556,-0.353170935774499,-0.3964100876591428,-0.4491749969239532,-0.3891280076365669,1.635032404784149,0.0668772249536946,-0.2915341514185223,-0.1410008461047333,AAPL,Apple Inc,,,
2022-02-06,-0.5740519751421345,-0.5728526025736704,-0.6227158145102224,-0.6587965957235121,-0.6789572092897737,-0.0464791975282204,0.9545188318894856,-0.6905536050791828,-0.6397714318942826,AAPL,Apple Inc,,,
2022-02-08,-0.297603495584001,-0.2864531969860597,-0.2604961627247911,-0.2411886124327636,-0.2784838322367486,-0.4590410032585392,-0.6060220021847968,-0.3485061630315804,-0.5198859012763835,AAPL,Apple Inc,,,
2022-02-09,-0.422746553814147,-0.4231439109924824,-0.3271524866956034,-0.3935812586344895,-0.2899074732909054,0.1063839862638116,-0.8645397498521612,-0.2805755082404078,-0.1665599052053748,AAPL,Apple Inc,,,
2022-02-11,-0.7618679796288519,-0.7739836301742706,-0.5934523051183807,-0.7196228163917061,-0.6424023549463368,0.6584118509728382,-2.281283894117512,-0.6349596893321429,-0.665577741423262,AAPL,Apple Inc,,,
2022-02-12,-0.6667002782264981,-0.6835073679396484,-0.7290407590953063,-0.6983665477677176,-0.7399908678329579,-0.2753146905958117,-0.2522703337091073,-0.6815787068285252,-0.6811818940623275,AAPL,Apple Inc,,,
2022-02-14,-0.0267374852322499,0.0022251243766041,-0.0273620195502231,-0.0145621988718363,-0.0412029825496507,0.4123855918081495,0.0344032473476808,0.0572766750012132,0.0910196434871579,AAPL,Apple Inc,,,
2022-02-15,0.0959124991985869,0.1294773864325191,0.0822141489763761,0.1061092139484414,0.0762954767034148,-0.372145394692116,1.3336495980477916,0.0703921288574226,0.0955065587844992,AAPL,Apple Inc,,,
2022-02-16,0.0883850193785747,0.121666801669339,0.094895069485629,0.0995688635999766,0.1050174335593065,-0.4169130147366402,-0.1337365036316289,0.0783190895385185,0.0988721150637079,AAPL,Apple Inc,,,
2022-02-17,-0.0267374852322499,0.0022251243766041,0.0483985300309015,0.0478992328345002,0.0782537027072204,-0.1379643161792081,-1.322443731815027,0.0550591752241725,0.0910203197994035,AAPL,Apple Inc,,,
2022-02-18,-0.0762999935511184,-0.0491967169522386,0.0038523256540481,-0.0266618775931081,0.0387615093580742,0.2992130483355923,-0.6101070127740296,0.0250408507350517,0.0791847555637726,AAPL,Apple Inc,,,
2022-02-22,-0.1697781836376967,-0.1461819679742435,-0.1213310171004477,-0.1587792804167301,-0.1192087523498056,0.5774388327323055,-1.1157461064741323,-0.0211871345359071,0.0595652238519979,AAPL,Apple Inc,,,
2022-02-23,-0.3030952733404313,-0.2845000544774254,-0.1388895181207595,-0.2372645016385506,-0.100931323546167,0.5391840723742587,-1.5971997538388705,-0.0896789981181038,0.0290933992875908,AAPL,Apple Inc,,,
2022-02-24,-0.2193416665836834,-0.1976038093030863,-0.2461893831290262,-0.490707006000378,-0.5239247826913684,2.234991468020846,0.9466565662329508,-0.1198006588011346,0.0093299663206453,AAPL,Apple Inc,,,
2022-02-25,-0.1531526747092688,-0.1289329280060117,-0.1723801668433625,-0.200638132217005,-0.1564165151503793,0.6043458304390661,0.7245626143701035,-0.125600585893024,-0.0023633557903468,AAPL,Apple Inc,,,
2022-02-28,-0.1446846253969245,-0.1201460193337979,-0.1626254968012304,-0.1496226872437868,-0.18187442908819,0.7065619134207265,0.0472185412565274,-0.1278022908100007,-0.0121910355917592,AAPL,Apple Inc,,,
2022-03-01,0.3778678712222262,0.429546309618647,0.4050906511049619,0.3500682824134756,0.3001949587001544,1.0193151392917794,,0.39585266232604,0.4343388969280181,AAPL,Apple Inc,,,
2022-03-02,0.0924632586775588,0.1330574034928021,0.1891895379932797,0.1672622773404865,0.1908561008470049,0.5195824870347636,-1.0504236067528037,0.0518083653901444,0.0740224675290534,AAPL,Apple Inc,,,
2022-03-03,-0.1098655060037041,-0.08402057015512,-0.0491471624182645,-0.0475913002230199,-0.0053005372957457,0.0971187469745968,-0.169173711887699,-0.122787586492443,-0.0341564013018476,AAPL,Apple Inc,,,
2022-03-05,-0.3216028926851432,-0.3037022369542914,-0.3157719575669593,-0.3494330100038137,-0.3421291213446424,0.5046068890998695,0.5246924140372002,-0.2971344134501633,-0.1549935565539016,AAPL,Apple Inc,,,
2022-03-06,-0.7572007268277385,-0.7625925304056961,-0.7300161770015205,-0.7372818169453326,-0.7093111843408655,0.4914684216468024,-2.356069502430804,-0.7069047127078428,-0.649707624829354,AAPL,Apple Inc,,,
2022-03-08,-0.1053450192645651,-0.0872748139489841,-0.1245827385249946,-0.204562243011218,-0.2543317319493721,0.2904186980868458,2.236251101050013,-0.2850015127335546,-0.478937443661379,AAPL,Apple Inc,,,
2022-03-10,-0.8430305066397057,-0.8579509068760522,-0.889340609658918,-0.9586762484720868,-0.992938511230356,1.345084136175777,1.7880907773019783,-0.7425483874717411,-0.5392708325972319,AAPL,Apple Inc,,,
2022-03-11,-0.95533715373174,-0.9741378391752684,-0.898119858543312,-0.9240119328125348,-0.8672809466811396,0.8014659517951146,-2.5862277611214712,-0.7154740063452458,-0.6919474157207625,AAPL,Apple Inc,,,
2022-03-14,-0.599530245868114,-0.5920547850505364,-0.5300477058236381,-0.5528410979085323,-0.5608063409471761,1.160057904471757,-1.6389478935730235,-0.3801748380050485,-0.1931780992660182,AAPL,Apple Inc,,,
2022-03-15,-0.4593117448509731,-0.4465766644267893,-0.4829002244540594,-0.5436845047355899,-0.5787575619422084,0.6371787345917206,1.7238122665864608,-0.3985499381085102,-0.2154795621775987,AAPL,Apple Inc,,,
2022-03-16,-0.3181531632528066,-0.3001222198940084,-0.3388579892986419,-0.4102592306720068,-0.3780310672309416,0.946768381979627,1.684221345371875,-0.3765210987290964,-0.222374512210272,AAPL,Apple Inc,,,
2022-03-17,-0.2858432069950901,-0.2666004638665788,-0.3063427584822533,-0.3065931296874287,-0.3271152360914791,0.061868391339538,0.3352134919032021,-0.3518028398940653,-0.2255802888886956,AAPL,Apple Inc,,,
2022-03-18,-0.1804443110869776,-0.1572477924215105,-0.1931898950567135,-0.2369376589146995,-0.2651024645463911,1.6501671764792014,1.200115033158695,-0.3065257661604678,-0.2185048501078726,AAPL,Apple Inc,,,
2022-03-21,-0.136527657887648,-0.1116838880377809,-0.1323860752716657,-0.1306553183758686,-0.1671872477473983,0.7315919872056205,0.4598011427643197,-0.2614268588375131,-0.2079101822467864,AAPL,Apple Inc,,,
2022-03-22,-0.0286195988440325,0.0002724765585374,-0.0325645735356756,-0.0685207261231574,-0.1019104365480698,0.2580699474546729,1.1930339654609758,-0.2002277555009515,-0.1880510660893128,AAPL,Apple Inc,,,
2022-03-23,0.0149825565640683,0.0455106076758489,0.0721345087113723,0.021083142033599,-0.0209668316384411,0.8062477968398704,0.4416143281030658,-0.1432671060701284,-0.1658646828701842,AAPL,Apple Inc,,,
2022-03-24,0.1360658998014695,0.1711359951801151,0.1209073549359554,0.1048013427084812,0.0792328157091241,0.5432363710182889,1.3052881358959976,-0.0698292949375288,-0.134218880196029,AAPL,Apple Inc,,,
2022-03-25,0.156456124864771,0.1922903275299373,0.1579746985574998,0.1878648605167729,0.1712733577605378,0.2253796364621603,0.1725852375218096,-0.0095781880122356,-0.1035173660005439,AAPL,Apple Inc,,,
2022-03-28,0.1840598176726658,0.2209304672667426,0.1726064516276592,0.1633381665462734,0.115461465507795,0.5512116396262209,0.250451390713646,0.0426128481917948,-0.0729906035596815,AAPL,Apple Inc,,,
2022-03-29,0.2894587135807783,0.3302831387118118,0.2792563696871377,0.3052658479905398,0.2629871958995807,0.8900362009632032,1.0934113444780504,0.1084945065734585,-0.0352492219421926,AAPL,Apple Inc,,,
2022-03-30,0.2521294628159348,0.2915539963818839,0.298765706519879,0.3170386807177349,0.3236946531618402,0.6261990612608006,-0.4482988219215431,0.1484357873345118,-0.0044769681511467,AAPL,Apple Inc,,,
2022-03-31,0.1530044429827003,0.1887103104696543,0.2473915833025687,0.241823387768094,0.3005211632449204,0.971609436924333,-1.113567003648945,0.1532449736412121,0.0141026718495294,AAPL,Apple Inc,,,
2022-04-01,0.3054981328884316,0.3543664395341898,0.4070414836658685,0.3961780877318145,0.4568594067576002,0.8476230261210207,-0.8095715761415593,0.3774933668105384,0.4274796415228987,AAPL,Apple Inc,,,
2022-04-02,0.0833666963030674,0.1164594121122968,0.1196069635553466,0.1201709464317069,0.0994684672527289,0.2890226115654573,-0.1511097722211151,0.0631081820853355,0.0788654795471328,AAPL,Apple Inc,,,
2022-04-03,-0.2058528560302877,-0.1836095110738301,-0.1583983574704693,-0.1604139943805413,-0.1352012512372661,0.3311970257674024,-1.1513742343691231,-0.1412101554845291,-0.0468913742020945,AAPL,Apple Inc,,,
2022-04-04,0.2731472199232679,0.3133593740648876,0.2623488073301542,0.2431317560823856,0.1937939359564795,0.0901548949676708,1.366010745914174,0.1882453296887004,0.0569247309364455,AAPL,Apple Inc,,,
2022-04-05,-0.1164524195268836,-0.0908548310092662,-0.1281594334239361,-0.2532887882283658,-0.2925186044880083,1.144286437736071,2.401310486530333,-0.2492905079605456,-0.1482699000881161,AAPL,Apple Inc,,,
2022-04-08,-0.1153982404675816,-0.0976895898085248,-0.1050734016922534,-0.0842181699891216,-0.0855912337482376,-0.6060412868847402,-0.1658760579553116,-0.2399233971664471,-0.4426644258807073,AAPL,Apple Inc,,,
2022-04-10,-0.7282068993952242,-0.7391597802259322,-0.7869178309302007,-0.7438226676383545,-0.7703448428840506,0.4669225013823899,1.481391501980001,-0.7385454297089273,-0.5555953877091618,AAPL,Apple Inc,,,
2022-04-11,-0.9638447026041022,-0.9904105552344664,-0.9023469978740732,-1.0669206427729112,-0.8663018369430773,2.223958736769873,-0.1671305787646427,-0.7780180009970022,-0.7167261970595353,AAPL,Apple Inc,,,
2022-04-13,0.0209424205635265,0.0516938231968127,0.0201099410622424,-0.0076945054549634,-0.0405500740925139,-0.103821544625251,0.926479834383072,0.029769856482356,0.0539692597520187,AAPL,Apple Inc,,,
2022-04-14,-0.1393518045301885,-0.114613354455449,0.0275888018175514,-0.0642697726050943,0.0648718356492581,0.0523842881301055,-1.843793544602521,-0.0099215924600718,0.0395258788101925,AAPL,Apple Inc,,,
2022-04-18,-0.1462527269332883,-0.1217728938854466,-0.1242572675675685,-0.1123416349556526,-0.1538053806894351,-0.1567136586778555,-0.1302788431368388,-0.0414408534400981,0.0257414592061432,AAPL,Apple Inc,,,
2022-04-19,-0.0731633015670833,-0.0459424731583745,-0.0845886469532979,-0.10122298475049,-0.1179029354355302,-0.199826534840734,0.7933022946001436,-0.0465384297015411,0.0201376325598671,AAPL,Apple Inc,,,
2022-04-20,-0.0784966081496282,-0.0514751380367242,-0.0501225803244797,-0.029604959871211,0.004164381650839,-0.1929953276339399,-0.1114256932246823,-0.0517146041180041,0.014537753844677,AAPL,Apple Inc,,,
2022-04-21,-0.1039051530929375,-0.0778368566890439,0.0360425829960422,-0.0358184674958248,0.0090604427641202,0.4469495106025256,-0.3403116725301464,-0.0620425651162864,0.007038713718935,AAPL,Apple Inc,,,
2022-04-22,-0.2491424629013964,-0.2285223668698342,-0.0829632820982936,-0.1800355490407185,-0.0709035530398403,0.3691732320451721,-1.7142172287509785,-0.1066334201132221,-0.0135442897518385,AAPL,Apple Inc,,,
2022-04-25,-0.2149489294934697,-0.1930474683337703,-0.235784766138105,-0.2794501961626765,-0.2451930175475523,0.739384869213371,0.3521575052193368,-0.131402092146656,-0.0290152222049836,AAPL,Apple Inc,,,
2022-04-26,-0.4056714829489304,-0.3909237541953941,-0.2627724694946466,-0.3363523060366575,-0.2083114592917447,0.7253510493594134,-2.282673487731203,-0.1983625157995102,-0.0611565218804498,AAPL,Apple Inc,,,
2022-04-27,-0.4128859317116383,-0.3984090668918106,-0.3456864056221303,-0.380173211598927,-0.4152388300315153,0.4746523771100778,-0.1383992359719582,-0.2504130487626058,-0.0910596777891714,AAPL,Apple Inc,,,
2022-04-28,-0.1911094639091402,-0.168313118923666,-0.1918890061930722,-0.2640805924394508,-0.3062266760907375,1.8725163388203416,2.6492945884258923,-0.2331890408352283,-0.0972242372499125,AAPL,Apple Inc,,,
2022-04-29,-0.3790088453491776,-0.3632604363127332,-0.1372636590342475,-0.319020148206882,-0.2216933263497079,1.923279503830829,-2.23942232671188,-0.2679387511634796,-0.1206376141293073,AAPL,Apple Inc,,,
2022-05-01,0.1557471619261581,0.19879931631732,0.3169741577405027,0.2496721097010761,0.3582912815014706,0.6893512506036094,-1.64118332157825,0.3257339508556265,0.4070504574430264,AAPL,Apple Inc,,,
2022-05-04,0.1671207887756261,0.2033556572866359,0.2561708354384865,0.2424775735603531,0.2894242261031354,-0.0115372410534684,-1.1832987126072447,0.1866832695861723,0.0712603550149565,AAPL,Apple Inc,,,
2022-05-05,-0.4066120524412626,-0.391900078104427,-0.2061957890403609,-0.3942354444267486,-0.1560898112380076,1.8827465690305163,-3.3821372351140755,-0.2870174375401482,-0.1696590144495663,AAPL,Apple Inc,,,
2022-05-07,-0.8772060014572021,-0.886916318679622,-0.9368130645028914,-0.9835302822407676,-1.0072994880263817,-0.0131289786550515,1.081206538985546,-0.9568333044407086,-0.931028465224086,AAPL,Apple Inc,,,
2022-05-08,-0.1226331659862637,-0.1126602119468138,-0.1486436906798601,-0.1309821610997197,-0.1769783712387492,-0.5654884553644078,-0.1337469076457762,-0.2079502228428766,-0.4103746873280129,AAPL,Apple Inc,,,
2022-05-10,-0.7187709718582518,-0.7293965476446854,-0.7492000428768366,-0.7847004909225203,-0.8016774348332807,0.1897247141866992,0.0720612342787124,-0.7331494372748563,-0.5695415525505704,AAPL,Apple Inc,,,
2022-05-12,-0.7038827629293672,-0.7219107402577014,-0.6340963436388665,-0.6944419366289476,-0.6809154320297389,-0.1632629956843692,-0.5280388337303963,-0.6866474431217032,-0.6822999881247942,AAPL,Apple Inc,,,
2022-05-13,-0.7028544290639354,-0.706289072786229,-0.7257890376707594,-0.7814300655760092,-0.7847058229439166,1.334446023205197,1.8576677414981333,-0.6004985635165487,-0.3657238166303769,AAPL,Apple Inc,,,
2022-05-16,-0.7521755781669076,-0.7573856387937653,-0.7446479300716801,-0.7464389071926063,-0.7533727316270807,0.4275833697832647,-0.6888262353327563,-0.6380886151177003,-0.4000971432780963,AAPL,Apple Inc,,,
2022-05-17,-0.6359403849147142,-0.636967142901429,-0.6714886607348054,-0.6646832606242749,-0.6453396906882057,0.1520967005092758,1.4694069147869464,-0.6367937446424456,-0.4203287675559101,AAPL,Apple Inc,,,
2022-05-18,-0.9004530375512415,-0.9109996227565438,-0.7498504873086563,-0.8864045348748799,-0.7109427064323003,1.193577245465094,-3.4241838026333378,-0.7029261330517765,-0.4637918473823798,AAPL,Apple Inc,,,
2022-05-19,-1.0094611086926932,-1.023932311261895,-0.9351872021648564,-0.994321589377522,-0.9384324326280472,2.06746440157423,-1.5240679054295143,-0.7801794064845227,-0.513635600081958,AAPL,Apple Inc,,,
2022-05-20,-1.0019224126720776,-1.016121726498715,-0.9664020448521592,-1.1248037811630014,-0.96421705374207,2.111585378218111,0.0537718743056047,-0.8362068913024634,-0.5582335784978105,AAPL,Apple Inc,,,
2022-05-23,-0.8285128701140712,-0.836470801259812,-0.8831631319987581,-0.9599846167863784,-1.0066470789368505,1.4583163698083936,2.348158172047536,-0.834235675904732,-0.5823413181628431,AAPL,Apple Inc,,,
2022-05-24,-0.9149024118326324,-0.9259707395854004,-0.9251075618998528,-0.9704490811992816,-0.90807895368072,1.0075362810400643,-1.1996675154860426,-0.8546732066417326,-0.6124455053877098,AAPL,Apple Inc,,,
2022-05-25,-0.9098772631718006,-0.920763350028358,-0.9309605603171268,-0.937419979848098,-0.985758518936108,0.6212083006558369,0.0174466774627477,-0.8687265398976303,-0.6393366630683515,AAPL,Apple Inc,,,
2022-05-26,-0.8074648835885869,-0.8146654203222653,-0.848046624189643,-0.9766625888238956,-1.019702242082442,0.5588254511537932,1.336481343484573,-0.8532858011794815,-0.6540764520108081,AAPL,Apple Inc,,,
2022-05-27,-0.6233750766948409,-0.6239491685812066,-0.6744154086849578,-0.7111204090110219,-0.7585949972851278,0.571327223566227,2.38626729855754,-0.7950039705580344,-0.6500281035490507,AAPL,Apple Inc,,,
2022-05-31,-0.6485061788503981,-0.6499856151667628,-0.6425501248173582,-0.6594507815157712,-0.6384854068349594,0.9937975958664004,-0.3703518283439189,-0.7576680440201669,-0.6487297272968532,AAPL,Apple Inc,,,
2022-06-01,0.0642676220951837,0.1037667131133819,0.1586251429893204,0.1515653338190783,0.1327597780456896,0.7678239143616554,-1.0488399842545848,0.2637071754503168,0.3798079738748223,AAPL,Apple Inc,,,
2022-06-04,0.0657996464506877,0.0982340482350321,0.1043247660533665,0.1021851031542284,0.1216628409039046,0.5076676678629136,-1.1539331435038709,0.1598078206851124,0.0746894546609112,AAPL,Apple Inc,,,
2022-06-05,-0.3833659909743405,-0.3753020867239225,-0.3570664405192658,-0.4194163209192805,-0.4119752897448804,1.4052020757155683,0.2319487484505195,-0.3094154019237587,-0.1869003857703506,AAPL,Apple Inc,,,
2022-06-06,-0.7333256665828614,-0.7378581809955919,-0.7105068401687802,-0.722893241738217,-0.705068031684722,-0.0713401491929462,0.2618807981862561,-0.7131112431436167,-0.6564776336708293,AAPL,Apple Inc,,,
2022-06-07,-0.8344815153440875,-0.8426545114713442,-0.8552000139875251,-0.8478156113467846,-0.8904539372304537,0.0104320539683814,0.5237559331775775,-0.9262196586728034,-0.9218114753904104,AAPL,Apple Inc,,,
2022-06-09,-0.4630130750726911,-0.4648020250495109,-0.4334774312806872,-0.4354401104347654,-0.396961404491717,-0.0011577854431454,-0.5419027805134646,-0.3247894234902288,-0.1916320194895948,AAPL,Apple Inc,,,
2022-06-10,-0.7492851185343582,-0.7609656558540474,-0.7439979831228918,-0.7124282802509821,-0.7448869256823987,-0.1773299767383598,-0.4468608556213856,-0.7368434954360558,-0.5851120328356434,AAPL,Apple Inc,,,
2022-06-12,-0.8211024126536911,-0.8429797867926517,-0.7518013198695629,-0.8203458318279556,-0.7037622180342878,-0.2991973868595646,-1.5676518753151805,-0.7201861471639536,-0.6944265931737312,AAPL,Apple Inc,,,
2022-06-13,-1.1813001083532937,-1.2019558640040389,-1.145235814342297,-1.1630653648929152,-1.167227975738068,1.6069050749161746,-2.3398729039240984,-0.8979023021522434,-0.7483038387867884,AAPL,Apple Inc,,,
2022-06-14,-1.1536554556424536,-1.173316222212344,-1.1878306854236895,-1.1617574936529549,-1.1587416704257811,0.3659201183219367,0.3482823089154071,-0.9629918309535934,-0.7859497037931203,AAPL,Apple Inc,,,
2022-06-15,-1.0697789755678666,-1.086419977038005,-1.075653239904364,-1.1395196961682994,-1.1208814985356754,0.589715108984515,1.1518191211416466,-0.9905305699410356,-0.8122233450834141,AAPL,Apple Inc,,,
2022-06-16,-1.2384751830373228,-1.2611887880411732,-1.2366035316482724,-1.241551083189067,-1.193012097484486,1.139889262611698,-2.4215700064631465,-1.0539807342949712,-0.8520976189580683,AAPL,Apple Inc,,,
2022-06-17,-1.1913538152721197,-1.2123706398635794,-1.2141679443484104,-1.2163702034263086,-1.2586151132285806,2.015225563162275,0.6388949453974426,-1.0896142596209712,-0.8838807629917748,AAPL,Apple Inc,,,
2022-06-21,-1.0559551872717703,-1.072099908796874,-1.0847574622631524,-1.101584958432463,-1.1492767514791953,0.2404447696371435,1.908185448674284,-1.0819904655682608,-0.8999413531013122,AAPL,Apple Inc,,,
2022-06-22,-1.0722915483005333,-1.0890231754986863,-1.061996901488896,-1.0822907435704674,-1.1045622957358434,-0.0112918481732243,-0.2795459516257622,-1.0804169524898042,-0.9160902635931926,AAPL,Apple Inc,,,
2022-06-23,-0.9805594362485578,-0.9939905722947484,-1.035009201383878,-1.0260428194887454,-1.0383058754308467,-0.0436372826853939,1.239277476411331,-1.0559655298351682,-0.92207665642221,AAPL,Apple Inc,,,
2022-06-24,-0.8740654045736977,-0.8836615769406464,-0.9270583944607592,-0.8906554883929431,-0.9377800235385152,0.5095910174648265,1.4152395511997595,-1.0106107626408551,-0.9174252539910688,AAPL,Apple Inc,,,
2022-06-27,-0.8740654045736977,-0.8836615769406464,-0.8756842712434499,-0.8514128794171456,-0.8463923899442385,-0.1174507978388061,-0.0506966255425525,-0.976594684813147,-0.9131967066292656,AAPL,Apple Inc,,,
2022-06-28,-1.006634523884608,-1.0210033427893384,-0.8779605747617817,-0.9707759239231328,-0.8649960200288027,-0.221062967341855,-1.83189828842749,-0.9847137519794942,-0.921917563128433,AAPL,Apple Inc,,,
2022-06-29,-0.9504022108050516,-0.9627472373518056,-0.9673774595068506,-0.9920326896214516,-1.017417315430104,-0.2489515365695919,0.7280400664090472,-0.9765376209766832,-0.9245158814789108,AAPL,Apple Inc,,,
2022-06-30,-1.029253542218807,-1.0444360929691014,-1.04216259118176,-1.0868690401569383,-1.0242715992833515,0.8361525670296126,-1.1286353047593356,-0.9904091139199774,-0.934351570416466,AAPL,Apple Inc,,,
2022-07-01,0.0695926427494769,0.1092993779917316,0.1209073549359554,0.1316169364350501,0.1389611567056395,0.4297487961454184,0.0083915975635482,0.2185379873232079,0.3555467912882666,AAPL,Apple Inc,,,
2022-07-02,0.0604673112997616,0.0927013866112263,0.1147293797927648,0.1290006936105726,0.1379820437037368,0.1161134823534882,-0.3038986394988852,0.0657737584684719,0.0810977996990789,AAPL,Apple Inc,,,
2022-07-03,-0.3272482620888713,-0.3095601738994047,-0.1756313907848778,-0.2604833243690898,-0.1720828094930737,0.7517341001056531,-1.468831080939811,-0.18582357595697,-0.0699745607844816,AAPL,Apple Inc,,,
2022-07-04,0.0755242265850196,0.1083230540826978,0.0955455139174496,0.0930285099812861,0.0824968553633648,0.1275043545648172,0.0571800260434181,0.1421182389098187,0.078728517988546,AAPL,Apple Inc,,,
2022-07-06,-0.6525902691075883,-0.6542161828696598,-0.6965255282789176,-0.7490546496725278,-0.7925387204314609,-0.1970277295579504,1.0008116124240782,-0.6972845793453128,-0.6549800318228667,AAPL,Apple Inc,,,
2022-07-07,-0.7267280257703868,-0.7310234221963333,-0.7761877429818544,-0.7758707404734289,-0.827135848138697,-0.2485768150092192,1.3843174459108605,-0.8759237105970044,-0.9032194418845554,AAPL,Apple Inc,,,
2022-07-09,-0.4180276138207937,-0.4182618000112905,-0.4471337664446315,-0.4380563499890172,-0.4508145746368898,0.4543046647698407,0.5026208361624558,-0.3465376098346528,-0.210161095988089,AAPL,Apple Inc,,,
2022-07-10,-0.9172721202072962,-0.9347581462027256,-0.8883651917527029,-0.9011204531504036,-0.8516146523384452,0.4037669959195778,-2.246213337670356,-0.7822302382236961,-0.6151889410227641,AAPL,Apple Inc,,,
2022-07-11,-0.9468300937706864,-0.9728362399449272,-1.0168007501632543,-1.0247349482487842,-1.0288409564842609,0.3191727746354435,0.1826189524758836,-0.820609604800658,-0.7376397039965338,AAPL,Apple Inc,,,
2022-07-12,-0.8831770816572638,-0.9070943303749534,-0.8795864370998165,-0.883134109528369,-0.8630377972888366,-0.1335936700148612,-0.8749239724552652,-0.7610877430949249,-0.7113342627043737,AAPL,Apple Inc,,,
2022-07-13,-0.7537451432416972,-0.7590125133454131,-0.7794394676579243,-0.8138054814794908,-0.8369269716300479,-0.0850290925665607,-0.2023639520538852,-0.7868759375144381,-0.8502710128582172,AAPL,Apple Inc,,,
2022-07-14,-0.6601294540395125,-0.6620272655779513,-0.6981513906169525,-0.7768517689895381,-0.8013512302885147,0.1456103697828247,1.1740134544246918,-0.7545206968426934,-0.8318703990388167,AAPL,Apple Inc,,,
2022-07-15,-0.6067251893064681,-0.606700128612975,-0.636047179451296,-0.6149756901612435,-0.6153124162856453,0.0832407847607942,0.6339319914764617,-0.7167062745687234,-0.8100808745124349,AAPL,Apple Inc,,,
2022-07-18,-0.7041104709746144,-0.7075906720165703,-0.6129611477196142,-0.6640290781022424,-0.5839793282326498,0.2543857381310087,-1.2850174434749186,-0.7130508847931262,-0.7995024614663413,AAPL,Apple Inc,,,
2022-07-19,-0.5806505905817264,-0.579687361372929,-0.6240167033738637,-0.6571613814151438,-0.6760198702840634,0.3061669519825084,1.5470930904926723,-0.6789891182817162,-0.7781841066899763,AAPL,Apple Inc,,,
2022-07-20,-0.516563620151899,-0.5132948979057971,-0.5430535998072856,-0.544011847803997,-0.5715770735441951,-0.2960072794163919,0.7571160571186558,-0.6371847314710221,-0.7527295794760345,AAPL,Apple Inc,,,
2022-07-21,-0.4439964063865069,-0.4381145331307715,-0.4829002244540594,-0.4926690630325974,-0.4612591026891428,-0.2872792515677113,0.8518159649939397,-0.5874220471843913,-0.7227111273216786,AAPL,Apple Inc,,,
2022-07-22,-0.4835788320776905,-0.479122096545185,-0.4598146869538853,-0.444596700337482,-0.4322109412884851,-0.2345927369553112,-0.5356600730591863,-0.5601416000422451,-0.6991732756733247,AAPL,Apple Inc,,,
2022-07-25,-0.5193921542142209,-0.5162238696328968,-0.5001337519999767,-0.4815504128274357,-0.4772521009442089,-0.6673961391857615,-0.4930690287995509,-0.5487666580508158,-0.6811696404838193,AAPL,Apple Inc,,,
2022-07-26,-0.5618016536247984,-0.5601599035747555,-0.563538354546242,-0.5299496149761754,-0.5343693107436214,-0.6171635533758021,-0.5784506471763469,-0.5509942067441659,-0.6688223011107716,AAPL,Apple Inc,,,
2022-07-27,-0.3987588586294183,-0.391249527461813,-0.4256735970509846,-0.4854745236216478,-0.5239247826913684,0.1615277457986556,1.9963148030632816,-0.5113029556022851,-0.6421441384766764,AAPL,Apple Inc,,,
2022-07-28,-0.3811664524944768,-0.3730236688939799,-0.415593953534458,-0.4118944417101495,-0.3803159971471198,0.2529863354896169,0.1628657357536198,-0.4770715443169082,-0.6162238453475046,AAPL,Apple Inc,,,
2022-07-29,-0.2190671508727827,-0.2050896166900703,-0.2208275421105204,-0.2454400662953837,-0.2412760694361749,0.929746738002698,1.9100985316205,-0.4102754280658864,-0.5772960554676255,AAPL,Apple Inc,,,
2022-08-02,0.1599053653857991,0.1958703445902194,0.1602510020758324,0.1446976404022064,0.1011004854479281,0.0357970558736085,1.053481037146799,0.0929991295075191,0.092551990460261,AAPL,Apple Inc,,,
2022-08-03,-0.3855957588723562,-0.3700947004214233,-0.2452139652228119,-0.3664383218395126,-0.3202609522382327,1.903405996651064,-0.7488676215970262,-0.2340856707143099,-0.0964894956248176,AAPL,Apple Inc,,,
2022-08-04,0.0112178372336961,0.041604817349147,0.0441713907001394,0.0717717410127406,0.1027325069069686,0.093706459491203,-0.7627749782322264,0.11253732601042,0.0763053911622291,AAPL,Apple Inc,,,
2022-08-06,-0.6761513204725461,-0.6786252569584567,-0.6682374367932901,-0.6391750410633349,-0.6544784050900255,-0.6565756396149999,-0.3522556601507525,-0.6913917281505979,-0.6558517050222615,AAPL,Apple Inc,,,
2022-08-07,-0.7050539675437999,-0.7085674906161716,-0.7436725121654657,-0.7196228163917061,-0.7628381499412713,-0.3051465061454814,0.231184053410696,-0.8327033150679256,-0.8842633091849927,AAPL,Apple Inc,,,
2022-08-08,-0.1377339650558213,-0.1282823773633968,-0.0849141146592001,-0.0917395521239222,-0.0738413881493149,-0.4467746753663395,-0.2242810243392244,-0.1878012247364238,-0.3824516404092394,AAPL,Apple Inc,,,
2022-08-09,-0.4652155374339086,-0.4670799481888842,-0.4572134099611581,-0.4684697088602794,-0.4566897454882334,0.3705461057265375,-0.625782453882416,-0.3748197351594423,-0.2314782180771112,AAPL,Apple Inc,,,
2022-08-11,-0.9285531063525756,-0.9539598307344802,-0.9426660629201644,-0.9652165988205514,-0.9211341168263116,0.5358447395309375,0.1989554072417294,-0.8479166642229414,-0.7549196817522712,AAPL,Apple Inc,,,
2022-08-12,-0.8292944859122077,-0.8514419180886695,-0.8747088533372348,-0.8471614255545254,-0.8574893270860234,-0.3853800296252787,0.6747565058857143,-0.7780946016907624,-0.7215978407398509,AAPL,Apple Inc,,,
2022-08-15,0.1240003771721992,0.1424958554433099,0.0965209318236639,0.1420818979222849,0.0942467009622875,-0.651883329810333,0.328004347203739,-0.0009349461539811,-0.2133845733904431,AAPL,Apple Inc,,,
2022-08-16,0.1189669393876164,0.1372884691408106,0.1069260430460937,0.1522195196113374,0.1353709125066329,-0.5760967232549585,-0.105937037623341,0.0325820354970611,-0.1790394319722445,AAPL,Apple Inc,,,
2022-08-17,0.166783861778688,0.1867576659061306,0.1862627900431273,0.1819786926903406,0.1350447079618678,0.1920791593890409,0.4745644986324633,0.0698503239757859,-0.1432844527133291,AAPL,Apple Inc,,,
2022-08-18,0.1542005117728868,0.1737391936407968,0.1456187515226415,0.199964535967819,0.1670302051043944,-0.3800145474599424,-0.1877189866915553,0.0946093037824222,-0.1119725883720231,AAPL,Apple Inc,,,
2022-08-19,0.0714650036990818,0.0881450456419104,0.1079014609523079,0.1407735296079934,0.143530513906549,-0.1128612877542416,-0.953687740936634,0.0921895772659193,-0.0913489828454356,AAPL,Apple Inc,,,
2022-08-22,-0.0527959946207987,-0.0404093135894572,-0.0182577939399107,0.0044051699960817,0.0345183567019308,-0.1566174911977599,-1.4277003058382467,0.0588513230008414,-0.08437779609797,AAPL,Apple Inc,,,
2022-08-23,-0.0634913768611125,-0.0514751380367242,-0.0556501110358497,-0.0116191165937334,-0.0506679014962364,-0.6500461993285059,-0.1720117954020644,0.0311343495074854,-0.0790540660003463,AAPL,Apple Inc,,,
2022-08-24,-0.0540544746970218,-0.041711407510366,-0.075159447868591,-0.0246998205608888,-0.0428345046410864,-0.6601802620585848,0.0565615253403191,0.0127406431820873,-0.0733198776701507,AAPL,Apple Inc,,,
2022-08-25,0.0245920667885031,0.0396521727856233,-0.0091535683295993,0.0439751220402872,0.0048172901079758,-0.7471720381051037,0.8415852912892849,0.0188970036168525,-0.060652805852987,AAPL,Apple Inc,,,
2022-08-26,-0.1770560183135602,-0.1689641675113915,0.0204354120196685,-0.112668974753834,0.0632403135578224,0.172812502169879,-2.304850540783854,-0.027641317741659,-0.0682496314009164,AAPL,Apple Inc,,,
2022-08-29,-0.2475226741727918,-0.241865616511364,-0.2445640182740228,-0.2349751048081498,-0.2442139045456496,-0.0144487944163641,-0.8692787782962371,-0.0804215661059441,-0.0818347121352269,AAPL,Apple Inc,,,
2022-08-30,-0.3252252333733224,-0.3222528728983195,-0.2556190764452408,-0.3036500474093249,-0.2122279080355173,0.1378340683750907,-0.9658641446663804,-0.1397189144630529,-0.1015494905995798,AAPL,Apple Inc,,,
2022-08-31,-0.3783896024288972,-0.3772547345419884,-0.3199990968977214,-0.322617416277244,-0.2716300444872667,0.4722614545876999,-0.6865902093956825,-0.1976790630278719,-0.1245109709621482,AAPL,Apple Inc,,,
2022-09-02,0.2053906122282994,0.2430611235255968,0.2025204054513217,0.2581745170817602,0.2420986391626795,-0.0817328692832824,0.4452215911461113,0.1249571931663599,0.1072760143310753,AAPL,Apple Inc,,,
2022-09-03,-0.2127547530605048,-0.1907695484489391,-0.2279809319084023,-0.2483831485734866,-0.2334431719486306,0.5871252192619392,2.041908063129433,-0.2264346450387654,-0.1042119886499996,AAPL,Apple Inc,,,
2022-09-05,-0.547350330089171,-0.5451892814364665,-0.4744464432755677,-0.5073849780378954,-0.4472248265416476,1.917652048185232,-2.0351767600845765,-0.3678146482468966,-0.2181169067430444,AAPL,Apple Inc,,,
2022-09-06,-0.8432772310979991,-0.851767193409977,-0.7306666214333412,-0.8003974344439283,-0.7034360134895219,-0.1418209637430438,-2.2005919748073697,-0.7293698352410724,-0.6724844452963308,AAPL,Apple Inc,,,
2022-09-08,-0.1361604982770602,-0.1266550048666375,-0.1496191085860752,-0.1228065964428865,-0.1505413410351945,-0.3519800689520603,-0.0325568681177002,-0.1722903057357087,-0.3569179213624685,AAPL,Apple Inc,,,
2022-09-09,-0.3736716370626612,-0.372373118251365,-0.4097409551171848,-0.4007757947752134,-0.4295998100913813,-0.1897123688306748,1.0757962124562328,-0.3728077890622098,-0.2421808227072346,AAPL,Apple Inc,,,
2022-09-11,-1.074448180818715,-1.1046453409152697,-1.036309589512964,-1.0600534497005951,-0.9834735922837712,0.0387351381965306,-2.035244625349273,-0.9054087096869504,-0.784456786157061,AAPL,Apple Inc,,,
2022-09-12,-0.8447346501442454,-0.8673888608814485,-0.8080525326179463,-0.8537022762475474,-0.8581422355431612,0.0778388252754217,-0.2560847203441418,-0.7947667201512439,-0.7323917974968639,AAPL,Apple Inc,,,
2022-09-13,-0.4847198040784725,-0.487258454574784,-0.3212999825098388,-0.4459050719219993,-0.2850119115452299,1.6218110343309995,-3.559332245372139,-0.3620668399777981,-0.2548546576468476,AAPL,Apple Inc,,,
2022-09-14,-0.4384758595548527,-0.4394166270516803,-0.4331519603232611,-0.4380563499890172,-0.4517941837425579,0.4714092117468523,0.5206512318523924,-0.3796831350291507,-0.2695743238013246,AAPL,Apple Inc,,,
2022-09-15,-0.5309647200337122,-0.5351002788433438,-0.4936303091508828,-0.5109822461082574,-0.4563635409434673,0.5548328426698224,-1.1825887881246562,-0.4163586249967233,-0.2917219939747035,AAPL,Apple Inc,,,
2022-09-16,-0.5834996045955203,-0.5894510918992872,-0.6201145375174961,-0.6094163650586623,-0.5686392384347204,2.9357307342777754,-0.7060317840390067,-0.4571926801475091,-0.3168355332168291,AAPL,Apple Inc,,,
2022-09-19,-0.464585567224333,-0.4664293975462702,-0.5157409229763503,-0.5855433565358649,-0.6306525060835737,0.2561532300927666,1.4491089223583855,-0.4576512239694306,-0.3283952686672853,AAPL,Apple Inc,,,
2022-09-20,-0.3884574494296817,-0.3876695104015299,-0.4012871739386931,-0.4553885078187936,-0.4971615479430477,1.125493985677381,0.8859759310304721,-0.4386823817489279,-0.3316886427735834,AAPL,Apple Inc,,,
2022-09-21,-0.4884937839642155,-0.4911637469563735,-0.3798270012935224,-0.4383831927128682,-0.3685661515481971,0.9267589138797264,-1.2625494965784376,-0.4498337118434063,-0.3441641316565085,AAPL,Apple Inc,,,
2022-09-22,-0.5193229141473605,-0.5230581304870439,-0.5186671766949941,-0.5263523469058135,-0.5304523626322439,0.4278718722235516,-0.4318904957476226,-0.4660181741326219,-0.3584274936040099,AAPL,Apple Inc,,,
2022-09-23,-0.5919925244746166,-0.5982384952620686,-0.6162128691441602,-0.6032028541638227,-0.5692921468918581,0.7388377094128268,-0.9550017559647958,-0.4965918933737413,-0.3782818622494183,AAPL,Apple Inc,,,
2022-09-26,-0.5812976279501126,-0.5871726708148015,-0.5414277374692507,-0.5678843559822383,-0.619228865029417,0.6496175007240916,0.0844350153113328,-0.5168090191767557,-0.3953176179897774,AAPL,Apple Inc,,,
2022-09-27,-0.5501535110644297,-0.5549530119628246,-0.5105383689908969,-0.5577467375634115,-0.5187025170333213,0.3545922523906704,0.3419267717214972,-0.5240709906323464,-0.4078528055875718,AAPL,Apple Inc,,,
2022-09-28,-0.6105532913544965,-0.617440183048367,-0.6432005692491789,-0.7248552987704364,-0.6851585846858832,2.418833844883689,-0.8071690859781292,-0.5448401388501658,-0.4249731669903072,AAPL,Apple Inc,,,
2022-09-29,-0.8420870132660196,-0.8569745829670193,-0.7706602155220065,-0.8608968123882703,-0.7354215106320484,1.803587468431788,-2.987680220046349,-0.6191541999202527,-0.4624820571117026,AAPL,Apple Inc,,,
2022-09-30,-0.976728407123677,-0.996268993379234,-0.8883651917527029,-0.948538626783034,-0.8927388638827916,1.6970438488458233,-1.8468347455654968,-0.7090465813380669,-0.5093424532401988,AAPL,Apple Inc,,,
2022-10-01,0.0702196890776978,0.1099504233249141,0.0675823959062166,0.0380884571395244,0.014608909703092,1.0948464046069,-0.0437455482284893,0.1848201667791632,0.3335506017314241,AAPL,Apple Inc,,,
2022-10-02,0.0748971802567979,0.1076720054949724,0.1644776439235621,0.1486222515409755,0.1797591637052199,0.5675932724425135,-1.461742240128074,0.1158211944768346,0.1082932312582351,AAPL,Apple Inc,,,
2022-10-03,-0.3517172121669675,-0.3349455718972344,-0.326177068789389,-0.3605521572833068,-0.2752202919501137,1.0476381202399483,-1.676240304972467,-0.2559494082470711,-0.1244033973361393,AAPL,Apple Inc,,,
2022-10-05,-0.4703850139911689,-0.4654530736372363,-0.4448574629262998,-0.4602941442034463,-0.4279677886323408,1.380069202210572,0.912683932244254,-0.3920889453757337,-0.2392007377549929,AAPL,Apple Inc,,,
2022-10-06,-1.0163722726692783,-1.0310923453824612,-0.9644512090397298,-0.9792788283781474,-0.9253772694824558,0.5865614788613784,-2.3604259740788214,-0.8017654612331292,-0.7040111870310731,AAPL,Apple Inc,,,
2022-10-08,-0.000259646520563,0.0139414994664861,-0.0351658537799257,-0.0034435519369003,-0.0310851551459281,-0.1186910267200396,1.5155634864466687,-0.1261807770512856,-0.320824669375479,AAPL,Apple Inc,,,
2022-10-10,-0.9068917246695196,-0.9240180917673336,-0.92770883889258,-0.929898100638967,-0.9208079122815456,0.0381117076359105,0.0901420356233969,-0.8136369182662193,-0.641547721029421,AAPL,Apple Inc,,,
2022-10-11,-0.6963201741646164,-0.7141001554945204,-0.7657831292424562,-0.8994852388420352,-0.8940441814294604,1.4957122550855864,5.269390806650602,-0.8526014112872197,-0.7754694626333529,AAPL,Apple Inc,,,
2022-10-13,-0.826043206538586,-0.8403760936414025,-0.8724330473019346,-1.0672479858413184,-1.098034216427362,1.309014698899904,1.9591105268181663,-0.866511397513993,-0.7086215543000376,AAPL,Apple Inc,,,
2022-10-14,-0.9710659737566368,-0.9904105552344664,-0.8421936225208461,-0.9423251191584204,-0.793844534081895,0.492386986887716,-1.9784237000158724,-0.8931279903518037,-0.7325689413312507,AAPL,Apple Inc,,,
2022-10-17,-0.8442885010001199,-0.8592525028518495,-0.8948686346017967,-0.8743043590792767,-0.8995926516322735,0.3813931342573256,1.690644030312264,-0.8809285800119593,-0.7423232362566954,AAPL,Apple Inc,,,
2022-10-18,-0.8021349897987043,-0.8156417442312982,-0.7713106599538271,-0.8631857121443407,-0.7553309576308872,0.8418596095552886,0.5119144310756404,-0.8610852064488852,-0.7471954396436965,AAPL,Apple Inc,,,
2022-10-19,-0.7986755077041909,-0.8120617271710152,-0.8282123138825073,-0.8340807215873701,-0.8793570000886687,-0.3976496736374816,-0.0049543010668084,-0.8453250457885535,-0.751296823645497,AAPL,Apple Inc,,,
2022-10-20,-0.8134603454440923,-0.8273581193211802,-0.7976479156270251,-0.7964733236497153,-0.8359478586281441,-0.3060020651063323,-0.246036834405281,-0.8372556557431635,-0.7564266720135666,AAPL,Apple Inc,,,
2022-10-21,-0.6914003459470034,-0.7010816832291867,-0.7339178453748566,-0.7964733236497153,-0.8408439197414254,0.4244264235401249,1.5672700017221055,-0.8002385188342549,-0.749521237475302,AAPL,Apple Inc,,,
2022-10-24,-0.6228216546577615,-0.6301328820472819,-0.6565319341902524,-0.6869205577643736,-0.6998457692905152,0.0740219711516255,0.834398270068181,-0.7550781149970065,-0.7367436335825073,AAPL,Apple Inc,,,
2022-10-25,-0.5319067530644701,-0.5360766027523777,-0.5830471938959517,-0.5770409491551807,-0.6051945921457631,0.0325837355904126,1.1055598247905165,-0.6981438378915591,-0.7165106566802042,AAPL,Apple Inc,,,
2022-10-26,-0.6259671278723546,-0.633387125841146,-0.5993048093041461,-0.6202081692697481,-0.5767988398346365,0.4789998104344016,-1.224263262655192,-0.6793050706077481,-0.7070321438977093,AAPL,Apple Inc,,,
2022-10-27,-0.7691038797746522,-0.7814689396161432,-0.6948996659408827,-0.7480736211564185,-0.6711238124346236,1.1749174382065355,-1.872329722440168,-0.7014879933705626,-0.7119819166344676,AAPL,Apple Inc,,,
2022-10-28,-0.4249480415482472,-0.4254218341318566,-0.4201460663396137,-0.6274022083361407,-0.6668811591460849,3.018089890679687,4.466839565488669,-0.6308171654490187,-0.6838623826847836,AAPL,Apple Inc,,,
2022-10-31,-0.5004486241033692,-0.5035311706339819,-0.5261455399672715,-0.4933232455546299,-0.504994445430592,0.8022850334359292,-0.9721325033969184,-0.5969675935275816,-0.6654551656591287,AAPL,Apple Inc,,,
2022-11-01,0.1607596308479597,0.2040067026198183,0.1547229771329538,0.1247497400925085,0.1203575233572349,0.0792083828367838,0.9528572988715316,0.1825006505594024,0.3221355071485442,AAPL,Apple Inc,,,
2022-11-02,-0.0342664317861873,-0.0055859583316872,0.0864412883071372,0.0338370032769034,0.1206837279020009,0.8264098064599228,-1.259628958262296,0.0812757537461522,0.0988713721197152,AAPL,Apple Inc,,,
2022-11-03,-0.4706049186284748,-0.4582930395166713,-0.3622689945047192,-0.4089513594320466,-0.3166712041429905,0.7700158696838354,-1.4802762738131965,-0.3082458040473281,-0.1540274828251326,AAPL,Apple Inc,,,
2022-11-04,-0.1249214466618439,-0.0996422376265915,-0.0452454940449294,-0.0492265145313882,0.0025328595594042,-0.0498417432115646,-1.576365177370324,0.0558148122248995,0.0611991709148753,AAPL,Apple Inc,,,
2022-11-05,-0.7220164002736663,-0.7261418059057099,-0.486802390310426,-0.6931340653889874,-0.4938975082888071,2.2861359868317126,-3.15044265033433,-0.4741303961029946,-0.2822176547265761,AAPL,Apple Inc,,,
2022-11-07,-0.7732240536036994,-0.779191019731312,-0.7732614925147336,-0.7595196111597626,-0.7494562828833081,-0.3517777856318591,-0.9331185864152122,-0.8175819139835284,-0.8734916707320655,AAPL,Apple Inc,,,
2022-11-08,-0.0238538511850258,-0.0104675746223106,0.018484576207239,0.0387426396615569,0.0465944101094599,-0.5504929607094939,-0.3156792123455577,-0.0975841812832504,-0.2902488992837573,AAPL,Apple Inc,,,
2022-11-10,-0.9521916837126456,-0.9708835953814045,-0.9452668456813832,-0.9413440906423102,-0.9377800235385152,0.1089009213463149,-0.6638708919504941,-0.8486839617280403,-0.6698038134156159,AAPL,Apple Inc,,,
2022-11-11,-0.6071450075409156,-0.621996524017683,-0.6636853239881344,-0.7402253995679925,-0.7445602250338682,0.6708506171052093,1.1014453959543846,-0.7903733138367521,-0.7588470869277286,AAPL,Apple Inc,,,
2022-11-14,-0.6518900842040349,-0.6682109757894844,-0.6549060718522175,-0.6401565666537755,-0.6417494464891991,-0.012455806294382,-0.6178736691281422,-0.7550535066633937,-0.7479768068346492,AAPL,Apple Inc,,,
2022-11-15,-0.5964320724259813,-0.6109311942609844,-0.5472807391380476,-0.6032028541638227,-0.5356746282902902,0.5345116592896116,0.6590068016418631,-0.714494647198083,-0.7328383834633524,AAPL,Apple Inc,,,
2022-11-16,-0.6358204354782305,-0.6516129844089791,-0.6682374367932901,-0.6447348632402475,-0.6365271808311529,-0.3160731215563486,-0.5488420187769466,-0.6940678366021982,-0.7228094391346765,AAPL,Apple Inc,,,
2022-11-17,-0.5750037608350702,-0.5888000433115609,-0.6158878956697665,-0.6820154184540513,-0.7246512741387938,0.2201799602969889,0.7249147364351217,-0.6633193005892056,-0.7079279677742676,AAPL,Apple Inc,,,
2022-11-18,-0.5570432204624245,-0.5702494041129896,-0.5762192750554949,-0.5570925517711525,-0.5327372892845809,0.0358103203536216,0.17542577255675,-0.63570153541933,-0.6926970462100107,AAPL,Apple Inc,,,
2022-11-21,-0.660398118792206,-0.6769983824068088,-0.6519798213850957,-0.6306726336826507,-0.6029096622295849,-0.4982673867775523,-1.3470279986927036,-0.6412080529622697,-0.6886468020750138,AAPL,Apple Inc,,,
2022-11-22,-0.5920203157272238,-0.6063748532916675,-0.6503539590470608,-0.6565076959674417,-0.6691655864308171,-0.7277428910057802,0.8259393282209825,-0.6279913511671047,-0.6784838679637251,AAPL,Apple Inc,,,
2022-11-23,-0.563974861194983,-0.5774089435429872,-0.6045073665411225,-0.5776951349474397,-0.6260831521465047,-0.5122846260314933,0.3036640963130449,-0.610964044534404,-0.6665866660293485,AAPL,Apple Inc,,,
2022-11-25,-0.6572463089035967,-0.6737436406678332,-0.7004271966522536,-0.6502941883428279,-0.663290911683238,-1.2784907333935336,-1.222259473447704,-0.6218553609460387,-0.6646113645200383,AAPL,Apple Inc,,,
2022-11-28,-0.7798236436704096,-0.8003453520811332,-0.7732614925147336,-0.772600315126918,-0.7667545986850439,-0.1493485561505305,-1.6211350254892234,-0.6611201800498658,-0.6744335971760285,AAPL,Apple Inc,,,
2022-11-29,-0.8759309399379782,-0.8996090176785368,-0.8327644234361401,-0.8716881195250249,-0.7944974425390328,0.3320791136882797,-1.315217785230648,-0.714950013240726,-0.6924720174697236,AAPL,Apple Inc,,,
2022-11-30,-0.6597681485826312,-0.6763473338190833,-0.705629753889229,-0.8651477659063344,-0.8888224151390189,1.2478952911191168,2.854889507853547,-0.7004845965930034,-0.6883825205718158,AAPL,Apple Inc,,,
2022-12-01,0.1748564745120285,0.2186520494368,0.2197534387657312,0.2555587746018389,0.2443830664474116,0.0350011870728169,0.1029750283149308,0.1843372091815443,0.313094255219366,AAPL,Apple Inc,,,
2022-12-04,-0.065007794400734,-0.0374803418623566,-0.0179328204655162,-0.0119459593175845,-0.0199877186365374,0.1829001392199118,0.6383168050940528,0.0284722686815555,0.0531449017570761,AAPL,Apple Inc,,,
2022-12-05,-0.8457902927419741,-0.8543708865612262,-0.7875682753620215,-0.9223767185041664,-0.8441074600280603,3.609672434788053,-1.6587824888197382,-0.5670613700664401,-0.3330553198993538,AAPL,Apple Inc,,,
2022-12-07,-0.7421223569638903,-0.7469708629342237,-0.7144090060251469,-0.7179876020833378,-0.7465189471414392,0.1273087034846226,0.3579271289958388,-0.79835075256889,-0.8607514305921173,AAPL,Apple Inc,,,
2022-12-08,0.0897107870719241,0.1070214548523574,0.0568523112093932,0.0783120946314311,0.0387615093580742,-0.1893608601103252,1.230406260555251,-0.0473268107993599,-0.2516890099388248,AAPL,Apple Inc,,,
2022-12-09,-0.1830339240989473,-0.1751478777229237,-0.2003432848545955,-0.2519804166438485,-0.2951297389489525,1.0348378970272176,2.251815506214311,-0.3229364312095354,-0.2338416894991935,AAPL,Apple Inc,,,
2022-12-10,-0.97232396811705,-0.9917126524099182,-0.9774571030233772,-0.9433061444043038,-0.9629112368277956,-0.109962998871359,-0.3260280971764718,-0.8800765525348867,-0.6973993186493759,AAPL,Apple Inc,,,
2022-12-12,-0.7713146344551204,-0.7915579454638089,-0.8428440669526667,-0.848469793868817,-0.8463923899442385,-0.1090013240704026,0.9293172003792204,-0.788645072091144,-0.7352456819178651,AAPL,Apple Inc,,,
2022-12-13,-0.7404352806181612,-0.7596635619331386,-0.6649857153687432,-0.7444763530860565,-0.6244511306874642,0.6677500449021256,0.3548357615508539,-0.776220130216254,-0.7349133594049123,AAPL,Apple Inc,,,
2022-12-14,-0.8116489322420981,-0.8332160595208364,-0.772611048082913,-0.8451993685223061,-0.7599003148317967,0.283245930519712,-0.9796309873174076,-0.784967434617968,-0.7413609238901179,AAPL,Apple Inc,,,
2022-12-15,-1.023083523048721,-1.0515961270896674,-0.9306350893597009,-1.01296211552159,-0.8982873340856038,0.8350715119085373,-2.852243454570662,-0.8451662184346588,-0.7672622669500794,AAPL,Apple Inc,,,
2022-12-16,-1.0857915750545324,-1.1163617160051515,-1.0655735963878372,-1.0881774117414569,-1.04254902808699,2.865365983927793,-0.9224340824382716,-0.9062235539038376,-0.7967524526093194,AAPL,Apple Inc,,,
2022-12-19,-1.1532244212074028,-1.186008921211259,-1.145235814342297,-1.1669894756871282,-1.0941177676835894,0.1937571161107097,-1.001984908610562,-0.9691234241657802,-0.8299530438293969,AAPL,Apple Inc,,,
2022-12-20,-1.155428836018355,-1.18828684109609,-1.2086404136370394,-1.2137539638720567,-1.2155326756804277,0.1221355562794775,-0.0822975030647832,-1.0168575568371343,-0.8603443372628335,AAPL,Apple Inc,,,
2022-12-21,-1.0561702155779873,-1.0857689317048225,-1.0928862699672497,-1.1202254845765305,-1.1636377315390622,0.4038465827996569,1.3729542892869582,-1.027477490898428,-0.8785649820617203,AAPL,Apple Inc,,,
2022-12-22,-1.157634711172236,-1.1905652621805758,-1.1660455393041242,-1.2003459168364934,-1.1189227764281036,0.1360400474533064,-1.4721420687523987,-1.0611827105748457,-0.9047460818484172,AAPL,Apple Inc,,,
2022-12-23,-1.169293095306089,-1.2026069125917642,-1.2356281137420573,-1.2219295285288898,-1.230872765478356,-0.3294503496496531,-0.2179995111080404,-1.0894192120685724,-0.9296520698578296,AAPL,Apple Inc,,,
2022-12-27,-1.2269584489719476,-1.262165111950207,-1.2684683180328409,-1.2520155476019696,-1.2158588802251935,-0.1572475539983865,-0.8805416019561216,-1.1252255664330808,-0.957759443513454,AAPL,Apple Inc,,,
2022-12-28,-1.352685398319731,-1.3920213177571985,-1.2808242650676998,-1.34521693563648,-1.2716707724779364,0.3876108592635095,-1.8854597676735607,-1.1839756817427256,-0.9952280847273012,AAPL,Apple Inc,,,
2022-12-29,-1.240192980908011,-1.2758341348581548,-1.298707742813929,-1.2843907116980604,-1.326503303676894,0.0647965253024503,1.642900128976868,-1.1995003527453971,-1.0186283784629218,AAPL,Apple Inc,,,
2022-12-30,-1.2301102588605577,-1.2654198536891816,-1.3159407761283377,-1.2942014906632615,-1.3127949840222828,0.1089175019463314,0.0969197127016725,-1.2085859966038934,-1.0389457244848956,AAPL,Apple Inc,,,
2023-01-02,-0.74169522423281,-0.7609656558540474,-0.7742369104209479,-0.8399668894138025,-0.8049414744875204,0.1297891612470895,0.4217209561557377,-0.8095366556048612,-0.9865341641123756,AAPL,Apple Inc,,,
2023-01-03,-0.7384853904779439,-0.7648709482356378,-0.7540776266394185,-0.719295973667855,-0.7115956148894379,-0.6058787970045786,-0.9025224735695936,-0.6539090822464113,-0.6485126543873106,AAPL,Apple Inc,,,
2023-01-05,0.0277589913861888,0.0253321012899491,0.0009260719354043,0.0534585579370806,0.0211364929078079,-0.7055646804237226,-0.0824110503226317,-0.0300880067425473,-0.093023305416184,AAPL,Apple Inc,,,
2023-01-06,0.3669872011825381,0.3670591385331046,0.3153482954024679,0.3245600628525356,0.295951806044011,-0.1607626412018825,0.9073368071112262,0.2658410023533893,0.1957709318759658,AAPL,Apple Inc,,,
2023-01-08,0.8574564717666019,0.8721643849559653,0.8554262987718219,0.9246467081478652,0.9010681265520744,-1.2791804863542195,-0.3063533291126057,0.8565584442244821,0.8256161446340705,AAPL,Apple Inc,,,
2023-01-09,0.6711871174331566,0.6720101759549674,0.6339976582002925,0.6957308977565371,0.6807588887543407,-0.9279569523249056,0.4553534865095519,0.5451591884599577,0.5206817422670025,AAPL,Apple Inc,,,
2023-01-13,-1.077914488498553,-1.1082253579755523,-1.1543400367010856,-1.1558708254819656,-1.194644115679686,-0.5285899880877101,0.5543462460842749,-1.1840468575132892,-1.2960217270609236,AAPL,Apple Inc,,,
2023-01-17,-1.0407305370617586,-1.069821490966932,-1.077279098990876,-1.0750962074297443,-1.1032564820854092,-0.3350313796152038,0.4728915451162211,-1.1489526143012945,-1.273171954824344,AAPL,Apple Inc,,,
2023-01-18,-1.063732804342738,-1.0935795164680024,-1.0343587569520574,-1.0456643741489229,-1.0383058754308467,-0.1351953559764542,-0.3717805267004394,-1.1284673163535353,-1.2545796081492715,AAPL,Apple Inc,,,
2023-01-19,-1.0618424016072046,-1.0916268686499355,-1.1110947211878734,-1.0868690401569383,-1.1277352862851573,-0.5129810112321859,-0.0241663894670453,-1.1126237714134743,-1.2374982962826149,AAPL,Apple Inc,,,
2023-01-20,-0.9799153259570248,-1.0070090445600823,-1.0535426228273723,-1.0721531251516403,-1.0885692974807772,0.2146818333315207,1.098570778804134,-1.079957241320394,-1.2142047299498002,AAPL,Apple Inc,,,
2023-01-23,-0.8778208569577021,-0.9015616654966035,-0.8812118019548209,-0.951809052129545,-0.9958763463398306,0.2656406494222024,1.354469286013334,-1.029557256642191,-1.1833521715757287,AAPL,Apple Inc,,,
2023-01-24,-0.8330752913832742,-0.85534721047026,-0.8864143559402734,-0.8733233305631676,-0.924398156480552,-0.2425613733232365,0.5510135533456214,-0.9804058798096916,-1.1510633791938596,AAPL,Apple Inc,,,
2023-01-25,-0.8541886194671467,-0.8771525914078068,-0.9101508321037758,-0.9220498757803154,-0.905467822483617,-0.2636452643042057,-0.3317866592137943,-0.9488985322593256,-1.1237110665149677,AAPL,Apple Inc,,,
2023-01-26,-0.7880152312131162,-0.8088069854320397,-0.8509728746567639,-0.8210000176202148,-0.8310522968824687,-0.6514389697298911,0.8344569869756098,-0.9084806624297368,-1.0925733675689002,AAPL,Apple Inc,,,
2023-01-27,-0.7259400732982352,-0.7446929397948495,-0.7540776266394185,-0.7824110940921194,-0.8313785014272348,-0.1059140163473321,0.7675252732729871,-0.8624195721808797,-1.058382845122582,AAPL,Apple Inc,,,
2023-01-30,-0.8182665640947363,-0.8400508183200951,-0.8087029737982432,-0.7899324729566934,-0.7726292734326221,-0.3228048451630437,-1.2512374033343154,-0.8512958271561136,-1.036051317966178,AAPL,Apple Inc,,,
2023-01-31,-0.7776177653210303,-0.79806742894176,-0.848046624189643,-0.8085729991007615,-0.8463923899442385,-0.2611515420617256,0.4886983518515129,-0.8326409268298552,-1.0118972092675178,AAPL,Apple Inc,,,
2023-02-02,-0.5718524366622708,-0.5855453015725862,-0.6256425624603748,-0.615956715407127,-0.6440343731415369,1.4786342370686012,2.165397851325276,-0.7491214617767058,-0.9473790333705452,AAPL,Apple Inc,,,
2023-02-03,-0.7195501494908433,-0.7453434904374644,-0.770985188996401,-0.7555955003655496,-0.7915596074295581,-0.7133509301914664,0.1961958919721312,-0.6698698418449832,-0.6540856438604837,AAPL,Apple Inc,,,
2023-02-05,-0.0053774358855833,-0.0088407000706628,-0.0023251520061109,0.0174858739632371,0.0475735198475223,-0.8397746891972029,-0.4208980568691973,-0.0208273710100537,-0.0814055437077384,AAPL,Apple Inc,,,
2023-02-06,0.3941652279932778,0.3950482296821844,0.3693236988640263,0.4007563843182857,0.4046377587038631,-0.3897374113096123,0.2348392107947298,0.302478352484361,0.2190036034540285,AAPL,Apple Inc,,,
2023-02-08,0.761700731489237,0.7735517646917441,0.8050275934607277,0.8124781997826028,0.8619016416439289,-0.7746593568124416,-0.9768992758787202,0.8387555843458233,0.8264254305275516,AAPL,Apple Inc,,,
2023-02-10,0.1740436546686235,0.1607212193205745,0.1261099121729317,0.1283465110885401,0.0844550781033309,-0.7157915945138938,0.8363767069653332,0.1614094895364989,0.2886394041248504,AAPL,Apple Inc,,,
2023-02-13,-0.4689734279834577,-0.4869326813083651,-0.5254955930184824,-0.5260255041819625,-0.5771255437470082,-0.3830355327829469,1.0738278806073045,-0.5428656613647268,-0.7275670592357502,AAPL,Apple Inc,,,
2023-02-14,-0.4894875009917158,-0.5080875116032978,-0.5414277374692507,-0.5279875612141818,-0.5389386679445308,-0.3993309464791537,-0.3033277939640354,-0.528223265109643,-0.7041477854466325,AAPL,Apple Inc,,,
2023-02-15,-0.4222667592637085,-0.4387655817184978,-0.4851765279723911,-0.4619288581672585,-0.5066264668896325,-0.271123114911643,0.7806404300033767,-0.500188409924265,-0.6764863114504892,AAPL,Apple Inc,,,
2023-02-16,-0.4733924959833496,-0.491489022277681,-0.4581888278673733,-0.4465587573697014,-0.493571303744041,-0.1850996459060872,-0.6743119180791148,-0.4921322271186714,-0.6561852468962075,AAPL,Apple Inc,,,
2023-02-17,-0.5100005993728556,-0.529241840698576,-0.5664646050133628,-0.5283144039380329,-0.5314314756341467,-0.4843396827637003,-0.5019367168577303,-0.4953771061789246,-0.6411994768602173,AAPL,Apple Inc,,,
2023-02-21,-0.6384436938965122,-0.6617019902566448,-0.6217403966040081,-0.6081079934741449,-0.6016043479467564,-0.4935220190528327,-1.645955415653495,-0.5303951702393083,-0.6397499764713371,AAPL,Apple Inc,,,
2023-02-22,-0.6248739413598429,-0.6477071940822772,-0.6656361598005638,-0.6489858167583107,-0.6450134861434397,-0.7540330903919275,0.122458936533061,-0.5532162397206255,-0.6371460943698771,AAPL,Apple Inc,,,
2023-02-23,-0.6094108590107873,-0.6317602512894982,-0.6529552392913109,-0.6463695772040589,-0.6051945921457631,-0.8408192669982417,0.1460488427482728,-0.5664092540896416,-0.6333133295980875,AAPL,Apple Inc,,,
2023-02-24,-0.6943029964072747,-0.7193070471064513,-0.7553780180200272,-0.6960771509373159,-0.7024569004876182,-0.6061905122848886,-1.1272845169225498,-0.5978400852546779,-0.637875132317319,AAPL,Apple Inc,,,
2023-02-27,-0.6561175277305364,-0.6799273508793654,-0.6909979975675467,-0.639502384131743,-0.6828736580335454,-0.9534247539502352,0.4424441977142715,-0.6117260338510548,-0.6384029823640082,AAPL,Apple Inc,,,
2023-02-28,-0.672211069200476,-0.6965253422598707,-0.6939242512861913,-0.6597776242396223,-0.7044151232275843,-0.7694298355672404,-0.2568342877082224,-0.6262232250489249,-0.6404082015282957,AAPL,Apple Inc,,,
2023-03-01,-1.3832507432767696,-1.4235904259665608,-1.2850514043984609,-1.4008109224631091,-1.2517613254790985,1.2723218310634103,,-1.3912422105230264,-1.4017815569232648,AAPL,Apple Inc,,,
2023-03-02,-0.455893219463906,-0.4657783489585438,-0.4240477347129497,-0.6270753656122897,-0.6724296260850577,2.6730442882165173,1.4082568432909617,-0.6743926713271515,-0.900792766917642,AAPL,Apple Inc,,,
2023-03-03,-0.5579691609614901,-0.5787110374638961,-0.6279183717471988,-0.6434264949259559,-0.6721034215402918,-0.1000610645415109,2.047459381988397,-0.6408493400491575,-0.6438372412056768,AAPL,Apple Inc,,,
2023-03-04,-0.0801714936676365,-0.0859732147186428,-0.1343374053156038,-0.0910853663316631,-0.1423817396352784,-0.5562298483151996,0.4098057888501832,-0.1971307890955627,-0.3284323325772655,AAPL,Apple Inc,,,
2023-03-05,-0.0397757592217386,-0.0443151039161582,0.0162082726889073,0.0050593557883408,0.0283169813058212,-0.285641088286082,-0.4373901532949587,-0.0226083184948308,-0.0741042366266015,AAPL,Apple Inc,,,
2023-03-07,0.7579077319949502,0.7696464723101546,0.7627581900852376,0.8095346171599429,0.8207774300995826,-1.4024373507568064,-0.5161819647799772,0.7001861453217038,0.5910667836313438,AAPL,Apple Inc,,,
2023-03-08,0.7171414283413018,0.7276625882412511,0.7136598729032294,0.77454345877654,0.7486468311507721,-0.4149962973747339,-0.488480200835578,0.8140993019346097,0.8229377815643842,AAPL,Apple Inc,,,
2023-03-10,0.1313225813481713,0.1167846874336042,0.1043247660533665,0.1247497400925085,0.118398801249664,-0.8010125624786515,-0.5152798650015883,0.1574748345723709,0.2785170787325491,AAPL,Apple Inc,,,
2023-03-13,-0.5756420201683969,-0.5969364013411598,-0.5619124922082072,-0.6313268194749098,-0.6796101144830701,0.3550697736711454,0.7425329777025467,-0.5779613897021386,-0.5983454811763506,AAPL,Apple Inc,,,
2023-03-14,-0.5087387033084707,-0.5279402447227787,-0.5534587110297154,-0.5528410979085323,-0.5663548078861489,-0.0017845321237687,0.7917264452159426,-0.5594288500912429,-0.5884982649463427,AAPL,Apple Inc,,,
2023-03-15,-0.4961148855065307,-0.514921772457445,-0.5583357973092656,-0.558727762809295,-0.5692921468918581,0.1133511543907409,0.1060497134613692,-0.5423269434686746,-0.5783497599401431,AAPL,Apple Inc,,,
2023-03-16,-0.4058577453754221,-0.4218418170715736,-0.4539616885366112,-0.5024798387275732,-0.5376328510302563,0.0799644581975357,1.0670699352799975,-0.5066034059233083,-0.5605692111754624,AAPL,Apple Inc,,,
2023-03-17,-0.4326817780304141,-0.449505632899346,-0.4448574629262998,-0.4161458955727705,-0.4096903630925435,0.8354926591489562,-0.3767959790376347,-0.4866156768725829,-0.546947476316423,AAPL,Apple Inc,,,
2023-03-20,-0.3569408108865132,-0.3713967943423321,-0.4097409551171848,-0.4203973494353907,-0.4426549732369737,-0.0035918175255662,0.8751344101503669,-0.4524103428330774,-0.5273853012135665,AAPL,Apple Inc,,,
2023-03-21,-0.2976108100806339,-0.310211222487131,-0.3583673261313832,-0.3422389709374212,-0.3692185606377291,0.0062537427642258,0.6634743690271542,-0.4117050655662154,-0.5039781643973978,AAPL,Apple Inc,,,
2023-03-22,-0.3433700837227265,-0.3574020014225084,-0.2692754148607089,-0.3007069618609964,-0.304594654631697,0.0647335190223876,-0.5950118645236843,-0.3927846617812796,-0.487036046252895,AAPL,Apple Inc,,,
2023-03-23,-0.3086562847727248,-0.3216023222557046,-0.288459280736024,-0.3049584157236165,-0.3199347476934667,-0.2031990288840882,0.3660240829025344,-0.3697879065027346,-0.4683439218663625,AAPL,Apple Inc,,,
2023-03-24,-0.2669986574579416,-0.2786421142777682,-0.327802931127424,-0.2993985935467048,-0.318955634691563,-0.4826020358819721,0.4459200353372269,-0.3419723180875404,-0.4474027427643039,AAPL,Apple Inc,,,
2023-03-27,-0.3291688942425562,-0.3427566546055268,-0.3138211217545298,-0.2987449080990027,-0.2837060978947958,-0.7083037955464467,-0.7857469816761867,-0.3368824398342669,-0.4342578480170591,AAPL,Apple Inc,,,
2023-03-28,-0.3490510445915045,-0.3632604363127332,-0.3879558089976195,-0.3605521572833068,-0.3480037960922206,-0.920472469477462,-0.2886927542703748,-0.3381088810481911,-0.4241923861587396,AAPL,Apple Inc,,,
2023-03-29,-0.2505867164928028,-0.2617183496308439,-0.3047168961442184,-0.2503452056057059,-0.3023102273469648,-0.7442704331022179,1.1326650919238064,-0.3140495477169822,-0.4057094488143412,AAPL,Apple Inc,,,
2023-03-30,-0.2004098383892451,-0.2099712329806937,-0.2585453301638845,-0.1875569279052926,-0.2318111504895901,-0.8040932379617154,0.5406350110950691,-0.2832758034834729,-0.3841509765382914,AAPL,Apple Inc,,,
2023-03-31,-0.1202507810680692,-0.1273060534543639,-0.1762818352166985,-0.1666275020051551,-0.2021100838956351,-0.1658031436068956,0.8847223071189123,-0.2398601431456549,-0.3569548386826027,AAPL,Apple Inc,,,
2023-04-01,-1.3426021905564671,-1.381606789242941,-1.3578852027779094,-1.3710517493841052,-1.3624055008789169,0.5094849016247209,0.5660220612712578,-1.3809301805753489,-1.3979288592639778,AAPL,Apple Inc,,,
2023-04-04,-0.0972129191265411,-0.103547530008182,-0.1164539308208974,-0.0619803757746925,-0.0663341958389309,-0.910985050148026,-0.2450024721022154,-0.1694069671635995,-0.3041179778555822,AAPL,Apple Inc,,,
2023-04-05,-0.0921633920057653,-0.0983406383962511,-0.1099509822033123,-0.0881422807833346,-0.1221460880916745,0.2482343355248907,-0.6434529543933161,-0.0372341124745025,-0.0724320229506859,AAPL,Apple Inc,,,
2023-04-08,0.4270320158852375,0.428895758976032,0.551409189778711,0.4877445132653474,0.5511843793575874,1.399637626350034,-2.9219688254513776,0.7220099692982079,0.7922704228030664,AAPL,Apple Inc,,,
2023-04-10,0.1711946406548296,0.1577922508480178,0.123183658454288,0.1296548794028317,0.0802119254471866,-0.6874122395256688,0.3862995333004428,0.1646388817867193,0.2730940673299899,AAPL,Apple Inc,,,
2023-04-13,-0.0994217213572741,-0.1058259478381237,-0.1502695497663721,-0.1826517885949704,-0.2285471108353494,-0.1758907806569284,1.9884772917852351,-0.1747242382226378,-0.2389543402130326,AAPL,Apple Inc,,,
2023-04-14,-0.1104671992448636,-0.1172165529161298,-0.1333614931778809,-0.1041660702988194,-0.1319377109506311,-0.8079134082055148,-0.1771008531496923,-0.1559645003638919,-0.2240305976715151,AAPL,Apple Inc,,,
2023-04-17,-0.1098362512126712,-0.1165660022735158,-0.1636009147074456,-0.0972988739562779,-0.115618508150799,-1.0689020008250845,-0.0434607532895043,-0.1417346317412042,-0.2104037621521456,AAPL,Apple Inc,,,
2023-04-18,-0.0707033874582763,-0.0762094874468276,-0.0979200086428476,-0.044321375221066,-0.082653398638763,-0.7901224243878205,0.3980335870493764,-0.1211347132404661,-0.1943066878288387,AAPL,Apple Inc,,,
2023-04-19,-0.0340952840687704,-0.0384566657713905,-0.0735335855305561,-0.047918643291428,-0.0924450182338792,-0.8631699158204709,0.3659556794991755,-0.0963977573898058,-0.1762032416119983,AAPL,Apple Inc,,,
2023-04-20,-0.065023398021118,-0.0703515472471713,-0.0829632820982936,-0.0472644574991689,-0.0829801025511347,-0.7061118402242668,-0.4002667174356311,-0.0856911185937016,-0.1626769500691942,AAPL,Apple Inc,,,
2023-04-21,-0.1164631468161787,-0.123400263127662,-0.1291348513301503,-0.0822556158825718,-0.1169238224336274,-0.5110941389503093,-0.6355219265743137,-0.0907107549544033,-0.1552558191151264,AAPL,Apple Inc,,,
2023-04-24,-0.1066795649929731,-0.1133112605345402,-0.1567724983839572,-0.1018771705427491,-0.1185558438926679,-1.0545299367307903,0.0616328843052597,-0.091993510956818,-0.1475820405611106,AAPL,Apple Inc,,,
2023-04-25,-0.1559109972731107,-0.1640820532756567,-0.1336869608837832,-0.1071096529214793,-0.1123544684965583,-0.8302109991076911,-0.6148839500972397,-0.1054449760600937,-0.1452720677697211,AAPL,Apple Inc,,,
2023-04-26,-0.1562279332298833,-0.1644078265420756,-0.167177609606387,-0.1375225114481845,-0.18187442908819,-0.9368342055737346,-0.0543619477679944,-0.115613979999205,-0.1432021325199184,AAPL,Apple Inc,,,
2023-04-27,-0.0094795679287025,-0.0130712677735598,-0.0605276915469086,-0.0593641362204407,-0.1123544684965583,-0.2933908607337896,1.6471484945468498,-0.086012508813457,-0.127411460959483,AAPL,Apple Inc,,,
2023-04-28,0.0305992305604217,0.0282610730170497,-0.0185827674143053,0.0286050212427301,-0.004647628838609,-0.612613836731277,0.4002025250331558,-0.0536439182261127,-0.1092576078250711,AAPL,Apple Inc,,,
2023-05-01,-1.384826648221074,-1.42521779846332,-1.3868239890626344,-1.3815164623341745,-1.354572352075649,0.2391912762758969,-0.6847847541820248,-1.383907977015181,-1.398428467444159,AAPL,Apple Inc,,,
2023-05-04,-0.1562279332298833,-0.1644078265420756,-0.1746559728786636,-0.1702247700755171,-0.12704164983735,-0.7374392258954238,-0.7257780049586542,-0.1635854700842031,-0.2876075068396045,AAPL,Apple Inc,,,
2023-05-05,0.1533633134695369,0.1548632791209173,0.1261099121729317,0.1227871859859588,0.0766216812481799,1.316615245947463,2.755208588515486,0.0140835889181336,-0.0476406382167263,AAPL,Apple Inc,,,
2023-05-06,0.3508702558797719,0.3504611471525993,0.4723969187730404,0.3608595895502292,0.4568594067576002,1.5982632661875795,-0.5033973447749097,0.3189729725163744,0.2360206856469322,AAPL,Apple Inc,,,
2023-05-07,0.7221977810474021,0.7328699745437495,0.7334941832103642,0.7722540619461392,0.7486468311507721,-0.8896955597268523,-0.4017564646337858,0.7114549559705112,0.6094546208130119,AAPL,Apple Inc,,,
2023-05-09,0.6787813991544843,0.6798207607181473,0.6359484907611982,0.6738204433402905,0.6412661993014291,-0.9440898761409507,0.0250416675834305,0.5841705472400448,0.5413531827256782,AAPL,Apple Inc,,,
2023-05-10,0.210751713258951,0.1984740409960125,0.1635022260173478,0.1855754636863721,0.1683355226510632,-0.8363856145538322,0.3797017141219083,0.1800470515099005,0.27191330277668,AAPL,Apple Inc,,,
2023-05-15,0.1135361125742955,0.1060451309433236,0.0906684276378993,0.146006008716498,0.1477736665626933,-1.2098205203652368,-0.2239431330521775,0.122045520476566,0.051102368813753,AAPL,Apple Inc,,,
2023-05-16,0.1135361125742955,0.1060451309433236,0.0883921241195667,0.1567978161978086,0.1095867907602159,-1.0492009318854905,-0.0506966255425525,0.1234396511574105,0.0608885070517006,AAPL,Apple Inc,,,
2023-05-17,0.1331300960416942,0.126223139384112,0.0815637077960793,0.1116685390510227,0.100448076358397,-0.5238844138030301,0.1647550210123031,0.1294559979886597,0.0716421249483067,AAPL,Apple Inc,,,
2023-05-18,0.2077120493988841,0.2030303819653285,0.156674307176891,0.1823055354141916,0.1425514009046462,-0.2736798434341858,0.7664478598768983,0.1528887640399382,0.0884870706827068,AAPL,Apple Inc,,,
2023-05-19,0.2111881097408997,0.2066103990256115,0.19406662427283,0.2594828853960519,0.2531955763044645,-0.5949190203936784,-0.0131252191430452,0.1713451731387031,0.1041301229364175,AAPL,Apple Inc,,,
2023-05-22,0.1808490092906814,0.1753665628830131,0.1394412738624824,0.210756340178904,0.1745368980471727,-1.0007656831173186,-0.3784144011693808,0.1774908296455112,0.1154755207105977,AAPL,Apple Inc,,,
2023-05-23,0.0974191672715301,0.0894466448722508,0.0961959583492693,0.1397925010918832,0.1467945535607896,-0.7627876472006344,-0.9568580951786794,0.1609349660244941,0.1178819762734955,AAPL,Apple Inc,,,
2023-05-24,0.1062685194719181,0.0985593235563396,0.0649811189134904,0.1149389643975337,0.0802119254471866,-0.9486163799454528,0.0468984085453526,0.1507630404740255,0.1209084136014271,AAPL,Apple Inc,,,
2023-05-25,0.1426108819900836,0.1359868699104702,0.1131035207062528,0.153200544857221,0.1232948623629451,-0.5866685138254728,0.3494518038160175,0.1523536941047918,0.1271042733259207,AAPL,Apple Inc,,,
2023-05-26,0.2197195481618983,0.2153973076978253,0.1739073404913005,0.199637693243968,0.1529959289568992,-0.6272346098258184,0.7926662147007268,0.1731081888689821,0.1400452849181949,AAPL,Apple Inc,,,
2023-05-30,0.278816967786941,0.2762576042317189,0.2786064227383486,0.3127877271996709,0.2717997057566345,-0.5897823505085698,0.5866812643289195,0.2036663337490075,0.1574111376711138,AAPL,Apple Inc,,,
2023-05-31,0.2772371611386653,0.2746302317349596,0.2903119253413873,0.3190007377499542,0.2838757559003222,0.8580654880114064,-0.0675554335704123,0.2261841685066685,0.1730485395525708,AAPL,Apple Inc,,,
2023-06-01,-1.2398775052941655,-1.2755088595368471,-1.3048857147055968,-1.3772652570087196,-1.3911272096829264,0.4644221468999032,2.149347327568926,-1.3493695403694377,-1.3851442790271378,AAPL,Apple Inc,,,
2023-06-02,-0.5431784722633816,-0.5559293358718586,-0.5632128835888159,-0.5306038007684346,-0.5242509872361344,-0.1290439533703362,-1.1227279174851597,-0.6404892490174797,-0.8667145689409854,AAPL,Apple Inc,,,
2023-06-03,-0.4696053506427675,-0.4875837298960914,-0.4591642425220646,-0.4429614892993394,-0.4844325893422222,0.4578993388534159,1.0578239357418775,-0.5966671734084291,-0.6261453259925562,AAPL,Apple Inc,,,
2023-06-04,-0.127824582837925,-0.1351166382175439,-0.1775822265973073,-0.1636844197270522,-0.2024367845441655,-0.9404388280173196,0.277923668414958,-0.1520137749159867,-0.2699058967071093,AAPL,Apple Inc,,,
2023-06-06,0.3391772549079872,0.3384194967414108,0.3153482954024679,0.3409111921662018,0.3700411271003933,-0.2951782494155673,-0.1738936663058382,0.3283775713780578,0.2503824893393405,AAPL,Apple Inc,,,
2023-06-07,0.7373673312725116,0.7484916452697649,0.7022798412576168,0.7258169135593922,0.6921820304408917,-0.9502479109870754,0.0993139514056064,0.7237548911423942,0.6276086172056827,AAPL,Apple Inc,,,
2023-06-09,0.4639117079087907,0.4588374979431786,0.5992066180970799,0.4730285949898237,0.6451826480452018,0.265491424022054,-2.1908951346562016,0.5589193196953497,0.5397799072011951,AAPL,Apple Inc,,,
2023-06-10,0.2923959840744788,0.2824413144432511,0.2460911919219599,0.2019265930000384,0.1686622265634349,-0.5465965197056186,0.83128041424235,0.2123153085804899,0.2785781800457208,AAPL,Apple Inc,,,
2023-06-13,0.4687466924391594,0.4718554722634009,0.4463846365742369,0.5047498251010463,0.4624078769604133,-0.6241141409027148,-0.2068563934040341,0.4192708559894871,0.3341259702093979,AAPL,Apple Inc,,,
2023-06-14,0.4889721096545594,0.4926845260373717,0.4541884708039395,0.4910149386118583,0.4810115070449776,-0.5400902922591478,0.1580615925313464,0.4416020610672037,0.3537667741068109,AAPL,Apple Inc,,,
2023-06-15,0.5540727881520515,0.55972803809223,0.523446071767479,0.5485707339335405,0.5002685449542844,-0.2757855796362801,0.6189073991841265,0.4748656894013583,0.3777923368366915,AAPL,Apple Inc,,,
2023-06-16,0.5196266825231246,0.5242536375012776,0.5387282692694582,0.5645950205233566,0.5906765694428923,0.912148089145195,-0.4010741048093691,0.4910748670310411,0.3963689284348842,AAPL,Apple Inc,,,
2023-06-20,0.522471309117138,0.5271826059738343,0.5097897333520109,0.5691733171098279,0.5149557295589164,-0.7942310970719069,-0.0215912165860448,0.5039533947436509,0.4135263604107742,AAPL,Apple Inc,,,
2023-06-21,0.4892880709842147,0.4930102993037906,0.4873541460521488,0.5096549644113684,0.5309482284463768,-0.8036289811612537,-0.3900528456158922,0.5051941197511665,0.4259788913248293,AAPL,Apple Inc,,,
2023-06-22,0.5853587979641175,0.5919481948893183,0.5406791050818877,0.5449734658631794,0.4930880565562711,-0.7462733695842099,0.9374012987511938,0.5304966035785633,0.4464050270022179,AAPL,Apple Inc,,,
2023-06-23,0.5752470639835349,0.5815334190297776,0.5572616939644766,0.588794371425448,0.5521634923594901,-0.6842055514824795,-0.153006232661969,0.5469082446598379,0.4640158413829208,AAPL,Apple Inc,,,
2023-06-26,0.5306872751197897,0.5356447372698521,0.5731943358982763,0.5959889075661711,0.5939406090971329,-0.8509500136083175,-0.5023212468288856,0.547912717991193,0.4758022647041962,AAPL,Apple Inc,,,
2023-06-27,0.6188575085153878,0.6264462748257807,0.5842493940694943,0.6103779831178446,0.5632604295012751,-0.7633348070011786,0.849731813746142,0.5710337536231945,0.4948740334713091,AAPL,Apple Inc,,,
2023-06-28,0.6564646909792918,0.6651754171557087,0.6333472137684719,0.6734936006164394,0.6298425582472733,-0.7472184637851499,0.3276646621211495,0.5979150003501214,0.5157764395590443,AAPL,Apple Inc,,,
2023-06-29,0.6672102968734198,0.6762407436578644,0.6388752387113505,0.717314506178708,0.6673770216963775,-0.9086969273457504,0.0567337895055964,0.6208019633546099,0.5357971010586318,AAPL,Apple Inc,,,
2023-06-30,0.8056285976936725,0.8187898958090557,0.7822670294349473,0.7931834878462767,0.7506050571545786,0.3801429570160822,1.3306743489675996,0.6730821719363402,0.5671170844784654,AAPL,Apple Inc,,,
2023-07-02,-0.4511679427965357,-0.4608967326679204,-0.4939557801083089,-0.5351820973549057,-0.5872433678868905,0.3174483922337285,1.1000010317834583,-0.5917197666736639,-0.8270135709277309,AAPL,Apple Inc,,,
2023-07-03,-0.539981315052047,-0.5601599035747555,-0.5329739562907598,-0.5191578107650905,-0.4873699283479314,-0.582566473381393,-0.9174906210955208,-0.5813840492998374,-0.6167320523548018,AAPL,Apple Inc,,,
2023-07-06,0.2952493855080532,0.2931813656240992,0.3507902741690089,0.3373144211701703,0.3201044056989932,-0.3914717420713373,-0.5144746899756861,0.3242870690387662,0.259275162464619,AAPL,Apple Inc,,,
2023-07-07,0.7016554278752293,0.7117151475033606,0.7234145429453614,0.759827543771242,0.7434245687565663,-0.8931874340903252,-0.4029653034499646,0.7239201778190653,0.6407274522761756,AAPL,Apple Inc,,,
2023-07-08,0.3278011898929752,0.3267031216515288,0.4132194588090591,0.3382954496862804,0.440540203957768,0.7901115569038218,-1.082344198433916,0.6277693546711285,0.7549858384674896,AAPL,Apple Inc,,,
2023-07-09,0.2946101483521106,0.2847192375826253,0.2532445817198428,0.2136994257272325,0.2137028868515539,1.2846345846356562,-1.799615708805875,0.4970312122013096,0.5223031359085043,AAPL,Apple Inc,,,
2023-07-13,0.6972314835442486,0.7071588065340438,0.6752921379010752,0.744784285697536,0.713723498898771,-1.0746687335108198,0.1919078237274726,0.6989395738488436,0.6683210051997114,AAPL,Apple Inc,,,
2023-07-14,0.7019728527433103,0.7120409175152357,0.674966670195173,0.7398791463872137,0.7049109890417171,-1.0655858808217864,-0.0036151729010499,0.7053892173699131,0.6777688007462487,AAPL,Apple Inc,,,
2023-07-17,0.806259545725864,0.8194409443967812,0.7770649696810025,0.8111698314683112,0.7594170676440267,-0.7703185557281244,0.984048114732717,0.736682677676445,0.696242069823973,AAPL,Apple Inc,,,
2023-07-18,0.7980430940074034,0.8109788131007633,0.777389943155397,0.8311182288523394,0.8067431539520883,-0.8443343542017377,-0.1308344414095763,0.7580683604710459,0.7122571870968967,AAPL,Apple Inc,,,
2023-07-19,0.8413380629254099,0.8555663935754599,0.9041991449964047,0.8386396077169135,0.7985835525521723,0.2240896657808773,0.3721402679778726,0.785091015133212,0.7309199135560888,AAPL,Apple Inc,,,
2023-07-20,0.7790829824535509,0.7914518532477013,0.846972517593331,0.8337344684065914,0.8635336598391291,-0.4698449222292843,-0.654436484087213,0.7895646701023687,0.7419854479927368,AAPL,Apple Inc,,,
2023-07-21,0.7414753142738371,0.7527227076632304,0.798199671368748,0.7922024593301665,0.8312219581518365,-0.059624297221294,-0.4191299723960111,0.783379320538272,0.7484805475671631,AAPL,Apple Inc,,,
2023-07-24,0.7670725566136842,0.7790844295700939,0.7962488388078415,0.8255589037497582,0.8087013799558949,-0.9408467107777254,0.2016282223934338,0.7852340054728265,0.7568113051644456,AAPL,Apple Inc,,,
2023-07-25,0.7945670304698892,0.8073987960404811,0.7809666380543384,0.8474693581660058,0.8060902454949506,-1.2092733605646926,0.2191912147581456,0.7936000250006578,0.7669906640016853,AAPL,Apple Inc,,,
2023-07-26,0.8223769799399386,0.8360389357772865,0.8199848174883123,0.8605505592074916,0.8171871859005769,-0.87140384178866,0.2210613064045228,0.8069295736291437,0.7788804764751771,AAPL,Apple Inc,,,
2023-07-27,0.781926634420447,0.7943808217202589,0.8707084962738019,0.8353696827149596,0.8938876381540621,-0.871791827829046,-0.4441877415037575,0.8066649878352985,0.7858554845534068,AAPL,Apple Inc,,,
2023-07-28,0.8644085924506332,0.8793244190765304,0.8521750748303064,0.8873661529340614,0.8498255915002412,-0.8442282383616322,0.7569830172825772,0.8273911906360183,0.8000140980610272,AAPL,Apple Inc,,,
2023-07-31,0.8840011123796052,0.8995024275173187,0.8476229620251508,0.9239925223556068,0.8951929557007309,-1.1581752674338723,0.1386001665506838,0.8479062170331872,0.8147425562746894,AAPL,Apple Inc,,,
2023-08-02,-0.5371912995316274,-0.5497456224057824,-0.5150904817960535,-0.5178499395251294,-0.4814947542327475,-0.3193295513995873,-1.106204967776065,-0.576965700660645,-0.7990751054224063,AAPL,Apple Inc,,,
2023-08-03,-0.4999020308471129,-0.5188275627841459,-0.5511824075113827,-0.4962663311029593,-0.5164180864847487,-0.8802611983174693,0.4502060706136038,-0.5597540925577148,-0.6043757843274845,AAPL,Apple Inc,,,
2023-08-05,0.1511540223274955,0.1525848612909755,0.1114781558512494,0.1669354346166354,0.1255792896476763,-0.5898354084286225,-0.0748129509563416,0.0520113963023221,-0.0253124126634495,AAPL,Apple Inc,,,
2023-08-06,0.3821572403189552,0.3826813039496876,0.3387593006085442,0.3418927177566424,0.3024793892487269,-0.7804426700981935,0.874024409468587,0.3432666249151213,0.2755965958791428,AAPL,Apple Inc,,,
2023-08-08,0.3578233511909214,0.3576211845277083,0.3202258791650497,0.3458168285508545,0.3609024126985735,-0.1965369437974623,0.2669068937103377,0.56470513809577,0.7239362833296322,AAPL,Apple Inc,,,
2023-08-09,0.3142304627291875,0.3048972460234137,0.3192504612588345,0.352684024893396,0.3171670699571243,-0.271869241912385,0.1580920870555711,0.455592561844459,0.5082747874687695,AAPL,Apple Inc,,,
2023-08-14,0.354736879665202,0.3465558547710097,0.3013669835126052,0.3369870813719888,0.3047643159010648,-0.9972937054738654,0.5109494886600746,0.4102507392367561,0.6122479902802267,AAPL,Apple Inc,,,
2023-08-15,0.2911301895016229,0.2811392172677993,0.2945385671891168,0.3284846739913046,0.3344653857588592,-0.9990512490756136,-0.7203981729535659,0.3846469565369563,0.5878533776177417,AAPL,Apple Inc,,,
2023-08-16,0.2632822072054801,0.2524995754761046,0.2639741721851576,0.3104983303692701,0.2773481759594467,-0.8882165702053814,-0.3472234059286412,0.3583794362675714,0.5630370093097654,AAPL,Apple Inc,,,
2023-08-17,0.1819538977196066,0.1688575773501734,0.2304835234625546,0.2117373686950132,0.2776743805042127,-0.254903971975512,-0.9210007800065252,0.3180468249589588,0.5327683182931608,AAPL,Apple Inc,,,
2023-08-18,0.1974613527642701,0.1848050180880638,0.1521221943717353,0.1620302953063132,0.1197046181639385,-0.4170854529768117,0.1177016113744503,0.2917314110161689,0.5067211349941542,AAPL,Apple Inc,,,
2023-08-21,0.2401814482621056,0.2287410520299226,0.1856128430943382,0.2202402764202544,0.2101131387563116,-0.909870833826918,0.4119057254987562,0.2828324033228805,0.4870909155499556,AAPL,Apple Inc,,,
2023-08-22,0.2841673415282965,0.2739791831472333,0.2360110541739256,0.3023227657124369,0.2750632493071098,-1.0515686415678454,0.4219558835786376,0.2873168173447357,0.473414276130334,AAPL,Apple Inc,,,
2023-08-23,0.4072668878959222,0.4005808945605342,0.3618453355917498,0.3703435225213539,0.3227155401599374,-0.6972776965354806,1.2617011763510937,0.3219089422471182,0.4726484274735554,AAPL,Apple Inc,,,
2023-08-24,0.257270170297972,0.2463158652645723,0.3472135792700674,0.2944740437794548,0.3928879131049413,-0.623560348862164,-1.615506513628742,0.3098007471430795,0.4577354093119238,AAPL,Apple Inc,,,
2023-08-25,0.3278382448964509,0.3188920389432373,0.2838084824922934,0.2882610332291714,0.2855077773593628,-0.7394985364174719,0.7052743494524895,0.3186218376340505,0.4508666122404511,AAPL,Apple Inc,,,
2023-08-28,0.3778376386085765,0.3703138802720802,0.330630492904447,0.3775380619323035,0.373957575844165,-0.99248201534908,0.4782418990812256,0.3379218725505913,0.4493612278042886,AAPL,Apple Inc,,,
2023-08-29,0.5022020081174393,0.4982171909157215,0.4707710596865284,0.4086051062512678,0.3612286172433395,-0.6879560832062097,1.2534051111391662,0.3839465837119795,0.4597800378237309,AAPL,Apple Inc,,,
2023-08-30,0.613908425506741,0.6131025272391396,0.5666913872806911,0.5799651213209128,0.5322540420968109,-0.4289671109486287,1.095669613479853,0.4468036317768345,0.4798392924319217,AAPL,Apple Inc,,,
2023-08-31,0.6208712734800673,0.6202625613597056,0.6079853727499661,0.6695689894776693,0.6269052192415632,-0.4296104382292686,0.0194141124139049,0.4957128067036072,0.4987349235040467,AAPL,Apple Inc,,,
2023-09-01,-1.2231776403053825,-1.2582598195686163,-1.2034378564000632,-1.2137539638720567,-1.245559950082988,-0.0981211343395815,0.1937792906170991,-1.3192291697002494,-1.3714849205514328,AAPL,Apple Inc,,,
2023-09-02,-0.5702784809722014,-0.5839184270209374,-0.5232192895001507,-0.5423766334956288,-0.4847587938869881,-0.5883663672671614,-0.4639724094412021,-0.5742939567916039,-0.7768125287991202,AAPL,Apple Inc,,,
2023-09-03,-0.5718548748278148,-0.5930311089595702,-0.5163913674081709,-0.5485901443904692,-0.4919392822850005,-0.6604422355388454,-0.942477834245257,-0.5617851604553582,-0.5999625570805646,AAPL,Apple Inc,,,
2023-09-05,0.0965580762240451,0.0962814036715093,0.1013980181032141,0.1502574625791181,0.1441834223636867,-0.942534615859404,-0.6468987758375248,0.0666069430114785,-0.010188664934711,AAPL,Apple Inc,,,
2023-09-06,0.3944821639500505,0.3953740029486033,0.3839554519341858,0.4455588187412205,0.4199778485017925,-0.82404633202156,0.0784463690990757,0.3606279745173149,0.291602428017945,AAPL,Apple Inc,,,
2023-09-08,0.3069428753911472,0.3052230160352887,0.3416855543271888,0.3271763024067874,0.3994154930458169,-0.4434054974429887,-0.5861155355300076,0.5044992367020235,0.6908869261886229,AAPL,Apple Inc,,,
2023-09-10,0.3398637886408917,0.3312594626208447,0.280557258550778,0.287606850707139,0.2669036479071937,-1.0398992152762394,0.4546291518694377,0.2485584876183444,0.2891361937820789,AAPL,Apple Inc,,,
2023-09-13,0.1885998097361603,0.175692336149432,0.2236556046220978,0.2280884980086795,0.2571120250482371,0.3487956746249054,-0.7595395092119834,0.3458608147566192,0.4592799299054372,AAPL,Apple Inc,,,
2023-09-14,0.2370169618299648,0.2254868082360585,0.184637425188124,0.2150077940415242,0.1751898065043104,-0.4262512086659276,0.4744400690149894,0.3226266663954796,0.4436626174960867,AAPL,Apple Inc,,,
2023-09-15,0.2139157107797833,0.2017282847898766,0.1976433191717714,0.2228565159745063,0.2561329120463334,1.177547121369151,-0.2990734490755783,0.2993405581005128,0.4272755084988717,AAPL,Apple Inc,,,
2023-09-18,0.3075845507126347,0.2980629819147236,0.2912873432476015,0.2997065261581851,0.2561329120463334,-0.2152862862961097,0.9605998585721884,0.3056385858810699,0.4212561329544563,AAPL,Apple Inc,,,
2023-09-19,0.3423953777866045,0.3338631557720939,0.2994161509516987,0.3311009135455565,0.2900771345602731,-0.7269868156450282,0.3188879194969816,0.3191931796498125,0.4190833649275344,AAPL,Apple Inc,,,
2023-09-20,0.2291057409563649,0.2173504502064596,0.3016919569869998,0.2745256463954266,0.3468676404473139,-0.5078144962670474,-1.2460974017932769,0.300618962490896,0.4063704537991425,AAPL,Apple Inc,,,
2023-09-21,0.1797387556193589,0.1665791595202317,0.1911403738057091,0.2241643872144674,0.1931410307631831,-0.3515290766316117,-0.5822298754187458,0.2741645142194297,0.3901342257327308,AAPL,Apple Inc,,,
2023-09-22,0.2069538406290729,0.1945682506693106,0.216502211572692,0.2303778981093069,0.1970574795069557,-0.5645466772834712,0.2449557991028733,0.2612278039623451,0.3779534823883167,AAPL,Apple Inc,,,
2023-09-25,0.2477762188947427,0.2365521347382141,0.2129255166737515,0.2336478231112608,0.181717386445186,-0.9144868728715088,0.3905973478342163,0.2618813953366645,0.3707492511012457,AAPL,Apple Inc,,,
2023-09-26,0.117398834655754,0.1024651138830415,0.1553734183132507,0.1522195196113374,0.2019535373563956,-0.3037835808241259,-1.449763393080756,0.2292964822889177,0.3518426924224032,AAPL,Apple Inc,,,
2023-09-27,0.068981685757449,0.0526701471058465,0.0851404026950198,0.066866604972644,0.1301486468485867,-0.2264218172671847,-0.5827043941329564,0.1925749761318215,0.3300659012231182,AAPL,Apple Inc,,,
2023-09-28,0.0772098425878215,0.0611322751473204,0.0523001984042365,0.0201021135174898,0.0230947156477741,-0.578839154497686,0.040526009673342,0.1671212235255271,0.3110486905314963,AAPL,Apple Inc,,,
2023-09-29,0.0936646895146432,0.0780560397942447,0.0861163148327427,0.1090522962265443,0.1105659037621196,-0.7258527026039002,0.1314545820066146,0.152205298297773,0.2953199165336245,AAPL,Apple Inc,,,
2023-10-01,-1.2049016275143891,-1.2393834103581691,-1.2733459017954225,-1.2716371022621469,-1.2524142339362354,-0.3267543440869717,0.2157636900284717,-1.2919874947079266,-1.35733510909776,AAPL,Apple Inc,,,
2023-10-02,-0.5586010836208006,-0.5793620860516215,-0.6204400084749222,-0.5816192457416518,-0.6257564482341329,-0.5404948588995502,0.0961751679651113,-0.56932773630646,-0.7554670282485063,AAPL,Apple Inc,,,
2023-10-03,-0.6378137204914381,-0.6610509416689184,-0.6334459024585697,-0.6342699017530127,-0.6012776440343848,-0.1716859404927464,-0.8805654594368386,-0.5800413954006638,-0.6022021567510097,AAPL,Apple Inc,,,
2023-10-04,-0.2108238793333337,-0.2207112841615427,-0.2728521097596503,-0.2264726974274656,-0.2354013946885958,-0.8632793477805797,-1.0057307124626833,-0.1643908847274781,-0.2616802540243243,AAPL,Apple Inc,,,
2023-10-05,0.1530478378556914,0.1545375091090423,0.1173306600370139,0.1600677411997625,0.1432043093617839,-0.6640601224624436,0.5723994229776029,0.0918843483236339,0.0089143341328199,AAPL,Apple Inc,,,
2023-10-07,0.63624024839101,0.6443463601271949,0.6362739617186243,0.6551799171962224,0.6732516964439565,-0.4585369530180379,-0.6997878209278484,0.707449131721084,0.6464535681700674,AAPL,Apple Inc,,,
2023-10-08,0.2999902657958075,0.2980629819147236,0.3358330501414234,0.3464710143431136,0.3540481288453262,-0.6321457835507028,-0.1245204604790707,0.4575810215587215,0.6601830865451227,AAPL,Apple Inc,,,
2023-10-10,0.3208758858344329,0.3117320048226713,0.3023424014188204,0.3579165040019006,0.3090074685572082,-0.9965508945931268,-0.2511412590013908,0.2709238797643546,0.2969347003056975,AAPL,Apple Inc,,,
2023-10-13,0.3354335044403963,0.3267031216515288,0.3742007851435775,0.3641300148967401,0.4173667173046896,-0.7402446634182139,-0.666129041365927,0.333742959852102,0.327529297197895,AAPL,Apple Inc,,,
2023-10-16,0.3313191827366612,0.3224720566773121,0.28153267421522,0.3108251733166715,0.2649454219033872,-0.7041022715022681,,0.3486173870609116,0.385807810875866,AAPL,Apple Inc.,,,
2023-10-17,0.2816367251747863,0.2713754898815666,0.2600725028020719,0.2549045905021779,0.2616813821344022,-0.537221848456295,-0.5759587950082239,0.3360135703093883,0.3810988731599097,AAPL,Apple Inc.,,,
2023-10-18,0.2401804729609372,0.2287410532630895,0.232759827990637,0.2650422108371524,0.2267585471144856,-0.6295757905481468,-0.4928725286784526,0.3160437761817716,0.3728887684116429,AAPL,Apple Inc.,,,
2023-10-19,0.2281573699159712,0.21637412674874,0.2412136093914006,0.267658451406963,0.2417719347977051,-0.4790736841984629,-0.1798914699540012,0.2980163200440292,0.36428547879379,AAPL,Apple Inc.,,,
2023-10-20,0.1465116357742176,0.1324068522908129,0.1625268103529058,0.1842675921078916,0.2179460381562632,-0.315220878715501,-0.9299246163128528,0.2637832285563135,0.3487258672200033,AAPL,Apple Inc.,,,
2023-10-23,0.1503090210655711,0.1363121452317776,0.1166802158274662,0.0956442516691992,0.074337252726759,-0.5892617196680519,-0.0091929876639547,0.2390717589915985,0.334940684595604,AAPL,Apple Inc.,,,
2023-10-24,0.1642332547282806,0.1506322148204932,0.1056251564242256,0.1453518245018673,0.1441834207891387,-0.9926179762692152,0.1013831475972612,0.2240705603685834,0.3237284488959623,AAPL,Apple Inc.,,,
2023-10-25,0.0901842415468874,0.0744760228483792,0.0857908457805066,0.119189917800628,0.105996546000237,-0.5502343033492366,-0.8574043834678844,0.1940343549054211,0.3065170906276891,AAPL,Apple Inc.,,,
2023-10-26,-0.0430416676135911,-0.0625404648757757,0.0311654961576368,-0.0436671904443656,0.0567122348103143,-0.1036093129450399,-1.521941213282527,0.1377094575397633,0.2782431574089342,AAPL,Apple Inc.,,,
2023-10-27,-0.0009539806344231,-0.0192549805658433,-0.047521302880858,-0.0057324506774119,-0.056216369671898,-0.505728656784973,0.4258122202303436,0.1061429031648996,0.2565286818588468,AAPL,Apple Inc.,,,
2023-10-30,0.0645509156414246,0.0481138056852163,0.0243370793832539,0.0609799373637253,0.0126506860642954,-0.7500636947479796,0.6850738788869977,0.0990857585147412,0.2429968489495211,AAPL,Apple Inc.,,,
2023-10-31,0.0797409444012519,0.0637359706568425,0.0155578281427754,0.0292587065754634,0.0234214196748901,-0.9584818369552646,0.1178483127857593,0.0976464199280008,0.232134904108112,AAPL,Apple Inc.,,,
2023-11-01,0.1810050397650919,0.1678812541149322,0.1238336062985155,0.101857760647891,0.0772745897053176,-0.5575994058765618,1.069747332940716,0.1222563477131192,0.2318582898473469,AAPL,Apple Inc.,,,
2023-11-01,-1.1179313614174498,-1.1495576987661622,-1.2001866324585475,-1.1951134377279886,-1.220102032881337,-0.1422885366635088,1.2116853133745864,-1.249492972061215,-1.3362285400017115,AAPL,Apple Inc,,,
2023-11-02,0.2949280612889369,0.2850450083827104,0.2392627749253051,0.2764882009554653,0.2248003224621131,0.1188857586762454,1.1866271578915015,0.1696146361738865,0.2424045251706228,AAPL,Apple Inc.,,,
2023-11-03,0.2658142864608134,0.2551027738223687,0.208048431181679,0.2074864152919189,0.1830232031363466,0.201603056038513,-0.3604921088707391,0.1977475527646534,0.2492325880985258,AAPL,Apple Inc.,,,
2023-11-04,-0.249641759580691,-0.260742025721811,-0.2621220250628259,-0.2124109649442001,-0.205047419637504,-0.8656901670229774,-0.5046057650387952,-0.1835213267521634,-0.2578815813865421,AAPL,Apple Inc,,,
2023-11-05,0.1590432997111967,0.1607212193205745,0.1355391080061148,0.1688974916488548,0.170294244758635,-0.8036621423612866,0.014752755316825,0.1123633750212678,0.0268489488258711,AAPL,Apple Inc,,,
2023-11-06,0.3474580702249136,0.3390700482802958,0.2929127073151271,0.3010148949259648,0.2528693711987262,-0.3285748939687824,0.822587702760699,0.2395592448057737,0.2631781723687603,AAPL,Apple Inc.,,,
2023-11-07,0.4294183027632932,0.4233630948858924,0.390783869604008,0.3912729490985308,0.3442565084597491,-0.106769575308183,0.8133530105023341,0.2917102975222476,0.283624223820426,AAPL,Apple Inc.,,,
2023-11-07,0.6194908947131241,0.6270973201589632,0.6138383744187622,0.6407913419891068,0.6699881561573217,-0.8990536503761595,-0.218718404568342,0.6908467493025949,0.6500716121330292,AAPL,Apple Inc,,,
2023-11-08,0.4632783216111952,0.4581864490185564,0.4236240741170632,0.4769527070231459,0.4477206924705247,-0.8094454556470385,0.3011811078514118,0.3394134494316607,0.3054208193449167,AAPL,Apple Inc.,,,
2023-11-08,0.3018894465663999,0.2922045470244979,0.2665754491778848,0.3121335446776384,0.2835495513555562,-0.7200295958781088,-0.030505902087441,0.4228741561259798,0.6324505098103912,AAPL,Apple Inc,,,
2023-11-09,0.3515719043217528,0.3433011130320342,0.3212012970712639,0.3379681066178724,0.373305166754633,-0.4906734719699996,0.3452880456024633,0.4339866297622048,0.4990609959590109,AAPL,Apple Inc,,,
2023-11-09,0.4480892680401936,0.442564780650812,0.4454092192268778,0.4841472438409056,0.4676301398072227,-0.6627668356611573,-0.2076197727010455,0.3713375408560243,0.3237962771746387,AAPL,Apple Inc.,,,
2023-11-10,0.5821236087380475,0.5724207369767284,0.5250719316414688,0.5403951685996689,0.500594750174767,-0.2525661073731868,1.3377003299698205,0.4292834416405379,0.3532051064226599,AAPL,Apple Inc.,,,
2023-11-10,0.3654961367299789,0.3576211845277083,0.3065695407495816,0.3464710143431136,0.3122710088438431,-0.8687774747460479,0.4219186324245357,0.299017520623744,0.3082533887435807,AAPL,Apple Inc,,,
2023-11-13,0.5314250044187002,0.5203483435496243,0.5075134291605118,0.5626329639446254,0.5609759997431644,-0.9988887591954518,-0.5639414272055316,0.4598812667816592,0.3751351569300762,AAPL,Apple Inc.,,,
2023-11-14,0.6150781647603139,0.6062682644780338,0.575145168795767,0.6309805647165025,0.6223358636152017,-0.4523623375718968,0.8034940752749331,0.5040513938872458,0.4030002709208765,AAPL,Apple Inc.,,,
2023-11-15,0.6331396370204982,0.6248189025515017,0.6203413197848244,0.6793797677658323,0.6272319232686783,-0.6618714832602669,0.1311332783622979,0.5417609583419909,0.4300440715729552,AAPL,Apple Inc.,,,
2023-11-16,0.687007605026772,0.6801465344358796,0.6678137750796932,0.7078305730926153,0.6833700207419054,-0.6412319523597396,0.4899631718042446,0.5837087599721162,0.459734988185949,AAPL,Apple Inc.,,,
2023-11-17,0.6863727571005596,0.6794954867444243,0.6489548816690219,0.7052148315196701,0.7055638974988548,-0.7569711727148495,-0.0570113422926476,0.6150085582331695,0.4866665592355344,AAPL,Apple Inc.,,,
2023-11-20,0.742141855724577,0.7367752684954026,0.698703145126651,0.7480547104819771,0.6938140515620739,-0.903464089980546,0.5040870362104449,0.6526313282265183,0.5164356394130084,AAPL,Apple Inc.,,,
2023-11-21,0.7164758609934172,0.7104135479361235,0.6860222249539822,0.7434764142340262,0.7434245675198747,-1.181043230976616,-0.3036713722317025,0.6743372645620113,0.5410657988287372,AAPL,Apple Inc.,,,
2023-11-22,0.7377052341572907,0.7322189278629808,0.7318683233363744,0.7791217563785698,0.7460356997305562,-1.1318585390876987,0.1594379725002798,0.696002342691216,0.5654689875256449,AAPL,Apple Inc.,,,
2023-11-24,0.6952450250463063,0.6886081680092644,0.6658624444705502,0.7274521278677605,0.7257995496034318,-1.6481585268811916,-0.4695084464292739,0.7014795284431798,0.5836292965140091,AAPL,Apple Inc.,,,
2023-11-27,0.6895416331930746,0.6827497319939336,0.6583840803028335,0.7160061377494484,0.6947931638882601,-1.100856133176865,-0.107349593025271,0.704140538731678,0.599598096894101,AAPL,Apple Inc.,,,
2023-11-28,0.7088703633336179,0.7026024654503114,0.6717154440118844,0.7323572670631148,0.6902238070252089,-1.1717282498873516,0.1414817226169423,0.7110397530137362,0.6159471785700349,AAPL,Apple Inc.,,,
2023-11-29,0.676233231274455,0.6690807100966735,0.7045556485249405,0.7182955353718566,0.726778661929619,-1.019226523175679,-0.3741558314060093,0.7079345324035665,0.6277166101269062,AAPL,Apple Inc.,,,
2023-11-30,0.6946116399033313,0.6879571203178091,0.6470040472029264,0.6927878135622865,0.6921820316775823,-0.8275481547450428,0.1324383025345815,0.7102679888556741,0.6401580116510819,AAPL,Apple Inc.,,,
2023-12-01,0.7354871671708543,0.7299410058487154,0.6873226158836956,0.7267979429760903,0.7081750297095336,-0.9300029983669406,0.3553711436961646,0.7223876901187888,0.6553425874399069,AAPL,Apple Inc.,,,
2023-12-01,-1.1204527121851755,-1.1521613919174114,-1.1758002093462565,-1.1630653648929152,-1.134262866226033,-0.0785958197601624,-0.0865376171752687,-1.2182617151627335,-1.3172797267996978,AAPL,Apple Inc,,,
2023-12-04,0.6781343618921994,0.6710333565671558,0.6382247959624479,0.6685879625391885,0.6967513885406316,-1.0067811248033014,-0.6166105814204944,0.716927778240849,0.6637108086662644,AAPL,Apple Inc.,,,
2023-12-04,-0.2717327121603714,-0.2835237305683916,-0.2718766918534351,-0.2362834731224413,-0.2419289778933117,-0.7831552562608912,-0.3109887359675023,-0.2034733544254907,-0.2565220405210119,AAPL,Apple Inc,,,
2023-12-05,0.1293375854587148,0.1223178470025215,0.1183060779432291,0.1306359079189409,0.1627870524482509,-0.9356967764126034,-0.3746241111878023,0.1201866784878945,0.0403376167520105,AAPL,Apple Inc,,,
2023-12-05,0.804564180119077,0.800889809496953,0.7796657523279106,0.7578649888726839,0.7042585804047887,-0.2361513133568613,1.208736806007831,0.7449065045146697,0.683301388189693,AAPL,Apple Inc.,,,
2023-12-06,0.4839157537529606,0.4874771397348724,0.4379308553957451,0.4566774656761574,0.4124711555590141,-0.6458081979642909,0.884386687972886,0.3963371634164516,0.3146297638689247,AAPL,Apple Inc,,,
2023-12-06,0.7697099562623062,0.7650901321290479,0.7913712552675334,0.8209806075018072,0.8426451014129356,-1.0830452526391507,-0.3907354552902751,0.7570484694988338,0.6978074984764011,AAPL,Apple Inc.,,,
2023-12-07,0.8314979203250072,0.8285536254391419,0.7991750892749623,0.8693798105511369,0.8158818677929349,-0.8712115068284687,0.5555562726702085,0.7818297752543965,0.7168511774653759,AAPL,Apple Inc.,,,
2023-12-07,0.6728985722388307,0.682099181802633,0.6918747267836641,0.7019444053811518,0.6869597680466858,-0.4310794793907296,0.4865742587562991,0.6919438159883212,0.658422762376871,AAPL,Apple Inc,,,
2023-12-08,0.8771270055285075,0.8754191271462541,0.8313653463946854,0.8719960511209465,0.8344855000130195,-0.6746087001929348,0.3925143381955042,0.8119912815612208,0.7384883691881439,AAPL,Apple Inc.,,,
2023-12-09,0.2547385779567607,0.2437121721133232,0.315673766359893,0.2555587746018389,0.354374832757698,0.5511552655861648,-1.070803037499,0.3932167819659943,0.4815068885276802,AAPL,Apple Inc,,,
2023-12-10,0.3942929776422051,0.3872376449190044,0.3875321468331272,0.3935618481775618,0.373305166754633,-0.5639597240428875,0.2519259504428732,0.3273931504824726,0.3212724894132501,AAPL,Apple Inc,,,
2023-12-11,0.7969591700536891,0.7930787270111399,0.7500772693537137,0.7984159692094482,0.7989097574347974,-0.4246627871843478,-0.8236647751915119,0.8142748362743933,0.7505601805462448,AAPL,Apple Inc.,,,
2023-12-12,0.8454416577642516,0.8428736950278584,0.7900708643378173,0.8082267465970212,0.7979306451086103,-0.6981365716163348,0.4228875954719844,0.8282869017502296,0.7661297582510322,AAPL,Apple Inc.,,,
2023-12-13,0.9484220854631666,0.9486463494126446,0.8967207817241284,0.9105849757795684,0.8635336610758197,-0.110941254272332,0.9473269405790886,0.8649207945827648,0.7900444760171406,AAPL,Apple Inc.,,,
2023-12-14,0.9531751558047306,0.9535279655888514,0.9493952968809024,0.9534248547418746,0.9591644484545584,-0.2294129575101595,-0.0053890047800252,0.8936020085766895,0.8122356278286466,AAPL,Apple Inc.,,,
2023-12-15,0.9360644926506264,0.9359536507506256,0.9097266755934654,0.980894632229588,0.9431714504226072,1.8168585806849864,-0.2136768455274372,0.9107721582991196,0.8307876417056708,AAPL,Apple Inc.,,,
2023-12-18,0.8828308849761499,0.8812770665577012,0.8521750742714513,0.8955417172523752,0.896172066675484,-0.5968291055155781,-0.5591361973633082,0.9101450715668298,0.8426075906850046,AAPL,Apple Inc.,,,
2023-12-19,0.9161028649615252,0.9154498696027936,0.8625796901383106,0.944595105193374,0.89845699411828,-1.0955005993715383,0.2698128098401918,0.9181154408008654,0.8565065401406056,AAPL,Apple Inc.,,,
2023-12-20,0.8492429438109113,0.8467789879688231,0.8863156697142207,0.9099307908879002,0.9226090955276046,-0.7131950725513114,-0.6913251930465675,0.9071316937688826,0.8628049191321449,AAPL,Apple Inc.,,,
2023-12-21,0.844489385874933,0.8418968751887336,0.8668068289102165,0.8664367270339239,0.8964987694659085,-0.9042135331012914,-0.096736846751718,0.8976879654287823,0.868080172703961,AAPL,Apple Inc.,,,
2023-12-22,0.8102685471611346,0.8067482455122829,0.8125064529840114,0.849104569881187,0.8664709980543774,-1.2137036968890988,-0.3823953422427584,0.8819237713242738,0.8696323829896454,AAPL,Apple Inc.,,,
2023-12-26,0.7928409476383358,0.7888481585263893,0.7630831632230489,0.8445262736332351,0.8152289602346297,-1.4866303215205416,-0.2205626960754454,0.8656794621887032,0.8693916833038815,AAPL,Apple Inc.,,,
2023-12-27,0.796008848542024,0.7921024037758997,0.7504022430503792,0.7876241639828054,0.7786741053302204,-0.8509831748083504,-0.0197312610110409,0.8542998870890546,0.8694731212480838,AAPL,Apple Inc.,,,
2023-12-28,0.8096346744237498,0.8060971978208284,0.7881200298717198,0.8556449218072802,0.8325272753606471,-1.31649346863133,0.0824231548113434,0.8492219070011165,0.8708386209511415,AAPL,Apple Inc.,,,
2023-12-29,0.7763636696272032,0.7719243947757362,0.7796657523279106,0.8085535895444218,0.8246938787286119,-1.0305709697069618,-0.3750212046338569,0.8369729850450939,0.8689265354540618,AAPL,Apple Inc.,,,
2024-01-02,0.5580418082559385,0.5476863873441448,0.5858752545023401,0.5521680016653832,0.604384640930878,0.2897952675262257,-2.1904969194203776,0.7724007738471347,0.8464955787766937,AAPL,Apple Inc.,,,
2024-01-03,0.5139983800847291,0.5024482565637299,0.5026363429952728,0.537124743138189,0.5087543515746831,-0.5085340943077632,-0.4983934476479968,0.7127983497725956,0.8219293333718902,AAPL,Apple Inc.,,,
2024-01-04,0.4398508728318335,0.4262920645916141,0.4119185711774422,0.453734382835984,0.4411926129325567,-0.0585664549402419,-0.810084104820999,0.6492862385093996,0.792568630944474,AAPL,Apple Inc.,,,
2024-01-05,0.4167189062669781,0.4025335415903908,0.4011884854708691,0.4305155596519567,0.4359708465337456,-0.3770433039369873,-0.2906519544782672,0.5957838650861546,0.763684619481132,AAPL,Apple Inc.,,,
2024-01-08,0.5555072924952243,0.5450826931822051,0.4935321180581269,0.4740096235059329,0.4392343882801842,-0.4843264182836871,1.3948008512382928,0.5908659589976696,0.7505808865523007,AAPL,Apple Inc.,,,
2024-01-09,0.5421984029821905,0.5314136712849469,0.4788998672763152,0.5142332618984286,0.4989627302902745,-1.024943514061365,-0.1860384045047021,0.583801230978684,0.7374069763116136,AAPL,Apple Inc.,,,
2024-01-10,0.5754694077787372,0.5655864743300392,0.5195439057968011,0.5531490295044539,0.5129975036698533,-0.8939202966110541,0.2884129997562821,0.5869431218545186,0.7285841431381163,AAPL,Apple Inc.,,,
2024-01-11,0.5564576140068876,0.5460590164174491,0.5406791035132819,0.5433382521168808,0.58447519359418,-0.8164723139340272,-0.2433786522029483,0.5844764862298916,0.7187614347347551,AAPL,Apple Inc.,,,
2024-01-12,0.5669140762016852,0.5567990686089849,0.53059946134309,0.5946810376802888,0.5688088983526524,-1.1033365909393318,0.055620847404925,0.5852791829064179,0.7108227705469833,AAPL,Apple Inc.,,,
2024-01-16,0.4943512507922529,0.4822702475635673,0.4499613316954521,0.4553690965698576,0.4415193157229802,-0.2701548078706799,-0.787179293566387,0.567472926127422,0.6967282482861175,AAPL,Apple Inc.,,,
2024-01-17,0.464249122088222,0.4513516897679844,0.4067160151724875,0.4347670129525071,0.4124711546601818,-0.8765272471937556,-0.3600309046288775,0.546481700798315,0.6810619456367079,AAPL,Apple Inc.,,,
2024-01-18,0.6527853035297325,0.6449974081555462,0.6086358168452026,0.6156104632419069,0.5697880106788413,0.1411369238983756,1.896806486397332,0.5785675478751551,0.6846894420934135,AAPL,Apple Inc.,,,
2024-01-19,0.7456271805913723,0.7403552858925797,0.7000035360563671,0.7133903961765032,0.6755366241098693,-0.1607228477618429,0.8780721106984367,0.6261847536908082,0.6967867835143603,AAPL,Apple Inc.,,,
2024-01-22,0.8194577514755732,0.8161862023209098,0.8099051749815364,0.8258857466971615,0.7724727285826759,-0.4515167269710558,0.6765904219072726,0.6806275484756615,0.7147820792353311,AAPL,Apple Inc.,,,
2024-01-23,0.860332791148681,0.8581695912479315,0.8235615123872537,0.8772285322605676,0.8612492316555656,-1.0410664895174002,0.3471147470472666,0.7318291297917471,0.7350156035339807,AAPL,Apple Inc.,,,
2024-01-24,0.8387864816161138,0.8360389357772865,0.8440462665673542,0.8939065045216363,0.8743043946864136,-0.6671507463055174,-0.2590075551535675,0.764764287117047,0.7513675424017492,AAPL,Apple Inc.,,,
2024-01-25,0.828330019421319,0.8252988835857499,0.8404695713318285,0.8536828661291398,0.86777681317099,-0.6276623893062437,-0.1521437159935505,0.7868129817160276,0.7652418706480698,AAPL,Apple Inc.,,,
2024-01-26,0.7728778571659944,0.7683443773785573,0.7913712552675334,0.8154212834147837,0.8367704274558173,-0.9668384593635758,-0.5895998394374312,0.7892819841518827,0.7725991020061815,AAPL,Apple Inc.,,,
2024-01-29,0.7510141236703237,0.7458879497602419,0.7081323437604643,0.7382439330944042,0.7630073120661491,-0.8822243413594217,-0.2651083661139614,0.7855871808362397,0.7772152343559836,AAPL,Apple Inc.,,,
2024-01-30,0.6340889833433366,0.6257952257867411,0.6951264498911282,0.6692421474308577,0.7280844770462307,-0.5932642765120327,-1.2014765264612828,0.7531536358165031,0.7703294725791764,AAPL,Apple Inc.,,,
2024-01-31,0.5187499876430529,0.5073298727399368,0.54230496428271,0.5672112601925764,0.6007943963940121,-0.606250202444948,-1.208141850804363,0.6995684195293731,0.7531377793001288,AAPL,Apple Inc.,,,
2024-02-01,0.5967002437258508,0.5873918542568992,0.5374273819744236,0.5498791030398403,0.5012476577330741,-0.293951285014347,0.7469877900192928,0.6791545102348892,0.7448971464538959,AAPL,Apple Inc.,,,
2024-02-02,0.5646960092152479,0.5545211465947157,0.5497833284504268,0.4004295415944346,0.3664508832392449,0.9551084237879216,-0.3738922766999568,0.655725005117496,0.7343722785492417,AAPL,Apple Inc.,,,
2024-02-05,0.6226821996368749,0.6140788503599632,0.6122125120807272,0.6159373061893094,0.6370230465305423,-0.1353280007765861,0.5380608962707066,0.6528632459764986,0.7303001880816564,AAPL,Apple Inc.,,,
2024-02-06,0.6740151642880194,0.6668027880824052,0.614163346546821,0.6463506661910973,0.5949197224368957,-1.0034218952399605,0.465425937510712,0.6637394563329675,0.7314636615768771,AAPL,Apple Inc.,,,
2024-02-07,0.6775009767492254,0.6703828054795823,0.6707400267788366,0.7065227023061432,0.7182928557618221,-0.6735276450718597,-0.0159487816427224,0.6727809210297133,0.7328517524721632,AAPL,Apple Inc.,,,
2024-02-08,0.6429627140723225,0.6349084036554649,0.6216417107145388,0.6653180360745741,0.6774948487622418,-1.0872799378833624,-0.3947866023326299,0.6708000952220678,0.7308400928435176,AAPL,Apple Inc.,,,
2024-02-09,0.6673926569655794,0.652157442949903,0.6362739614963533,0.6865743045835947,0.6533422493303744,-0.9482283939050667,0.1940971808098016,0.6755120461675475,0.7313267982597979,AAPL,Apple Inc.,,,
2024-02-12,0.6134559381470199,0.5968298110655251,0.593353618670056,0.6470043520859011,0.6458355554887637,-1.0600910699763213,-0.5889516852950186,0.6653629398682515,0.7266570981866463,AAPL,Apple Inc.,,,
2024-02-13,0.54651117556848,0.5281589294315538,0.5133664287018469,0.5397409837080015,0.559343979858671,-0.5710429563699322,-0.7248324429670204,0.6407680629794287,0.7160668453682417,AAPL,Apple Inc.,,,
2024-02-14,0.5182745830900155,0.4991935147103378,0.4912558137523174,0.5047498264551242,0.5446567969433322,-0.634016075232563,-0.3382823534868115,0.6151586357252977,0.7037630590266841,AAPL,Apple Inc.,,,
2024-02-15,0.5090736765096567,0.4897555579017119,0.4574401920062154,0.4691044843105786,0.4868866795856135,-0.2757424700762372,-0.1448594591297084,0.5936174106116472,0.6917057304219891,AAPL,Apple Inc.,,,
2024-02-16,0.459896366760036,0.439310038797419,0.4691456949458354,0.4795689475929555,0.4826435274904423,-0.7957764089934438,-0.5547750794955858,0.5649858246932092,0.6760834631428682,AAPL,Apple Inc.,,,
2024-02-20,0.4361012717929916,0.4149009647086221,0.3904583997642932,0.4249562355649341,0.4294427669957747,-0.6660133171443862,-0.2966753764822424,0.5374756179147101,0.6596260864090303,AAPL,Apple Inc.,,,
2024-02-21,0.4602142783175555,0.4396358109450903,0.4054156242427733,0.4465398460182196,0.4343388266492522,-1.07370374258986,0.199598164649315,0.5229601303478686,0.6469502822812842,AAPL,Apple Inc.,,,
2024-02-22,0.5252544971174584,0.5063535495046947,0.472722390181361,0.5054040113467934,0.4846017521428138,-0.7115569092696822,0.6216113663760151,0.5285734029524608,0.6415913809394705,AAPL,Apple Inc.,,,
2024-02-23,0.466559344418786,0.4461447980479918,0.4753231720407896,0.4978821325847622,0.5345384728684992,-0.9494056165062378,-0.6506708686045238,0.5178931328654738,0.6311564852476531,AAPL,Apple Inc.,,,
2024-02-26,0.4234101644017038,0.4018829905028173,0.4011884854708691,0.4462125040739547,0.4441304479336617,-1.0904169874064824,-0.4962325283520322,0.4989365241721458,0.6175805072887288,AAPL,Apple Inc.,,,
2024-02-27,0.470049545229716,0.4497248154451716,0.4389062722922097,0.4105671619294092,0.4069226854709444,-0.6443491051628398,0.4344925500012796,0.4965508939789491,0.6096592219410751,AAPL,Apple Inc.,,,
2024-02-28,0.4316597742815716,0.4103446240762039,0.4128939884104891,0.4292076888654845,0.4529424588693386,-0.8222589433397823,-0.446850589173018,0.4850226676311711,0.5988194443808542,AAPL,Apple Inc.,,,
2024-02-29,0.4104026082361366,0.3885392441493448,0.395011008375914,0.4095861340903385,0.4124711546601818,2.0869300259935897,-0.271517842944564,0.4709838212870645,0.5869503322331303,AAPL,Apple Inc.,,,
2024-03-01,0.375819974467615,0.3530648423252255,0.328679659670374,0.33927647764032,0.3563330571869564,-0.0061883394881486,-0.4112755633852012,0.4516815058089976,0.5728824643153357,AAPL,Apple Inc.,,,
2024-03-04,0.2311438856978845,0.2046577513219622,0.2106492130411076,0.2218749899305776,0.2453621793345701,0.2573437171739506,-1.568326833522173,0.4005022588846091,0.5463809936482891,AAPL,Apple Inc.,,,
2024-03-05,0.0731428167994805,0.0425811418175551,0.0526251714277366,0.0855066313342247,0.0694411930732815,0.7090755323832264,-1.7512665693019336,0.3220349329353575,0.5073132969150211,AAPL,Apple Inc.,,,
2024-03-06,0.0414155359156746,0.0100357096991593,0.0266133836890643,0.0547664283850335,0.0792328143576901,-0.1711785741322418,-0.4021745783973976,0.2551356249906001,0.4687900753331463,AAPL,Apple Inc.,,,
2024-03-07,0.0376083987360536,0.0061304167581946,0.0100302984411551,0.0485534184032079,0.0168933401369202,-0.0658121771474482,-0.0931218525750609,0.2039953210491396,0.4334081217071339,AAPL,Apple Inc.,,,
2024-03-08,0.092496414255105,0.0624338752739319,0.1066005736572734,0.0632693349861344,0.0119977785059891,0.0834762292810284,0.5613879479856121,0.1795644946505818,0.4064450334220694,AAPL,Apple Inc.,,,
2024-03-11,0.1565848487601025,0.1281757872021787,0.1287111886068029,0.1649733792770133,0.1405931762522737,-0.4513310242508711,0.6567447050089602,0.1774998073856623,0.3880074811629785,AAPL,Apple Inc.,,,
2024-03-12,0.1718138850729998,0.1437974555699213,0.1173306593638475,0.1309627508663423,0.1474469625355773,-0.4617469571812304,0.1154436799754567,0.1798147075651348,0.3726894886210259,AAPL,Apple Inc.,,,
2024-03-13,0.1051870340519793,0.0754523460836203,0.0900179845524126,0.1227871862095092,0.1350447070630364,-0.7050407334632014,-0.7755444179180049,0.1646484857127516,0.3524491017993579,AAPL,Apple Inc.,,,
2024-03-14,0.1645165470824507,0.1363121452317776,0.1264348843009924,0.1649733792770133,0.1396140639260875,-0.027729855029573,0.6026825049616908,0.1683249731288459,0.3396720424538785,AAPL,Apple Inc.,,,
2024-03-15,0.1524602876173753,0.1239447221135445,0.0714840648384078,0.1074170847349136,0.082823058894555,1.591836625621188,-0.1820336365852213,0.1680238167806965,0.32691383334102,AAPL,Apple Inc.,,,
2024-03-18,0.1873608329434166,0.1597448960853333,0.236986966762543,0.2130457393789415,0.2264323423466056,0.0614969858991687,0.3303356301440985,0.1766517804169344,0.318623359263026,AAPL,Apple Inc.,,,
2024-03-19,0.2622368062498914,0.2365521357489026,0.2012200144072961,0.1970214530126767,0.1862867448827852,-0.614626721573279,0.7615973784733046,0.2021178490584291,0.3181833612228565,AAPL,Apple Inc.,,,
2024-03-20,0.3444096299525019,0.3208446857506156,0.2682013105061691,0.2643880259454833,0.2313279039775367,-0.6740549081523841,0.8288093146509677,0.2420636159388805,0.3255717601118489,AAPL,Apple Inc.,,,
2024-03-21,0.1128017960056346,0.0832629319655498,0.2298335762914936,0.1254034267793198,0.2747370431877958,1.0754703154276293,-2.493689732400574,0.213266936655437,0.3103365355632569,AAPL,Apple Inc.,,,
2024-03-22,0.1416737240047249,0.112879394378222,0.0854658720838401,0.0998957049697496,0.1020795986729458,-0.0858747031674017,0.2668164354917047,0.1989938734385036,0.2992228327479395,AAPL,Apple Inc.,,,
2024-03-25,0.0963035514347259,0.0663396648187802,0.0493739460319267,0.0799473072472021,0.0632403143482843,-0.645363837883849,-0.547010202976778,0.1767792319254978,0.2848192501925642,AAPL,Apple Inc.,,,
2024-03-26,0.0601347730395,0.0292378920679644,0.032465887087351,0.0841987605477526,0.0446361841056534,-0.5425608016616049,-0.4496659204506688,0.1509426850600801,0.2682969823822285,AAPL,Apple Inc.,,,
2024-03-27,0.1743518139946093,0.146401149731859,0.1033493482614635,0.1015309177004895,0.0580180499269268,-0.4468940556864583,1.217667859053854,0.1605407065773462,0.2641023091165525,AAPL,Apple Inc.,,,
2024-03-28,0.1162915092221494,0.0868429493627287,0.0588031446657381,0.1146116215526761,0.1017533939050658,-0.2678434722283812,-0.682055582865274,0.1530100511364079,0.2547859739107281,AAPL,Apple Inc.,,,
2024-04-01,0.0702869763203515,0.0396521721118316,0.0269383573857308,0.0809283350862728,0.0834759664528613,-0.9122385435092728,-0.5562974554390393,0.1356912861904462,0.2419562367981104,AAPL,Apple Inc.,,,
2024-04-02,0.0325320532984212,0.0009230284343192,-0.0351658525479032,0.0400505118021071,0.0146089107166678,-0.8098035966073948,-0.4691708132973231,0.1131242617396365,0.2267144016865134,AAPL,Apple Inc.,,,
2024-04-03,0.0582307168552761,0.0272847489935984,0.008404437671726,0.05149650192042,0.0051434942001392,-0.8641150100214109,0.2361540023565454,0.1027184222326463,0.2152939250682202,AAPL,Apple Inc.,,,
2024-04-04,0.0318976929666222,0.0002724773467475,0.0487235024955454,0.0593452236298517,0.0541011025996356,-0.6647266625831065,-0.3432246682427524,0.0882336845063341,0.2024158113661946,AAPL,Apple Inc.,,,
2024-04-05,0.0560102118967728,0.0250068269793302,-0.0010247609620854,0.0635961779335358,0.0312543182843799,-1.0493833184856718,0.2184811999962372,0.0834871750320427,0.192993836507381,AAPL,Apple Inc.,,,
2024-04-08,0.0201578822758263,-0.0117696702276997,-0.0397179650164756,0.0403778537463748,0.0129768908321753,-1.2045545217999991,-0.4491370131648988,0.0708320062832498,0.1810302962005049,AAPL,Apple Inc.,,,
2024-04-09,0.0588660523759019,0.0279357966850537,-0.0111044031322781,0.043975122155256,0.0022061572215805,-1.0404629556768,0.3823675734370661,0.0711604072984901,0.1738231376213383,AAPL,Apple Inc.,,,
2024-04-10,-0.0010987961751951,-0.0335750501545588,-0.0432946602520003,0.0034241418184918,0.0054701969905655,-0.7972089728348686,-0.7167549392974818,0.0561943775964043,0.1615876654256604,AAPL,Apple Inc.,,,
2024-04-11,0.229240317108074,0.2027046082475962,0.1638276974256684,0.0377616131765643,-0.0095436887152004,0.5743714217292547,2.536611282246924,0.1034040012337189,0.1722962094727927,AAPL,Apple Inc.,,,
2024-04-12,0.2771479310052691,0.2518485285728593,0.2581216683359763,0.2356103776712996,0.1836756126721065,0.925900038798872,0.4651111106053194,0.1509647801218167,0.1865719663205803,AAPL,Apple Inc.,,,
2024-04-15,0.1546817677647054,0.1262231407316963,0.2018704579436774,0.1796892958599397,0.2195780580407557,-0.0072262850491809,-1.3579778842706776,0.1555672336942336,0.187942499373097,AAPL,Apple Inc.,,,
2024-04-16,0.0496651457955423,0.0184978398764278,0.108551408123369,0.0413588815854455,0.1017533939050658,-0.0012771657632641,-1.196767432044686,0.1323776731836762,0.1792348903931392,AAPL,Apple Inc.,,,
2024-04-17,0.0058816054466611,-0.026415015360201,0.0074290204386782,0.0325291320369431,0.0319072258426861,-0.7576841385155586,-0.5378540459238283,0.1038781674077182,0.1671690479700312,AAPL,Apple Inc.,,,
2024-04-18,-0.0245769547735467,-0.0576588486995698,-0.0579264148907656,-0.0148890431733158,-0.0196615147674889,-1.015621900732094,-0.3923774992898223,0.0747765831228346,0.1533132168927711,AAPL,Apple Inc.,,,
2024-04-19,-0.08930072479917,-0.1240513117153883,-0.1307607105309736,-0.0956636619025765,-0.0790631539871537,-0.1857131281066973,-0.7809338127967215,0.0365307857170391,0.1345824431002619,AAPL,Apple Inc.,,,
2024-04-22,-0.0626493017585831,-0.096713267920868,-0.1027975921831574,-0.0730990236102184,-0.1015837335345295,-0.8500314483674039,0.2537121101614453,0.0146075696327149,0.1200805072481052,AAPL,Apple Inc.,,,
2024-04-23,-0.0290189398793801,-0.0622151893319898,-0.109625512814492,-0.0681938844148651,-0.1071322027237669,-0.8028961186405248,0.3314788837756539,0.0066967588471465,0.110084438177214,AAPL,Apple Inc.,,,
2024-04-24,0.0382427590678527,0.0067814644496499,-0.0364662434776174,-0.0260076913473609,-0.0682929183991053,-0.8455414218829382,0.7088109886236482,0.0178271007065006,0.1073722130403416,AAPL,Apple Inc.,,,
2024-04-25,0.0658454788089314,0.0350958314794115,0.0061286295089639,0.0374342712322965,0.0292960936320074,-0.7690551140068678,0.2570791277154494,0.0331773211201715,0.1075227587075782,AAPL,Apple Inc.,,,
2024-04-26,0.0471262416851061,0.0158941457144901,0.0298646090848741,0.0711175576986998,0.0407197348009085,-0.9587338620755153,-0.2583509336739082,0.0399411506035505,0.1058853961537509,AAPL,Apple Inc.,,,
2024-04-29,0.1803804313215603,0.1525848612909755,0.1823611209966248,0.1993108506350858,0.1546274516093071,-0.1850499041060377,1.4326564910432256,0.0788189403866501,0.1170268090682295,AAPL,Apple Inc.,,,
2024-04-30,0.0798053068638172,0.049415901068127,0.1485454992505219,0.0979336492916083,0.153322134515241,-0.2591519216997369,-1.1431721619769797,0.0824626342819509,0.1176227863529621,AAPL,Apple Inc.,,,
2024-05-01,0.0471262416851061,0.0158941457144901,0.0744108126805995,0.068828659073157,0.0309281135164999,-0.7748649562526461,-0.4122722159110323,0.0769051354748843,0.115067239467737,AAPL,Apple Inc.,,,
2024-05-02,0.1654683313773559,0.1372884684670188,0.0974963487201284,0.1270386395100596,0.126558402872694,0.6786501313529665,1.2666586339595376,0.1027589161961694,0.1239605601993911,AAPL,Apple Inc.,,,
2024-05-03,0.4938451277911729,0.4741338895339684,0.5390532427438527,0.5119443632728848,0.5880654381310458,2.9670780166689523,3.52591432469743,0.2054543290332298,0.163169177281763,AAPL,Apple Inc.,,,
2024-05-06,0.4408606808619311,0.4197830774887135,0.4480104972293547,0.4386911243087898,0.4477206924705247,0.1598365245969736,-0.5952206233226848,0.269034398594933,0.1937914720756713,AAPL,Apple Inc.,,,
2024-05-07,0.4627526948335775,0.4422390085031453,0.470771059572218,0.4681234564715089,0.4836226398166285,0.117924083875289,0.1763564993074029,0.3222731803110255,0.2237048621253386,AAPL,Apple Inc.,,,
2024-05-08,0.4735392584462289,0.4533048328423514,0.4112686237841083,0.4723744107751931,0.4640398952703569,-0.9514815076283024,0.0607530604369464,0.3649386825852313,0.2519212110448236,AAPL,Apple Inc.,,,
2024-05-09,0.5316010260019299,0.5128630332114807,0.4629677217078329,0.4939580212284814,0.4545744787538273,-0.8212939524188226,0.5480971213292709,0.4116673519595464,0.2830755718522644,AAPL,Apple Inc.,,,
2024-05-10,0.4912516131064388,0.4633938373424318,0.4769490328102196,0.4946122061201497,0.5309482283316334,-0.762383080560232,-0.4626960900431356,0.4364777136879844,0.3075733727583365,AAPL,Apple Inc.,,,
2024-05-13,0.5938697581562162,0.5685154440357627,0.54230496428271,0.5760405107442134,0.5485732462480771,-0.0565369894982235,1.0043858636153862,0.4811184221428235,0.3395703196708245,AAPL,Apple Inc.,,,
2024-05-14,0.6304052075502974,0.6059424923303643,0.5813231420337677,0.6306532227722349,0.6161344868676599,-0.7081943635863379,0.3184340854740191,0.5238675390510835,0.372121308409604,AAPL,Apple Inc.,,,
2024-05-15,0.7031591699697721,0.6804718099796655,0.657733636766453,0.665971721969378,0.6291901479210498,-0.1110805313124705,0.6798526597313127,0.5743861450823573,0.4086087872694953,AAPL,Apple Inc.,,,
2024-05-16,0.7069711830935259,0.6843771029206311,0.6723658875482648,0.7408601736642129,0.7127443865725848,-0.6932187656514437,-0.0128808311905052,0.6132421595546187,0.4421405278390639,AAPL,Apple Inc.,,,
2024-05-17,0.7079249177660856,0.6853534261558714,0.662936192771404,0.7251627302453514,0.6814112980669885,-1.0766385087927788,-0.0412414013223842,0.6426261209409025,0.4727143239892563,AAPL,Apple Inc.,,,
2024-05-20,0.7450952150863818,0.7234315221419284,0.6990281188233193,0.7196034061583306,0.6755366241098693,-0.9745550706112504,0.3177474903090688,0.6740937305092882,0.5040317106336295,AAPL,Apple Inc.,,,
2024-05-21,0.7867143238342967,0.7660664553642881,0.7253653764017055,0.7820648398957819,0.7329800386771627,-1.042598536958924,0.3593190544318563,0.7082526839109599,0.5364467500627504,AAPL,Apple Inc.,,,
2024-05-22,0.7406478664420003,0.7188751815095092,0.7282921242438981,0.7608085713867613,0.7714936162564887,-1.2966431742915874,-0.5014350804945751,0.722185416129896,0.5615487570085589,AAPL,Apple Inc.,,,
2024-05-23,0.6129317741526424,0.5880429019483536,0.6691141660094075,0.6417723699431463,0.7293897941402959,-0.7542121608721055,-1.309829777371191,0.7002349935046367,0.572263743695688,AAPL,Apple Inc.,,,
2024-05-24,0.7114190193323189,0.6889334435530493,0.6554578286036901,0.6878821753700669,0.6588912165421572,-1.2409821000362289,0.941160519385917,0.7087571561748561,0.5913393299511162,AAPL,Apple Inc.,,,
2024-05-28,0.7117369308898402,0.6892592157007207,0.7341446276421849,0.7225469886724062,0.746688109266317,-0.7119581597900813,-0.0475472067217148,0.7152294283548823,0.6087109038789729,AAPL,Apple Inc.,,,
2024-05-29,0.7212684264824671,0.6990224480531315,0.7097582045298934,0.735954535471997,0.6846753378359726,-0.6858304502840956,0.043723001060876,0.7225016534516836,0.6254066455629819,AAPL,Apple Inc.,,,
2024-05-30,0.7530381280802365,0.7315678801715273,0.707481900224083,0.7725814044524766,0.7222093050665688,-0.7912465890689386,0.263519962055865,0.7360153973605256,0.6435957468556187,AAPL,Apple Inc.,,,
2024-05-31,0.7835381338255811,0.762811713510896,0.7201633165398009,0.749035738321046,0.7444036798460628,0.0467104068044625,0.2493851541885081,0.7538881744553102,0.6630221051407362,AAPL,Apple Inc.,,,
2024-06-03,0.8400888462942364,0.8207425429533298,0.7988501155782967,0.8343886532982596,0.7920554731289475,-0.784899535382626,0.5029130355824446,0.7816389642094055,0.6860423465244371,AAPL,Apple Inc.,,,
2024-06-04,0.8502551898130757,0.8311573196010796,0.8095802012848698,0.8510666255593283,0.8488464781604792,-0.8714204223886766,0.0479149369298447,0.8050311304483021,0.7079334117668943,AAPL,Apple Inc.,,,
2024-06-05,0.898545565324769,0.8806260188662459,0.8609538293688823,0.9112386616743724,0.8736514871281083,-0.649724535688186,0.4169394305808802,0.8348259181115597,0.7324113753848243,AAPL,Apple Inc.,,,
2024-06-06,0.8543846268999367,0.8353878880858302,0.8479479354995453,0.8883471804346128,0.8831169036446359,-1.0799911061161132,-0.4750252633543702,0.8459689323044922,0.7504784652725736,AAPL,Apple Inc.,,,
2024-06-07,0.930951577631991,0.913822498676097,0.8622547164416441,0.8873661525955421,0.84917268292836,-0.6846399632029115,0.6902695883821625,0.8737502686412577,0.774160161030269,AAPL,Apple Inc.,,,
2024-06-10,0.811177423147663,0.7911260805406576,0.8739602193812659,0.8222884782882793,0.9226090955276046,0.771345633805158,-1.1956067557978414,0.864201069179343,0.7843366980904647,AAPL,Apple Inc.,,,
2024-06-11,1.256913318916366,1.2477384534334404,1.1945604150765785,0.8706881803344744,0.8165342773286958,3.270476468010701,4.293228589707965,0.9701167793780378,0.8358352521397193,AAPL,Apple Inc.,,,
2024-06-12,1.4449931119869617,1.44040784858576,1.6185588066193477,1.304646793041435,1.2643332419978923,4.124742142060322,1.6580952379451896,1.097267048091509,0.9004784524258863,AAPL,Apple Inc.,,,
2024-06-13,1.4821643844960817,1.4784859445718177,1.5063813595314164,1.458347807787389,1.5048786299227506,0.7996155568332742,0.2776382910146374,1.202059635548471,0.9627681170774872,AAPL,Apple Inc.,,,
2024-06-14,1.42656643151116,1.4215314383646251,1.4550072353043564,1.448537030399817,1.4758304688599493,-0.1202761320816161,-0.5391129592479179,1.2665495723470876,1.014125472475954,AAPL,Apple Inc.,,,
2024-06-17,1.5593656955599369,1.5575711062496544,1.577914768098862,1.4949741777710053,1.460163675595878,0.662513891416918,1.1255248837865497,1.3486065336971709,1.0734007835486183,AAPL,Apple Inc.,,,
2024-06-18,1.483751991906027,1.4801128188946298,1.5675101522320023,1.5041307702669091,1.5978977870682658,0.2053867489622761,-0.7074974354401171,1.3909670058531625,1.1201207108091655,AAPL,Apple Inc.,,,
2024-06-20,1.3372922827721776,1.33007835696467,1.424768308793779,1.3684165965622246,1.4784411030480826,0.4119544962077208,-1.3370143590582009,1.385582367524274,1.148711819349764,AAPL,Apple Inc.,,,
2024-06-21,1.2677154855502462,1.2588042777726465,1.3483573179180453,1.3115144869117958,1.3629013663551914,5.572918276460625,-0.6752065811246839,1.363893127414783,1.168109199205839,AAPL,Apple Inc.,,,
2024-06-24,1.2883655965510328,1.2799586100080491,1.3746945754964324,1.2945091727064604,1.2757568831667934,0.2313751814281233,0.1366117366725532,1.352864871660089,1.1877004127070283,AAPL,Apple Inc.,,,
2024-06-25,1.3179128428126436,1.3102261201121768,1.3317747288131845,1.3605678748527947,1.322429564123492,-0.6035343001622469,0.2164769125632211,1.3520894458683144,1.2083111152511352,AAPL,Apple Inc.,,,
2024-06-26,1.4507111316725936,1.446265787997207,1.4449275931341643,1.4269534199465297,1.3991300164917206,-0.249919843610555,1.1447568421159484,1.3851971378824242,1.239634831299855,AAPL,Apple Inc.,,,
2024-06-27,1.4777160606628754,1.473929603939396,1.473541155018362,1.4828745017578886,1.503246610038257,-0.7951065527527775,0.1876373657935201,1.4168787188915344,1.2706704826601398,AAPL,Apple Inc.,,,
2024-06-28,1.3671559778080689,1.3606711426125833,1.4842712407249352,1.4158347717724844,1.538496147848599,0.2915859723280067,-1.0225788901575652,1.4125921974148885,1.2884057499911727,AAPL,Apple Inc.,,,
2024-07-01,1.5619075252368524,1.560174800411592,1.5310927563403762,1.468812271069766,1.4183865562701123,-0.4425963641621839,1.6895598860557974,1.4587833328271482,1.3229874067567675,AAPL,Apple Inc.,,,
2024-07-02,1.6737382791329103,1.6747348605174317,1.6244118061606827,1.572805712983053,1.550898403321142,-0.5207473642799101,0.9203365883039464,1.521796744936091,1.3650246728027882,AAPL,Apple Inc.,,,
2024-07-03,1.7144041408026829,1.7163929739006685,1.6624545666786916,1.7013253498699752,1.6765564640888668,-1.2064016006418363,0.2967647897106418,1.579373223407685,1.4070947077246296,AAPL,Apple Inc.,,,
2024-07-05,1.866583332405407,1.8722853752420765,1.821778999221777,1.7870051077945903,1.7304096341192954,-0.4422813327618706,1.2420561348653256,1.6611615357202425,1.459763843129766,AAPL,Apple Inc.,,,
2024-07-08,1.91360352447026,1.920452972332097,1.8673006200505493,1.839328921197068,1.9079626402650764,-0.4862696646056198,0.3402838243653548,1.73443120331907,1.512101481665688,AAPL,Apple Inc.,,,
2024-07-09,1.940925389829237,1.9484415672141893,1.9176988309015148,1.9413598084353485,1.9353787814433825,-0.851367844728733,0.1750131843252714,1.7963146688009013,1.5622707383718235,AAPL,Apple Inc.,,,
2024-07-10,2.077537642190595,2.088387024644067,2.0373551383002093,2.035542472961064,1.980093735770254,-0.368819326328808,1.0736324280702412,1.8773840840053813,1.6208273573956538,AAPL,Apple Inc.,,,
2024-07-11,1.9056606114764056,1.9123166143024983,2.0149195496540138,1.921738752657068,2.048307883948141,-0.2997478627801121,-1.4391494854187454,1.894583097064772,1.6577700234797106,AAPL,Apple Inc.,,,
2024-07-12,2.0000179319748086,2.0089760908185608,2.023048357358111,2.016901946024988,1.9676909822751667,-0.6865434160848047,0.7296589679681512,1.931419626372313,1.70029751752157,AAPL,Apple Inc.,,,
2024-07-15,2.122650852504746,2.1346014786597247,2.1722931477310023,2.161119026330774,2.2144372489250204,-0.3686999460086892,0.950438611348434,1.990157458180764,1.7505821088309503,AAPL,Apple Inc.,,,
2024-07-16,2.135995336409956,2.148270997160868,2.141078803987376,2.136265489412872,2.166132548083831,-1.01192774304842,0.0564494180545092,2.0375961603408688,1.7975601730787203,AAPL,Apple Inc.,,,
2024-07-17,1.9472802078187348,1.9549510509209755,1.9846806231434355,1.9501895579838509,1.984989297401185,-0.5439701526630065,-1.5632250304652224,2.025300524238363,1.822380953704,AAPL,Apple Inc.,,,
2024-07-18,1.7979592946672076,1.8019871226814084,1.951514948790665,1.807280847461404,2.012079233811612,-0.2558424339364454,-1.2785449186660356,1.9781979531193363,1.8307925602244188,AAPL,Apple Inc.,,,
2024-07-19,1.8020892193484817,1.8062181877700407,1.8331595284647324,1.8403099490361388,1.8338738181300709,-0.8157062902132654,-0.0160247569343996,1.9439187349062312,1.8388309123628432,AAPL,Apple Inc.,,,
2024-07-22,1.7909701163459124,1.7948275844909345,1.86502431574474,1.834096440057448,1.9053515080543983,-0.8471994818845873,-0.1439904961866287,1.9153885441841745,1.845084628937168,AAPL,Apple Inc.,,,
2024-07-23,1.8243288881368644,1.8289998909321448,1.8377116409333047,1.8206883942609928,1.819186137192185,-1.1204975119563994,0.2296346539108326,1.9024536034190924,1.8539315933028928,AAPL,Apple Inc.,,,
2024-07-24,1.6187756616686149,1.6184309053978116,1.768129066831955,1.63919125807679,1.807110086487524,-0.3970096624768451,-1.7700076156687383,1.84060612074408,1.842491811100312,AAPL,Apple Inc.,,,
2024-07-25,1.5854168898776615,1.584258598956604,1.6396940043358283,1.557108269564191,1.6416331310464038,-0.741435150499398,-0.3379803900761028,1.7857578064613595,1.8289302416179896,AAPL,Apple Inc.,,,
2024-07-26,1.600349468787227,1.5995549917805598,1.5954732705798196,1.6025643890963102,1.634126437204794,-1.0660799827022778,0.0785227088472131,1.7484097788501238,1.8180168622533948,AAPL,Apple Inc.,,,
2024-07-29,1.6092446536704013,1.6086676730454008,1.589295297341817,1.5940619814920738,1.577335930195808,-1.2414861502767305,0.0261120218576005,1.7226553550521622,1.808938700065708,AAPL,Apple Inc.,,,
2024-07-30,1.627035998625577,1.62689303557508,1.6227859453912536,1.6061616575051896,1.6501194352367463,-1.064670631700876,0.102731999766575,1.7078529784178056,1.8023721013389484,AAPL,Apple Inc.,,,
2024-07-31,1.731242238679713,1.7336420131951076,1.7362642795519476,1.753649163272454,1.723555847835991,-0.7863652604240838,0.8456549213911626,1.723187012897585,1.8062792056925936,AAPL,Apple Inc.,,,
2024-08-01,1.6130571543885694,1.6125729659863657,1.7577239548220465,1.6355939896679077,1.819186137192185,-0.3730208503729867,-1.0522755607497112,1.7047054642331545,1.7986294546491823,AAPL,Apple Inc.,,,
2024-08-02,1.660712194379637,1.6613911141639592,1.7941413507136748,1.6581586279602667,1.6488136201201349,1.0551524481674217,0.360044051220407,1.7029337890607814,1.7961919131941035,AAPL,Apple Inc.,,,
2024-08-05,1.3242661980189014,1.3167351072150784,1.400706859378153,0.9481923736022554,0.9940872834744768,1.518746024628495,-2.930753852416731,1.6162529005001731,1.7620873820070138,AAPL,Apple Inc.,,,
2024-08-06,1.259455148593284,1.2503421475953762,1.286578577824127,1.1139930643613274,1.1967720013783114,-0.1356032387368599,-0.6335697622990423,1.534800483197787,1.7249404266218074,AAPL,Apple Inc.,,,
2024-08-07,1.3417401190109706,1.3346351942009735,1.4052589718467257,1.287968820780366,1.2489931515242474,-0.3393489678594979,0.6966117383776673,1.4945858358362685,1.6989694936313124,AAPL,Apple Inc.,,,
2024-08-08,1.4526181134232976,1.4482184344676874,1.4234674217210157,1.3677624116705562,1.451677869428083,-0.8817103427589105,0.943862070433133,1.4925532077259718,1.685868647604833,AAPL,Apple Inc.,,,
2024-08-09,1.5457052504748623,1.5435768088086093,1.5073567767644642,1.470447483800506,1.4187132590605367,-1.0461733143224794,0.7706195850558173,1.514643776536569,1.6827816508617583,AAPL,Apple Inc.,,,
2024-08-12,1.5946870348647195,1.5855601977356302,1.5961232179731537,1.5891568422967195,1.5482877691330086,-1.184571582660125,0.3756182385942225,1.5436377678947064,1.6846178176139708,AAPL,Apple Inc.,,,
2024-08-13,1.7136459314898869,1.7072802926358277,1.6735096260819322,1.700671164978308,1.6442442632570844,-0.9813862778180446,0.9773370557496432,1.5955616424275685,1.6975620666767814,AAPL,Apple Inc.,,,
2024-08-14,1.7279578027112286,1.7219256377683296,1.7105769693668935,1.7232358032706645,1.6951605943314978,-1.0541651635304277,0.0708949275340128,1.6381352906676183,1.7106860548852638,AAPL,Apple Inc.,,,
2024-08-15,1.8233795418140264,1.819561934123517,1.7860125430095777,1.823304634830805,1.82669332905634,-0.9064850753035504,0.7583472171499732,1.6942728260189086,1.731661091735947,AAPL,Apple Inc.,,,
2024-08-16,1.865682745523904,1.8628474184334487,1.83413494569778,1.852409625049256,1.8044989542768453,-0.9752547719319464,0.3031874976057959,1.747107770074997,1.754738833982985,AAPL,Apple Inc.,,,
2024-08-19,1.860593235037112,1.857640030109574,1.8068222708863464,1.8324612273267071,1.8632481839607504,-1.0963727389324058,-0.0930220236234632,1.785442833099717,1.775236212335413,AAPL,Apple Inc.,,,
2024-08-20,1.880313503491593,1.8778180391097383,1.8451900051010208,1.9112737903778263,1.864880203845242,-1.4408778138350378,0.1134172836915634,1.8191969152965533,1.7957392933495118,AAPL,Apple Inc.,,,
2024-08-21,1.876815501170052,1.8742380217125587,1.8715272626794068,1.89819308652564,1.88935900804499,-1.2927633138877286,-0.0797276451608408,1.8436250776000096,1.8140469148265683,AAPL,Apple Inc.,,,
2024-08-22,1.8173358090602605,1.8133782225644004,1.8832327656190304,1.8605851897060888,1.9308094245803311,-0.9966404298332158,-0.5445770573774535,1.846856946972176,1.8250526806907688,AAPL,Apple Inc.,,,
2024-08-23,1.890809948428286,1.888558091301274,1.8793310966868384,1.8746474203942112,1.861289959308376,-1.163043331598714,0.5644656609871685,1.8679203172163577,1.8420218521707072,AAPL,Apple Inc.,,,
2024-08-26,1.9016247925169123,1.899623419036596,1.848766700336545,1.8602583467586864,1.8971919066544825,-1.430823337985038,0.0389285854738165,1.886461435288912,1.8584734101062512,AAPL,Apple Inc.,,,
2024-08-27,1.9286609275496511,1.9272872349787853,1.8998158508669376,1.8929606053860188,1.8723868976868523,-1.253994554929171,0.1730229825399697,1.907226002423684,1.875991875457589,AAPL,Apple Inc.,,,
2024-08-28,1.8796776803765536,1.8771674880221656,1.932656055379995,1.9187951701429904,1.9350525766755025,-1.1837723977393302,-0.4545141011434842,1.9103729919348045,1.8872750869783737,AAPL,Apple Inc.,,,
2024-08-29,1.984640179365832,1.984567016729764,2.0321525822952555,2.023442796947948,2.0062045598544938,-0.7243538163624095,0.8204969961471409,1.939360904436403,1.907480970302381,AAPL,Apple Inc.,,,
2024-08-30,1.959512976461452,1.95885634386194,1.950214061717904,1.9776593354715613,2.009141896833053,-0.6883904949266417,-0.2562585173485191,1.9547273823861933,1.923468381459051,AAPL,Apple Inc.,,,
2024-09-03,1.7613560696496655,1.756098440813421,1.904692937032178,1.7713081633725924,1.9556149315705056,-0.7812484872589949,-1.677381014842684,1.9159823173369253,1.9192209428174456,AAPL,Apple Inc.,,,
2024-09-04,1.7002868197522774,1.693611270738567,1.6699329308464077,1.6506367491982357,1.7307363369097188,-0.9918353719484369,-0.5660384861199894,1.8714310153077327,1.9095714491864344,AAPL,Apple Inc.,,,
2024-09-05,1.74895118017903,1.7434057421514029,1.7902391856384352,1.7827541534909044,1.7297572245835344,-1.2314184099467174,0.3635349015007378,1.8503630770552584,1.9054116240139545,AAPL,Apple Inc.,,,
2024-09-06,1.699332109890892,1.6926349475033269,1.7824358477740547,1.7255252008930724,1.805478066603032,-0.8398642244372919,-0.4701487977454662,1.821974387171215,1.896927034939968,AAPL,Apple Inc.,,,
2024-09-09,1.7021947766918082,1.6955639172090486,1.6533503417415458,1.6254563693329342,1.703320195731414,-0.217859595418669,-0.0263262646657845,1.801409092444218,1.889485097686252,AAPL,Apple Inc.,,,
2024-09-10,1.6767491746354934,1.669527472193558,1.6601782623728805,1.626110055227736,1.641306926278524,-0.7348095427328084,-0.2672310336755402,1.779529891098606,1.88030794840753,AAPL,Apple Inc.,,,
2024-09-11,1.757857579733711,1.7525184234162412,1.71252780383299,1.6640447949946908,1.724208755394297,-0.9670672716438034,0.6420200652352519,1.7836966758304724,1.8796525962021304,AAPL,Apple Inc.,,,
2024-09-12,1.7613560696496655,1.756098440813421,1.727485028311469,1.7271604136238132,1.7581524780880275,-1.2035563696790066,-0.0211595193025054,1.787709287420132,1.8793884107657,AAPL,Apple Inc.,,,
2024-09-13,1.7527675816525017,1.7473110350923675,1.7434171738799489,1.7955080143956883,1.7934020158983706,-1.2264044365017306,-0.1231718465652625,1.7885399543576814,1.8783342193501416,AAPL,Apple Inc.,,,
2024-09-16,1.5562012078171423,1.546180502970546,1.521663557706563,1.534216788324431,1.563627361584108,-0.4772663987966655,-1.711463938124273,1.739296529329223,1.8587451665501933,AAPL,Apple Inc.,,,
2024-09-17,1.5711498773423498,1.561476399190619,1.5112584456966562,1.553184158207908,1.5378432402902935,-0.9361544009730586,0.0792112275585761,1.7061562506461887,1.8423537819765377,AAPL,Apple Inc.,,,
2024-09-18,1.695197309265484,1.6884038824146927,1.7001723535000342,1.652598804876378,1.596592469974199,-0.4594422537789382,1.0249710280470778,1.7127703202723374,1.8392098247316404,AAPL,Apple Inc.,,,
2024-09-19,1.95537768824163,1.9546252787733056,1.93135566445028,1.884458197781784,1.839422287319309,-0.2310809658718185,2.165567135779832,1.7837353734744763,1.8610117581877097,AAPL,Apple Inc.,,,
2024-09-20,1.934066886810724,1.932819898846447,2.037680111996877,1.9822376317195145,2.001961407759324,8.122178896756026,-0.2257379144647845,1.8315528801677927,1.878811845183109,AAPL,Apple Inc.,,,
2024-09-23,1.8790418572615144,1.8765164403307093,1.919324691670943,1.923046623443539,1.9161222416649923,-0.6500826766485421,-0.5039846470215352,1.8534568498881605,1.88977843206482,AAPL,Apple Inc.,,,
2024-09-24,1.9076675500818512,1.9058071305957125,1.916073466275132,1.9204303828737288,1.958878473316945,-1.0012564688778067,0.1869189277842448,1.877146806645604,1.902461219481827,AAPL,Apple Inc.,,,
2024-09-25,1.875860791308665,1.8732616984773165,1.849091674033212,1.864509800059236,1.837463564644389,-1.042621749798947,-0.3136724500628485,1.886845298186528,1.910976359612652,AAPL,Apple Inc.,,,
2024-09-26,1.912438661416712,1.910689243375801,1.8884353216239835,1.9099659195913523,1.9148169245709248,-1.2307120763860149,0.2530623382798229,1.903398514012776,1.9221842719418232,AAPL,Apple Inc.,,,
2024-09-27,1.92102666181946,1.9194761524929724,1.9216009959767528,1.9717731684371385,1.952677594591947,-1.317286021312118,0.0202614853958851,1.917992093940564,1.9331872597726096,AAPL,Apple Inc.,,,
2024-09-30,2.086740499148608,2.089038072335524,2.0347538602977324,2.048623176813251,2.004245837179576,-0.636954157555485,1.3168863323655868,1.9709768023195435,1.958896448185067,AAPL,Apple Inc.,,,
2024-10-01,1.8707722560106987,1.8680548067573248,1.925827638605612,1.8553532075633337,1.9872742248439828,-0.3470224695471297,-1.7931596021239569,1.95592689731782,1.961798818081609,AAPL,Apple Inc.,,,
2024-10-02,1.888901503894342,1.886605444830791,1.8516929520356888,1.8318075414319035,1.868796653149988,-1.3552688598298943,0.0999632182190823,1.949238631518234,1.9661556388321404,AAPL,Apple Inc.,,,
2024-10-03,1.853595767610788,1.850479995315216,1.833484502161397,1.8416183188194768,1.84431784895024,-1.3166824874715175,-0.3433611555607079,1.9352658094040336,1.966770082846785,AAPL,Apple Inc.,,,
2024-10-04,1.8895378146037929,1.887256492522246,1.8721777062157887,1.868107068468118,1.934399669117197,-1.2105368022859493,0.2487080294409159,1.9339042396342112,1.970735280406317,AAPL,Apple Inc.,,,
2024-10-07,1.727004555633083,1.7209493145330883,1.797067602412819,1.7765406445122134,1.823429289287356,-1.1355825418514025,-1.3978863187817123,1.891650411737105,1.958934990676066,AAPL,Apple Inc.,,,
2024-10-08,1.856776833563636,1.8537347371686084,1.8064968010466296,1.839328921197068,1.8169017077719325,-1.3892557737436966,1.0497408319521062,1.892881641128176,1.960507360883177,AAPL,Apple Inc.,,,
2024-10-09,1.976688489672537,1.976430658700165,1.929079360144469,1.8909985497078767,1.847255185928797,-1.3317078272064613,0.9477496819327323,1.924225147324643,1.973302098108317,AAPL,Apple Inc.,,,
2024-10-10,1.960785110285943,1.9601579426409672,1.920950552440372,1.967521715136588,1.9304832198124515,-1.511030332504809,-0.1809414946226493,1.9436982889584136,1.9834263440979445,AAPL,Apple Inc.,,,
2024-10-11,1.913392883683684,1.911665566611043,1.918024300741227,1.973081039223612,1.980093735770254,-1.3924558295468792,-0.4396749075646545,1.9462803313203656,1.9881383360481168,AAPL,Apple Inc.,,,
2024-10-14,2.0326692042719574,2.033710937055027,1.9934593782408645,2.014286204452043,1.9605104932014368,-1.1230907177989786,0.9346906752343072,1.97847577058686,2.0037270573174646,AAPL,Apple Inc.,,,
2024-10-15,2.1137766341813475,2.116701888277712,2.180747425274816,2.137573360199344,2.1207651842212005,-0.2983948858187665,0.6084993702311678,2.023198288384624,2.025586040453958,AAPL,Apple Inc.,,,
2024-10-16,2.0479362729491,2.04933260542277,2.006140298413535,2.0548366857919427,2.05516216825399,-1.3154223618702643,-0.5799753079808047,2.0400373023473173,2.03921744829562,AAPL,Apple Inc.,,,
2024-10-17,2.0597048517102827,2.0613742563933344,2.0623920049488813,2.077074481136897,2.114890012241536,-1.351515011986161,0.0447537472909468,2.055652103740843,2.0527250712833194,AAPL,Apple Inc.,,,
2024-10-18,2.150354504289395,2.154128936572315,2.138152056145185,2.1912050443882967,2.204645627640613,-0.9059047543029732,0.6833557105374326,2.090359885420661,2.0735965653604285,AAPL,Apple Inc.,,,
2024-10-21,2.197428331739719,2.202296037058452,2.1599376973980475,2.20559411802382,2.148181325399506,-1.24338628703862,0.3258694810256509,2.1283327616699523,2.097032340833468,AAPL,Apple Inc.,,,
2024-10-22,2.1777090384740645,2.1821180280582912,2.139452943217948,2.1450952389613733,2.129903897947302,-1.1574291404331305,-0.2074534782751363,2.151809881321806,2.1164685829988685,AAPL,Apple Inc.,,,
2024-10-23,2.015492715872046,2.0161361256129204,2.1043364343990825,1.986815927967468,2.136105274694845,-0.7117293475098537,-1.343611122103644,2.1282654732751345,2.118762918722348,AAPL,Apple Inc.,,,
2024-10-24,2.0094499583071053,2.009952910657685,1.9638708952666684,2.0080726954733503,2.002287612527202,-1.414000661208307,-0.0999237238667937,2.109074195387296,2.120275941726402,AAPL,Apple Inc.,,,
2024-10-25,2.0361681817823265,2.037290954452204,2.041907250768782,2.046007435240306,1.9944547139177145,-1.1588981815945911,0.1671417259606397,2.101458815374407,2.1241837888989163,AAPL,Apple Inc.,,,
2024-10-28,2.099463787771177,2.1020560465413287,2.0910050706900307,2.1434600262306343,2.111300265727217,-1.248937471924141,0.4634902423345763,2.1118045822416995,2.1337355785839174,AAPL,Apple Inc.,,,
2024-10-29,2.1080517881739285,2.1108434522623822,2.077999176820695,2.1359386464654704,2.1041197766534863,-1.271152159826235,0.0184738496943923,2.121742575450275,2.1432330003745497,AAPL,Apple Inc.,,,
2024-10-30,1.9945008011874863,1.994656517833728,2.050036058472879,2.0453532503486365,2.088126778621536,-0.8847014830018853,-0.9642154537775764,2.1003896082337463,2.1411045790421146,AAPL,Apple Inc.,,,
2024-10-31,1.8612300333409773,1.8582910778010275,1.9316806381469465,1.908657549808016,1.981399052864321,-0.3110392513913421,-1.1394959379341998,2.050565759466686,2.1265381549368105,AAPL,Apple Inc.,,,
2024-11-01,1.7658087818325914,1.7606547814458402,1.7860125430095777,1.7418763302067386,1.7082157573623449,-0.2809753074414416,-0.8447307848610535,1.9889906974167308,2.104251858939916,AAPL,Apple Inc.,,,
2024-11-04,1.737182113823431,1.7313635945769574,1.7027731353594628,1.7235631452149318,1.708868664920652,-0.955215458752016,-0.2921152693324151,1.9355471740189123,2.0812783344436694,AAPL,Apple Inc.,,,
2024-11-05,1.7829842950436778,1.778229096284067,1.7404909221808051,1.7703271355335215,1.7353056937727718,-1.51342457114719,0.3371349863428016,1.9070839707505207,2.064734474612876,AAPL,Apple Inc.,,,
2024-11-06,1.7597650490788286,1.7544710698867254,1.8094235488888224,1.7719623482642617,1.7617427226248934,-0.6363174625148518,-0.2460393876832192,1.879846136633584,2.047493865835432,AAPL,Apple Inc.,,,
2024-11-07,1.9111665275922185,1.9093871479928903,1.868276037283598,1.8824961421036428,1.827672441382528,-1.0482923150045869,1.2272139960613615,1.8978264184420253,2.046170522056307,AAPL,Apple Inc.,,,
2024-11-08,1.9025692628956152,1.8924638808461216,1.8936378776289355,1.942668178218685,1.910573772475754,-1.1746000098102078,-0.1217437717372268,1.9091306115050184,2.0441526275584727,AAPL,Apple Inc.,,,
2024-11-11,1.8156404432849604,1.803614493608104,1.7973925761094856,1.782099968599236,1.8397484920871885,-1.0526729095289435,-0.7699244231183819,1.8955560043538635,2.0340790043235795,AAPL,Apple Inc.,,,
2024-11-12,1.8156404432849604,1.803614493608104,1.7938158808739617,1.8429261896059503,1.8250613091718488,-1.105972906341954,-0.0506966255425525,1.885375048990498,2.0249211650191308,AAPL,Apple Inc.,,,
2024-11-13,1.8439794305902333,1.8325799083293213,1.828281946156446,1.823304634830805,1.8074362912554056,-0.8351155405925691,0.1866279058117219,1.884928578339608,2.019281845392468,AAPL,Apple Inc.,,,
2024-11-14,1.942689994011236,1.933470946537902,1.900465798260272,1.8965578737949,1.840401399645493,-0.9558985794726954,0.7726858017918457,1.9096353580293053,2.0235110467110173,AAPL,Apple Inc.,,,
2024-11-15,1.8401586407670367,1.828674615388357,1.8370611973969235,1.8726853647160688,1.8854420607177007,-0.8564216116137593,-0.89433242477801,1.902154523631272,2.0176377825537783,AAPL,Apple Inc.,,,
2024-11-18,1.9363210357837493,1.9269619594349987,1.928754386447804,1.902117197881923,1.8479080934871044,-0.9655219597222664,0.7518583318696862,1.9209390921257987,2.021412789861248,AAPL,Apple Inc.,,,
2024-11-19,1.9446003889228336,1.9354235930083843,1.9424107238535184,1.9508437428755183,1.9043723957282093,-1.2448022702800283,0.0174862811706212,1.937127886612668,2.0256293375073886,AAPL,Apple Inc.,,,
2024-11-20,1.9675265906452464,1.95885634386194,1.934931863542756,1.9256628640133515,1.939621933538552,-1.279362872954401,0.1378923341943249,1.955085572492245,2.0316355239081045,AAPL,Apple Inc.,,,
2024-11-21,1.9522424561636376,1.9432346754941967,1.9424107238535184,1.919776696978928,1.9663856651811005,-1.0492672542855563,-0.1760273031128002,1.9646764435589767,2.0356470525180583,AAPL,Apple Inc.,,,
2024-11-22,1.9952287796466528,1.9871707108917016,1.9606191737278105,1.9966267053550373,1.939621933538552,-1.1799223824155012,0.3025338017516449,1.9827746883257047,2.0433681702020903,AAPL,Apple Inc.,,,
2024-11-25,2.090754863953913,2.084807007246889,2.04288266800183,2.051566759327329,2.05059281139094,0.5439460206989947,0.7296574773387585,2.0205821421424863,2.059441396486698,AAPL,Apple Inc.,,,
2024-11-26,2.1604886665769487,2.156081583042796,2.1183182416445145,2.1689677480402043,2.1116264704950973,-0.9206714366776598,0.5116211717292627,2.066628324170212,2.080662838461405,AAPL,Apple Inc.,,,
2024-11-27,2.156348990007408,2.1518505179541627,2.122219910576706,2.1846646924622,2.1488342329578125,-1.334781870449519,-0.0837670453123821,2.100112776633018,2.099562697027828,AAPL,Apple Inc.,,,
2024-11-29,2.232769662415452,2.229959853000643,2.1911520411416725,2.1898971736018225,2.159931171336285,-1.5011516110149838,0.5601390824876561,2.144613082694875,2.123987590859884,AAPL,Apple Inc.,,,
2024-12-02,2.304732746696432,2.30351235081082,2.28804729005446,2.2942174584625104,2.240221868241381,-0.8493450115267211,0.5186925028528961,2.196244444720669,2.1530127507362806,AAPL,Apple Inc.,,,
2024-12-03,2.4021692259152894,2.4031012936364897,2.3521023344541905,2.351119069116077,2.323123199334607,-1.1569516191526554,0.7129719510828203,2.259686379725475,2.188634356656882,AAPL,Apple Inc.,,,
2024-12-04,2.4136325705737014,2.414817669063269,2.395998094513534,2.4279695764890543,2.422996640785974,-0.973805627490505,0.0380155181069854,2.310175937834585,2.2221041385077207,AAPL,Apple Inc.,,,
2024-12-05,2.414587280435088,2.415793992298508,2.4099794056159167,2.4567477237601043,2.4595519937129304,-1.118056847633972,-0.0433192945560431,2.3482853043416867,2.2526217009790503,AAPL,Apple Inc.,,,
2024-12-06,2.4082188098020136,2.4092850051956063,2.4129061534581084,2.4551125110293643,2.4243024559025845,-1.2229556716983006,-0.099901647547152,2.3752517280463548,2.279761331534741,AAPL,Apple Inc.,,,
2024-12-09,2.5327211673128263,2.536537763963465,2.497770925734606,2.4443207058027205,2.3890529180922435,-0.9650079611217552,0.9120442068883832,2.427061233382723,2.3162341425695128,AAPL,Apple Inc.,,,
2024-12-10,2.5652003187820545,2.569734243773315,2.5293107393179457,2.561721694515598,2.5542031707429373,-1.2214899466568427,0.1964755246524112,2.474157916011213,2.352469639967256,AAPL,Apple Inc.,,,
2024-12-11,2.5244427893625696,2.528076130390081,2.613525068058061,2.5918077125731207,2.5891265037854003,-0.946550437183398,-0.3595918060145322,2.4991407536335744,2.3815479743887984,AAPL,Apple Inc.,,,
2024-12-12,2.571250390263194,2.5759179553324323,2.546543771959189,2.572840342689642,2.5542031707429373,-1.3586877795532948,0.3058933009605911,2.529752383501059,2.4124192806746683,AAPL,Apple Inc.,,,
2024-12-13,2.576663175846054,2.5814506192000937,2.564426751993763,2.591154026678317,2.584557146922349,-1.3461594781808346,-0.0097053726296558,2.5540842617588826,2.44099713213497,AAPL,Apple Inc.,,,
2024-12-16,2.669323180191504,2.676157449245674,2.632383961468732,2.637263832105237,2.5901056161115874,-0.731367410169385,0.6505407514999667,2.5958398521318125,2.4757593764463546,AAPL,Apple Inc.,,,
2024-12-17,2.747017449207276,2.75556838307118,2.712046177740275,2.706919802660452,2.6583197642894736,-0.7425891602605457,0.530466537300854,2.6468666071220768,2.514725333323662,AAPL,Apple Inc.,,,
2024-12-18,2.5741159826305906,2.578846925038156,2.72667793237904,2.6402074146193155,2.726207707699479,-0.5629317268418651,-1.3315723751107569,2.641273738483017,2.53376120980712,AAPL,Apple Inc.,,,
2024-12-19,2.6295208482278185,2.635475659097679,2.6525432458091176,2.61895064711343,2.5741126180796345,-0.4266988848663729,0.3687345245510592,2.6511346069477706,2.556317863575182,AAPL,Apple Inc.,,,
2024-12-20,2.7791786891189862,2.788439587337247,2.750088938258284,2.5731676846339098,2.591737137973533,2.4454921335902022,1.074365336166089,2.6964965766828937,2.591008586202173,AAPL,Apple Inc.,,,
2024-12-23,2.8040152857529947,2.813824984661283,2.7712236398317183,2.826937031943139,2.8113939662355056,-1.090702173726766,0.1325657621070922,2.736818787242384,2.6248996365920467,AAPL,Apple Inc.,,,
2024-12-24,2.8973125759967253,2.909183359002203,2.854462551338784,2.887109068058183,2.8348936581090696,-1.6751384792280248,0.6356148122260676,2.790728798286064,2.6645524641470386,AAPL,Apple Inc.,,,
2024-12-26,2.923421306455228,2.9358698585013845,2.9159168138790856,2.9636327324837595,2.923017253623653,-1.542414092216022,0.1391843622472147,2.8377847642330103,2.7030750927413245,AAPL,Apple Inc.,,,
2024-12-27,2.814204058614849,2.824239264705152,2.870395689193361,2.814183171038352,2.9112669096643256,-1.0410764378774102,-0.842486572072963,2.8453696918714853,2.727743977844481,AAPL,Apple Inc.,,,
2024-12-26,258.1037292480469,259.0199890136719,260.1000061035156,257.6300048828125,258.19000244140625,27237100.0,0.0031756292722966,253.75023179649543,246.5408843311936,AAPL,Apple Inc.,2.271931180075626e-06,3.044610366487177e-06,0.9999946355819702
2024-12-27,254.6858825683593,255.58999633789065,258.70001220703125,253.0599975585937,257.8299865722656,42355300.0,-0.0132421437289765,253.98414448946144,247.28133871639045,AAPL,Apple Inc.,0.2834465205669403,0.713155210018158,0.00339833390899
2024-12-30,251.307861328125,252.1999969482422,253.5,250.75,252.22999572753903,35557500.0,-0.0132634805124217,253.3150736991273,247.6473862265481,AAPL,Apple Inc.,0.0006774298963136,0.9552646279335022,0.0440579056739807
