Date,Adj Close,Close,High,Low,Open,Volume,Daily_Return,EMA_7,EMA_21,Ticker,Company,negative,neutral,positive
2021-01-04,0.2948986981860806,0.2948986981860806,0.3700168571568358,0.2876184473729284,0.4232277975326579,0.9830356205697988,,0.3059510570621862,0.3305899025333395,AMZN,Amazon,,,
2021-01-05,0.3443075977614206,0.3443075977614206,0.2947829247450197,0.3203044972541616,0.262099815627879,-0.2826394260572972,0.4246343234785926,0.3185063145324651,0.3353040253255553,AMZN,Amazon,,,
2021-01-06,0.2201196423553321,0.2201196423553321,0.2547519446644132,0.2676400570562196,0.2318388463363131,0.9710701294974086,-1.144234554221872,0.2963654518009607,0.3277407692004626,AMZN,Amazon,,,
2021-01-07,0.2569744767277023,0.2569744767277023,0.2718195705394573,0.3046759344447097,0.2481391796918175,0.3365386963031306,0.315525428141517,0.2891249583693244,0.3243814162438724,AMZN,Amazon,,,
2021-01-08,0.288807779613054,0.288807779613054,0.2441212168969619,0.2847909409693012,0.283776535333235,0.3532615512958686,0.2669047314230199,0.2917837244085269,0.3243646871207903,AMZN,Amazon,,,
2021-01-11,0.1826598782691166,0.1826598782691166,0.191107828865806,0.234767687588027,0.2342092794736751,0.458283963901124,-0.992424788576068,0.2668046373666858,0.3142218652721915,AMZN,Amazon,,,
2021-01-12,0.1929200348621176,0.1929200348621176,0.1690728688851373,0.1974833840835912,0.1908090272002864,0.3366107775746511,0.0704771531644796,0.2506775225859783,0.305980043765125,AMZN,Amazon,,,
2021-01-13,0.2627551264248239,0.2627551264248239,0.2430535163158404,0.2535342894460384,0.2038863658890723,0.1972055984541543,0.6239537171171962,0.2563279279066756,0.3051504726659073,AMZN,Amazon,,,
2021-01-14,0.2032109345602007,0.2032109345602007,0.2245621322576556,0.2512192804304596,0.2644395130473219,0.0167861758385371,-0.5705988498462712,0.2454350030984307,0.2987151820538846,AMZN,Amazon,,,
2021-01-15,0.167223528721992,0.167223528721992,0.169707539199612,0.2117290099079021,0.1954884220391722,0.8623715720446117,-0.3588323994015263,0.2281205774729241,0.2894313451332949,AMZN,Amazon,,,
2021-01-19,0.1928112515672119,0.1928112515672119,0.1734985609887511,0.2130185500517429,0.1706662562476937,0.1856005137393662,0.2139963914555138,0.2216368348262546,0.283432828217715,AMZN,Amazon,,,
2021-01-20,0.413848501457034,0.413848501457034,0.3820864543053915,0.3357462663810131,0.2868600371263205,1.6306137639092728,2.029246959018583,0.2729416334090999,0.2990688830915026,AMZN,Amazon,,,
2021-01-21,0.4814365085236655,0.4814365085236655,0.4884692879697228,0.5137326742564226,0.4588651531740753,1.3612460522374543,0.57563096574758,0.3285949688394163,0.3197320771115415,AMZN,Amazon,,,
2021-01-22,0.4585608005175305,0.4585608005175305,0.4472468843746672,0.503774769410382,0.476389713817158,-0.1626961902473144,-0.2257165919656345,0.364522041844619,0.3363342185337505,AMZN,Amazon,,,
2021-01-25,0.4613040314325448,0.4613040314325448,0.5122061466210512,0.4416184603816183,0.5138712125337225,0.5061459281906845,-0.0009139033164456,0.3921644268964928,0.3516888071265849,AMZN,Amazon,,,
2021-01-26,0.5111002941319188,0.5111002941319188,0.4721439996946447,0.5033239044556789,0.4640713109323749,-0.0666118553105914,0.4133863730319927,0.4255499057012004,0.3703986052913609,AMZN,Amazon,,,
2021-01-27,0.3661134457107001,0.3661134457107001,0.4853280476930221,0.3855832001753279,0.5339983791987563,1.1623738241126094,-1.2893935021655656,0.4137465182630509,0.3735742597455231,AMZN,Amazon,,,
2021-01-28,0.3739245592557797,0.3739245592557797,0.4159430933430242,0.4191543866185283,0.3690586954148082,0.0732258114390278,0.045003852214617,0.4068788537397846,0.3772064797953782,AMZN,Amazon,,,
2021-01-29,0.3252288997183434,0.3252288997183434,0.3158427402320943,0.3505821412785159,0.3612494587773588,0.8981238827187411,-0.4613254278530603,0.3893540887545287,0.3758624257464633,AMZN,Amazon,,,
2021-02-01,0.5370597720632079,0.5370597720632079,0.4911151642881765,0.4290037235627529,0.3804006481841609,0.8019674665104977,1.891218138824112,0.4300386950661897,0.3948514263497967,AMZN,Amazon,,,
2021-02-02,0.5945895810886852,0.5945895810886852,0.611006464482168,0.6249024129508792,0.5936682291097303,2.920003548866588,0.4740750698668967,0.4751710053247268,0.4176030961691055,AMZN,Amazon,,,
2021-02-03,0.490022348316813,0.490022348316813,0.6206932146018255,0.5433271464619259,0.6634094644970007,2.9129395842575865,-0.9223942148257916,0.4824487389225293,0.4283096310317629,AMZN,Amazon,,,
2021-02-04,0.5186479629149876,0.5186479629149876,0.4860708575179244,0.4953700018846436,0.5161953056656065,0.4491296424180304,0.2255637508145281,0.4951810720302167,0.4407740258360791,AMZN,Amazon,,,
2021-02-05,0.5514267345243243,0.5514267345243243,0.5324924576623599,0.5341458102760365,0.4991511679364594,0.4131610879293396,0.2603372788018157,0.5130597103041951,0.4552327294977991,AMZN,Amazon,,,
2021-02-08,0.5061563298638766,0.5061563298638766,0.5139236287146112,0.5361498125510419,0.5603549666001968,0.1512177472241248,-0.4167836612232797,0.514965061299271,0.4640577382102345,AMZN,Amazon,,,
2021-02-09,0.4783522656276641,0.4783522656276641,0.4721439996946447,0.5265801920350769,0.4890641781726041,-0.6084467733296062,-0.2677709740131526,0.5093288051668591,0.4694276765578764,AMZN,Amazon,,,
2021-02-10,0.4498042182484658,0.4498042182484658,0.4411192936003935,0.4584739827102833,0.491403875592047,0.074955761955518,-0.2756174767853854,0.497847290704572,0.4715856581185517,AMZN,Amazon,,,
2021-02-11,0.4119112128660169,0.4119112128660169,0.4009645905864594,0.4492461851515643,0.4573160729909518,-0.5378792085111127,-0.3594920155110542,0.4796071924039596,0.469932072797827,AMZN,Amazon,,,
2021-02-12,0.4360573205683121,0.4360573205683121,0.3827825138615937,0.4263317205294124,0.3922386281550083,-0.5134436574656895,0.1896077323561415,0.4720628675357516,0.4707326031706577,AMZN,Amazon,,,
2021-02-16,0.4224806923932282,0.4224806923932282,0.4261865966626561,0.457837272264262,0.3985139160396944,-0.3408810934457985,-0.1452213068553371,0.4629546773409264,0.4701650065521485,AMZN,Amazon,,,
2021-02-17,0.4839938618956453,0.4839938618956453,0.4456994032581987,0.4670186084501515,0.4133110363603546,0.1801223371038142,0.5207071439329674,0.4717545988867572,0.4755180056343409,AMZN,Amazon,,,
2021-02-18,0.5143548065329901,0.5143548065329901,0.4721439996946447,0.4894513919009277,0.4424721398076148,-0.0145691772728465,0.2410708065738291,0.4860695363370618,0.4832811182595086,AMZN,Amazon,,,
2021-02-19,0.3929564331849627,0.3929564331849627,0.4651810430079412,0.4456577552439428,0.5134527339128238,0.90648531021511,-1.083029766870852,0.4659572921418594,0.4787558262089492,AMZN,Amazon,,,
2021-02-22,0.2857703608309467,0.2857703608309467,0.3086162820308991,0.3314898357150565,0.3273626204857347,0.3374036715613757,-0.9816878806217524,0.4236361385873112,0.464415258480253,AMZN,Amazon,,,
2021-02-23,0.3070961433700986,0.3070961433700986,0.2659238422089389,0.2092897878343505,0.2017017656308213,1.1746276402710811,0.1693833746850901,0.3973143516205807,0.4534130801348118,AMZN,Amazon,,,
2021-02-24,0.2528984139646689,0.2528984139646689,0.214086294269332,0.2586606856134464,0.2632460214776627,-0.0261742619876345,-0.5171699468894692,0.3638008680602601,0.4382400728666757,AMZN,Amazon,,,
2021-02-25,0.0942422350822727,0.0942422350822727,0.2249644679034387,0.1380768297733113,0.2167471359808282,1.0712630969107957,-1.4815442208864376,0.2983497557980492,0.409308980662334,AMZN,Amazon,,,
2021-02-26,0.1496796210787805,0.1496796210787805,0.1385893325679606,0.1208951296435571,0.1523822869434094,0.8853654976596264,0.5008742631951032,0.263348573119592,0.3882972908326097,AMZN,Amazon,,,
2021-03-01,0.2321463450634329,0.2321463450634329,0.1805545459879186,0.2161101277274728,0.2030342772169146,-0.2295876102182663,0.7482636253175077,0.2580532419166208,0.377063937612597,AMZN,Amazon,,,
2021-03-02,0.1521594072317839,0.1521594072317839,0.202156003477004,0.1992233150864939,0.2271745829277875,-0.3256719451549894,-0.7624862574660973,0.2337563242606354,0.3592202127176145,AMZN,Amazon,,,
2021-03-03,0.0134030037835797,0.0134030037835797,0.11590506329979,0.0561132789542824,0.1306592272325754,0.6783480858529735,-1.325619990829911,0.1802743530571704,0.3297598408998934,AMZN,Amazon,,,
2021-03-04,-0.0291090348947363,-0.0291090348947363,0.0390768995028053,-0.0208945501281409,0.0234677017038584,1.7544493883813586,-0.4354107499120002,0.1293601732024005,0.2989215941555363,AMZN,Amazon,,,
2021-03-05,0.0063666164865679,0.0063666164865679,-0.0369461207776768,-0.1209875182635187,0.0126213032788016,1.6874138058673658,0.3204860686837686,0.1001892287991964,0.2742715704191735,AMZN,Amazon,,,
2021-03-08,-0.0688154105061791,-0.0688154105061791,0.0490734291807182,-0.011759675315081,0.0281158879676263,0.8198436218475624,-0.7518416952921059,0.0592065734408121,0.2446893107848501,AMZN,Amazon,,,
2021-03-09,0.103060776532349,0.103060776532349,0.0898779137070907,0.0718816999778641,0.0327489428010341,0.7081176509909078,1.663692223051041,0.0721449076189263,0.2341951229590488,AMZN,Amazon,,,
2021-03-10,0.0949862182252585,0.0949862182252585,0.1293360849398863,0.1105641115279567,0.157418216110157,-0.0253092867293894,-0.1015458456501356,0.0797968384513092,0.2238845553834639,AMZN,Amazon,,,
2021-03-11,0.1816992744780141,0.1816992744780141,0.1530422489703511,0.192713981933945,0.1660332014142859,-0.1954931687891066,0.7974695065045971,0.1075703746082246,0.2227846393751318,AMZN,Amazon,,,
2021-03-12,0.1443482936867043,0.1443482936867043,0.1022879850347657,0.1345656774551921,0.1210833961005749,-0.4510212763290038,-0.3730225200482515,0.118909297723992,0.2182210437738488,AMZN,Amazon,,,
2021-03-15,0.1322440237596273,0.1322440237596273,0.0763845583753942,0.11373344088883,0.1204171403075282,-0.0965976642630871,-0.1387178736488317,0.1243376833391484,0.2129174472840614,AMZN,Amazon,,,
2021-03-16,0.1480213852877391,0.1480213852877391,0.1486009734438372,0.1817306082161663,0.1675208101615712,-0.3667582699216301,0.1234132401922117,0.1324181457539183,0.2096013202785596,AMZN,Amazon,,,
2021-03-17,0.2160123635163693,0.2160123635163693,0.2169026437898135,0.1729688466726662,0.1183252200602333,0.0511689423537786,0.6127355708742968,0.1557556277502256,0.2130737056838034,AMZN,Amazon,,,
2021-03-18,0.0490337896028365,0.0490337896028365,0.1295991142294417,0.1027187768587375,0.161369410862959,0.4339204941272213,-1.5695780980258456,0.1308279422549499,0.2002989274298283,AMZN,Amazon,,,
2021-03-19,0.1218292056995212,0.1218292056995212,0.0687250699075521,0.0897157557097966,0.050164746288403,1.1372895416235025,0.6722098342619017,0.1306301653302388,0.1956309323038268,AMZN,Amazon,,,
2021-03-22,0.177483685314993,0.177483685314993,0.1449955360546896,0.1571696094324118,0.1100048247909291,-0.1048149292164153,0.4998773962152561,0.1446241496474531,0.1966973164430838,AMZN,Amazon,,,
2021-03-23,0.2187555944313836,0.2187555944313836,0.2307520567235294,0.2516232099166921,0.2016554256253432,0.5548007864669695,0.3597204601757405,0.1656072109683486,0.2016045258605594,AMZN,Amazon,,,
2021-03-24,0.1405976348666934,0.1405976348666934,0.1971891415963158,0.1961630277230778,0.2389042786001199,-0.0638727669928154,-0.7476090450211957,0.1614838479659968,0.1986085432720173,AMZN,Amazon,,,
2021-03-25,0.077349135325106,0.077349135325106,0.1189995533077905,0.121578301462408,0.1179691585895703,0.3718585193481376,-0.6193308350104232,0.1423192981406871,0.1898503581985013,AMZN,Amazon,,,
2021-03-26,0.0862915951372053,0.0862915951372053,0.0368021919843346,0.0576668903702258,0.0731432418619333,0.1912228529179592,0.060062455273006,0.1302182473568346,0.1827415754212416,AMZN,Amazon,,,
2021-03-29,0.1230225111475524,0.1230225111475524,0.0903265273966376,0.1080784280815755,0.090776086803531,-0.217405875331315,0.3239844776750267,0.1304761240862696,0.1797835569533035,AMZN,Amazon,,,
2021-03-30,0.0913438697293059,0.0913438697293059,0.0620865317521315,0.1167003314109458,0.1133517080437215,-0.5117857882207199,-0.3238146654381907,0.122619696426872,0.1740719774571873,AMZN,Amazon,,,
2021-03-31,0.151461775231845,0.151461775231845,0.1337773604664002,0.1609756492393064,0.1041324112395828,0.0333648682882343,0.5456292789761577,0.1320038904123744,0.1746155057747483,AMZN,Amazon,,,
2021-04-01,0.255176714536673,0.255176714536673,0.2004847994272079,0.2433895909173973,0.1876172411086858,-0.0773519647671343,0.9471608091755336,0.1653969593601968,0.185005106104559,AMZN,Amazon,,,
2021-04-05,0.3570470675365777,0.3570470675365777,0.3142489810718621,0.3143697680186476,0.2729301369081781,0.2070807326524521,0.9096524698249764,0.2163279581225019,0.2041696882767527,AMZN,Amazon,,,
2021-04-06,0.3525368175356162,0.3525368175356162,0.3318114986802168,0.4010562596144931,0.3515653433468433,-0.3674790826368343,-0.0656234761010566,0.2533801110353592,0.2211617109566152,AMZN,Amazon,,,
2021-04-07,0.4386610250833386,0.4386610250833386,0.4189294438405971,0.411324697105466,0.367137476616264,0.2152259163342599,0.7497712331084848,0.3030541818610826,0.2448261492546099,AMZN,Amazon,,,
2021-04-08,0.4695181161396231,0.4695181161396231,0.4512546574095978,0.5175078978466445,0.4866005921670873,-0.1697601548563158,0.2478328780725718,0.348150806656234,0.2692833623307222,AMZN,Amazon,,,
2021-04-09,0.5825009191995729,0.5825009191995729,0.5250648316382731,0.5126920343241688,0.4769940253171677,0.9326508117770236,0.9681609496735658,0.4106832484421116,0.3022969266504453,AMZN,Amazon,,,
2021-04-12,0.5936441123647,0.5936441123647,0.5604070903257105,0.6093980631994003,0.5552570931404123,0.1688055774751078,0.0707614666115702,0.460414168026384,0.3333724343493519,AMZN,Amazon,,,
2021-04-13,0.6255861985449575,0.6255861985449575,0.6175987245938249,0.678498451083618,0.6259743057859143,0.1933132097920515,0.2490692675038317,0.50582913666692,0.3646705030614994,AMZN,Amazon,,,
2021-04-14,0.5217473408781064,0.5217473408781064,0.5744727822802815,0.5703273673192321,0.6309170820845069,0.0703425605782109,-0.9109023388723974,0.5135039508889593,0.3832159860220436,AMZN,Amazon,,,
2021-04-15,0.5931791820216898,0.5931791820216898,0.5634401910919835,0.6107188936555548,0.5797231974612277,0.1340624046022643,0.5965331184969764,0.5374115517696403,0.4068908564070125,AMZN,Amazon,,,
2021-04-16,0.6247182970399486,0.6247182970399486,0.5786042782485398,0.6162956806820247,0.5936682291097303,0.0997517193585433,0.245634697887499,0.5633566326904355,0.4314226253764757,AMZN,Amazon,,,
2021-04-19,0.5822062583616325,0.5822062583616325,0.6236795650993984,0.6233952629077655,0.6096739724304099,-0.232254617264522,-0.3877999104265712,0.57201274192886,0.4496681429841042,AMZN,Amazon,,,
2021-04-20,0.5243666534310976,0.5243666534310976,0.5417612887133342,0.5547922013510803,0.583751467937427,-0.3060658393014345,-0.522591096401348,0.5638072463337188,0.4607364774240406,AMZN,Amazon,,,
2021-04-21,0.5667235576714611,0.5667235576714611,0.510612387460819,0.5358549250622665,0.4945029816726915,-0.6028965154225336,0.3433301281807748,0.5684164049968218,0.4748398887500654,AMZN,Amazon,,,
2021-04-22,0.4846134537057606,0.4846134537057606,0.5261013653735945,0.5321882693738607,0.5807767233000553,-0.3366282984260935,-0.7334532728008099,0.5510083386270135,0.4798270140429757,AMZN,Amazon,,,
2021-04-23,0.5339603941000891,0.5339603941000891,0.5293974954294229,0.5431408268749666,0.4993062650976513,0.104653245821932,0.4074550750506994,0.5504918019201032,0.4890689755513309,AMZN,Amazon,,,
2021-04-26,0.6395345818061106,0.6395345818061106,0.6121053319090896,0.5780015534620077,0.5440853689626115,1.3213130278151406,0.8914799197238568,0.5769317750298792,0.5075436340488808,AMZN,Amazon,,,
2021-04-27,0.6525999284951374,0.6525999284951374,0.6609253625053234,0.6821959229886966,0.6920121235925305,0.5618647510759709,0.0860809174593887,0.600081780060689,0.5255853480701914,AMZN,Amazon,,,
2021-04-28,0.7162513991987234,0.7162513991987234,0.7071613782497674,0.7241254155848057,0.6785787234330816,1.14197482427233,0.5151419754598946,0.6336187100993894,0.5480599184489617,AMZN,Amazon,,,
2021-04-29,0.7361048234898685,0.7361048234898685,0.7451806801014585,0.7396605815529574,0.7875056348812317,3.3408140120028134,0.1414176157477492,0.6638163460055975,0.5703855691869375,AMZN,Amazon,,,
2021-04-30,0.7300758640978534,0.7300758640978534,0.8063796151795672,0.7823822879653746,0.8185255399768003,2.85563497339885,-0.075456546623225,0.6849325587010732,0.5901063898949365,AMZN,Amazon,,,
2021-05-03,0.6046477791298395,0.6046477791298395,0.7021633495232791,0.6428763268969415,0.7559428897214916,2.0383775169003022,-1.0742692931492306,0.6688972840192803,0.5960672651650029,AMZN,Amazon,,,
2021-05-04,0.488999785344699,0.488999785344699,0.5185349052182164,0.4866395306534573,0.5567754376056165,1.7240310917997403,-1.0155786275235137,0.627483605253063,0.5904522215238551,AMZN,Amazon,,,
2021-05-05,0.4249448705082669,0.4249448705082669,0.4979855648873524,0.4745685815349542,0.5299232958598802,0.4783946386553218,-0.5860572989675152,0.5801464010345018,0.5792361314525192,AMZN,Amazon,,,
2021-05-06,0.4804754317617157,0.4804754317617157,0.4356259009156583,0.447910183634894,0.4232277975326579,1.009201122131712,0.4673856356672542,0.5587543260816606,0.5743378789048207,AMZN,Amazon,,,
2021-05-07,0.4576001967264281,0.4576001967264281,0.4611421031272104,0.5129561055962715,0.4992906608100924,1.198486541144341,-0.2257500724543868,0.5368974614857535,0.567702386755424,AMZN,Amazon,,,
2021-05-10,0.3008813064350489,0.3008813064350489,0.3870377327631797,0.3590490153332407,0.4423170426464229,2.0117795277092663,-1.4060311167731343,0.4806810963607318,0.5467175094080093,AMZN,Amazon,,,
2021-05-11,0.352676343935604,0.352676343935604,0.3174053325465265,0.2617522632891763,0.2160340673251047,1.1332529904183588,0.445782380454603,0.4516804196602207,0.5325821333453481,AMZN,Amazon,,,
2021-05-12,0.241135156018579,0.241135156018579,0.2708911763145635,0.2706538830468062,0.2915238276776473,1.361462296052016,-1.028581240674084,0.4015862666605322,0.5090896022947738,AMZN,Amazon,,,
2021-05-13,0.2559050896416941,0.2559050896416941,0.2645468342944982,0.2704983796765195,0.292252027763731,0.2186137360957197,0.1108326834739335,0.3677688283840525,0.4891419611362524,AMZN,Amazon,,,
2021-05-14,0.3511112834015036,0.3511112834015036,0.3032621957023915,0.348174209517278,0.2923915206373639,0.1999446867719303,0.8483741253307555,0.3665985223490925,0.4800914027765147,AMZN,Amazon,,,
2021-05-17,0.4247126418221855,0.4247126418221855,0.4021248472551085,0.428320551743902,0.3859321316952044,0.487476878866895,0.6372930985662525,0.3844235774037133,0.4788859573780274,AMZN,Amazon,,,
2021-05-18,0.3656485153676899,0.3656485153676899,0.431912324016083,0.4217642831228824,0.4582145016685875,-0.158010907598487,-0.5489101070658234,0.3827836289480557,0.4721547660896096,AMZN,Amazon,,,
2021-05-19,0.3649045322247041,0.3649045322247041,0.3123766091991745,0.3497278209332214,0.3070184123664721,-0.265195758349355,-0.0317577379390538,0.3813646146220524,0.4659645175538939,AMZN,Amazon,,,
2021-05-20,0.3895160432408568,0.3895160432408568,0.35095266425084,0.4307905900341263,0.3835616985578424,-0.2987135496063514,0.1957994355819105,0.3865543660129379,0.4626852129559535,AMZN,Amazon,,,
2021-05-21,0.3203937187452069,0.3203937187452069,0.3463262765492711,0.3699389922097191,0.3922386281550083,0.7621065233597042,-0.6424010724461549,0.3728820588410899,0.4531090384404425,AMZN,Amazon,,,
2021-05-24,0.3853468052208825,0.3853468052208825,0.3482760933115226,0.3908959159296952,0.3387821218356834,-0.4503725448853199,0.5630800817327288,0.3791330073105577,0.4506006251014611,AMZN,Amazon,,,
2021-05-25,0.4071375181030446,0.4071375181030446,0.3821171489262553,0.3959606796637578,0.4180679797798363,0.1538847542703804,0.1696886752309128,0.3893584399537206,0.4503993099359167,AMZN,Amazon,,,
2021-05-26,0.4166068674391656,0.4166068674391656,0.4067361237587137,0.4654806421903649,0.4303400426591414,-0.4783400782352439,0.0591923642282187,0.3994337635129352,0.4511197705416586,AMZN,Amazon,,,
2021-05-27,0.3622852196717128,0.3622852196717128,0.3520052536339978,0.4212517857348339,0.4015354735397429,-0.3506120651010554,-0.5076216650899243,0.3931866240474071,0.4465918846743096,AMZN,Amazon,,,
2021-05-28,0.3513747281635144,0.3513747281635144,0.3328640880633746,0.4051884772224768,0.379843149546828,-0.5174081273993127,-0.1230514101674414,0.3857288128424661,0.4414346504535348,AMZN,Amazon,,,
2021-06-01,0.3445242184095373,0.3445242184095373,0.3374904757649436,0.3886591326949009,0.382167242678712,-0.4451826933358496,-0.0867295504217653,0.3783946766739635,0.4360926458426125,AMZN,Amazon,,,
2021-06-02,0.3682985710257632,0.3682985710257632,0.3127633614220575,0.3870121244376573,0.3505581575134938,-0.7446803765032044,0.1891579128398093,0.3789353570058356,0.4335045984689464,AMZN,Amazon,,,
2021-06-03,0.2954875468911138,0.2954875468911138,0.2809490952342039,0.3497747564016921,0.3213199783428364,-0.4680324564078235,-0.678096906143374,0.3608389139114711,0.4242048993097905,AMZN,Amazon,,,
2021-06-04,0.3252601157942729,0.3252601157942729,0.2911000424663083,0.3727356823966736,0.3333593954803537,-0.5751452258871711,0.2458736388306215,0.354832066176339,0.418591240006897,AMZN,Amazon,,,
2021-06-07,0.3125357810862331,0.3125357810862331,0.270983732402091,0.3313964388737563,0.3106286770789714,-0.5995807769325943,-0.1401899777442239,0.347093559468726,0.4122738795242338,AMZN,Amazon,,,
2021-06-08,0.4149798477240536,0.4149798477240536,0.3816685352367084,0.4025629355619659,0.3497987488522923,0.2660432127561576,0.9040383061515104,0.367321662420738,0.416305053750021,AMZN,Amazon,,,
2021-06-09,0.4413886479603882,0.4413886479603882,0.409598751322959,0.4844179184791788,0.4276745466297559,-0.4268019690981419,0.2095834979157047,0.3892034595515655,0.4224894317430468,AMZN,Amazon,,,
2021-06-10,0.5475521573422903,0.5475521573422903,0.4922603097588618,0.5006519014223383,0.4418366197324873,0.3091478131253702,0.9133744967636346,0.4325919351174505,0.4382406962788975,AMZN,Amazon,,,
2021-06-11,0.543181906712164,0.543181906712164,0.5163683372101733,0.5819009901102025,0.5466421078362833,-0.1659398474657334,-0.0629234929040144,0.4640227707654408,0.4521430603214655,AMZN,Amazon,,,
2021-06-14,0.6005873244047708,0.6005873244047708,0.5448713621442348,0.5850854905315915,0.5422729073197812,-0.3444851570218196,0.472407919114327,0.5021831440402995,0.4702586468589083,AMZN,Amazon,,,
2021-06-15,0.5994403700997863,0.5994403700997863,0.5634246076690834,0.6279783454704523,0.5998659684138204,-0.4479217816536256,-0.034912688096644,0.5305119723201359,0.4866179305257805,AMZN,Amazon,,,
2021-06-16,0.6492210247611956,0.6492210247611956,0.6088559521219613,0.6239703409204415,0.6122619198791995,0.8326740881781977,0.4017009401201784,0.5644083173992935,0.5062395986796513,AMZN,Amazon,,,
2021-06-17,0.7638932796881163,0.7638932796881163,0.7184881655734209,0.6868411120803698,0.6295845704984135,1.505696920364381,0.9487875930622984,0.6189698547127209,0.5350184043457441,AMZN,Amazon,,,
2021-06-18,0.7602665392301283,0.7602665392301283,0.7336527249549135,0.7997972431505588,0.7485984717104189,1.5858512942950906,-0.0552291373077068,0.6589694194693703,0.5608349261993495,AMZN,Amazon,,,
2021-06-21,0.7092150119017117,0.7092150119017117,0.694968058167884,0.738106970137014,0.7430669881993756,0.165417757713648,-0.4497345595133187,0.6759964286916033,0.5794336449602754,AMZN,Amazon,,,
2021-06-22,0.7890004641523612,0.7890004641523612,0.7596175408560125,0.772424383119334,0.7146189534078388,0.2144330223475352,0.6449127801796009,0.7090409055160111,0.6039539328910813,AMZN,Amazon,,,
2021-06-23,0.7864894619234283,0.7864894619234283,0.7553160439106628,0.8145401953024025,0.7873505377200398,-0.1688951795980707,-0.0458580531402145,0.7331861942891568,0.6260055280142627,AMZN,Amazon,,,
2021-06-24,0.7016517350806781,0.7016517350806781,0.7612887449058087,0.733213354929395,0.7914412253464749,0.5653967333804716,-0.7273645454603503,0.7297371113504306,0.6379580313556098,AMZN,Amazon,,,
2021-06-25,0.6278488910789969,0.6278488910789969,0.668383683150274,0.6762460226926668,0.7238226459244186,0.6439653193377319,-0.6457143981549763,0.708396315219523,0.6417823847360093,AMZN,Amazon,,,
2021-06-28,0.6936083928495171,0.6936083928495171,0.6423565335575747,0.7062757146967164,0.6494488285609392,-0.5801188336220802,0.5356536858687111,0.70910081454005,0.6515332098887626,AMZN,Amazon,,,
2021-06-29,0.700194984870636,0.700194984870636,0.6547821883081497,0.7210651282213896,0.6848071984550907,-0.68420418969757,0.0303906175831597,0.7113029028631266,0.6610260257599964,AMZN,Amazon,,,
2021-06-30,0.6878272701815482,0.6878272701815482,0.6788751045614975,0.7396605815529574,0.6882779702939572,-0.4639238239311594,-0.129114281490576,0.7098117186379059,0.668475849784619,AMZN,Amazon,,,
2021-07-01,0.676684077016421,0.676684077016421,0.6562833913808545,0.699921410818813,0.6782841333982568,-0.728390009139589,-0.1190314933925737,0.705861742224126,0.674185240580572,AMZN,Amazon,,,
2021-07-02,0.7975863039455087,0.7975863039455087,0.7409561558207363,0.7426431172312302,0.7046714565176164,0.0877862282861531,0.9963965123181824,0.733621631811796,0.69091092548648,AMZN,Amazon,,,
2021-07-06,1.052936642873686,1.052936642873686,1.0098301734134916,0.8856910468344552,0.8262572280336538,2.6649800102273336,2.084386119780841,0.8193284272354396,0.7304791711474762,AMZN,Amazon,,,
2021-07-07,1.0852348761020478,1.0852348761020478,1.0852189956044356,1.118578678142601,1.116424629478455,1.6438046365975103,0.2297766050961987,0.8918158030079812,0.769531890865992,AMZN,Amazon,,,
2021-07-08,1.1392155118885134,1.1392155118885134,1.1251257805267771,1.028801082966665,1.0020433102426596,1.5374847611048872,0.3984663742882895,0.9598983126801142,0.8101846773027972,AMZN,Amazon,,,
2021-07-09,1.120509041902353,1.120509041902353,1.1065725350019302,1.1410892132785204,1.1243889632770945,0.5049926278463577,-0.1704881545825347,1.006206708233338,0.8453569641279671,AMZN,Amazon,,,
2021-07-12,1.1192849933492404,1.1192849933492404,1.120948006514756,1.1463554676600591,1.157671017211512,-0.3431156128629316,-0.0346271737681051,1.0406269628618503,0.8772149833725735,AMZN,Amazon,,,
2021-07-13,1.0554471721317715,1.0554471721317715,1.1453813969472229,1.1067874454523574,1.0927486695367594,0.5754160301218103,-0.5230127708576501,1.0502203741818843,0.9000860270951395,AMZN,Amazon,,,
2021-07-14,1.0621425474477952,1.0621425474477952,1.059624876278383,1.0904913559802114,1.1032077979160362,0.1794736056601304,0.0277267738558665,1.0591167893439903,0.9215166934509812,AMZN,Amazon,,,
2021-07-15,0.9839070206641278,0.9839070206641278,1.025180317194975,1.0284905503217343,1.0805082880897718,0.0992471504579003,-0.6414251474989414,1.0459087311761903,0.9335346346325976,AMZN,Amazon,,,
2021-07-16,0.8946834351532884,0.8946834351532884,0.948831933933339,0.95009978425417,0.986161455508053,0.7179927851892057,-0.7377612835192024,1.013330150858813,0.935947177867924,AMZN,Amazon,,,
2021-07-19,0.8574256296189197,0.8574256296189197,0.800515053694849,0.8393339750459459,0.8300845342003819,0.5312302106797914,-0.3274752240563354,0.9794286633117422,0.9345856169219876,AMZN,Amazon,,,
2021-07-20,0.8940014111913142,0.8940014111913142,0.865180592030814,0.8686022694503601,0.8839127062779287,0.1499923656082776,0.2737868516237271,0.9632967913760478,0.9368375441349046,AMZN,Amazon,,,
2021-07-21,0.9126147059205338,0.9126147059205338,0.8565922371131418,0.9084348370258049,0.8979508907945861,-0.5251929047235184,0.1260069919140768,0.9559276974322748,0.940660652557462,AMZN,Amazon,,,
2021-07-22,0.9944925812001538,0.9944925812001538,0.9394861302177344,0.9684468114697922,0.9147623827819454,0.1569842489457586,0.6373147591754712,0.9712068008887702,0.95194820636817,AMZN,Amazon,,,
2021-07-23,1.0233348164464442,1.0233348164464442,0.9798571122525256,1.0302304813246372,0.9965274310191742,-0.440641573230063,0.204865138583615,0.9899952066967618,0.9649614680785044,AMZN,Amazon,,,
2021-07-26,1.0902564075890662,1.0902564075890662,1.0509907155418834,1.0693945740461055,1.0479227528091233,-0.1063286359183441,0.505740238521444,1.0210919051080367,0.9831767216684216,AMZN,Amazon,,,
2021-07-27,0.9764525271380018,0.9764525271380018,1.0299771780985725,0.9744744634509652,1.0871708460202387,0.7815684666702182,-0.9172387081835112,1.015495812382617,0.9888779695422798,AMZN,Amazon,,,
2021-07-28,0.9825434457110284,0.9825434457110284,0.9679579883059976,0.997544431443404,0.986889655594135,-0.0347519332985647,0.0236344665236226,1.012846501472566,0.9946420591224572,AMZN,Amazon,,,
2021-07-29,0.9354284547456572,0.9354284547456572,0.9362830284743716,0.964936133247314,0.977546470203924,1.7821285966452007,-0.401507166257439,0.9988871641723696,0.995386880501102,AMZN,Amazon,,,
2021-07-30,0.5133629866659583,0.5133629866659583,0.5187823510848717,0.5407793564865583,0.5440082932392144,4.986573603357096,-3.4256521527999904,0.8811669297176746,0.9557945563915602,AMZN,Amazon,,,
2021-08-02,0.5193919460579733,0.5193919460579733,0.5045154913074091,0.5563458127670238,0.5519877584682158,0.2207761742413324,0.0274688630366712,0.7944087681108359,0.9203767598912312,AMZN,Amazon,,,
2021-08-03,0.5732637985495332,0.5732637985495332,0.5541557766181091,0.5295783728695065,0.5328053604862958,0.7998771096364055,0.4439362878584745,0.7430294819090313,0.8933186979806733,AMZN,Amazon,,,
2021-08-04,0.5554096220304167,0.5554096220304167,0.5508752299851808,0.6007140533410434,0.5926610432763808,-0.6225747025476089,-0.1789182607597672,0.6999581061942063,0.8670169857856522,AMZN,Amazon,,,
2021-08-05,0.5883747441536354,0.5883747441536354,0.5510608143851723,0.5935059032134867,0.5568222504682934,-0.4426598488326348,0.2599303651980693,0.6760313162370584,0.846251553770198,AMZN,Amazon,,,
2021-08-06,0.5402523252832677,0.5402523252832677,0.5293974954294229,0.5750498340004075,0.5859209367653179,-0.2955419736594528,-0.4385203820255043,0.6458578729214153,0.8227825091459626,AMZN,Amazon,,,
2021-08-09,0.5354947115291074,0.5354947115291074,0.4982641775998078,0.5742419750279426,0.5372833181585117,-0.6483077164803998,-0.0663356609350688,0.6220188368627351,0.8009930882093782,AMZN,Amazon,,,
2021-08-10,0.5026535077679117,0.5026535077679117,0.5030917331242684,0.553238589935137,0.5394527869864025,-0.4577248345804031,-0.3101141516012198,0.595794306789421,0.7780511313872966,AMZN,Amazon,,,
2021-08-11,0.4583749229744959,0.4583749229744959,0.4716798025821978,0.4954321084136301,0.5184418502168945,-0.0723783570322252,-0.4118327690702712,0.5648743121076218,0.7529701695885517,AMZN,Amazon,,,
2021-08-12,0.4760276139126131,0.4760276139126131,0.4357959018927497,0.4828178456904058,0.4542169669103074,-0.5287248870280191,0.1304437256843277,0.5461700278137207,0.7318535455010174,AMZN,Amazon,,,
2021-08-13,0.461257680289498,0.461257680289498,0.4227360490526363,0.503525869198795,0.4784967654948132,-0.7142620799215862,-0.1547605134987716,0.5283886381200089,0.711247409261258,AMZN,Amazon,,,
2021-08-16,0.4690375777586482,0.4690375777586482,0.4133434950683343,0.3918749234286037,0.4433705684852505,0.1961243793813479,0.0434227926863809,0.5170295396120241,0.6932568412511253,AMZN,Amazon,,,
2021-08-17,0.3806511506477338,0.3806511506477338,0.383154154886513,0.4144783813101823,0.4348487360492764,0.245283806558276,-0.8021682759566895,0.4860504087166443,0.6684687952013098,AMZN,Amazon,,,
2021-08-18,0.3175109614302048,0.3175109614302048,0.3423185035143404,0.3745841813013923,0.3798275452592691,-0.1753824940349087,-0.5899705688362616,0.4467715556247077,0.6399099772759873,AMZN,Amazon,,,
2021-08-19,0.2966345011960983,0.2966345011960983,0.3096683991891206,0.3473355343281404,0.3055000679012677,0.5300048290639442,-0.2142316080773491,0.4120075145519319,0.6119555841379031,AMZN,Amazon,,,
2021-08-20,0.3155424567632583,0.3155424567632583,0.2706900084916719,0.3369267645273967,0.3207620068483047,0.2240198314597514,0.1469566004051396,0.3907391697942493,0.5883465150402144,AMZN,Amazon,,,
2021-08-23,0.4177074706011033,0.4177074706011033,0.3837883529760514,0.390134992425701,0.3332042983191619,0.15893044327681,0.9009456729849552,0.4007489843163286,0.5766313296226176,AMZN,Amazon,,,
2021-08-24,0.4795611791136601,0.4795611791136601,0.4373126883883544,0.4904455704603519,0.4387223822214826,-0.3573877046239752,0.5242461977017704,0.4239739435057934,0.571882648031899,AMZN,Amazon,,,
2021-08-25,0.4693322385965885,0.4693322385965885,0.4458387096144264,0.5084194844064142,0.485004699121287,-0.9855759859244558,-0.1148290227628462,0.4387933946902658,0.5665897174778258,AMZN,Amazon,,,
2021-08-26,0.4954004998227833,0.4954004998227833,0.4628600574457067,0.5237218694147769,0.4681619985588099,-0.6839158646114883,0.2040952153011448,0.456532168889483,0.5642651456174475,AMZN,Amazon,,,
2021-08-27,0.5475214142372082,0.5475214142372082,0.4943026826086409,0.551296694189118,0.5212000262572362,-0.4650771242754861,0.4308106552082342,0.4830806550141019,0.5671247756800858,AMZN,Amazon,,,
2021-08-30,0.6590162510111864,0.6590162510111864,0.6377145624331056,0.6157210767649898,0.5586971292613595,0.1042207581928094,0.9403525770928012,0.5313238868285592,0.5803622061677967,AMZN,Amazon,,,
2021-08-31,0.7352988811658712,0.7352988811658712,0.6803914188321658,0.6784363445546315,0.6630841387442568,0.9433909212335664,0.6215619621812932,0.5868904311683816,0.5996743900167625,AMZN,Amazon,,,
2021-09-01,0.7480227429030636,0.7480227429030636,0.7646004583845372,0.8021738845994829,0.7740254218591059,0.419720483637698,0.081248201373004,0.631798590143254,0.6184449095058828,AMZN,Amazon,,,
2021-09-02,0.7234117048577582,0.7234117048577582,0.7413277968456556,0.7707309134892608,0.7714842872729931,-0.0893174558395245,-0.230264200038822,0.6592258174252776,0.6331608691878,AMZN,Amazon,,,
2021-09-03,0.7465503846550567,0.7465503846550567,0.6960045919032054,0.7418978388833929,0.705229428012148,-0.3401602807305942,0.1687102964578339,0.6856759900139282,0.6487466850107282,AMZN,Amazon,,,
2021-09-07,0.7949669913925175,0.7949669913925175,0.7662867736322969,0.8048150714161508,0.7455149699173335,-0.2232444583244692,0.3786783543819279,0.7178167261558434,0.6675350562233562,AMZN,Amazon,,,
2021-09-08,0.8200897838947271,0.8200897838947271,0.7934279018498814,0.8339122172941215,0.7976545689381239,0.0041719533224632,0.182559478878722,0.7483062117428589,0.6870123693305453,AMZN,Amazon,,,
2021-09-09,0.7560197339911777,0.7560197339911777,0.8001745795157298,0.810143432326675,0.8199199958559307,-0.2367236560987881,-0.5521891659063787,0.7548925348289576,0.6986060686240048,AMZN,Amazon,,,
2021-09-10,0.7327571358318562,0.7327571358318562,0.7358962656275841,0.783018998411396,0.782438969996565,-0.4687532691230276,-0.2187350226924295,0.7539210362167322,0.7069263014965872,AMZN,Amazon,,,
2021-09-13,0.7141901922456834,0.7141901922456834,0.7196640056649699,0.7443209417051465,0.7529525407965609,-0.3449897259224625,-0.1803140148540442,0.7484743805028773,0.7127186700782341,AMZN,Amazon,,,
2021-09-14,0.7030777421856382,0.7030777421856382,0.7024107953899345,0.7438705508460844,0.7417188723257232,-0.8006154432030521,-0.1183113114855845,0.7415656125794092,0.7169242164106588,AMZN,Amazon,,,
2021-09-15,0.7430480355299393,0.7430480355299393,0.7002598108047914,0.688409894556829,0.690540591990003,-0.0649539860656217,0.3109521705611109,0.7465408571370307,0.7245610219607455,AMZN,Amazon,,,
2021-09-16,0.7623433542211332,0.7623433542211332,0.7112928742180257,0.7569669688363256,0.7175629623272914,-0.3344658602804808,0.1359321486639358,0.75517540914767,0.7333445465041045,AMZN,Amazon,,,
2021-09-17,0.7224818441717379,0.7224818441717379,0.71881305632964,0.766272518080188,0.7616450746812858,1.1309463897297052,-0.3565272486475866,0.7515221454948289,0.7375263662622344,AMZN,Amazon,,,
2021-09-20,0.5569751555353645,0.5569751555353645,0.5974824145296077,0.5377190691231422,0.6184596591832896,1.168789057277927,-1.4114801100358358,0.706725420398431,0.7255369614897351,AMZN,Amazon,,,
2021-09-21,0.5382223344061571,0.5382223344061571,0.536670231674382,0.5802544559486,0.5859209367653179,-0.1922495115706876,-0.1871672908682505,0.6683626116219459,0.7128482884708769,AMZN,Amazon,,,
2021-09-22,0.5946671483076614,0.5946671483076614,0.5510608143851723,0.593707867956603,0.5487340280835782,-0.4585898098386481,0.4645512506957138,0.6539336532879003,0.7066985533620782,AMZN,Amazon,,,
2021-09-23,0.6503835871041448,0.6503835871041448,0.6128944197777557,0.6542949204132664,0.5937457776903262,-0.4816558167251833,0.453025222690914,0.6572699959479467,0.7064238127034829,AMZN,Amazon,,,
2021-09-24,0.6651379126892951,0.6651379126892951,0.6133586168902025,0.6750342342339694,0.6277716359983845,-0.6713737233669349,0.1001938481144811,0.6635214632697451,0.7075817645503681,AMZN,Amazon,,,
2021-09-27,0.6345750095001036,0.6345750095001036,0.5921750784698002,0.5914706106261676,0.5804977375527894,0.4230362221276375,-0.2838630077474011,0.6604437479378812,0.7057184292784726,AMZN,Amazon,,,
2021-09-28,0.4953385406417718,0.4953385406417718,0.5204072770909041,0.5145561783850444,0.5591307393126185,0.9970193872447606,-1.2108468631395626,0.622754189425362,0.6907398811587998,AMZN,Amazon,,,
2021-09-29,0.4723389142736137,0.4723389142736137,0.4927245068713088,0.5266266534079064,0.5039700556489781,-0.3498191711143308,-0.2262577577165455,0.5886426031737704,0.6749286157173475,AMZN,Amazon,,,
2021-09-30,0.4474176073524033,0.4474176073524033,0.4564382705360776,0.4895286694904299,0.4945029816726915,-0.1479195295856278,-0.2440465023455003,0.5567261793505203,0.6581769862216884,AMZN,Amazon,,,
2021-10-01,0.4446587683994242,0.4446587683994242,0.427532909956233,0.4614878087008699,0.4526830181575441,-0.1528210560490165,-0.049440195626258,0.532087815038588,0.6426850102111443,AMZN,Amazon,,,
2021-10-04,0.2997807032731113,0.2997807032731113,0.3823801782158106,0.337688162127032,0.4377771406811701,1.0635504008581105,-1.3049408767888244,0.4767941881023609,0.6147785217452479,AMZN,Amazon,,,
2021-10-05,0.3481665669054899,0.3481665669054899,0.3525775902568724,0.3784058662644439,0.3217384569637351,0.1597233372635347,0.4148878131634946,0.4476192624938289,0.5940255013015877,AMZN,Amazon,,,
2021-10-06,0.4117248623521349,0.4117248623521349,0.3581635390291352,0.3724403208122572,0.3357298286177157,-0.3709389836698146,0.5472480496682576,0.4418888178601443,0.5812232413692734,AMZN,Amazon,,,
2021-10-07,0.4743693781215717,0.4743693781215717,0.4531888907489493,0.5036192660400953,0.4566030043352283,-0.4602476790836178,0.5319277921612483,0.4535095341066149,0.5755617614551437,AMZN,Amazon,,,
2021-10-08,0.4529660283634435,0.4529660283634435,0.4465040745497649,0.5116044589234443,0.4960525347130137,-0.7564296237610333,-0.2130622511586273,0.45678628254593,0.5683728594060254,AMZN,Amazon,,,
2021-10-11,0.3873772690688405,0.3873772690688405,0.4018774013884532,0.433773125712399,0.4309750898770702,-0.7304803660136812,-0.6035512886251887,0.4425771346959452,0.5555796442529942,AMZN,Amazon,,,
2021-10-12,0.3889735456788704,0.3889735456788704,0.3630997062889597,0.4309456193087718,0.4030850265800652,-0.8851667746965075,-0.0108195707390054,0.4323259024301212,0.5441017500466238,AMZN,Amazon,,,
2021-10-13,0.4462399099423368,0.4462399099423368,0.3953630583912965,0.4694886467403757,0.42277858319384,-0.4523187392163714,0.4864093010204821,0.4391893900096889,0.5391311073965053,AMZN,Amazon,,,
2021-10-14,0.4703860176446319,0.4703860176446319,0.4328407182409768,0.5156124634734551,0.4735076491907424,-0.6762031685588031,0.1881598159525065,0.4504727545516147,0.5369161311062507,AMZN,Amazon,,,
2021-10-15,0.63956579788204,0.63956579788204,0.5842058104437027,0.5361498125510419,0.4874063408337669,1.5369801922042443,1.461941564956261,0.5019254217965584,0.5510440265279568,AMZN,Amazon,,,
2021-10-18,0.6980254675935377,0.6980254675935377,0.6441670439635985,0.6621402550824855,0.6066216792124423,0.091174048047613,0.4723020711808186,0.5553700639388189,0.5694652281970081,AMZN,Amazon,,,
2021-10-19,0.6940113640115159,0.6940113640115159,0.6527086486125706,0.7194650554326166,0.6777881061967621,-0.476826371533315,-0.0588605469001963,0.5944335247715682,0.5858287879469561,AMZN,Amazon,,,
2021-10-20,0.6489268368941027,0.6489268368941027,0.6653510546089372,0.6858621045814614,0.7062517452758578,-0.6543625432881152,-0.4047551765428624,0.6122747258852229,0.596403218662757,AMZN,Amazon,,,
2021-10-21,0.6798458871313987,0.6798458871313987,0.630411131567283,0.6899478608166155,0.6467369925260756,-0.8406205488968865,0.2375170206962919,0.633512442796155,0.6089663363961111,AMZN,Amazon,,,
2021-10-22,0.5256994852791166,0.5256994852791166,0.6142563164942326,0.5785609863185268,0.6571961209053515,0.0659456030154652,-1.326659664253965,0.6102707068599984,0.6056801829071013,AMZN,Amazon,,,
2021-10-25,0.5021729693869368,0.5021729693869368,0.4873085590761373,0.5263625821358038,0.5239425980100189,-0.5922284872375112,-0.2296578385838221,0.586861100048965,0.600448096390495,AMZN,Amazon,,,
2021-10-26,0.5884986625156585,0.5884986625156585,0.5930260278051301,0.5982596602069761,0.5464250663820545,-0.2517886418465564,0.7290000350711477,0.5912400504277946,0.6039280228748881,AMZN,Amazon,,,
2021-10-27,0.6139468589608906,0.6139468589608906,0.6253356579512308,0.6409344311509225,0.6060637077179106,-0.2489774722572599,0.1935486188044736,0.6009908848381867,0.6095196149671582,AMZN,Amazon,,,
2021-10-28,0.6977620228315268,0.6977620228315268,0.6903256148184787,0.6635383631281423,0.6279111288720174,1.918145956004237,0.6915051656642346,0.6296022174741832,0.622599718681132,AMZN,Amazon,,,
2021-10-29,0.5828575392185248,0.5828575392185248,0.5291188827169676,0.488488029558176,0.46974276017425,2.478505760804001,-0.992055407737803,0.6218624269943103,0.6235276394998075,AMZN,Amazon,,,
2021-11-01,0.4986706202618194,0.4986706202618194,0.5307282253000999,0.5175387140633172,0.5654679714903414,0.4045834166184093,-0.7491282135627233,0.5946649109072022,0.6163388964040108,AMZN,Amazon,,,
2021-11-02,0.4903633602978001,0.4903633602978001,0.4614981607292297,0.5043806636397307,0.4929690329199282,-0.302750100811495,-0.0976976149951593,0.5721558224015995,0.6090110764251826,AMZN,Amazon,,,
2021-11-03,0.6007888099857701,0.6007888099857701,0.560221505925719,0.5260833398031852,0.4836565832476346,0.2519873648096752,0.941737650147024,0.5833341321134421,0.6128851580454757,AMZN,Amazon,,,
2021-11-04,0.7449233649399447,0.7449233649399447,0.7207010116252277,0.6309144197758955,0.5781736444209055,1.661752873206095,1.2103040193850914,0.6283437853015994,0.6301589857366893,AMZN,Amazon,,,
2021-11-05,0.8100003697776433,0.8100003697776433,0.825335196350199,0.8048771779451372,0.74396588973421,1.405143546593392,0.5177780760710375,0.6786376928407392,0.6520714884132004,AMZN,Amazon,,,
2021-11-08,0.7634903085261177,0.7634903085261177,0.8450642819665968,0.821779635742273,0.8156127396324656,0.0190206952556702,-0.4084301429847206,0.7045394876017586,0.6675544019189574,AMZN,Amazon,,,
2021-11-09,0.8987126738024276,0.8987126738024276,0.8679194966617316,0.8428607725202221,0.8032323924546455,0.8990609392485066,1.099043923816376,0.758327084912199,0.694531397574769,AMZN,Amazon,,,
2021-11-10,0.7527496135521416,0.7527496135521416,0.8859929616512333,0.7832987148396555,0.8785670556459962,0.7062435379313768,-1.208892630411252,0.7615772219162773,0.7051295453521735,AMZN,Amazon,,,
2021-11-11,0.7379489368239446,0.7379489368239446,0.7897299083732063,0.790103409576621,0.7997460163282202,-0.564549278973669,-0.1483670266597496,0.7602538360892624,0.7133520866868189,AMZN,Amazon,,,
2021-11-12,0.8195477593035881,0.8195477593035881,0.7858458582716034,0.7583802479424981,0.7563613683423903,-0.258203875011874,0.6564819965144825,0.7799963107409453,0.7286125004242454,AMZN,Amazon,,,
2021-11-15,0.851365454150975,0.851365454150975,0.868089497638823,0.8807353250978497,0.8369333978671586,-0.0849925795482991,0.2367100205393794,0.8028883366961137,0.7455213427629676,AMZN,Amazon,,,
2021-11-16,0.8436475158628364,0.8436475158628364,0.8411958152878939,0.8797103303217527,0.8400320310906043,-0.5986437204028288,-0.0882161743095904,0.8180961568000228,0.7601566460495737,AMZN,Amazon,,,
2021-11-17,0.8565109040000166,0.8565109040000166,0.8578304108962911,0.9110911949029884,0.8798839629445308,-0.3512607965447393,0.0802917147483003,0.8327707275441513,0.7746887682059569,AMZN,Amazon,,,
2021-11-18,1.0844289337780513,1.0844289337780513,1.03879739546,0.9354037675707972,0.8824099661002833,1.914397729885176,1.8375950842116484,0.90169273085542,0.8096455383682228,AMZN,Amazon,,,
2021-11-19,1.054223123578658,1.054223123578658,1.12846818862637,1.1136229564059954,1.1091577600479805,1.3616785398665772,-0.2621187852539846,0.9457086581406552,0.8385424719492728,AMZN,Amazon,,,
2021-11-22,0.8930403344293643,0.8930403344293643,1.0531261167041273,0.9455015306309676,1.0528967376828346,1.2935617382797782,-1.296652723150448,0.9377625690209273,0.8494338974429734,AMZN,Amazon,,,
2021-11-23,0.9046177148324196,0.9046177148324196,0.9101321559483456,0.8836870445594498,0.9113691595236748,0.4631854903645127,0.068911057590572,0.9347449214110884,0.8604397958228406,AMZN,Amazon,,,
2021-11-24,0.905190955499488,0.905190955499488,0.8986660622684637,0.8978862090109312,0.8767077811404891,-0.5187055902866804,-0.0204374656287261,0.932627351448734,0.8704998511067711,AMZN,Amazon,,,
2021-11-26,0.7876364162284127,0.7876364162284127,0.9293970444522958,0.847086386969506,0.9378028226485128,-0.040590516291719,-0.9773766261697736,0.9011674804150052,0.868429430486602,AMZN,Amazon,,,
2021-11-29,0.8759925732050925,0.8759925732050925,0.8713700442717515,0.8895748383264931,0.8534195641017739,0.1571284114887994,0.7061721044295383,0.9000246922335698,0.8749773260596669,AMZN,Amazon,,,
2021-11-30,0.7915266014484115,0.7915266014484115,0.8555401199549203,0.8282263882701943,0.8779939527211045,0.6872861635215057,-0.7129496777955411,0.8777040179779105,0.8728710263835908,AMZN,Amazon,,,
2021-12-01,0.6933449480875064,0.6933449480875064,0.8154784452534501,0.7499138479834144,0.8493288764753388,0.5032626773298675,-0.8370717657418499,0.8360146478629837,0.8615886578350506,AMZN,Amazon,,,
2021-12-02,0.6834877626565039,0.6834877626565039,0.711524736661781,0.7221835198387867,0.7176249066203284,0.1360085989333157,-0.1081030673250842,0.8022428184681625,0.8503914811656393,AMZN,Amazon,,,
2021-12-03,0.6097624858737989,0.6097624858737989,0.6761980613972437,0.5899013540540673,0.709877614275916,0.7121542021960515,-0.6471759854593768,0.7581796730415405,0.8331780716191582,AMZN,Amazon,,,
2021-12-06,0.6680050619663326,0.6680050619663326,0.682449375104845,0.5900412122681971,0.6138110000623229,0.2850005871660287,0.4732661506394865,0.7399322901875789,0.8230864648739126,AMZN,Amazon,,,
2021-12-07,0.8166650019885859,0.8166650019885859,0.8001745795157298,0.7888916211179235,0.7672077667674472,0.1967010295535113,1.232967930919156,0.7640226160705208,0.8280959810250065,AMZN,Amazon,,,
2021-12-08,0.8164635164075866,0.8164635164075866,0.7902866615731807,0.8328872225180245,0.8152562053046039,-0.5657746605895162,-0.0267403693399894,0.7820391611367032,0.8326308627973585,AMZN,Amazon,,,
2021-12-09,0.7548732526570407,0.7548732526570407,0.7837723185760241,0.81390301076074,0.8028451224088646,-0.5366538268952655,-0.5321243536730292,0.7799009153842925,0.8308771309893688,AMZN,Amazon,,,
2021-12-10,0.6941508904115037,0.6941508904115037,0.7515094386986236,0.7008226666325782,0.7925259597604203,-0.0094514069948965,-0.530682338154664,0.7628671183018637,0.8234892845730563,AMZN,Amazon,,,
2021-12-13,0.6121803128457909,0.6121803128457909,0.6330725913086367,0.6582564635904476,0.6866357372426789,0.0438887339302159,-0.7153682073140747,0.7292622900690967,0.8089522150968864,AMZN,Amazon,,,
2021-12-14,0.5974259872606406,0.5974259872606406,0.5525771286558406,0.5746771948264889,0.5487340280835782,-0.179346963968532,-0.1512678067291135,0.7003094585677583,0.7943289813093061,AMZN,Amazon,,,
2021-12-15,0.7283400610878357,0.7283400610878357,0.6794941914530721,0.5359947832763963,0.581210806208513,0.5349063555273329,1.0977104282433714,0.7118613095548396,0.7935256963494767,AMZN,Amazon,,,
2021-12-16,0.5905910855446281,0.5905910855446281,0.697010431017663,0.628133848840739,0.729044407970277,-0.0027478487434972,-1.1777040448542158,0.6855219115637917,0.7796527526614722,AMZN,Amazon,,,
2021-12-17,0.6261286961069439,0.6261286961069439,0.5958886553693755,0.5489973303296961,0.55370754010009,0.8862304729178714,0.2801066572350756,0.674797797958213,0.7704316432537557,AMZN,Amazon,,,
2021-12-20,0.5350449162532146,0.5350449162532146,0.5023026452556022,0.5485782297829479,0.5270417040906633,-0.1290342364472772,-0.8020123032201331,0.6436094835087177,0.7533584767972715,AMZN,Amazon,,,
2021-12-21,0.6385120188339966,0.6385120188339966,0.5902564285533488,0.550054089513748,0.558046004898673,-0.1800677766837362,0.8729987663492722,0.6465101935309576,0.7477092538591922,AMZN,Amazon,,,
2021-12-22,0.6577297703062142,0.6577297703062142,0.6315251101921683,0.6386976479161283,0.6020354372417113,-0.2132251615831305,0.1384584753421091,0.6535691340937049,0.744407169966773,AMZN,Amazon,,,
2021-12-23,0.6587059821352814,0.6587059821352814,0.6292041246299337,0.6899478608166155,0.6379205700552767,-0.8708946829354639,-0.0168043957850297,0.6591114039528362,0.7414984162786382,AMZN,Amazon,,,
2021-12-27,0.6153416499899212,0.6153416499899212,0.6591611301430634,0.6609128214676313,0.6567932465720118,-0.0816047597868393,-0.3927002655518078,0.6522488292576095,0.7347166865383095,AMZN,Amazon,,,
2021-12-28,0.6460748226841826,0.6460748226841826,0.635424271491735,0.6584271380212501,0.6303127705844972,-0.2275693346156945,0.23760522033416,0.6549114811123805,0.7314837419338401,AMZN,Amazon,,,
2021-12-29,0.6008200260616996,0.6008200260616996,0.605590988911933,0.6418043966523739,0.6506881872788777,-0.9081607003115224,-0.4096426268773386,0.645408808439574,0.7242269232097686,AMZN,Amazon,,,
2021-12-30,0.583570306285581,0.583570306285581,0.5955637646131563,0.6394277552034499,0.6153605531026451,-0.8422063368703359,-0.1729291769489293,0.633898490909568,0.7159840126429364,AMZN,Amazon,,,
2022-01-03,0.6381241827391152,0.6381241827391152,0.5898540929075657,0.5659931849681321,0.5487340280835782,0.092543592206501,,0.6548181126705506,0.6908099849188825,AMZN,Amazon,,,
2022-01-04,0.548776678866251,0.548776678866251,0.6114088001279511,0.5718653335790186,0.6382307643776604,0.3522524134945827,-0.7854713396961969,0.6321140871793529,0.6822853039797252,AMZN,Amazon,,,
2022-01-05,0.4506721197534746,0.4506721197534746,0.4791537066500483,0.5099574506662007,0.528064021354373,0.1207273693709861,-0.8743641450106309,0.5901567939978696,0.6651753989667659,AMZN,Amazon,,,
2022-01-06,0.4164829490771425,0.4164829490771425,0.4071540428273968,0.4347673042718233,0.4216938487798946,-0.3241582384530604,-0.3267538283067588,0.5500010402463814,0.646358937469416,AMZN,Amazon,,,
2022-01-07,0.3947854114519215,0.3947854114519215,0.4208792606028487,0.4376882075167508,0.4337332659174119,-0.5170477210417107,-0.2178259520346578,0.514370680334582,0.6271828926721332,AMZN,Amazon,,,
2022-01-10,0.3616807629287148,0.3616807629287148,0.3100244567911399,0.2597639061703278,0.3329097082843371,0.967538147192908,-0.3204243249479963,0.4792357136255719,0.6065915969706308,AMZN,Amazon,,,
2022-01-11,0.4818238716476994,0.4818238716476994,0.4551231240883008,0.3963802543061472,0.3612494587773588,0.0668105782737102,1.0538621020562398,0.4834139615472942,0.5993351391080052,AMZN,Amazon,,,
2022-01-12,0.477019433779645,0.477019433779645,0.4714635235613426,0.5118220688227174,0.5185193987974904,-0.3936445841987476,-0.0672165701242522,0.4853267954770693,0.5922799659018874,AMZN,Amazon,,,
2022-01-13,0.3532500575735199,0.3532500575735199,0.4511460456742339,0.408482019641323,0.4774744482311034,-0.3158688922282119,-1.1115562803373364,0.455310479928757,0.5740572865865341,AMZN,Amazon,,,
2022-01-14,0.3818908072388118,0.3818908072388118,0.3282372281368693,0.3683858548894168,0.3194138909746524,-0.5398254028421641,0.2325601651439538,0.4400761221371224,0.5602238398172597,AMZN,Amazon,,,
2022-01-18,0.2820660531539825,0.2820660531539825,0.2503881140274633,0.302019576567526,0.2870302657178725,0.2284888702940176,-0.9179517396638692,0.4032839623089799,0.5381236595620655,AMZN,Amazon,,,
2022-01-19,0.2009014179122671,0.2009014179122671,0.2353940278479984,0.2580704365402546,0.2764009087470445,-0.2778820621369493,-0.7657605484574045,0.3550651594010217,0.510288636419665,AMZN,Amazon,,,
2022-01-20,0.0573405765960084,0.0573405765960084,0.1967093610609688,0.105856815907297,0.2145469314350182,0.3972311269233263,-1.3571135866523223,0.2824209222470599,0.4712868728641973,AMZN,Amazon,,,
2022-01-21,-0.2223880987205453,-0.2223880987205453,-0.0230197351793334,-0.1824914716901041,0.0033244578940669,3.7128975355912335,-2.699807628990651,0.156856105838636,0.4091416998259291,AMZN,Amazon,,,
2022-01-24,-0.1634634986660374,-0.1634634986660374,-0.2073130721947982,-0.3912372047612437,-0.3360068522197555,3.4120303082649905,0.5739930013604575,0.0776557783327509,0.3582681075387962,AMZN,Amazon,,,
2022-01-25,-0.3047465123811393,-0.3047465123811393,-0.2489378114356369,-0.3044577904197391,-0.2355246974841824,1.0765971110033068,-1.4425869532958246,-0.0176457852498234,0.2985395186542676,AMZN,Amazon,,,
2022-01-26,-0.3392610870004938,-0.3392610870004938,-0.1998859183956478,-0.3301376549165318,-0.1578191282982708,1.2487992686655958,-0.3826448523289085,-0.0978924299478209,0.2409477521720162,AMZN,Amazon,,,
2022-01-27,-0.3155486935652794,-0.3155486935652794,-0.2290231414192476,-0.2670179835450165,-0.2802262527685467,0.5969683303064166,0.2225430015751642,-0.1520518754129035,0.1908540097288131,AMZN,Amazon,,,
2022-01-28,-0.1810078792800963,-0.1810078792800963,-0.2366207684204258,-0.3111534431592473,-0.2783513739754806,0.4843773841915169,1.372209141771649,-0.1584833966702073,0.1581508365612603,AMZN,Amazon,,,
2022-01-31,-0.0075661587366203,-0.0075661587366203,-0.0397157200294581,-0.1132042901232859,-0.1578191282982708,0.6255125138285038,1.721915713946031,-0.1192338954014066,0.1449688227897329,AMZN,Amazon,,,
2022-02-01,0.0426482101918695,0.0426482101918695,0.001985991876008,-0.0098334247252189,0.0048740109343892,-0.0624311415624069,0.4617828635254624,-0.0770368347816918,0.1377761468506126,AMZN,Amazon,,,
2022-02-02,0.0246393722056479,0.0246393722056479,0.1061871463343324,0.028569270396614,0.161385015150518,0.950671129657129,-0.1978195022650868,-0.0499652512868313,0.1295191201356166,AMZN,Amazon,,,
2022-02-03,-0.3400977724295732,-0.3400977724295732,-0.22889941848592,-0.2986169321211664,-0.2511739064770003,5.931559072989833,-3.5370758419153616,-0.1223446389664582,0.0872130159376755,AMZN,Amazon,,,
2022-02-04,0.2424523798286333,0.2424523798286333,0.2957420135907772,0.0827716768543425,0.178614985758776,6.93795778595797,6.0595782487568925,-0.028597808580192,0.1043342633180957,AMZN,Amazon,,,
2022-02-07,0.2516275412976614,0.2516275412976614,0.3418850010227572,0.289140768476558,0.2689018664319789,1.5018766129737986,0.0593262796061285,0.0440438074337065,0.1207744394749327,AMZN,Amazon,,,
2022-02-08,0.3594336784326402,0.3594336784326402,0.3140785078698343,0.2363369441601273,0.2140665085210824,0.5437723519243449,0.9648347438170448,0.12591955403687,0.1460058806552933,AMZN,Amazon,,,
2022-02-09,0.3524904663925694,0.3524904663925694,0.3772740099788947,0.3823517642854682,0.4038132266661488,0.282333580119773,-0.0874631377254067,0.1855620297178238,0.16828109982881,AMZN,Amazon,,,
2022-02-10,0.2847317168500206,0.2847317168500206,0.2807790942571124,0.3046759344447097,0.2636337643806423,0.2636645307959837,-0.6347076584168673,0.2130757627461212,0.1820664097895812,AMZN,Amazon,,,
2022-02-11,0.1077412960383803,0.1077412960383803,0.2276570944905925,0.14882694843566,0.2569556021626164,0.5819754258301687,-1.639358139182639,0.1887361628097578,0.1777117831940664,AMZN,Amazon,,,
2022-02-14,0.1658136026258441,0.1658136026258441,0.2105894686155484,0.1151467199950024,0.0591362659203937,0.8029045230402632,0.5243075347642704,0.1852381720205138,0.1792937336502063,AMZN,Amazon,,,
2022-02-15,0.2074572668283039,0.2074572668283039,0.1969261123067604,0.2079694314738371,0.2405621159389571,-0.162624108975794,0.3641286397767532,0.1931967184105661,0.1847051090202567,AMZN,Amazon,,,
2022-02-16,0.2567417750707735,0.2567417750707735,0.2225197594078765,0.2109832574644237,0.1843166978613714,-0.2972719241759429,0.4315875524467066,0.2116892766874594,0.1943267957404384,AMZN,Amazon,,,
2022-02-17,0.1498654986218151,0.1498654986218151,0.2694055566647588,0.2036973556517236,0.2573116636332794,0.1109963977157291,-1.0054356456802591,0.1984004469861501,0.1928766755540458,AMZN,Amazon,,,
2022-02-18,0.0862915951372053,0.0862915951372053,0.1193244440640097,0.0916268352391429,0.1752988382239027,0.0955710056103587,-0.6212333598345353,0.1722791089909321,0.1854927730171913,AMZN,Amazon,,,
2022-02-22,0.0117755110976203,0.0117755110976203,0.0414290519108399,0.0168249731748411,0.0197023398301672,0.1865375702691317,-0.7332329583201127,0.1337528806901826,0.1716705250830645,AMZN,Amazon,,,
2022-02-23,-0.1546917813298554,-0.1546917813298554,0.0036883627716042,-0.1023143132468075,0.0560215555521903,0.1186370124968939,-1.6323968658841332,0.0625573338173046,0.1432221344544807,AMZN,Amazon,,,
2022-02-24,0.0477473088978643,0.0477473088978643,0.003254860280021,-0.2623576233928275,-0.3100536120088536,1.4356339244465306,2.002039289773074,0.0606023151827614,0.1366747554029599,AMZN,Amazon,,,
2022-02-25,0.1230844703285639,0.1230844703285639,0.0726091200091551,0.0394440762125767,0.0219181486635362,0.0520339176120237,0.6967545431731903,0.0782799193555488,0.1379105412140978,AMZN,Amazon,,,
2022-02-28,0.1160949071454464,0.1160949071454464,0.0868448129408177,0.0902908337224726,0.080022841246629,-0.1177895580900913,-0.0909931675015965,0.0897620099604101,0.1383671058527562,AMZN,Amazon,,,
2022-03-01,0.0410519335818397,0.0410519335818397,0.0759822227296111,0.0631663998071936,0.0895518595159527,-0.5794701021783965,-0.733774875610927,0.0793044656180066,0.1316222846115211,AMZN,Amazon,,,
2022-03-02,0.0692745770180156,0.0692745770180156,0.0419551104899506,0.025042947017979,0.0311837854731529,-0.4908101382082769,0.2457174818608714,0.0786329415784921,0.1281833625913758,AMZN,Amazon,,,
2022-03-03,-0.0594855875700459,-0.0594855875700459,0.0707211647135675,-0.0338041744357816,0.1143120810143942,0.1530197790121354,-1.2531506670871289,0.0454101521559371,0.1127720112464076,AMZN,Amazon,,,
2022-03-04,-0.1294602055327399,-0.1294602055327399,-0.1174099443597364,-0.1285374913483214,-0.0831663251875256,-0.000657491869405,-0.7112198781036676,0.0027118637366029,0.0920853856652779,AMZN,Amazon,,,
2022-03-07,-0.3832606189939341,-0.3832606189939341,-0.1717389510636056,-0.3270925386136314,-0.1363282414720257,0.9363990378960854,-2.5523041377568183,-0.093804880442435,0.049064163851259,AMZN,Amazon,,,
2022-03-08,-0.4278494726632549,-0.4278494726632549,-0.3387021051394073,-0.4465271866196967,-0.4077931949916441,1.1067991637703638,-0.4955245673877964,-0.1775228778889532,0.0056997219100602,AMZN,Amazon,,,
2022-03-09,-0.3266606706544772,-0.3266606706544772,-0.3526129073148507,-0.3453774593002671,-0.3205122675309308,0.782217198113902,1.053820489398557,-0.2145983673205704,-0.0240680341247915,AMZN,Amazon,,,
2022-03-10,-0.0929927342844037,-0.0929927342844037,-0.0918937421481843,-0.1232247755939541,-0.1288443305873202,2.6709627557635285,2.407952856285964,-0.1830278047993099,-0.0288352796213928,AMZN,Amazon,,,
2022-03-11,-0.1330713379527631,-0.1330713379527631,-0.0609304252956606,-0.0800057428540042,-0.0083120849101105,0.2864422125964371,-0.4209671645082047,-0.1695342260617313,-0.0369930547064451,AMZN,Amazon,,,
2022-03-14,-0.2468756913746749,-0.2468756913746749,-0.1297893210665477,-0.2193562005521507,-0.1196713737886596,0.4733489496488923,-1.159197909536274,-0.1883327787286798,-0.0552673325725322,AMZN,Amazon,,,
2022-03-15,-0.0759757161652139,-0.0759757161652139,-0.1132321703477143,-0.1846817935520689,-0.2166983609729254,0.5273378220176886,1.7221009178521438,-0.1590044319690594,-0.0555746777321826,AMZN,Amazon,,,
2022-03-16,0.1018674710843177,0.1018674710843177,0.0466126650373197,-0.0183467601527732,-0.041609743132085,0.8651827416339081,1.7250602608726862,-0.0918165763680952,-0.0388859930773534,AMZN,Amazon,,,
2022-03-17,0.2300383139964986,0.2300383139964986,0.1811892163023933,0.1303713533182219,0.0867010034646549,0.431830137253129,1.1889709137513709,-0.0088562903522581,-0.0114856303894535,AMZN,Amazon,,,
2022-03-18,0.3543814038405397,0.3543814038405397,0.3079353336726607,0.2506446765134247,0.2160033316071855,1.51405834786075,1.1217407935717998,0.0849606510865455,0.0252874139742716,AMZN,Amazon,,,
2022-03-21,0.3618515054046321,0.3618515054046321,0.3540476264837769,0.3606955494948431,0.3495046316746663,0.2013142309308183,0.0421014335570404,0.1572215789287803,0.0594301796711318,AMZN,Amazon,,,
2022-03-22,0.4671627213194901,0.4671627213194901,0.4494597304264741,0.4273728345573073,0.3707165327536454,0.1129425920467805,0.9206322009774964,0.2381778268908165,0.1005168426421458,AMZN,Amazon,,,
2022-03-23,0.4212566438401149,0.4212566438401149,0.455741738754939,0.4580700532240509,0.4295806339979399,-0.1852576282332066,-0.4288324056139374,0.2872298548208195,0.1334884372934065,AMZN,Amazon,,,
2022-03-24,0.4287423534421721,0.4287423534421721,0.3860630604945221,0.3761377927173358,0.4309594855895113,-0.1497215613736384,0.0413529234019525,0.3259210636779773,0.16417682878442,AMZN,Amazon,,,
2022-03-25,0.463582332004549,0.463582332004549,0.4247477272815517,0.444492428158075,0.4387223822214826,-0.4296131386874384,0.2836619256515669,0.3637926304776024,0.1953994627378613,AMZN,Amazon,,,
2022-03-28,0.5942949202507448,0.5942949202507448,0.5382951576804144,0.5268286181510227,0.4689370115075704,-0.039581378490433,1.1253606684599675,0.425411580844383,0.2362550155412278,AMZN,Amazon,,,
2022-03-29,0.6043535912627466,0.6043535912627466,0.5938151156737963,0.6190610805566655,0.6365573227512642,0.1874746267988973,0.0612386425729421,0.4741817947741185,0.274356128989124,AMZN,Amazon,,,
2022-03-30,0.5109295516560015,0.5109295516560015,0.5356025310932605,0.5454710069510611,0.5784682344557303,-0.1724271619025714,-0.825280719771914,0.4870195443701843,0.3000798800132936,AMZN,Amazon,,,
2022-03-31,0.4085323091320751,0.4085323091320751,0.459610205433642,0.4663506076918163,0.5144911283212912,-0.0355448272852894,-0.9180339349713326,0.4706277720240807,0.3136953465144173,AMZN,Amazon,,,
2022-04-01,0.4259679064512283,0.4259679064512283,0.4389371421694504,0.4466519338033671,0.4433554370548904,-0.1391976957316567,0.1300464862608206,0.4627644889894052,0.3277365806199089,AMZN,Amazon,,,
2022-04-04,0.5743331856355414,0.5743331856355414,0.5183955988619887,0.4741802972048786,0.4425960283936888,-0.3989785982912588,1.2904157144850108,0.4945680136979087,0.3546569292910105,AMZN,Amazon,,,
2022-04-05,0.4413110807414119,0.4413110807414119,0.5096065483463613,0.4760600864219111,0.5546683859279614,-0.2603663131574867,-1.171002354623354,0.4846185124630866,0.3664382815155925,AMZN,Amazon,,,
2022-04-06,0.2770601297049287,0.2770601297049287,0.3266897470204009,0.2892806266906878,0.3659132493286857,0.6524709093771418,-1.4770370317114068,0.4354187036959125,0.3614773530463573,AMZN,Amazon,,,
2022-04-07,0.24694702179163,0.24694702179163,0.2610495364157783,0.2040548237651265,0.2651828445637658,0.2589071668756358,-0.3001624840797305,0.390866828428935,0.3540943144517272,AMZN,Amazon,,,
2022-04-08,0.1439141064487762,0.1439141064487762,0.1771658598445625,0.195339523594456,0.2140509042335235,-0.5388162650408782,-0.9720740367118146,0.3312713071044334,0.3375520496843179,AMZN,Amazon,,,
2022-04-11,0.0404318688008769,0.0404318688008769,0.0771429516231965,0.0804879581510776,0.088947548015943,-0.3186079805459879,-0.9966720737119724,0.260278874291431,0.3126403456488016,AMZN,Amazon,,,
2022-04-12,0.030063874854665,0.030063874854665,0.1069299561592347,0.0757806625304178,0.1193016701756637,-0.2081073913051805,-0.1245768395745767,0.2043999467141207,0.2890041275472957,AMZN,Amazon,,,
2022-04-13,0.1774061180960167,0.1774061180960167,0.1355873986474876,0.0514529188020934,0.005447113859281,-0.2725480480444381,1.3920060219862034,0.1999317751390077,0.2815746386724279,AMZN,Amazon,,,
2022-04-14,0.0585494900820043,0.0585494900820043,0.1316263758812571,0.109616394341362,0.1719056149656322,-0.3371328673267365,-1.1332694160587165,0.16637808012669,0.2634803996476561,AMZN,Amazon,,,
2022-04-18,0.0919795425482333,0.0919795425482333,0.0741410177027235,0.071664090078591,0.0520859650869472,-0.5203634595316501,0.2944895457423599,0.1497076937883033,0.2502206660671314,AMZN,Amazon,,,
2022-04-19,0.2572067054137837,0.2572067054137837,0.2167945042793859,0.1120556164149137,0.0677663826548829,-0.2171896315167537,1.5432413760979111,0.1791906513126429,0.2539307522450268,AMZN,Amazon,,,
2022-04-20,0.1295783600635892,0.1295783600635892,0.1844074292437215,0.175842814449123,0.2404689630708023,-0.0476544809007203,-1.1956790180792278,0.1688713287790204,0.2451264865862977,AMZN,Amazon,,,
2022-04-21,-0.0471642240240048,-0.0471642240240048,0.1576535254739563,-0.0110143969672436,0.1509570953463599,0.108761878298596,-1.6894940571638966,0.1162199147705513,0.2202595283554487,AMZN,Amazon,,,
2022-04-22,-0.1694768500200878,-0.1694768500200878,-0.0627872137454482,-0.1319400757646247,-0.0493570354764974,0.4370199888025994,-1.221206934377114,0.0456505869440305,0.1859833063173182,AMZN,Amazon,,,
2022-04-25,-0.1160387117956086,-0.1160387117956086,-0.1678086229182388,-0.1751586344089334,-0.1803484095329832,0.0332207057451934,0.5117885386232428,0.0063027152786288,0.1599216585213872,AMZN,Amazon,,,
2022-04-26,-0.3231890646344418,-0.3231890646344418,-0.2100675602486159,-0.2800831112229439,-0.1562695752579485,0.5974728992070596,-2.0816709206872885,-0.0758470053091754,0.1164649537443652,AMZN,Amazon,,,
2022-04-27,-0.3611288941307848,-0.3611288941307848,-0.3000481329732415,-0.3778307282217114,-0.2990833249977228,0.3742372013083115,-0.4198074275808154,-0.1471001566434938,0.0733390042456463,AMZN,Amazon,,,
2022-04-28,-0.1618364789509254,-0.1618364789509254,-0.1765976734338662,-0.2375012630246565,-0.2375234648633225,2.031385633562821,2.066723483383374,-0.1498979778003945,0.0531481643377379,AMZN,Amazon,,,
2022-04-29,-0.7915326017650094,-0.7915326017650094,-0.646275900717156,-0.8177398067542508,-0.6195887714574871,7.630154236368585,-6.340586417858495,-0.3120079411316372,-0.0252867026082249,AMZN,Amazon,,,
2022-05-02,-0.7847598957154318,-0.7847598957154318,-0.8348405122820431,-0.918718385547237,-0.8503960444564994,3.165656522208187,0.0539480415021871,-0.4318694065047581,-0.0959449405222259,AMZN,Amazon,,,
2022-05-03,-0.7924005032700178,-0.7924005032700178,-0.7867942222440435,-0.7804555032498146,-0.7991865555456612,0.6552820789664383,-0.1140823845445807,-0.5237070544438371,-0.1609086956729077,AMZN,Amazon,,,
2022-05-04,-0.740481310922016,-0.740481310922016,-0.7936181086869875,-0.8936135990631202,-0.8132401079212782,1.7945986566182337,0.5808924629055716,-0.5793921443620946,-0.2150130240750828,AMZN,Amazon,,,
2022-05-05,-1.0356155926806123,-1.0356155926806123,-0.8710183729943785,-1.0213280903934887,-0.831833562262148,3.0072218874062986,-3.4239196021448293,-0.6961523071481429,-0.2923576565674393,AMZN,Amazon,,,
2022-05-06,-1.0862795203995714,-1.0862795203995714,-1.0086894142674525,-1.0831892748856575,-1.0843953399757116,2.2816518082817274,-0.6562636649636885,-0.7965966009442794,-0.3675048243605971,AMZN,Amazon,,,
2022-05-09,-1.271747707165724,-1.271747707165724,-1.1649909098424711,-1.242409080903055,-1.194019479363427,2.420912824859184,-2.368589497695408,-0.9190589995853476,-0.453516025032269,AMZN,Amazon,,,
2022-05-10,-1.2695779534032028,-1.2695779534032028,-1.2070024013061933,-1.2668304585205004,-1.19595630244953,1.603150799459992,0.0038424301627303,-1.01035444410633,-0.5315010085720022,AMZN,Amazon,,,
2022-05-11,-1.3776631433381563,-1.3776631433381563,-1.2839540519240364,-1.3520408533377253,-1.2934637125477315,1.7570443141560936,-1.4649960494856502,-1.1062914719821864,-0.6127088991847199,AMZN,Amazon,,,
2022-05-12,-1.3293550834101775,-1.3293550834101775,-1.2646270658409542,-1.4148959793414968,-1.459364242159551,2.5615433855955274,0.6397767353171512,-1.1659687189349257,-0.6819251630442866,AMZN,Amazon,,,
2022-05-13,-1.1395161730430512,-1.1395161730430512,-1.190244318876936,-1.2472870509545178,-1.2635436732964684,1.1796733292775108,2.549569882744123,-1.1624868346428323,-0.7267364332132776,AMZN,Amazon,,,
2022-05-16,-1.2090880563291708,-1.2090880563291708,-1.1652230083986943,-1.1679336336876625,-1.1386263863865982,0.4906484548137936,-0.9175212294749714,-1.1775542791772633,-0.7741118326494029,AMZN,Amazon,,,
2022-05-17,-1.0678055155849158,-1.0678055155849158,-1.1092848952241618,-1.139271233512597,-1.1332031871740698,0.558476931314511,1.8239416410575269,-1.1529536648111842,-0.8037005540941706,AMZN,Amazon,,,
2022-05-18,-1.3237134871421972,-1.3237134871421972,-1.2004880583090365,-1.295477213539409,-1.1900838888981833,1.709326512409574,-3.2419359511305283,-1.1995317818680176,-0.8550156732872454,AMZN,Amazon,,,
2022-05-19,-1.3173127726641125,-1.3173127726641125,-1.2877297264027447,-1.2972171445423113,-1.3499569077974651,0.9799361258944204,0.0615791835659643,-1.2328388890274613,-0.9010550869262868,AMZN,Amazon,,,
2022-05-20,-1.3088815943380696,-1.3088815943380696,-1.291938431148098,-1.333988950658699,-1.2480646928952026,1.3892856668588989,0.0888504991699105,-1.2556767791571055,-0.9421046772424788,AMZN,Amazon,,,
2022-05-23,-1.3099356098715378,-1.3099356098715378,-1.3253311091857525,-1.3669080185475413,-1.282385141238086,1.6883508623971313,-0.0392888119663196,-1.2730730318308954,-0.9795230506627862,AMZN,Amazon,,,
2022-05-24,-1.4170909391204711,-1.4170909391204711,-1.4311413701147409,-1.4504870502636795,-1.419853003917328,1.513049210059464,-1.46988895152994,-1.3133493796375972,-1.0237634864248035,AMZN,Amazon,,,
2022-05-25,-1.3341748928307733,-1.3341748928307733,-1.345261362625042,-1.3762289758997406,-1.4313034774137952,1.1593464107087517,1.1300265305845314,-1.3224869077413937,-1.0560710113813188,AMZN,Amazon,,,
2022-05-26,-1.2008120124410804,-1.2008120124410804,-1.2062907583270903,-1.2580530518208428,-1.2976007401796446,1.1550936156890468,1.7862592120681715,-1.2954513148539577,-1.0727172830668483,AMZN,Amazon,,,
2022-05-27,-1.074686768443975,-1.074686768443975,-1.1282560598176932,-1.0972796343875018,-1.124681118309497,1.1788083540192658,1.621604102745693,-1.2431250314402904,-1.0758165975503338,AMZN,Amazon,,,
2022-05-31,-0.9177507845336318,-0.9177507845336318,-0.917579279495042,-1.0026081869561283,-1.0400808183085288,3.0159437212602698,1.9514628619980483,-1.1640014367094005,-1.0636608314259586,AMZN,Amazon,,,
2022-06-01,-0.8720464291206796,-0.8720464291206796,-0.8190261713881116,-0.8488878903756971,-0.8548896064162742,2.3994326059460978,0.5263015934826759,-1.0930448420588623,-1.0482494641914026,AMZN,Amazon,,,
2022-06-02,-0.7534222662781723,-0.7534222662781723,-0.8056877058355433,-0.8668309881050867,-0.8726153677974274,1.4274887407647228,1.3886744459248357,-1.0096839012859151,-1.0229211517069932,AMZN,Amazon,,,
2022-06-03,-0.8514026705435019,-0.8514026705435019,-0.8431344349518917,-0.8357139577481341,-0.7946466535804079,1.3209526214575384,-1.157201135872554,-0.9720609208764946,-1.0092437624896176,AMZN,Amazon,,,
2022-06-06,-0.775770848274862,-0.775770848274862,-0.7010842157314358,-0.74985120732873,-0.7621079311624366,2.6784231673658923,0.871387581439609,-0.9246249413818312,-0.9895937099988182,AMZN,Amazon,,,
2022-06-07,-0.8312548218998402,-0.8312548218998402,-0.8524188494257661,-0.8486548723680886,-0.8625127737460128,0.8723440159594621,-0.669878068206761,-0.9031469466254752,-0.9770237739437786,AMZN,Amazon,,,
2022-06-08,-0.8876686562108388,-0.8876686562108388,-0.8632505089036406,-0.8449263471985163,-0.8439193194051434,0.1432383504668141,-0.6902251538175745,-0.901373726606609,-0.9709790257542896,AMZN,Amazon,,,
2022-06-09,-1.0435816041782209,-1.0435816041782209,-0.9390723613612316,-0.9894034381118912,-0.9251110282888814,0.2190390155976902,-1.8909717500183103,-0.9396627308864572,-0.9803595166063288,AMZN,Amazon,,,
2022-06-10,-1.2450596176439903,-1.2450596176439903,-1.1495170431276591,-1.2084491360341385,-1.128709861642894,0.9483645289684756,-2.5406913690685737,-1.0195769071396528,-1.0081103330931849,AMZN,Amazon,,,
2022-06-13,-1.4304194940860848,-1.4304194940860848,-1.3958609728939673,-1.431844898511462,-1.4147397625985842,1.381273833529404,-2.476638186118564,-1.1266141949703703,-1.051023607737051,AMZN,Amazon,,,
2022-06-14,-1.472574912745449,-1.472574912745449,-1.4472343237211276,-1.445205150725985,-1.4147397625985842,0.3163126915145001,-0.6147871340068526,-1.2176042418568436,-1.0940577408834598,AMZN,Amazon,,,
2022-06-15,-1.3064330242609956,-1.3064330242609956,-1.3178727885408013,-1.3799575010693124,-1.424966245236072,0.8670964993927753,2.3299452649026087,-1.243628589520073,-1.1173280163388375,AMZN,Amazon,,,
2022-06-16,-1.430729289991143,-1.430729289991143,-1.4565185020825338,-1.427184301311452,-1.406062833001418,0.7652889114973308,-1.6992464379214591,-1.2947316787548526,-1.1503419684383631,AMZN,Amazon,,,
2022-06-17,-1.3513780249784215,-1.3513780249784215,-1.382243894628943,-1.4116491353433005,-1.4578146891192292,1.3990923238492523,1.0850575326652934,-1.3128951067582968,-1.172783716358038,AMZN,Amazon,,,
2022-06-21,-1.2751263744142425,-1.2751263744142425,-1.2383371230711682,-1.3790254290388742,-1.2904733636228003,0.3585667328797717,1.0159831015105183,-1.307141429481819,-1.1859101050181329,AMZN,Amazon,,,
2022-06-22,-1.2667573917546349,-1.2667573917546349,-1.2228632563563564,-1.271522108985003,-1.3143349200150072,-0.0328742161754577,0.0865937884785233,-1.300699535777485,-1.197044697648593,AMZN,Amazon,,,
2022-06-23,-1.1585790265627405,-1.1585790265627405,-1.1959386432720946,-1.243247993140013,-1.2226070070285966,0.1222879288994033,1.4148702744088637,-1.2683789943212351,-1.1968457136658492,AMZN,Amazon,,,
2022-06-24,-1.033972728442112,-1.033972728442112,-1.0811225805816873,-1.1345018313629514,-1.1609386261670822,0.3213151317580174,1.582059236916887,-1.2124749776493935,-1.1847760825911928,AMZN,Amazon,,,
2022-06-27,-1.1344017027845157,-1.1344017027845157,-1.041818826903083,-1.0950426141048866,-1.0149796667697843,0.0425624385342402,-1.2756777702280468,-1.196066894574871,-1.1833856591564824,AMZN,Amazon,,,
2022-06-28,-1.3148020069206032,-1.3148020069206032,-1.1386853836497846,-1.2709005695994977,-1.1262306713498185,0.5042321704318172,-2.335810222727289,-1.22960221480557,-1.1993337027384825,AMZN,Amazon,,,
2022-06-29,-1.2676872524406553,-1.2676872524406553,-1.2581436535771298,-1.2749396274140017,-1.31588447305533,0.195450419492632,0.6111092130536632,-1.2427814109540585,-1.2093366866819515,AMZN,Amazon,,,
2022-06-30,-1.3516880573689027,-1.3516880573689027,-1.345106708958382,-1.4113386026983683,-1.2932622753810616,1.3236700853938586,-1.143516410389638,-1.2740111879999985,-1.2264448587115522,AMZN,Amazon,,,
2022-07-01,-1.247849436187475,-1.247849436187475,-1.2965187769183717,-1.3078743404590012,-1.3496625541912397,0.4349728806914194,1.3927618885814887,-1.27104716861922,-1.232090458160224,AMZN,Amazon,,,
2022-07-05,-1.125722687734427,-1.125722687734427,-1.1625150345011093,-1.2932712465212872,-1.3090668179636706,0.5633676455871717,1.5914848811582023,-1.2377906199629676,-1.2255706595720894,AMZN,Amazon,,,
2022-07-06,-1.0999954384892197,-1.0999954384892197,-1.119188160477142,-1.1164809819484178,-1.135217558840769,0.2164837345222912,0.3036429795422913,-1.206310676952128,-1.2171889228466932,AMZN,Amazon,,,
2022-07-07,-1.0380022035766752,-1.0380022035766752,-1.072457252999388,-1.0704970234294693,-1.1153845093533612,-0.1110031063764435,0.7612737576004209,-1.1669476664499028,-1.2036543629471017,AMZN,Amazon,,,
2022-07-08,-1.0624895597453807,-1.0624895597453807,-1.0851457009270502,-1.0642828148135162,-1.092142632320124,-0.5489905365159858,-0.3303522966408544,-1.1436478718158276,-1.193686565991272,AMZN,Amazon,,,
2022-07-11,-1.1799667682829034,-1.1799667682829034,-1.1557064953685972,-1.1519011413919782,-1.1082568963679185,-0.2690304819942414,-1.499620030538395,-1.156025068949006,-1.1958334796627104,AMZN,Amazon,,,
2022-07-12,-1.258388172609605,-1.258388172609605,-1.1888205606937954,-1.2305092803109956,-1.1677560448301412,-0.240461070027122,-1.0427866756047377,-1.18523556953777,-1.205267436792689,AMZN,Amazon,,,
2022-07-13,-1.2218121545517864,-1.2218121545517864,-1.2336949158342303,-1.3029029735662383,-1.326730635051787,0.0144723670227316,0.4605746408760151,-1.197849141161602,-1.210354029002096,AMZN,Amazon,,,
2022-07-14,-1.2146830649686815,-1.2146830649686815,-1.252263508669511,-1.2541225619081555,-1.2272554297209644,-0.3528069398188523,0.0685665827418301,-1.2054977524085564,-1.2142980144606788,AMZN,Amazon,,,
2022-07-15,-1.1241727622674442,-1.1241727622674442,-1.1157841270233542,-1.1295307015180094,-1.157219840727468,0.8421095266202209,1.1613969613895283,-1.1882347074366155,-1.2092478317480493,AMZN,Amazon,,,
2022-07-18,-1.117663500979877,-1.117663500979877,-1.064720319641982,-1.081060822504858,-1.0797469172833445,-0.066200992062925,0.0580524347860285,-1.1736333603282054,-1.2040357053421151,AMZN,Amazon,,,
2022-07-19,-0.9797286478936352,-0.9797286478936352,-1.011799723810821,-1.0537190157381264,-1.0580545932904288,0.0013607837331668,1.733324640344725,-1.1276318305660389,-1.186136989325403,AMZN,Amazon,,,
2022-07-20,-0.8383841479683692,-0.8383841479683692,-0.871606293040153,-0.9204272632856464,-0.9675660390219568,0.3717972502673453,1.7089599141106724,-1.057213741077678,-1.1563796942629023,AMZN,Amazon,,,
2022-07-21,-0.7807304205808694,-0.7807304205808694,-0.8292080493535483,-0.8290804115376114,-0.8256358229580575,-0.0256732971505675,0.6559541328733062,-0.9897498296369482,-1.1238268427440643,AMZN,Amazon,,,
2022-07-22,-0.8492329167809793,-0.8492329167809793,-0.8090919754017993,-0.8262841954462984,-0.7695452656130642,-0.3419695206457568,-0.8221923763851673,-0.9565590126799508,-1.1007691918160776,AMZN,Amazon,,,
2022-07-25,-0.8889085492873405,-0.8889085492873405,-0.8666547784698967,-0.8672970241203061,-0.8411304076468822,-0.3867500105778192,-0.4950908402383385,-0.9417478444235232,-1.0835931588760357,AMZN,Amazon,,,
2022-07-26,-1.0851171945420457,-1.0851171945420457,-1.036557768887039,-1.038183849769975,-1.0552654451035692,0.2206716563976277,-2.373986346500867,-0.9804978961711136,-1.086698928486203,AMZN,Amazon,,,
2022-07-27,-0.8941779174984051,-0.8941779174984051,-0.9205037685259508,-0.9564687250668916,-1.0081620116781251,0.0226968401032118,2.386768786822468,-0.9610410021452924,-1.0713047629145829,AMZN,Amazon,,,
2022-07-28,-0.8535724243060241,-0.8535724243060241,-0.8914130596585829,-0.92788407657697,-0.8761480839293309,0.7674225171343353,0.4617086071254393,-0.936130100980845,-1.0534358806583055,AMZN,Amazon,,,
2022-07-29,-0.4608453378915558,-0.4608453378915558,-0.4330772031218466,-0.4826461630382647,-0.4630626358109981,3.1694371848994334,4.632604712581129,-0.8176513472285192,-0.9997211944723764,AMZN,Amazon,,,
2022-08-01,-0.4472067505354604,-0.4472067505354604,-0.3965586321179238,-0.4484690823657156,-0.4612028884482922,0.5728535409192593,0.1214836577541803,-0.7253265909707722,-0.9495883985230322,AMZN,Amazon,,,
2022-08-02,-0.485332457574838,-0.485332457574838,-0.4395759626961033,-0.4304482329511828,-0.4686404593275197,0.0349650725159877,-0.4334632688718741,-0.6657711178704281,-0.9076507183754862,AMZN,Amazon,,,
2022-08-03,-0.3191905690903847,-0.3191905690903847,-0.3451852812907639,-0.369550173753946,-0.4224664267262303,0.3919619859751834,1.7708544696565915,-0.5788863255435452,-0.8536738908363595,AMZN,Amazon,,,
2022-08-04,-0.2246507912545847,-0.2246507912545847,-0.2501759852187862,-0.2608040119768841,-0.2870439078602055,0.3471706838523929,0.9576001004084788,-0.4896993010638865,-0.7955839697524902,AMZN,Amazon,,,
2022-08-05,-0.2795149365840239,-0.2795149365840239,-0.2718393041745355,-0.2592504005609407,-0.3019185767614616,-0.3699694905678649,-0.5831601593354538,-0.4367505184773184,-0.7480095605482339,AMZN,Amazon,,,
2022-08-08,-0.3226002159294085,-0.3226002159294085,-0.2294410604879307,-0.2999529336378366,-0.2414897910464847,-0.3143912261620432,-0.4688548908132535,-0.4079872987345881,-0.7088708813021193,AMZN,Amazon,,,
2022-08-09,-0.3715749282668204,-0.3715749282668204,-0.3928450552183486,-0.3645788068611836,-0.3654464685570829,-0.7394652965087019,-0.5345448408582386,-0.3988598104127266,-0.6779629606205225,AMZN,Amazon,,,
2022-08-10,-0.2209313485105032,-0.2209313485105032,-0.2179900780060133,-0.2154415928434401,-0.2151492807898019,-0.2226750162794578,1.5599636097163878,-0.3537342699807292,-0.635491886951384,AMZN,Amazon,,,
2022-08-11,-0.2844745088900309,-0.2844745088900309,-0.2213943475722693,-0.2542795077638193,-0.1853994701300909,-0.5797115744379898,-0.6708996022885659,-0.3360370182691803,-0.6029444982258517,AMZN,Amazon,,,
2022-08-12,-0.1942742385792751,-0.1942742385792751,-0.2498662056605307,-0.2430941693029245,-0.2414897910464847,-0.4796555614404916,0.905027198974506,-0.2998433581706588,-0.5647499192960971,AMZN,Amazon,,,
2022-08-15,-0.2057433086582721,-0.2057433086582721,-0.2439865329778487,-0.2005274921651528,-0.2182479140132476,-0.7906466033517777,-0.1409487120611312,-0.2756125096735808,-0.5311218433598367,AMZN,Amazon,,,
2022-08-16,-0.1561485315398975,-0.1561485315398975,-0.1570230053716598,-0.1846817935520689,-0.1838499170897687,-0.0666515000099277,0.4772475001776763,-0.2448368826309926,-0.4958190077933169,AMZN,Amazon,,,
2022-08-17,-0.2392192392967004,-0.2392192392967004,-0.255746350568149,-0.2225876364420103,-0.221656741559077,-0.4614081875550966,-0.8571790832914092,-0.2428641960067344,-0.4716513302358098,AMZN,Amazon,,,
2022-08-18,-0.2330200103996155,-0.2330200103996155,-0.2746244868492169,-0.2350155795782753,-0.2641117522921533,-0.8467222285310902,0.0381854696177893,-0.2398093997513833,-0.4490892433756928,AMZN,Amazon,,,
2022-08-19,-0.3591764704726505,-0.3591764704726505,-0.3259978376763768,-0.311759337388596,-0.2904527354060349,-0.474274694521492,-1.3107809765666891,-0.2695758236010071,-0.440614893435368,AMZN,Amazon,,,
2022-08-22,-0.5144693536590695,-0.5144693536590695,-0.4742372730253021,-0.4689751411309886,-0.4376512899498701,-0.3780930498682165,-1.654317983675988,-0.33136199659763,-0.4477274947952356,AMZN,Amazon,,,
2022-08-23,-0.5020708958648996,-0.5020708958648996,-0.5153978151536939,-0.465868392394743,-0.5092361955550887,-0.8902088596393611,0.1098869975568311,-0.374551063770782,-0.4530105542339848,AMZN,Amazon,,,
2022-08-24,-0.49649125877793,-0.49649125877793,-0.5005430353304567,-0.4922778900832162,-0.5296891608300651,-0.8046159537724356,0.0354759943364042,-0.405525026861823,-0.4572809801446313,AMZN,Amazon,,,
2022-08-25,-0.3886231624619397,-0.3886231624619397,-0.4401950495876779,-0.4245447940279825,-0.4519065159207563,-0.8453671006265063,1.1440722657331508,-0.4013452201875306,-0.450871447475476,AMZN,Amazon,,,
2022-08-26,-0.5910310366137299,-0.5910310366137299,-0.4275063655475475,-0.5419906108195581,-0.4119302226235571,-0.2749735828311003,-2.163314326037609,-0.4496440744088805,-0.4643564155033776,AMZN,Amazon,,,
2022-08-29,-0.6207879974789242,-0.6207879974789242,-0.6094791892257141,-0.5957421523225835,-0.6180084826992458,-0.4631453461987388,-0.3551331832771512,-0.4934297335140121,-0.4794546008377807,AMZN,Amazon,,,
2022-08-30,-0.6536443363072373,-0.6536443363072373,-0.6057651401012025,-0.6553973697966297,-0.5761729148965394,-0.4234501899724422,-0.3922056956122103,-0.5346180768324299,-0.4963150602461169,AMZN,Amazon,,,
2022-08-31,-0.7143976781432801,-0.7143976781432801,-0.6515681255789997,-0.6588151252734491,-0.6319535143477484,-0.2632243355732714,-0.7095057017184118,-0.5809473192892818,-0.5174392511650889,AMZN,Amazon,,,
2022-09-01,-0.6818511352200247,-0.6818511352200247,-0.7311035549361655,-0.7545115674809195,-0.7388660541291995,-0.1555565403032166,0.3472441622093374,-0.6074238741415191,-0.5335377824650864,AMZN,Amazon,,,
2022-09-02,-0.6914600109561331,-0.6914600109561331,-0.6271191517236326,-0.6696896940415907,-0.6304039613074262,-0.126951087700337,-0.1341023009628222,-0.6297229943037305,-0.5490895975816376,AMZN,Amazon,,,
2022-09-06,-0.7348553226919995,-0.7348553226919995,-0.7125351982133532,-0.720955789146056,-0.6793669056669758,-0.6149845446565085,-0.5186342192233517,-0.6574744837148809,-0.5673679753046879,AMZN,Amazon,,,
2022-09-07,-0.630396873215033,-0.630396873215033,-0.6753975403178557,-0.7004492562851414,-0.7351472686895852,-0.4704003261772693,1.1761557503247138,-0.6517442445165468,-0.574018260046434,AMZN,Amazon,,,
2022-09-08,-0.6198576638220564,-0.6198576638220564,-0.6611618473861932,-0.6476297868125538,-0.6855646449710664,-0.6113840851440634,0.0929612841604029,-0.6447684547247438,-0.5790584232811813,AMZN,Amazon,,,
2022-09-09,-0.5129194281920865,-0.5129194281920865,-0.5556299630571919,-0.5339124951905501,-0.5867091189992125,-0.4167970886111072,1.169528452426961,-0.6123626195720783,-0.5734373701942488,AMZN,Amazon,,,
2022-09-12,-0.4143504117071473,-0.4143504117071473,-0.4689762150092584,-0.4332444490424962,-0.4878535930273587,-0.2568018942808018,1.0475307357870498,-0.5630109462388729,-0.5589228128022192,AMZN,Amazon,,,
2022-09-13,-0.712847752676297,-0.712847752676297,-0.6265005370569944,-0.6734182192111626,-0.5836104857757669,0.4231803846706783,-3.197582582448027,-0.6018481209757596,-0.5742075108461842,AMZN,Amazon,,,
2022-09-14,-0.6592235004233595,-0.6592235004233595,-0.7057266590808411,-0.6715538381024668,-0.6967207648613082,-0.5635113086637749,0.5881270149730236,-0.6173495845313051,-0.5829863796156363,AMZN,Amazon,,,
2022-09-15,-0.7295859544809349,-0.7295859544809349,-0.6583766647115118,-0.6973422705010751,-0.6961010855023393,-0.2906692797046722,-0.8188681862546823,-0.6468554312821655,-0.5976804791789807,AMZN,Amazon,,,
2022-09-16,-0.8148266524856836,-0.8148266524856836,-0.8595366958915969,-0.8464799586144593,-0.8386512173538069,1.971983457702841,-1.004001792915916,-0.690645264555941,-0.6191716004644873,AMZN,Amazon,,,
2022-09-19,-0.7798003234094248,-0.7798003234094248,-0.8335407131446981,-0.81230240384627,-0.8578643510536459,-0.4927671447300564,0.3861219908723126,-0.7145871259687563,-0.6353671074402045,AMZN,Amazon,,,
2022-09-20,-0.8563620063640857,-0.8563620063640857,-0.8431344349518917,-0.8328089367071837,-0.8209874002656906,-0.4776769305372559,-0.9157564702599942,-0.7519985523997257,-0.6573950762716281,AMZN,Amazon,,,
2022-09-21,-0.9694997073765638,-0.9694997073765638,-0.8629409654578529,-0.916388205471142,-0.8476381048447575,-0.0884200440090952,-1.3678667295280067,-0.8088064564120515,-0.6882150156079041,AMZN,Amazon,,,
2022-09-22,-1.0076256509013646,-1.0076256509013646,-1.0167512383810775,-0.9844320712191283,-1.0152893882349698,-0.2062621107542577,-0.4915160084705575,-0.861100538607392,-0.7198707537377248,AMZN,Amazon,,,
2022-09-23,-1.1170436726843385,-1.1170436726843385,-1.101547961866756,-1.1149276075802952,-1.0487577479056946,0.1504500816824323,-1.377741700384496,-0.9281252296148232,-0.7590883145408494,AMZN,Amazon,,,
2022-09-26,-1.074578221634493,-1.074578221634493,-1.0616255935215129,-1.0816823618903642,-1.132428410653909,0.0638300176963408,0.5161766804078952,-0.9676028847646664,-0.7906889969414536,AMZN,Amazon,,,
2022-09-27,-1.0975156523362155,-1.0975156523362155,-1.0312967108709958,-1.0841678082889248,-1.0115708392239546,-0.0309063974629502,-0.3139604748914356,-1.003039739001287,-0.8216053594340756,AMZN,Amazon,,,
2022-09-28,-0.9859278767907198,-0.9859278767907198,-1.019536657168227,-1.0608650593366973,-1.0989602874117832,-0.1869947868768488,1.3893677682774563,-1.0012618958580075,-0.839064509398659,AMZN,Amazon,,,
2022-09-29,-1.085426990447104,-1.085426990447104,-1.100929111087649,-1.0838572756439917,-1.0611534629424744,-0.0714521126931878,-1.2478247653465544,-1.025212156746145,-0.8644297139847619,AMZN,Amazon,,,
2022-09-30,-1.141220996462563,-1.141220996462563,-1.074623584894962,-1.09069278659763,-1.1082568963679185,-0.0530749925190561,-0.7299053357188722,-1.057352624369185,-0.8928123192226134,AMZN,Amazon,,,
2022-10-03,-1.051950823323252,-1.051950823323252,-1.0749328922282817,-1.1028101970889623,-1.1237514810567433,-0.360779128449011,1.1205967648779216,-1.058773600048495,-0.9100973848375986,AMZN,Amazon,,,
2022-10-04,-0.8904584747543236,-0.8904584747543236,-0.8864613089758584,-0.8747538374116292,-0.928209897940926,0.0670484464697276,1.99597403411126,-1.0188026353182849,-0.9104030315382344,AMZN,Amazon,,,
2022-10-05,-0.8947979822793675,-0.8947979822793675,-0.925145975762888,-0.9400014870683028,-0.9688056341684956,-0.4589682365141304,-0.077053406498735,-0.9899271206902642,-0.9110949263169328,AMZN,Amazon,,,
2022-10-06,-0.9149455944376064,-0.9149455944376064,-0.9319545148954,-0.8837642621188956,-0.9009395140028902,-0.6739037759973017,-0.2666570024149792,-0.9733901789490762,-0.9136462132728056,AMZN,Amazon,,,
2022-10-07,-1.0928663489061134,-1.0928663489061134,-1.0359389181079324,-1.0583796129381366,-0.9867794091503956,-0.2261277091852861,-2.1699260842369523,-1.0061987787207904,-0.9329410551155568,AMZN,Amazon,,,
2022-10-10,-1.120453319523362,-1.120453319523362,-1.095358509625818,-1.103431499426648,-1.0766480476312992,-0.6708078853854996,-0.3743071047168328,-1.037815332435749,-0.9531139042839588,AMZN,Amazon,,,
2022-10-11,-1.165708352631269,-1.165708352631269,-1.119188160477142,-1.1668150050224453,-1.1507121435295935,-0.1629052259347236,-0.6024538715596004,-1.073027469378981,-0.9757706588111372,AMZN,Amazon,,,
2022-10-12,-1.1443206109111057,-1.1443206109111057,-1.1702519678585153,-1.1354339033933891,-1.157529798621253,-0.5486661707941439,0.2513374905227804,-1.0940017494873913,-0.994327095423236,AMZN,Amazon,,,
2022-10-13,-1.1557894445046788,-1.1557894445046788,-1.182321565007071,-1.323409506427153,-1.300389888366505,0.9340239599994876,-0.1724011580993487,-1.1126467960523825,-1.012290829234585,AMZN,Amazon,,,
2022-10-14,-1.3303003156487394,-1.3303003156487394,-1.1352811140835286,-1.2845715915067737,-1.1076372170089488,0.2445377653980396,-2.2740792757732256,-1.1709754042247276,-1.0452716480740654,AMZN,Amazon,,,
2022-10-17,-1.1167336402938572,-1.1167336402938572,-1.159110764934853,-1.1761361994224646,-1.2312839366257624,0.0659456030154652,2.8721991190054466,-1.160452596735529,-1.05487772907818,AMZN,Amazon,,,
2022-10-18,-1.0370723428906543,-1.0370723428906543,-0.9941595252004346,-1.0301054970931462,-0.9539309652672384,0.1677748152923658,0.9901802047979976,-1.132317820103693,-1.056010013869958,AMZN,Amazon,,,
2022-10-19,-1.0770580077874965,-1.0770580077874965,-1.0848363935937306,-1.0788859087512297,-1.0887338047742945,-0.4957080606080896,-0.5234327994102717,-1.121377464183433,-1.0608544118981356,AMZN,Amazon,,,
2022-10-20,-1.0714786071859506,-1.0714786071859506,-1.0337725862123583,-1.0698754840439628,-1.1160041887123309,-0.4381511652990323,0.0452352883246581,-1.111754420047544,-1.064726077271431,AMZN,Amazon,,,
2022-10-21,-0.9453223835983392,-0.9453223835983392,-0.9919931933048596,-1.039115921800413,-1.0862546144812188,-0.1907177845508786,1.562377463347912,-1.0724796759976196,-1.0562091575141768,AMZN,Amazon,,,
2022-10-24,-0.929824074870203,-0.929824074870203,-0.9672349121161736,-0.9748003441741774,-0.925420749754066,-0.4116108411252129,0.1632857612745307,-1.0390853546491516,-1.0469878033793645,AMZN,Amazon,,,
2022-10-25,-0.9056467510919785,-0.9056467510919785,-0.9384535105821248,-0.9008530395029902,-0.935647232391554,-0.3610422250900605,0.2675448525934036,-1.007895932487505,-1.0362979860723516,AMZN,Amazon,,,
2022-10-26,-1.0587698805158754,-1.0587698805158754,-0.9994205832164784,-1.0310375691235836,-1.0487577479056946,0.2829210424826645,-1.866397623501628,-1.0234138665158568,-1.0411895091188956,AMZN,Amazon,,,
2022-10-27,-1.2044541244516094,-1.2044541244516094,-1.1612770968304271,-1.1860786961601688,-1.113215276954069,2.4743034226743603,-1.851768950482741,-1.0720720282166212,-1.05953614000435,AMZN,Amazon,,,
2022-10-28,-1.438478444355211,-1.438478444355211,-1.4757061818093886,-1.5623401978248082,-1.609351708461647,5.84511200405539,-3.083728733035837,-1.168033389432776,-1.0985432489483913,AMZN,Amazon,,,
2022-10-31,-1.4685452011254634,-1.4685452011254634,-1.4475436310544458,-1.4666437556173375,-1.4342630906208065,1.3803259648089103,-0.4467382431546317,-1.247644650783179,-1.1368729383209142,AMZN,Amazon,,,
2022-11-01,-1.6436761370504862,-1.6436761370504862,-1.4565185020825338,-1.6120529185611496,-1.4209377383312738,3.3307947152614745,-2.504376122954342,-1.3518554842291752,-1.1884274228437837,AMZN,Amazon,,,
2022-11-02,-1.7884302838147756,-1.7884302838147756,-1.668201121519643,-1.737887620674486,-1.627635441337332,2.6961839926685243,-2.193960755085774,-1.4667969742162836,-1.2491061868569604,AMZN,Amazon,,,
2022-11-03,-1.875840735582047,-1.875840735582047,-1.7994194451497556,-1.8307880838384645,-1.7779328655332125,2.729395438521559,-1.401163456808739,-1.5752148943770636,-1.312608565622284,AMZN,Amazon,,,
2022-11-04,-1.8237664087960923,-1.8237664087960923,-1.832223967029168,-1.8612368763892624,-1.808302355551893,2.4561353381876376,0.8206001441782549,-1.643295767368884,-1.3653695685992413,AMZN,Amazon,,,
2022-11-07,-1.837715028542669,-1.837715028542669,-1.8427463191737223,-1.830166544452959,-1.7940473660096052,0.5962367054004843,-0.2474229780938367,-1.6979008951485477,-1.414664960127045,AMZN,Amazon,,,
2022-11-08,-1.8547630262523649,-1.8547630262523649,-1.8545063728764908,-1.8553334374660624,-1.829994679544808,1.000169338810203,-0.2981779117180536,-1.7431867945695432,-1.4611055086781863,AMZN,Amazon,,,
2022-11-09,-1.9737901602568708,-1.9737901602568708,-1.9238292296473567,-1.928659439799564,-1.870900373666161,1.0755951813291729,-1.943462355419196,-1.80739711261238,-1.5146806154531414,AMZN,Amazon,,,
2022-11-10,-1.6486357093564934,-1.6486357093564934,-1.6388006330940197,-1.7490729591353813,-1.7633679180971416,4.053225655011332,5.449105621439747,-1.7729301037053051,-1.532362142278976,AMZN,Amazon,,,
2022-11-11,-1.519689667225397,-1.519689667225397,-1.5614312995199606,-1.5934105297611116,-1.6102815821430003,1.825034973517732,1.910140623484461,-1.7143134674325804,-1.5361334643253772,AMZN,Amazon,,,
2022-11-14,-1.5909819819689932,-1.5909819819689932,-1.5945453648451582,-1.5738363059784557,-1.5827012403111798,1.3904786119025618,-1.0508755266480156,-1.6884670254959973,-1.5463639670644438,AMZN,Amazon,,,
2022-11-15,-1.5770333622224164,-1.5770333622224164,-1.4809672398254323,-1.572282931610333,-1.4451092526172642,1.8158734439074864,0.1803057613993532,-1.6655377210077609,-1.554333580733026,AMZN,Amazon,,,
2022-11-16,-1.633447196533414,-1.633447196533414,-1.6449903214474253,-1.628209386866987,-1.6422003887734031,0.9733334814231498,-0.8519731781936604,-1.662676018689985,-1.5669611504741017,AMZN,Amazon,,,
2022-11-17,-1.70380965059099,-1.70380965059099,-1.6920307723709669,-1.6751256544641946,-1.6880642270523083,0.780844049891438,-1.0757535740965751,-1.6784094910358534,-1.585154069102559,AMZN,Amazon,,,
2022-11-18,-1.7258172206066924,-1.7258172206066924,-1.7223596550214844,-1.723284526736773,-1.670090688499007,0.4136007836856142,-0.3615696967288851,-1.6958019219857323,-1.60379283706019,AMZN,Amazon,,,
2022-11-21,-1.7778915473926469,-1.7778915473926469,-1.7523789942262138,-1.782007672180381,-1.731449111466738,0.8425600345672235,-0.827284710000122,-1.7220788123269073,-1.6257056038313722,AMZN,Amazon,,,
2022-11-22,-1.7549541166909235,-1.7549541166909235,-1.8040616523866928,-1.7733077801180464,-1.7732844428408443,0.0446816279169406,0.3346889267034883,-1.7359578672085492,-1.6434378314949178,AMZN,Amazon,,,
2022-11-23,-1.7261272529971745,-1.7261272529971745,-1.7659958363787702,-1.712409957968631,-1.7540713091410065,-0.0554140297798938,0.4234739319214015,-1.7390419862075517,-1.6568076559125866,AMZN,Amazon,,,
2022-11-25,-1.748444618917934,-1.748444618917934,-1.770638043615707,-1.7049531446773074,-1.7370271714118588,-0.9321421393463668,-0.368916397723924,-1.7470261241464486,-1.6710913505202192,AMZN,Amazon,,,
2022-11-28,-1.7317066535987191,-1.7317066535987191,-1.7096709709813536,-1.6937678062164123,-1.732688706613276,0.5042393785589693,0.2347810879871618,-1.7487609561066697,-1.682479551497,AMZN,Amazon,,,
2022-11-29,-1.779131440469148,-1.779131440469148,-1.7712568943948137,-1.755597700396267,-1.7292798790674464,0.1663295857983814,-0.7571362286354184,-1.7621131561936672,-1.6973572792844915,AMZN,Amazon,,,
2022-11-30,-1.6514252914145542,-1.6514252914145542,-1.7053383071902035,-1.752801484304953,-1.7779328655332125,1.508428800555005,1.978839636239694,-1.7396759949425538,-1.6986979918065992,AMZN,Amazon,,,
2022-12-01,-1.6836618019473282,-1.6836618019473282,-1.6839842955677735,-1.6474730780047098,-1.6378619239748204,0.2715934706632301,-0.5093382905124966,-1.7310397189023223,-1.7029925196846043,AMZN,Amazon,,,
2022-12-02,-1.7261272529971745,-1.7261272529971745,-1.741856642081658,-1.6828932374482706,-1.7156445688841289,0.4160587550444606,-0.6699442907060185,-1.7353533749778811,-1.710948281539575,AMZN,Amazon,,,
2022-12-05,-1.822836548110072,-1.822836548110072,-1.782088789985156,-1.77486139153399,-1.759959090551312,0.3814273081424736,-1.5150429942738843,-1.763163341635736,-1.7274078646910105,AMZN,Amazon,,,
2022-12-06,-1.9083872785053024,-1.9083872785053024,-1.8755508410531336,-1.86558670389652,-1.8389815670357577,0.5244401549025677,-1.38831256950029,-1.8057600469320545,-1.750533551370489,AMZN,Amazon,,,
2022-12-07,-1.901878017217736,-1.901878017217736,-1.9111407817196944,-1.8786361864182897,-1.9059182863772084,0.2571375716598094,0.0818857923999815,-1.8360535125248387,-1.7709358516846527,AMZN,Amazon,,,
2022-12-08,-1.843294429144216,-1.843294429144216,-1.8811214425149647,-1.8662082432820248,-1.878027986651604,0.4452336496923515,0.935344177889508,-1.8438869812112069,-1.7838939139479228,AMZN,Amazon,,,
2022-12-09,-1.882350233355037,-1.882350233355037,-1.8984520976795645,-1.842905494329797,-1.8885641907542767,0.23232719800248,-0.6519730094314293,-1.85968652309584,-1.7994003003898706,AMZN,Amazon,,,
2022-12-12,-1.8370949637617071,-1.8370949637617071,-1.8897867700972648,-1.866518775926957,-1.8789576239043573,0.037754617723828,0.711591773723668,-1.860036397759172,-1.8091791920362044,AMZN,Amazon,,,
2022-12-13,-1.776961686706627,-1.776961686706627,-1.7143131782182908,-1.7841825859340097,-1.6924026918508916,1.414946599520169,0.9379957609253396,-1.8450183829732256,-1.8123317536128905,AMZN,Amazon,,,
2022-12-14,-1.8051684856194143,-1.8051684856194143,-1.8006573828204369,-1.80437811205435,-1.7770032282804586,0.3368270213892124,-0.4673581818865568,-1.8409224798614023,-1.817888940604021,AMZN,Amazon,,,
2022-12-15,-1.9021880496082173,-1.9021880496082173,-1.908664906378332,-1.8789469561110423,-1.857884979270412,0.8595928390274994,-1.5614434473007284,-1.8625041193141456,-1.8321976040290244,AMZN,Amazon,,,
2022-12-16,-1.9204759403944147,-1.9204759403944147,-1.927852586105188,-1.9019389353705167,-1.9080875187765,3.070368685321765,-0.3249293223971177,-1.88333747076601,-1.8469503348154563,AMZN,Amazon,,,
2022-12-19,-2.0116060713911907,-2.0116060713911907,-1.981082725382135,-1.970915110196762,-1.9316391172749217,0.8137707747219669,-1.5292817798075176,-1.9221194918535287,-1.869056670360889,AMZN,Amazon,,,
2022-12-20,-2.00323685224616,-2.00323685224616,-2.012649309590865,-1.9765077794272088,-1.9991955159753416,0.4828024084087957,0.1178438215402806,-1.9490793118290632,-1.8883548285057608,AMZN,Amazon,,,
2022-12-21,-1.954262376394172,-1.954262376394172,-1.993461629864009,-1.949165972660478,-1.97285476929006,-0.060730023554525,0.8086301655158296,-1.9568543104186569,-1.9012259343857605,AMZN,Amazon,,,
2022-12-22,-2.046632163982026,-2.046632163982026,-2.0414307111249137,-2.041134126746197,-1.993307734565036,0.7380782314983714,-1.5688964254374849,-1.9861575750424008,-1.9217399779636488,AMZN,Amazon,,,
2022-12-23,-2.00137713087412,-2.00137713087412,-2.038335985004445,-2.0200062915475985,-2.0636530450237167,-0.1268105292208722,0.758184720708331,-1.996635301853196,-1.9360713077512803,AMZN,Amazon,,,
2022-12-27,-2.06987962707423,-2.06987962707423,-2.0516435198236818,-2.01783137779397,-2.010351635865584,-0.1322058123941757,-1.1904060576911144,-2.021900713584841,-1.9556356398291743,AMZN,Amazon,,,
2022-12-28,-2.1076955382085503,-2.1076955382085503,-2.1095156302250984,-2.058533436775225,-2.07759807667222,-0.0981618278550803,-0.6855044684683664,-2.050459144477374,-1.9770294274102165,AMZN,Amazon,,,
2022-12-29,-2.0345435020929137,-2.0345435020929137,-2.0764015648999,-2.0318129323461784,-2.075428844272928,-0.2146703910771149,1.2715055939229902,-2.053289360011292,-1.9894988603027448,AMZN,Amazon,,,
2022-12-30,-2.0401229026944594,-2.0401229026944594,-2.091875431614712,-2.03429861579256,-2.067681551928516,0.0522213289179768,-0.1212016259634963,-2.0568297988574225,-2.001367041221,AMZN,Amazon,,,
2023-01-03,-1.9837090683834608,-1.9837090683834608,-2.0018176501129905,-1.9802363045967808,-1.995167009070544,0.5677754153406456,,-2.010110011202212,-2.060841719937543,AMZN,Amazon,,,
2023-01-04,-2.004786777713143,-2.004786777713143,-2.001198563221416,-2.006646039333075,-1.9613886915060337,0.28590520712361,-0.3812618522667105,-2.015466051708929,-2.0628527525817173,AMZN,Amazon,,,
2023-01-05,-2.0673998409212264,-2.0673998409212264,-2.049477187928107,-2.0156564640403416,-1.9991955159753416,0.2515116284176404,-1.0915946250102777,-2.0353936394245267,-2.07065490138117,AMZN,Amazon,,,
2023-01-06,-1.975649881628912,-1.975649881628912,-2.01914830527759,-2.066611789452053,-2.070470700115376,0.8055499057050627,1.575711192280438,-2.02702481862114,-2.0689938637582985,AMZN,Amazon,,,
2023-01-09,-1.935974249122551,-1.935974249122551,-1.9238292296473567,-1.8910643666023752,-1.933188670315244,0.1554741463074057,0.6433490308483484,-2.0106662585572788,-2.0636983616521047,AMZN,Amazon,,,
2023-01-10,-1.8581726730913888,-1.8581726730913888,-1.9018563672458204,-1.8845396253414897,-1.9297798427694148,0.2452333496682117,1.266466392463894,-1.978627239861968,-2.051461189464229,AMZN,Amazon,,,
2023-01-11,-1.6963705286174031,-1.6963705286174031,-1.7449513682021265,-1.771443636057171,-1.8256562147462243,1.5199762202525766,2.585903043131049,-1.9134825573516248,-2.0248988804115453,AMZN,Amazon,,,
2023-01-12,-1.6907911280158572,-1.6907911280158572,-1.685222233238455,-1.691592892462784,-1.6397211984803273,0.8758796023275388,0.0600100666815122,-1.8632062682731745,-2.000218993893148,AMZN,Amazon,,,
2023-01-13,-1.6024505790771415,-1.6024505790771415,-1.6487038983469997,-1.67232920132506,-1.7249414142688635,0.886497173622497,1.3196596511816243,-1.8030509025169985,-1.9693541264541423,AMZN,Amazon,,,
2023-01-17,-1.6666135677522094,-1.6666135677522094,-1.6326111808530817,-1.6223059479437865,-1.5854901520694409,0.4253788634520512,-0.9734168493176504,-1.7742387859037785,-1.9474169723660653,AMZN,Amazon,,,
2023-01-18,-1.68490169502383,-1.68490169502383,-1.6193036460338448,-1.6331807537597496,-1.6298046737366234,0.6710102124121944,-0.3012072948317164,-1.757276880399299,-1.929218982521957,AMZN,Amazon,,,
2023-01-19,-1.7400756362583267,-1.7400756362583267,-1.7393807667402963,-1.7114778859381927,-1.707587555074532,0.2901435858890108,-0.8632811979897602,-1.7585756590432835,-1.917939523104568,AMZN,Amazon,,,
2023-01-20,-1.6294177213988517,-1.6294177213988517,-1.6802707186681982,-1.700914086862803,-1.7348579390125674,0.2353185707705776,1.687969782080518,-1.7314305453892878,-1.8971275533476348,AMZN,Amazon,,,
2023-01-23,-1.6210487387392447,-1.6210487387392447,-1.6669631838489614,-1.6182668901292825,-1.6201981068867035,0.5603906890733783,0.099719247016623,-1.7089450744018142,-1.877409092871708,AMZN,Amazon,,,
2023-01-24,-1.658244585092602,-1.658244585092602,-1.6573694620417678,-1.6139170626220256,-1.6397211984803273,0.215424139830941,-0.5782223569079922,-1.701532779070415,-1.8630320902305904,AMZN,Amazon,,,
2023-01-25,-1.6315874751613737,-1.6315874751613737,-1.6836749882344548,-1.753112253997706,-1.7751439537749512,1.2004904004926087,0.3762758233646903,-1.6891997398694536,-1.847418722351262,AMZN,Amazon,,,
2023-01-26,-1.5683543471723276,-1.5683543471723276,-1.6140425880178015,-1.585332414132103,-1.5991254622527586,0.2728765172962936,0.9185501393755968,-1.6638818389485803,-1.827191653619347,AMZN,Amazon,,,
2023-01-27,-1.474744666507972,-1.474744666507972,-1.4902516542993072,-1.504238828814526,-1.5591494053841584,0.9667308369518792,1.3431396146663117,-1.6211063293003194,-1.7998720723927897,AMZN,Amazon,,,
2023-01-30,-1.527128789198984,-1.527128789198984,-1.5444101878011485,-1.5203952971203625,-1.5108063768121769,0.3510234278151595,-0.7681242040711251,-1.602335986192056,-1.7800340794745186,AMZN,Amazon,,,
2023-01-31,-1.4471576958907235,-1.4471576958907235,-1.4945843180904566,-1.4542155754332518,-1.508636907984286,0.2009285961281841,1.128333742094605,-1.5679368358467538,-1.7543694665861354,AMZN,Amazon,,,
2023-02-01,-1.384544396197216,-1.384544396197216,-1.405145387367842,-1.451108589649186,-1.4661818972512095,0.7027151596904522,0.855392027953744,-1.526226855659089,-1.7250640404560529,AMZN,Amazon,,,
2023-02-02,-1.1440105785206245,-1.1440105785206245,-1.1649909098424711,-1.2137312726196536,-1.2269454718271795,3.503220324865477,3.292347604413054,-1.433822507105175,-1.6754733166047269,AMZN,Amazon,,,
2023-02-03,-1.4390985091361737,-1.4390985091361737,-1.3265381161231014,-1.4113386026983683,-1.3815813608216423,3.006601988471223,-3.815209379414986,-1.4395038127837845,-1.6585452973946928,AMZN,Amazon,,,
2023-02-06,-1.4766043878800124,-1.4766043878800124,-1.4760157252551755,-1.4694399717086508,-1.45378618221443,0.756599514215544,-0.5511663449797554,-1.4532953820442431,-1.6467346398546383,AMZN,Amazon,,,
2023-02-07,-1.4787741416425344,-1.4787741416425344,-1.5236750269578243,-1.5492907153030382,-1.5083271865191006,2.1101452348896106,-0.0558766381086885,-1.4641904134494057,-1.6362046955254674,AMZN,Amazon,,,
2023-02-08,-1.5426270979271202,-1.5426270979271202,-1.5156287862670987,-1.5275415777667536,-1.48136652404625,0.5379445811219188,-0.9319569400595428,-1.488587312614894,-1.6327242548597156,AMZN,Amazon,,,
2023-02-09,-1.5987311363330612,-1.5987311363330612,-1.5431722501304668,-1.5651366509639422,-1.5036787638267337,0.1322783931321338,-0.8383087785863117,-1.5211415410382445,-1.6349131265461323,AMZN,Amazon,,,
2023-02-10,-1.6182589201957598,-1.6182589201957598,-1.6347775127486566,-1.606770781975635,-1.6201981068867035,-0.2959708572249993,-0.3133516862455849,-1.5505194024941202,-1.6387661635353243,AMZN,Amazon,,,
2023-02-13,-1.5584354390457371,-1.5584354390457371,-1.6081624431101829,-1.5856429467770357,-1.6112112193957535,-0.2923163367589139,0.8637349512038374,-1.5573510998017508,-1.6365611422653263,AMZN,Amazon,,,
2023-02-14,-1.5534761032251536,-1.5534761032251536,-1.5697873197689405,-1.5666902623798855,-1.5938571237728223,-0.1711693437145401,0.0471721021219134,-1.561214659771373,-1.6340834052680566,AMZN,Amazon,,,
2023-02-15,-1.5082208336318237,-1.5082208336318237,-1.5620503864115345,-1.53779484419721,-1.572784715567476,-0.4683351977482092,0.6331955227478654,-1.5526125479984465,-1.627513093787829,AMZN,Amazon,,,
2023-02-16,-1.601520718391122,-1.601520718391122,-1.5787621907970282,-1.5486694129653529,-1.5690659301278622,-0.1662570050604233,-1.3626226451173815,-1.5698693261271908,-1.6304418625253578,AMZN,Amazon,,,
2023-02-17,-1.6309676468658345,-1.6309676468658345,-1.6620114331662372,-1.6247916313901678,-1.6127605360074768,-0.033259850978092,-0.4601771122615216,-1.590294646070572,-1.635913922736442,AMZN,Amazon,,,
2023-02-21,-1.7121786332505975,-1.7121786332505975,-1.7341197087242524,-1.6676688411728715,-1.6889941007336615,-0.1575640037150603,-1.2367488920103231,-1.62625009731827,-1.648636895492493,AMZN,Amazon,,,
2023-02-22,-1.6746727545067583,-1.6746727545067583,-1.6907928347002852,-1.651201366126462,-1.6964314351842895,-0.0511107778701246,0.5500070132132683,-1.6436860957525403,-1.6566247835289258,AMZN,Amazon,,,
2023-02-23,-1.673742893820738,-1.673742893820738,-1.7087425767564597,-1.686310992925089,-1.664822350019071,-0.4499760978919577,-0.0110039713248098,-1.6565268083944835,-1.6637977815471876,AMZN,Amazon,,,
2023-02-24,-1.7456550368598729,-1.7456550368598729,-1.779612914643794,-1.7282558936295351,-1.7450844216500556,-0.1405023667461764,-1.1134625221198569,-1.684430882235365,-1.6771798550525534,AMZN,Amazon,,,
2023-02-27,-1.7375958501053228,-1.7375958501053228,-1.7598063841378324,-1.702778230923679,-1.7218425446168184,-0.4858977995541601,0.099919571815712,-1.703311023868218,-1.688576446202163,AMZN,Amazon,,,
2023-02-28,-1.7230274020632077,-1.7230274020632077,-1.762591566812514,-1.7096137418773167,-1.757170178793051,-0.6124364717082615,0.200254258283248,-1.7137691529655958,-1.697547002179357,AMZN,Amazon,,,
2023-03-01,-1.7868805948332165,-1.7868805948332165,-1.762901110258301,-1.7509373402440775,-1.7345479811187825,-0.3118503613409483,-1.007798149014452,-1.7378384354933738,-1.7117943116280157,AMZN,Amazon,,,
2023-03-02,-1.7881204879097188,-1.7881204879097188,-1.838722962715892,-1.7882216437485134,-1.810781309416369,-0.1961635246142465,-0.0445904491125953,-1.756205465665265,-1.7248647098191798,AMZN,Amazon,,,
2023-03-03,-1.7022597251240068,-1.7022597251240068,-1.7548546334551085,-1.7176918575063251,-1.769565893829831,-0.1871461575470417,1.3264570450578066,-1.7481627258989592,-1.728554880409995,AMZN,Amazon,,,
2023-03-06,-1.737905882495805,-1.737905882495805,-1.7050287637444168,-1.6841360791714617,-1.69364228699743,-0.3185935642916839,-0.5698117256762927,-1.7511886887082109,-1.7353105950228147,AMZN,Amazon,,,
2023-03-07,-1.74410511139289,-1.74410511139289,-1.7502126623306389,-1.7139635693845738,-1.7286601997084767,-0.4271371470107118,-0.1209778566088607,-1.7550334421023066,-1.7420436246604891,AMZN,Amazon,,,
2023-03-08,-1.7326365142847395,-1.7326365142847395,-1.7786845204188997,-1.7326057211367918,-1.7429151892507642,-0.578565482220815,0.1527058359552257,-1.7550027307573246,-1.74707033727574,AMZN,Amazon,,,
2023-03-09,-1.7844008086802132,-1.7844008086802132,-1.7155511158889718,-1.7326057211367918,-1.7404359989576883,-0.1705999016695287,-0.8243765914464255,-1.7681334822850552,-1.756578927967234,AMZN,Amazon,,,
2023-03-10,-1.8315155631601605,-1.8315155631601605,-1.7972531132541807,-1.7925714712557703,-1.7717351262291217,0.319869902264033,-0.7657527526150146,-1.7899538399553891,-1.769718338817851,AMZN,Amazon,,,
2023-03-13,-1.7788214080786673,-1.7788214080786673,-1.783326727655837,-1.858751192942881,-1.855405788977336,0.4124799199134716,0.8171786080270883,-1.7929290369879105,-1.7766356874441052,AMZN,Amazon,,,
2023-03-14,-1.70287978990497,-1.70287978990497,-1.7508315131097454,-1.7161384831382025,-1.7357875762653214,-0.0014251574110975,1.1664393209116308,-1.7758629685755365,-1.77567856615134,AMZN,Amazon,,,
2023-03-15,-1.6619642643221066,-1.6619642643221066,-1.7013151868448406,-1.7049531446773074,-1.754690988499975,0.3524614491819919,0.6003044913993426,-1.752666404528879,-1.7709046892892235,AMZN,Amazon,,,
2023-03-16,-1.5429371303176012,-1.5429371303176012,-1.5676209878733662,-1.6260344731133582,-1.6762884278030976,0.8467623726968642,1.7692624132061912,-1.7050230880167965,-1.755208374958837,AMZN,Amazon,,,
2023-03-17,-1.5767235663173578,-1.5767235663173578,-1.5778335604596656,-1.568554406440761,-1.5510921551459618,0.9495971187114748,-0.5148644762363775,-1.6778760458991924,-1.744162575613573,AMZN,Amazon,,,
2023-03-20,-1.6151593057472171,-1.6151593057472171,-1.645299628780744,-1.6232382570220445,-1.5938571237728223,0.0517780290981262,-0.5884005306101914,-1.6672826404962526,-1.7377881090563507,AMZN,Amazon,,,
2023-03-21,-1.525269067826943,-1.525269067826943,-1.5719536516645156,-1.5517763987494189,-1.6022243319048033,-0.0848736454502904,1.309079593441186,-1.6364956472214844,-1.7234166760480392,AMZN,Amazon,,,
2023-03-22,-1.584472720681426,-1.584472720681426,-1.533268984877486,-1.5328234773044482,-1.5306394262995842,-0.1253076347096713,-0.8784611216680911,-1.628449596958221,-1.7160003810542286,AMZN,Amazon,,,
2023-03-23,-1.584162688290945,-1.584162688290945,-1.5654546559777904,-1.5635830395479984,-1.5312591056585538,-0.1222838253693896,-0.0205263164423868,-1.622336277168477,-1.709228714382332,AMZN,Amazon,,,
2023-03-24,-1.602140783172085,-1.602140783172085,-1.6508702302425753,-1.6014888824379403,-1.6043935643040947,-0.1750437120587628,-0.2892114571795639,-1.6223196871893069,-1.7047879509663175,AMZN,Amazon,,,
2023-03-27,-1.6049303652301457,-1.6049303652301457,-1.6186847952547383,-1.5803610472393417,-1.5734043949264451,-0.5128922357385584,-0.0663077900130395,-1.6230161032562116,-1.7010170484508804,AMZN,Amazon,,,
2023-03-28,-1.6297277537893335,-1.6297277537893335,-1.6465375664514257,-1.6049066379147592,-1.603153969157557,-0.8012605705831599,-0.3918885635336298,-1.6298396606412802,-1.699954883976353,AMZN,Amazon,,,
2023-03-29,-1.5364278690300348,-1.5364278690300348,-1.585261186483752,-1.5343770887203911,-1.5851801941756567,-0.4025358090407917,1.3663791217304582,-1.611248966721642,-1.6900875007345018,AMZN,Amazon,,,
2023-03-30,-1.4821837884815583,-1.4821837884815583,-1.50417803989765,-1.4582546332477555,-1.4965511508412912,-0.2637757573004027,0.7596167368514233,-1.5835220246933308,-1.6759417029976953,AMZN,Amazon,,,
2023-03-31,-1.442198123584716,-1.442198123584716,-1.4902516542993072,-1.4290486824201485,-1.4776477386066365,-0.1514406996994005,0.5434294245169367,-1.5525660916184802,-1.659266838655855,AMZN,Amazon,,,
2023-04-03,-1.4694750618114834,-1.4694750618114834,-1.496441106540244,-1.445205150725985,-1.473309273808054,-0.7142008108407938,-0.408058222937236,-1.5362804636062173,-1.6467103746152851,AMZN,Amazon,,,
2023-04-04,-1.4217404790359964,-1.4217404790359964,-1.4682787918977696,-1.4240773155273865,-1.459364242159551,-0.4429301536008364,0.6508854111437289,-1.511936444481021,-1.6307410317463564,AMZN,Amazon,,,
2023-04-05,-1.5100807914892882,-1.5100807914892882,-1.4772534268133888,-1.4663329859245844,-1.4234166921957498,-0.5686074545602687,-1.257531573875207,-1.516126518991333,-1.6246520317246245,AMZN,Amazon,,,
2023-04-06,-1.480324067109517,-1.480324067109517,-1.5246036572951869,-1.495849706444945,-1.52134258091485,-0.6178894198987815,0.4017619165315847,-1.5117076165280772,-1.6162774762317256,AMZN,Amazon,,,
2023-04-10,-1.4769144202704934,-1.4769144202704934,-1.5301742587570168,-1.5029959870913354,-1.5148348837169756,-0.853840254093732,0.0233677308298725,-1.50752701694476,-1.6083389282021927,AMZN,Amazon,,,
2023-04-11,-1.5466568095471058,-1.5466568095471058,-1.5673114444275784,-1.5203952971203625,-1.5197930278745282,-0.019261668048826,-1.015020281163472,-1.5221137521568788,-1.607776215502322,AMZN,Amazon,,,
2023-04-12,-1.6114396265177124,-1.6114396265177124,-1.5824757676966024,-1.5607868234566853,-1.5321887429113077,-0.1519921214265317,-0.9653292828583654,-1.5495157153613457,-1.6134456128780648,AMZN,Amazon,,,
2023-04-13,-1.4697850942019646,-1.4697850942019646,-1.518723512387568,-1.5297164915203818,-1.5771231803660586,0.2513061967938073,2.074792263598569,-1.5340714635056636,-1.605084295131182,AMZN,Amazon,,,
2023-04-14,-1.4663754473629405,-1.4663754473629405,-1.499226525327393,-1.4551476474636895,-1.4804368867934967,-0.3424488611013676,0.0232068617115262,-1.521621851878026,-1.5971577814162088,AMZN,Amazon,,,
2023-04-17,-1.4592463577798358,-1.4592463577798358,-1.48282402827522,-1.4402340208810436,-1.446658569228987,-0.7580334320523626,0.0757745123225876,-1.5104730756863798,-1.589271670579901,AMZN,Amazon,,,
2023-04-18,-1.4728847086505077,-1.4728847086505077,-1.4682787918977696,-1.442408934634672,-1.422177333477811,-0.7626826740654299,-0.2175933948175906,-1.5055771243930174,-1.5834037194004065,AMZN,Amazon,,,
2023-04-19,-1.410891473737963,-1.410891473737963,-1.43980669769704,-1.446447992449176,-1.4956215135885376,-0.0920241075851163,0.8537454573753708,-1.4861521076789008,-1.5721544190879977,AMZN,Amazon,,,
2023-04-20,-1.4260799865610403,-1.4260799865610403,-1.4357835773516778,-1.3898999978070166,-1.4351927278735603,-0.1173246338887846,-0.2362680003094936,-1.4754428864551703,-1.56337692449967,AMZN,Amazon,,,
2023-04-21,-1.3284405942766986,-1.3284405942766986,-1.3460351031832758,-1.3317983917489142,-1.3555505720301448,0.9306397443016036,1.338938189091785,-1.4425998996592964,-1.5460815706489706,AMZN,Amazon,,,
2023-04-24,-1.3516880573689027,-1.3516880573689027,-1.31261149441229,-1.3321091614416667,-1.307207307029564,0.3107912661160358,-0.3402837176409738,-1.423875054528927,-1.5325765714088426,AMZN,Amazon,,,
2023-04-25,-1.4645157259909,-1.4645157259909,-1.42959412511074,-1.4135135164519963,-1.3924275228181002,0.1468496221699872,-1.5656644262021426,-1.4385019727779522,-1.5310642321843648,AMZN,Amazon,,,
2023-04-26,-1.3898137644082804,-1.3898137644082804,-1.3933850975526043,-1.3622474213475322,-1.3883990159133015,0.4631782822373607,1.031119041534496,-1.430489703460884,-1.5225620344292403,AMZN,Amazon,,,
2023-04-27,-1.239790249432926,-1.239790249432926,-1.262166773922492,-1.278357382890821,-1.2917127223407394,3.207939396082067,2.0473850427174054,-1.3863581414670765,-1.5005189604119438,AMZN,Amazon,,,
2023-04-28,-1.375245552851588,-1.375245552851588,-1.304874561054884,-1.3551011407011415,-1.3050380746302723,2.514326548686075,-1.8138306429979028,-1.387679912943594,-1.4934036466768494,AMZN,Amazon,,,
2023-05-01,-1.4806338630145757,-1.4806338630145757,-1.4364024281307843,-1.433087740234653,-1.391188164100161,0.4964906418705239,-1.474456426942535,-1.4154513839914404,-1.4969903203026502,AMZN,Amazon,,,
2023-05-02,-1.4316593871625876,-1.4316593871625876,-1.4775629702591762,-1.453904805740499,-1.4990303411343664,0.4511262936391461,0.6708900175013375,-1.4238351208852682,-1.4955782584380382,AMZN,Amazon,,,
2023-05-03,-1.4310393223816242,-1.4310393223816242,-1.413810714950141,-1.387725084053388,-1.4286850306756862,0.1477542421275685,-0.0164043622713295,-1.429965359371046,-1.4942354052060705,AMZN,Amazon,,,
2023-05-04,-1.4201905535690138,-1.4201905535690138,-1.431450913560528,-1.38679301202295,-1.4193881852909511,-0.5624769424174568,0.1267092794072355,-1.4318062659362885,-1.4919795441862531,AMZN,Amazon,,,
2023-05-05,-1.3687360550785983,-1.3687360550785983,-1.4200001671910782,-1.3793359616838072,-1.4122608087341075,-0.1441821156572939,0.6924231268443871,-1.4201118828229191,-1.4850194672413286,AMZN,Amazon,,,
2023-05-08,-1.3634666868675342,-1.3634666868675342,-1.4094780511589915,-1.3436052695953138,-1.3883990159133015,-0.4152365290826901,0.0472423527050877,-1.4100021003844956,-1.4781893720438712,AMZN,Amazon,,,
2023-05-09,-1.3389793306988274,-1.3389793306988274,-1.3881240395365613,-1.329312708302533,-1.374763705729984,-0.6077475849958581,0.3104765436843638,-1.3961973003130848,-1.4696438461842027,AMZN,Amazon,,,
2023-05-10,-1.2283214158393532,-1.2283214158393532,-1.2680469188301098,-1.2395194679704418,-1.2935722332748458,0.6370311010174673,1.48006423188784,-1.3577245026225413,-1.451317270570652,AMZN,Amazon,,,
2023-05-11,-1.1666382133172897,-1.1666382133172897,-1.187273315689795,-1.1637080192383795,-1.2027739575411889,0.5035798349245574,0.7867379096313316,-1.3131956332028365,-1.428771528359353,AMZN,Amazon,,,
2023-05-12,-1.22615166207683,-1.22615166207683,-1.2070798461957568,-1.2000602507123772,-1.1677560448301412,-0.400034588919033,-0.794450366872669,-1.2949218978300376,-1.413953600931728,AMZN,Amazon,,,
2023-05-15,-1.1970150024780222,-1.1970150024780222,-1.2179115056736314,-1.2022351644660054,-1.199055172101575,-0.2862038449339821,0.3581457253466885,-1.2738127021390415,-1.3977028175157948,AMZN,Amazon,,,
2023-05-16,-1.1288223021829695,-1.1288223021829695,-1.1405421720995723,-1.1463084721615315,-1.2021540417536205,0.3791711643438845,0.8642585109242918,-1.2406524107464127,-1.3764230853447088,AMZN,Amazon,,,
2023-05-17,-1.0637294528218824,-1.0637294528218824,-1.108356500999268,-1.0478155768149262,-1.0831557448291738,0.1694975576817039,0.80736232184186,-1.1992414983142672,-1.3508673395905704,AMZN,Amazon,,,
2023-05-18,-0.981588369265676,-0.981588369265676,-1.022631383288696,-0.9819466248205684,-1.0273751453779651,0.4404834938991557,1.006285366806875,-1.1473105064231062,-1.3197977299446249,AMZN,Amazon,,,
2023-05-19,-1.0404819897296782,-1.0404819897296782,-1.0316062543167823,-1.0018316182959763,-0.981821028564244,-0.2124935366771982,-0.7479669040880481,-1.1233276751052517,-1.2971716940572595,AMZN,Amazon,,,
2023-05-22,-1.0789177291595369,-1.0789177291595369,-1.0792657921318995,-1.0468835047844884,-1.0248961915134884,0.3527966270945619,-0.5045689820008097,-1.1151074278021234,-1.2802697397344922,AMZN,Amazon,,,
2023-05-23,-1.0795377939405004,-1.0795377939405004,-1.0678150457624505,-1.0614865987222024,-1.1023691149576125,0.2387352230406456,-0.0329004287931954,-1.109099806509371,-1.2649634873415698,AMZN,Amazon,,,
2023-05-24,-1.024983681001542,-1.024983681001542,-1.0616255935215129,-1.0229594534945758,-1.0689007552868868,0.0913866877985982,0.6629401795283202,-1.090731386858926,-1.2458436827899015,AMZN,Amazon,,,
2023-05-25,-1.0792277615500183,-1.0792277615500183,-1.0761708298989625,-1.0450193607236125,-1.0292346563120718,0.1998257526739216,-0.6988805679066166,-1.0907389937096763,-1.2336374916235089,AMZN,Amazon,,,
2023-05-26,-0.9208350274296332,-0.9208350274296332,-0.9328829091202938,-0.9918891215582724,-1.0475181527591568,1.2912515335275483,1.9723513476014536,-1.0504956430016252,-1.2074286403359027,AMZN,Amazon,,,
2023-05-30,-0.8727901757782417,-0.8727901757782417,-0.8889371843172202,-0.8725789236580007,-0.8513566538557711,0.1211886895087168,0.5550178179372753,-1.008104489669161,-1.1790184334562472,AMZN,Amazon,,,
2023-05-31,-0.906266579387518,-0.906266579387518,-0.9161711047348008,-0.8940175285493522,-0.8798668693689441,0.4270295245698688,-0.4241302923403017,-0.9848177878439766,-1.1563849696613973,AMZN,Amazon,,,
2023-06-01,-0.8383841479683692,-0.8383841479683692,-0.8712969857068343,-0.8704040099043723,-0.9034184678673672,-0.237044417757054,0.7913444749724576,-0.9501032090361312,-1.129332403659261,AMZN,Amazon,,,
2023-06-02,-0.7925090500794998,-0.7925090500794998,-0.7815485115384317,-0.7433264660678452,-0.7723344137999244,0.0112503341857687,0.5168188316726903,-0.91240998908864,-1.1003622004736389,AMZN,Amazon,,,
2023-06-05,-0.7599625071562449,-0.7599625071562449,-0.7998075609279254,-0.7740860283113958,-0.8206774423719062,-0.4686055025164108,0.3547955498751769,-0.8758696971376202,-1.0709203734967334,AMZN,Amazon,,,
2023-06-06,-0.7193570139638633,-0.7193570139638633,-0.7502912346630207,-0.7128774364692269,-0.7676859911075575,-0.549873532092111,0.4448865571609331,-0.8381462475292739,-1.040280889962922,AMZN,Amazon,,,
2023-06-07,-0.8861187307438557,-0.8861187307438557,-0.7512196288879142,-0.8486548723680886,-0.7075669268577651,1.2510085596376967,-1.9352127376557204,-0.8522293519161044,-1.0283376158563309,AMZN,Amazon,,,
2023-06-08,-0.7925090500794998,-0.7925090500794998,-0.8050688550564372,-0.798010079601308,-0.8315236043683633,0.0435030991275817,1.0947311911947293,-0.8390045962486196,-1.00854875701643,AMZN,Amazon,,,
2023-06-09,-0.8179262669342262,-0.8179262669342262,-0.7998075609279254,-0.7691146614186339,-0.7983652025914232,-0.3444130757502991,-0.3217467662860802,-0.8355447789243609,-0.992983952129724,AMZN,Amazon,,,
2023-06-12,-0.720596907040365,-0.720596907040365,-0.7694789143898759,-0.7585508623432442,-0.8002247135255293,-0.3465034326243914,1.1184756597869183,-0.8082176271453874,-0.969547896503478,AMZN,Amazon,,,
2023-06-13,-0.7178070884968802,-0.7178070884968802,-0.7190339577876098,-0.7072847672387794,-0.673169166362886,-0.3743700521941867,0.006883691079469,-0.7870133446667461,-0.9479762136900556,AMZN,Amazon,,,
2023-06-14,-0.7252464469558902,-0.7252464469558902,-0.7642178563738319,-0.740219243235958,-0.717173730136284,-0.3074173631424424,-0.1102603580142499,-0.7730005424641092,-0.929075385104879,AMZN,Amazon,,,
2023-06-15,-0.7038587052357271,-0.7038587052357271,-0.7413163636349341,-0.734005271667826,-0.7633475263089745,-0.0177948141733854,0.2202671181875601,-0.7570561182131175,-0.909852200705746,AMZN,Amazon,,,
2023-06-16,-0.7540733106496412,-0.7540733106496412,-0.734817367948209,-0.7035562420692081,-0.6858746028648507,0.839561453671974,-0.5979900437773424,-0.7578577947861173,-0.8971675740319718,AMZN,Amazon,,,
2023-06-20,-0.7450842632090711,-0.7450842632090711,-0.7549334418999579,-0.7284126024373786,-0.7707848607596026,-0.1449605933897145,0.0788000805584958,-0.7561748522842971,-0.8847784466402299,AMZN,Amazon,,,
2023-06-21,-0.7745309551983607,-0.7745309551983607,-0.7710261593938762,-0.7486083656055399,-0.7500221740194413,-0.3176817362069505,-0.3645973048324863,-0.7623953216616272,-0.8763251241706282,AMZN,Amazon,,,
2023-06-22,-0.6096291962758323,-0.6096291962758323,-0.6596143662697248,-0.70852760896197,-0.760248656656929,1.0596796365774637,1.890678414119085,-0.7251576145621845,-0.8529069430488211,AMZN,Amazon,,,
2023-06-23,-0.635046176645135,-0.635046176645135,-0.6438311922215938,-0.610966785645803,-0.6424897184504215,0.3955660495512045,-0.3082956319657903,-0.7036880235708279,-0.8340427317063029,AMZN,Amazon,,,
2023-06-26,-0.6970394115576799,-0.6970394115576799,-0.6237148821573766,-0.6476297868125538,-0.6356720633587627,-0.0347050804720765,-0.7202337846741951,-0.7033388835714054,-0.8228082479077912,AMZN,Amazon,,,
2023-06-27,-0.6396959530460842,-0.6396959530460842,-0.6670419922938116,-0.6336479952125254,-0.6573643873516776,-0.5100197970684694,0.6280307373030181,-0.6885055264328052,-0.8071239185969078,AMZN,Amazon,,,
2023-06-28,-0.6440354605711285,-0.6440354605711285,-0.6240246617156321,-0.6059954187530405,-0.647757820501758,-0.31725645670498,-0.0737986382956821,-0.6784832174984915,-0.7932794715469512,AMZN,Amazon,,,
2023-06-29,-0.6793713490670212,-0.6793713490670212,-0.6927286677073915,-0.642658419919791,-0.6530259225530947,-0.7277052370601449,-0.4222060317806314,-0.6799456612463112,-0.784065021791104,AMZN,Amazon,,,
2023-06-30,-0.6031196985028422,-0.6031196985028422,-0.6311425081814633,-0.5901497201399566,-0.6313335985601797,-0.2379238092696032,0.8395148849459759,-0.6616662457781147,-0.7684130489279953,AMZN,Amazon,,,
2023-07-03,-0.6074592060278865,-0.6074592060278865,-0.6125736792337146,-0.5553506259862608,-0.5894980307574733,-1.1780762296468958,-0.0733576565834828,-0.6490593930966038,-0.7545980168305619,AMZN,Amazon,,,
2023-07-05,-0.6024996337218795,-0.6024996337218795,-0.6265005370569944,-0.5687111152486047,-0.6074718057393739,-0.9030645544150284,0.0301516472929239,-0.6383439804812412,-0.7415657019724547,AMZN,Amazon,,,
2023-07-06,-0.6651129334153868,-0.6651129334153868,-0.7091309286470971,-0.6392406644429719,-0.6691404230294881,-0.7320697580507065,-0.7215324535143843,-0.6462180384484066,-0.7356921028784542,AMZN,Amazon,,,
2023-07-07,-0.6210977933839819,-0.6210977933839819,-0.6398078357637631,-0.615627145797992,-0.6586042189268149,-0.6833284022485969,0.4722054013748063,-0.6409389285428242,-0.7261529652931145,AMZN,Amazon,,,
2023-07-10,-0.7032388769401886,-0.7032388769401886,-0.6921095808158169,-0.6842927879793043,-0.64372907716836,0.0337721274723247,-0.9429650164558157,-0.6578524036806892,-0.7253181355395356,AMZN,Amazon,,,
2023-07-11,-0.6520944108402541,-0.6520944108402541,-0.6769450214343242,-0.6398622038284779,-0.6846350077183128,-0.3964737741059242,0.5583438290865865,-0.6575412290890841,-0.7196794855141683,AMZN,Amazon,,,
2023-07-12,-0.5894811111467468,-0.5894811111467468,-0.6308332008481442,-0.5938780082617079,-0.6053028097686818,-0.2497415337353764,0.6800219967029915,-0.6413972307166922,-0.708579480168645,AMZN,Amazon,,,
2023-07-13,-0.4809929500497938,-0.4809929500497938,-0.5253013165191429,-0.4733249686382455,-0.4897133403900647,0.007880534742189,1.1777625872183493,-0.601721388760232,-0.6881376675479236,AMZN,Amazon,,,
2023-07-14,-0.4692145570365866,-0.4692145570365866,-0.4640249365514703,-0.4313803049816205,-0.489093424602496,-0.2330078665519104,0.102105920291343,-0.5689715089031642,-0.6684304203593685,AMZN,Amazon,,,
2023-07-17,-0.5039306172369404,-0.5039306172369404,-0.4959010642059877,-0.4577898026700938,-0.4735988399136713,-0.4505815805727292,-0.3989013801815301,-0.5532307703674535,-0.6538270142310966,AMZN,Amazon,,,
2023-07-18,-0.5265580155481819,-0.5265580155481819,-0.5503689050411482,-0.5155806390354438,-0.5309285195480037,-0.2187429829180188,-0.2707748401516944,-0.5471750472476137,-0.6427100795653986,AMZN,Amazon,,,
2023-07-19,-0.4481366112214808,-0.4481366112214808,-0.4844500817240703,-0.4789178749165135,-0.5098561113426574,-0.2314256826420371,0.8311144151969004,-0.5227056521688538,-0.6251215578951838,AMZN,Amazon,,,
2023-07-20,-0.6155181562970122,-0.6155181562970122,-0.5215877396195677,-0.5783428422935561,-0.4887832302801123,-0.0407851357248241,-1.8183779473094224,-0.5468868015443374,-0.6251019326382878,AMZN,Amazon,,,
2023-07-21,-0.6142784997059342,-0.6142784997059342,-0.6274289312818881,-0.6066169581385461,-0.5733840031382786,2.607722252195086,-0.0112483759174404,-0.5647076553930221,-0.6249658153664416,AMZN,Amazon,,,
2023-07-24,-0.6514743460592914,-0.6514743460592914,-0.618453824141333,-0.608791634844354,-0.6053028097686818,-0.553625362274749,-0.4400222764232506,-0.5875251036887406,-0.6283909429108525,AMZN,Amazon,,,
2023-07-25,-0.6412454055422199,-0.6412454055422199,-0.6828251663419425,-0.6031992026617271,-0.6362919791463313,-0.7826419781494348,0.0900910146275659,-0.6020389217029027,-0.6305287479341695,AMZN,Amazon,,,
2023-07-26,-0.6716224311883768,-0.6716224311883768,-0.6982990330567543,-0.6783893490561045,-0.7230615115465899,-0.2538033133855522,-0.3662376052001336,-0.6206433678372373,-0.6353704911649077,AMZN,Amazon,,,
2023-07-27,-0.6685225802544107,-0.6685225802544107,-0.5884344849366031,-0.6261911819212019,-0.5839202072409518,-0.3006345154923706,0.0099980962375407,-0.6338090017012791,-0.639476317907582,AMZN,Amazon,,,
2023-07-28,-0.5457757670203995,-0.5457757670203995,-0.5766746673463029,-0.5783428422935561,-0.6245159434685209,-0.5274490485221076,1.3629125533136868,-0.612492128794049,-0.6314975653225828,AMZN,Amazon,,,
2023-07-31,-0.5002111744928589,-0.5002111744928589,-0.5500595977078291,-0.4835782350687025,-0.5157441291815626,-0.6866008919756241,0.4747202898238128,-0.584926090550574,-0.6198968179564015,AMZN,Amazon,,,
2023-08-01,-0.5618941405294984,-0.5618941405294984,-0.5556299630571919,-0.5071919907615035,-0.5048977307565058,-0.6795008867308625,-0.6942473656774396,-0.5799257729266379,-0.6152358803502295,AMZN,Amazon,,,
2023-08-02,-0.6697622368454887,-0.6697622368454887,-0.6627093285026617,-0.6563294418270674,-0.6102611903548334,-0.3576904459643609,-1.2129684090326582,-0.603585813701258,-0.6212904023870898,AMZN,Amazon,,,
2023-08-03,-0.6480646992202675,-0.6480646992202675,-0.6747789256512174,-0.6690681546560852,-0.6930019794216944,0.995909335663346,0.2203458694301779,-0.6158172996840419,-0.6247243426209074,AMZN,Amazon,,,
2023-08-04,-0.3176406436234015,-0.3176406436234015,-0.2480094172107431,-0.2679500555754543,-0.2721692389589493,3.3220909017253835,3.69215188474825,-0.5410271115354013,-0.5963202156895624,AMZN,Amazon,,,
2023-08-07,-0.2354997965526189,-0.2354997965526189,-0.2817428055399845,-0.2794464007769225,-0.2743382349296415,0.3698078071733816,0.8284150905717086,-0.4640617229499983,-0.562661191172961,AMZN,Amazon,,,
2023-08-08,-0.306172046515252,-0.306172046515252,-0.3343538579253574,-0.2959136387755121,-0.2858045491422669,-0.3330782958037127,-0.7457294815775232,-0.4242961525943137,-0.5388049454997033,AMZN,Amazon,,,
2023-08-09,-0.3709548634858577,-0.3709548634858577,-0.3504463393068076,-0.3369262304016991,-0.3059473200948596,-0.3941023002729023,-0.6964375313028571,-0.4109338866229275,-0.5232984038087322,AMZN,Amazon,,,
2023-08-10,-0.3489475299555789,-0.3489475299555789,-0.3476611566321261,-0.3248088199103665,-0.3338373833918647,-0.0729405909500845,0.2064420004465427,-0.3953199205470393,-0.5071018192665298,AMZN,Amazon,,,
2023-08-11,-0.3535968333856808,-0.3535968333856808,-0.381084765403112,-0.3400334532335859,-0.3855897123668743,-0.650405281481644,-0.0737431246926328,-0.3847908769089265,-0.4928212433933674,AMZN,Amazon,,,
2023-08-14,-0.2866440261671293,-0.2866440261671293,-0.3420907912827634,-0.3167307042813584,-0.3576991762126705,-0.4974884680146441,0.6764319526417611,-0.3598807678320175,-0.4734509076808194,AMZN,Amazon,,,
2023-08-15,-0.3765345005728274,-0.3765345005728274,-0.3207367796603332,-0.3328874096350157,-0.3034681298017838,-0.6548851325066383,-0.9524576295227528,-0.3640401853400278,-0.4644179975525095,AMZN,Amazon,,,
2023-08-16,-0.4571254221766269,-0.4571254221766269,-0.4448370207121469,-0.4018635844612606,-0.3920971731361494,-0.6947316594031278,-0.874030756227787,-0.3876386455766046,-0.4638954730086084,AMZN,Amazon,,,
2023-08-17,-0.4909120946618077,-0.4909120946618077,-0.4813555917160697,-0.44784754298021,-0.4457083037594674,-0.4540450856692855,-0.3878433021877984,-0.413922996113625,-0.4666440505778633,AMZN,Amazon,,,
2023-08-18,-0.5144693536590695,-0.5144693536590695,-0.5438696732419552,-0.5217950846992173,-0.5647070735411127,-0.4488696503741192,-0.2800696215122611,-0.4396223759820937,-0.4713903649247763,AMZN,Amazon,,,
2023-08-21,-0.4692145570365866,-0.4692145570365866,-0.5092083629127564,-0.4733249686382455,-0.4990097129176005,-0.703143543789561,0.4675586742416437,-0.44739724931956,-0.4713874179746894,AMZN,Amazon,,,
2023-08-22,-0.4825428755167769,-0.4825428755167769,-0.4949726699810939,-0.4416335714120776,-0.4574843394372779,-1.01082605533806,-0.1685999355634003,-0.4566152530807371,-0.4726563991051438,AMZN,Amazon,,,
2023-08-23,-0.4431770389154738,-0.4431770389154738,-0.4856882555072195,-0.4574792700251616,-0.4754581144191784,-0.6541823401093142,0.4001640762705304,-0.4535255334394668,-0.4700541081617839,AMZN,Amazon,,,
2023-08-24,-0.5572448370993965,-0.5572448370993965,-0.4600015800936396,-0.5006670124527977,-0.4165788817445238,-0.6237171907012077,-1.2457410062716727,-0.4801939241745039,-0.4785716431899207,AMZN,Amazon,,,
2023-08-25,-0.5132296970679916,-0.5132296970679916,-0.5500595977078291,-0.5395049273731769,-0.5383660904272312,-0.6056536240581898,0.4590792103194646,-0.4890105638448241,-0.4821153548065223,AMZN,Amazon,,,
2023-08-28,-0.516949139812073,-0.516949139812073,-0.5475837223664668,-0.5000454730672921,-0.497770354199662,-0.9674691705185258,-0.065559125209973,-0.4965681883326081,-0.4856917843355963,AMZN,Amazon,,,
2023-08-29,-0.4620849944826338,-0.4620849944826338,-0.5107558440292249,-0.4565471979947237,-0.5101658328078423,-0.8039275776294156,0.5725242110117088,-0.4882949209252691,-0.4837084739445825,AMZN,Amazon,,,
2023-08-30,-0.4571254221766269,-0.4571254221766269,-0.4940442757562001,-0.4357301324888774,-0.4621329985582446,-0.8943571368153614,0.0282315189366801,-0.4808296972655356,-0.4814322697286747,AMZN,Amazon,,,
2023-08-31,-0.3659957641506982,-0.3659957641506982,-0.3977968059010732,-0.4021741171061928,-0.4581042552248465,-0.0782421684704116,0.953361531875344,-0.4520738922083729,-0.4706682761918742,AMZN,Amazon,,,
2023-09-01,-0.3625861173116743,-0.3625861173116743,-0.3615875422304695,-0.3437617413553372,-0.3217516262488693,-0.7193978705174162,0.0107472186745214,-0.4296406156796248,-0.4605575117587953,AMZN,Amazon,,,
2023-09-05,-0.3889329583669973,-0.3889329583669973,-0.4284347597724413,-0.3766962173525162,-0.3753632297293861,-0.7321850880851392,-0.3017164979093734,-0.4195106338000495,-0.4538796703299811,AMZN,Amazon,,,
2023-09-06,-0.4481366112214808,-0.4481366112214808,-0.4392666553627841,-0.4142915275975254,-0.4190575991804009,-0.6907816057238086,-0.6505534081941792,-0.4269573420831807,-0.4534575494993497,AMZN,Amazon,,,
2023-09-07,-0.3709548634858577,-0.3709548634858577,-0.42131691330661,-0.4593434140860372,-0.4940518051886476,-0.4488264016112069,0.801829887165117,-0.4129297787395782,-0.4457098619902288,AMZN,Amazon,,,
2023-09-08,-0.3591764704726505,-0.3591764704726505,-0.3959395452263492,-0.3478010362176618,-0.4023236557736376,-0.8146640830223825,0.0988305019920329,-0.3994161078421531,-0.437542728539492,AMZN,Amazon,,,
2023-09-11,-0.2082226218404282,-0.2082226218404282,-0.2483191967689986,-0.289078127821874,-0.343754144564168,-0.1509289226716055,1.5586321377740953,-0.3509220882930581,-0.4157154949304441,AMZN,Amazon,,,
2023-09-12,-0.2661866181038336,-0.2661866181038336,-0.2675066403833857,-0.227869535979705,-0.2331225829145037,-0.6589577243475422,-0.6125081280001333,-0.3292807601411209,-0.4014029232612953,AMZN,Amazon,,,
2023-09-13,-0.1539785412919516,-0.1539785412919516,-0.206230260415713,-0.2197914203506969,-0.2755780665047788,-0.017553341913792,1.127129225758278,-0.2845366559287008,-0.3776856771605965,AMZN,Amazon,,,
2023-09-14,-0.1580082529119382,-0.1580082529119382,-0.1789961038856646,-0.1551650730317089,-0.1475926456607826,0.1110540627329455,-0.0654267485175437,-0.2520025646898541,-0.3565090207328156,AMZN,Amazon,,,
2023-09-15,-0.2922236632540989,-0.2922236632540989,-0.2498662056605307,-0.2440262413333623,-0.221656741559077,1.512159006356187,-1.370039446609571,-0.2617073709565358,-0.3500630606594439,AMZN,Amazon,,,
2023-09-18,-0.304932389924174,-0.304932389924174,-0.3061913071704152,-0.2710572784073411,-0.2901430139408499,-0.6533714258047094,-0.1563623370346664,-0.2722153804162888,-0.3454156416309277,AMZN,Amazon,,,
2023-09-19,-0.3777741571639054,-0.3777741571639054,-0.3962493247846047,-0.3847748070771654,-0.3453036976044902,0.0191107968450708,-0.7797381913057353,-0.2986061529611598,-0.3481405772727321,AMZN,Amazon,,,
2023-09-20,-0.4503066014694266,-0.4503066014694266,-0.3798470638448991,-0.3959601455380603,-0.3499518838682581,-0.5293844306624309,-0.7893643523333569,-0.3368303960069596,-0.3575381408995338,AMZN,Amazon,,,
2023-09-21,-0.635046176645135,-0.635046176645135,-0.6005040820851589,-0.5789643816790617,-0.5547903123688095,0.3384596621891499,-2.00537300360746,-0.4124426096544098,-0.383707457025133,AMZN,Amazon,,,
2023-09-22,-0.641555674418125,-0.641555674418125,-0.6070033138843519,-0.6035097353066593,-0.5805113796951225,-0.0377685345116944,-0.0980750005471371,-0.4708058933625806,-0.408118818187845,AMZN,Amazon,,,
2023-09-25,-0.5749126631046311,-0.5749126631046311,-0.6147402472417578,-0.5957421523225835,-0.6347424261060091,-0.5382468229958669,0.7234254072760563,-0.4976437517945514,-0.4239525284404475,AMZN,Amazon,,,
2023-09-26,-0.7388847978265624,-0.7388847978265624,-0.6577575778199372,-0.7041777814547132,-0.611190827607587,0.4359459778569451,-1.8365859872191024,-0.5594389786603365,-0.4539914571860199,AMZN,Amazon,,,
2023-09-27,-0.7388847978265624,-0.7388847978265624,-0.7478153593216585,-0.7399087105910267,-0.746303388579827,0.2018692567215256,-0.0250816978513468,-0.6057853988096752,-0.4812995742274502,AMZN,Amazon,,,
2023-09-28,-0.7388847978265624,-0.7388847978265624,-0.7756683666308138,-0.773775258618643,-0.7996047977379606,-0.230560707383792,-0.0250816978513468,-0.6405452139216792,-0.5061251351742042,AMZN,Amazon,,,
2023-09-29,-0.7035486728452454,-0.7035486728452454,-0.6961329372736476,-0.6718646077952192,-0.6706899760698103,0.052599755593459,0.3816913056024243,-0.6576358397139979,-0.5253223931821543,AMZN,Amazon,,,
2023-10-02,-0.6310164650251483,-0.6310164650251483,-0.6552817024785749,-0.6650290968415812,-0.6991999551543839,-0.465736667909898,0.8023874670233743,-0.6520227055142186,-0.5358541190728418,AMZN,Amazon,,,
2023-10-03,-0.777940602037384,-0.777940602037384,-0.7156296882213538,-0.7361801854214545,-0.6750284408683932,-0.3383222083068234,-1.6709396064472977,-0.6851476343199432,-0.559446505781718,AMZN,Amazon,,,
2023-10-04,-0.707268352074751,-0.707268352074751,-0.7515291723337019,-0.6917496012706277,-0.7370067796236919,-0.603620932201314,0.7966832771174068,-0.6920328598408679,-0.5741512625388615,AMZN,Amazon,,,
2023-10-05,-0.739504862607525,-0.739504862607525,-0.7710261593938762,-0.7336945019750737,-0.7168637722425002,-0.7673643526506814,-0.3931929726455067,-0.7053883738796666,-0.5905949215396281,AMZN,Amazon,,,
2023-10-06,-0.6775116276949805,-0.6775116276949805,-0.7177962562293968,-0.7399087105910267,-0.7958860122983469,-0.50873314637183,0.6886688683213946,-0.6996519561646714,-0.5996289032092736,AMZN,Amazon,,,
2023-10-09,-0.668212784349353,-0.668212784349353,-0.7072741401973095,-0.7203342497605495,-0.7320483990375407,-0.7993287925064126,0.0803059031314707,-0.6929867209476872,-0.6069544074699227,AMZN,Amazon,,,
2023-10-10,-0.630396873215033,-0.630396873215033,-0.6469256822295943,-0.6181128292443733,-0.6514763695127724,-0.6766140318064696,0.4024990742166725,-0.678378422441151,-0.6100059256511925,AMZN,Amazon,,,
2023-10-11,-0.5575546330044542,-0.5575546330044542,-0.6063842269927772,-0.5696431872790425,-0.6229663904281987,-0.728397217266741,0.7907779108023181,-0.6489123129249339,-0.6058301259310109,AMZN,Amazon,,,
2023-10-12,-0.542056324276318,-0.542056324276318,-0.5311814614267613,-0.5193094012528362,-0.5476629358119657,-0.1954715444076504,0.1454106396532709,-0.6228744674767476,-0.6005552445571746,AMZN,Amazon,,,
2023-10-13,-0.6207879974789242,-0.6207879974789242,-0.5673902528724285,-0.5901497201399566,-0.5225617842732214,-0.5465794179836277,-0.8879131704715685,-0.6233525283149128,-0.6032717181594135,AMZN,Amazon,,,
2023-10-16,-0.5352370305982703,-0.5352370305982703,-0.5748174066715789,-0.544165761621007,-0.5935267740908714,-0.6530326438285634,0.9308316538355542,-0.6019717835474802,-0.5975787877837448,AMZN,Amazon,,,
2023-10-17,-0.568713434207546,-0.568713434207546,-0.5899819660530716,-0.5976062963834591,-0.602823619475606,-0.4183468359487963,-0.3913453896592497,-0.5944428881460687,-0.5955973935379733,AMZN,Amazon,,,
2023-10-18,-0.6722420229984922,-0.6722420229984922,-0.6490922502376375,-0.6348908369357151,-0.6180084826992458,-0.6578404646389756,-1.1670878474804929,-0.6151037866679467,-0.6036738299425318,AMZN,Amazon,,,
2023-10-19,-0.6638732768243087,-0.6638732768243087,-0.6005040820851589,-0.6361336786589061,-0.5972453231018857,0.0003300215504247,0.0696388864714975,-0.6284728849055085,-0.6102175794493109,AMZN,Amazon,,,
2023-10-20,-0.7639922187762306,-0.7639922187762306,-0.7264615838116966,-0.7138095084996646,-0.6753381623335781,-0.1638350743373371,-1.1558823848819808,-0.6639408559207399,-0.6257188307747443,AMZN,Amazon,,,
2023-10-23,-0.7209069394308459,-0.7209069394308459,-0.735436454839784,-0.7445690707432153,-0.7813213012908755,-0.4574365094943214,0.4741055501902243,-0.6795934669849688,-0.6357000937673859,AMZN,Amazon,,,
2023-10-24,-0.6589137045183019,-0.6589137045183019,-0.706964360639054,-0.6712433054575342,-0.6849449656120975,-0.5216825468004738,0.6852851036337568,-0.6755798720390449,-0.6388591699750988,AMZN,Amazon,,,
2023-10-25,-0.8811593949232724,-0.8811593949232724,-0.7830959926549002,-0.8436835054753258,-0.7376264589826615,0.491062922125036,-2.5321277299233884,-0.7290443572873317,-0.6629356072974014,AMZN,Amazon,,,
2023-10-26,-0.9375732292342712,-0.9375732292342712,-0.928550245329144,-0.9194951912552086,-0.9052779788014736,1.4224250314404132,-0.6990469791364744,-0.7834779972719481,-0.6902057439964047,AMZN,Amazon,,,
2023-10-27,-0.6843309213730286,-0.6843309213730286,-0.6692080880769182,-0.6967209681633901,-0.7326683148251089,2.319469247384917,3.046406493422709,-0.7599520191806338,-0.6908348278783208,AMZN,Amazon,,,
2023-10-30,-0.5302774582922634,-0.5302774582922634,-0.576983974679622,-0.6022671306312893,-0.6235863062157673,0.4156659121146743,1.72387628641423,-0.7031611285925417,-0.676708420031401,AMZN,Amazon,,,
2023-10-31,-0.5184990652790562,-0.5184990652790562,-0.5593435399567671,-0.504395300574549,-0.5296891608300651,-0.3374428167942743,0.1036297529855041,-0.6575749622617492,-0.6627424499099384,AMZN,Amazon,,,
2023-11-01,-0.3973021775120281,-0.3973021775120281,-0.4423611453707846,-0.4422546367019421,-0.4921920578259418,0.0208011026622247,1.295547424163928,-0.5925880895767484,-0.6384826700910854,AMZN,Amazon,,,
2023-11-02,-0.36413556980781,-0.36413556980781,-0.3971777190094985,-0.3565006912321755,-0.3443740603517366,-0.3141137132666896,0.3260057495380391,-0.5354199938880024,-0.6132638855471025,AMZN,Amazon,,,
2023-11-03,-0.3477074003936535,-0.3477074003936535,-0.3761330147203875,-0.3260518986813777,-0.3363165736849405,-0.6088143878143604,0.1474721468539309,-0.4883693726266584,-0.5887702995913149,AMZN,Amazon,,,
2023-11-06,-0.312371275412337,-0.312371275412337,-0.3377581274916135,-0.2977777828363876,-0.343444423098983,-0.575995784891112,0.344653237819169,-0.4441021711389666,-0.5631319695060447,AMZN,Amazon,,,
2023-11-07,-0.2203112837295404,-0.2203112837295404,-0.2560561301264045,-0.231287291456524,-0.2879735451129591,-0.2666554040976435,0.9303177604816952,-0.3875084763408158,-0.5310409162195382,AMZN,Amazon,,,
2023-11-08,-0.2398393040776632,-0.2398393040776632,-0.2637930634838105,-0.2089166145347343,-0.212979811961911,-0.5921672181567188,-0.223525988148681,-0.3500254554736953,-0.5037304076146958,AMZN,Amazon,,,
2023-11-09,-0.2857141654811089,-0.2857141654811089,-0.2783385359737285,-0.2517938243174382,-0.2424194282992383,-0.8908107382565567,-0.4933304476861705,-0.3335704155718326,-0.4832796113217132,AMZN,Amazon,,,
2023-11-10,-0.1939644426742174,-0.1939644426742174,-0.2473908025441048,-0.2496186735159891,-0.2907624568712198,-0.4203939440599763,0.921273641350266,-0.2979146841484801,-0.4559341007234336,AMZN,Amazon,,,
2023-11-13,-0.2240311994444694,-0.2240311994444694,-0.2603887939175544,-0.2260053919188294,-0.2405601537937312,-0.9108060829763218,-0.3288118847801101,-0.2788131260192524,-0.4339432268756633,AMZN,Amazon,,,
2023-11-14,-0.1245318493026624,-0.1245318493026624,-0.135669465974166,-0.1014135315286835,-0.1500718359538584,-0.1541689758264484,0.9868844896072596,-0.2392032540836055,-0.4044582507416768,AMZN,Amazon,,,
2023-11-15,-0.2051232438773094,-0.2051232438773094,-0.1347410717492722,-0.1663504114926038,-0.0862342226930521,0.1053632463464081,-0.8266969158151356,-0.2299748674236972,-0.3853429840462251,AMZN,Amazon,,,
2023-11-16,-0.2165918409854589,-0.2165918409854589,-0.2576031390179366,-0.2617360840073219,-0.2768174252227173,-0.4072138835624671,-0.1412271216266037,-0.2259678538193211,-0.3690596922875399,AMZN,Amazon,,,
2023-11-17,-0.1437500737457275,-0.1437500737457275,-0.1984933270583071,-0.1679040229085472,-0.2225863788118306,-0.4078193662432386,0.7145165054341004,-0.2044528281659823,-0.3473068377482809,AMZN,Amazon,,,
2023-11-20,-0.1143029087855909,-0.1143029087855909,-0.1551662169218722,-0.0998599201127401,-0.1460430926204603,-0.6848096723783416,0.26907011850983,-0.180833762486026,-0.3247219496997269,AMZN,Amazon,,,
2023-11-21,-0.1834257062520883,-0.1834257062520883,-0.2350114258372935,-0.2002169595202206,-0.1838499170897687,0.3702727313746883,-0.7110700202063336,-0.180684204127331,-0.3107852669356704,AMZN,Amazon,,,
2023-11-22,-0.0963248139044513,-0.0963248139044513,-0.1208142139259925,-0.1048308129098614,-0.1633969518147923,-0.5508141926854525,0.8527204602753795,-0.1584388945938992,-0.2898052244934618,AMZN,Amazon,,,
2023-11-24,-0.0953949532184309,-0.0953949532184309,-0.1375262544239536,-0.0815280639576339,-0.0973903425832939,-1.3902258279858029,-0.0158900587323091,-0.1415186262600648,-0.2706437402584133,AMZN,Amazon,,,
2023-11-27,-0.0647086046380637,-0.0647086046380637,-0.0737739991149187,-0.0330584219923031,-0.071669275256981,-0.2591265152873354,0.2781897317324484,-0.1210307405730671,-0.2502964123926278,AMZN,Amazon,,,
2023-11-28,-0.0864061422632848,-0.0864061422632848,-0.1251468777171424,-0.0750035597445692,-0.088713412986128,-0.657400768882701,-0.2380802151393725,-0.1111783709060015,-0.2338690123143327,AMZN,Amazon,,,
2023-11-29,-0.1084134757935636,-0.1084134757935636,-0.0960564049622427,-0.0613325378372931,-0.0617525140846777,-0.7331149364877526,-0.2421499389480525,-0.1093813602530498,-0.2210347407026562,AMZN,Amazon,,,
2023-11-30,-0.1155430383475163,-0.1155430383475163,-0.1458822746729342,-0.112287863249005,-0.1575094068330858,0.1752208106404254,-0.0957450091968385,-0.1098452899205132,-0.2100474554592565,AMZN,Amazon,,,
2023-12-01,-0.0864061422632848,-0.0864061422632848,-0.1359787733074852,-0.0743820203590636,-0.1190826665762088,-0.7568693195173078,0.2641578155741153,-0.1027892829165847,-0.1972790514658135,AMZN,Amazon,,,
2023-12-04,-0.1542888101678567,-0.1542888101678567,-0.1947792779337955,-0.1595149005389657,-0.142324543609446,-0.4562039197513222,-0.6946390207648208,-0.1147468901957242,-0.192148123859942,AMZN,Amazon,,,
2023-12-05,-0.0910554456933867,-0.0910554456933867,-0.0951275385124125,-0.1495721667534409,-0.1950060369800104,-0.5092485274632009,0.608047876195182,-0.1076469140417975,-0.1814505237225486,AMZN,Amazon,,,
2023-12-06,-0.1642074818090232,-0.1642074818090232,-0.1174099443597364,-0.1138414746649484,-0.0701197222166587,-0.7667012049526934,-0.7473500004833509,-0.1209105395618354,-0.1787048975969744,AMZN,Amazon,,,
2023-12-07,-0.0910554456933867,-0.0910554456933867,-0.1152438485766297,-0.0809069986677694,-0.1144344803124409,-0.3099293954549291,0.7089811908909252,-0.11226965106638,-0.1692294089380328,AMZN,Amazon,,,
2023-12-08,-0.0743174803741725,-0.0743174803741725,-0.1177197239179919,-0.0790428546068938,-0.1351971670526023,-0.6864387091147032,0.14018098576708,-0.1015357132008366,-0.1590183523997455,AMZN,Amazon,,,
2023-12-11,-0.1217422672446013,-0.1217422672446013,-0.1687832951868964,-0.133726468140357,-0.129618870678882,-0.3620261344463144,-0.4916162371768143,-0.1055363359185109,-0.1542603915371748,AMZN,Amazon,,,
2023-12-12,-0.0724577590021317,-0.0724577590021317,-0.1282418399500793,-0.0821496033431394,-0.133957335477465,-0.5769364454844536,0.4648321557771419,-0.096013154472414,-0.1452327180056112,AMZN,Amazon,,,
2023-12-13,-0.0303023403427675,-0.0303023403427675,-0.0675840746490449,-0.0349225660531787,-0.0533857788098954,-0.2950301966316578,0.3894474807323186,-0.0781586873744063,-0.1330036767794765,AMZN,Amazon,,,
2023-12-14,-0.0743174803741725,-0.0743174803741725,-0.0341609381029954,-0.0753140923895014,0.0027045421064983,-0.0919556303771719,-0.4539433877917391,-0.0759524904318566,-0.1260858686192391,AMZN,Amazon,,,
2023-12-15,0.0047239887334912,0.0047239887334912,-0.0332320716531652,-0.0019880900559997,-0.0453282921430994,1.770930771114503,0.7524774186187319,-0.0542126758014715,-0.1122555740534856,AMZN,Amazon,,,
2023-12-18,0.1318103094925466,0.1318103094925466,0.0992241896476289,0.0654344733543017,0.0222278701287211,0.0562434638688163,1.2038541908032865,-0.0056140076037848,-0.0875572225008866,AMZN,Amazon,,,
2023-12-19,0.1231308214716107,0.1231308214716107,0.1075797376716731,0.147460130702317,0.1412261670531676,-0.6408364926873079,-0.1067795841007362,0.0286294555189493,-0.0659322890447369,AMZN,Amazon,,,
2023-12-20,0.0713665270761377,0.0713665270761377,0.1233633839447405,0.112350503903689,0.0947424129866933,-0.3831171144931899,-0.513213424362489,0.0411582678245315,-0.0512121105804122,AMZN,Amazon,,,
2023-12-21,0.1246807469385938,0.1246807469385938,0.0719900331175805,0.1291287486428519,0.1071383644520724,-0.8882770815626138,0.4831849017007044,0.064102512458541,-0.0327433992016713,AMZN,Amazon,,,
2023-12-22,0.1116622243634612,0.1116622243634612,0.0837503229328171,0.1480816700878226,0.1217033118881436,-1.133050663391664,-0.1478050628980543,0.078002569175139,-0.0171957640099029,AMZN,Amazon,,,
2023-12-26,0.1113524284584035,0.1113524284584035,0.0722993404508996,0.1580239297777063,0.1151953782616697,-1.293319766553747,-0.0280100851535426,0.0883488897134197,-0.0030911079499246,AMZN,Amazon,,,
2023-12-27,0.1091824382104577,0.1091824382104577,0.0970576216395858,0.1608201458690198,0.1151953782616697,-1.0638310183506023,-0.0455951577717678,0.0955572155641834,0.0095242670160098,AMZN,Amazon,,,
2023-12-28,0.1104225677723831,0.1104225677723831,0.0753943026838366,0.1555382463313251,0.1201537588478213,-1.2216061095180788,-0.0133530910455505,0.1012785883214425,0.0211111109678651,AMZN,Amazon,,,
2023-12-29,0.0657873629600154,0.0657873629600154,0.0695141577762182,0.0958832659050995,0.1009406251479822,-0.761504145276071,-0.4471119662163184,0.0942274003238373,0.0273859427964363,AMZN,Amazon,,,
2024-01-02,0.0034838591715658,0.0034838591715658,0.0227832502984636,0.0138576085570841,0.052597123718802,-0.4906155187751718,,0.0097462546129376,0.0247458377929838,AMZN,Amazon,,,
2024-01-03,-0.0417709374509171,-0.0417709374509171,-0.0183772918299281,0.0119934644962085,-0.0199174191391701,-0.4154311485157952,-0.4628163351998386,-0.0017534069509471,0.0204280596184301,AMZN,Amazon,,,
2024-01-04,-0.1626575563420401,-0.1626575563420401,-0.1319554168496545,-0.1209875182635187,-0.1317883395067729,-0.1770475714070305,-1.205876231989833,-0.0410965588753426,0.0049689662647323,AMZN,Amazon,,,
2024-01-05,-0.1418898794028393,-0.1418898794028393,-0.1564043907050215,-0.1060738916808726,-0.1596784028037779,-0.5694111607377215,0.1832448089359419,-0.0653266644042184,-0.0071033026356152,AMZN,Amazon,,,
2024-01-08,-0.0222429171027944,-0.0222429171027944,-0.0694413353237689,-0.0557401056546662,-0.0961505110081566,-0.5116019809783428,1.1695945673027537,-0.0530958459823216,-0.0066625282064978,AMZN,Amazon,,,
2024-01-09,0.0481190639839335,0.0481190639839335,0.0020483255676082,0.0082651763744573,-0.0468778451834216,-0.6177236329742846,0.6592949984353385,-0.026043103267957,0.0004514404665696,AMZN,Amazon,,,
2024-01-10,0.12127110009957,0.12127110009957,0.0859164187159239,0.1222932376892138,0.0687116241951954,-0.5957676776691639,0.6757624274005484,0.0128350614032988,0.0138981496232323,AMZN,Amazon,,,
2024-01-11,0.1662161008169953,0.1662161008169953,0.1710226856473889,0.1608201458690198,0.1610592165405754,-0.4281462848119978,0.3989102335123662,0.0534146244714579,0.0304106510985787,AMZN,Amazon,,,
2024-01-12,0.1488580707168184,0.1488580707168184,0.141003346442659,0.1884727223285041,0.1719056149656322,-0.7376812850385714,-0.1872998782049192,0.079438461094032,0.0437658795091411,AMZN,Amazon,,,
2024-01-16,0.1036032740943354,0.1036032740943354,0.1035568534387788,0.1306818859631542,0.1142657410089161,-0.7052302966000773,-0.4495387735475046,0.0874566769970778,0.0515892180714621,AMZN,Amazon,,,
2024-01-17,0.0586582733769101,0.0586582733769101,0.015664931607696,0.0610846458470448,0.0510480435356785,-0.9370148333011472,-0.4506515348751843,0.0820493993596449,0.0544131236133739,AMZN,Amazon,,,
2024-01-18,0.1141420105164646,0.1141420105164646,0.0661098882099622,0.1204290936283382,0.090714142510494,-0.8326123196309676,0.5052972694511727,0.0920928709030817,0.0622740359339952,AMZN,Amazon,,,
2024-01-19,0.1711756731230023,0.1711756731230023,0.1273862681776348,0.1490137421182604,0.1235625863936507,-0.3352010892499892,0.5137556597352885,0.1141182547005247,0.0748619243324407,AMZN,Amazon,,,
2024-01-22,0.1538176430228254,0.1538176430228254,0.1673091087478137,0.1850549668516851,0.2183893690321065,-0.6222323165078869,-0.1871327898598101,0.1262264568700617,0.0846493226730934,AMZN,Amazon,,,
2024-01-23,0.1922536189381081,0.1922536189381081,0.1413131260009145,0.1859870388821229,0.1551716715588689,-0.8277180012947309,0.335047131316552,0.1450745447756063,0.0972141493026007,AMZN,Amazon,,,
2024-01-24,0.2186004599934311,0.2186004599934311,0.2124925351090998,0.2652164801388249,0.2465896266514953,-0.4470820348404127,0.2198150858106678,0.1659055862217502,0.1111504815670456,AMZN,Amazon,,,
2024-01-25,0.2458776347056219,0.2458776347056219,0.2124925351090998,0.205250967067667,0.2202486435376137,-0.6239947035965613,0.2270888243305155,0.1884602491933624,0.1264224006408136,AMZN,Amazon,,,
2024-01-26,0.2883428492700438,0.2883428492700438,0.2808872337675401,0.3096473013374721,0.2658027603513344,-0.3569768413763087,0.3653083792389825,0.2161670494346739,0.1443575864742167,AMZN,Amazon,,,
2024-01-29,0.3546755917076326,0.3546755917076326,0.2985271962654586,0.3404066265332022,0.2943127394359081,-0.5651835941630488,0.5794763565942898,0.2538029117793894,0.1669911342501163,AMZN,Amazon,,,
2024-01-30,0.2846234065259623,0.2846234065259623,0.3121442745304829,0.327668150752005,0.3364580287037994,-0.567454154215942,-0.65506619418966,0.2642289016391514,0.1808833798777838,AMZN,Amazon,,,
2024-01-31,0.166836165597958,0.166836165597958,0.2279664018239116,0.2133290826966751,0.2217981965779359,-0.3844758464613499,-1.0994073358375334,0.2421175688329409,0.1822745665032189,AMZN,Amazon,,,
2024-02-01,0.2933024215760507,0.2933024215760507,0.2511772018961294,0.2384959757097783,0.1867802838668883,0.561879167330275,1.1566469623659654,0.2576703122685881,0.1956054774822989,AMZN,Amazon,,,
2024-02-02,0.6816900004654748,0.6816900004654748,0.6454514957905116,0.6023297712859733,0.5995562469486355,2.0278644634490486,3.511135271566752,0.3680277388046782,0.2447807010926543,AMZN,Amazon,,,
2024-02-05,0.6351950742810663,0.6351950742810663,0.5851035100477328,0.6138256423918004,0.63085513779147,-0.2115925207831929,-0.4175385772785755,0.438981018773674,0.2850493503992356,AMZN,Amazon,,,
2024-02-06,0.599238884518787,0.599238884518787,0.5900552607304573,0.612272030975857,0.6057539862527256,-0.6648323479764565,-0.3312557178762192,0.4830591790241438,0.3182266190156169,AMZN,Amazon,,,
2024-02-07,0.642014367959114,0.642014367959114,0.5953163187465009,0.6523530246672474,0.6085428980109864,-0.4965730358663346,0.3416578586794515,0.5269874444100242,0.3524689982193608,AMZN,Amazon,,,
2024-02-08,0.6206266262389505,0.6206266262389505,0.6123371943528448,0.6504888806063718,0.6138110000623229,-0.6716440281351365,-0.2069675660060406,0.5544988208504208,0.381557820901066,AMZN,Amazon,,,
2024-02-09,0.7635210516311997,0.7635210516311997,0.7228208293645707,0.7033083500789593,0.6525474617843848,-0.1429459218507187,1.195059608848769,0.6114431457158078,0.4216358192107384,AMZN,Amazon,,,
2024-02-12,0.6981181698796313,0.6981181698796313,0.7348904265131264,0.7331356032442516,0.7734055060715372,-0.3568687194690281,-0.5687834513269998,0.6375319133848766,0.4518302481252212,AMZN,Amazon,,,
2024-02-13,0.5834307798855932,0.5834307798855932,0.5974824145296077,0.553238589935137,0.5543118516000998,-0.166044365309438,-0.9901641196667156,0.627955364672354,0.4683373593875763,AMZN,Amazon,,,
2024-02-14,0.655962751220267,0.655962751220267,0.6055291274452691,0.6318464918063333,0.6001761627362041,-0.6536597508907911,0.5986584583136448,0.6392039965888522,0.4902641284521791,AMZN,Amazon,,,
2024-02-15,0.6193869696478725,0.6193869696478725,0.6042909536621198,0.6104078869149814,0.6426311734692803,-0.3999444873296325,-0.3353112233950709,0.6383462268016129,0.5067078449835033,AMZN,Amazon,,,
2024-02-16,0.610397685721879,0.610397685721879,0.5810801535899021,0.5973584043932109,0.5856112153001329,-0.4629254983206015,-0.1018571211320098,0.6354186394364858,0.5207990070332292,AMZN,Amazon,,,
2024-02-20,0.5350761323291441,0.5350761323291441,0.52815979387121,0.5529280572902048,0.5574109576807442,-0.6837608898777194,-0.6694865082187696,0.6140830469104687,0.5264226949350331,AMZN,Amazon,,,
2024-02-21,0.5818808544186101,0.5818808544186101,0.5752000086822838,0.5964263323627731,0.5918089546042231,-0.5958289467499562,0.3811745143039627,0.6099748644481943,0.5360007956629522,AMZN,Amazon,,,
2024-02-22,0.7675507632511862,0.7675507632511862,0.7166313771236332,0.740282120938463,0.7207240127009729,-0.2003802789981912,1.5720640086517872,0.6540741653346065,0.562422999930764,AMZN,Amazon,,,
2024-02-23,0.7802594899212613,0.7802594899212613,0.7460316294367885,0.8002476340096208,0.7572910055951438,-0.0445838187339504,0.0804887492875778,0.6903780457591565,0.5876557303033234,AMZN,Amazon,,,
2024-02-26,0.7722000666812882,0.7722000666812882,0.7652190730511754,0.8176469440386481,0.8012955693685424,-0.5976850394916071,-0.0918738648528399,0.7155579822366314,0.609825623314485,AMZN,Amazon,,,
2024-02-27,0.7353140162329885,0.7353140162329885,0.7110605395493341,0.7741486689660798,0.7510932662910538,-1.0743909246283443,-0.3312283432345431,0.7250698486847,0.6264607587383527,AMZN,Amazon,,,
2024-02-28,0.7235356232197813,0.7235356232197813,0.6934205770514155,0.7558172869066146,0.7002710474259964,-1.1811144552414816,-0.1235102916369077,0.7292107501310294,0.6404598279539697,AMZN,Amazon,,,
2024-02-29,0.8351231622798531,0.8351231622798531,0.7915248353563301,0.7738381363211476,0.7179346280855133,-0.2575767679496463,0.9094691350235384,0.7606718499433919,0.6638328660700721,AMZN,Amazon,,,
2024-03-01,0.8803784318731835,0.8803784318731835,0.8382557428340847,0.8738846430836958,0.8338342917865141,-1.044134810907647,0.3462140643370901,0.7957674565528067,0.6893989058401475,AMZN,Amazon,,,
2024-03-04,0.8605406156200032,0.8605406156200032,0.8818921603038388,0.9180044575417696,0.8580058060725049,-0.8495045656117786,-0.1865072335832991,0.8170481892792076,0.7107480262247876,AMZN,Amazon,,,
2024-03-05,0.7532921111141282,0.7532921111141282,0.7825497282157748,0.7878196908733559,0.8394121153030356,-0.8550259910102429,-0.9009362757472952,0.8057559038297711,0.7199236949425207,AMZN,Amazon,,,
2024-03-06,0.7343841555469681,0.7343841555469681,0.7680047279507932,0.7865766121023448,0.7963371887823907,-1.0401811531647518,-0.1825636327657169,0.7924820036957941,0.7264611963853451,AMZN,Amazon,,,
2024-03-07,0.8369833566227413,0.8369833566227413,0.8153547223201225,0.8008691733951264,0.7743351433242909,-0.9690946031913112,0.8324581273620669,0.808597982670746,0.7421934101637415,AMZN,Amazon,,,
2024-03-08,0.7914182911243532,0.7914182911243532,0.8401125312838723,0.8198220948400972,0.8242277249365946,-0.8310625722932785,-0.3987922923669081,0.8091064631526494,0.7521480416379459,AMZN,Amazon,,,
2024-03-11,0.686339776866424,0.686339776866424,0.7064185684248651,0.7309609265384438,0.7582206428478975,-1.1701472897796492,-0.8941280752722003,0.7827864030727859,0.7511721237075101,AMZN,Amazon,,,
2024-03-12,0.7926579477154312,0.7926579477154312,0.7772886701997312,0.7468066251515277,0.7331194913091531,-0.8772882917193254,0.8715515899860206,0.7900627866371069,0.7604287846251313,AMZN,Amazon,,,
2024-03-13,0.8289239333827682,0.8289239333827682,0.803903739838205,0.8577279377300386,0.8074933086726325,-1.0876935232874383,0.2747858542354656,0.804735596035793,0.7723040830541996,AMZN,Amazon,,,
2024-03-14,0.89680660128734,0.89680660128734,0.8630140240227708,0.8863125862199608,0.8629641866586565,-0.6215727728734751,0.532490876525064,0.8329898156168921,0.7895765212869753,AMZN,Amazon,,,
2024-03-15,0.7625911909451794,0.7625911909451794,0.8134974616453985,0.8064616055777533,0.8304254642406848,0.4034805731641469,-1.113989597387484,0.8200751056069001,0.7924731920921613,AMZN,Amazon,,,
2024-03-18,0.7644509123172201,0.7644509123172201,0.7751225744166245,0.8182684834241537,0.8043946754491869,-1.070462495330481,-0.0096189590482089,0.8108616454669276,0.7952839659447757,AMZN,Amazon,,,
2024-03-19,0.808466052348625,0.808466052348625,0.7565537454688758,0.794655201826994,0.7554317310896367,-1.227952865475452,0.3407583636068542,0.8151362037429045,0.802038716947037,AMZN,Amazon,,,
2024-03-20,0.8782084416252377,0.8782084416252377,0.8320662905931472,0.8294538218850486,0.8149308795518599,-1.1174414640439163,0.5499156117215477,0.8360643073494941,0.8148335488215249,AMZN,Amazon,,,
2024-03-21,0.8782084416252377,0.8782084416252377,0.921505221315762,0.9385105163070429,0.93423937079869,-1.013748950898213,-0.0250816978513468,0.8517603850544365,0.8264652141619668,AMZN,Amazon,,,
2024-03-22,0.9005260440314216,0.9005260440314216,0.8546580037737903,0.8950122412344744,0.8648234611641636,-1.1877855769206966,0.156593875654778,0.8692035521159182,0.8391687867171079,AMZN,Amazon,,,
2024-03-25,0.9265635621525344,0.9265635621525344,0.9081979226089942,0.910236874557694,0.872880474973761,-1.1221880157735362,0.1860225175159253,0.8889023011161056,0.8532017390168386,AMZN,Amazon,,,
2024-03-26,0.882858218026187,0.882858218026187,0.8914858821110322,0.9322965447389104,0.939197278527644,-1.1278283752700091,-0.3777749081218597,0.8925704314844579,0.8617890240856102,AMZN,Amazon,,,
2024-03-27,0.9302830048966158,0.9302830048966158,0.8775594965126888,0.9124115512635018,0.9308305432528609,-0.9975919338869104,0.3606531297198292,0.9073726053775524,0.8741204646840036,AMZN,Amazon,,,
2024-03-28,0.947331239091735,0.947331239091735,0.9301705488980618,0.9729986037201652,0.9398171943152116,-0.825353735588861,0.1124022737488561,0.9228063494767526,0.8869574440443033,AMZN,Amazon,,,
2024-04-01,0.9656191298779324,0.9656191298779324,0.9704026968015598,0.9944372086115172,0.9590303280150508,-1.1452900632958316,0.1219496845529309,0.9390287794134584,0.9003722802264603,AMZN,Amazon,,,
2024-04-02,0.9569401148278438,0.9569401148278438,0.9020079981431196,0.945657034001254,0.9057293917141164,-1.021418398187986,-0.094631943387472,0.948990184026715,0.9117395175630904,AMZN,Amazon,,,
2024-04-03,1.010254334690298,1.010254334690298,0.9663793403437292,0.989776848459328,0.9314499861832306,-1.0778183890891404,0.4028197443834539,0.9700088728914796,0.9271601006439272,AMZN,Amazon,,,
2024-04-04,0.9355523731076804,0.9355523731076804,1.035393125893743,0.9959908200274604,1.0585057697744733,-0.6965913562083547,-0.6189883221676061,0.9667904315362172,0.9340514686209064,AMZN,Amazon,,,
2024-04-05,1.0927054506369878,1.0927054506369878,1.0716019173394105,1.0571994118696295,1.0083034666969846,-0.6695716915789244,1.2410684222356891,1.0043106481829556,0.9553103863343774,AMZN,Amazon,,,
2024-04-08,1.0964248933810692,1.0964248933810692,1.1031682654356731,1.1454390407857755,1.148374171826778,-0.7831970039401421,0.0040641471477861,1.0333959554030512,0.9749915486787858,AMZN,Amazon,,,
2024-04-09,1.1113031373282425,1.1113031373282425,1.1047157465521424,1.126486119340807,1.1589108487866502,-0.8805499692556245,0.0914298449891851,1.0589906349445546,0.9943030536286896,AMZN,Amazon,,,
2024-04-10,1.119982152378331,1.119982152378331,1.0716019173394105,1.0789485494059137,1.020389223839979,-0.9036484127143438,0.0427079727669526,1.0803920624399528,1.012687035503024,AMZN,Amazon,,,
2024-04-11,1.216071855681114,1.216071855681114,1.179918984343093,1.1671881783220632,1.1434162640978254,-0.7543861197134293,0.7243214141565458,1.120860413664354,1.038567703170625,AMZN,Amazon,,,
2024-04-12,1.1255617894653007,1.1255617894653007,1.1369016537649146,1.1538281631553589,1.1737855176879053,-0.8052718933432714,-0.7193942381187992,1.1282122337686264,1.0534599813930003,AMZN,Amazon,,,
2024-04-15,1.047759976948715,1.047759976948715,1.146495375572108,1.0892018158363708,1.1647983937683557,-0.4649185454781412,-0.6312708234890788,1.1139559401062866,1.0595753142133806,AMZN,Amazon,,,
2024-04-16,1.0384613700885112,1.0384613700885112,1.0270371056447634,1.0662095995290772,1.0358838085288038,-1.0113342283022788,-0.0985217083471947,1.1009008580219226,1.0642475239015037,AMZN,Amazon,,,
2024-04-17,0.9752280056140412,0.9752280056140412,1.0189908649540385,0.9903983878448336,1.068112336624391,-1.066534066032618,-0.525313432100218,1.07504136484537,1.06246186675865,AMZN,Amazon,,,
2024-04-18,0.9113750493294558,0.9113750493294558,0.951524560520492,0.9540456822751944,0.9801032090775956,-1.0894523063125363,-0.5358993951094441,1.039421119351338,1.054746306086198,AMZN,Amazon,,,
2024-04-19,0.7691006887181694,0.7691006887181694,0.8466117630830653,0.7921695183806128,0.8955029090766282,-0.1784567602652547,-1.1763458502561064,0.976552706880317,1.0341577065945304,AMZN,Amazon,,,
2024-04-22,0.8496916103219688,0.8496916103219688,0.8425884066252345,0.8269681384386675,0.8397223096254193,-0.8299200841396799,0.6441894012970637,0.949880294632622,1.023130009902122,AMZN,Amazon,,,
2024-04-23,0.9212937209706222,0.9212937209706222,0.8753929285046458,0.8710879528967413,0.8750499438016518,-0.8615781785914494,0.5608181871643577,0.9480707427139786,1.019936416992991,AMZN,Amazon,,,
2024-04-24,0.8298537940687885,0.8298537940687885,0.8874629978781379,0.8773019244648738,0.932689817758368,-0.9647048537557176,-0.7636820000244823,0.9234778492772076,1.0083088308580217,AMZN,Amazon,,,
2024-04-25,0.7393437278529751,0.7393437278529751,0.6893972205935848,0.5709489067047376,0.6147406373150766,-0.4217779044731684,-0.7683842097630643,0.8820337358856006,0.989102696532605,AMZN,Amazon,,,
2024-04-26,0.9237735071236256,0.9237735071236256,0.9029368645929498,0.8757487871445715,0.8663730142044859,-0.6138600768207899,1.5149904338107032,0.8978159602058273,0.9892390931327416,AMZN,Amazon,,,
2024-04-29,0.9653093339728748,0.9653093339728748,0.9868049577412654,0.9770378985824898,1.0197693080524113,-0.2482602636056317,0.3102719196458464,0.9202072654610962,0.9933260398288662,AMZN,Amazon,,,
2024-04-30,0.7805692858263189,0.7805692858263189,0.9700933894682416,0.834425188777811,0.9683271733997862,1.2141209689371206,-1.5055982398141263,0.8900565928531917,0.9794153243250452,AMZN,Amazon,,,
2024-05-01,0.904555755651408,0.904555755651408,1.036940134785277,0.8891088023112742,0.9853713111289324,1.2143119843066497,1.0023928239962057,0.898949694885453,0.9785988178018528,AMZN,Amazon,,,
2024-05-02,1.0818564453389534,1.0818564453389534,1.035393125893743,0.9931946039361472,0.9608900753777558,-0.2396249272774852,1.4113739108939567,0.9506732633026618,0.994772868581314,AMZN,Amazon,,,
2024-05-03,1.1280415756183042,1.1280415756183042,1.1211180074918472,1.164391962230748,1.1511635564422378,-0.7849738072831205,0.3375143495668187,1.0012020075494712,1.0138830927874836,AMZN,Amazon,,,
2024-05-06,1.2052228503830795,1.2052228503830795,1.1483521640218957,1.145128508140845,1.129161038126938,-0.9452357023180517,0.5760141761812678,1.0587110401042743,1.0386199200571204,AMZN,Amazon,,,
2024-05-07,1.2070825717551223,1.2070825717551223,1.1851800423591377,1.223114870626534,1.210972426369645,-0.9696135883462584,-0.0107891121738262,1.102315386887894,1.06128538160469,AMZN,Amazon,,,
2024-05-08,1.1835253127578589,1.1835253127578589,1.1384486626564467,1.1945302221366136,1.1651085880907397,-1.2547851187989292,-0.206069629176096,1.1290325300099084,1.0796427391821624,AMZN,Amazon,,,
2024-05-09,1.2300202389422672,1.2300202389422672,1.239647883194298,1.2271541654888605,1.2097330676517064,-0.6337328833789704,0.3335779590435798,1.16088517728449,1.1007673455008795,AMZN,Amazon,,,
2024-05-10,1.167406939248759,1.167406939248759,1.1836325612426692,1.2113079927801351,1.218409997248871,-0.9662654132841348,-0.5042545365003439,1.1688640453117385,1.1139975731954326,AMZN,Amazon,,,
2024-05-13,1.139200376821396,1.139200376821396,1.1347350857568697,1.1625278181698733,1.182462447285071,-1.2993962177429186,-0.2432692860697587,1.167680648447666,1.1233338535595063,AMZN,Amazon,,,
2024-05-14,1.1546986855495325,1.1546986855495325,1.1164760363673782,1.1031833703885792,1.0529279462579515,-0.8020498605063086,0.0953878539687223,1.1707313641106354,1.133300080973244,AMZN,Amazon,,,
2024-05-15,1.1212222819402573,1.1212222819402573,1.0855283029377547,1.0808126934667883,1.119554471277019,0.5228651791198464,-0.2846008701724588,1.1645127376837008,1.1391662907081692,AMZN,Amazon,,,
2024-05-16,1.04807024582462,1.04807024582462,1.103787352327246,1.1034943771291523,1.108088629921591,-0.7971375218521918,-0.5954713353804889,1.1412601602280188,1.137519743740592,AMZN,Amazon,,,
2024-05-17,1.0812363805579908,1.0812363805579908,1.0415825781346817,1.1000766216523326,1.0510681988952475,-1.001084271492075,0.2368487770173844,1.132248548124993,1.1391872769887563,AMZN,Amazon,,,
2024-05-20,1.0452801907957114,1.0452801907957114,1.083980821821286,1.0979014708508843,1.0690419738771473,-1.0970929210937013,-0.3074016624670128,1.1163530393214454,1.137272621915666,AMZN,Amazon,,,
2024-05-21,1.0331915289066,1.0331915289066,0.9784489374922866,1.019293568979688,1.0058242764039087,-0.3644841058051608,-0.1205990631874299,1.1013595671436378,1.1343786423479023,AMZN,Amazon,,,
2024-05-22,1.032571937096484,1.032571937096484,1.0391067027933192,1.0571994118696295,1.0547872207634588,-1.1822569433950805,-0.0299877659868905,1.089957019011945,1.1316886363303136,AMZN,Amazon,,,
2024-05-23,0.9680989160309358,0.9680989160309358,1.024870537636722,0.9984765034738418,1.0479695656717982,-0.9832621771086504,-0.5356493891346423,1.0650219181169691,1.1230917796894178,AMZN,Amazon,,,
2024-05-24,0.9587998361998846,0.9587998361998846,0.9530720416369604,1.00531201442748,0.9856810325941182,-1.2066636619318951,-0.0995679726626308,1.0439576104218709,1.1143892265591329,AMZN,Amazon,,,
2024-05-28,1.0021949114503277,1.0021949114503277,0.9468825893960238,0.9801451214143766,0.9323796234359842,-1.1181694848862729,0.3230927978491502,1.0391864688469086,1.1106181560400736,AMZN,Amazon,,,
2024-05-29,0.9981656728011868,0.9981656728011868,1.0038263055725456,1.044149929347859,0.9872305856344396,-1.043122069042785,-0.057161275769545,1.034584245931478,1.1068054788489554,AMZN,Amazon,,,
2024-05-30,0.914474900263422,0.914474900263422,0.9190293459744008,0.9450354946157484,0.9751448284914424,-1.1449224488110774,-0.691878137043367,1.0098659809026274,1.0953544387262903,AMZN,Amazon,,,
2024-05-31,0.8252044906386866,0.8252044906386866,0.8531109948822582,0.8055295335473155,0.8818675988933107,-0.0738235865262097,-0.747042460494835,0.9686428469998896,1.0764270769049098,AMZN,Amazon,,,
2024-06-03,0.884097874617265,0.884097874617265,0.8373273486091909,0.8692238088358657,0.8632739081238414,-1.0871889543867952,0.4589839566571453,0.9526908490802236,1.064839425567617,AMZN,Amazon,,,
2024-06-04,0.9150944920735372,0.9150944920735372,0.8719891311633261,0.885380514189523,0.8614146336183343,-1.216509963621585,0.2269762322478681,0.948603377262521,1.057262596699238,AMZN,Amazon,,,
2024-06-05,0.9752280056140412,0.9752280056140412,0.9239810966571244,0.9571529051070812,0.9376481983445196,-1.0392621169528664,0.461184676458294,0.9608182542758176,1.056111932938408,AMZN,Amazon,,,
2024-06-06,1.0905354603890418,1.0905354603890418,1.032298163660807,1.0422857852869842,0.9887801386747618,-1.0661195987213758,0.8973671902211661,0.9992801006847076,1.0660674051707864,AMZN,Amazon,,,
2024-06-07,1.0688379227638207,1.0688379227638207,1.0722205320060496,1.1003871542972663,1.0863958330714791,-1.1868449163273551,-0.1951696440617925,1.0226129408931932,1.0730476637641675,AMZN,Amazon,,,
2024-06-10,1.1543884166736254,1.1543884166736254,1.1013114769858847,1.1137471694639685,1.060675238602364,-0.9553162681401826,0.6480995258596538,1.0618517412593558,1.0875557601004262,AMZN,Amazon,,,
2024-06-11,1.159657784884691,1.159657784884691,1.1180235174838458,1.137049918416196,1.1533325524129272,-1.2141060532163788,0.0157702188940125,1.0926198366373752,1.1012476911081857,AMZN,Amazon,,,
2024-06-12,1.1491190484625626,1.1491190484625626,1.1359732595400198,1.1647024948756803,1.183082363072639,-0.971945417479944,-0.1067113471707034,1.113017917964095,1.1126893960747373,AMZN,Amazon,,,
2024-06-13,1.054269474721705,1.054269474721705,1.1149285552509098,1.0789485494059137,1.123273020288034,-0.7651694779328845,-0.7610924117228594,1.1042143267254718,1.1140413104271265,AMZN,Amazon,,,
2024-06-14,1.049000106510639,1.049000106510639,0.9926851026488838,1.0652775274986368,1.0299957906898995,-1.2792927511158727,-0.0666514055733478,1.096272638193107,1.114767570954504,AMZN,Amazon,,,
2024-06-17,1.0613985643048085,1.0613985643048085,1.032298163660807,1.033896662917402,1.0126419314955666,-0.9136424810106504,0.0728194750143293,1.093466934368149,1.1166107495950657,AMZN,Amazon,,,
2024-06-18,1.0226527924844682,1.0226527924844682,1.0103250651468023,1.0404211671304666,1.0504487559648767,-0.8755367168213791,-0.3303626587274347,1.0815169982218695,1.1145896170159433,AMZN,Amazon,,,
2024-06-20,1.1246319287792794,1.1246319287792794,1.0790290711385635,1.080502160821857,1.0247276886385612,-0.5847752837622995,0.7839139811319411,1.098468386003003,1.1224820937829738,AMZN,Amazon,,,
2024-06-21,1.2170017163671345,1.2170017163671345,1.1647544249616013,1.178062984138025,1.1762647079809812,0.3546491157726368,0.6947291260970148,1.134653942520402,1.138470110894532,AMZN,Amazon,,,
2024-06-24,1.1082037593651235,1.1082037593651235,1.217984564238549,1.1615957461394346,1.223678099300209,-0.372726599203521,-0.8595502180781788,1.1341465447321173,1.1426242154840716,AMZN,Amazon,,,
2024-06-25,1.1320708142674445,1.1320708142674445,1.151137346696578,1.164391962230748,1.1455852600685148,-0.5617236931300684,0.1614384979296979,1.139830835355776,1.1486778394183266,AMZN,Amazon,,,
2024-06-26,1.357416355606381,1.357416355606381,1.335586045716106,1.1904909272742907,1.148994087614346,0.1496283551870995,1.7287087582150775,1.2013564355179542,1.1756814417772985,AMZN,Amazon,,,
2024-06-27,1.4888421838904788,1.4888421838904788,1.491562414422438,1.4371894387038406,1.3996963543938048,0.4845756076881981,0.9593549021725992,1.280897151784124,1.2127695618291243,AMZN,Amazon,,,
2024-06-28,1.3462575544032882,1.3462575544032882,1.460924460551068,1.3843699692312532,1.4839869329295847,0.5758557258780849,-1.0702144525045327,1.3043206184478304,1.232881978300654,AMZN,Amazon,,,
2024-07-01,1.4686940987613943,1.4686940987613943,1.4439031127197888,1.394312703016778,1.3525931573969596,-0.7121717230474939,0.8937297051195727,1.3530004745654451,1.2628477127487818,AMZN,Amazon,,,
2024-07-02,1.5554847222331265,1.5554847222331265,1.5098214638119305,1.490940980206866,1.470041901281083,-0.5533046006164831,0.613182846047247,1.4115646652326437,1.2983700174812725,AMZN,Amazon,,,
2024-07-03,1.4807827606505075,1.4807827606505075,1.497442559330055,1.516729412605477,1.5524732053113586,-1.057949186594536,-0.5667542454337414,1.436505350229203,1.3235356778688443,AMZN,Amazon,,,
2024-07-05,1.5554847222331265,1.5554847222331265,1.5135355129364418,1.5605386944186166,1.5124969120141605,-0.7602174945794314,0.5231976256181498,1.4741933219804595,1.3535408948631498,AMZN,Amazon,,,
2024-07-08,1.533476915732,1.533476915732,1.5336513507757228,1.5540141902055518,1.555571838534804,-0.9437219956161226,-0.1846628435349287,1.4968669140102948,1.378718591272132,AMZN,Amazon,,,
2024-07-09,1.535026841198984,1.535026841198984,1.5141545998280166,1.5878807382331686,1.5357387890473972,-1.018225197859631,-0.0138029694911004,1.5142659584010256,1.4017552851956585,AMZN,Amazon,,,
2024-07-10,1.5489752244601362,1.5489752244601362,1.4999184346714185,1.5456250678359704,1.5543324798168656,-1.0116045330704804,0.0763945128331217,1.5308596546367434,1.4240285550208114,AMZN,Amazon,,,
2024-07-11,1.4020515604187478,1.4020515604187478,1.5048701853541413,1.395555307692149,1.5571213915751272,-0.5906066586283016,-1.091561987875204,1.5059702675442308,1.4302589368163094,AMZN,Amazon,,,
2024-07-12,1.384693530318572,1.384693530318572,1.3872687038765852,1.4256935675980136,1.3931888936245278,-1.093968197973291,-0.154140993648774,1.4828923915463024,1.4342667836997371,AMZN,Amazon,,,
2024-07-15,1.3298293849891316,1.3298293849891316,1.3786033762942853,1.3324825717891031,1.3857513227452989,-0.7305091985222893,-0.4341785567851805,1.451642498774678,1.432675670903591,AMZN,Amazon,,,
2024-07-16,1.339128464820182,1.339128464820182,1.391910675001054,1.376291853602246,1.4176701293757044,-0.9715669908044616,0.0448941230104079,1.4305680612198275,1.4321164336365628,AMZN,Amazon,,,
2024-07-17,1.181355322509913,1.181355322509913,1.235934306294723,1.1821022790003497,1.286276353843076,-0.4640643824106242,-1.2104834635409565,1.3746706212059103,1.4165548377589092,AMZN,Amazon,,,
2024-07-18,1.0517896885687017,1.0517896885687017,1.1771333294434765,1.0410427065159722,1.231735113109807,-0.3571137957921976,-1.0249171752499906,1.2998237176047167,1.3900460236643344,AMZN,Amazon,,,
2024-07-19,1.032571937096484,1.032571937096484,1.030131595652764,0.9994085755042796,0.9698767264401076,-0.6440621295878468,-0.1767553137037337,1.2388051318577566,1.3641135284361623,AMZN,Amazon,,,
2024-07-22,1.0145938422153442,1.0145938422153442,1.0341549521105928,1.0730451104827126,1.0894949391521227,-0.757586528168936,-0.1674518589735192,1.1884727926843983,1.3388232355793852,AMZN,Amazon,,,
2024-07-23,1.1342408045153871,1.1342408045153871,1.1681586945278577,1.1066011258653965,1.0616048758551169,-0.4834686607039219,0.9254238316628788,1.1811269358729315,1.3272476245935665,AMZN,Amazon,,,
2024-07-24,0.961279622352888,0.961279622352888,1.0462245492591504,1.008729769904297,1.033714339700914,-0.699903490634718,-1.37067632811747,1.1316665102909562,1.300222046584034,AMZN,Amazon,,,
2024-07-25,0.9309030696775784,0.9309030696775784,0.9982554679982474,0.8965658526504179,1.0247276886385612,-0.594239554712931,-0.268696018608046,1.08685222866702,1.2727551003103466,AMZN,Amazon,,,
2024-07-26,1.0130439167483611,1.0130439167483611,0.976282841709178,1.003447870366605,0.9466348494068704,-1.1333425925413216,0.6372621941073745,1.0741142649229916,1.2556222400950996,AMZN,Amazon,,,
2024-07-29,1.0347414543735822,1.0347414543735822,1.024561230303401,1.0699383617464675,1.0535473891883225,-0.9976820354763108,0.1473362202249891,1.070074336713151,1.242117083335477,AMZN,Amazon,,,
2024-07-30,0.9885567970650788,0.9885567970650788,1.0589132332992817,0.9767273659375576,1.0808180095549569,-0.7728425292862334,-0.3906824485292175,1.0553084428081254,1.225433171546406,AMZN,Amazon,,,
2024-07-31,1.1519086305206228,1.1519086305206228,1.1232845754998904,1.1345647090654558,1.091044492192445,-0.6950416088706656,1.2786252628719177,1.0857432311434407,1.2258514425176938,AMZN,Amazon,,,
2024-08-01,1.0617088331807154,1.0617088331807154,1.205605659756673,1.0540921890377428,1.2224382677250718,0.3417862128698174,-0.7246743374792949,1.0856487212663222,1.2176256902568412,AMZN,Amazon,,,
2024-08-02,0.5604931126984467,0.5604931126984467,0.5300165823209976,0.3916729586854874,0.5239425980100189,2.901132671982541,-3.973984733275648,0.958214297616072,1.1623265420883524,AMZN,Amazon,,,
2024-08-05,0.3472367062194695,0.3472367062194695,0.3502103266508741,0.1139041153196324,0.1353386220714612,0.7999996477979902,-1.8670672600770444,0.8084480584453521,1.0917077105077335,AMZN,Amazon,,,
2024-08-06,0.3754432686468333,0.3754432686468333,0.4158193704096966,0.3292212880723073,0.3677573924038326,-0.0360926449488446,0.2289600797017973,0.7032909269518192,1.030199972065419,AMZN,Amazon,,,
2024-08-07,0.4014807867679461,0.4014807867679461,0.4931887039837557,0.4190145284043985,0.5177448587059287,-0.4520952872746581,0.2081067890249972,0.6310394520357451,0.9767680961856444,AMZN,Amazon,,,
2024-08-08,0.4954004998227833,0.4954004998227833,0.4656452401203881,0.4538136225580943,0.4749796536504687,-0.5887613780773788,0.8117096817284114,0.6007167118985938,0.937154580806373,AMZN,Amazon,,,
2024-08-09,0.5307366248040999,0.5307366248040999,0.5232080431884856,0.5563458127670238,0.513096199584962,-0.8848424089746656,0.2839970922414359,0.5869538923374126,0.9045137278597712,AMZN,Amazon,,,
2024-08-12,0.5263971172790556,0.5263971172790556,0.5232080431884856,0.5644239283960318,0.5670175245306637,-1.112914760192434,-0.0627793971310324,0.575529068746891,0.8744261910392864,AMZN,Amazon,,,
2024-08-13,0.6327152881280629,0.6327152881280629,0.6002675972042891,0.595183727687403,0.5567910418931755,-0.7825987293865225,0.8992891856944283,0.5939768796782189,0.8572177438750448,AMZN,Amazon,,,
2024-08-14,0.6286860494789237,0.6286860494789237,0.6386429566579995,0.6498673412208662,0.6900445647885083,-1.1572087015417334,-0.0594075808840506,0.6067888711425045,0.8411892697337613,AMZN,Amazon,,,
2024-08-15,0.8608504115250608,0.8608504115250608,0.8128788469787602,0.8092582957647079,0.7752647805770445,-0.3335107834328353,1.954284006512876,0.6753929722206492,0.8487688238787927,AMZN,Amazon,,,
2024-08-16,0.8444222421109042,0.8444222421109042,0.826186145685529,0.879787607911255,0.842820942848865,-1.061866803701671,-0.1592362735232285,0.7226714985344734,0.8540919094584734,AMZN,Amazon,,,
2024-08-19,0.8803784318731835,0.8803784318731835,0.8249484441273159,0.8766808591750093,0.8614146336183343,-1.074819808193891,0.2694201507984852,0.7672671929961188,0.8623616725568756,AMZN,Amazon,,,
2024-08-20,0.9008363129073266,0.9008363129073266,0.8469210704163844,0.916139839385253,0.8700915632155002,-1.250503491270616,0.141389468315835,0.8059125002576061,0.8718315335895355,AMZN,Amazon,,,
2024-08-21,0.9389620199467044,0.9389620199467044,0.951524560520492,0.961502732614338,0.9320699019707992,-0.9137433947907788,0.2840125504825319,0.8445845747966868,0.8840780870619934,AMZN,Amazon,,,
2024-08-22,0.8155956149025778,0.8155956149025778,0.9230527024322306,0.861766758496722,0.9773142973193352,-1.041745316756745,-1.0184124871174354,0.8422400883974015,0.8834408796389955,AMZN,Amazon,,,
2024-08-23,0.8438021773299416,0.8438021773299416,0.8456833688581714,0.8480962106850871,0.8521177882335996,-1.1461694548083807,0.2071661132709319,0.8476492714824444,0.8855527995217909,AMZN,Amazon,,,
2024-08-26,0.7960675945544551,0.7960675945544551,0.799261768713736,0.8188900228096593,0.8322847387461919,-1.3906655237420773,-0.4160995284709418,0.8395763606802262,0.8829183511286481,AMZN,Amazon,,,
2024-08-27,0.7222954936578558,0.7222954936578558,0.7194165597983146,0.7551957475211091,0.7532622622617459,-1.1212329389258906,-0.6346885587038488,0.8147755057584872,0.8734847725077776,AMZN,Amazon,,,
2024-08-28,0.6503835871041448,0.6503835871041448,0.6822793741277535,0.6517314852817419,0.7390075091480584,-1.149957325626779,-0.6274864473549829,0.7779013853008873,0.8580476482904823,AMZN,Amazon,,,
2024-08-29,0.6912988762015836,0.6912988762015836,0.700847730850566,0.7104543936775296,0.7244425617119872,-1.245003690253608,0.3223205029778204,0.7606427476019355,0.8479176430348296,AMZN,Amazon,,,
2024-08-30,0.8890574469232719,0.8890574469232719,0.8435168008501284,0.7660705533370717,0.7108072515286696,-0.6315344045975975,1.641163093799224,0.7979510476359871,0.8575767713643487,AMZN,Amazon,,,
2024-09-03,0.8193150576466592,0.8193150576466592,0.8237102703441667,0.8487172759749516,0.8586257218600735,-0.8337908484203265,-0.5917036768113877,0.8082100877619188,0.859703647973299,AMZN,Amazon,,,
2024-09-04,0.7288049914308459,0.7288049914308459,0.7531494759026197,0.764205935180555,0.763488744899234,-1.10439475389872,-0.7698180828524005,0.7929049245423403,0.8530015706878091,AMZN,Amazon,,,
2024-09-05,0.870149491356112,0.870149491356112,0.8738459196131136,0.8406391603459434,0.7796032453756274,-0.7489872324765496,1.1575240553192052,0.8173429942943916,0.8603945082028525,AMZN,Amazon,,,
2024-09-06,0.6686714778903421,0.6686714778903421,0.8274243194686782,0.7213291994934923,0.8490191550101539,-0.702278568531316,-1.6676027398037474,0.7844741235651216,0.8478922629587984,AMZN,Amazon,,,
2024-09-09,0.7929677436204888,0.7929677436204888,0.7491265916697253,0.7943441950864206,0.7650382979395562,-1.1502312344585566,1.0266559481011035,0.7914072990055263,0.8483857416952041,AMZN,Amazon,,,
2024-09-10,0.9216039898465274,0.9216039898465274,0.8930333632275007,0.8962548459098445,0.8567664473545663,-0.8908684032737729,1.0384944761078652,0.8292948381790823,0.8611075942273946,AMZN,Amazon,,,
2024-09-11,1.0756572164418676,1.0756572164418676,1.0319888563274888,0.8633203699126655,0.9376481983445196,-0.662698742339452,1.2192042526918263,0.8968568394857257,0.8873711944330603,AMZN,Amazon,,,
2024-09-12,1.1525286953015863,1.1525286953015863,1.106882314560183,1.1059795864798925,1.0832971998480323,-0.9878032972144368,0.5790847393016599,0.9670620928362342,0.9185815330424288,AMZN,Amazon,,,
2024-09-13,1.1367205906683937,1.1367205906683937,1.14061523066449,1.1796165955539657,1.1514732779074217,-1.2418465305610134,-0.1476767691880071,1.0156990475389245,0.9454463105811002,AMZN,Amazon,,,
2024-09-16,1.087125813550018,1.087125813550018,1.0573657521828106,1.1003871542972663,1.0984815902144736,-1.2573403998743282,-0.4107511105602345,1.0395742728961623,0.9651369781736092,AMZN,Amazon,,,
2024-09-17,1.1488092525575049,1.1488092525575049,1.170015482977645,1.186762639152538,1.1468250916436529,-1.256396135217411,0.4587451601854596,1.0731550231590172,0.9889228265653116,AMZN,Amazon,,,
2024-09-18,1.1348603963255044,1.1348603963255044,1.149899645138364,1.1532066237698515,1.134429140178275,-0.955226166550782,-0.1333273787745298,1.0947960527272325,1.0092154591731208,AMZN,Amazon,,,
2024-09-19,1.2414888360504168,1.2414888360504168,1.2176752569052307,1.2591565694556015,1.2456801447583088,-0.7715955232889301,0.804371884508114,1.1381220957130378,1.0378367689116583,AMZN,Amazon,,,
2024-09-20,1.295113324788777,1.295113324788777,1.2439805469854488,1.226222093458421,1.2515681625972133,1.4209509694378204,0.3845010362814103,1.18424310554264,1.068972475234922,AMZN,Amazon,,,
2024-09-23,1.365785574751411,1.365785574751411,1.3247541501257631,1.3244044561600952,1.2952630049054277,-0.8635027485410446,0.5098375370982625,1.236792333998208,1.1040205303251784,AMZN,Amazon,,,
2024-09-24,1.3682653609044144,1.3682653609044144,1.3532260082140246,1.3107334342528192,1.3767646716829487,-0.6297503931274671,-0.006532889075374,1.2768343918920009,1.1361189959738145,AMZN,Amazon,,,
2024-09-25,1.3239399519971045,1.3239399519971045,1.3092802834109514,1.373806170155862,1.3606501712065562,-1.2456055688708034,-0.3564991510524246,1.2956024397459625,1.1610703143683576,AMZN,Amazon,,,
2024-09-26,1.2814747374326807,1.2814747374326807,1.3272300254671254,1.292401578097713,1.3780040304008865,-0.8872246949984156,-0.3449489136175249,1.298887672623831,1.1797017080516048,AMZN,Amazon,,,
2024-09-27,1.1825954520718382,1.1825954520718382,1.2148896020056128,1.2240469426569744,1.2655131942457167,-0.8992118104522618,-0.7752230451748839,1.2762254581280994,1.1872052266644997,AMZN,Amazon,,,
2024-09-30,1.1317610183623856,1.1317610183623856,1.1403059233311714,1.1404676738930155,1.1558117427060048,-0.6980473978930671,-0.4172786921976538,1.2463112984035936,1.1891764736498132,AMZN,Amazon,,,
2024-10-01,1.0945651720090284,1.0945651720090284,1.069126041998049,1.1031833703885792,1.0863958330714791,-0.8976764793688768,-0.3145803007830267,1.2144238707010082,1.187419645844919,AMZN,Amazon,,,
2024-10-02,1.0830961019300331,1.0830961019300331,1.0818147260381783,1.1215147524480442,1.0721410799577908,-1.3424467571584908,-0.1149251041319259,1.1875939033472576,1.1847282611133176,AMZN,Amazon,,,
2024-10-03,0.9963059514291468,0.9963059514291468,0.984019775066584,1.0233328638420127,1.029066153437146,-1.1081754165899662,-0.7063172679848642,1.1454172494392176,1.174000864885825,AMZN,Amazon,,,
2024-10-04,1.1373401824785097,1.1373401824785097,1.1127624594678025,1.1078442046364083,1.11273681618536,-0.7230451828563497,1.098962546641947,1.149622858989496,1.1777048186674457,AMZN,Amazon,,,
2024-10-07,0.9603497616668676,0.9603497616668676,0.9889715257493076,1.0037584030115363,1.0259670473565017,-0.6699248898093744,-1.401284595483284,1.1078021664446212,1.1641853228181551,AMZN,Amazon,,,
2024-10-08,1.0198632104264087,1.0198632104264087,0.973187879476242,1.024575468517383,0.9940482407260984,-1.2462903409502477,0.4522843202282908,1.0915595637279414,1.1575730739014485,AMZN,Amazon,,,
2024-10-09,1.0958048286001063,1.0958048286001063,1.0586039259659608,1.0596850953160106,1.021938776880302,-1.2473355193872937,0.5776563023244506,1.0986750778771976,1.1588075585665287,AMZN,Amazon,,,
2024-10-10,1.141679690003553,1.141679690003553,1.1291647204075086,1.1771309121075864,1.1555020212408198,-1.195368526684645,0.3342031965256659,1.1156689392376171,1.1643067561552949,AMZN,Amazon,,,
2024-10-11,1.2089427660980088,1.2089427660980088,1.184870262800882,1.1917340060453,1.140007436551995,-1.2686535554394585,0.4975353351588727,1.1455065037916818,1.1757236235772666,AMZN,Amazon,,,
2024-10-14,1.1692666606208006,1.1692666606208006,1.1817757727928817,1.22466848204248,1.2376231309487116,-1.3817202379463929,-0.3298121397099088,1.157802612559656,1.1823170809309569,AMZN,Amazon,,,
2024-10-15,1.17391643702175,1.17391643702175,1.1378300479898067,1.1382929971872071,1.1709966059296446,-1.0370095772178531,0.0108744359812964,1.1682062452406945,1.188754770089489,AMZN,Amazon,,,
2024-10-16,1.1491190484625626,1.1491190484625626,1.1183328248171658,1.1702954011539493,1.153022830947744,-1.351359606381991,-0.2166835145679274,1.1697077244165854,1.19224128605774,AMZN,Amazon,,,
2024-10-17,1.168956864715743,1.168956864715743,1.154232308929514,1.182412811645281,1.18928010237673,-1.294321696227881,0.128855159493387,1.1758748060291633,1.197303579980667,AMZN,Amazon,,,
2024-10-18,1.2142121343090742,1.2142121343090742,1.2099383235478247,1.1911124666597943,1.1561214641711903,-0.848199894597259,0.3248902389697042,1.19199989898874,1.2062234886660403,AMZN,Amazon,,,
2024-10-21,1.2166919204620767,1.2166919204620767,1.1703252625359004,1.1948407547815467,1.1840120003253936,-1.3087379505319654,-0.0060529501317467,1.2047238552605364,1.2145690939465958,AMZN,Amazon,,,
2024-10-22,1.236219467839352,1.236219467839352,1.2340775178449346,1.2128616041960778,1.1933088457101273,-1.1281311166103951,0.1247003880976624,1.2192289525096194,1.224019138912748,AMZN,Amazon,,,
2024-10-23,1.0815466494338957,1.0815466494338957,1.1610408480620245,1.1106404207277227,1.208803430398952,-1.0457242029446725,-1.207528172152383,1.1908039845216198,1.2178526936586824,AMZN,Amazon,,,
2024-10-24,1.1333109438293687,1.1333109438293687,1.0975979000863112,1.1159223202654185,1.097242231496535,-1.4165715327265171,0.3813379449089224,1.1826390435670873,1.2171856862871602,AMZN,Amazon,,,
2024-10-25,1.1782559445467942,1.1782559445467942,1.2009632164072686,1.229950381580174,1.1778142610213025,-1.138528840027216,0.3246354181989346,1.187936277415906,1.220867536373247,AMZN,Amazon,,,
2024-10-28,1.195613974646971,1.195613974646971,1.1935360626081182,1.2510784538265936,1.2311156701794366,-1.1901138019908062,0.108938510814722,1.196320038481065,1.2258708093821715,AMZN,Amazon,,,
2024-10-29,1.271245796915611,1.271245796915611,1.2322207293951477,1.238961043335261,1.200436222266972,-0.9104600928730238,0.557130815067062,1.2218266034675314,1.2376353016834696,AMZN,Amazon,,,
2024-10-30,1.3301391808941885,1.3301391808941885,1.360653634238112,1.381884285784872,1.3900897875438831,-0.8377517142903738,0.4224818112602551,1.2559218797147678,1.2539493359122462,AMZN,Amazon,,,
2024-10-31,1.1339305356394849,1.1339305356394849,1.205605659756673,1.158488523307547,1.2602450921943815,0.5115808560633243,-1.5014803592512356,1.231634908960284,1.250059931110023,AMZN,Amazon,,,
2024-11-01,1.4913214970726358,1.4913214970726358,1.5119880318199734,1.5248080023301231,1.5233433104392162,1.3960540982546663,2.7554796820446485,1.3042360232317285,1.2806229225718464,AMZN,Amazon,,,
2024-11-04,1.4246789587299893,1.4246789587299893,1.413883773515059,1.440607194180658,1.4443208339547702,-0.8094778355364881,-0.5133682204719938,1.341752374772412,1.3020490691318,AMZN,Amazon,,,
2024-11-05,1.53998641350499,1.53998641350499,1.4909437997557988,1.4928055983633837,1.431615161024206,-1.09518276739841,0.8290481128871674,1.3991903270768418,1.3325289143830723,AMZN,Amazon,,,
2024-11-06,1.7752506264850942,1.7752506264850942,1.7301696469438073,1.590676954324482,1.5546422012820524,0.4086992572222255,1.6851217798019,1.5020515995218042,1.3826845168975137,AMZN,Amazon,,,
2024-11-07,1.8670008222628325,1.8670008222628325,1.8756238996180512,1.8407932212308529,1.78489197564373,-0.2909864372993621,0.61743244930226,1.60251212553874,1.437034441914366,AMZN,Amazon,,,
2024-11-08,1.8090368259994267,1.8090368259994267,1.804753797843185,1.8485608042149289,1.8555472439961949,-0.8965628237238863,-0.4252755779673327,1.6631283335415572,1.480913096681518,AMZN,Amazon,,,
2024-11-11,1.7675014721210265,1.7675014721210265,1.795159603811056,1.7910805004945116,1.8177404195268867,-0.9189008097680652,-0.3144252051207736,1.6980359727148302,1.5168398781729016,AMZN,Amazon,,,
2024-11-12,1.831664697281514,1.831664697281514,1.7917553342447992,1.8041299830162831,1.8137116761934888,-0.7932307169357848,0.4247877291001484,1.7405211698918237,1.5556224274938009,AMZN,Amazon,,,
2024-11-13,1.992537217554904,1.992537217554904,1.9635153492241983,1.901380273687516,1.8456304828238923,-0.5312152949590496,1.0916721161042042,1.8132642601727984,1.60622820176118,AMZN,Amazon,,,
2024-11-14,1.911325758199294,1.911325758199294,1.988582937746204,1.9554428219311148,1.9931392316901089,-0.6606948829911843,-0.5751738516593066,1.847184996407111,1.6444850334046683,AMZN,Amazon,,,
2024-11-15,1.6363859127128315,1.6363859127128315,1.7236704151446152,1.605280048262197,1.763819094581187,0.924040703893909,-1.9104804126117003,1.802760795904884,1.6530318510727842,AMZN,Amazon,,,
2024-11-18,1.6081788773146195,1.6081788773146195,1.6410400235545115,1.6469141792738886,1.6829373435912325,-0.8845216473163998,-0.2269794022934037,1.7622749774574478,1.658110440831946,AMZN,Amazon,,,
2024-11-19,1.6983791476253762,1.6983791476253762,1.6605372467271542,1.5794916158635872,1.5335697930767045,-1.0723654408986203,0.6234582955104817,1.7548313349367335,1.6713333843377254,AMZN,Amazon,,,
2024-11-20,1.6447551318578617,1.6447551318578617,1.5933807218518632,1.6003086813694336,1.6466800721622448,-1.0157419980557527,-0.4051549375984226,1.7356222456422072,1.6782379533629057,AMZN,Amazon,,,
2024-11-21,1.5052703533046363,1.5052703533046363,1.604521924775526,1.4853485480242392,1.662484851173455,-0.0775682085816956,-1.022144205837679,1.6857710588720982,1.6712065360045705,AMZN,Amazon,,,
2024-11-22,1.4662143126083909,1.4662143126083909,1.4736126723662648,1.5164188799605427,1.500101433405979,-1.060367513254046,-0.3105942021724346,1.6384581683315318,1.6610879860039391,AMZN,Amazon,,,
2024-11-25,1.6004297229505515,1.6004297229505515,1.5568621508479403,1.5863271268172252,1.532020240036382,-0.7304190969328889,0.9623487600601924,1.6370788751219232,1.6646948499552496,AMZN,Amazon,,,
2024-11-26,1.7991181543582613,1.7991181543582613,1.7440960325421506,1.6730131443174296,1.613211712491521,-0.6948109488018002,1.4052610929397196,1.6865329697067435,1.686930759578688,AMZN,Amazon,,,
2024-11-27,1.7334054767016351,1.7334054767016351,1.732954829618489,1.774302729850989,1.7706367496728428,-1.1853996868333707,-0.4835539490266223,1.706925342666221,1.7008755501185966,AMZN,Amazon,,,
2024-11-29,1.8000480150442806,1.8000480150442806,1.7502854847830882,1.7600101685582084,1.7349993940314263,-1.2996196696846318,0.4446691783300858,1.7391541065487284,1.719911023560224,AMZN,Amazon,,,
2024-12-02,1.887458703296976,1.887458703296976,1.8985253923569507,1.912876144793345,1.8629848148754224,-0.7723163360041343,0.584687885791306,1.785537542224186,1.7455558880054864,AMZN,Amazon,,,
2024-12-03,1.9720793365207607,1.9720793365207607,1.9304015200114664,1.9172259723006009,1.8738307404432788,-1.0357157183940615,0.557324415941353,1.8418280030068168,1.776943089464965,AMZN,Amazon,,,
2024-12-04,2.118383408752033,2.118383408752033,2.1154688336976344,2.106755186750308,2.0489198311413195,-0.4399315727055868,0.9689847433389588,1.9212230638647565,1.8194358387904184,AMZN,Amazon,,,
2024-12-05,2.192465305553691,2.192465305553691,2.1820062716813515,2.154914296070706,2.1130671658673106,-0.7140386279798728,0.4673792273902583,1.999594253327451,1.86513379419138,AMZN,Amazon,,,
2024-12-06,2.3933232542384983,2.3933232542384983,2.3367449388294697,2.257446486279634,2.197357744403093,-0.6045507806039273,1.2956565966737024,2.109412504283189,1.9258413269131192,AMZN,Amazon,,,
2024-12-09,2.364186358154268,2.364186358154268,2.427422043335233,2.41497282266696,2.397547986639877,-0.5093566493704816,-0.2112024734505913,2.184372238245469,1.9782500301607124,AMZN,Amazon,,,
2024-12-10,2.331639815231012,2.331639815231012,2.395855223014033,2.3692993967929428,2.3628397953940152,-1.0722933596271,-0.2338470072172692,2.2323216617267745,2.0227890272139963,AMZN,Amazon,,,
2024-12-11,2.4934421961904225,2.4934421961904225,2.462083353664432,2.433304204726427,2.372756556566316,-0.921430862398432,1.0176198476541305,2.309399207919743,2.078716654162043,AMZN,Amazon,,,
2024-12-12,2.4534567677790022,2.4534567677790022,2.4586790840981765,2.475870881864197,2.478739459095015,-1.1802638962375405,-0.2769178522347425,2.35704670110398,2.125744925733235,AMZN,Amazon,,,
2024-12-13,2.4066520456895364,2.4066520456895364,2.431135620234808,2.4208762615901613,2.4344247009992337,-1.1599369776687816,-0.3215279061271555,2.3808888090599227,2.16403224270804,AMZN,Amazon,,,
2024-12-16,2.576203108042166,2.576203108042166,2.5177893682827417,2.487677285614958,2.4911349377031944,-0.8433560331510865,1.055929724867768,2.441854880078121,2.215015828908873,AMZN,Amazon,,,
2024-12-17,2.52102916680767,2.52102916680767,2.50943334803376,2.482706392817834,2.558071657044646,-0.9011652129104653,-0.3685948822062325,2.4735592255694243,2.2561003759232827,AMZN,Amazon,,,
2024-12-18,2.19153544486767,2.19153544486767,2.4682728059053702,2.242221852956417,2.5078693539671564,-0.6368684186901087,-2.092308243441096,2.413610088422193,2.2620128368427603,AMZN,Amazon,,,
2024-12-19,2.277395734682535,2.277395734682535,2.3039404169500584,2.329529409842126,2.326272802499841,-0.7580622645609708,0.5395680951217147,2.3904661277707344,2.2755797657716483,AMZN,Amazon,,,
2024-12-20,2.32792037248693,2.32792037248693,2.307654466074569,2.199344643173711,2.1691574867837056,0.9848809011207216,0.3030655480379846,2.3859469341356827,2.292733913346325,AMZN,Amazon,,,
2024-12-23,2.3322598800119723,2.3322598800119723,2.3283893908054245,2.359978202392925,2.3293714357232904,-1.185096945492985,0.0028982686301476,2.3836602478290274,2.308742627101424,AMZN,Amazon,,,
2024-12-24,2.455936553932006,2.455936553932006,2.398331098355397,2.429265383959742,2.389180778507896,-1.6558777501107431,0.7718558747711908,2.413372617588061,2.335096043971982,AMZN,Amazon,,,
2024-12-26,2.393943319019461,2.393943319019461,2.378524567849435,2.4460431546032635,2.4375238070798773,-1.6148202578527109,-0.4175899688132313,2.4199038416632392,2.3531388964323536,AMZN,Amazon,,,
2024-12-27,2.291654386819593,2.291654386819593,2.30208362850027,2.266767206584014,2.3476554050275724,-1.2104299083688372,-0.678425759866498,2.3988096978296154,2.359782061806643,AMZN,Amazon,,,
2024-12-26,227.0500030517578,227.0500030517578,228.5,226.6699981689453,228.5,16146700.0,-0.0087317178491722,226.4281022709399,221.503713996172,AMZN,Amazon,0.6108543276786804,0.3416983485221863,0.0474474094808101
2024-12-27,223.75,223.75,226.02999877929688,220.8999938964844,225.6000061035156,27367100.0,-0.0145342568042403,225.7585767032049,221.7079218147018,AMZN,Amazon,0.8976684808731079,3.507834117044695e-05,0.1022963747382164
2024-12-30,221.3000030517578,221.3000030517578,223.0,218.42999267578125,220.0599975585937,28321200.0,-0.0109497070312499,224.6439332903432,221.6708382907977,AMZN,Amazon,0.4042630195617676,0.3875879943370819,0.2081489861011505
