Date,Adj Close,Close,High,Low,Open,Volume,Daily_Return,EMA_7,EMA_21,Ticker,Company,negative,neutral,positive
2021-01-04,-1.735073463171033,-1.7387792900685433,-1.721154426724184,-1.7309802196149056,-1.6756799597832603,1.2669716578509571,,-1.7431670025247488,-1.746332842616514,GOOG,Alphabet Inc,,,
2021-01-05,-1.7106328532266846,-1.714259437066893,-1.7461204746982324,-1.711232842025914,-1.738494367598123,-0.1819063506529105,0.3267939138360836,-1.7369832171888482,-1.7440436021595216,GOOG,Alphabet Inc,,,
2021-01-06,-1.7214848832270553,-1.7251462647826163,-1.7454856551255726,-1.7481732469226725,-1.7816768797352465,2.607844485705052,-0.2183442261867748,-1.7350910798749677,-1.7429789346240967,GOOG,Alphabet Inc,,,
2021-01-07,-1.6213297020207749,-1.6246682452711074,-1.6677796892655476,-1.6742536046019605,-1.709422961631044,1.9623028829206823,1.4926244541242972,-1.708331441515518,-1.732629976042397,GOOG,Alphabet Inc,,,
2021-01-08,-1.5828566112163718,-1.5860706995570453,-1.6265416572106075,-1.6033744602311752,-1.6169191775995613,1.5517299976137446,0.5243643520360002,-1.6785275311815278,-1.7196182329418557,GOOG,Alphabet Inc,,,
2021-01-11,-1.6609023285832791,-1.6643684599783843,-1.6564025368225743,-1.6286585854762785,-1.6206063804516837,-0.0585812862230281,-1.206990897216026,-1.6759211580988276,-1.715099561947796,GOOG,Alphabet Inc,,,
2021-01-12,-1.699780230963584,-1.703372314283203,-1.6877062148715245,-1.697060748188724,-1.6826679131674869,0.2234960738782403,-0.6403246514037944,-1.683802982331355,-1.7146331950152056,GOOG,Alphabet Inc,,,
2021-01-13,-1.6846493988708882,-1.688192247645543,-1.7127203952588486,-1.6723887540020783,-1.712279822188859,-0.2799536068456121,0.1802145465398738,-1.6858860574382764,-1.7127919890478678,GOOG,Alphabet Inc,,,
2021-01-14,-1.7120584296176082,-1.7156902216395715,-1.6935340522521545,-1.681344542640393,-1.6832470025433672,-0.1164138474929419,-0.469558068848832,-1.6943831973421282,-1.7136854443354317,GOOG,Alphabet Inc,,,
2021-01-15,-1.7197495534283822,-1.7234059539124047,-1.7300982508837912,-1.7043654133424824,-1.7130326972879184,0.1951542888850375,-0.169817197513948,-1.7027020044678531,-1.715218068902271,GOOG,Alphabet Inc,,,
2021-01-19,-1.614371799469645,-1.6176875273044289,-1.6276281583932173,-1.6656864376671023,-1.685891491056417,0.9465945882994146,1.5723036288228738,-1.6822791970716728,-1.7067411103900385,GOOG,Alphabet Inc,,,
2021-01-20,-1.4292509031600424,-1.4319693882406306,-1.445990224734521,-1.5023642390720229,-1.532986564345671,2.39374910987802,2.714061303360776,-1.6201241489946787,-1.6816953544706692,GOOG,Alphabet Inc,,,
2021-01-21,-1.4208662396925291,-1.4235575906333062,-1.3860759358574823,-1.3827330800440436,-1.4045391799276443,1.577199304398177,0.0673190529216554,-1.5713864363802748,-1.6581411322694946,GOOG,Alphabet Inc,,,
2021-01-22,-1.4019760199216498,-1.4046068504435214,-1.432064695800838,-1.393126561483094,-1.4090178442004138,0.0609138072618269,0.2156632423701238,-1.5300536859291765,-1.6349588422702737,GOOG,Alphabet Inc,,,
2021-01-25,-1.405156766912698,-1.4077974203722423,-1.3962315815684123,-1.4207708743734462,-1.3607775784146408,1.3156122888528052,-0.0963333694449669,-1.4998588925563134,-1.6141819592429638,GOOG,Alphabet Inc,,,
2021-01-26,-1.3707694005506663,-1.3732992539257032,-1.4050406936689122,-1.3882988779876753,-1.4222214354329763,0.1394282116348887,0.4328074428950944,-1.4685123562392366,-1.592072976001279,GOOG,Alphabet Inc,,,
2021-01-27,-1.5374051847966566,-1.540472666322506,-1.4723603304226711,-1.5344769604733624,-1.43440204731537,2.887815361786555,-2.376938309227374,-1.487163427946145,-1.587581914191947,GOOG,Alphabet Inc,,,
2021-01-28,-1.475106845024294,-1.4779734349979592,-1.455376632304008,-1.4691244850875094,-1.5088954448319936,1.0203215289911922,0.8588437959606928,-1.48538945898385,-1.577663929392489,GOOG,Alphabet Inc,,,
2021-01-29,-1.5278632399548746,-1.5309003664004066,-1.5352946347424592,-1.532145526684128,-1.5045905662824035,0.7129663606527428,-0.8091631653244822,-1.497407021533225,-1.5735890304598317,GOOG,Alphabet Inc,,,
2021-02-01,-1.401397971497245,-1.4040267468201175,-1.4100570303013202,-1.453019657835722,-1.490305968941254,0.6930505117386003,1.791579595876969,-1.4744228711865357,-1.5580391520112122,GOOG,Alphabet Inc,,,
2021-02-02,-1.3509736110657355,-1.3534394093291495,-1.3458762725718767,-1.329542003594887,-1.3571292564361788,1.978963256531552,0.6579740528394504,-1.4444267535600872,-1.5391798790259186,GOOG,Alphabet Inc,,,
2021-02-03,-1.076184137445861,-1.077763013918439,-1.03670622711233,-1.1277157239125586,-1.0667232982339383,5.511153960583076,3.7626331166265454,-1.3524044316697494,-1.496296808756032,GOOG,Alphabet Inc,,,
2021-02-04,-1.0910259453263549,-1.092653028744397,-1.1096999123164968,-1.0806830119861408,-1.0746570583251605,1.1719883784142775,-0.2433922386815985,-1.2871428565157927,-1.458702363868707,GOOG,Alphabet Inc,,,
2021-02-05,-1.0223480475586328,-1.0237531830765754,-1.063614594056264,-1.0481624008334998,-1.0725144865448166,0.5645549865329308,0.8393757405540825,-1.2208202930516985,-1.4180928503533812,GOOG,Alphabet Inc,,,
2021-02-08,-1.032159471942529,-1.0335960603245449,-1.0231516699492638,-1.0235485072218942,-1.0031946016416038,0.0030812459919131,-0.1766886756645556,-1.1735607856784354,-1.3820941021649746,GOOG,Alphabet Inc,,,
2021-02-09,-1.0502779733763192,-1.0517734273724475,-1.0585753651785172,-1.0108431564729596,-1.056028996112833,-0.6709936403329103,-0.2831864769487055,-1.1427003665789677,-1.351065044836929,GOOG,Alphabet Inc,,,
2021-02-10,-1.0273979757253169,-1.0288197951403957,-1.0523433916205622,-1.0408577356797413,-1.025779970957163,-0.2006732082835448,0.2422372950732724,-1.1137661216883166,-1.3207137458807314,GOOG,Alphabet Inc,,,
2021-02-11,-1.0264148195936451,-1.0278333829262345,-1.0645379146182548,-1.013213422789389,-1.0155489992471762,-0.5641374509666457,-0.039015302235276,-1.091816687007824,-1.2930295681699897,GOOG,Alphabet Inc,,,
2021-02-12,-1.0105709031741228,-1.0119380715362192,-1.0514778886525675,-1.0019262003618403,-1.0334244809125164,-0.7364861434928789,0.150683997836942,-1.071345898520908,-1.266378106502443,GOOG,Alphabet Inc,,,
2021-02-16,-0.9762797795057028,-0.9775363923149364,-0.9671167361861488,-0.9606827957340548,-1.006186661601011,-0.2039286835868181,0.3844584594836363,-1.0473167164945163,-1.2389376118383169,GOOG,Alphabet Inc,,,
2021-02-17,-0.9639239944340589,-0.965141177151176,-1.003700305179226,-0.9712511717612368,-1.0146031925401813,-0.3243812698079301,0.1042235116469334,-1.026168659117549,-1.2128343975667288,GOOG,Alphabet Inc,,,
2021-02-18,-0.9853393263539634,-0.9866250758388876,-1.0054794435284924,-0.9619455939466603,-0.9945465527729102,-0.2272915063514853,-0.3207779802199827,-1.0157259675822397,-1.1911100792374674,GOOG,Alphabet Inc,,,
2021-02-19,-1.0162954185901885,-1.017681274448699,-1.00972067221296,-0.9741846579377474,-0.9774048003218718,0.4157606153186161,-0.4427556990760725,-1.01572623419954,-1.1742602149035322,GOOG,Alphabet Inc,,,
2021-02-22,-1.0861880472169825,-1.0877991606848878,-1.0849454708666686,-1.0427033182317784,-1.0783056748556947,0.2436034213396342,-0.9415411456183472,-1.033410158626595,-1.1654886801531157,GOOG,Alphabet Inc,,,
2021-02-23,-1.0746614299672297,-1.0762354470525377,-1.103044725710102,-1.1594982206169877,-1.1593619871149394,0.8179075645464937,0.0977820432169039,-1.0437567211002607,-1.1564349119892086,GOOG,Alphabet Inc,,,
2021-02-24,-1.0278030834325838,-1.0292258086631847,-1.0669421873594604,-1.08934740845474,-1.1268932175357516,0.0153371530160008,0.5538230110523835,-1.0396608849844402,-1.1438152060649078,GOOG,Alphabet Inc,,,
2021-02-25,-1.1507988768183268,-1.1526188065030498,-1.078290284260274,-1.122062478674861,-1.0774370407918734,1.1262202256212,-1.6221890003086143,-1.067708508812163,-1.143863201101902,GOOG,Alphabet Inc,,,
2021-02-26,-1.1401970778213486,-1.1419830816273662,-1.1242024432288422,-1.132222668519236,-1.1101181824158275,1.6147330196594456,0.0880658829942944,-1.086061836623092,-1.1429138107977173,GOOG,Alphabet Inc,,,
2021-03-01,-1.0541333076167505,-1.055640883217797,-1.0943703256687112,-1.0738641980695791,-1.098536100346145,0.3144578838226412,1.0789021319177492,-1.0780516034115015,-1.1339895278949097,GOOG,Alphabet Inc,,,
2021-03-02,-1.065062035640645,-1.066605313808879,-1.0600372404866154,-1.0249859035911246,-1.0605653925919456,-0.2023966952088071,-0.1920411725380409,-1.0748090357668294,-1.1269001875445974,GOOG,Alphabet Inc,,,
2021-03-03,-1.1597618848416096,-1.1616107077337785,-1.0905270698647451,-1.1439954457524768,-1.077900371202993,0.4670822259819833,-1.272118738971347,-1.0963373769879694,-1.12932543561819,GOOG,Alphabet Inc,,,
2021-03-04,-1.116623540513607,-1.118333384060822,-1.08913856713786,-1.1240441232878344,-1.1625278327975246,1.6808000184611682,0.5179029207713094,-1.1015690828300766,-1.1274896346400378,GOOG,Alphabet Inc,,,
2021-03-05,-1.002031659134099,-1.0033713632461445,-1.033609317204469,-1.0732523634426272,-1.066491780304415,1.8286368969392264,1.4446428769973223,-1.0764996579789734,-1.115087425798118,GOOG,Alphabet Inc,,,
2021-03-08,-1.1646578246985142,-1.1665224091148485,-1.0130288951547173,-1.1214408618082343,-1.0124217398861777,0.7796078550962197,-2.1150891010097856,-1.098844078734358,-1.1190451416586489,GOOG,Alphabet Inc,,,
2021-03-09,-1.1096653418311118,-1.1113523710261757,-1.110680756982159,-1.0705032576624165,-1.0725144865448166,0.8751656301746534,0.6753009931141832,-1.1016885963263543,-1.1174921701252083,GOOG,Alphabet Inc,,,
2021-03-10,-1.1051739174187445,-1.1068466831678965,-1.1165279647242294,-1.0985945892627698,-1.069117122932708,0.054211358108029,0.0069721628140643,-1.102685596988219,-1.1156596865832904,GOOG,Alphabet Inc,,,
2021-03-11,-0.9900229400221902,-0.9913240332156464,-1.019010521465571,-1.022810096342176,-1.0646770449815266,-0.0022807133311252,1.4475970464793744,-1.0742986848448206,-1.1032081256186776,GOOG,Alphabet Inc,,,
2021-03-12,-1.091893610225691,-1.0935231841795028,-1.0871765843162102,-1.071047209474654,-1.0435588395424988,0.929742716141294,-1.340370660553926,-1.0787830766581343,-1.1014302857756209,GOOG,Alphabet Inc,,,
2021-03-15,-1.0830845905121884,-1.0846858985635577,-1.131800027268343,-1.078895826440649,-1.087378467813921,0.1107034295471832,0.0627339098465286,-1.0799175764310622,-1.098988967038889,GOOG,Alphabet Inc,,,
2021-03-16,-1.032911053346801,-1.0343502540485638,-1.0231267232716512,-1.027433834961944,-1.0551603620490122,0.4812531184785847,0.5980247552629931,-1.0680739078725188,-1.0920700599902506,GOOG,Alphabet Inc,,,
2021-03-17,-1.0356863964992182,-1.0371348104544955,-1.04963154101891,-1.0585170497453544,-1.0608743777167162,0.1124269164724455,-0.0870538627538076,-1.059893353588915,-1.0860400982259086,GOOG,Alphabet Inc,,,
2021-03-18,-1.1414310572191422,-1.1432208917495328,-1.1155661969296822,-1.0982450965180148,-1.0898877569253784,0.2319220099573006,-1.4045381175533227,-1.0805126826963534,-1.090462934859591,GOOG,Alphabet Inc,,,
2021-03-19,-1.1279766247834913,-1.1297230075925575,-1.1586508701086051,-1.1290754552273987,-1.1264684734462198,2.0578606579991163,0.1252144956139817,-1.092573036905783,-1.0932234801166656,GOOG,Alphabet Inc,,,
2021-03-22,-1.1368629347832495,-1.1386378960838617,-1.1492453856680025,-1.1127764653396357,-1.1268737770989214,1.368274389346932,-0.1679305454450183,-1.103866652075896,-1.0965654068401782,GOOG,Alphabet Inc,,,
2021-03-23,-1.1091639914302325,-1.1108495752101637,-1.1217174606483016,-1.087229998212337,-1.1078404112338929,0.2426459286033774,0.3119557060631168,-1.105328678301131,-1.097009088357631,GOOG,Alphabet Inc,,,
2021-03-24,-1.1243916584792708,-1.1261264241410467,-1.1103538087602716,-1.0826937068866342,-1.0814520801014504,-0.1652459770420413,-0.2500195580468408,-1.1102779915137633,-1.0988387413089833,GOOG,Alphabet Inc,,,
2021-03-25,-1.125740832978035,-1.1274799009063334,-1.147552826964568,-1.1425773174310911,-1.1211406155464607,0.3420336746268385,-0.0692193731408989,-1.1143313347403996,-1.100628433195405,GOOG,Alphabet Inc,,,
2021-03-26,-1.1427224861017382,-1.1445165351932596,-1.1627092543206885,-1.1361859577451816,-1.1326263790882118,0.4848915908763608,-0.273808941217863,-1.121667916501395,-1.1038460198122064,GOOG,Alphabet Inc,,,
2021-03-29,-1.1034006828053555,-1.1050677183939888,-1.1483989595711233,-1.1330775769805388,-1.1538220517224882,-0.0200900782255026,0.465266257824051,-1.117221436196942,-1.1030880045913465,GOOG,Alphabet Inc,,,
2021-03-30,-1.104191057418438,-1.1058605660217031,-1.124644733148397,-1.077885587870565,-1.096393234013728,-0.3900652715151501,-0.0618540461260226,-1.1140865508036566,-1.1024729306301269,GOOG,Alphabet Inc,,,
2021-03-31,-1.0789600728610078,-1.0805475703243714,-1.08127742878664,-1.0531842469648942,-1.0935169330190828,0.4205480789999004,0.2768353585551591,-1.105351626587738,-1.0995505012415543,GOOG,Alphabet Inc,,,
2021-04-01,-0.9457284988453786,-0.9468865022958812,-0.9858508106022428,-0.9751948965078314,-1.0185604996434134,0.8784211054779267,1.671587302374404,-1.065091149756006,-1.0844145533987646,GOOG,Alphabet Inc,,,
2021-04-05,-0.7764912005582042,-0.777102623593762,-0.8043379038219335,-0.8688711406160635,-0.9124089398530056,1.7706128371220609,2.06649682536629,-0.992076602029398,-1.0548029149950564,GOOG,Alphabet Inc,,,
2021-04-06,-0.778032860444192,-0.7786493698775284,-0.8036646370167179,-0.7461318972549477,-0.778132075354587,0.2158361319881855,-0.070101904489559,-0.9377057508040528,-1.0280276439687872,GOOG,Alphabet Inc,,,
2021-04-07,-0.7299790315891971,-0.7304408703376712,-0.7703126899906103,-0.7256751590737575,-0.7711246815335305,0.0950005486725708,0.5263237559034976,-0.8847693821737673,-0.9991855055206738,GOOG,Alphabet Inc,,,
2021-04-08,-0.6996012839087408,-0.6999647753512638,-0.7145239946100481,-0.6628290120652685,-0.6710732951787712,0.2259855549925081,0.30970391984124,-0.8373811489646295,-0.9701200345900014,GOOG,Alphabet Inc,,,
2021-04-09,-0.6602024864574684,-0.6604389458125686,-0.7048394008705089,-0.6705338597511905,-0.7121132355355515,-0.3751283848295432,0.4137287133342174,-0.7918715769315976,-0.9400065735437644,GOOG,Alphabet Inc,,,
2021-04-12,-0.7201294062592203,-0.7205593391860051,-0.7312288769200995,-0.7001580386654837,-0.6936781049311604,0.6235365390863529,-0.7529734539922646,-0.7729016712191324,-0.9182437811094748,GOOG,Alphabet Inc,,,
2021-04-13,-0.6960740632206865,-0.6964260252213129,-0.7275937057564558,-0.6659181247820657,-0.7029052431757344,-0.1432236441081337,0.2338652983162096,-0.7525879340287842,-0.8962062700878565,GOOG,Alphabet Inc,,,
2021-04-14,-0.7200334596969723,-0.7204628519607492,-0.7260933832158011,-0.6793224610205125,-0.6764783257217047,-0.4390888996115009,-0.3342992811669046,-0.7434146633408025,-0.8784163365454237,GOOG,Alphabet Inc,,,
2021-04-15,-0.6394241331035966,-0.6395929840698205,-0.6710701106024586,-0.6466657878069363,-0.6729652031448345,0.2552848327219678,0.904897900215048,-0.7161395248994123,-0.8546933617352759,GOOG,Alphabet Inc,,,
2021-04-16,-0.6373035363991089,-0.6374658390946848,-0.6713721121467336,-0.6108230687743266,-0.6227367108650675,-0.2115886254768729,-0.0268649810875169,-0.6951466331163951,-0.8329283943777591,GOOG,Alphabet Inc,,,
2021-04-19,-0.6283594807831832,-0.6284931172818198,-0.6482717821677836,-0.604227764212766,-0.6440095561425169,-0.0112811450519396,0.0525743313015345,-0.677139004390357,-0.812304311521726,GOOG,Alphabet Inc,,,
2021-04-20,-0.6452641397519966,-0.6454521486933877,-0.665293927519003,-0.6355730244468677,-0.6132972005757276,-0.2902945283971861,-0.248006806335379,-0.6679103766858672,-0.7951385275904411,GOOG,Alphabet Inc,,,
2021-04-21,-0.6459194784626564,-0.6461098551921504,-0.6927605130608084,-0.661100223526322,-0.6570010698823868,-0.0838590944602089,-0.059213046584842,-0.661154714940836,-0.7795946520590409,GOOG,Alphabet Inc,,,
2021-04-22,-0.6948208352841705,-0.6951690356812825,-0.6765228673479255,-0.6652185464295423,-0.6415965855589905,-0.3552125359154007,-0.6220771832229005,-0.66846063420412,-0.7700442231700412,GOOG,Alphabet Inc,,,
2021-04-23,-0.6034945145928453,-0.6035477762715494,-0.6340961994773252,-0.6229456351838287,-0.6604370198160832,0.3699924625255386,1.025810109819307,-0.6508333523398524,-0.7528078951800559,GOOG,Alphabet Inc,,,
2021-04-26,-0.5814430925010045,-0.5814256455709067,-0.6043985004859774,-0.553727396537275,-0.5900555692411138,-0.3802988456053301,0.203249013707943,-0.6320336005361433,-0.7350730499700372,GOOG,Alphabet Inc,,,
2021-04-27,-0.6192617329888431,-0.6193657798541727,-0.6117269538975865,-0.5723189876870771,-0.5590342285495545,0.686156564037551,-0.4864374415023429,-0.6275023839894394,-0.7224927629747072,GOOG,Alphabet Inc,,,
2021-04-28,-0.4789561729270196,-0.4786077370799504,-0.3906723891399948,-0.4352037056131198,-0.4216978516669691,3.343773402792068,1.5754963685909942,-0.588604879419632,-0.6979143565726541,GOOG,Alphabet Inc,,,
2021-04-29,-0.3826181250150893,-0.3819585195100948,-0.4211739581311183,-0.381915696061728,-0.4155493716913183,1.4121275566674958,1.031453891467215,-0.5350569989167946,-0.6665468052138539,GOOG,Alphabet Inc,,,
2021-04-30,-0.4207257897151301,-0.4201890006730299,-0.4392153953805564,-0.3821486912248988,-0.4268227631883042,1.3726788559337135,-0.4711594347331159,-0.5045378126494203,-0.6416002205720415,GOOG,Alphabet Inc,,,
2021-05-03,-0.4495420367081467,-0.449098579821873,-0.4535256901301228,-0.4164567843545371,-0.4302395672372431,0.8600372449417952,-0.3714574247268875,-0.4889393001404518,-0.6216205936828502,GOOG,Alphabet Inc,,,
2021-05-04,-0.5284166257655799,-0.5282278417746217,-0.5313088439455844,-0.5578848483991962,-0.4939034632311689,0.987575277411208,-0.9326194873074092,-0.4971966905120611,-0.6108451195115988,GOOG,Alphabet Inc,,,
2021-05-05,-0.5236175208650182,-0.5234129226867755,-0.5256538723662935,-0.4807403277322565,-0.4964516332162875,-0.2872305516411642,0.0029704250507578,-0.5021754986797201,-0.6005997236346146,GOOG,Alphabet Inc,,,
2021-05-06,-0.476180533643237,-0.4758231806740187,-0.5246730277006307,-0.4983646628802447,-0.5307737244399515,-0.4009806887084782,0.4869560681324391,-0.4939074433770359,-0.5868425211554201,GOOG,Alphabet Inc,,,
2021-05-07,-0.4427573710055185,-0.4422916568878412,-0.4598536350243044,-0.4057719107457705,-0.4354902524938279,-0.1468621165059098,0.3239439320971818,-0.4792499164248585,-0.5712053782497595,GOOG,Alphabet Inc,,,
2021-05-10,-0.5526845911241559,-0.5525738997436237,-0.5337321935579056,-0.5131444413033123,-0.4839620362091238,0.1149163975867133,-1.2776840471849582,-0.4960697567840701,-0.5672861751076109,GOOG,Alphabet Inc,,,
2021-05-11,-0.6160999384051516,-0.6161943893433159,-0.6414437297600504,-0.6136400573692525,-0.6442410740720398,0.6993699637978955,-0.7761226378682227,-0.5247295269101648,-0.5696630894951634,GOOG,Alphabet Inc,,,
2021-05-12,-0.7504112073774297,-0.750938651879189,-0.7118984301639023,-0.7165056433201175,-0.7024419127646154,0.9697659125168304,-1.6080137847901166,-0.5802068147382621,-0.5844042447117268,GOOG,Alphabet Inc,,,
2021-05-13,-0.7062897069177555,-0.7066749159920725,-0.728765025642949,-0.6918917497085114,-0.7036389723900368,0.1784939152741683,0.4756379772864115,-0.6106514795230809,-0.5936726352038927,GOOG,Alphabet Inc,,,
2021-05-14,-0.6018370673431571,-0.6018847732087292,-0.6430978412309293,-0.6130184405026252,-0.6442991008304572,0.1740894486873868,1.1839029345891563,-0.6070571310829894,-0.5923148424140365,GOOG,Alphabet Inc,,,
2021-05-17,-0.5917173702083357,-0.591732369663226,-0.6388662977271813,-0.5903277944974471,-0.6105366585458429,-0.4752821250420098,0.0653272181257178,-0.6018009575991918,-0.5901326194588584,GOOG,Alphabet Inc,,,
2021-05-18,-0.6263745122438478,-0.6265014085036028,-0.6007633293223332,-0.5744755268881807,-0.5572854728910583,-0.7184852800512501,-0.450999064097312,-0.6066275254522049,-0.5913949568278657,GOOG,Alphabet Inc,,,
2021-05-19,-0.6161967733614939,-0.6162911716365395,-0.6515224810058688,-0.6514836890626795,-0.6972492542664479,-0.5223907676658469,0.0666474099209599,-0.607672353887497,-0.5915892338749901,GOOG,Alphabet Inc,,,
2021-05-20,-0.5248704526701687,-0.5246699122268065,-0.5676998832855573,-0.5396430464256554,-0.5744001265513637,-0.0932425232755261,1.006775147457148,-0.585349253902236,-0.5832117294632991,GOOG,Alphabet Inc,,,
2021-05-21,-0.5460536175999426,-0.5459218874923438,-0.5510431333887809,-0.4983024122641298,-0.5011423749817483,-0.1889917969012112,-0.2921152462691589,-0.5739665392077539,-0.5775799468018289,GOOG,Alphabet Inc,,,
2021-05-24,-0.4273754195153354,-0.4268601923421758,-0.4558721452773322,-0.4638389890257104,-0.4991927348093414,-0.3410416434187993,1.3024035819454354,-0.5354024088272273,-0.5613440988729341,GOOG,Alphabet Inc,,,
2021-05-25,-0.4227495514632754,-0.4222193633549432,-0.4281557994690751,-0.3805364002675377,-0.3968827231574043,-0.5714143957621978,-0.0001433518967914,-0.5053089075579882,-0.5461509531580846,GOOG,Alphabet Inc,,,
2021-05-26,-0.3756018845850614,-0.3749196731538883,-0.4088177219644313,-0.3620322564118008,-0.4107140048579235,-0.28244308795988,0.4720450501740487,-0.4708098219063113,-0.5279228955977884,GOOG,Alphabet Inc,,,
2021-05-27,-0.4353943607471215,-0.434904630330406,-0.4144803242921684,-0.3824596478739651,-0.3641821410966199,1.35544398668109,-0.708938906379317,-0.4600637650281517,-0.5169524227009273,GOOG,Alphabet Inc,,,
2021-05-28,-0.4179495581686188,-0.4174041491991305,-0.4372921532817867,-0.3714057170410922,-0.3930992017773509,-0.066815723754837,0.1426992618929356,-0.4475904653226232,-0.5053452904322288,GOOG,Alphabet Inc,,,
2021-06-01,-0.3827721133248692,-0.3821131351248774,-0.4183828651417554,-0.3768645032113082,-0.3930220291341766,-0.540008634012973,0.3387024482211987,-0.429335149345996,-0.4914984411960849,GOOG,Alphabet Inc,,,
2021-06-02,-0.3992142151016137,-0.3986080246241282,-0.4106335466043043,-0.3781856984304585,-0.367328546342376,-0.7322731754533488,-0.2326131058913009,-0.4198037233476807,-0.4804504531150236,GOOG,Alphabet Inc,,,
2021-06-03,-0.4313459488567361,-0.4308439049665784,-0.4726732924139363,-0.4197009307486096,-0.4451035485063466,-0.6185230383860348,-0.4066185275560672,-0.4207848913826803,-0.4734164605310139,GOOG,Alphabet Inc,,,
2021-06-04,-0.3404632329501229,-0.339667312983331,-0.3878237720469594,-0.3518234518005563,-0.3920181956687643,0.1093629397164236,0.9596308062482926,-0.3985262837528429,-0.4585093523460536,GOOG,Alphabet Inc,,,
2021-06-07,-0.3128412837519956,-0.3119565949849922,-0.360624556191096,-0.3065527287416788,-0.3364232591676509,-0.0915190363502637,0.2498544918418914,-0.3748436233790951,-0.4423702138198389,GOOG,Alphabet Inc,,,
2021-06-08,-0.280535720885641,-0.2795466245419279,-0.3096637766543855,-0.2537754706739303,-0.2812530667560689,0.0243375847368152,0.298915662901416,-0.3489079095878371,-0.4246723549808768,GOOG,Alphabet Inc,,,
2021-06-09,-0.2640551220314515,-0.2630130811389808,-0.2894581417494726,-0.2166895179080659,-0.2434178529555353,-0.4480893313323152,0.1260230576153217,-0.3252863230097489,-0.407039729875277,GOOG,Alphabet Inc,,,
2021-06-10,-0.2058433950955552,-0.2046135241499251,-0.2543364480644941,-0.2037319039481157,-0.2540155419966368,0.6154936001017953,0.5735568316764751,-0.2928418253856917,-0.3855576437368099,GOOG,Alphabet Inc,,,
2021-06-11,-0.2206277534912465,-0.2194454105863551,-0.2471620770734329,-0.1953977321764289,-0.1943475394275293,0.0415724539894385,-0.2084338058798499,-0.2722490829807156,-0.3674132579377506,GOOG,Alphabet Inc,,,
2021-06-14,-0.195358271856371,-0.1940940560532949,-0.2447771746936676,-0.1902496062237739,-0.2166047777335609,-0.2159930920636544,0.217363871678946,-0.2504110257555391,-0.3485514846691241,GOOG,Alphabet Inc,,,
2021-06-15,-0.2076557190491187,-0.2064314378954951,-0.2274471579916757,-0.1668789463454237,-0.183691823628011,-0.2512288247579066,-0.1817662907278084,-0.2371438934680884,-0.3325562638497241,GOOG,Alphabet Inc,,,
2021-06-16,-0.2206277534912465,-0.2194454105863551,-0.2404687367248084,-0.2251034297546806,-0.1942898072211846,0.1445986724106757,-0.1892560077017884,-0.230475634042513,-0.3192301853131275,GOOG,Alphabet Inc,,,
2021-06-17,-0.1946253467280918,-0.1933590417471407,-0.2145793681887682,-0.1720659048252732,-0.2222607666428474,0.0909790791802921,0.2251640874794084,-0.2188954996675638,-0.304680041620204,GOOG,Alphabet Inc,,,
2021-06-18,-0.225601279765771,-0.2244347148427836,-0.2456426776616627,-0.2075007341065809,-0.215215081052277,2.728871567567918,-0.3794730039442033,-0.2180477041303858,-0.2943540126257692,GOOG,Alphabet Inc,,,
2021-06-21,-0.1913871502522415,-0.1901103434288923,-0.22072476210089,-0.1868596155290907,-0.2138831165773377,0.1388537159931346,0.3129321372809758,-0.2087552473172767,-0.2817620320830528,GOOG,Alphabet Inc,,,
2021-06-22,-0.1703967668410557,-0.169051932749801,-0.2117521758894476,-0.1521922474150206,-0.1864718060947247,-0.3659364545614774,0.170483278212459,-0.1964750705904328,-0.2683487035696993,GOOG,Alphabet Inc,,,
2021-06-23,-0.1911366231174842,-0.1898589455208851,-0.191517778932699,-0.1434306214126815,-0.1826108175194249,-0.4894530175386112,-0.270029689019476,-0.1925123856091245,-0.2580973762980508,GOOG,Alphabet Inc,,,
2021-06-24,-0.1595056475005108,-0.1581261560624149,-0.2015387125845211,-0.1159220741517602,-0.1631721480016941,-0.562222465494132,0.2830302067146079,-0.181537332520777,-0.2458152586558351,GOOG,Alphabet Inc,,,
2021-06-25,-0.1705700036895592,-0.169225727782448,-0.2027120869032888,-0.135970626150143,-0.1668976426233302,0.8309294657595869,-0.1678551741912,-0.1761054656202622,-0.2356860449413095,GOOG,Alphabet Inc,,,
2021-06-28,-0.1773354208534638,-0.1760131762306489,-0.209174743856578,-0.1542396998221725,-0.165237547138863,0.3163728692951549,-0.1228339700073567,-0.1737433020809367,-0.2271113546050773,GOOG,Alphabet Inc,,,
2021-06-29,-0.2082145189348,-0.2069920670330676,-0.2221385049957133,-0.1750966205355251,-0.1740207954091481,-0.3691919298647507,-0.3772919195262266,-0.1797844841942454,-0.2222084858462227,GOOG,Alphabet Inc,,,
2021-06-30,-0.2352963245232379,-0.2341613353116983,-0.2683004242307331,-0.2014976996926225,-0.2172206861185894,-0.0765821496646569,-0.3390525478284422,-0.191167412223724,-0.2202879616352513,GOOG,Alphabet Inc,,,
2021-07-01,-0.1947218855530698,-0.1934558240403637,-0.2428151918720172,-0.1979135463619637,-0.2482535143410034,-0.7359116478511248,0.3815592733743921,-0.1894387588547003,-0.2147416079008183,GOOG,Alphabet Inc,,,
2021-07-02,-0.1041089453199363,-0.102550104450954,-0.1510486915288768,-0.1233432368871047,-0.1714340391024429,-0.3490845824033568,0.9076588003705092,-0.1652160418502765,-0.2012121673268742,GOOG,Alphabet Inc,,,
2021-07-06,-0.0635537548884906,-0.0618637725974837,-0.1111762699554832,-0.0596229133694668,-0.0706686585222847,-0.3308922204144766,0.3699084995984073,-0.1367880248310698,-0.1851140561852923,GOOG,Alphabet Inc,,,
2021-07-07,-0.0517375211638061,-0.0500097120854645,-0.0821177928916679,-0.007131415272833,-0.0362496596665431,-0.7780413282464262,0.0702381847060067,-0.1124773545663546,-0.1693726369751834,GOOG,Alphabet Inc,,,
2021-07-08,-0.0864524088154856,-0.0848365842474009,-0.1054831446339613,-0.0739601195551126,-0.1169781354683335,-0.4812185800068023,-0.4085814820433329,-0.1030276602094149,-0.1583138410627359,GOOG,Alphabet Inc,,,
2021-07-09,-0.07112761067874,-0.0694635431592294,-0.1125228035659143,-0.0388555149707161,-0.0901650602463591,-0.9287506849332549,0.1071323895164216,-0.0920630204967675,-0.146824986289974,GOOG,Alphabet Inc,,,
2021-07-12,-0.0329823372953491,-0.0311944080925979,-0.0771126088916042,-0.0133475839391067,-0.0558432635747683,-0.7527635200092454,0.3422455136315455,-0.07418830112705,-0.1328076790874431,GOOG,Alphabet Inc,,,
2021-07-13,-0.0163859510774598,-0.0145443128426297,-0.0281807279706109,0.0269433862621291,-0.0153824125938686,-0.7839777832112188,0.1184749423282807,-0.0565831646886448,-0.1185101647407261,GOOG,Alphabet Inc,,,
2021-07-14,0.0255575031929242,0.0275341496798231,0.0085178892298092,0.0759381783221694,0.0239974322784443,-0.6600782231395822,0.3767641246150062,-0.032767084676293,-0.1015837723730462,GOOG,Alphabet Inc,,,
2021-07-15,-0.0058999394441813,-0.0040251398139672,-0.006907962244528,0.0254286212700138,0.0471038642114665,-0.7870417599672407,-0.3701705095411102,-0.0228641579671884,-0.0891426181186064,GOOG,Alphabet Inc,,,
2021-07-16,0.0164206660584092,0.0183681583484802,-0.0227570267673051,0.0341122857864573,0.0139402462916367,-0.952688003339676,0.1759003471585288,-0.0097895657014264,-0.0757418085767754,GOOG,Alphabet Inc,,,
2021-07-19,-0.0834839880131139,-0.0818587583229897,-0.058763593781719,-0.0546493855734372,-0.0048038694375246,0.0865746125935105,-1.065224661545477,-0.0252607703229575,-0.0729168677178496,GOOG,Alphabet Inc,,,
2021-07-20,-0.0122608411635493,-0.0104062796714105,-0.0297450314020838,-0.029340063650383,-0.0492606138432437,-0.5478600744502792,0.6855669541347573,-0.0188438112831019,-0.0636775923560251,GOOG,Alphabet Inc,,,
2021-07-21,0.0455256411322625,0.0475674942410576,-0.0060521444572532,0.0255643868994441,-0.0190307345723304,-0.963603420533004,0.5380738217430178,0.0005896233818721,-0.04986565489229,GOOG,Alphabet Inc,,,
2021-07-22,0.0735911951151018,0.0757234698018159,0.0280790193813423,0.0954427785083151,0.0528947579702715,-1.0721830968245312,0.231569701934291,0.0222656416876152,-0.034680575675795,GOOG,Alphabet Inc,,,
2021-07-23,0.2465875849490951,0.2492777269880942,0.2321152541619382,0.1848263631663424,0.1536604331025028,0.1505351273754682,1.6841696559413424,0.0822929435175496,-0.0046721754273673,GOOG,Alphabet Inc,,,
2021-07-26,0.3170775105390155,0.3199954864014863,0.2669097061347042,0.2994647263504475,0.269097157895902,-0.1679269567035605,0.632654250076833,0.1451482680866783,0.0292106582520124,GOOG,Alphabet Inc,,,
2021-07-27,0.2072856224541655,0.2098483846746549,0.2783734382235097,0.2003487025102029,0.3370850783241751,1.662033160830534,-1.1033285953718888,0.1645110166668999,0.0497295289409724,GOOG,Alphabet Inc,,,
2021-07-28,0.1912862370680381,0.1937984576698564,0.2654862780591613,0.2489160403395914,0.2811425703767042,2.8611970637186146,-0.2080269111723456,0.1749850299985434,0.0668844582950765,GOOG,Alphabet Inc,,,
2021-07-29,0.1974167485854663,0.199947674105125,0.1683732644681518,0.2406788016701392,0.1969242416118251,-0.5287102197251422,0.0085641476295396,0.1843916374252608,0.0830540656688431,GOOG,Alphabet Inc,,,
2021-07-30,0.1465484872378795,0.1489156691876726,0.1152808647020251,0.1892437854584173,0.1633511963102691,-0.0815611118931925,-0.5499428636003022,0.1785762755482212,0.0929891107115929,GOOG,Alphabet Inc,,,
2021-08-02,0.1761752457767945,0.1786378655180281,0.1248650847504642,0.1836216655287775,0.1623279224080265,-0.4467488415015557,0.2415275440909743,0.1817107010673141,0.1047959731825791,GOOG,Alphabet Inc,,,
2021-08-03,0.1873731572114399,0.1898728734349805,0.1369827132830449,0.1647389786407645,0.1822302168889489,-0.5497750599227929,0.0585857294866812,0.1868947342990761,0.1165783418089322,GOOG,Alphabet Inc,,,
2021-08-04,0.1776790008480678,0.1801462529660652,0.1447725334853253,0.2125871736382799,0.1918626587862247,-0.7925952178375304,-0.1467272803050434,0.1883300142995835,0.1263815786043363,GOOG,Alphabet Inc,,,
2021-08-05,0.212817356351642,0.2153986131366224,0.1606215980081023,0.2197756376419583,0.1833306634343658,-1.2389783314804743,0.2939899000025663,0.1982969253969463,0.138584861544555,GOOG,Alphabet Inc,,,
2021-08-06,0.216517813888198,0.2191111582992208,0.1656244340855672,0.2371234021954952,0.1936193673506963,-1.076779061958564,-0.0154197429833333,0.2067083715670407,0.1500253601057999,GOOG,Alphabet Inc,,,
2021-08-09,0.2537581098202673,0.2564714840270505,0.2133811797458443,0.2519758063373634,0.2188689601682081,-1.1903377004786266,0.3119683810446144,0.222439224968333,0.1639139420058863,GOOG,Alphabet Inc,,,
2021-08-10,0.2574005256092909,0.2601261958680888,0.2222287390788993,0.2829712773952035,0.2625145081643774,-0.8398953590086189,-0.0162605608064062,0.2351589425656356,0.1768810940248899,GOOG,Alphabet Inc,,,
2021-08-11,0.2417108936309129,0.2443855000928566,0.2336249683929883,0.2877699106031023,0.2703713901644976,-0.9193672561179376,-0.2035535198530023,0.2407290542140298,0.1871998377770077,GOOG,Alphabet Inc,,,
2021-08-12,0.2686961603943735,0.2714579860782642,0.2170932453746003,0.2655843838829662,0.2483648156727459,-0.97279535080107,0.2106092491597515,0.2517342538435961,0.1991081007700565,GOOG,Alphabet Inc,,,
2021-08-13,0.2693328428290402,0.2720965131591626,0.2269410197347585,0.3132191481966611,0.2732473966070699,-1.1706133501117355,-0.0454141995634211,0.2601492423238697,0.2099934295397727,GOOG,Alphabet Inc,,,
2021-08-16,0.2889935964115487,0.2918206264908308,0.2391161723710105,0.2417572194864437,0.2594452755617961,-0.6478223161154945,0.1384583856618786,0.2714349045341724,0.221730716079854,GOOG,Alphabet Inc,,,
2021-08-17,0.2267148013092743,0.2293411647200827,0.2286532422899579,0.2659146085798775,0.266819092161894,-0.3383606637572801,-0.6513018914178551,0.2641418234996729,0.22656760589451,GOOG,Alphabet Inc,,,
2021-08-18,0.1985533007641876,0.2010889970020357,0.2123234406150697,0.2516746319279721,0.2252966755092377,-0.9452195599968726,-0.3259495516610715,0.2515467947155655,0.228327019145144,GOOG,Alphabet Inc,,,
2021-08-19,0.2117951108797957,0.2143735470187662,0.1799326744028597,0.2102951652392513,0.1616716603889717,-0.6233105020673191,0.0781379938043868,0.2454508695959295,0.2311667856927048,GOOG,Alphabet Inc,,,
2021-08-20,0.270526844492564,0.2732950792416991,0.2246523821815454,0.2534615210419587,0.2240418836774722,-0.8848975176126909,0.5222792246047109,0.2557388017533089,0.2392495252502022,GOOG,Alphabet Inc,,,
2021-08-23,0.3731683446390593,0.3762678984154056,0.3616959284302696,0.3420856481833911,0.2979950726918755,-0.3557870315571548,0.9402700899076876,0.2894243565770099,0.2562114314612511,GOOG,Alphabet Inc,,,
2021-08-24,0.4232459352421995,0.4265067606371766,0.3936441112325995,0.443321157286576,0.3962511641605759,-0.9268356994607412,0.4232067231911029,0.3273587903818057,0.2763218857005882,GOOG,Alphabet Inc,,,
2021-08-25,0.4445069827209587,0.447836043710105,0.4053960508204118,0.4855164034778997,0.4479656716495582,-1.1459100375163087,0.1481641762004683,0.3611889313058564,0.296595542170457,GOOG,Alphabet Inc,,,
2021-08-26,0.4126254799692286,0.4158518563436281,0.3985407038124672,0.4719955696578676,0.4377541403764019,-0.9463685512803808,-0.3499178223666516,0.3784951110933411,0.3120399440137734,GOOG,Alphabet Inc,,,
2021-08-27,0.5062071371360988,0.5097359919933835,0.4707152575199648,0.4692174135901367,0.4182188577786672,-0.0233455535287759,0.8292704096744402,0.415152096074374,0.3348456763157645,GOOG,Alphabet Inc,,,
2021-08-30,0.5416351091146051,0.5452781089076755,0.5275907475734621,0.5694604700135559,0.5182893900181834,-0.7554444996707645,0.2762977424893104,0.4516085625608157,0.3588965367707488,GOOG,Alphabet Inc,,,
2021-08-31,0.5413460849024029,0.5449883521639407,0.5130688462996759,0.5850017809737561,0.5638465809693194,0.1867283528059772,-0.0542265220155691,0.4788777856219703,0.3807338837865054,GOOG,Alphabet Inc,,,
2021-09-01,0.5559957035270368,0.5596845073354852,0.5403235318269373,0.6088775601371489,0.5547926393437778,-0.8600027064700128,0.0831559666444527,0.5030362428541897,0.4019581803951303,GOOG,Alphabet Inc,,,
2021-09-02,0.4934284764752901,0.496914698685068,0.5212625091889557,0.5502860945243215,0.566355575528704,-0.2835920792433882,-0.6254663703428617,0.5053247811324584,0.4153926087124178,GOOG,Alphabet Inc,,,
2021-09-03,0.5148612801457269,0.5184180718586111,0.4847945753838709,0.5269154346459708,0.4967270000527938,-0.5459450889777655,0.1472360443503322,0.5124639569137986,0.4296132383267709,GOOG,Alphabet Inc,,,
2021-09-07,0.5435439718931454,0.547192509878502,0.5019901735170791,0.5671678687515168,0.5200266581458249,-0.9226227314212108,0.2134622889861514,0.5250754247646664,0.4452276603415819,GOOG,Alphabet Inc,,,
2021-09-08,0.5190444318071697,0.5226145284873246,0.491487915732496,0.5539185661903453,0.5448897986433188,-0.8923659609554944,-0.2767894168649105,0.5283353302411671,0.4571278292713832,GOOG,Alphabet Inc,,,
2021-09-09,0.5202005286559785,0.5237747357341325,0.4960464074581316,0.5630107133211009,0.5252001707592354,-0.9582414612099658,-0.0408942092833201,0.5310727665632491,0.4680544509808473,GOOG,Alphabet Inc,,,
2021-09-10,0.404839001858937,0.4080396368455393,0.509491199239703,0.4583964779204345,0.5468202929309692,0.7746288928676841,-1.1165019664150737,0.503937909487336,0.4671823554063967,GOOG,Alphabet Inc,,,
2021-09-13,0.464360813953422,0.4677537216282193,0.4391709174046343,0.4794164359617062,0.4602431911640297,-0.443301867651031,0.5094788320710506,0.4986465425875581,0.471964677900716,GOOG,Alphabet Inc,,,
2021-09-14,0.4620853405450596,0.4654722561062665,0.4598091570483824,0.5036224398220102,0.4973060894286743,-0.5639459524193943,-0.0727862461716129,0.4941022936837792,0.476099110589183,GOOG,Alphabet Inc,,,
2021-09-15,0.5314766187709737,0.5350870514584765,0.4926612900512632,0.478386632912272,0.4817861406925891,-0.3981082104997076,0.5957346464705732,0.508250983438648,0.4863572502901633,GOOG,Alphabet Inc,,,
2021-09-16,0.4993836782246612,0.5028904151556564,0.4779855998472533,0.5234709005543112,0.5343695767974653,-0.4321949519104515,-0.3472304549167563,0.5107425783965553,0.4926768324752102,GOOG,Alphabet Inc,,,
2021-09-17,0.3872014177618438,0.3903455911278177,0.4414214012156164,0.4319755378524816,0.4833107422233915,3.3736471761632814,-1.091026599010157,0.4842277351379546,0.4879143065278102,GOOG,Alphabet Inc,,,
2021-09-20,0.2928865393353295,0.2957267362398753,0.2534267606109018,0.276229832101527,0.2980604632521224,0.9682339241388196,-0.9434477934868264,0.4404787382442574,0.4747506930037515,GOOG,Alphabet Inc,,,
2021-09-21,0.3171545046939055,0.3200727942088779,0.3091711389524111,0.3482069587679668,0.3411775848289989,-0.6392048814891829,0.1819575829352264,0.4138070946326886,0.4650568412443395,GOOG,Alphabet Inc,,,
2021-09-22,0.3669626157549309,0.3700413741727454,0.3388647290792109,0.3702081050918023,0.3386102689591238,-0.2621442419512347,0.4255651924052694,0.406405447857604,0.4609095473182221,GOOG,Alphabet Inc,,,
2021-09-23,0.4011954015444535,0.404384925004501,0.3645985477430777,0.4333355655988271,0.3987990395936208,-0.7213577582600207,0.2733560688985403,0.4095155432117535,0.4603457090178046,GOOG,Alphabet Inc,,,
2021-09-24,0.4322862335517371,0.4355759696752964,0.3896432511241869,0.4237774281417298,0.3731830239970677,-0.9436875716188616,0.241686151720836,0.4197144908728627,0.4627452651698822,GOOG,Alphabet Inc,,,
2021-09-27,0.3886471310855848,0.3917961452542947,0.3741211348232975,0.4101593647879572,0.3978723787713827,-0.5708399001204436,-0.460853826804367,0.4163224533635734,0.4608392041686593,GOOG,Alphabet Inc,,,
2021-09-28,0.1836726996748839,0.1861603282723821,0.2628131681803892,0.223660668950503,0.3014696089471585,1.6645226419448018,-1.9893749864602497,0.3619172856742008,0.4399074013625041,GOOG,Alphabet Inc,,,
2021-09-29,0.119562628211689,0.1218431832022649,0.177874720244982,0.1673226756410144,0.2250728159336176,0.1467051564304408,-0.6813218612005559,0.3048927459916481,0.4148735917401579,GOOG,Alphabet Inc,,,
2021-09-30,0.0711623256596894,0.0732867985291456,0.1083045996802406,0.1187553378116258,0.1175624874296102,1.0042356510220771,-0.5328823530660464,0.2498784487640498,0.3875821474119927,GOOG,Alphabet Inc,,,
2021-10-01,0.1944086461801897,0.1969308992090508,0.1652763545602901,0.1334227686941829,0.0878156735587193,0.3429911673630954,1.1855929856909395,0.2398006133111256,0.3743156641795016,GOOG,Alphabet Inc,,,
2021-10-04,0.0904185637976609,0.0926048983380246,0.1125361431839886,0.0475169184564094,0.1706283998303624,0.6438353850949982,-1.0709785517321346,0.2059314225486102,0.3525149481714496,GOOG,Alphabet Inc,,,
2021-10-05,0.1834032201327692,0.1858894558785445,0.1764706625308794,0.1576092080751367,0.1050151582161018,-0.0650922368295746,0.8783372367055732,0.2040558308095487,0.3414055640818225,GOOG,Alphabet Inc,,,
2021-10-06,0.2287776523975945,0.2314101813056923,0.1953203721349659,0.1765114594424999,0.1291643044881967,-0.4827505683848133,0.3941672466049163,0.2141294457824457,0.3355561401124726,GOOG,Alphabet Inc,,,
2021-10-07,0.2993830692198498,0.3022436073622046,0.2838916433114186,0.3348995556317551,0.2927638278721208,-0.6277149686541006,0.6360804246144105,0.2395487259602652,0.3368517693126553,GOOG,Alphabet Inc,,,
2021-10-08,0.3329412677599907,0.3359102722773331,0.2901447481727623,0.3685605387853098,0.3330314526930116,-0.5631799582303888,0.2709648357238517,0.267103837370513,0.3411728574344617,GOOG,Alphabet Inc,,,
2021-10-11,0.286353289161554,0.2891715062818173,0.3073268457510272,0.3443604635551119,0.3289389461881877,-0.7872332585144921,-0.4965505560584832,0.2759828194855687,0.340737435901306,GOOG,Alphabet Inc,,,
2021-10-12,0.2040660822543066,0.2066191608422375,0.266217655948698,0.2450304161680361,0.3226649870293604,-0.217333581894414,-0.8443700532084859,0.2618223455751136,0.3326341307945114,GOOG,Alphabet Inc,,,
2021-10-13,0.2498254852935816,0.2525264253063432,0.2221712149752279,0.2732578098293258,0.2497933932276902,-0.8067661103341318,0.3961866471210022,0.2627797014243618,0.3295535643570083,GOOG,Alphabet Inc,,,
2021-10-14,0.3852161530911435,0.3883538823495996,0.3414809018349614,0.3650501968994722,0.334807012590167,-0.3236152756189245,1.261824329278017,0.2977532801835559,0.3394344757336744,GOOG,Alphabet Inc,,,
2021-10-15,0.3953545065019575,0.3985254653129672,0.3625805082693802,0.4320923318655723,0.4215967809539457,-0.3404671477770452,0.0443385702911106,0.3265485966819176,0.3493667357615037,GOOG,Alphabet Inc,,,
2021-10-18,0.4449114981654958,0.4482420572328943,0.3933071843396669,0.4378816391642049,0.3835106087870585,-0.7891482439870058,0.4163624695488001,0.3606836335860863,0.3630378404333914,GOOG,Alphabet Inc,,,
2021-10-19,0.4781232230086319,0.481561132082728,0.4359395889279894,0.5110237416464986,0.4637371678561428,-0.9086433374718608,0.2592059956029695,0.394687900286688,0.3785769081913117,GOOG,Alphabet Inc,,,
2021-10-20,0.4238820254141363,0.4271446975821407,0.4413544854215496,0.4650211292010203,0.4996807682426868,-0.657397243478063,-0.5560837307171906,0.4064673870721549,0.3876228078475847,GOOG,Alphabet Inc,,,
2021-10-21,0.4379719557589934,0.441280813752047,0.3875659266048688,0.4543359591607485,0.4212880903812485,-0.95326249898143,0.080781154962435,0.4188669338404893,0.3971660924992259,GOOG,Alphabet Inc,,,
2021-10-22,0.2777749557813561,0.280566144088047,0.3379032547749885,0.280795470146255,0.3502114969135639,0.5147653642475746,-1.5524823994581545,0.3876347143289289,0.3908368835083373,GOOG,Alphabet Inc,,,
2021-10-25,0.2834796303959699,0.2862898725146948,0.2473984693383963,0.2643992507247515,0.2907367205044659,-0.3565530257461602,0.003481620449365,0.3656539049678263,0.3856173880044428,GOOG,Alphabet Inc,,,
2021-10-26,0.3181376608255769,0.3210589113550711,0.310244139580078,0.3520919900765115,0.3600566054076788,0.3305437617917563,0.2825257297971539,0.3579372206878711,0.3841186517228038,GOOG,Alphabet Inc,,,
2021-10-27,0.5785668361643846,0.582329203405939,0.6287046212728843,0.386944035018387,0.3328959587393468,2.5894606251689205,2.4427416884509303,0.4180416029407348,0.4071493771999542,GOOG,Alphabet Inc,,,
2021-10-28,0.5670591713219898,0.570784374123486,0.5635585738649953,0.5758129971722705,0.6184565353377041,0.7288607400746066,-0.1567006234229763,0.4602083039839978,0.4270085298830241,GOOG,Alphabet Inc,,,
2021-10-29,0.6496164500340819,0.6536070018209692,0.6092784966707842,0.5914711021455613,0.5497740611208622,0.3971852562352332,0.704200556584861,0.5127213718666271,0.4527950687929626,GOOG,Alphabet Inc,,,
2021-11-01,0.4762729942403539,0.4797045644334616,0.601065463420064,0.5298097918637817,0.6518905520607171,0.7148813461252566,-1.6155186787889564,0.5082480725735566,0.460001086028581,GOOG,Alphabet Inc,,,
2021-11-02,0.5568053266788409,0.5604971245169982,0.5441706030051262,0.5710534929230722,0.5223394810244687,-0.3500420751396136,0.6977388830253575,0.5252688030281789,0.4740951070503146,GOOG,Alphabet Inc,,,
2021-11-03,0.5925412752769069,0.5963484726608566,0.5437861306795672,0.587080358688964,0.5789223451790425,-0.66256770425385,0.2761720313626132,0.5470760006237296,0.4902550767430292,GOOG,Alphabet Inc,,,
2021-11-04,0.6655175198070421,0.669560736668479,0.6607103281788856,0.6485276454239125,0.6146344276360636,-0.0101321537684314,0.6134828367879916,0.581895317348698,0.511781310253771,GOOG,Alphabet Inc,,,
2021-11-05,0.6870302789460184,0.6911414176494136,0.6845898749703235,0.7268958353447567,0.6977758740213804,-0.421088036169872,0.1419866345189575,0.6134528067160804,0.5333656154716789,GOOG,Alphabet Inc,,,
2021-11-08,0.6912892402368914,0.6954151820855187,0.7024293908762619,0.7450795367432573,0.7227356275988788,-0.6145015688937561,-0.0133930757154101,0.638198495145794,0.553386628602817,GOOG,Alphabet Inc,,,
2021-11-09,0.6873187108954907,0.6914317645290827,0.6771939187839975,0.6824085807544044,0.7129293999784243,-0.759274470615792,-0.0871325310619327,0.6557531670175725,0.5712156482577649,GOOG,Alphabet Inc,,,
2021-11-10,0.5862194628977138,0.5900062817750762,0.6126248733547719,0.597629170236795,0.6458970064755613,-0.2008647068307962,-0.9577354617700352,0.6433397746353573,0.5779543425096817,GOOG,Alphabet Inc,,,
2021-11-11,0.5909214367105687,0.5947244185696993,0.6050176041345507,0.6508398111653019,0.6110438378639459,-1.181720265852315,-0.0086704253518511,0.6352193895585083,0.5845208406340369,GOOG,Alphabet Inc,,,
2021-11-12,0.7026233720994189,0.7067853311314228,0.657228945945465,0.6414951043920252,0.6390150918376813,-0.7428055955521742,0.96669160468877,0.6573911118717936,0.6009529951856698,GOOG,Alphabet Inc,,,
2021-11-15,0.6926970487459173,0.6968267872403328,0.6809834658585151,0.7269153998241069,0.7227356275988788,-0.8194050144527223,-0.1403036592089613,0.6715084174804871,0.6149615640719408,GOOG,Alphabet Inc,,,
2021-11-16,0.6806693772266504,0.6847602777919702,0.6561905771761308,0.7151624835017216,0.6907107479939798,-0.723081245185283,-0.1592736941107771,0.6790532427340074,0.626570049564237,GOOG,Alphabet Inc,,,
2021-11-17,0.6801292336169611,0.6842185330042949,0.6482469680436268,0.7234382582668637,0.6929693732911577,-0.9111328185861286,-0.0564156443125787,0.6845751984672772,0.6370726254053369,GOOG,Alphabet Inc,,,
2021-11-18,0.7436221673155766,0.7479166254793453,0.7245679530606647,0.7403591614527594,0.6897646467349116,0.1773449239906601,0.5182394555952762,0.7047811854749007,0.6525675151253353,GOOG,Alphabet Inc,,,
2021-11-19,0.714459150494191,0.7186588661292735,0.7338005716999284,0.7748999533140633,0.7613431569353023,-0.4825590698375619,-0.3104277659906903,0.7125570613596467,0.663922211737439,GOOG,Alphabet Inc,,,
2021-11-22,0.6036639693448521,0.6075067629063517,0.6912738236285534,0.6629229521845983,0.7282084051186446,-0.0189410869419944,-1.0399790529723985,0.6903563775138178,0.663866983934572,GOOG,Alphabet Inc,,,
2021-11-23,0.5912702794584932,0.5950725987709284,0.5739258261001454,0.5807082670508992,0.6112759448976152,-0.6395878785836856,-0.1642940130526196,0.6705701033717899,0.6626559164384764,GOOG,Alphabet Inc,,,
2021-11-24,0.5897475719798623,0.5935447368370599,0.547228772190107,0.5927339003581663,0.5818183811625913,-0.7987231713495743,-0.0654486062656395,0.655345133395901,0.6614123209232048,GOOG,Alphabet Inc,,,
2021-11-26,0.4389557041533948,0.4422669308982403,0.4817170358374497,0.4873038854548969,0.5302965107294717,-0.7481675548752126,-1.4264529314178165,0.6057741444458122,0.64615779306581,GOOG,Alphabet Inc,,,
2021-11-29,0.5664805306348555,0.570204270500082,0.5419201191941441,0.5577454969238499,0.5026145068916033,0.1407687014656483,1.1430202651101686,0.6008613066554447,0.6442347093089769,GOOG,Alphabet Inc,,,
2021-11-30,0.4253081940677898,0.4285757772227861,0.5329375543116561,0.4710043027041232,0.5470812660678106,1.607073077769391,-1.3440611947900032,0.5614582806668642,0.6292634824855995,GOOG,Alphabet Inc,,,
2021-12-01,0.3931572117739449,0.3963207174624716,0.5279617193440779,0.449013235051468,0.4992943159226689,0.3514171034421557,-0.3534914776727594,0.5237714035164479,0.6126418404154736,GOOG,Alphabet Inc,,,
2021-12-02,0.4763695330653313,0.4798013467266847,0.4577899436133854,0.4288867215671897,0.4070806656832729,-0.3404671477770452,0.7344618382252612,0.5165600218621506,0.6053253753095479,GOOG,Alphabet Inc,,,
2021-12-03,0.4279490935805143,0.4312248974317997,0.4784857073608048,0.435414143314035,0.5102204305253705,0.1802174021994306,-0.5020854580155141,0.4989004982554881,0.594138721679841,GOOG,Alphabet Inc,,,
2021-12-06,0.4771394746142306,0.4805744248006004,0.4453453668589172,0.4158710070321995,0.4746438420220142,-0.2496968363798956,0.4101453760952941,0.4981016479262257,0.5885764751902454,GOOG,Alphabet Inc,,,
2021-12-07,0.6405945118691719,0.6445572672686809,0.5972377626033153,0.612296601119352,0.5663750159655341,-0.1482026063366694,1.469049760551078,0.5388587146585329,0.5988299752744674,GOOG,Alphabet Inc,,,
2021-12-08,0.6669632331307831,0.671011290794956,0.6301855734520987,0.6704801769808778,0.6583188565058932,-0.5593499872853614,0.1867129437705813,0.5760981367431911,0.6106211768371356,GOOG,Alphabet Inc,,,
2021-12-09,0.6432745007220714,0.6472453364493573,0.6474386956889783,0.6832634892157078,0.6523152961502491,-0.5961177083576246,-0.2646479468244636,0.5980341525553483,0.6191216354673847,GOOG,Alphabet Inc,,,
2021-12-10,0.6652101354502123,0.6692515054389127,0.6395526106601457,0.6765997089764216,0.6879890868377562,-0.303699426704782,0.1465602053286799,0.620036159143502,0.6289039359852245,GOOG,Alphabet Inc,,,
2021-12-13,0.5892459254476179,0.5930419410210476,0.6073355907202493,0.6378430682466513,0.66266232137707,-0.0671987208493397,-0.7350729673712332,0.6173177522683023,0.6306817153867329,GOOG,Alphabet Inc,,,
2021-12-14,0.522399007909451,0.5259794835846281,0.4872951129516288,0.4778619491478798,0.5208184141185446,-0.0026637104256279,-0.661116965872146,0.5983658263115673,0.6260366326098595,GOOG,Alphabet Inc,,,
2021-12-15,0.61484292837214,0.6187222963374727,0.567126242253923,0.4958517843419101,0.5052207036351387,0.2369009721858362,0.8014703553964426,0.6075413701199622,0.6304726304675844,GOOG,Alphabet Inc,,,
2021-12-16,0.5173102865339566,0.5208742176171128,0.6069123776718095,0.5497418462805791,0.6484931884486085,0.2483908850209185,-0.9369198085836684,0.5897460284355798,0.6253699180896477,GOOG,Alphabet Inc,,,
2021-12-17,0.43883962065833,0.4421506741191858,0.449522908142892,0.4602029315137713,0.4414601945612079,1.7807622601263835,-0.7763274602700898,0.556545445124095,0.6133810992965184,GOOG,Alphabet Inc,,,
2021-12-20,0.4233626109999942,0.4266230174162311,0.3783720486884858,0.4004458972220795,0.3628978547056153,-0.4348759315719707,-0.1965526182544424,0.5277291272436037,0.60103251221871,GOOG,Alphabet Inc,,,
2021-12-21,0.4934865182228226,0.4969731221425624,0.4584456009991097,0.4581439182779135,0.4582738160027189,-0.5034324114879613,0.6071829459761751,0.5238591297252572,0.5963747105123381,GOOG,Alphabet Inc,,,
2021-12-22,0.5986711945316051,0.6024982792320595,0.5588844469513672,0.5447102179095096,0.4949514401556383,-0.6097141052124718,0.9240848500507808,0.5475696932245152,0.6019925141949006,GOOG,Alphabet Inc,,,
2021-12-23,0.6061301513522496,0.6099817930147506,0.6077241719103562,0.6607999097435944,0.6103681354080609,-1.0520757493631372,0.0163331997434709,0.5672398268438416,0.6077982549159868,GOOG,Alphabet Inc,,,
2021-12-27,0.6416546621557332,0.6456206922222657,0.6021038321893981,0.6724229890666554,0.6248076671397058,-1.1058868411407723,0.2713998877507419,0.5909805803602308,0.6164036199215596,GOOG,Alphabet Inc,,,
2021-12-28,0.5793580991715612,0.5831217559656862,0.6001034021351919,0.6213496192914072,0.6599789519903603,-0.5919047403180944,-0.6144085385423561,0.5930243223050702,0.6183916441047519,GOOG,Alphabet Inc,,,
2021-12-29,0.5815346647040265,0.5853070293303503,0.5542971931738959,0.6046036106936422,0.5848876137651726,-0.745295076666442,-0.0316867337442617,0.5951078275413869,0.6204028077825995,GOOG,Alphabet Inc,,,
2021-12-30,0.5621836645292675,0.5658921472282483,0.5496330449313127,0.6144724083683004,0.5856787806337459,-1.1325051392087129,-0.2282630315432509,0.5917744071724667,0.6204186184746415,GOOG,Alphabet Inc,,,
2022-01-03,0.5264074420655668,0.5300012599767927,0.491449761990265,0.5268182051122302,0.509448114989481,0.0390829728751707,,0.5455667878453194,0.5837157740302398,GOOG,Alphabet Inc,,,
2022-01-04,0.5010414216057144,0.5045534182184767,0.5322261337642096,0.5390045042953734,0.5509516803094534,-0.1797998666331454,-0.2854693465552647,0.539148861872647,0.581339854591166,GOOG,Alphabet Inc,,,
2022-01-05,0.2403232220547044,0.2429933694238739,0.4432874127010394,0.2945107630337681,0.4980784049645637,2.378046229003408,-2.4666109883090725,0.4683703951266377,0.5547596432427747,GOOG,Alphabet Inc,,,
2022-01-06,0.2363722373833912,0.2390288362173351,0.26587133736537,0.2649820350641838,0.2400448978135798,0.4063771865032989,-0.0899648622219202,0.4142868956668697,0.5302257440309803,GOOG,Alphabet Inc,,,
2022-01-07,0.2153030830291269,0.2178931177308528,0.21081313940337,0.2271188388914066,0.2557775131465041,-0.5168373097955572,-0.2564741068817876,0.368393506904031,0.5059487477035116,GOOG,Alphabet Inc,,,
2022-01-10,0.2758092357807432,0.2785939097956604,0.2256332268472081,0.1242144204133471,0.1474447952541659,0.8895280212185063,0.5392238171120758,0.3492822919515799,0.4895460863947468,GOOG,Alphabet Inc,,,
2022-01-11,0.3314564650960749,0.3344213593151275,0.2906254853248736,0.2669248471499614,0.2664137885091922,-0.1248397835720022,0.4856263576164091,0.3490283378951108,0.479846798270466,GOOG,Alphabet Inc,,,
2022-01-12,0.3943133086227537,0.3974809247092795,0.3862100013040423,0.4339379144176095,0.3966759082501078,-0.1114348852644063,0.5489693382160202,0.3647414536523391,0.476916777447723,GOOG,Alphabet Inc,,,
2022-01-13,0.2972817210540847,0.3001356418049321,0.4004912405114482,0.348537183464878,0.4077174872654976,0.168535990817097,-0.9679430430320368,0.3519760640359551,0.465164615919237,GOOG,Alphabet Inc,,,
2022-01-14,0.3225517949516895,0.3254872914059594,0.3241315147715295,0.2935977539974247,0.2401415108935843,-0.0938170189172802,0.1914014279967142,0.3487956720951189,0.4568477652737346,GOOG,Alphabet Inc,,,
2022-01-18,0.1877782649187069,0.1902788869577698,0.1776052961267658,0.2204360870357808,0.2053949701324616,0.2466673980956561,-1.3413306412570916,0.3123109599750843,0.4366633701193602,GOOG,Alphabet Inc,,,
2022-01-19,0.1631632336003964,0.165584648787538,0.2163818248271537,0.2158900134704029,0.2184636565155064,-0.3839373180031062,-0.2931731624681857,0.278719509721939,0.4160083422674839,GOOG,Alphabet Inc,,,
2022-01-20,0.0804531511039843,0.0826074054752716,0.1976283800496194,0.1243697505221277,0.2020747791635272,-0.2753576417115793,-0.8672161461732094,0.2325992186299537,0.3894839680432917,GOOG,Alphabet Inc,,,
2022-01-21,-0.0511778328840293,-0.049449082947892,0.0763951576007914,0.0022328559797937,0.0668706647387241,1.638670338065867,-1.3705113537600513,0.1647046862865324,0.3530416266809823,GOOG,Alphabet Inc,,,
2022-01-24,-0.0403850291566509,-0.0386200885537289,-0.0767856606697166,-0.2059871548404868,-0.20278351080353,2.90524172958643,0.0594136760205627,0.116514503716258,0.3209231381404164,GOOG,Alphabet Inc,,,
2022-01-25,-0.1805739134606802,-0.1792621696168644,-0.1321801985439996,-0.1385350551025481,-0.1098163963609284,1.0726006323908162,-1.4900344679459308,0.0449022950802584,0.2785936588196659,GOOG,Alphabet Inc,,,
2022-01-26,-0.0840229470973434,-0.0823999129747307,0.0012663302833113,-0.1084036818826753,-0.0265400451260931,1.419404501463048,0.9675589455508852,0.015621761756449,0.2491558026215685,GOOG,Alphabet Inc,,,
2022-01-27,-0.0886112064660533,-0.0870023831262335,-0.0063327212078138,-0.0387968215326655,0.0031295961016235,0.5210848163068698,-0.0990607375830317,-0.0074995262447724,0.2219643538412761,GOOG,Alphabet Inc,,,
2022-01-28,0.0720880323065584,0.0742150823537788,0.0229241553156029,-0.0485298535778934,-0.0494149591295923,0.5469371201858048,1.6133275485861585,0.0158184601485097,0.2122968196778188,GOOG,Alphabet Inc,,,
2022-01-31,0.1649566051466018,0.1673833831152442,0.1180566961944963,0.0905475086296864,0.112659373619383,0.8856980502734788,0.8804894929435417,0.0568038806748209,0.2122067278899466,GOOG,Alphabet Inc,,,
2022-02-01,0.2489963174716901,0.2516949237749331,0.2087070528322161,0.1796880194533625,0.2530752924271106,2.527606594406728,0.7769068908433236,0.1088060627385942,0.2199964428030953,GOOG,Alphabet Inc,,,
2022-02-02,0.6405951041319018,0.6445572672686809,0.7434176626647512,0.6066626239295,0.7946805605783109,6.218358095582387,3.7478315615826223,0.2468871756178178,0.2637572740334249,GOOG,Alphabet Inc,,,
2022-02-03,0.4329614130638488,0.4362528555919234,0.6286934686405399,0.4764052847308045,0.5410871313785084,3.075866935187401,-1.927855460704804,0.2979140441859986,0.2840917470784999,GOOG,Alphabet Inc,,,
2022-02-04,0.4470513434087059,0.4503889717618298,0.4524137878427059,0.3836417880492744,0.4531391842629687,2.338023032627872,0.0805626435679241,0.339749127291367,0.3038973711745077,GOOG,Alphabet Inc,,,
2022-02-07,0.2898417166407978,0.2926716025080724,0.4259186552761673,0.3401837436453457,0.4798556464049386,1.89623588411896,-1.5220675725936628,0.3313494034705834,0.3071773753012921,GOOG,Alphabet Inc,,,
2022-02-08,0.3004432195064112,0.3033070323157894,0.2716836197587828,0.2692364200283401,0.2977152482223503,0.904847904998616,0.0505056789286323,0.3277319257398557,0.3111521916534537,GOOG,Alphabet Inc,,,
2022-02-09,0.3867969023173068,0.3899395776050283,0.3616384043265982,0.4053802960594086,0.3694669550417735,0.3659709930332598,0.7782271721546522,0.3468673980902839,0.3228540166641109,GOOG,Alphabet Inc,,,
2022-02-10,0.2769072908820195,0.2796956935849739,0.332998444466025,0.3149675012149577,0.3173565695664314,0.7863103042500177,-1.0908057706396006,0.3334155322552379,0.3231991807173598,GOOG,Alphabet Inc,,,
2022-02-11,0.1044895417351605,0.1067215400220995,0.2503779831163163,0.1299645987532793,0.2884009225641137,1.3406985985427349,-1.715675258292393,0.2797027482356864,0.3073633820753439,GOOG,Alphabet Inc,,,
2022-02-14,0.1495939021951412,0.1519713930554097,0.1304819025875241,0.1304892825176715,0.0805184404976494,0.1901753266565019,0.398276252365513,0.2508301373947796,0.2971919212096905,GOOG,Alphabet Inc,,,
2022-02-15,0.1929830697892662,0.1955004097043396,0.1971664262782989,0.2174249358048791,0.2390410643481674,0.1696849821006052,0.3774278198041026,0.2401536908160383,0.2920092040300007,GOOG,Alphabet Inc,,,
2022-02-16,0.2339232309951615,0.2365732805947677,0.1989361729371698,0.1896113605249971,0.198850612170451,0.076999685230942,0.3498746024315581,0.2425047376527683,0.2911323211248249,GOOG,Alphabet Inc,,,
2022-02-17,0.0342696879500847,0.0362746530025451,0.156370684142914,0.0877497880826053,0.1880211106477539,0.5900242933173631,-1.9941716045750533,0.1937531356905923,0.2716345181136326,GOOG,Alphabet Inc,,,
2022-02-18,-0.0367023395019926,-0.0349264277410277,0.0403698072055869,0.0141239093836517,0.0678556468714527,0.6752411468442229,-0.769147543240387,0.1392326081161491,0.2472616165492339,GOOG,Alphabet Inc,,,
2022-02-22,-0.0777585842029527,-0.0761155554105104,-0.0336144078449617,-0.0855772702480675,-0.0499940485054728,1.3500820273580518,-0.472534716768154,0.0879544600630545,0.2212588821300898,GOOG,Alphabet Inc,,,
2022-02-23,-0.1478250419409791,-0.1464075317473145,-0.0394525173869617,-0.0948048865767482,-0.0077764889601014,0.1557055881512552,-0.7759006539464534,0.031768143581942,0.1910572271431673,GOOG,Alphabet Inc,,,
2022-02-24,0.0483400736248544,0.0503907045506858,0.0100951062355757,-0.2012255755707513,-0.2424526058117101,1.7579739330034705,2.005232840047826,0.0392606767664568,0.1819750687979622,GOOG,Alphabet Inc,,,
2022-02-25,0.1195045864641566,0.1217853498807048,0.1005728905622813,0.0707707843216695,0.0866957865764723,0.1369387305206209,0.6659769837991945,0.0628856040101013,0.1803842165393636,GOOG,Alphabet Inc,,,
2022-02-28,0.1338272760618733,0.1361533894727859,0.1102475056307754,0.1119658706140897,0.0773914756887239,0.4663162317929779,0.0908639994957146,0.0842281221750292,0.1802795282205139,GOOG,Alphabet Inc,,,
2022-03-01,0.1059553919917188,0.1081909784984737,0.1283464669838849,0.1334613047898727,0.1235466073484242,-0.0158771101859725,-0.3279785044219573,0.0931830694441762,0.1775737247676442,GOOG,Alphabet Inc,,,
2022-03-02,0.1284483459487169,0.1307577766256015,0.1092854443459033,0.1355594469844309,0.1284980276986536,-0.0804121206096843,0.1726995308626945,0.1055902834821616,0.1772207158510013,GOOG,Alphabet Inc,,,
2022-03-03,0.111351497724043,0.1136054756955552,0.1515357245312657,0.1355013464093908,0.1814001691467154,-0.4812185800068023,-0.221296347350845,0.1105699738431672,0.1752984148615816,GOOG,Alphabet Inc,,,
2022-03-04,0.0270796184088251,0.0290614214777574,0.054795443652821,0.0180652626782046,0.0811752916208505,-0.0344524692693554,-0.8909339591258567,0.0929828837419286,0.1656575059460519,GOOG,Alphabet Inc,,,
2022-03-07,-0.1910211318851488,-0.1897429838097982,-0.0334893809665738,-0.137291524937788,0.0240940453584488,1.3761258297842385,-2.2598389787488835,0.0246103008916153,0.136464540798686,GOOG,Alphabet Inc,,,
2022-03-08,-0.1596409795342981,-0.158261297191366,-0.0587823771625097,-0.1586322218678011,-0.1941737537043505,1.000022682982547,0.2803690839257618,-0.0187295583719437,0.1128647173159503,GOOG,Alphabet Inc,,,
2022-03-09,0.0943120989841716,0.096511008087069,0.0547760732913806,0.0056127680032965,0.004635346299742,0.7135408562944969,2.6175548212205886,0.0130189077358367,0.1151969588866353,GOOG,Alphabet Inc,,,
2022-03-10,0.0486681871772315,0.0507200004020178,0.0293868122688926,0.0566280372035047,0.0070483168832685,-0.0516873385219787,-0.5076925115389624,0.0252817667860517,0.1130419214646378,GOOG,Alphabet Inc,,,
2022-03-11,-0.0363949551451628,-0.0346171965114614,0.054833597395052,0.0137136481803077,0.1049957177792717,0.1717914661203703,-0.9091979665016788,0.0129568535916538,0.1031153199771995,GOOG,Alphabet Inc,,,
2022-03-14,-0.1803615872720024,-0.179049425612554,-0.067264834531446,-0.1371750273562026,-0.0272929202251523,0.5216593119486239,-1.527625768486074,-0.032712221285494,0.0806064390242073,GOOG,Alphabet Inc,,,
2022-03-15,-0.0678121239166336,-0.0661369468976546,-0.0868359433540242,-0.1311527248943988,-0.1366100311460722,0.5252977843464,1.1363767833009466,-0.0384875809616521,0.0706858148572019,GOOG,Alphabet Inc,,,
2022-03-16,0.0875466818202665,0.0897238547068363,0.0383306364284998,-0.028850358803617,-0.0108074297931688,0.69439100156936,1.5513014242450034,-0.0035113458425053,0.0762188163380749,GOOG,Alphabet Inc,,,
2022-03-17,0.1226275878390382,0.1249177914198992,0.0755874722267927,0.1078371726081832,0.078800612806838,-0.0777311409481651,0.2994582789474436,0.0315967461431068,0.0845346861429658,GOOG,Alphabet Inc,,,
2022-03-18,0.2074775155786604,0.210041949261101,0.1592175402939998,0.1161135402363359,0.1005367884954065,2.019752447096094,0.7917175866509832,0.0793959266116626,0.1000420735046549,GOOG,Alphabet Inc,,,
2022-03-21,0.195025783944769,0.1975499518041177,0.1849531198998158,0.1813681932254388,0.214950239386563,0.1748554428763923,-0.1733299164552917,0.1120948654046849,0.1129734014705821,GOOG,Alphabet Inc,,,
2022-03-22,0.3414799195372839,0.3444766854994406,0.3356527709640065,0.2547438837339138,0.2015339815571607,0.4758911591555464,1.3839459506732634,0.1736738295124447,0.1384468450533074,GOOG,Alphabet Inc,,,
2022-03-23,0.2730913421131286,0.275866891643321,0.2789116994792923,0.3194940103009854,0.303400103234809,0.047508908954231,-0.7037461020495925,0.2025548722233165,0.1551988749186212,GOOG,Alphabet Inc,,,
2022-03-24,0.3813605227193478,0.3844861314362838,0.3316712812170342,0.314555461422582,0.3085736158482194,-0.4080661349567789,0.9941486348562032,0.251609134733725,0.1805690732969244,GOOG,Alphabet Inc,,,
2022-03-25,0.3894372095673014,0.3925886978140419,0.3533291062493258,0.3790565855251962,0.404377855859733,-0.5300507095559017,0.0248896042082887,0.2904433361692726,0.2043893964228035,GOOG,Alphabet Inc,,,
2022-03-28,0.4059560093675709,0.4091608951206842,0.353983002693101,0.3840556064306821,0.3630869571365998,-0.0987959811458158,0.1045756896447651,0.3237484538060632,0.2275914762612521,GOOG,Alphabet Inc,,,
2022-03-29,0.4560720970481561,0.4594387063141181,0.4380750245316286,0.4872451920168462,0.4586797087595669,0.3707584567145441,0.4207248562838651,0.3614072999711651,0.253378421462062,GOOG,Alphabet Inc,,,
2022-03-30,0.4327292460737191,0.4360209321697487,0.4118393374122611,0.4749675919300688,0.447463754916852,-0.3599999995966849,-0.2695550971330619,0.3837453962480562,0.2746346805360549,GOOG,Alphabet Inc,,,
2022-03-31,0.3172705881889703,0.3201890509879324,0.3796798415760362,0.3759292331442145,0.4311909310817075,0.4509963480128682,-1.1343523661843904,0.3712864587370149,0.2831440665579456,GOOG,Alphabet Inc,,,
2022-04-01,0.3577677368728836,0.3608169593839082,0.3144950534452664,0.3439911098995002,0.3370461974505147,-0.1269462675917673,0.3363630144553763,0.3721885495688836,0.29467305523736,GOOG,Alphabet Inc,,,
2022-04-04,0.471203225272217,0.4746187729517778,0.433506554134948,0.4227671895716459,0.3684919876795332,-0.5486260686392846,1.026943528920477,0.4015657397857582,0.3157789388425997,GOOG,Alphabet Inc,,,
2022-04-05,0.3717617206554933,0.3748562932605916,0.4160515105545688,0.427390928191414,0.467906847004141,-0.5313911993866614,-0.9776623840485344,0.3984386663334537,0.3256518735833935,GOOG,Alphabet Inc,,,
2022-04-06,0.2219145118832522,0.2245256554963023,0.272122094304115,0.2515619879559557,0.3042878831833867,-0.1179458358709528,-1.4726068367463911,0.3581801105380708,0.3205917642273307,GOOG,Alphabet Inc,,,
2022-04-07,0.1945051850051671,0.1970276815022738,0.1895309819868917,0.1909168448743662,0.2060895239210304,-0.5130073388505298,-0.3188634445627776,0.3210512851928691,0.3134243581812191,GOOG,Alphabet Inc,,,
2022-04-08,0.0998823299590931,0.1020995953847652,0.1336938607027286,0.1479929700429995,0.1918820992230548,-0.8015956495583448,-0.979135040583628,0.2692638797303033,0.298045643256731,GOOG,Alphabet Inc,,,
2022-04-11,-0.0625700064940893,-0.0608776554512905,0.0063325602709447,-0.0126681629289446,0.0625466403043774,-0.0591557818647822,-1.673219591356284,0.1893208172168782,0.2688488239340064,GOOG,Alphabet Inc,,,
2022-04-12,-0.1173895486443548,-0.1158736034393475,-0.0135056247472507,-0.0919881944133274,0.0441500960215735,-0.1725229218375934,-0.6165610923594561,0.1154934785594689,0.2371715644385061,GOOG,Alphabet Inc,,,
2022-04-13,-0.0436999236560273,-0.0419460946793694,-0.0815079199966209,-0.0584727591288782,-0.1024425797608306,-0.5040069071297154,0.7163192456751108,0.0787673874287927,0.2152762268718503,GOOG,Alphabet Inc,,,
2022-04-14,-0.1606241356659695,-0.159247709405527,-0.0794112251158624,-0.1100355373193872,-0.0243391520352593,-0.1265632704972645,-1.2521095386412366,0.0216395055184337,0.1844196169046267,GOOG,Alphabet Inc,,,
2022-04-18,-0.1333297077574894,-0.1318656971225864,-0.156280450059728,-0.1307466137321296,-0.1494083187259342,-0.9467515483748836,0.2353615058857048,-0.0143005683171337,0.1589246978671544,GOOG,Alphabet Inc,,,
2022-04-19,-0.0342545176392227,-0.032470281982526,-0.0719677234969099,-0.0968253637169161,-0.1236573982798626,-0.199715715547288,0.9841874065211615,-0.0161883398085074,0.1450274199069726,GOOG,Alphabet Inc,,,
2022-04-20,-0.1223618903934184,-0.1208626126278082,-0.0327398066768962,-0.0796305578201178,0.0001569765790467,-0.2102481356461133,-0.95452925047227,-0.0398964549478209,0.1241409151144573,GOOG,Alphabet Inc,,,
2022-04-21,-0.2498881975317044,-0.2487999522296499,-0.0949045793649161,-0.2056744196023886,-0.0745096175566091,0.5124673816805582,-1.381802013294626,-0.0899433198495247,0.093208375957729,GOOG,Alphabet Inc,,,
2022-04-22,-0.4551128599457975,-0.4546871671195686,-0.2816873984183076,-0.4197397632758047,-0.2424526058117101,2.0685845766451934,-2.248957781250633,-0.1794029197113935,0.0458654277407221,GOOG,Alphabet Inc,,,
2022-04-25,-0.3149420396550314,-0.3140642654742975,-0.3653177599758402,-0.4341644167555158,-0.4575159728703366,0.9303172117830482,1.5160694974162017,-0.2110326183247315,0.0159555453081318,GOOG,Alphabet Inc,,,
2022-04-26,-0.4592764669371529,-0.4588641492624507,-0.3856290513977001,-0.4189103479239576,-0.3293195468186631,2.354300409144237,-1.618150875833302,-0.271273339120764,-0.0247544043805447,GOOG,Alphabet Inc,,,
2022-04-27,-0.6321952703535264,-0.6323413937093041,-0.587587961658978,-0.6534943839631723,-0.6527347776543853,3.5841040795925374,-1.987200458901714,-0.3602045374674275,-0.0779599651650981,GOOG,Alphabet Inc,,,
2022-04-28,-0.4629191788575415,-0.462518861103489,-0.4745486955897547,-0.5750233323099868,-0.5468730571039909,1.147476564366102,1.9171813193904024,-0.3840739309491221,-0.1104733373851365,GOOG,Alphabet Inc,,,
2022-04-29,-0.6342770738492036,-0.6344298847807457,-0.5314241856432521,-0.5925036017463956,-0.5289975754386497,0.8510368132209808,-1.9712456990965264,-0.4453317041151788,-0.1560812609346338,GOOG,Alphabet Inc,,,
2022-05-02,-0.549832253816849,-0.5497120355303003,-0.593762117622936,-0.642800024546236,-0.6707451641692445,0.5241487930628917,0.9310203577879104,-0.4699094199155275,-0.1896334484863134,GOOG,Alphabet Inc,,,
2022-05-03,-0.5123411346186575,-0.5121003118944645,-0.5183447893161247,-0.5173991226989735,-0.560385633461324,-0.3437226230803185,0.3765167392312198,-0.4788569765138773,-0.2166238150357641,GOOG,Alphabet Inc,,,
2022-05-04,-0.3409639910882724,-0.3401701087993428,-0.3705110712741349,-0.5519206465124329,-0.5125701117650834,0.8068006488059143,1.88915961745854,-0.4422070457826106,-0.2251083965357002,GOOG,Alphabet Inc,,,
2022-05-05,-0.5656569216976491,-0.5655881675024514,-0.4439758084496916,-0.5735233888931363,-0.426977403026726,1.7506969882079184,-2.50377896589874,-0.4715697685174015,-0.253867614404053,GOOG,Alphabet Inc,,,
2022-05-06,-0.6075423342205009,-0.607608501635377,-0.5876457792529742,-0.6139121814911238,-0.6084906998455054,1.005767639400088,-0.5315110839203632,-0.5041893529513048,-0.2839355734674638,GOOG,Alphabet Inc,,,
2022-05-09,-0.7068490990661673,-0.7072358401976117,-0.6621051551394619,-0.6757480899295288,-0.694025676377518,0.9301257132357968,-1.2001608656906608,-0.5537799165149785,-0.3205716934201967,GOOG,Alphabet Inc,,,
2022-05-10,-0.6490033904973631,-0.649203642827649,-0.6187087952355439,-0.6434293486320013,-0.5883568874350594,0.6082166553062432,0.6327213731254625,-0.5763371388018994,-0.3484591133330262,GOOG,Alphabet Inc,,,
2022-05-11,-0.6730400772599042,-0.6733177773744774,-0.6194783268673116,-0.633066992501008,-0.6783122069293507,1.1199007735619046,-0.3321888566552879,-0.599336643147852,-0.3760627200686727,GOOG,Alphabet Inc,,,
2022-05-12,-0.7038803821324305,-0.7042577192052337,-0.6892791308273883,-0.7704736667446814,-0.7467440173319126,1.5950086692925545,-0.4135887208200101,-0.6243892609996253,-0.4040455787013259,GOOG,Alphabet Inc,,,
2022-05-13,-0.574561591842035,-0.5745219403436524,-0.5650840040201317,-0.6194681971950803,-0.6344928732100027,0.4722526867577704,1.477176364598967,-0.6104594247934358,-0.4173718398463444,GOOG,Alphabet Inc,,,
2022-05-16,-0.6409850415283063,-0.6411592048394182,-0.6219210468410726,-0.6064521862285848,-0.6137025042284293,-0.1459046237696529,-0.814188121604875,-0.6168180256837431,-0.4357082042724056,GOOG,Alphabet Inc,,,
2022-05-17,-0.5673916592335922,-0.5673284783726632,-0.5980705555917958,-0.5675010864313335,-0.5425295922328135,-0.3092528845750718,0.8060524538103068,-0.6029669141153184,-0.4454844700264344,GOOG,Alphabet Inc,,,
2022-05-18,-0.7331787309876036,-0.7336509147522238,-0.6569984234869987,-0.6916587545453406,-0.6193584931377164,0.3041169622710672,-1.9519660775475391,-0.6345248193229192,-0.4699005031851601,GOOG,Alphabet Inc,,,
2022-05-19,-0.7969997782385968,-0.7976777129426719,-0.7380953765603891,-0.756699976850623,-0.7504889523903784,0.4199735833581463,-0.8111318870916818,-0.6743407853404662,-0.4980747233665241,GOOG,Alphabet Inc,,,
2022-05-20,-0.8522238358333989,-0.8530796744535182,-0.7780062453663391,-0.9158066230087412,-0.741049442101039,1.2236929861721475,-0.718640239872437,-0.7181751491811111,-0.5288602363956162,GOOG,Alphabet Inc,,,
2022-05-23,-0.7614951082365644,-0.7620579931530206,-0.7989523563608582,-0.8077442963383518,-0.8175505065484866,0.6465163647565173,1.0587387458169109,-0.728095399407467,-0.5483489203324564,GOOG,Alphabet Inc,,,
2022-05-24,-0.982794965666215,-0.98407244285513,-1.0147792714521475,-1.0776330282280435,-0.961421226622595,3.4067764248377683,-2.702683239002436,-0.7915272671673133,-0.5867940540003638,GOOG,Alphabet Inc,,,
2022-05-25,-0.9861294048356796,-0.9874179234666018,-1.0090204042978583,-0.9997990078797618,-1.0091209893540736,1.2537582580906126,-0.0936791635965989,-0.8399448235296129,-0.6220564972248779,GOOG,Alphabet Inc,,,
2022-05-26,-0.8914295556347149,-0.8924125295417017,-0.9162903752182217,-0.9501923811927692,-0.9740460230313502,0.5249147872518972,1.1453694666539334,-0.8522977238466946,-0.6452431608551047,GOOG,Alphabet Inc,,,
2022-05-27,-0.7178355727062309,-0.7182581041102536,-0.7657735686264145,-0.792367801295102,-0.8297311184308815,0.4900620516521478,2.092765400918385,-0.817640912326276,-0.6500621893751373,GOOG,Alphabet Inc,,,
2022-05-31,-0.670032863248722,-0.6703010024784021,-0.6286143871896983,-0.6749320139954199,-0.7026928711309686,2.536990023222045,0.5153456855835183,-0.7795536098778806,-0.6499656626322414,GOOG,Alphabet Inc,,,
2022-06-01,-0.6662551154259116,-0.6665108544404456,-0.5914731865793975,-0.6369330521932131,-0.6311723876889951,0.3661624915805112,-0.0072537604322962,-0.7500323147685288,-0.6495240666399773,GOOG,Alphabet Inc,,,
2022-06-02,-0.5271251968829839,-0.526932198330895,-0.5722774518823084,-0.6463551275893747,-0.6598770763249596,0.2552848327219678,1.579094653660258,-0.6926897035416909,-0.6360909508559125,GOOG,Alphabet Inc,,,
2022-06-03,-0.6497934689790797,-0.6499964904553633,-0.6312687136876798,-0.6323677105799904,-0.5902099145274624,0.0235715905478097,-1.4452268509441657,-0.6807193789819835,-0.6353688049586906,GOOG,Alphabet Inc,,,
2022-06-06,-0.5554797750780258,-0.5553779306353881,-0.514555829222257,-0.521234057083122,-0.5612542675251447,-0.0976469898623076,1.049708826746262,-0.6478790708124716,-0.6258783751566174,GOOG,Alphabet Inc,,,
2022-06-07,-0.5470367737316145,-0.5469080046385371,-0.5780228184816549,-0.5757380286692804,-0.60351011884003,0.1539821012259929,0.0449568849975101,-0.621112652902937,-0.6164598942735907,GOOG,Alphabet Inc,,,
2022-06-08,-0.5467092524419674,-0.5465792989231388,-0.5435030734529525,-0.5146891458774636,-0.5560807549117343,-0.2165675877054086,-0.0478312316216871,-0.6009549724166187,-0.6078669615000472,GOOG,Alphabet Inc,,,
2022-06-09,-0.6361468472875697,-0.6363056318478764,-0.5548899110766455,-0.5857820173635746,-0.576735924491716,-0.1593095220772488,-1.0720896098769293,-0.608465561689586,-0.6084324160069952,GOOG,Alphabet Inc,,,
2022-06-10,-0.7707080511318745,-0.771301292291756,-0.7415767587938098,-0.7414304935807887,-0.7141883548911355,0.624111034728107,-1.6179662709264695,-0.6481442005810175,-0.6215501997734004,GOOG,Alphabet Inc,,,
2022-06-13,-0.9461525589600026,-0.9473116952365356,-0.9061637850494514,-0.9074511081686712,-0.920169208773122,1.1442210890628288,-2.15785586797534,-0.7222928728563605,-0.6499085445681005,GOOG,Alphabet Inc,,,
2022-06-14,-0.933912857383424,-0.9350324417838628,-0.93543827099236,-0.9166226989428492,-0.9416349856585066,0.064552279659603,0.1016313616762855,-0.7748075768071712,-0.6745424209978672,GOOG,Alphabet Inc,,,
2022-06-15,-0.8106851931389163,-0.8114072254538547,-0.7967403197824325,-0.8479774623960523,-0.8640532096545449,0.8029706778608868,1.4862600859442514,-0.7830154375777421,-0.6853946808619124,GOOG,Alphabet Inc,,,
2022-06-16,-0.9554238397342104,-0.9566131227647972,-0.9033941168538028,-0.9383612069529832,-0.8930088566568626,1.006150636494591,-1.8055420938189275,-0.8257920526218407,-0.7088173805040126,GOOG,Alphabet Inc,,,
2022-06-17,-0.9080256457212392,-0.9090620346557357,-0.9049713338595692,-0.9447315200020155,-0.955340493623776,1.7914861787724603,0.5430357834348332,-0.8458821676519775,-0.7256711711705511,GOOG,Alphabet Inc,,,
2022-06-21,-0.7480596282082722,-0.7485795834818774,-0.7732748878393638,-0.8023338285034995,-0.8330704552845724,1.3600399518151232,1.932311182325336,-0.8204763158397079,-0.7260095118125882,GOOG,Alphabet Inc,,,
2022-06-22,-0.747327295342723,-0.7478448642436909,-0.731094164860992,-0.7467419532928675,-0.7766649114780556,-0.0846250886492144,-0.0428227988510542,-0.8012366374461913,-0.7262484999351789,GOOG,Alphabet Inc,,,
2022-06-23,-0.7222494107009786,-0.7226864841611419,-0.7531364622188426,-0.7349030718339434,-0.7076734521364427,-0.0091746610321745,0.2478723535865091,-0.7804618547070454,-0.7241168307935939,GOOG,Alphabet Inc,,,
2022-06-24,-0.4965928686300173,-0.4963014877297049,-0.5438303151651639,-0.6348933070052003,-0.6824627401925919,1.3707638704611995,2.627315336195054,-0.7077867909071878,-0.7010427307060102,GOOG,Alphabet Inc,,,
2022-06-27,-0.5704373703222195,-0.5703839071724327,-0.5202683249052187,-0.5417314063805385,-0.4766073654937818,0.7692669335446457,-0.8849249923973316,-0.6719640916966451,-0.6869829537409912,GOOG,Alphabet Inc,,,
2022-06-28,-0.7266057992109227,-0.727056735822503,-0.5738740392495153,-0.6799248098392949,-0.5763692071606019,0.3280542806774885,-1.8429214433565904,-0.6846096671253024,-0.6888289227496949,GOOG,Alphabet Inc,,,
2022-06-29,-0.7387495542252555,-0.73923950204992,-0.7351334722019605,-0.7145047306592986,-0.7386173256327561,-0.5915217432235916,-0.1958780926663113,-0.6971663732512712,-0.6916445265370701,GOOG,Alphabet Inc,,,
2022-06-30,-0.8499302984117733,-0.8507787344457334,-0.8249453269815719,-0.879400684116049,-0.8022812216266819,1.2677376520399626,-1.376484473274941,-0.7347140459600404,-0.704617959543287,GOOG,Alphabet Inc,,,
2022-07-01,-0.8611670030552286,-0.8620523962663821,-0.8835500620291107,-0.8873655022321252,-0.8857699449062831,0.5957692497349042,-0.1890048407710536,-0.7657178297595557,-0.7174644804209602,GOOG,Alphabet Inc,,,
2022-07-05,-0.6758924145672112,-0.6761796415878008,-0.7202039128669516,-0.9206052562166396,-0.9175244257079987,1.1099428491048335,2.220580898571647,-0.7420938390023776,-0.7117893101197974,GOOG,Alphabet Inc,,,
2022-07-06,-0.6247552659402396,-0.6248770593444779,-0.6317497443301158,-0.687442905676874,-0.6635834250618388,0.3874188303254133,0.5490966363124483,-0.7114374965839966,-0.7018402809221239,GOOG,Alphabet Inc,,,
2022-07-07,-0.4669868392866495,-0.466599060953148,-0.4967257050067128,-0.5598664930121695,-0.5896113847147517,0.7064554100461963,1.7802688483819675,-0.6485278201382927,-0.6780182599999319,GOOG,Alphabet Inc,,,
2022-07-08,-0.4337360251033385,-0.4332416272675852,-0.4746834076488622,-0.4829356994605551,-0.5300785815472369,0.4094411632593209,0.3212608309712839,-0.5929326836810423,-0.653247425239713,GOOG,Alphabet Inc,,,
2022-07-11,-0.5742918161685548,-0.5742513630177819,-0.5377905777699896,-0.5326493379209633,-0.4876103581875851,0.1830898804082012,-1.616258580472256,-0.5867987351260675,-0.6438937044062041,GOOG,Alphabet Inc,,,
2022-07-12,-0.6387877468002937,-0.6389547520568899,-0.5741431698774067,-0.5955731499838431,-0.5575479187882656,0.0157201501105035,-0.7920134606264442,-0.5985165649052661,-0.641431361479042,GOOG,Alphabet Inc,,,
2022-07-13,-0.7414289508154245,-0.7419275712305964,-0.6777194274023556,-0.7040531486452087,-0.7196802782956583,1.3550609895865875,-1.2471051975516467,-0.6332744680203276,-0.6488068013303987,GOOG,Alphabet Inc,,,
2022-07-14,-0.7702262454010835,-0.7708176758936081,-0.7996447000371903,-0.8010905947702459,-0.7896758656547562,0.7238817778460709,-0.3949521185156198,-0.6666289773479455,-0.6582090578858079,GOOG,Alphabet Inc,,,
2022-07-15,-0.7190695521040245,-0.7194959142324202,-0.7222078648050562,-0.7040724166930531,-0.7071715354037371,0.9119333512469164,0.5625206946591599,-0.6787015649429118,-0.6619649497158255,GOOG,Alphabet Inc,,,
2022-07-18,-0.829208802279973,-0.8299906060245466,-0.6914524266829344,-0.8020812688609796,-0.6887555506841035,0.8184820601882479,-1.3581315140744388,-0.7156226375151801,-0.675695638039941,GOOG,Alphabet Inc,,,
2022-07-19,-0.647634967459877,-0.6478306915765302,-0.6910679543573742,-0.7554567431173682,-0.7547743905031385,0.5923510006664673,2.158400745165993,-0.6973729511096424,-0.6711708890429553,GOOG,Alphabet Inc,,,
2022-07-20,-0.6445510554251704,-0.6447369039410316,-0.6325958769366711,-0.6482199781892563,-0.6648190710088467,0.1890359103003562,-0.0155761783755925,-0.68290541731626,-0.6667686248896713,GOOG,Alphabet Inc,,,
2022-07-21,-0.6314436889492542,-0.6315871999852861,-0.6756805501155934,-0.7006726437586954,-0.6250533629206627,0.2357328310476029,0.1013013338328662,-0.6687384364544889,-0.6615388593349444,GOOG,Alphabet Inc,,,
2022-07-22,-0.8889624852332232,-0.8899372043653356,-0.7537712817915022,-0.8681330261678507,-0.7516860120157998,1.8814234714890663,-3.046109709495753,-0.723268733333969,-0.6809051380868911,GOOG,Alphabet Inc,,,
2022-07-25,-0.8947456346595518,-0.8957385356673422,-0.8537889691275944,-0.891056667336199,-0.8648060847536048,0.3335981636204157,-0.1229633027693681,-0.7656296663921442,-0.6990525272723466,GOOG,Alphabet Inc,,,
2022-07-26,-1.00153030873322,-1.0028685674301328,-0.9630392751029498,-0.9784778754290984,-0.9207868844705892,1.131831133055665,-1.3716837519242335,-0.8244182476191465,-0.7255521871676127,GOOG,Alphabet Inc,,,
2022-07-27,-0.6869567707562596,-0.6872795083758015,-0.7068398309247151,-0.8362728644090315,-0.8370086165030476,1.596023611592987,3.939479522955102,-0.7889185753128168,-0.7201781185769726,GOOG,Alphabet Inc,,,
2022-07-28,-0.6487916565714158,-0.6489911938913058,-0.6952994978611222,-0.7029652450207351,-0.7134643458952488,-0.143817289604613,0.3978576057298048,-0.7526375615225837,-0.7117178495062668,GOOG,Alphabet Inc,,,
2022-07-29,-0.5697630792042016,-0.5697070212558063,-0.6106689212764876,-0.6493855468681212,-0.6902998872038087,0.6252791758663404,0.8710190592771231,-0.705431565424614,-0.696624449422267,GOOG,Alphabet Inc,,,
2022-08-01,-0.6144812843642727,-0.6145700401841915,-0.6022058342689911,-0.5926589318551766,-0.6080659557559729,-0.1866746644794696,-0.5644384462067815,-0.6813413433199824,-0.6870917269309846,GOOG,Alphabet Inc,,,
2022-08-02,-0.5982900058536516,-0.5983265485929469,-0.6037446040422028,-0.6093661079257454,-0.6505341791156242,-0.6601739724132079,0.1359932172466201,-0.6591770772355446,-0.6769090523675082,GOOG,Alphabet Inc,,,
2022-08-03,-0.4872638422396424,-0.4869422268798831,-0.5137287734868167,-0.5359323168422309,-0.5767939512501332,0.0475855083731315,1.2299121338016814,-0.6144628454098906,-0.6572527611492759,GOOG,Alphabet Inc,,,
2022-08-04,-0.4837943671677567,-0.4834613100714918,-0.5106512339403959,-0.4753203740892356,-0.5011229345449193,-0.8663508833113958,-0.0124944099970891,-0.5800493501965164,-0.6390584355910381,GOOG,Alphabet Inc,,,
2022-08-05,-0.5088524110080488,-0.5086002156682093,-0.5352709633311162,-0.5141742443527465,-0.5540153557745653,-0.879947280166243,-0.3335660603023865,-0.5605792327552402,-0.6248652123028411,GOOG,Alphabet Inc,,,
2022-08-08,-0.5119366191741209,-0.5116942983716751,-0.4583342356125341,-0.470657802942273,-0.4694647722711337,-0.7415512800676777,-0.0864684595268106,-0.546756988588516,-0.6122511657523235,GOOG,Alphabet Inc,,,
2022-08-09,-0.5366090999772334,-0.536446369863467,-0.5606602243536036,-0.5200023841785736,-0.5130914689346203,-0.8982736911381991,-0.3309427189067426,-0.5426327570773234,-0.6030948094491421,GOOG,Alphabet Inc,,,
2022-08-10,-0.4151742150162012,-0.4146195927931981,-0.4229434112996644,-0.4112114288681416,-0.4513194809067567,-0.412566350817186,1.3309653590532655,-0.508815012224198,-0.5833965973780029,GOOG,Alphabet Inc,,,
2022-08-11,-0.4471712090002662,-0.4467200369387295,-0.4014012214553654,-0.4038290986599934,-0.3551865207815699,-0.7788456221448821,-0.4063428915240762,-0.4915473502413768,-0.5684861443432242,GOOG,Alphabet Inc,,,
2022-08-12,-0.3380725644407906,-0.3372692956143566,-0.3894758290855643,-0.3708033682223097,-0.3907053770785814,-0.8315555972758217,1.16646767974762,-0.4509932583414538,-0.5447124146147329,GOOG,Alphabet Inc,,,
2022-08-15,-0.3292060952424852,-0.3283741766768519,-0.3660101036521702,-0.3253444111575633,-0.3501676480065806,-0.8886317392840927,0.0451373254294822,-0.4183343598787244,-0.5222694513145786,GOOG,Alphabet Inc,,,
2022-08-16,-0.3434698546985746,-0.3426837928114375,-0.3672412955649342,-0.3267041424724035,-0.3459207962154082,-0.8789419127931734,-0.2068513391830802,-0.3974490986881218,-0.5032027786949169,GOOG,Alphabet Inc,,,
2022-08-17,-0.4278963145863028,-0.4273824626440191,-0.4087100110152097,-0.3785743201339145,-0.399585238428871,-0.6909860886659533,-0.9734547281535344,-0.4031461215191302,-0.4937772813684472,GOOG,Alphabet Inc,,,
2022-08-18,-0.40707857576089,-0.4064978469975758,-0.4264054231716452,-0.4038290986599934,-0.4266103911435383,-0.8764715815336306,0.1798860284775181,-0.4021517358025706,-0.4832587447916706,GOOG,Alphabet Inc,,,
2022-08-19,-0.5127074491171146,-0.5124676715135574,-0.4914170520107504,-0.4768745644715562,-0.4405091252688161,-0.4422486256411485,-1.2207187670691009,-0.4281313956588195,-0.4835902135943565,GOOG,Alphabet Inc,,,
2022-08-22,-0.6302869998377166,-0.6304269927384782,-0.626056325518269,-0.5934361752620887,-0.5860596758162945,-0.5256462429691202,-1.3831833128982294,-0.477365263146695,-0.4949046890913743,GOOG,Alphabet Inc,,,
2022-08-23,-0.6418524102962784,-0.6420296553424913,-0.6479832811784519,-0.6078119175434255,-0.6547810309067966,-0.9972401403577072,-0.1860212367365876,-0.517216859784721,-0.5062738551533031,GOOG,Alphabet Inc,,,
2022-08-24,-0.6445510554251704,-0.6447369039410316,-0.6561769440677317,-0.6280160960820935,-0.6497621581318074,-0.8382484715022571,-0.0830235088942908,-0.5477883488225697,-0.5168622304445339,GOOG,Alphabet Inc,,,
2022-08-25,-0.5288990237591024,-0.5287114581727692,-0.5768168667368285,-0.5786715148457923,-0.6227367108650675,-0.9508974919228756,1.2972702047325384,-0.5414555298547865,-0.5156554278601805,GOOG,Alphabet Inc,,,
2022-08-26,-0.7756229433961366,-0.7762321730906896,-0.6222095478304048,-0.7274819090985996,-0.5972558946701055,0.6599882875556512,-2.855743101620535,-0.5991302069924385,-0.5376678388172864,GOOG,Alphabet Inc,,,
2022-08-29,-0.8126325529949016,-0.8133605753963441,-0.8007027326582892,-0.7822660084572719,-0.7914517201039848,-0.4231849452622745,-0.4963939861084015,-0.651750117041464,-0.5611456428315027,GOOG,Alphabet Inc,,,
2022-08-30,-0.829208802279973,-0.8299906060245466,-0.8233989264599144,-0.821508203992735,-0.7817998377698789,-0.407663988007551,-0.2525351044737546,-0.6954090515890942,-0.5840417226905568,GOOG,Alphabet Inc,,,
2022-08-31,-0.8585077433978769,-0.8593838015715372,-0.8080118157084585,-0.8117947364268574,-0.75863537907844,0.1045754760351393,-0.408171600255919,-0.7355662574475175,-0.6076006389228421,GOOG,Alphabet Inc,,,
2022-09-01,-0.8045363214768605,-0.8052385345327552,-0.8291692397368736,-0.8452090885679971,-0.8524516871480311,-0.1935494623257938,0.609901663093348,-0.7520287052797843,-0.6239625785763036,GOOG,Alphabet Inc,,,
2022-09-02,-0.8766265409630316,-0.8775611686194397,-0.8116660637432188,-0.8475405223572314,-0.7698315979322511,-0.4009711137811156,-0.9239127068925392,-0.7826152840710188,-0.6455894312176671,GOOG,Alphabet Inc,,,
2022-09-06,-0.9228869982718212,-0.9239712288995576,-0.919185363782584,-0.9104836024679543,-0.8935685055959124,-0.4060458252832769,-0.6209857945877868,-0.8172597025529081,-0.6695832123829102,GOOG,Alphabet Inc,,,
2022-09-07,-0.8072346704743876,-0.8079457831312954,-0.838017092560254,-0.8675502418284191,-0.9080463290970712,-0.1741315096345049,1.3878824496749065,-0.8139815057431522,-0.6805631146740222,GOOG,Alphabet Inc,,,
2022-09-08,-0.8480993181822177,-0.8489416412822985,-0.8537889691275944,-0.8502602814184158,-0.8532237081318479,-0.3011429210989763,-0.5463738813054688,-0.8218621340306597,-0.6943724491919104,GOOG,Alphabet Inc,,,
2022-09-09,-0.7571188789251674,-0.7576682670058287,-0.7991639628850786,-0.7748836782491236,-0.8196350515704136,-0.2942298235432018,1.060730452210087,-0.8047533963389589,-0.6984046668899853,GOOG,Alphabet Inc,,,
2022-09-12,-0.7536496999846461,-0.7541873501974373,-0.7745442334943583,-0.7387495670467984,-0.7447366449531616,-0.4857283707945721,-0.0100510068482647,-0.7910440966510539,-0.7017453771747556,GOOG,Alphabet Inc,,,
2022-09-13,-1.006542332085189,-1.0078965255902552,-0.9003356541784965,-0.969153029566678,-0.8644199269856595,0.7860230564291406,-3.075645153800944,-0.8447471760020847,-0.7284696859003887,GOOG,Alphabet Inc,,,
2022-09-14,-0.9849537633167832,-0.986238241733962,-1.0261273683529606,-0.9885799646984332,-0.997615785375492,-0.2575674266719269,0.2226673406261345,-0.8795623028907368,-0.7507424092460652,GOOG,Alphabet Inc,,,
2022-09-15,-1.0608984286492902,-1.0624283316659962,-1.0218958248492125,-1.0348161651700925,-1.014217034772236,0.1617282174623108,-1.0111782262617628,-0.9248886148232924,-0.7781037299694684,GOOG,Alphabet Inc,,,
2022-09-16,-1.0713074461276793,-1.072870787023202,-1.10575686980208,-1.0913483211155572,-1.0929764299647893,3.804528482406227,-0.1855870422084118,-0.961516962655119,-0.803952623090284,GOOG,Alphabet Inc,,,
2022-09-19,-1.062825947703823,-1.0643622071226542,-1.106141635617964,-1.071338601644369,-1.1095776793615344,-0.4851825999349057,0.0579170167288151,-0.9868422964960976,-0.8266571935642284,GOOG,Alphabet Inc,,,
2022-09-20,-1.1406984282222286,-1.142485877443379,-1.1388396862002956,-1.1199059394737576,-1.0964512607721462,-0.0769938715412473,-1.0546766467580193,-1.0255390254174206,-0.8545916722415293,GOOG,Alphabet Inc,,,
2022-09-21,-1.2108611286538662,-1.212874636073405,-1.1265298215049366,-1.163811002587689,-1.1211600559832913,0.1714850684447681,-0.9732923191590844,-1.0723136281759285,-0.886558472986366,GOOG,Alphabet Inc,,,
2022-09-22,-1.18927255988546,-1.1912166472850796,-1.196157466173349,-1.186346022052581,-1.2288750981781609,-0.3382936392657421,0.2372003953487882,-1.1019323976201896,-0.9135970981676808,GOOG,Alphabet Inc,,,
2022-09-23,-1.2432436856751112,-1.2453619143238617,-1.256552785692823,-1.2407414997077968,-1.2053244817187765,0.0814999010913492,-0.769467472998894,-1.1378018563399324,-0.9432328956983992,GOOG,Alphabet Inc,,,
2022-09-26,-1.2571218820940206,-1.2592849914214903,-1.2438581551815793,-1.226365757426462,-1.261305281435762,-0.2267265856370937,-0.238776028085027,-1.1682153106812794,-0.9714744371757096,GOOG,Alphabet Inc,,,
2022-09-27,-1.2848785710632051,-1.287131145616749,-1.243088917040136,-1.2667738180722936,-1.211115375477582,-0.0556130587406318,-0.4273515259038626,-1.1980481969653725,-0.9997484082456696,GOOG,Alphabet Inc,,,
2022-09-28,-1.1827191727788675,-1.1846419428411907,-1.2069285610954985,-1.2489007768913545,-1.28408387691133,-0.0180793434793632,1.341664578513753,-1.1945752338789084,-1.0158832134329956,GOOG,Alphabet Inc,,,
2022-09-29,-1.2848785710632051,-1.287131145616749,-1.287712066501945,-1.2986339798311122,-1.234665991936967,-0.2761715105373976,-1.4081524221477062,-1.2178181393635952,-1.0401200230250205,GOOG,Alphabet Inc,,,
2022-09-30,-1.3596668434155386,-1.362160733234007,-1.2802491945215515,-1.3176722932594112,-1.2952798012130684,0.1409410501581746,-1.0715189392201605,-1.254172703103465,-1.0691585626436406,GOOG,Alphabet Inc,,,
2022-10-03,-1.2382319584545065,-1.240333956163739,-1.2619383331538976,-1.2792070446993569,-1.3149697236492248,0.0032727445391645,1.6379554696814853,-1.2507140546886373,-1.084182983228687,GOOG,Alphabet Inc,,,
2022-10-04,-1.1183387333794623,-1.1200542204452024,-1.156150332540847,-1.1230143202384002,-1.1674889733661695,-0.2130344395086208,1.563591528676312,-1.217785556727396,-1.0866116958512193,GOOG,Alphabet Inc,,,
2022-10-05,-1.1256638388231444,-1.1274025930989418,-1.155381094399405,-1.173524470153567,-1.181001549723504,-0.6061235074515086,-0.1472531761733305,-1.1949425281496442,-1.0895057256334015,GOOG,Alphabet Inc,,,
2022-10-06,-1.1248927127487849,-1.1266292199570596,-1.1172972028656725,-1.105141575488966,-1.1497295452176637,-0.732445524145875,-0.0414770667540452,-1.177615152006523,-1.0920644339368322,GOOG,Alphabet Inc,,,
2022-10-07,-1.2278232371074822,-1.2298917958745004,-1.206159322954055,-1.1941169739641864,-1.182545886243209,-0.0532289018273523,-1.3983389786122802,-1.190662352408524,-1.1040315651329586,GOOG,Alphabet Inc,,,
2022-10-10,-1.2609766240717215,-1.2631524472668396,-1.2611690950124552,-1.2461810178301678,-1.2134320275331771,-0.7924132942176416,-0.4969885425080717,-1.2088359815067578,-1.118016101851702,GOOG,Alphabet Inc,,,
2022-10-11,-1.2864205270805589,-1.2886778919005148,-1.2561680198769385,-1.270270524108887,-1.2752040155610402,-0.3052601398648807,-0.3963889052777408,-1.2289038345790966,-1.133112531392764,GOOG,Alphabet Inc,,,
2022-10-12,-1.2767826356765286,-1.2790091047531598,-1.2743250923143694,-1.2539519697417731,-1.274431994577224,-0.7145212601231468,0.0799249531063402,-1.2415162152107508,-1.1459338209200156,GOOG,Alphabet Inc,,,
2022-10-13,-1.2224262429810635,-1.2244772986774188,-1.2403961433095985,-1.3472013176605009,-1.36477347183946,0.7666051037378516,0.688151257102887,-1.2372226416180423,-1.1524982232941745,GOOG,Alphabet Inc,,,
2022-10-14,-1.319958884819247,-1.3223253773977786,-1.2111601045992464,-1.2788184229959,-1.1835111333870345,-0.2088310463964532,-1.360092042167414,-1.2586794609641896,-1.1676012995192773,GOOG,Alphabet Inc,,,
2022-10-17,-1.1811769206301486,-1.1830949014894572,-1.1926954543013686,-1.1824606943125304,-1.2261725829066945,-0.1430704452703326,1.858839977913474,-1.2396584724584023,-1.1683322952300796,GOOG,Alphabet Inc,,,
2022-10-18,-1.1576611289385743,-1.1595030372444732,-1.098447786751911,-1.138167305926649,-1.0555270793801277,-0.3059495346349857,0.2605756774806887,-1.2194429365299273,-1.1667942198358954,GOOG,Alphabet Inc,,,
2022-10-19,-1.2000668442696636,-1.2020456416792429,-1.196965445037673,-1.1776039605295916,-1.1806156865076314,-0.3094731079044109,-0.61106789393054,-1.215010470197998,-1.1693679194151585,GOOG,Alphabet Inc,,,
2022-10-20,-1.1908145159028125,-1.1927636886368125,-1.1453792376186978,-1.1645879495630966,-1.1759826769485149,0.0305708624498473,0.0718451118997415,-1.209345163631356,-1.1708410229082309,GOOG,Alphabet Inc,,,
2022-10-21,-1.154191357735323,-1.1560221204360823,-1.198465474088002,-1.232193600820784,-1.26709646974664,0.4005077560300444,0.4357693783910856,-1.1958300586405035,-1.168749883718913,GOOG,Alphabet Inc,,,
2022-10-24,-1.096750756873786,-1.0983962316568765,-1.1415324599308336,-1.1517661012325773,-1.126951244294169,-0.0119705398220445,0.7056280513382311,-1.1711605269166825,-1.161468649002891,GOOG,Alphabet Inc,,,
2022-10-25,-1.0211916545784585,-1.0225929758297676,-1.0645957322122517,-1.0460838231182916,-1.0802358745912726,0.4887407116761133,0.930057846016276,-1.133540963712655,-1.1477720682375396,GOOG,Alphabet Inc,,,
2022-10-26,-1.4109390279449323,-1.413598751674249,-1.3169481052122969,-1.3743989082723562,-1.3327291517977304,4.471345573790224,-5.0203942944025925,-1.2039373365174766,-1.1718264899577946,GOOG,Alphabet Inc,,,
2022-10-27,-1.4965215846814697,-1.499457628753638,-1.446586597074624,-1.478138670732369,-1.427317775403212,2.798816411951481,-1.2589806799942016,-1.278388092059758,-1.2017102738045318,GOOG,Alphabet Inc,,,
2022-10-28,-1.3430900018677363,-1.3455304075378385,-1.3815749682355187,-1.4617036187836705,-1.4960391304937146,1.0428130333658656,2.164963123876354,-1.2954060157647205,-1.214506113486155,GOOG,Alphabet Inc,,,
2022-10-31,-1.4171074442770757,-1.4197866220132134,-1.401193915981048,-1.3817812384805055,-1.370564660150338,0.4847671168206474,-1.0767887093783324,-1.3268968133849912,-1.2330715712431326,GOOG,Alphabet Inc,,,
2022-11-01,-1.5774785694973104,-1.580675381777828,-1.408310469378113,-1.5352539074487708,-1.377900184980922,1.7632018433434329,-2.317933904448978,-1.3910908470902208,-1.2649704919409432,GOOG,Alphabet Inc,,,
2022-11-02,-1.7097071465798157,-1.7133311532422602,-1.5954589773762733,-1.6681340726064169,-1.558583139505394,1.795086351460786,-2.0061195772486444,-1.472691885051177,-1.3063547584623734,GOOG,Alphabet Inc,,,
2022-11-03,-1.8477191692200148,-1.851788256008699,-1.778183705707905,-1.8064540523179389,-1.734826605182831,2.2696963509685824,-2.171972446272083,-1.5688114615274966,-1.3569037756080549,GOOG,Alphabet Inc,,,
2022-11-04,-1.7239712021672702,-1.727641064444814,-1.7712593884736196,-1.789746876247369,-1.767063856832496,1.4714250818238823,1.93120831674086,-1.6095913334605818,-1.3912665199138647,GOOG,Alphabet Inc,,,
2022-11-07,-1.6487967745150274,-1.6522243476546632,-1.6862443395634257,-1.6700768846921945,-1.6964123020064164,0.2005066732807133,1.1083332549445255,-1.6211561505791277,-1.415464132614905,GOOG,Alphabet Inc,,,
2022-11-08,-1.6387739123365483,-1.642168726402383,-1.62988832738492,-1.6432676193522902,-1.6261463158441354,0.5138078715113177,0.0996770917701727,-1.6272938517405398,-1.436523166558317,GOOG,Alphabet Inc,,,
2022-11-09,-1.6969853431410795,-1.700568283391439,-1.6650869155350103,-1.6545352773004889,-1.6498901584635284,0.1855697865951064,-0.9274148997955728,-1.6466253603770862,-1.4611201420847928,GOOG,Alphabet Inc,,,
2022-11-10,-1.4359970717852255,-1.4387376572709654,-1.4704367948335777,-1.4878521382982466,-1.5033746553242986,1.681872410325776,3.943090638953823,-1.5950906379845546,-1.4590354479473189,GOOG,Alphabet Inc,,,
2022-11-11,-1.337307444704138,-1.3397290762358312,-1.3623407863058732,-1.390328840936013,-1.4118747047582283,0.5518299080680773,1.3503704008765822,-1.5314698646597589,-1.4478964642250056,GOOG,Alphabet Inc,,,
2022-11-14,-1.364292711467599,-1.366801857289206,-1.3692651035401584,-1.3533012851766943,-1.381374721236205,-0.0608696938626819,-0.4247636034674849,-1.4905819005594323,-1.4402977022412995,GOOG,Alphabet Inc,,,
2022-11-15,-1.260591653297272,-1.2627656131619145,-1.244627686813346,-1.2792070446993569,-1.2589889239322394,0.6726559164563294,1.393027496784917,-1.4336782401150423,-1.4236765316754665,GOOG,Alphabet Inc,,,
2022-11-16,-1.2501829319502475,-1.252323452872677,-1.2665546424735294,-1.2449377840969136,-1.28408387691133,-0.0139429748587336,0.089477892595983,-1.3883669558243443,-1.407591439162443,GOOG,Alphabet Inc,,,
2022-11-17,-1.2690722633270326,-1.2712741930624618,-1.2807877492676591,-1.2760986639347147,-1.3165140601689305,-0.286014535866118,-0.306836142922384,-1.3591627338216048,-1.3947379053005706,GOOG,Alphabet Inc,,,
2022-11-18,-1.296058418484588,-1.2983466790478702,-1.2930976139630193,-1.2900860809440995,-1.2458622107907773,0.015710575183141,-0.4180694863047763,-1.3440874079878329,-1.385580544583632,GOOG,Alphabet Inc,,,
2022-11-21,-1.3720030838170956,-1.3745367689799035,-1.3100237879780114,-1.3316597102687948,-1.3018433050598357,-0.5849246182707819,-1.090360833197356,-1.351995880378568,-1.3843690616137507,GOOG,Alphabet Inc,,,
2022-11-22,-1.3141769199183782,-1.3165240460957726,-1.3551088912111404,-1.3806153733701352,-1.3558936104891703,-0.5684557432071641,0.7556535779640285,-1.3432964793360345,-1.3778514004388505,GOOG,Alphabet Inc,,,
2022-11-23,-1.256736911319571,-1.2588981573165658,-1.2965983665578804,-1.2667738180722936,-1.3103370086421808,-0.6929297989205547,0.7379056195307251,-1.3222388754234589,-1.3665461103013918,GOOG,Alphabet Inc,,,
2022-11-25,-1.3037681985713552,-1.306081885806534,-1.301560700970516,-1.2593914878641448,-1.2669035381387044,-1.5547785857527094,-0.688235589869174,-1.3183451866622964,-1.3606737799744393,GOOG,Alphabet Inc,,,
2022-11-28,-1.3558118053064727,-1.358293277388659,-1.3442606083335549,-1.323111811381782,-1.3157420391851138,-0.4625953462866066,-0.7648942064804459,-1.3285926148784526,-1.3602099851249008,GOOG,Alphabet Inc,,,
2022-11-29,-1.3870379693475434,-1.3896200533243406,-1.3996551462078377,-1.3813926167770485,-1.3620709565679934,-0.4390888996115009,-0.4855670551415608,-1.3441788029127868,-1.3627131658030256,GOOG,Alphabet Inc,,,
2022-11-30,-1.155347750715497,-1.1571826227508568,-1.2050053189967282,-1.3705135805323057,-1.3960454763452992,1.4441173889858372,3.195918959165113,-1.2972478702412873,-1.3432874185883703,GOOG,Alphabet Inc,,,
2022-12-01,-1.161901433953454,-1.1637573271947468,-1.161151407676363,-1.1373903589512406,-1.1535902392408914,-0.2905339015812503,-0.1379865347426444,-1.2637078359960294,-1.3262415020100111,GOOG,Alphabet Inc,,,
2022-12-02,-1.1792496977069806,-1.1811610260327998,-1.216545652060321,-1.1956711643465068,-1.231963476665499,-0.5729942587770216,-0.2807095092177692,-1.2429421418077673,-1.3123701469498243,GOOG,Alphabet Inc,,,
2022-12-05,-1.2162578266489203,-1.2182891332704866,-1.1934646924428116,-1.1884829967743342,-1.2147831378928746,-0.4644145824854946,-0.5425642661848056,-1.2367313987373387,-1.3032262068074028,GOOG,Alphabet Inc,,,
2022-12-06,-1.3149483421241024,-1.3172977143056217,-1.2527060080049586,-1.2893088375371853,-1.2203813945958155,-0.3761241772752503,-1.3735050236134116,-1.257043297739925,-1.304157424396179,GOOG,Alphabet Inc,,,
2022-12-07,-1.3982172245061963,-1.400835881823428,-1.364264321894967,-1.3567203261588976,-1.3323432885818594,0.1763778563270407,-1.196278780838891,-1.293345308876099,-1.3128034022540918,GOOG,Alphabet Inc,,,
2022-12-08,-1.4444785702090808,-1.447246237171513,-1.4196585662789252,-1.4043162579453978,-1.3740391964056218,0.0753910974340305,-0.701967339155578,-1.3322765263917034,-1.3249964713734772,GOOG,Alphabet Inc,,,
2022-12-09,-1.478403083247679,-1.4812802617057357,-1.4727450962385558,-1.4346225257534002,-1.4431467092640682,-0.2796376342426473,-0.5346130881238516,-1.370058273034949,-1.3392586340664632,GOOG,Alphabet Inc,,,
2022-12-12,-1.4595131596081643,-1.4623295215159495,-1.4964030578347285,-1.478138670732369,-1.474419008321981,0.2465620738946679,0.219944393866065,-1.3936151919520925,-1.3504549035264792,GOOG,Alphabet Inc,,,
2022-12-13,-1.3712322538741009,-1.3737633958380204,-1.2684778845722997,-1.3429273682169949,-1.2821533826236795,0.9558343932042932,1.2106854220552354,-1.388946688566958,-1.3523644605277885,GOOG,Alphabet Inc,,,
2022-12-14,-1.3920494004367832,-1.394648011484463,-1.367726333766948,-1.3988767398230266,-1.3798303847164994,0.1577067479700321,-0.34210424074802,-1.3907123140179152,-1.3560502686071445,GOOG,Alphabet Inc,,,
2022-12-15,-1.550493006602485,-1.55360289579242,-1.49044050839499,-1.5352539074487708,-1.4570454433893465,0.3344503321556843,-2.275423649243985,-1.4321247817466394,-1.374241693134374,GOOG,Alphabet Inc,,,
2022-12-16,-1.5636000769470355,-1.5667523046801992,-1.5781483310357216,-1.551572461815884,-1.547387215203655,2.2673121940553025,-0.2438251576449798,-1.4665003881349126,-1.3920070312917785,GOOG,Alphabet Inc,,,
2022-12-19,-1.6295215839696984,-1.6328867733599528,-1.5993060485544612,-1.5937288754800127,-1.5597416128092287,-0.1709430588227696,-1.0221336213205043,-1.508961073089682,-1.4143319055946717,GOOG,Alphabet Inc,,,
2022-12-20,-1.6110175194987286,-1.6143228672750924,-1.653931054796977,-1.6281146336640413,-1.6427475652408805,-0.2708765757058972,0.2260930363418313,-1.5361248230203768,-1.432894054550247,GOOG,Alphabet Inc,,,
2022-12-21,-1.5871161647699747,-1.5903441689251834,-1.6102693796393908,-1.594311659819445,-1.6041400359044569,-0.4279436841614711,0.3051611014340001,-1.5504502885643563,-1.447530004538397,GOOG,Alphabet Inc,,,
2022-12-22,-1.6638319561768409,-1.6673076319990998,-1.6770120144144869,-1.670853831667602,-1.635026177194425,-0.1100848205062841,-1.1886925710068794,-1.5806044591982158,-1.4680210318898734,GOOG,Alphabet Inc,,,
2022-12-23,-1.6040785693549562,-1.607361328726278,-1.641621190101617,-1.6444331880311545,-1.6856019463684764,-0.6693659026812736,0.8540989149176132,-1.5881017199135086,-1.4810524113716488,GOOG,Alphabet Inc,,,
2022-12-27,-1.676553463484212,-1.680070501849921,-1.6647021497191266,-1.6477357314317722,-1.6203554220853302,-0.8938117749872422,-1.13109473606017,-1.6120617359469058,-1.499687512758023,GOOG,Alphabet Inc,,,
2022-12-28,-1.733223234402755,-1.736923017487244,-1.7024012754369746,-1.6930005258605432,-1.6902349559275935,-0.6631804996050544,-0.9137221096475224,-1.6443699211678304,-1.5219365129828175,GOOG,Alphabet Inc,,,
2022-12-29,-1.63723225245056,-1.6406219801186173,-1.6698954610174217,-1.6689113160133298,-1.7083805418440443,-0.6247754659537921,1.433632971453165,-1.6443141201124558,-1.533171839370227,GOOG,Alphabet Inc,,,
2022-12-30,-1.6457125663489558,-1.6491302649511974,-1.6904758830671736,-1.667357125631009,-1.6954470548625913,-0.5376819266638688,-0.1791056687103157,-1.6464178966538,-1.5441800847728449,GOOG,Alphabet Inc,,,
2023-01-03,-1.608318874369837,-1.6116156186765516,-1.5858418864114503,-1.5900380068074436,-1.6002793418812291,-0.3894429012365831,,-1.6148849065751436,-1.615735076521754,GOOG,Alphabet Inc,,,
2023-01-04,-1.6464842846860448,-1.6499039331610474,-1.5977672787812516,-1.6374394795264624,-1.5547224454821658,0.2145435167942387,-0.6207461317965951,-1.6245412410606326,-1.6193098564291517,GOOG,Alphabet Inc,,,
2023-01-05,-1.721272557038378,-1.7249338158462733,-1.714326374316451,-1.6856184920838997,-1.668228675987915,-0.1598744427916404,-1.1793662356180072,-1.6507058765511051,-1.6295647326981115,GOOG,Alphabet Inc,,,
2023-01-06,-1.6676869942859067,-1.6711750878444485,-1.7043245175357442,-1.724083740643954,-1.695639986470527,0.172997906968054,0.7745613886747376,-1.656771523887316,-1.6338682322351,GOOG,Alphabet Inc,,,
2023-01-09,-1.6430145134827936,-1.6464230163526563,-1.613539155348592,-1.6071335081499647,-1.6247952054844386,-0.1732218915350609,0.3228103146247649,-1.655078307775624,-1.6354695457987103,GOOG,Alphabet Inc,,,
2023-01-10,-1.6260524050291771,-1.629406151619529,-1.6656639175136738,-1.6801789739615285,-1.7203487816816725,-0.1867321140436451,0.2039585068283248,-1.649516766401086,-1.635336522069312,GOOG,Alphabet Inc,,,
2023-01-11,-1.509628655026019,-1.5126070376414162,-1.5512205937303474,-1.562063172788675,-1.591399775083013,0.1142270028166084,1.6936596829661088,-1.6158889200641962,-1.6243107097658325,GOOG,Alphabet Inc,,,
2023-01-12,-1.5231215845391148,-1.5261432806341206,-1.544680748821621,-1.5298143893263996,-1.5010580032687035,-0.1964410903892895,-0.2472110517487253,-1.5940819181831678,-1.6155510652000509,GOOG,Alphabet Inc,,,
2023-01-13,-1.4888115084633369,-1.491722421994974,-1.5308321143530508,-1.5158269723170152,-1.5347238324733132,-0.5912632201848023,0.4478089887926952,-1.56904578091095,-1.6043740836247018,GOOG,Alphabet Inc,,,
2023-01-17,-1.5134842853978152,-1.516474493486765,-1.5312168801689348,-1.5193239747851142,-1.4863872481596088,-0.1790530222988651,-0.4072329382456467,-1.5565112044956402,-1.596524177763493,GOOG,Alphabet Inc,,,
2023-01-18,-1.5281333117597191,-1.5311712387942442,-1.507443576875094,-1.4975656058641245,-1.4802099020807864,-0.4944702794765971,-0.2642045282787109,-1.5508166622705033,-1.5907600071912376,GOOG,Alphabet Inc,,,
2023-01-19,-1.4460202300950686,-1.448792983455279,-1.4762071081105357,-1.4983428492710382,-1.5400516903730717,0.3736022101412269,1.1452669415787011,-1.5257701010071183,-1.577828694293438,GOOG,Alphabet Inc,,,
2023-01-20,-1.2390027883975006,-1.2411076243735883,-1.283096050672637,-1.322334567974869,-1.3640014508556433,2.767056377889841,2.897366964758542,-1.4546071329011825,-1.5466825757625071,GOOG,Alphabet Inc,,,
2023-01-23,-1.1646000790823463,-1.1664645757932877,-1.2069285610954985,-1.2119897187136206,-1.2412294957837344,0.6689025449302025,0.9509608568506238,-1.3824100745502783,-1.5113989601305204,GOOG,Alphabet Inc,,,
2023-01-24,-1.2417017296577568,-1.2438148729721292,-1.2188539534652996,-1.2139325307993978,-1.2250141096028608,0.2475674412677375,-1.0706537709856976,-1.3477699795428852,-1.4865447058593328,GOOG,Alphabet Inc,,,
2023-01-25,-1.3373071485727723,-1.3397290762358312,-1.3484921518373023,-1.3475119778780618,-1.3157420391851138,0.5931744444196482,-1.340700364590697,-1.3459792959035033,-1.4729048527713815,GOOG,Alphabet Inc,,,
2023-01-26,-1.243628952580926,-1.24574845336082,-1.2911743718642497,-1.286977700179457,-1.2740458368092793,-0.025250964073927,1.2439614767572078,-1.320934507482319,-1.451730576986493,GOOG,Alphabet Inc,,,
2023-01-27,-1.1838758618904055,-1.185802150087998,-1.2000042438612135,-1.2034418198266077,-1.2443178742710728,0.4035430080039787,0.7545408614746798,-1.287032623831332,-1.4268844358997557,GOOG,Alphabet Inc,,,
2023-01-30,-1.2902755651896238,-1.2925456428138296,-1.283519263721078,-1.2597801095676011,-1.2560931825007635,-0.0421985855056733,-1.464880750814273,-1.2885266900215664,-1.4142630098182989,GOOG,Alphabet Inc,,,
2023-01-31,-1.216258122780285,-1.2182891332704866,-1.2642463410685512,-1.2492893985948106,-1.2902609284380795,-0.2392793154094211,0.9593119287293485,-1.270919884822691,-1.395856109879654,GOOG,Alphabet Inc,,,
2023-02-01,-1.156119172921221,-1.1579559958927403,-1.17653851842782,-1.22481156704414,-1.2176788793243505,0.1519330667704032,0.753978565065529,-1.2424988613085284,-1.3734896233484055,GOOG,Alphabet Inc,,,
2023-02-02,-0.8720003767796067,-0.8729200445642415,-0.921493371697237,-0.9093180337890906,-0.9454956796817344,2.088940872218014,3.6956046022655937,-1.149297422683729,-1.326544342039176,GOOG,Alphabet Inc,,,
2023-02-03,-1.0100115110257109,-1.0113771473306794,-0.9522681801807996,-1.0352044904420448,-1.0721283287768713,1.1506745901052,-1.7484655805829326,-1.1143149169457214,-1.2967936870360708,GOOG,Alphabet Inc,,,
2023-02-06,-1.077475566328457,-1.079058657362166,-1.0799831364540324,-1.077555363173654,-1.103979717210665,0.0734569621067917,-0.9092862795624536,-1.105147302150403,-1.2760666873819708,GOOG,Alphabet Inc,,,
2023-02-07,-0.9012987256347796,-0.9023132401112316,-0.9272636849741952,-1.025568984362062,-1.0674956137698284,0.8553263806794115,2.226173638428986,-1.0536966084128283,-1.240722279319196,GOOG,Alphabet Inc,,,
2023-02-08,-1.2112463955596808,-1.2132614701783306,-1.1230675161426316,-1.2234515392977956,-1.1037864910506567,4.666836865751785,-3.889295078536254,-1.093529292852386,-1.2376223837962474,GOOG,Alphabet Inc,,,
2023-02-09,-1.3862665471418194,-1.388846680182457,-1.2373186037631774,-1.4019851205876683,-1.1867927380343817,6.989005699286077,-2.3928750789186752,-1.1676861317584246,-1.2511976362684227,GOOG,Alphabet Inc,,,
2023-02-10,-1.4093973680589449,-1.412051710322516,-1.375420182633001,-1.3759530986546773,-1.3721089966700444,2.347722434046153,-0.3757140150823658,-1.2291561529821924,-1.2657053333724069,GOOG,Alphabet Inc,,,
2023-02-13,-1.403999781669795,-1.4066372131254343,-1.4396622798403391,-1.3946027903795202,-1.4002923281364716,1.7532439188863618,0.0245492259242346,-1.2738930108563578,-1.2783885816234364,GOOG,Alphabet Inc,,,
2023-02-14,-1.4059275968556928,-1.408571088582092,-1.4463940674215203,-1.4489982680347355,-1.4138049044938057,1.695459232253261,-0.0787150422095083,-1.3079334160365048,-1.2900993769616615,GOOG,Alphabet Inc,,,
2023-02-15,-1.3230433891166835,-1.3254194601012443,-1.363110317937641,-1.3825581854559128,-1.410716526006468,1.164184812613784,1.1161736888870335,-1.3124929606172735,-1.292982168847566,GOOG,Alphabet Inc,,,
2023-02-16,-1.3739303067402628,-1.376470644436561,-1.3423373662347853,-1.3588573008806508,-1.3798303847164994,1.037565973171178,-0.7526317531064575,-1.3287876567751653,-1.300369234216432,GOOG,Alphabet Inc,,,
2023-02-17,-1.4198063855373333,-1.4224941656797214,-1.4242748755985577,-1.4179153496828298,-1.3979759706329502,0.6021940259951877,-0.6923083737942664,-1.3526159106271567,-1.3113817512428627,GOOG,Alphabet Inc,,,
2023-02-21,-1.5177242942813307,-1.5207287834370395,-1.5140984699911633,-1.474253342992319,-1.4686278200111034,0.3409995824716811,-1.4363690458456622,-1.3952615779867312,-1.3305646542547611,GOOG,Alphabet Inc,,,
2023-02-22,-1.52736218568536,-1.5303975705843949,-1.5546826056023282,-1.5181581096747436,-1.5190492438988057,0.4869119005498628,-0.1916332633986048,-1.4296843376790125,-1.3489063943211117,GOOG,Alphabet Inc,,,
2023-02-23,-1.5555041415603594,-1.558630558884577,-1.5635304584257086,-1.551572461815884,-1.5114822011386992,0.729406510934273,-0.4616611192851792,-1.462621680406207,-1.3682166321203817,GOOG,Alphabet Inc,,,
2023-02-24,-1.621811507751567,-1.6251518616692555,-1.6404671861442908,-1.5962544719052223,-1.6080010244797576,0.6213917553571375,-1.0255634184756004,-1.5041012948950772,-1.3919821023115238,GOOG,Alphabet Inc,,,
2023-02-27,-1.5928987219335735,-1.5961455002271898,-1.628157321448929,-1.567114069207589,-1.5902415963312515,-0.1993039936706975,0.3813094030638905,-1.527895703018939,-1.4108789464396034,GOOG,Alphabet Inc,,,
2023-02-28,-1.5851883495840768,-1.588410293468526,-1.5896889575896385,-1.5706110716756885,-1.6114755607350406,0.549704274193587,0.0629090119965848,-1.5437906867887552,-1.427335700236886,GOOG,Alphabet Inc,,,
2023-03-01,-1.5770930064601307,-1.5802885476729025,-1.5993060485544612,-1.5577892233451682,-1.5875387865077115,0.1453550916723187,0.0683585446006866,-1.5536636997881386,-1.441538131640535,GOOG,Alphabet Inc,,,
2023-03-02,-1.5077017282342169,-1.5106734572527254,-1.5500662962826963,-1.5608976041098104,-1.599121163129468,-0.141442707618696,0.9740326319024938,-1.5435115831049735,-1.4479498683869314,GOOG,Alphabet Inc,,,
2023-03-03,-1.4417799250801886,-1.4445389885729725,-1.487362968848569,-1.4486096463312792,-1.487931584679315,0.5205581953019285,0.9037550684011124,-1.5192184405040312,-1.4476041253502183,GOOG,Alphabet Inc,,,
2023-03-06,-1.3816406790897595,-1.384205556127259,-1.4031171580798183,-1.3848893228136423,-1.425387281115562,0.333435389855252,0.8041045995130087,-1.485782589013315,-1.4416568446289064,GOOG,Alphabet Inc,,,
2023-03-07,-1.4359970717852255,-1.4387376572709654,-1.4111957727617546,-1.4026067374542963,-1.384463394275616,-0.0674380940334039,-0.812339422860283,-1.474458559461726,-1.4413415411692383,GOOG,Alphabet Inc,,,
2023-03-08,-1.4174924150515251,-1.4201734561181385,-1.4054254594847966,-1.380809832437616,-1.4236500129879206,0.0564327412561449,0.211299909776766,-1.461283623662643,-1.439321654866119,GOOG,Alphabet Inc,,,
2023-03-09,-1.4942087987211208,-1.497136919192055,-1.4177353241801556,-1.4604600886189103,-1.420368408340574,-0.0351322891120978,-1.1358392186166506,-1.4708126431392132,-1.4446710683364443,GOOG,Alphabet Inc,,,
2023-03-10,-1.557817223652071,-1.560950973378192,-1.5231385589773223,-1.5208778687359303,-1.4971973092454758,0.7702340012082651,-0.9698855274831848,-1.494053148705782,-1.4554920825290667,GOOG,Alphabet Inc,,,
2023-03-13,-1.5327591798117792,-1.5358120677814755,-1.526985336665187,-1.5542922208770695,-1.5719027842547924,0.6417863506394085,0.3167538272649678,-1.5051435239119533,-1.462982295484886,GOOG,Alphabet Inc,,,
2023-03-14,-1.4329131597505185,-1.4356435745675002,-1.459665699911428,-1.443947371615821,-1.4751910293057973,0.7179357479539159,1.4056377735001175,-1.4881989916464755,-1.4604394587004692,GOOG,Alphabet Inc,,,
2023-03-15,-1.3442463948479104,-1.346690614784646,-1.366572329809621,-1.4338452823464871,-1.4570454433893465,1.2985018936558952,1.206921199104129,-1.4530567725944672,-1.449822777447562,GOOG,Alphabet Inc,,,
2023-03-16,-1.1699973693401302,-1.1718790729903692,-1.1850016054353156,-1.3238887583571894,-1.3400646766283149,2.8431483256401733,2.362714930162799,-1.3826128874388994,-1.4238501375867951,GOOG,Alphabet Inc,,,
2023-03-17,-1.116411510456294,-1.1181206400565116,-1.1265298215049366,-1.134281978186599,-1.1752106559646984,4.9152392063189,0.6576794022973185,-1.3162220693655768,-1.3952195038140314,GOOG,Alphabet Inc,,,
2023-03-20,-1.136843686244527,-1.13861842159803,-1.1615358800019226,-1.132727787804278,-1.1667169523823528,0.11758780232087,-0.3183346443733846,-1.271598556295496,-1.37110544364223,GOOG,Alphabet Inc,,,
2023-03-21,-0.986110452428322,-0.9873987440487376,-1.0315129158140353,-1.0911541584795816,-1.1311978015332682,0.7963448281259895,1.9266632925434817,-1.1999934951755096,-1.3350650762592031,GOOG,Alphabet Inc,,,
2023-03-22,-1.0485621882477336,-1.0500522959201002,-0.9718868344360038,-0.999847622646632,-1.009198161997248,0.7210954739835634,-0.8409101110831779,-1.1620907832299467,-1.3081506751554952,GOOG,Alphabet Inc,,,
2023-03-23,-0.9699185816549696,-0.9711549573895252,-0.9876205572611142,-0.953222800471516,-0.9802425149949302,0.6300283398381743,0.957876046080913,-1.113765916020377,-1.2763168498616753,GOOG,Alphabet Inc,,,
2023-03-24,-0.9776295462671962,-0.9788901641481896,-1.0238190669479823,-0.9792551188360128,-0.9860337033058088,0.0412086067496609,-0.1486440319169997,-1.0794732377862872,-1.2480992595700873,GOOG,Alphabet Inc,,,
2023-03-27,-1.0932812818018998,-1.094915609916452,-1.0530551056583344,-1.0612368088065411,-1.0022487949346086,0.0562603925636186,-1.5102847906797616,-1.0830150899318862,-1.233279475325931,GOOG,Alphabet Inc,,,
2023-03-28,-1.1588172257873832,-1.160663244491281,-1.1453792376186978,-1.15254334463949,-1.0918182512130283,0.0103103161506523,-0.9022357483708872,-1.1022529068497458,-1.225945397150858,GOOG,Alphabet Inc,,,
2023-03-29,-1.137999783093336,-1.1397786288448375,-1.1523035548529832,-1.1234029419418567,-1.1026283122988954,0.1285415192236484,0.2231770725788422,-1.111414191623327,-1.2173281784489876,GOOG,Alphabet Inc,,,
2023-03-30,-1.160359477936102,-1.162210285843014,-1.1988502399038865,-1.1521547229360334,-1.1520459027211862,0.0195309712008058,-0.3451049901924362,-1.1239424425379454,-1.2115886738961958,GOOG,Alphabet Inc,,,
2023-03-31,-1.05704368667159,-1.0585608758206475,-1.099601790709238,-1.1074727128466957,-1.1416219994032637,0.3161813707479036,1.312517268519821,-1.1071984207846637,-1.1966938235522848,GOOG,Alphabet Inc,,,
2023-04-03,-1.0219621883900871,-1.0233663489716505,-1.0703660454892097,-1.0709502763724188,-1.1045588065865453,-0.3912238377260209,0.399679051684624,-1.0857643389734437,-1.1798671265791736,GOOG,Alphabet Inc,,,
2023-04-04,-1.013866845266142,-1.0152446031760276,-1.0261273683529606,-0.9846946369583832,-1.020780538619004,-0.4240371137975431,0.0516572113015794,-1.0676405527870494,-1.163811875464283,GOOG,Alphabet Inc,,,
2023-04-05,-1.020420232372735,-1.021819602687884,-1.0092011943379686,-1.0040439070357483,-0.97136265364464,-0.2816579439161493,-0.1349657086645024,-1.0557058034806177,-1.1498300185120691,GOOG,Alphabet Inc,,,
2023-04-06,-0.868144746407811,-0.8690525887188923,-0.8903340908881158,-0.9763409007073462,-0.9848755245540474,0.9458477439651344,1.8893965013434344,-1.0082271057637486,-1.1228562892406548,GOOG,Alphabet Inc,,,
2023-04-10,-0.9433191740600532,-0.9444693055090426,-0.9541914222795694,-0.9458407666948724,-0.9223312209902949,-0.4849049270413912,-0.9750166159676584,-0.991638169307366,-1.1053759629345197,GOOG,Alphabet Inc,,,
2023-04-11,-0.9753161680441182,-0.9765694545866068,-0.9830426951740376,-0.9582739933219356,-0.9404768069067452,-0.5825883359943153,-0.4517885048189554,-0.9872921136221012,-1.0924817696861062,GOOG,Alphabet Inc,,,
2023-04-12,-1.0100115110257109,-1.0113771473306794,-0.9689249300775756,-0.9703185982455425,-0.9223312209902949,-0.1957325457644595,-0.4889337967982993,-0.9928109351495008,-1.084009530351462,GOOG,Alphabet Inc,,,
2023-04-13,-0.895516168471181,-0.8965119088092256,-0.9428433253787564,-0.9132033615291412,-0.957850077287307,-0.3021004138352331,1.4040905397894172,-0.9679812726135952,-1.0655832380823245,GOOG,Alphabet Inc,,,
2023-04-14,-0.8465564737707696,-0.8473945999305662,-0.8922573329868855,-0.8685216478713074,-0.910748844368539,-0.3875087659093443,0.5538025977236045,-0.9369715999138664,-1.0442462320005317,GOOG,Alphabet Inc,,,
2023-04-17,-0.9637510537169214,-0.9649670870505608,-1.0026616429195672,-0.9567198029396148,-0.9980019431434364,0.4057452412973694,-1.4838300029161635,-0.9433660654798616,-1.035826035509663,GOOG,Alphabet Inc,,,
2023-04-18,-1.013866845266142,-1.0152446031760276,-0.9895822465924398,-0.9777009284536912,-0.937388133867334,-0.6859879765826926,-0.6815411259755659,-0.9608418476668632,-1.0328654290374548,GOOG,Alphabet Inc,,,
2023-04-19,-1.0177221795065718,-1.019112354089344,-1.0405530048001947,-1.0157775553102892,-1.0449102444542688,-0.7730623660178907,-0.1006308458143925,-0.9749241329311576,-1.0305350801818425,GOOG,Alphabet Inc,,,
2023-04-20,-0.9837970742052444,-0.9850780344871548,-0.995814220150394,-0.9831404465760624,-1.0281157688975149,-0.2193155918584657,0.3805663305671983,-0.9769023635228272,-1.0252389713450132,GOOG,Alphabet Inc,,,
2023-04-21,-0.9834115111680648,-0.9846912003822296,-1.0053544166501045,-0.9503088787743548,-0.9725211269484748,-0.2323662178536466,-0.0466982035081646,-0.9782884841116762,-1.0203882130168005,GOOG,Alphabet Inc,,,
2023-04-24,-0.949872561166646,-0.9510440099529326,-0.9791959174861736,-0.9551656125572936,-0.9740651689161078,-0.3250610896506724,0.3720574114012067,-0.9708422934016748,-1.0128369922468847,GOOG,Alphabet Inc,,,
2023-04-25,-1.03352759884865,-1.0349690115756636,-0.9745796081665422,-0.9862488273407038,-0.9524450467443736,0.6321635486400271,-1.0995954556870744,-0.9864234394583212,-1.0138078319116317,GOOG,Alphabet Inc,,,
2023-04-26,-1.0396960151807932,-1.0411571769825945,-0.9907365440400908,-1.036370355552414,-0.9929830703684468,1.1741140122887677,-0.1304493454015212,-0.9996699868292712,-1.0152681808479975,GOOG,Alphabet Inc,,,
2023-04-27,-0.8885769221960436,-0.8895503702604101,-0.908798741185993,-0.9916883454630748,-1.0057233311898917,1.2858534146099423,1.88387765117225,-0.9713698437601508,-1.0024411346222095,GOOG,Alphabet Inc,,,
2023-04-28,-0.8943594793596423,-0.8953517015624172,-0.9418815575842092,-0.928744968920846,-0.9065019925773666,-0.0811876897260523,-0.1229494027909123,-0.951607797006869,-0.9913218092624484,GOOG,Alphabet Inc,,,
2023-05-01,-0.9140205290735156,-0.9150761099620526,-0.9268789191583118,-0.8720183539079007,-0.9095906656167776,-0.3714611876496794,-0.2946039668852855,-0.9417607577170082,-0.9830548925130054,GOOG,Alphabet Inc,,,
2023-05-02,-0.9807128660391734,-0.9819839517836888,-0.9634237474285084,-0.9885799646984332,-0.9119070231202996,-0.427302164028179,-0.8798733647356083,-0.951249488197983,-0.9817862806618628,GOOG,Alphabet Inc,,,
2023-05-03,-0.9753161680441182,-0.9765694545866068,-0.9480366366770524,-0.9450635232879588,-0.9675019596214128,-0.7362659201635399,0.0165512991300514,-0.957000602790064,-0.9801275130745996,GOOG,Alphabet Inc,,,
2023-05-04,-1.0103973701942557,-1.0117639814356043,-1.018433519486908,-0.9808093092183328,-0.9698183171249348,-0.4811611304426269,-0.4937978890286356,-0.970189929305381,-0.9819054387366428,GOOG,Alphabet Inc,,,
2023-05-05,-0.9716539114536428,-0.9728955633277048,-1.0130479720258332,-0.9792939513632072,-1.0022487949346086,-0.3921143059707397,0.441050832363678,-0.970279336099027,-0.9798928117262808,GOOG,Alphabet Inc,,,
2023-05-08,-0.8935886494166486,-0.8945783284205349,-0.936880775939018,-0.9384584364867236,-0.9839102774102216,-0.7219322539017748,0.931632072629008,-0.9505948864762196,-0.9707511337775988,GOOG,Alphabet Inc,,,
2023-05-09,-0.9051534676124804,-0.9061806959565808,-0.8532119671489304,-0.8632762923849119,-0.868666778776832,-0.0022424136216749,-0.1944979522839521,-0.9387575954312272,-0.9635237412325224,GOOG,Alphabet Inc,,,
2023-05-10,-0.7378433922484735,-0.7383306927111183,-0.7410766512802577,-0.8339414306197978,-0.877546345575049,2.1761588855636504,2.0219591206615566,-0.8875480489691882,-0.9412822127349328,GOOG,Alphabet Inc,,,
2023-05-11,-0.5597396247629931,-0.5596514000035261,-0.551427605714341,-0.5833340859927549,-0.5953254003824556,3.093590125735515,2.070409378577465,-0.8040783694820619,-0.9043804738253362,GOOG,Alphabet Inc,,,
2023-05-12,-0.5204181175979761,-0.5202028782722219,-0.5583519229486253,-0.520390709450526,-0.5513128405030986,0.6212194066646113,0.3984037453099531,-0.7315272681665231,-0.8671503722268439,GOOG,Alphabet Inc,,,
2023-05-15,-0.5574265426712812,-0.5573309855099103,-0.5377715008988735,-0.5231104685117111,-0.5710027629392557,-0.2583238459335699,-0.4714082510292814,-0.68647754467564,-0.8367712356959631,GOOG,Alphabet Inc,,,
2023-05-16,-0.4367627837846076,-0.4362778766494914,-0.4452551327757306,-0.5095116732057838,-0.5578760497977936,0.7242743498679363,1.3285286944333323,-0.6221607855475554,-0.7978518149163785,GOOG,Alphabet Inc,,,
2023-05-17,-0.3831772210321362,-0.3825191486476668,-0.4037092293700189,-0.4073261011280916,-0.4285408854311887,0.1774981228284612,0.5453445393477169,-0.5603653869198492,-0.7574514080455994,GOOG,Alphabet Inc,,,
2023-05-18,-0.3045339105707372,-0.3036221051850594,-0.3413903742614504,-0.328452791922206,-0.37526260098567,0.2114795400382168,0.8144499570697732,-0.4941210796236749,-0.7133576052462617,GOOG,Alphabet Inc,,,
2023-05-19,-0.3149420396550314,-0.3140642654742975,-0.2421806657896819,-0.2806624010682248,-0.2733387471016777,0.5230859761256466,-0.164289865142905,-0.4470712382589426,-0.6742472119527617,GOOG,Alphabet Inc,,,
2023-05-22,-0.2139390343508663,-0.2127352699455463,-0.2202149694066193,-0.2522992417775043,-0.2999777420484002,0.4743783206322606,1.0447014049849954,-0.3862288115755687,-0.6292318181384068,GOOG,Alphabet Inc,,,
2023-05-23,-0.3134003797690425,-0.3125172241225646,-0.2829185903310705,-0.2678405527377055,-0.2451551210831768,-0.031398067440696,-1.1086350719260945,-0.3657619776532517,-0.5976248234230648,GOOG,Alphabet Inc,,,
2023-05-24,-0.3770091008313585,-0.3763312783087024,-0.3856290513977001,-0.357204572916382,-0.3629082033800985,-0.1644895577803984,-0.7417433538153233,-0.3665056680956584,-0.5748491306387191,GOOG,Alphabet Inc,,,
2023-05-25,-0.2725369165866722,-0.2715216610395281,-0.2613761069964472,-0.2736686925635326,-0.2343450599973099,0.8624022520003496,1.0973637686461326,-0.3406306438485091,-0.5443585223919326,GOOG,Alphabet Inc,,,
2023-05-26,-0.2309014389358477,-0.2297524297466415,-0.2606068688550043,-0.2585157068752838,-0.2785505514846033,0.0334050409491676,0.3963385048940961,-0.3106900699835161,-0.51273998233488,GOOG,Alphabet Inc,,,
2023-05-30,-0.2613567730339239,-0.26030583254044,-0.2459889962449912,-0.2740573142669892,-0.1926488576214749,0.2321805329960899,-0.3763807075468394,-0.2959402266721841,-0.4868484672448968,GOOG,Alphabet Inc,,,
2023-05-31,-0.3103161716029703,-0.3094231414190983,-0.3029220104021595,-0.2658980370834325,-0.2926425117698895,1.6031282076960125,-0.5770397670813249,-0.2972651950614802,-0.4678965298083931,GOOG,Alphabet Inc,,,
2023-06-01,-0.271765494380948,-0.2707479928296775,-0.2975364629410847,-0.2581270851718278,-0.3003638998163455,0.0202873904624487,0.3664470985208917,-0.2885051094380624,-0.4470566296739911,GOOG,Alphabet Inc,,,
2023-06-02,-0.2386124035480747,-0.2374873414373388,-0.231947832123315,-0.217330699254044,-0.2621425282478672,-0.5207151553773974,0.3050290913586207,-0.27354689134877,-0.4250059671122733,GOOG,Alphabet Inc,,,
2023-06-05,-0.1846409816270583,-0.183342369466524,-0.1840549069523067,-0.2161651305751801,-0.2575095186887495,-0.204263806044508,0.5249664200782533,-0.2486727712202493,-0.3999046533166399,GOOG,Alphabet Inc,,,
2023-06-06,-0.1352957238894673,-0.1338379314149724,-0.1498177931064382,-0.1543873227118145,-0.1806806177838471,-0.5128062653759159,0.4697209097980437,-0.2175322029711539,-0.3724633319160307,GOOG,Alphabet Inc,,,
2023-06-07,-0.3268927170194083,-0.326053467115269,-0.1240440597583912,-0.2841594035363241,-0.1430383355912482,0.8975039357115258,-2.055368697127945,-0.2426532542215717,-0.3654626925473744,GOOG,Alphabet Inc,,,
2023-06-08,-0.3373014383664314,-0.3364959224724732,-0.347929925679852,-0.3082486133835363,-0.3356898245054218,0.0008790126985223,-0.164828085434278,-0.2641275816167911,-0.3600734123926804,GOOG,Alphabet Inc,,,
2023-06-09,-0.3295916582796648,-0.3287607157138087,-0.3265799719983325,-0.2923186807198796,-0.3366550716492464,-0.4309980859901304,0.0325076829124716,-0.2782826546901315,-0.3544519268619895,GOOG,Alphabet Inc,,,
2023-06-12,-0.2725369165866722,-0.2715216610395281,-0.3086923236791181,-0.2950384397810657,-0.3044178199995822,-0.2441721032916936,0.5696093942818203,-0.274463383794364,-0.3439974280494505,GOOG,Alphabet Inc,,,
2023-06-13,-0.2694521161578712,-0.2684275783360623,-0.265992416316079,-0.2369517970217751,-0.2173576528326201,-0.5283559474127272,-0.0183829176646448,-0.2708184368582973,-0.3342043990338418,GOOG,Alphabet Inc,,,
2023-06-14,-0.271379931343769,-0.2703614537927207,-0.3071535539059075,-0.3024204735577092,-0.2887815231945896,-0.014000424422909,-0.0722944200417359,-0.2685724884307706,-0.3254822150387593,GOOG,Alphabet Inc,,,
2023-06-15,-0.2170238347796678,-0.2158293526490126,-0.2544517897621618,-0.2643438467011115,-0.2856931447072514,-0.0276446959145692,0.533043594655037,-0.2531352429686799,-0.3124616692207969,GOOG,Alphabet Inc,,,
2023-06-16,-0.283716171745325,-0.2827374895386156,-0.23367913154963,-0.2390887717435284,-0.1768199237606188,3.053768002834593,-0.7608198302706735,-0.2584313188204826,-0.3068715763982723,GOOG,Alphabet Inc,,,
2023-06-20,-0.2918118110006367,-0.2908592353342385,-0.29234315164279,-0.2763884516247187,-0.2990124949045755,-0.201822199567053,-0.1388637012846081,-0.2644516754623168,-0.3025479554362236,GOOG,Alphabet Inc,,,
2023-06-21,-0.391658127193262,-0.3910277285482135,-0.3602397903752121,-0.3529306234728754,-0.3105948715263318,-0.210056637098862,-1.130034119993399,-0.2942293315388033,-0.3079695399522523,GOOG,Alphabet Inc,,,
2023-06-22,-0.291040684926277,-0.2900855671243879,-0.3400441341413436,-0.4018865830057205,-0.4100091417467932,-0.3852873827612283,1.0584388337052646,-0.2911050802912471,-0.303473876259472,GOOG,Alphabet Inc,,,
2023-06-23,-0.3238088049847011,-0.3229596794797698,-0.3590857864178859,-0.3140767532093645,-0.3567308573012751,0.4564636315368949,-0.4054483051676987,-0.2970526432224125,-0.3024561496126602,GOOG,Alphabet Inc,,,
2023-06-26,-0.4753134610066304,-0.4749530252389122,-0.3867830553550269,-0.4255874675809831,-0.3788914825273016,-0.1551923033113444,-1.699049804921991,-0.3398459213730252,-0.3157216936691393,GOOG,Alphabet Inc,,,
2023-06-27,-0.4783973730413371,-0.4780468128744103,-0.4954563593517189,-0.5064032924411411,-0.518882657245498,0.2313187895334588,-0.0862101774320539,-0.3727211489752136,-0.3280701351492343,GOOG,Alphabet Inc,,,
2023-06-28,-0.3985973734683993,-0.3979892670970291,-0.4425623590451937,-0.4795943235327423,-0.5142496476863807,-0.4837942354673332,0.8454255660997367,-0.3771871542867466,-0.3318214890574087,GOOG,Alphabet Inc,,,
2023-06-29,-0.4398463996879487,-0.4393716642849895,-0.4564107000234397,-0.4170395686939693,-0.4320157162385449,-0.6021020379592298,-0.5073027329627651,-0.3909731868201108,-0.3390954189364411,GOOG,Alphabet Inc,,,
2023-06-30,-0.4028382707460097,-0.4022435570473022,-0.4133263203348416,-0.3521536764974681,-0.3930220291341766,-0.0894317021852238,0.3609559693781642,-0.3919491836493671,-0.3422416998232695,GOOG,Alphabet Inc,,,
2023-07-03,-0.4186436900880874,-0.4181005096015884,-0.4521794500100165,-0.3978067961981901,-0.4231358548882553,-1.0453445754272517,-0.2263514158540608,-0.396680153497364,-0.3465823767143288,GOOG,Alphabet Inc,,,
2023-07-05,-0.3388436905151492,-0.3380429638242071,-0.3617785601484222,-0.3840138382562856,-0.4331738949903054,-0.6679009387948007,0.8338931948633228,-0.3800379654932532,-0.3430539446324688,GOOG,Alphabet Inc,,,
2023-07-06,-0.404379930631998,-0.4037905983990351,-0.4471783748745008,-0.4154853783116483,-0.4107814572826827,-0.6772652177553927,-0.7664846305386849,-0.3841378272238349,-0.3459847597967595,GOOG,Alphabet Inc,,,
2023-07-07,-0.4348349685987103,-0.4343440011928335,-0.4240974152569911,-0.3828482695774217,-0.4011295749485768,-0.3646246895128055,-0.3884642291349988,-0.3949182356841781,-0.3515017217161761,GOOG,Alphabet Inc,,,
2023-07-10,-0.5608954254804364,-0.5608116072503334,-0.5271926421395041,-0.516894003413932,-0.4713952665587848,0.7807664213070905,-1.455227139926089,-0.4348984418080088,-0.3683246496624721,GOOG,Alphabet Inc,,,
2023-07-11,-0.5285134607219223,-0.5283246240678448,-0.5596984565590569,-0.5483655434692947,-0.5605785650692592,-0.6242105452394006,0.3190867294046455,-0.4566905472389607,-0.3805851495817575,GOOG,Alphabet Inc,,,
2023-07-12,-0.4548812852183978,-0.4544549486294262,-0.45448745792467,-0.425198845877526,-0.4625154052084957,-0.2629485358496904,0.7852367918068686,-0.4544047489005256,-0.3848342685648799,GOOG,Alphabet Inc,,,
2023-07-13,-0.2540319637216074,-0.2529574598867011,-0.2861883660402718,-0.3451599679927748,-0.3760346219694868,0.6444003058093897,2.194571072642673,-0.4018729658917643,-0.3698844641568359,GOOG,Alphabet Inc,,,
2023-07-14,-0.2204930137201891,-0.2193102694574029,-0.218676493123733,-0.1959609520365109,-0.2374337330367219,-0.4122982528510341,0.3078500528545293,-0.3539883474835561,-0.3531522924052566,GOOG,Alphabet Inc,,,
2023-07-17,-0.2451651983919366,-0.2440623409491948,-0.2113674100735638,-0.2115025594282163,-0.201528718971764,-0.3954942553297264,-0.3141371077606738,-0.3243172603662468,-0.3402521581820162,GOOG,Alphabet Inc,,,
2023-07-18,-0.2829447495396009,-0.2819638213287667,-0.2994599985301797,-0.2581270851718278,-0.2461203682270021,-0.36001914945141,-0.4556869925452332,-0.3116226522338437,-0.3320634016726451,GOOG,Alphabet Inc,,,
2023-07-19,-0.333061429482916,-0.3322416325222,-0.2809950547419766,-0.2903758686341025,-0.2505601516261103,-0.2386090704940413,-0.5918882041829155,-0.3147818539220601,-0.3293132783954405,GOOG,Alphabet Inc,,,
2023-07-20,-0.458351056421649,-0.4579358654378175,-0.310615859268212,-0.4374379098686131,-0.3536421842618631,0.261958557093678,-1.416647467280456,-0.3488511251819876,-0.3385484742198935,GOOG,Alphabet Inc,,,
2023-07-21,-0.4282818776234818,-0.4277692967489435,-0.4414080615975427,-0.4224790868163404,-0.4019015959323925,3.036092686923291,0.2849544295314488,-0.3667951937444338,-0.3441276639586113,GOOG,Alphabet Inc,,,
2023-07-24,-0.3677567724645081,-0.3670493252662727,-0.3625480917801905,-0.3327267413657127,-0.3611320543787961,-0.2422188181097296,0.6214143195634344,-0.3649396233463494,-0.3435305440920499,GOOG,Alphabet Inc,,,
2023-07-25,-0.3326755703143714,-0.331854798417275,-0.3494686954530632,-0.3268986015398844,-0.3629082033800985,0.6716792738653474,0.3334769992763118,-0.3546719549765302,-0.3397018116538039,GOOG,Alphabet Inc,,,
2023-07-26,-0.0678316685867211,-0.0661564213834861,-0.0540319427644194,-0.047927504759111,-0.035516225004314,2.0500953919080733,2.833772580522121,-0.2799623262801779,-0.3114144255101835,GOOG,Alphabet Inc,,,
2023-07-27,-0.0597360293314099,-0.0580349706558309,0.0317529312678673,-0.0296667311692306,0.0200787114967993,1.065285387885814,0.0319561117366575,-0.2218818050049321,-0.2849403383211908,GOOG,Alphabet Inc,,,
2023-07-28,0.0613124041983477,0.0634049723095129,0.049833109240186,0.037939216519962,-0.0119656085449297,0.2073144466354995,1.1952993965648455,-0.1476946199586832,-0.2495349316785949,GOOG,Alphabet Inc,,,
2023-07-31,0.0651686268328734,0.0672727232228287,0.0406004906009223,0.0849526603985348,0.0667934920955498,-0.6150856394628728,-0.01278506637411,-0.0910785577749412,-0.2169870035816539,GOOG,Alphabet Inc,,,
2023-08-01,0.0181358589242649,0.0200889947328606,0.0055941386136115,0.0313341297187264,-0.0164056864961112,-0.2538810796373381,-0.5242407866621214,-0.0605163999354235,-0.1918033228869975,GOOG,Alphabet Inc,,,
2023-08-02,-0.107154064145833,-0.1056052381827569,-0.0905767710346159,-0.081342153331756,-0.0555923052084152,-0.2010753552327727,-1.3223607075792168,-0.0692947264745547,-0.1806444033419507,GOOG,Alphabet Inc,,,
2023-08-03,-0.1021426330565934,-0.1005772800226332,-0.1155809727508952,-0.0842560750289172,-0.1123454204612895,-0.9371670460849524,0.0005455259013699,-0.0746105155401548,-0.1700305331358677,GOOG,Alphabet Inc,,,
2023-08-04,-0.1110093983862632,-0.1094729890960726,-0.0324897529201204,-0.0632749495148407,-0.0648577352225032,-0.4101821939039065,-0.1436816230847014,-0.0808407618021453,-0.1612120696873182,GOOG,Alphabet Inc,,,
2023-08-07,0.0200630818474328,0.0220228701895185,-0.0274886777846047,-0.0199532636033529,-0.0683328605819326,-0.6879412617646565,1.3125227288904393,-0.0523504410313104,-0.1409183233475881,GOOG,Alphabet Inc,,,
2023-08-08,0.0162092282638269,0.0181551192762027,-0.0321046936139117,0.0072449198715131,-0.0115797453290582,-0.7631044415608194,-0.0906427584669871,-0.0319577744522079,-0.1228304359260395,GOOG,Alphabet Inc,,,
2023-08-09,-0.0489426333413016,-0.0472059762616678,-0.0117165077269394,-0.0170387490431811,0.0351356243738386,-0.6760492019803465,-0.712642195708001,-0.0331475245966558,-0.1124893796177047,GOOG,Alphabet Inc,,,
2023-08-10,-0.0466298473809541,-0.0448849716321178,-0.0049075321903217,0.0035537547674387,0.0266419207914937,-0.6654689072447083,-0.0277968902961718,-0.0334546729255713,-0.1028717912253839,GOOG,Alphabet Inc,,,
2023-08-11,-0.0481715072669425,-0.0464323080518178,-0.0898072394028482,-0.0463736108082952,-0.0802239277763861,-0.919223632207499,-0.0674071756259217,-0.0340750937418689,-0.0942729293003748,GOOG,Alphabet Inc,,,
2023-08-14,0.0158230729639174,0.0177685802392448,-0.0332586975712384,-0.0137365020740686,-0.0552058528883973,-0.6970182929043716,0.6060929871729837,-0.0183489661900394,-0.0804617016523959,GOOG,Alphabet Inc,,,
2023-08-15,-0.0443164691578767,-0.042564557138502,-0.0301811580248172,-0.0048388140107939,0.0119708711303259,-0.9609990402903856,-0.661830279336712,-0.0217704399911813,-0.0735390367612646,GOOG,Alphabet Inc,,,
2023-08-16,-0.0890346743179479,-0.0874278711348543,-0.07218901520185,-0.0576409723249887,-0.077212427380149,-0.6948926590298813,-0.5107774357478234,-0.0356508203108826,-0.0714342553544084,GOOG,Alphabet Inc,,,
2023-08-17,-0.0369913637141948,-0.0352161844847626,-0.0109088223529406,-0.003634116373229,-0.032041688749031,-0.1091752024068401,0.487662783370913,-0.0328934856886342,-0.0646461581832142,GOOG,Alphabet Inc,,,
2023-08-18,-0.1275859438027012,-0.1261030197242751,-0.1132729648362417,-0.1143678837694392,-0.0857061309624939,-0.1128519745140664,-0.98052441591577,-0.0537470663493696,-0.0669607418592195,GOOG,Alphabet Inc,,,
2023-08-21,-0.0959742167244502,-0.0943897047516359,-0.1352002139867495,-0.1081511222401549,-0.1324212061133176,-0.2829122594006458,0.278523656525791,-0.0613890826177988,-0.0661039825467895,GOOG,Alphabet Inc,,,
2023-08-22,-0.0666761640006422,-0.0649962141366782,-0.0701885851476437,-0.0395740649395787,-0.083003321138954,-0.8854815881818076,0.2524183210445609,-0.0597078146464319,-0.0625808954778016,GOOG,Alphabet Inc,,,
2023-08-23,0.0690230726792092,0.0711404741361445,0.049833109240186,0.0220089874248,-0.0165983235519737,0.1619292909369248,1.348151338102592,-0.0241132299417212,-0.0466677604918145,GOOG,Alphabet Inc,,,
2023-08-24,-0.038533615862913,-0.0367635209044626,0.084454401921288,0.0138500066727487,0.1330830252698418,-0.5865044812856057,-1.1316856211776178,-0.0246305023313816,-0.0422756185779599,GOOG,Alphabet Inc,,,
2023-08-25,-0.0281251906472544,-0.0263210655472574,-0.0528779388070927,-0.0739601195551126,-0.0440099285866589,-0.3952261573635745,0.055191948304972,-0.0223849925912248,-0.0373078525767381,GOOG,Alphabet Inc,,,
2023-08-28,0.0142808208151991,0.0162212438195448,0.0179042967992965,0.0352197538902817,0.0308887725826662,-0.7746422290327145,0.3824968704339194,-0.009971599746674,-0.0288197239916497,GOOG,Alphabet Inc,,,
2023-08-29,0.1569190076388231,0.1593197657091491,0.1738932304980097,0.1179780944047126,0.066330456236504,0.5742543879512128,1.396281315553028,0.0354277213011902,-0.0077429750895145,GOOG,Alphabet Inc,,,
2023-08-30,0.2124317933144624,0.2150114839637303,0.1721622245620196,0.1972788578412505,0.1656292620442771,-0.2903519779613616,0.4965264734108973,0.0835226532932467,0.0166173351645058,GOOG,Alphabet Inc,,,
2023-08-31,0.2286230718250847,0.2312555656909092,0.2164006082079444,0.2671774067924824,0.222768240513023,0.3200017667655684,0.1066117600665333,0.1236904517932534,0.0402796349668357,GOOG,Alphabet Inc,,,
2023-09-01,0.207419473831128,0.2099841159395409,0.2233252189325546,0.2329858112444294,0.276046230406468,-0.7788456221448821,-0.2580834152309535,0.1484515205485336,0.0598047722933253,GOOG,Alphabet Inc,,,
2023-09-05,0.2039505910219717,0.2065034941991173,0.1767782403913266,0.2182211508281319,0.1992176240536387,-0.6774854410847317,-0.0854900603252408,0.1661446506208679,0.0772299827048371,GOOG,Alphabet Inc,,,
2023-09-06,0.1522928434553982,0.1546783465859833,0.1810097838950746,0.1844184734150409,0.221416835601253,-0.8609314744241819,-0.557050285801702,0.1663444306679979,0.0882325374814352,GOOG,Alphabet Inc,,,
2023-09-07,0.1842898374394632,0.1867787907315147,0.1463884912139726,0.1560553141243209,0.1281799114596145,-0.7496995432532235,0.2646277429429085,0.1745899123603685,0.1012318724900515,GOOG,Alphabet Inc,,,
2023-09-08,0.2228402185301211,0.2254539393209355,0.1823563175055057,0.2302657557517386,0.177211049561887,-0.669777624557864,0.3270672069910527,0.1905277606200327,0.1166602881345574,GOOG,Alphabet Inc,,,
2023-09-11,0.2436582534868982,0.2463388500353459,0.211169436657743,0.2566866958196915,0.2355087958865403,-0.7300900920146832,0.1514125482345169,0.2077483745795997,0.1326360509195504,GOOG,Alphabet Inc,,,
2023-09-12,0.1792787024815886,0.1817514227073253,0.1871648629879171,0.2325968931094675,0.2258569135524344,-0.918515087582669,-0.6768248814145525,0.2043749893803251,0.1411293327332112,GOOG,Alphabet Inc,,,
2023-09-13,0.2344047405945885,0.2370566019249486,0.1894728709025706,0.1937430228459567,0.178369228313648,-0.8053394461571092,0.4903879792221511,0.2157925396321085,0.1540139025720646,GOOG,Alphabet Inc,,,
2023-09-14,0.2918459337188557,0.2946827857721219,0.2606395788345189,0.2765019562233982,0.2745021884388354,-0.5497176103586175,0.5072758918051344,0.2388890551516365,0.1711074024440305,GOOG,Alphabet Inc,,,
2023-09-15,0.2652468222553046,0.2679968388236721,0.2533304957843497,0.2811642309388561,0.2903314168517642,2.3126303252623392,-0.3075768089167798,0.2494815281029229,0.1841555303330643,GOOG,Alphabet Inc,,,
2023-09-18,0.290689244607317,0.293522578525314,0.2752571579542077,0.2986489468478445,0.2451606782206462,-0.8207838039929322,0.1945283982623852,0.2638631394400328,0.1984005404334744,GOOG,Alphabet Inc,,,
2023-09-19,0.2856781096494424,0.2884946203651903,0.2462139423872847,0.2935977539974247,0.269097157895902,-0.8930266309435115,-0.0998096840858479,0.2733814670291198,0.2108811794605383,GOOG,Alphabet Inc,,,
2023-09-20,0.1222230723945011,0.1245117778971099,0.2333267822229364,0.1778133866138053,0.2914895956035252,-0.3190671851217045,-1.6265854120735308,0.23916400824168,0.2069171271376483,GOOG,Alphabet Inc,,,
2023-09-21,-0.0022960207326026,-0.0004087868086576,0.015980761210202,0.0445443033211976,0.042857012420294,-0.2630634349780413,-1.2892058380330542,0.1819959990171358,0.1916503077007504,GOOG,Alphabet Inc,,,
2023-09-22,-0.006536621878848,-0.0046630767589312,0.0090561504855918,0.0220089874248,0.0154454073856089,-0.7140137889729307,-0.0947538163108064,0.1380470660447842,0.1773741831724459,GOOG,Alphabet Inc,,,
2023-09-25,0.0289298471771031,0.0309179891270237,-0.0213335986917622,0.0033592956999578,-0.0196869965913852,-0.9724123537065672,0.3099151558684936,0.1140588343166777,0.1677178705364499,GOOG,Alphabet Inc,,,
2023-09-26,-0.0759279001047621,-0.0742784622470755,-0.0526854091539883,-0.0681316832977796,-0.0141276207621031,-0.4238839149597421,-1.1128679299236262,0.0695373160867384,0.1491178575843432,GOOG,Alphabet Inc,,,
2023-09-27,0.001559017376463,0.0034589641046581,-0.0405677806214077,-0.02189548282612,-0.0710350813013261,-0.5784806921557734,0.749180598183578,0.0557513535999676,0.1394666010341402,GOOG,Alphabet Inc,,,
2023-09-28,0.0659385683817727,0.0680463914326787,0.0540640657632843,0.0290029923609975,-0.0227756696307966,-0.6323683833523089,0.6035568834798384,0.0617007274038396,0.1367228703430153,GOOG,Alphabet Inc,,,
2023-09-29,0.0165941990382765,0.0185422484490949,0.0813768623748668,0.0534811203431727,0.1081038312555133,-0.150184616300721,-0.5473976322273197,0.053678004379052,0.1296067077037827,GOOG,Alphabet Inc,,,
2023-10-02,0.1445821749745367,0.146943434895286,0.0994570403471856,0.0824270639733249,0.0337842194620687,-0.5357573662639926,1.2469829641658583,0.0800435487385521,0.1351255188785936,GOOG,Alphabet Inc,,,
2023-10-03,0.0724919554883655,0.0746210958765681,0.0948410245178785,0.111567466670958,0.1409198777289855,-0.4957054451063685,-0.7650231099020617,0.0815779640911419,0.1333902578992974,GOOG,Alphabet Inc,,,
2023-10-04,0.1869881864369903,0.1894863343980226,0.1460040188884136,0.1354622174506904,0.0918887396267129,-0.1874598085232003,1.0974611358897477,0.1116977790620512,0.1425370876403114,GOOG,Alphabet Inc,,,
2023-10-05,0.176194198184152,0.1786573400038595,0.1433109516675513,0.1752877901885954,0.1872493842160109,-0.8505331033084326,-0.1575310833734172,0.1315566239029269,0.1498413637578766,GOOG,Alphabet Inc,,,
2023-10-06,0.2818224792776466,0.2846268694518745,0.2466371554357245,0.1941319409809186,0.1413063300490034,-0.3809978153027977,0.9874980243632676,0.1731760568272445,0.1663753340808691,GOOG,Alphabet Inc,,,
2023-10-09,0.3115072795640941,0.3144068991037901,0.2767962212177431,0.2625145392140139,0.2590594123459245,-0.7857874444827442,0.2346737524427521,0.2119012637480931,0.1841866560396497,GOOG,Alphabet Inc,,,
2023-10-10,0.2999403884487069,0.302804236499777,0.3064170257439791,0.3297315687682446,0.3177424327823029,-0.5027717414999441,-0.1624893633758864,0.2380185982915905,0.1992953489784385,GOOG,Alphabet Inc,,,
2023-10-11,0.3963181179635415,0.399492107973329,0.363350039901148,0.3845156681269175,0.3308694404758382,-0.4461456210777139,0.8746377204608708,0.2819913912252011,0.222057786710842,GOOG,Alphabet Inc,,,
2023-10-12,0.3419614291367109,0.3449600068296215,0.3695051189939904,0.3693626824386687,0.4200527389863132,-0.6350780877959158,-0.5647293486990366,0.301218051933957,0.237659568806955,GOOG,Alphabet Inc,,,
2023-10-13,0.276039625982683,0.2788258332178351,0.3294976918711639,0.3118591204503156,0.3617549926616599,-0.5138978070952487,-0.6801661078468348,0.2989589923769545,0.2456684124518017,GOOG,Alphabet Inc,,,
2023-10-16,0.3496720976175724,0.3526955086562531,0.3127640475092763,0.3643120824512595,0.3262361363646479,-0.7143106117211703,0.6592176910556812,0.3158946500458571,0.2598459971733455,GOOG,Alphabet Inc,,,
2023-10-17,0.3689478804256313,0.3720330829509635,0.3260356799991837,0.3335786568441102,0.3378185129864042,-0.7068038686689165,0.1319739155474948,0.333473411642734,0.274540185213088,GOOG,Alphabet Inc,,,
2023-10-18,0.3030254850088735,0.3058983192032428,0.3545024805680929,0.3404167388085165,0.3656159812369609,-0.6224583335320505,-0.6770506999547228,0.3299782779018162,0.2817238878775948,GOOG,Alphabet Inc,,,
2023-10-19,0.291460962944406,0.2942956565992297,0.3166111186874653,0.3363372484324908,0.3289389461881877,-0.2848176699457969,-0.1626418276515812,0.324430956349019,0.2871713306288749,GOOG,Alphabet Inc,,,
2023-10-20,0.2051072801335104,0.2076637014459251,0.2410203375986647,0.2448359571005552,0.2822235764852908,0.0157488748925912,-0.8827556345398486,0.2984218845359469,0.2840351957122566,GOOG,Alphabet Inc,,,
2023-10-23,0.2498254852935816,0.2525264253063432,0.2402513929475466,0.2007370277821542,0.1911097836871654,-0.3854022818895792,0.3859121090576464,0.2902293556449862,0.2853727142822309,GOOG,Alphabet Inc,,,
2023-10-24,0.3354074497673881,0.338385302385732,0.3052630217866524,0.3421650918268132,0.3042301509770425,0.1655869131894259,0.7786418264506135,0.3057382850654241,0.2946047125177993,GOOG,Alphabet Inc,,,
2023-10-25,-0.1830990256097049,-0.18179532811479,-0.1028863422396512,-0.1497250479963566,-0.0582945259278087,3.2545446547002914,-5.001786778897354,0.1861812455850113,0.2544313016068928,GOOG,Alphabet Inc,,,
2023-10-26,-0.3076175264740783,-0.3067158928205586,-0.2813798205578605,-0.2962040084599302,-0.2629145492316829,0.871469708212702,-1.3665825475603974,0.0650087006907455,0.2062469389281633,GOOG,Alphabet Inc,,,
2023-10-27,-0.3091597786227971,-0.308262934172291,-0.3206174225585949,-0.3296183606010699,-0.2799019563963727,1.2027909197396602,-0.0682822466109017,-0.0262609173995728,0.1622985171322137,GOOG,Alphabet Inc,,,
2023-10-30,-0.2185654946656556,-0.2173763940007455,-0.2394491513362648,-0.2355920657069355,-0.2633007069996276,-0.0613005655939975,0.9305316673106796,-0.071791624264893,0.1308309597757135,GOOG,Alphabet Inc,,,
2023-10-31,-0.2359134622878172,-0.2347800928387986,-0.2390646790107047,-0.2338434162571335,-0.1934211731573644,-0.3525890058180569,-0.2361172866593439,-0.110328910984561,0.1005991844505735,GOOG,Alphabet Inc,,,
2023-11-01,-0.1484030903653835,-0.1469876353707184,-0.1936719979171294,-0.1949895459936226,-0.2293261872223212,0.1657209621725019,0.8827148453518775,-0.1170906383111223,0.0813124497296947,GOOG,Alphabet Inc,,,
2023-11-02,-0.1094668501061805,-0.1079256526763726,-0.1032714015458599,-0.0712400640624217,-0.0664023662942821,-0.0683764369149356,0.3567278419077191,-0.1123105695357493,0.0674260345612079,GOOG,Alphabet Inc,,,
2023-11-03,-0.0404614310488109,-0.0386973963611205,-0.0786516721551397,-0.0362718179704662,-0.0845479522107329,-0.505213347977399,0.6663578267593752,-0.0912662688014247,0.0612654436329515,GOOG,Alphabet Inc,,,
2023-11-06,0.0011734543392835,0.003071834931766,-0.0467228597142502,-0.0005263284715975,-0.0409212555472474,-0.9043920697228804,0.3756497309202749,-0.0649488874210586,0.0595646562381443,GOOG,Alphabet Inc,,,
2023-11-07,0.0377966125067734,0.0398131080645289,0.0194427730821823,0.0464871154069752,0.0270277840073653,-0.5344743259974084,0.3211365164251767,-0.035944726319913,0.0614488100622484,GOOG,Alphabet Inc,,,
2023-11-08,0.0709497033396473,0.0730737594568681,0.029444336372564,0.0861182290773993,0.041698833668533,-0.9299379759262132,0.2834016096602479,-0.005803451622326,0.0662669759782431,GOOG,Alphabet Inc,,,
2023-11-09,0.0104263749688633,0.0123540830421633,0.045601565736438,0.0608628576883108,0.0803063630049566,-0.6539023949907256,-0.6591343800459494,0.0014893321309685,0.0649781826964873,GOOG,Alphabet Inc,,,
2023-11-10,0.1017906004749035,0.1040139963555916,0.0575266646159143,0.0359964044341843,0.0096545136268039,-0.376574198861291,0.8765287003446502,0.0300752316581524,0.0723642227205274,GOOG,Alphabet Inc,,,
2023-11-13,0.0855993219642812,0.087770504764347,0.0513715855230718,0.1098191136526613,0.0803063630049566,-0.8039032070527239,-0.2131354764585639,0.0474180567975758,0.0775622413527977,GOOG,Alphabet Inc,,,
2023-11-14,0.1546050371530158,0.1569987610795991,0.1717777522364606,0.2003487025102029,0.1687173459795422,-0.2382739480363514,0.6391780635957044,0.0778844997299412,0.0887511634352321,GOOG,Alphabet Inc,,,
2023-11-15,0.1912293798459655,0.1937406243482963,0.1563900545043544,0.2092849266691674,0.2069390121000942,-0.8583845437457387,0.3101952221334869,0.1100007566951015,0.1023533459150166,GOOG,Alphabet Inc,,,
2023-11-16,0.2806657901661079,0.2834666622050666,0.2348658454864719,0.2384253293668005,0.21929370425774,-0.6885061824790482,0.8257024389980084,0.156716499356661,0.1230960669758945,GOOG,Alphabet Inc,,,
2023-11-17,0.212817356351642,0.2153986131366224,0.2010134974564879,0.2151127700634898,0.2524962030512301,0.0727196926998739,-0.7059540834972196,0.1745867891897548,0.1355980327914264,GOOG,Alphabet Inc,,,
2023-11-20,0.2505966113679407,0.2533000935161932,0.2173626694928165,0.2155016881984517,0.1629264522207372,-0.5013833770323717,0.3174881726342392,0.1975481388451514,0.1505020667618465,GOOG,Alphabet Inc,,,
2023-11-21,0.2775818781314013,0.2803725795016009,0.2381353277053478,0.3015628685450057,0.2571289180582741,-0.6853464564494005,0.2101710930207009,0.2215967669799691,0.1665787754078984,GOOG,Alphabet Inc,,,
2023-11-22,0.3315530039210523,0.3345181416083506,0.3202656602125499,0.3518785593926909,0.3019137934735205,-0.7180639832472971,0.4692731295852387,0.2532886197176315,0.1862491942701967,GOOG,Alphabet Inc,,,
2023-11-24,0.2621611334324082,0.2649027561202063,0.2655250187820421,0.2924321853185602,0.3189006115340639,-1.5298071751911306,-0.7145308339949538,0.2595004829881656,0.1976317732317272,GOOG,Alphabet Inc,,,
2023-11-27,0.2556089308512752,0.2583280516763169,0.2637171183809402,0.2951516479482404,0.2428443207171242,-0.6625294045443997,-0.114982886757884,0.2625015898077206,0.2073658573572542,GOOG,Alphabet Inc,,,
2023-11-28,0.2775818781314013,0.2803725795016009,0.2264027584789759,0.275724712816485,0.2451606782206462,-0.7429109197531624,0.1613540890672817,0.2703118552018965,0.2182731304946326,GOOG,Alphabet Inc,,,
2023-11-29,0.1919993213948649,0.194513702422212,0.2652555946638259,0.2467787691863328,0.2974737155223391,-0.3629969518611688,-0.8774727204949083,0.2545160783088627,0.2201727056093818,GOOG,Alphabet Inc,,,
2023-11-30,0.0963939024798493,0.09859949915851,0.1610066573143111,0.1105957641965639,0.1976729929818598,0.4890566842790781,-0.989213515299334,0.2184798580229232,0.2129446685551167,GOOG,Alphabet Inc,,,
2023-12-01,0.0732642660881845,0.0753947640864182,0.0279058600896783,0.0858069759968276,0.0787623210373241,-0.0514958399747274,-0.2826120620902574,0.1856006004642448,0.2042072782346958,GOOG,Alphabet Inc,,,
2023-12-04,-0.0304379766076019,-0.0286414800408731,-0.0509544032179982,-0.0211188322822174,0.0005434288990646,-0.0659444053648432,-1.0921187312244154,0.1347031702260759,0.186550880050023,GOOG,Alphabet Inc,,,
2023-12-05,0.0374116417323238,0.039426569027571,0.029444336372564,-0.0082969839516975,-0.0351303617884424,-0.5333923592054381,0.643255147740316,0.1136969144105407,0.1768547732528651,GOOG,Alphabet Inc,,,
2023-12-06,0.0004023282649243,0.002298166721916,0.020596777039509,0.0530922022082108,0.0625466403043774,-0.8086236462424702,-0.4255294119114969,0.0885783952781061,0.1645736371213306,GOOG,Alphabet Inc,,,
2023-12-07,0.2710284910248084,0.2737978750577114,0.2779502251750699,0.2442531727611229,0.2053949701324616,1.3034904308117934,2.702948633476406,0.1382113689713226,0.1787572862188327,GOOG,Alphabet Inc,,,
2023-12-08,0.2012516497617147,0.2037959505326093,0.2006290251309289,0.2186100689630938,0.1691037982995601,-0.1713643556267226,-0.7257683761437971,0.1577816704536273,0.1851158342103659,GOOG,Alphabet Inc,,,
2023-12-11,0.1264630812780165,0.1287660678473835,0.0775297911966778,0.1144813883681192,0.0980660857055358,-0.0290043356000539,-0.7837650626393081,0.1535369370139966,0.1838912282940685,GOOG,Alphabet Inc,,,
2023-12-12,0.0855993219642812,0.087770504764347,0.0679127002318551,0.1121502510103903,0.0768318267496736,0.1702594777423594,-0.4573956810827994,0.1400143358144598,0.178950428237835,GOOG,Alphabet Inc,,,
2023-12-13,0.0983217176657472,0.100533374615168,0.0771453188711188,0.1168125257258482,0.1260561910119551,0.0582807022371206,0.0757824318737872,0.1330913129266439,0.1756504406000913,GOOG,Alphabet Inc,,,
2023-12-14,0.0686369173792997,0.0707533449632523,0.0869549394890459,0.0433787346423331,0.134743120754309,0.4608680981236764,-0.3479813254899752,0.1203884135331726,0.1698700119915372,GOOG,Alphabet Inc,,,
2023-12-15,0.0933093981824128,0.0955054164550443,0.0790688544602133,0.1043795955302902,0.0633189558402668,3.235193726500541,0.1962185252323946,0.1171036906019188,0.1669260356355943,GOOG,Alphabet Inc,,,
2023-12-18,0.2224540632302116,0.2250674002839776,0.2156316635568264,0.1486729839161722,0.0996101276731684,0.0855979700025286,1.2392367798332258,0.1473153920962825,0.1763460852248617,GOOG,Alphabet Inc,,,
2023-12-19,0.2575361537744431,0.2602619271329748,0.2306343019827239,0.291654941911647,0.2594452755617961,-0.3968634699425737,0.290515742685667,0.178850383563323,0.1881957460773907,GOOG,Alphabet Inc,,,
2023-12-20,0.3176745113707774,0.3205950645107217,0.3963559618342524,0.367808788487853,0.3494008896081605,0.8331604238350654,0.5309744519977471,0.2177173969286026,0.2046010506921678,GOOG,Alphabet Inc,,,
2023-12-21,0.4001731560726073,0.4033598588866448,0.3560409568509787,0.4091105901221835,0.3663882967728503,-0.6419337357875149,0.7386458952347037,0.2677408639019985,0.2272422357415357,GOOG,Alphabet Inc,,,
2023-12-22,0.4356396251285585,0.4389409247725998,0.4029724077177657,0.4705768484734715,0.4188945602345522,-0.6024850350537326,0.2830205737686632,0.3142319321332021,0.2511471136306988,GOOG,Alphabet Inc,,,
2023-12-26,0.4394952555003542,0.4428086756859156,0.4297082023506848,0.4878671053149789,0.4517106067080244,-1.3056102509965888,-0.0154292701845602,0.350075756855651,0.2732399601136082,GOOG,Alphabet Inc,,,
2023-12-27,0.3862958480477923,0.389436781789016,0.405665474938628,0.4315676481011801,0.4459197129492194,-0.7197874701725594,-0.5498653195770744,0.3634984983207569,0.2883414201598303,GOOG,Alphabet Inc,,,
2023-12-28,0.3801274317156491,0.3832486163820844,0.3652735754902425,0.4229035480640868,0.4080844991486853,-1.2077161936416885,-0.1099093539319482,0.3720048665911201,0.3014922527788899,GOOG,Alphabet Inc,,,
2023-12-29,0.3666345022025539,0.3697120783214134,0.3331522333962486,0.3868468054846465,0.3629131714134209,-0.950294271499034,-0.1793289094772616,0.3749707599222535,0.3121837339951982,GOOG,Alphabet Inc,,,
2024-01-02,0.3138194732617116,0.3167273135974059,0.3016084802615678,0.3029228962913511,0.3212175581417323,-0.4532693670354648,,0.330416942228287,0.364682174639604,GOOG,Alphabet Inc,,,
2024-01-03,0.344659778134238,0.3476675504961294,0.3198806009063412,0.3297315687682446,0.2826100288053088,-0.5583637697670168,0.2440473481438852,0.3382199318205959,0.3675708453307588,GOOG,Alphabet Inc,,,
2024-01-04,0.2552227755513657,0.2579409225034247,0.3023774249126858,0.3134130144011314,0.3308694404758382,-0.6273989960511358,-0.903970037670861,0.3214434742271304,0.3618197534961858,GOOG,Alphabet Inc,,,
2024-01-05,0.230165323973803,0.2328023119746749,0.2321727782656096,0.2683429754713469,0.2730353191143772,-0.8968183021790888,-0.2943985606560338,0.302521276913284,0.3542444709927407,GOOG,Alphabet Inc,,,
2024-01-08,0.3512137575035608,0.3542422549400188,0.3025699545657902,0.3083624144137222,0.2594452755617961,-0.6856145544155524,1.1270524680373415,0.3189564230177145,0.3586959051876641,GOOG,Alphabet Inc,,,
2024-01-09,0.4294718010591452,0.4327527593656682,0.3856617613772147,0.3825728560411399,0.3389766917381652,-0.5003971595140271,0.6933865789796873,0.3510830634915309,0.3700727375424042,GOOG,Alphabet Inc,,,
2024-01-10,0.4772756950421128,0.4807101560654864,0.4520193368461019,0.4863132113641631,0.4339514731115915,-0.7816893755715649,0.3970071184246978,0.3872730373549901,0.3848928851205564,GOOG,Alphabet Inc,,,
2024-01-11,0.4722621910333185,0.4756821979053627,0.5341496693533041,0.4767936100027558,0.5256443552855975,-0.7022940778811467,-0.0982080249291448,0.4131470374388094,0.3978961545019168,GOOG,Alphabet Inc,,,
2024-01-12,0.4942375073643643,0.497727315866581,0.4602904811811432,0.5212814574561186,0.5042168701697263,-1.0347738556189758,0.1530472251504528,0.4381125721812142,0.4117756361337,GOOG,Alphabet Inc,,,
2024-01-16,0.4880690910322211,0.4915391504596494,0.5026053292379735,0.5094698476956828,0.4690838770885857,-0.5368584829106879,-0.1087768427907482,0.4552760354095516,0.4238155792850898,GOOG,Alphabet Inc,,,
2024-01-17,0.4421930122351514,0.4455156292164892,0.4091274868106082,0.4105476900599085,0.4490083859886309,-0.6627113281642886,-0.4775129542532814,0.4565414010972309,0.430463979095254,GOOG,Alphabet Inc,,,
2024-01-18,0.5231499970509927,0.5267336773086466,0.4927962956006961,0.5208931321841674,0.4694703294086036,-0.5676993239455211,0.7063502823728838,0.4779735727428162,0.4440908504360542,GOOG,Alphabet Inc,,,
2024-01-19,0.6380317910367971,0.6419854548670589,0.5872356123322838,0.6160849957571669,0.5800805239308034,0.2274217940968934,1.0083764941576832,0.5231142572883768,0.4672393689446147,GOOG,Alphabet Inc,,,
2024-01-22,0.6280077443328581,0.6319301286827459,0.6632108657466435,0.6852448373971753,0.6729321739607168,-0.2850091684930483,-0.1421919008807834,0.5544335593200348,0.4873445699457665,GOOG,Alphabet Inc,,,
2024-01-23,0.6654020285747072,0.6694444798894245,0.6187799524476143,0.6700918517089265,0.6347105078401648,-1.0237722640793847,0.2870926446084031,0.587384265619458,0.5091245774465674,GOOG,Alphabet Inc,,,
2024-01-24,0.7297821718427469,0.7340324973533794,0.7230294767777788,0.773054370762026,0.7339315519006172,-0.5324444413965439,0.5276861243320398,0.628386290862983,0.5349547786399956,GOOG,Alphabet Inc,,,
2024-01-25,0.8566140509301982,0.8612734765527627,0.8457430644251714,0.8266729014418344,0.7899129407217484,-0.3169990008113897,1.0769148145328,0.6912278892090107,0.5703165433439468,GOOG,Alphabet Inc,,,
2024-01-26,0.8623969042251618,0.867074512786802,0.8207388627088922,0.8880620876017428,0.8335390482810875,-0.5085549976269355,-0.0012176613782198,0.7398222234420937,0.603005255657586,GOOG,Alphabet Inc,,,
2024-01-29,0.9028745082389876,0.9076835368328808,0.8626692384401635,0.8927243623172008,0.8632670108192947,-0.3730889253013161,0.3005239346889069,0.7865093230318081,0.6365136193966705,GOOG,Alphabet Inc,,,
2024-01-30,0.8338693853129829,0.8384552805176286,0.856514159347321,0.8870903851273486,0.8775516081604445,0.1697711564468684,-0.6477363127506062,0.8040654734963031,0.6605123731263793,GOOG,Alphabet Inc,,,
2024-01-31,0.4001737483353372,0.4033598588866448,0.4929882382731508,0.4509560471372457,0.5447548937938004,1.8290773435979044,-3.84229041745894,0.7075020711777822,0.6417071297926407,GOOG,Alphabet Inc,,,
2024-02-01,0.4352558388795687,0.438554385735642,0.4556738783711865,0.4785419630210525,0.4791222117427095,0.0690429205926476,0.2793943265920731,0.6439557347851584,0.6278974334424366,GOOG,Alphabet Inc,,,
2024-02-02,0.4672516483381739,0.470654239745239,0.427207664782927,0.3196297759304157,0.3710210117798943,1.6593617560963774,0.2483536791440541,0.6043913294476988,0.6183400655685003,GOOG,Alphabet Inc,,,
2024-02-05,0.5208378033533752,0.5244126726790965,0.534534141678863,0.5426512046736518,0.4926344935479699,0.425948338032389,0.4478328765880111,0.5882760045762545,0.6146707200469906,GOOG,Alphabet Inc,,,
2024-02-06,0.539341867824345,0.5429771688998912,0.5372272088997253,0.5663520892489138,0.566761468285552,-0.3148350672274492,0.1192278571677088,0.5808712747080553,0.6130681427108569,GOOG,Alphabet Inc,,,
2024-02-07,0.5883018586561214,0.5920941827105829,0.547228772190107,0.593161354588818,0.5729382252602285,-0.3226482079553052,0.3988509022362491,0.5877052280297086,0.6161971132524029,GOOG,Alphabet Inc,,,
2024-02-08,0.6091187090874387,0.6129790934249933,0.5706944976235006,0.6401742056043802,0.6057548608378471,-0.6285479873346441,0.1382829426643616,0.5980976210857525,0.6209914513583353,GOOG,Alphabet Inc,,,
2024-02-09,0.7247704446221424,0.7290045391932557,0.6893696584008993,0.6794164011398424,0.6435900746383812,-0.2803653287222026,0.9993171517563753,0.6351532766989516,0.6361825111119268,GOOG,Alphabet Inc,,,
2024-02-12,0.6673298437606051,0.6713783553460824,0.6853300575696059,0.723321464253773,0.7049759048982995,-0.7247951571831828,-0.5630872659005521,0.6484118154281687,0.644612366344004,GOOG,Alphabet Inc,,,
2024-02-13,0.5763505890290145,0.580104981069612,0.5872356123322838,0.5892757304172627,0.5710083200767244,-0.6383910126633645,-0.8698714244144533,0.6353368102677657,0.6437542592768013,GOOG,Alphabet Inc,,,
2024-02-14,0.6060347970527321,0.6098850107215276,0.5791575846309965,0.6065653943957595,0.621197636930758,-0.7807414577626706,0.2197274598099486,0.6330410387750665,0.6457545463154019,GOOG,Alphabet Inc,,,
2024-02-15,0.482671800774437,0.4861246532625679,0.4610594258322613,0.4637778954677656,0.5088501742809167,0.183693100832043,-1.1731333638979695,0.6001068022362842,0.6360181398895017,GOOG,Alphabet Inc,,,
2024-02-16,0.398630903923889,0.4018125224669447,0.4502883309101118,0.4497904784583812,0.4991982919468107,-0.2815717695698862,-0.8326196908475642,0.5541427084631418,0.619295133832916,GOOG,Alphabet Inc,,,
2024-02-20,0.4155927162461404,0.4188296822680394,0.4060112065413062,0.4218156444396126,0.3729515060675448,-0.5917515414802933,0.1084935493569073,0.5239611924990504,0.6056811366496087,GOOG,Alphabet Inc,,,
2024-02-21,0.4788173549281012,0.4822569023492521,0.4310541489804663,0.46494346414663,0.4385841881186355,-0.8009445544976902,0.54321229884161,0.5173216936802417,0.599226739104207,GOOG,Alphabet Inc,,,
2024-02-22,0.5358723927524588,0.5394965471594676,0.5164539637065443,0.5465362359821965,0.5729382252602285,-0.1705409118735417,0.4790524268160865,0.5267777201919104,0.5987031901303,GOOG,Alphabet Inc,,,
2024-02-23,0.53471570364092,0.5383357497767254,0.507029402394826,0.5768422073586941,0.528539802165,-0.9849172088420816,-0.062216497667619,0.5335770830109489,0.5981188947243722,GOOG,Alphabet Inc,,,
2024-02-26,0.2825941976147357,0.2854005376617246,0.4256686015193915,0.3417767665548619,0.4698561926244752,0.8337061946947318,-2.372938647141614,0.4748866557180775,0.5739726455689654,GOOG,Alphabet Inc,,,
2024-02-27,0.3346375082184888,0.3376122243118163,0.2967999347791564,0.3324516242609355,0.3138820333111484,-0.2338024569580319,0.45019835031459,0.4440364551104489,0.5568961695017393,GOOG,Alphabet Inc,,,
2024-02-28,0.2317069838597914,0.2343490582584406,0.2502529562379284,0.2601834018562849,0.3019137934735205,0.5575365647761681,-1.0343937688233276,0.3948560721453838,0.5317310676112526,GOOG,Alphabet Inc,,,
2024-02-29,0.3223012678169323,0.3252358934979532,0.2760266895859754,0.2963178094901155,0.2729581464712028,1.0225237622845829,0.830270645630274,0.3808922916240033,0.5173392556233553,GOOG,Alphabet Inc,,,
2024-03-01,0.256764435437354,0.2594882589231247,0.2779502251750699,0.3120535795177966,0.3216034213576039,0.3586461736008949,-0.6787752378558636,0.3538378036492968,0.4981172540120125,GOOG,Alphabet Inc,,,
2024-03-04,0.1071872984699576,0.1094284935526731,0.1483120268030671,0.1133158196892547,0.2030780235247933,1.796800263458686,-1.5006897654062643,0.2957020185655484,0.4666324989117728,GOOG,Alphabet Inc,,,
2024-03-05,0.0909972044847952,0.0931850019614285,0.0479095736510915,0.0624173445021372,0.0563698833297008,0.3486978240711862,-0.2129551318036346,0.2480038799467875,0.4364935420165222,GOOG,Alphabet Inc,,,
2024-03-06,0.0439644365761867,0.0460012734714604,0.075606842588233,0.0779586554623373,0.1142811773343362,-0.1561306461928761,-0.5218735766638862,0.2003303871844297,0.404689145445549,GOOG,Alphabet Inc,,,
2024-03-07,0.1472805239720638,0.149650978561794,0.1171527459939453,0.1055451642091547,0.1007683064249294,-0.066882748246375,0.9910505064508696,0.1907155524769099,0.3854532043233112,GOOG,Alphabet Inc,,,
2024-03-08,0.1877587202486195,0.1902594124719383,0.2389048593371155,0.1886924228585475,0.1449740924642953,0.1617569422443985,0.3488241079693496,0.1937459252111786,0.3717573931406927,GOOG,Alphabet Inc,,,
2024-03-11,0.2899181185329578,0.292748910315464,0.2771806935433022,0.2768908743583601,0.2235405560489124,-0.2172952821849638,0.9511626448513036,0.2218663325614154,0.3688754605782205,GOOG,Alphabet Inc,,,
2024-03-12,0.3161322592220592,0.3190477280910216,0.2887213200972194,0.321184262744242,0.269097157895902,-0.5540167527444108,0.2008250751046923,0.2495891492575529,0.3687108808776353,GOOG,Alphabet Inc,,,
2024-03-13,0.3604666781331406,0.3635245030504161,0.3621960359438212,0.3911207549281531,0.3389766917381652,-0.4949107261352753,0.3732109420758062,0.2815984339436189,0.3727138657729189,GOOG,Alphabet Inc,,,
2024-03-14,0.4980919532107002,0.5015944766439625,0.4599054218749345,0.4484304507120358,0.4254577695292467,1.0831234775622791,1.2562823375116063,0.340426343408853,0.3892436747419119,GOOG,Alphabet Inc,,,
2024-03-15,0.4144378039227915,0.4176694750212315,0.444902783449037,0.4346374927701324,0.4683121506568427,1.554363102638451,-0.8268708780725627,0.363381711193642,0.3964352711972405,GOOG,Alphabet Inc,,,
2024-03-18,0.6576919523565756,0.6617095681987272,0.775345888124991,0.7070029098866597,0.6984126956036051,2.1898701815468486,2.237308372109492,0.4421446321265862,0.4257575927296649,GOOG,Alphabet Inc,,,
2024-03-19,0.6361039758508993,0.640051579410401,0.6480156976676417,0.6630978467727291,0.6833557827265657,-0.6757428043047443,-0.2460662455549662,0.4957547900516812,0.4503922013742435,GOOG,Alphabet Inc,,,
2024-03-20,0.7039530019280951,0.7081196284788452,0.6534012451287163,0.6885470843662878,0.6760202578959819,-0.6775045909394569,0.5620335648711697,0.5531290755085861,0.4791424089473123,GOOG,Alphabet Inc,,,
2024-03-21,0.6677159990605146,0.6717654845189746,0.712834796853643,0.7019517170362399,0.7350903197565246,-0.475100201422121,-0.3754297092011335,0.5869913667403068,0.5018848065090877,GOOG,Alphabet Inc,,,
2024-03-22,0.7845244237067569,0.7889511375340448,0.7611127813308611,0.7827678383279038,0.7320016467171131,-0.531688022134901,0.9989809414950154,0.6419421030499766,0.533500625743091,GOOG,Alphabet Inc,,,
2024-03-25,0.7606224767152732,0.7649721441161685,0.7186435573631575,0.7326466065476994,0.7594126626476518,-0.9279176662527112,-0.262245858960176,0.6771076585281808,0.560003493237081,GOOG,Alphabet Inc,,,
2024-03-26,0.78182489018377,0.7862435938675368,0.7857325107215815,0.8192905712336856,0.7706091760535366,-0.525962215572085,0.1360808256050235,0.7088463055565423,0.5860829425036037,GOOG,Alphabet Inc,,,
2024-03-27,0.7910778108133498,0.7955258419779342,0.766113856466377,0.7843223251417301,0.8055489429746683,-0.7835947861167161,0.0300263356388445,0.7349913974955171,0.6106582116176111,GOOG,Alphabet Inc,,,
2024-03-28,0.8034128666894464,0.807901582655863,0.7653443248346092,0.830946850885341,0.7999506862717259,-0.3542933428885941,0.0570336868579708,0.7577211425566573,0.634154733779894,GOOG,Alphabet Inc,,,
2024-04-01,0.9668690884698476,0.9718844251239436,0.9319124107830172,0.843379781080899,0.7933874769770315,-0.0321736365570641,1.384535456199683,0.8161249555317827,0.6708254072240104,GOOG,Alphabet Inc,,,
2024-04-02,0.9425809861784544,0.9475188926691094,0.8930595745981672,0.9137057842627824,0.9061213919468908,-0.6901339201306848,-0.2591792245212017,0.8537826163041667,0.7018874273215526,GOOG,Alphabet Inc,,,
2024-04-03,0.9618567689865132,0.9668564669638198,0.9146017644424662,0.9398154712501636,0.9126846012415852,-0.7219131040470497,0.1138634397921878,0.886902880228655,0.7319311020667463,GOOG,Alphabet Inc,,,
2024-04-04,0.7910778108133498,0.7955258419779342,0.9003680706676868,0.8523165981028741,0.918861947320408,-0.0594621795403844,-1.512571919421234,0.8685338284996011,0.743247447584106,GOOG,Alphabet Inc,,,
2024-04-05,0.8681797575201254,0.8728761391567758,0.8488206039715928,0.8212719194151531,0.7875959941140801,-0.814684575262976,0.6272650973710012,0.8742648133835978,0.7607568220950505,GOOG,Alphabet Inc,,,
2024-04-08,0.9529905959195728,0.9579613480263146,0.91864077829311,0.9342982880734024,0.8777448343204535,-0.7817276752810152,0.6854356818860581,0.9000212734254466,0.7846182796874949,GOOG,Alphabet Inc,,,
2024-04-09,1.0300925426263483,1.035311645205156,1.0430859588571424,1.037260807126502,1.0065012038632504,-0.3144712199876716,0.6090052162508642,0.9388463921376186,0.8135323015394278,GOOG,Alphabet Inc,,,
2024-04-10,1.0115884781553786,1.0167477391202957,0.9765358537351508,1.0201650093524754,1.0269631472832232,-0.8106726806980598,-0.2080979395516452,0.9632834673863646,0.8380845846304945,GOOG,Alphabet Inc,,,
2024-04-11,1.1322519409106866,1.1378005529127475,1.0904018820494883,1.087382038906706,1.044722280879656,-0.6668093970754678,0.972253278861652,1.0121406654078418,0.8717068381820635,GOOG,Alphabet Inc,,,
2024-04-12,1.0705707389029042,1.0759206692512349,1.1127136035255552,1.113414653702708,1.0858393938796107,-0.7483782032771891,-0.5647418777166126,1.0331774348893243,0.8964951263720868,GOOG,Alphabet Inc,,,
2024-04-15,0.9603151091005248,0.965309720680054,1.07924631480178,1.0182221972666978,1.1196209820489813,-0.3509133935296074,-0.978089484258544,1.0210589345979133,0.9087027918628592,GOOG,Alphabet Inc,,,
2024-04-16,0.9475944901872484,0.9525468508292332,0.9407599701160724,0.9754832956946422,0.9404820694921416,-0.8993365080754442,-0.1604205933347588,1.0087515809175396,0.9186091872283734,GOOG,Alphabet Inc,,,
2024-04-17,0.9815181148317516,0.9865811704314223,0.996577721038795,1.0176394129272657,1.0003238577844276,-0.8203816570437042,0.2393340758319108,1.0081041743887895,0.9307924723878354,GOOG,Alphabet Inc,,,
2024-04-18,1.0038778096745171,1.0090128274295984,0.9890379545932904,1.0205539274874371,0.9900928860744412,-1.033107818257889,0.1390952606749269,1.0132759068266577,0.94396251679989,GOOG,Alphabet Inc,,,
2024-04-19,0.9367999096716804,0.94171785643507,0.9699963023167492,0.9311899073087604,1.0219439799561614,-0.3184543897705001,-0.6214434129876609,1.0001831438517834,0.9496524035041316,GOOG,Alphabet Inc,,,
2024-04-22,1.0227680294453965,1.0279632725514167,1.015965691898664,0.9991841802699044,0.9547666668332916,-0.7240483128489025,0.6869529621605197,1.0121145999141987,0.962877269449222,GOOG,Alphabet Inc,,,
2024-04-23,1.0987121025151734,1.1041533624834503,1.065782152658768,1.0887420666530516,1.054374163213762,-0.8321013681354882,0.5916289711421595,1.040278008877069,0.9820132097884544,GOOG,Alphabet Inc,,,
2024-04-24,1.1442032105377935,1.149790344689653,1.1007885046460788,1.121962552589721,1.0736779278819737,-0.5093975912348415,0.3289657853792629,1.0729103948278989,1.0036704637859457,GOOG,Alphabet Inc,,,
2024-04-25,1.0227680294453965,1.0279632725514167,0.9811518695644578,0.886818853868488,0.8524569497334278,1.0907738445249713,-1.0599368473737412,1.066660038146285,1.0119845969781442,GOOG,Alphabet Inc,,,
2024-04-26,1.6295565950820128,1.6367103237978362,1.6789679664927708,1.6107437187852385,1.7261455271300197,3.034771346947257,5.087541635037559,1.2154974994538223,1.076378017189369,GOOG,Alphabet Inc,,,
2024-04-29,1.4063469864797271,1.4127808829889668,1.48508767091343,1.4421180641287237,1.524614176865557,1.0636576502341772,-1.7706967493090762,1.2706507239951037,1.1140104641561426,GOOG,Alphabet Inc,,,
2024-04-30,1.2806717965038144,1.2867001110363911,1.4270000658182849,1.3426522511122176,1.393734675979247,0.441881017163703,-1.052879879137985,1.2802182200523942,1.1364503577547505,GOOG,Alphabet Inc,,,
2024-05-01,1.3165238285969452,1.3226683060952384,1.3862236940443402,1.3581935620724177,1.3474051694922216,0.039963866192527,0.2397368089316362,1.2964648624514223,1.1602083573470432,GOOG,Alphabet Inc,,,
2024-05-02,1.4279355552481334,1.434439461913227,1.3754525991221906,1.3888884515838773,1.366323070944562,-0.7434662655401914,0.8485908702272951,1.3368384288679245,1.1922419670680215,GOOG,Alphabet Inc,,,
2024-05-03,1.4483668426422711,1.4549372434547454,1.4262311211671668,1.36130194283706,1.4771264916267706,-0.1952059247595182,0.1106755304267131,1.3722879793902003,1.2232771359514345,GOOG,Alphabet Inc,,,
2024-05-06,1.4807499919262457,1.4874242266372346,1.4281540697756114,1.474366847590999,1.4647723885732713,-0.9247387903683384,0.2047783954615668,1.407068491143842,1.2545241077355267,GOOG,Alphabet Inc,,,
2024-05-07,1.602184580755913,1.6092507086395362,1.5654864105039925,1.5563485375615274,1.4995189293343938,-0.3545997405641963,0.9049605069511696,1.4638783712538008,1.2943046697793097,GOOG,Alphabet Inc,,,
2024-05-08,1.5320227687183696,1.5388622450774765,1.5054371160775215,1.576630381154586,1.5238418613296676,-0.9800818705239844,-0.5941628445063651,1.4887339500437655,1.3238970801745529,GOOG,Alphabet Inc,,,
2024-05-09,1.5482146394917218,1.5551057366687209,1.5258640426873746,1.5536284820688364,1.5392846374225784,-1.232113108561513,0.0749821565414057,1.51147238349221,1.3523158901252714,GOOG,Alphabet Inc,,,
2024-05-10,1.4984829303228564,1.505214464512245,1.4835486076498945,1.475144090997912,1.482917974489722,-0.5807499499407021,-0.4393053357422882,1.515943453295924,1.373493029532974,GOOG,Alphabet Inc,,,
2024-05-13,1.5219993142771606,1.528806328757229,1.468545969223997,1.3916079142135576,1.334549149706016,-0.4938000345612173,0.1331673859815417,1.525246700047853,1.394947646873075,GOOG,Alphabet Inc,,,
2024-05-14,1.5617057922166273,1.5686416845934577,1.5389431455241775,1.5726670919286403,1.5562720445872682,-0.5818031919505846,0.2592374301885825,1.5422703793168913,1.4181709691376638,GOOG,Alphabet Inc,,,
2024-05-15,1.6368805160002349,1.6440586964515755,1.5876443430498357,1.6352218467674136,1.5836836496219533,-0.3684067858210201,0.5333432228819648,1.574058300524943,1.4463243537833506,GOOG,Alphabet Inc,,,
2024-05-16,1.6966339028221196,1.7040047046564304,1.6758904269463497,1.7137068307013483,1.6724810849165568,-0.7237227653185752,0.4081404469027574,1.6130176086910837,1.477515167026271,GOOG,Alphabet Inc,,,
2024-05-17,1.7683379670083812,1.7759405046381904,1.7203213402453787,1.7498406454721684,1.7091581199653298,-0.7908334312028178,0.4952082116393232,1.6603791305278108,1.5125866444342255,GOOG,Alphabet Inc,,,
2024-05-20,1.813442919731092,1.8211909478074348,1.814761243957616,1.8370679873605973,1.7771071595199426,-0.6999960953141303,0.2887691784756225,1.707312398929121,1.54869458090673,GOOG,Alphabet Inc,,,
2024-05-21,1.8550772128564563,1.8629595889643875,1.8097607558027504,1.84037023432971,1.8191892251116493,-0.9670503943835288,0.2605218136831805,1.75304635620972,1.585419672038065,GOOG,Alphabet Inc,,,
2024-05-22,1.7957093890717513,1.8034001197964904,1.7725232903658976,1.81977773051909,1.8191892251116493,-0.8250159218871874,-0.4939126624837376,1.7723260092649709,1.6132454052508052,GOOG,Alphabet Inc,,,
2024-05-23,1.6823704394973953,1.6896950885218436,1.8132227676747303,1.732744847698142,1.833860274772817,-0.9457557559291764,-0.9033525035309335,1.7581095525146635,1.6279255838989353,GOOG,Alphabet Inc,,,
2024-05-24,1.7313292458037115,1.7388126924684697,1.7129741034529784,1.7583885443591816,1.7466074705499923,-1.2832527956049915,0.322554078108768,1.7598344109747213,1.6458569489316237,GOOG,Alphabet Inc,,,
2024-05-28,1.7964805151461103,1.80417378800634,1.7593667060833331,1.7770382360840238,1.7164936447959138,-0.8761556089306659,0.4427043774306884,1.777612155048531,1.6682606121071375,GOOG,Alphabet Inc,,,
2024-05-29,1.7725785681546269,1.7801947945884642,1.7485956111611836,1.7995735519804217,1.7578033948517309,-0.936621275225286,-0.2311803881242605,1.78489796634984,1.6863887922752294,GOOG,Alphabet Inc,,,
2024-05-30,1.6245436833359486,1.6316823656377124,1.689354589089361,1.6818463725110244,1.7531706798446869,-0.5725346622636183,-1.1678680738956315,1.7529076151427214,1.6890032036079436,GOOG,Alphabet Inc,,,
2024-05-31,1.6399656125604014,1.647152779155041,1.6020312387741888,1.5940368391461737,1.6261515784295315,0.3139982873092379,0.067297796808488,1.7328167960835592,1.692824442952363,GOOG,Alphabet Inc,,,
2024-06-03,1.6576979586942822,1.6649430170300517,1.657425776648472,1.6515404011345267,1.6446836166660002,-0.3890311793599926,0.0847913258777163,1.7222351910147546,1.69795920488488,GOOG,Alphabet Inc,,,
2024-06-04,1.6850693807576522,1.6924026321883516,1.631652043300425,1.681458047239073,1.6666896020536055,-1.0282724799397918,0.1583597850588341,1.7212243053113343,1.7051909265384817,GOOG,Alphabet Inc,,,
2024-06-05,1.7598573569786204,1.7674325148735774,1.738594047870802,1.761885250395775,1.747186559925873,-0.9165043528365296,0.5197013376549029,1.7393884507351205,1.7187702675667162,GOOG,Alphabet Inc,,,
2024-06-06,1.8092023185848465,1.8169366578571613,1.7670608484397112,1.8364852030211647,1.7817398745269866,-1.0101567173698125,0.3212245877755221,1.7654964630306609,1.7357370405324155,GOOG,Alphabet Inc,,,
2024-06-07,1.7166808117045376,1.7241159471609908,1.7943730580706438,1.7813121855275305,1.8215061717193173,-0.9660641768651842,-0.7455372109056885,1.7616683536253812,1.7424953120441309,GOOG,Alphabet Inc,,,
2024-06-10,1.7506435256892157,1.7504153550724828,1.7578282298004475,1.726528679031868,1.7439046607264526,-0.7378457831783637,0.2066474354304052,1.7673902704034503,1.7518203277476116,GOOG,Alphabet Inc,,,
2024-06-11,1.8108517702876807,1.8107484924502293,1.7547506902540262,1.767713686653108,1.7929363879328717,-0.9961198738562868,0.403909738672105,1.7869151600528903,1.7659370464054365,GOOG,Alphabet Inc,,,
2024-06-12,1.863724840976056,1.863733257174237,1.896699046811714,1.858631600782601,1.87130962535748,-0.5941644231756605,0.3449169693483372,1.8149363870125503,1.7837228063745492,GOOG,Alphabet Inc,,,
2024-06-13,1.7548888649373002,1.7546696450227564,1.7593667060833331,1.815115455803632,1.7975691029399157,-0.8472776280051593,-0.8614832438061982,1.8084154202978304,1.78969750961187,GOOG,Alphabet Inc,,,
2024-06-14,1.8177978275842124,1.817709735931077,1.767829793090829,1.7837215808026603,1.7208176692302606,-1.191524991471585,0.4240446130356748,1.8194414633620328,1.8010214536053992,GOOG,Alphabet Inc,,,
2024-06-17,1.833621903202283,1.833566688485364,1.8136072400002887,1.8085103690023965,1.7643666041464254,-0.9127701311651278,0.0669735023265317,1.8317146881614768,1.8127981171326464,GOOG,Alphabet Inc,,,
2024-06-18,1.743696876129954,1.7434535214557012,1.7747544038154397,1.774707098726295,1.8342461379886883,-0.8775918480350512,-0.7236749056900781,1.818167430567156,1.815081307757442,GOOG,Alphabet Inc,,,
2024-06-20,1.792325792095704,1.7921845863653694,1.7682148523970378,1.807344800323532,1.7539429953805763,-0.7710324814170262,0.31668679650656,1.820310721940007,1.821711784354476,GOOG,Alphabet Inc,,,
2024-06-21,1.890742089926932,1.890805743159647,1.913317055985609,1.869510637027343,1.8226643504710789,3.2647994019056026,0.6884308607855744,1.8468187662215647,1.8369576960813303,GOOG,Alphabet Inc,,,
2024-06-24,1.9111970678302663,1.9113035247011632,1.896699046811714,1.9538234643555992,1.930379098113876,-0.6326652061005485,0.1000581241665973,1.8718751691429336,1.8527335403156644,GOOG,Alphabet Inc,,,
2024-06-25,2.096065956348286,2.096557816920612,2.037877871737634,1.9878206008361712,1.9251672937309503,-0.5753401159808509,1.314793134160137,1.9374416526856144,1.884391042471088,GOOG,Alphabet Inc,,,
2024-06-26,2.087960248626568,2.0884357760570222,2.0448018954815947,2.099914395978729,2.043113013083735,-1.0944256530877778,-0.1099314440244071,1.9845656681395147,1.9124113652139023,GOOG,Alphabet Inc,,,
2024-06-27,2.1454665906511257,2.146061959904197,2.1051975084913934,2.156640714560168,2.098901175744856,-1.1279378988567674,0.3629581073145204,2.0344585160614583,1.943270742653444,GOOG,Alphabet Inc,,,
2024-06-28,2.0127008312725803,2.0130193543348387,2.0698066841785234,2.074076240250207,2.10179662262426,-0.1698036424666239,-1.0009616058043391,2.0382867253640486,1.9588891590231776,GOOG,Alphabet Inc,,,
2024-07-01,2.05399694237916,2.0544020465907686,2.02210570167997,2.050958140014376,2.053923074169601,-1.2437753700891214,0.2492735370053531,2.0516063239663027,1.9769557377302387,GOOG,Alphabet Inc,,,
2024-07-02,2.1358168539924978,2.1363931727568417,2.0840397909726533,2.063779988344895,2.014929681617307,-1.1729592073155646,0.5410324569959184,2.0822975017587977,2.001043598121792,GOOG,Alphabet Inc,,,
2024-07-03,2.165920976291729,2.166559741445714,2.1098135243207,2.15411511813496,2.124189060331883,-1.6657232691027908,0.1639909478550121,2.112932611136113,2.025761368850533,GOOG,Alphabet Inc,,,
2024-07-05,2.342299186313581,2.343305453764616,2.288306709148587,2.22929785509978,2.163568905204196,-1.0055990519452296,1.2061248678481138,2.180534874812748,2.064752611964031,GOOG,Alphabet Inc,,,
2024-07-08,2.2851784073262023,2.286065808954399,2.2659568339302867,2.307005595626802,2.319736290677533,-1.2168027997087658,-0.4491807943908552,2.216784288593608,2.0948489537794988,GOOG,Alphabet Inc,,,
2024-07-09,2.283634970652022,2.2845190626706344,2.31138796225642,2.3423621669907075,2.334599977394562,-1.3986402452513045,-0.0623958487982279,2.24358083980962,2.122064697847361,GOOG,Alphabet Inc,,,
2024-07-10,2.369315250738996,2.370377939750021,2.328698608596968,2.3575151526789577,2.295992448058138,-1.221082792239834,0.5496036670779819,2.28535645441154,2.154831564401521,GOOG,Alphabet Inc,,,
2024-07-11,2.1624479476434644,2.1630791197052903,2.294077315915866,2.209870919968025,2.3187707489816347,-0.7998721626330825,-1.4863197233242451,2.2643481051814907,2.165243308170421,GOOG,Alphabet Inc,,,
2024-07-12,2.1423785327773093,2.14296787720073,2.1509749554008537,2.183449979900072,2.148125540007139,-0.9916483827779672,-0.1947456436792812,2.2435140259036563,2.172828719226962,GOOG,Alphabet Inc,,,
2024-07-15,2.196796816928052,2.1974999783444376,2.197521346961433,2.197049071637506,2.131524585162468,-1.2083385639202553,0.3377370417964409,2.241656984837518,2.1848216599283896,GOOG,Alphabet Inc,,,
2024-07-16,2.0929773062117407,2.093463734217146,2.214447520976425,2.143818866229648,2.226885229751765,-1.1533689059317496,-0.7887235165583524,2.213996546667262,2.186000033257518,GOOG,Alphabet Inc,,,
2024-07-17,1.9818255828989908,1.9820791174361152,2.01787415817622,2.00783032030736,2.061644462216057,-0.711342384238774,-0.8522294978179195,2.165128417575648,2.176660206791911,GOOG,Alphabet Inc,,,
2024-07-18,1.8506032601946216,1.8505838482864585,1.9724817705729687,1.875339073284676,2.0176319023367006,-0.663410297861756,-1.0117110419829602,2.095276403237703,2.155878459012256,GOOG,Alphabet Inc,,,
2024-07-19,1.857164346716704,1.857158552730348,1.8924675033079656,1.900593851810754,1.895246105032736,-0.988124809508542,-0.0026510083659844,2.044547430867705,2.1376005080793883,GOOG,Alphabet Inc,,,
2024-07-22,2.0099995209614026,2.010312400804264,1.982098861537792,2.018709356552104,1.9716894372738385,-0.8140526300570465,1.086848385768029,2.045169945584372,2.135299562721821,GOOG,Alphabet Inc,,,
2024-07-23,2.019648073094572,2.019981187951619,2.017489685850662,2.074270699317688,2.0292142789584577,-0.0989300301288918,0.0187478814761804,2.048078038094605,2.134111530085072,GOOG,Alphabet Inc,,,
2024-07-24,1.663419216665334,1.663009141573394,1.7378245162390342,1.695057138976506,1.702980773886507,0.6170926129713443,-2.6441517906652168,1.960128673595817,2.0996651682352527,GOOG,Alphabet Inc,,,
2024-07-25,1.4623412817547934,1.4615119478986347,1.632036515625984,1.519437479383794,1.65896821400715,0.3985161711386302,-1.592449205621102,1.843291373863884,2.049516240803348,GOOG,Alphabet Inc,,,
2024-07-26,1.4438164880882762,1.4429474516778402,1.425846061860958,1.3956879974525938,1.44739911819271,0.0329645942904894,-0.197898209392096,1.7509763905292854,2.00219117384536,GOOG,Alphabet Inc,,,
2024-07-29,1.538373601971329,1.5377020378306685,1.515092947765225,1.5454695013167852,1.5141899789955615,-1.0567770386981583,0.6974746151127494,1.7056643061311665,1.968025119273052,GOOG,Alphabet Inc,,,
2024-07-30,1.5665481322964738,1.565934731062884,1.545482696942579,1.5610108122769852,1.5655380637055023,-1.0651551001404058,0.1684232974932193,1.678808757540975,1.939604049410075,GOOG,Alphabet Inc,,,
2024-07-31,1.6163343296364925,1.6158254130834258,1.6593493122375664,1.6231772418438069,1.6848351879700565,-0.8766439302261568,0.3355199444729075,1.6712636375816443,1.9184299591951488,GOOG,Alphabet Inc,,,
2024-08-01,1.5893176729483458,1.588752927098018,1.6505011659238615,1.576163797965234,1.5713289574643077,-0.7303773398355602,-0.2600587408394855,1.6587692396684766,1.8966502592666548,GOOG,Alphabet Inc,,,
2024-08-02,1.4330106545808396,1.4321184572836771,1.4400797556357374,1.4160860421957326,1.4250066804850867,-0.5647310964631249,-1.2627009963109412,1.609850776495274,1.862209966583129,GOOG,Alphabet Inc,,,
2024-08-05,1.1335158295763414,1.131999516678708,1.275819677601983,1.0357069131756862,1.0072729302949937,0.9672572815478374,-2.427990227438825,1.4973859271556014,1.8028482953710263,GOOG,Alphabet Inc,,,
2024-08-06,1.1296554611027063,1.1281317657653924,1.137718392222484,1.0951532872498169,1.1452953189560249,1.0858619067879736,-0.0836794776706598,1.4120605678017408,1.7485215566163297,GOOG,Alphabet Inc,,,
2024-08-07,1.137761761087156,1.1362538066289818,1.2315807069754083,1.1771349772203452,1.233899528090619,-0.5239036061891328,0.0159021285905354,1.350117545339462,1.6998928924396344,GOOG,Alphabet Inc,,,
2024-08-08,1.257018599858898,1.255759874137668,1.2588935035869908,1.246683144132305,1.1993067435116989,-0.8686584408057747,0.939739271990759,1.3338337763097787,1.6668552600586588,GOOG,Alphabet Inc,,,
2024-08-09,1.3168400968947238,1.3157064724784568,1.2596630352187586,1.2039436496972389,1.172320471670692,-1.0778131541137213,0.4363120396038358,1.3367565495484848,1.6424242555776936,GOOG,Alphabet Inc,,,
2024-08-12,1.2612639391069829,1.2600141640879414,1.30505542282201,1.3057411929344844,1.3402628708216466,-1.1844969947874595,-0.5005782102881051,1.324887154320549,1.6150086862934996,GOOG,Alphabet Inc,,,
2024-08-13,1.337681230097968,1.336590793056933,1.2989003437291675,1.3531429620850086,1.308990866315807,-1.1574382500608411,0.571242694053771,1.3353196549716748,1.5972431005885668,GOOG,Alphabet Inc,,,
2024-08-14,1.1871623953899948,1.1857579496125656,1.2381208453744597,1.1495484684735278,1.271348878675282,-0.2192581422942903,-1.2636792269872257,1.305060849845322,1.5669941554165352,GOOG,Alphabet Inc,,,
2024-08-15,1.2311604090704802,1.229847595399068,1.1827263075001766,1.2257023150497337,1.1941338200024347,-0.6140706971624404,0.3112703213751363,1.2934988033602408,1.5436162076123912,GOOG,Alphabet Inc,,,
2024-08-16,1.291753624443395,1.290567861949707,1.314672513786833,1.2874798264815934,1.240462737385314,-0.7614671289818202,0.444635011056147,1.3001581230672148,1.5280390179016476,GOOG,Alphabet Inc,,,
2024-08-19,1.4330106545808396,1.4321184572836771,1.3731445912075373,1.4044297625440774,1.379063626318079,-1.1207471284074786,1.0941746138923054,1.340892439044327,1.5271088380694868,GOOG,Alphabet Inc,,,
2024-08-20,1.4546235061211727,1.4537770362079374,1.4477733110114657,1.5042844936955453,1.446240939440949,-1.1665440059826435,0.1199242754515513,1.3769115025020913,1.528287597265276,GOOG,Alphabet Inc,,,
2024-08-21,1.4032926875815166,1.4023390177676958,1.3796841426259387,1.4230800471319305,1.3786777631022078,-0.9130861037680926,-0.457516790903185,1.3909384497924528,1.5245512728874615,GOOG,Alphabet Inc,,,
2024-08-22,1.320700465368359,1.3195742233917729,1.409689419477734,1.3632447549228377,1.4578227269585589,-0.5440492533599769,-0.7099290059716127,1.380561777009596,1.5134185776203006,GOOG,Alphabet Inc,,,
2024-08-23,1.395573727422436,1.394603515941064,1.353140877646124,1.3877228829050128,1.361690355937518,-1.0076863861102696,0.5529799743515292,1.3917231605248914,1.5103109825101038,GOOG,Alphabet Inc,,,
2024-08-26,1.4148702394260422,1.4139410902357743,1.408150943194848,1.4133665795660524,1.4236552755733167,-1.2270766967688018,0.1024317225824036,1.4049764612568267,1.509293312312007,GOOG,Alphabet Inc,,,
2024-08-27,1.3550493346529464,1.3539950820309197,1.3644889745469369,1.407149818036768,1.4026142427774635,-1.0616315268709806,-0.527562138918936,1.3997809866448172,1.502765006286545,GOOG,Alphabet Inc,,,
2024-08-28,1.2824912276101366,1.2812856138393096,1.3315986878018249,1.2952504819616937,1.3705699227357344,-0.9189172345318968,-0.6342902247702253,1.3775262562628237,1.4900339956863873,GOOG,Alphabet Inc,,,
2024-08-29,1.2400372428665591,1.2387427143365732,1.3408313064410886,1.2448179971009177,1.3427724544851776,-0.7345903078750904,-0.3964175580128518,1.3500938100862854,1.4744838785729266,GOOG,Alphabet Inc,,,
2024-08-30,1.3060336711245573,1.3048774780842938,1.2504304165794948,1.3003016748121132,1.2717347418911535,-0.6038925493760301,0.4881217015965648,1.3462174116434,1.4665289928872416,GOOG,Alphabet Inc,,,
2024-09-03,1.0551689466112686,1.053489012253059,1.177340760039102,1.084468117209545,1.2367949749700218,0.165385839714812,-2.081785953415385,1.2798381451200724,1.4357999241058592,GOOG,Alphabet Inc,,,
2024-09-04,1.024293105974947,1.0225487753543352,1.0627046131123468,1.0683440219099127,1.0344913091696697,-0.7080773340081381,-0.311683136014652,1.222241714634815,1.4049724078678072,GOOG,Alphabet Inc,,,
2024-09-05,1.054782791311359,1.0531024732161007,1.0863628681988446,1.0714524026745549,1.0231021587079223,-1.0212923578924795,0.2065947763984382,1.1867586701587218,1.379803222864366,GOOG,Alphabet Inc,,,
2024-09-06,0.8050765326977989,0.8028742146316736,1.0173122255090954,0.8544532763931221,1.058235151789063,0.018506453973011,-2.15535948662057,1.0969675257252252,1.3335332992837683,GOOG,Alphabet Inc,,,
2024-09-09,0.7127125677036494,0.7027051312817637,0.8411270485958645,0.7093340472443886,0.8628811476034232,0.3113651822845316,-0.8628359452094809,1.006254908875171,1.2828184210742133,GOOG,Alphabet Inc,,,
2024-09-10,0.7308766733676436,0.7208824983296662,0.7511112180404794,0.7615148851234613,0.7787164273158637,-0.4216816816663513,0.1105233801573951,0.9428161961186908,1.2384153352671792,GOOG,Alphabet Inc,,,
2024-09-11,0.8135778719231069,0.8036472927055893,0.7580352417844399,0.7287609823761441,0.7648176931905853,-0.5567168822606551,0.6841242636123979,0.916161617203344,1.2057951376832254,GOOG,Alphabet Inc,,,
2024-09-12,0.944586387781972,0.9347560228182884,0.8784414084978287,0.9152596782135984,0.9084377494504128,-0.3662428522370796,1.097464471218508,0.9293175046833476,1.1884113827421678,GOOG,Alphabet Inc,,,
2024-09-13,1.0539524389640076,1.0442067641426611,1.0194277037706443,1.016668303315882,0.9683567103858728,-0.7728804423980019,0.8867392378320327,0.9668554229845582,1.1828517883421985,GOOG,Alphabet Inc,,,
2024-09-16,1.0779130199657538,1.0681857575605376,1.0180817571408631,1.0749491087111482,1.0443364176637846,-1.0195592960398543,0.1503281202903963,1.0010711936152603,1.18004188995036,GOOG,Alphabet Inc,,,
2024-09-17,1.1277649584687937,1.1180764395810792,1.108482060021807,1.14488619375807,1.1122854572183971,-1.2199433758836884,0.3668559065625508,1.0393461964224362,1.1821568405659,GOOG,Alphabet Inc,,,
2024-09-18,1.1482471804577046,1.1385742211225975,1.1100211232853423,1.1545996613239478,1.141627556540733,-0.7707165088140614,0.1189620942460811,1.0732347113383651,1.185997999255544,GOOG,Alphabet Inc,,,
2024-09-19,1.242155766651492,1.2325551390655758,1.2392748493317864,1.2657994190464994,1.2948994951346662,-0.6949118088846065,0.7277179528975719,1.1224111648698916,1.19828595064135,GOOG,Alphabet Inc,,,
2024-09-20,1.2962589670299158,1.2867001110363911,1.2300422306925227,1.2913648577901382,1.2833171185129095,2.0640556360026983,0.3907154286444702,1.1729823032067643,1.2145244155459294,GOOG,Alphabet Inc,,,
2024-09-23,1.235585796188461,1.2259804346216865,1.30159341095003,1.2824286336311737,1.314974986234621,-0.8768162789186831,-0.5433434978215829,1.1955595726376165,1.2236036771930172,GOOG,Alphabet Inc,,,
2024-09-24,1.2576138239024703,1.2480249624469704,1.2223486753167945,1.246683144132305,1.2728929206429145,-0.577532774346879,0.1286943037873815,1.2180658960409665,1.2339208163011912,GOOG,Alphabet Inc,,,
2024-09-25,1.2324941847382658,1.2228863519182207,1.209538409617558,1.2756290877624572,1.223475330220624,-1.0721926717518937,-0.2564153152557531,1.22859005022394,1.240947191645373,GOOG,Alphabet Inc,,,
2024-09-26,1.26495669722805,1.25537333510071,1.2588935035869908,1.3037983808487068,1.3030067463969932,-0.6291990823952988,0.2142136871762582,1.2446965946241146,1.250375421074214,GOOG,Alphabet Inc,,,
2024-09-27,1.3213786061941204,1.311838721565141,1.3154420454186009,1.3166202291792266,1.2597665020535256,-1.0725373691369462,0.4080093925311852,1.2710519638919693,1.26423132160269,GOOG,Alphabet Inc,,,
2024-09-30,1.3948055626617266,1.3853218579666011,1.330444683844498,1.3480917692345886,1.2933548640628871,-1.027937357482102,0.5412391384150099,1.309396445226899,1.2837051629137386,GOOG,Alphabet Inc,,,
2024-10-01,1.4423387925771196,1.432892125493527,1.4489273149687925,1.3970474323359283,1.450873654447993,-0.5913781193131531,0.327826635375741,1.3501813182827505,1.3058608758562191,GOOG,Alphabet Inc,,,
2024-10-02,1.39944297983702,1.3899626869538326,1.3889167612652025,1.4106465240733617,1.4084051365362684,-1.1548147199634973,-0.3914491143549815,1.369916786578976,1.3219845779501338,GOOG,Alphabet Inc,,,
2024-10-03,1.3955778732615456,1.3860955261764512,1.3516024013632382,1.3764549285253087,1.3335070244710896,-1.3214854805637275,-0.0823965983589499,1.3837404666519788,1.3362804620408806,GOOG,Alphabet Inc,,,
2024-10-04,1.447749112614962,1.4383066226906085,1.4146904946132497,1.438233032820179,1.4694051035803153,-1.281481434042916,0.3647959994677392,1.4073082141703828,1.3541633623362788,GOOG,Alphabet Inc,,,
2024-10-07,1.2865973851166894,1.277031323889036,1.4281540697756114,1.328276508830882,1.4616837155338598,-1.031326881768451,-1.3273768859352084,1.384210587009231,1.3553261971402082,GOOG,Alphabet Inc,,,
2024-10-08,1.337222818745008,1.3276956741194277,1.2819747566948254,1.3352699209040688,1.318449522489904,-1.2525843032626844,0.3593901987829346,1.3796962455823547,1.361125173148647,GOOG,Alphabet Inc,,,
2024-10-09,1.235199048625822,1.2255933054487942,1.2881292488070182,1.2113259799053877,1.2962503109422898,-0.4920956974906801,-0.8732129600173729,1.350497177364389,1.3568408683152964,GOOG,Alphabet Inc,,,
2024-10-10,1.2398364658011154,1.230234134436026,1.213154797400411,1.231530158444056,1.1902728314271338,-1.1399257079147034,-0.0136167430420256,1.329771201759906,1.3533804114545291,GOOG,Alphabet Inc,,,
2024-10-11,1.2916221421173522,1.2820592820491596,1.250045944253936,1.264944510585196,1.2373740643459024,-1.327067663216105,0.3719257766643172,1.3273291551652913,1.35508506968109,GOOG,Alphabet Inc,,,
2024-10-14,1.3623430501719425,1.352834874784112,1.34044624713488,1.3535312873569598,1.2983740313899492,-1.4193891128459906,0.5220642441016384,1.3433909099189458,1.363258863869064,GOOG,Alphabet Inc,,,
2024-10-15,1.3835975827606726,1.374105734399546,1.3969947889664898,1.4028758685932616,1.3844686568610127,-0.955244508945482,0.1189349949185677,1.3608148932045587,1.3726804009812974,GOOG,Alphabet Inc,,,
2024-10-16,1.3774143598602813,1.3679181591285483,1.327367144298077,1.370471755022206,1.3416142757334166,-1.4206625781852122,-0.1010069600645583,1.3723184465901137,1.380666280433017,GOOG,Alphabet Inc,,,
2024-10-17,1.2912348022919828,1.2816721528762676,1.3523713460143565,1.337601058261798,1.393734675979247,-0.9280421403084248,-0.7412832728288752,1.35914158688302,1.3798541247613392,GOOG,Alphabet Inc,,,
2024-10-18,1.312103771843533,1.302557063590678,1.2923607923107665,1.3523657186780953,1.2968294003181702,-1.1216567465069225,0.1177144744425394,1.3545390569681666,1.381070502615521,GOOG,Alphabet Inc,,,
2024-10-21,1.3410879253204824,1.3315634250327435,1.2865907725241323,1.335075461836588,1.285633476016432,-1.285129481368055,0.1827732952686266,1.358420519200723,1.384891114120833,GOOG,Alphabet Inc,,,
2024-10-22,1.3805059713104768,1.3710122418320143,1.3346762273482462,1.3492573379134531,1.2902661910234758,-1.230111948742736,0.2656914826591775,1.3713048831265648,1.3920565058850236,GOOG,Alphabet Inc,,,
2024-10-23,1.2900757441295243,1.2805119456294598,1.339677302483762,1.3089657748492067,1.3570570518263276,-1.1539242517187784,-0.7749552785413233,1.358088157820614,1.3901003114807768,GOOG,Alphabet Inc,,,
2024-10-24,1.2920082974172618,1.2824458210861176,1.2415828572464398,1.2754352215579867,1.2860193392323034,-1.1529571840551591,-0.0358894794562241,1.3486645744157344,1.3885029663833215,GOOG,Alphabet Inc,,,
2024-10-25,1.3870753495107777,1.3775869462759038,1.331983160127384,1.3710154104029375,1.3159405279305194,-0.9804169929816744,0.7194943639172664,1.36565006082139,1.395955331634147,GOOG,Alphabet Inc,,,
2024-10-28,1.439246588864194,1.4297980427900612,1.4553130774569705,1.392773482892422,1.5176645152508448,-0.377972138256226,0.3653445713686888,1.3915891630892836,1.4076168511659797,GOOG,Alphabet Inc,,,
2024-10-29,1.547454174146501,1.5380885768676262,1.5035523212113078,1.5042844936955453,1.4711423717079568,0.3935563587648197,0.8062102699950774,1.4384213858666752,1.4283535435244323,GOOG,Alphabet Inc,,,
2024-10-30,1.7406804820464588,1.73146431981473,1.9624796203019377,1.7795638325092338,1.9740057947773595,2.383436913108534,1.4551067032123273,1.5224342677576843,1.4653037089652103,GOOG,Alphabet Inc,,,
2024-10-31,1.607354442125407,1.5980351752084154,1.755904694211353,1.6558143505780334,1.6771137999236008,0.7656188862195071,-1.0616631173472115,1.5517107444299465,1.4864067264131575,GOOG,Alphabet Inc,,,
2024-11-01,1.605808044137579,1.5964878387887154,1.578950572647004,1.5683931424851338,1.5543415502996178,-0.2923148380706881,-0.0635184158768475,1.5732768435644713,1.5054464436832564,GOOG,Alphabet Inc,,,
2024-11-04,1.5296768160451464,1.5202977488566818,1.5058603291259611,1.5363388180903397,1.5427597627820078,-0.8245754752285093,-0.6400073975087929,1.5701892483969266,1.5156244126732243,GOOG,Alphabet Inc,,,
2024-11-05,1.5578880666595465,1.5485310322248316,1.512669304662579,1.570724279842863,1.526930534369079,-1.17652108029444,0.1690004526329697,1.5750113574301337,1.5275195309252356,GOOG,Alphabet Inc,,,
2024-11-06,1.825313641626929,1.816162989647312,1.764367781218849,1.7521717828298973,1.7014367319188746,0.215979755898624,2.03038839022379,1.6462900128068672,1.5633818086384204,GOOG,Alphabet Inc,,,
2024-11-07,1.977963437637161,1.9689297085483364,1.9159332287413595,1.9017594204896184,1.8466008301463344,-0.7732155648556918,1.090722549141199,1.7383713452812228,1.610281889425389,GOOG,Alphabet Inc,,,
2024-11-08,1.8844421912687457,1.8753359197782504,1.907085669408304,1.9281803605575711,1.9581765663644328,-0.9368414985546252,-0.7362306998773742,1.7837702791973382,1.6441586179185173,GOOG,Alphabet Inc,,,
2024-11-11,1.9659843316617505,1.956940506907365,1.8968915764648184,1.9444989149246843,1.8836643175151253,-1.1779477444714628,0.5534272863906138,1.838450678821693,1.6825933241886892,GOOG,Alphabet Inc,,,
2024-11-12,2.018155571015167,2.009152193557457,1.9715197092880985,1.9833527851881965,1.934240086689177,-1.0283490793586925,0.3310236912782665,1.8926609660036129,1.7224206082835631,GOOG,Alphabet Inc,,,
2024-11-13,1.9087889275704013,1.8997014522330853,1.917279762351792,1.9495495149120936,1.9639674601232384,-1.0375505845541209,-0.847691276315389,1.905647528848836,1.7483833555306358,GOOG,Alphabet Inc,,,
2024-11-14,1.7874419936247623,1.7782615092677403,1.8338034832148071,1.790637327821457,1.87130962535748,-0.6587568831635477,-0.9487507600221676,1.884685132489142,1.760619839202912,GOOG,Alphabet Inc,,,
2024-11-15,1.653729206141071,1.6444452354885335,1.6581953082802396,1.6630022217187013,1.712632656220613,-0.2965278061102183,-1.0576815486775617,1.8351322984184568,1.759219648344758,GOOG,Alphabet Inc,,,
2024-11-18,1.7661868687733029,1.756990059516372,1.6978176760968573,1.728082572982684,1.6861865928818265,-0.5881896685014177,0.8114484203200282,1.8264208925959784,1.7684801438907636,GOOG,Alphabet Inc,,,
2024-11-19,1.873620366667601,1.8645069253840871,1.823224330965112,1.755124833485759,1.696996653967693,-0.9012802183300456,0.7593222437681054,1.8470693803457443,1.7869615819362643,GOOG,Alphabet Inc,,,
2024-11-20,1.7866690907622136,1.7774878410578905,1.7824479591911675,1.7634397372096011,1.835790769060468,-0.8690222880455524,-0.6977032749050627,1.8405559668519904,1.7956185598312868,GOOG,Alphabet Inc,,,
2024-11-21,1.4740278099416249,1.4646060306021005,1.6466546817263223,1.3741237911675797,1.705490357550038,1.3437051257345811,-2.404282296819169,1.7565686841546737,1.77420485695501,GOOG,Alphabet Inc,,,
2024-11-22,1.3708455739227103,1.3613434546846592,1.3652585061787046,1.3896656949907904,1.385240972396902,-0.0295692563144454,-0.8651610632040639,1.6674718033691405,1.7450732449186248,GOOG,Alphabet Inc,,,
2024-11-25,1.4813700910044745,1.4719538131199057,1.4496968466005602,1.455328237731195,1.4172852924386312,-0.3265164786097828,0.8338868451221471,1.628613252085935,1.728942288648922,GOOG,Alphabet Inc,,,
2024-11-26,1.5273581074574998,1.517977334363066,1.4895111570896329,1.534201546937081,1.4751965864432666,-0.9448844375391828,0.3106404400608091,1.611104892008529,1.7185852706936,GOOG,Alphabet Inc,,,
2024-11-27,1.5350871360829887,1.5257128361896974,1.4758550522741662,1.543526689231007,1.5211390515061276,-1.184650193625261,0.0088818502385377,1.5999291645487923,1.709893742683467,GOOG,Alphabet Inc,,,
2024-11-29,1.5223345349822968,1.5129499663388766,1.4654684296775755,1.5077811997321386,1.497202571830872,-1.489391406793729,-0.1511929061249059,1.588320798591769,1.7007978756043558,GOOG,Alphabet Inc,,,
2024-12-02,1.618561829763731,1.6092507086395362,1.570487485639508,1.566839248534318,1.5072409064849956,-0.7863332153424106,0.7016209732586751,1.6039612542480746,1.7015420773306151,GOOG,Alphabet Inc,,,
2024-12-03,1.6201082277515586,1.6107980450592363,1.5981847545766497,1.6538715384922558,1.6153415173436645,-0.8698170070166455,-0.0396389372367151,1.616082854359976,1.702363468400701,GOOG,Alphabet Inc,,,
2024-12-04,1.7387485210214513,1.7295304443580723,1.67935243881833,1.6631966807861822,1.6022150987542756,-0.6286916112450825,0.863472893159744,1.655191558403084,1.7142226826935978,GOOG,Alphabet Inc,,,
2024-12-05,1.6699601662545984,1.660688727079778,1.72859248458042,1.712152343887522,1.777493611839961,-0.829219314999355,-0.5728656404270179,1.6671187573103812,1.71856069515699,GOOG,Alphabet Inc,,,
2024-12-06,1.7542071705351594,1.7450008578754013,1.695086455133764,1.694279895569593,1.6446836166660002,-1.0998067622655412,0.5933977791367984,1.6973797206625325,1.730395375481456,GOOG,Alphabet Inc,,,
2024-12-09,1.7855449761008206,1.7685927221203852,1.7412865281110144,1.7661591998392816,1.7155281031000154,-0.4708968083099534,0.1853795481441262,1.7280043067752824,1.744089445088346,GOOG,Alphabet Inc,,,
2024-12-10,2.1503847403604035,2.1332990900533746,2.125585694378365,2.0486270026566484,2.05604679461726,0.9107269103992328,2.694403687505482,1.8432818495008447,1.7907114759175835,GOOG,Alphabet Inc,,,
2024-12-11,2.544241232547079,2.527012409564364,2.46641542165091,2.188112254615532,2.139631836424794,1.6142063986545043,2.7629352413195125,2.0293907111051293,1.8699858815051809,GOOG,Alphabet Inc,,,
2024-12-12,2.4250779712866644,2.407892881092636,2.459298868253845,2.460866589867019,2.510264353696119,0.0375318346424346,-0.8590425233311507,2.138822535792509,1.9308920437838253,GOOG,Alphabet Inc,,,
2024-12-13,2.338027787505379,2.3208737967664392,2.368320976413589,2.3823816059330865,2.371663464763353,-0.5670865285943167,-0.6508208124186393,2.198871600050708,1.9781076885502824,GOOG,Alphabet Inc,,,
2024-12-16,2.600340358325341,2.5830912569918354,2.610671786123252,2.4931153733292954,2.435558878686804,0.7126408131224155,1.7754167329507686,2.310276816731145,2.045600624044578,GOOG,Alphabet Inc,,,
2024-12-17,2.560103212979864,2.5428687719827168,2.696841132481097,2.5933584297527137,2.5963589791671824,-0.0647571143718847,-0.3222284337437401,2.383650219429629,2.10318900825214,GOOG,Alphabet Inc,,,
2024-12-18,2.290439477156104,2.27330293910358,2.535658593993764,2.305451108812976,2.530726297116092,0.2712175118532818,-1.8750630127393144,2.370451914673193,2.130283912637845,GOOG,Alphabet Inc,,,
2024-12-19,2.273029321947304,2.2558992402655265,2.3783231266846183,2.3147762511069008,2.3936694501509588,0.2082910892264815,-0.1736133434193701,2.3561481952843977,2.153284914068932,GOOG,Alphabet Inc,,,
2024-12-20,2.399156408386145,2.3819806023540364,2.3604348913847577,2.1923862040590363,2.151600076262424,1.9641891436111083,0.8346759090032279,2.377332163647221,2.186008664276184,GOOG,Alphabet Inc,,,
2024-12-23,2.5163847473079013,2.4991662553691074,2.4510283108994546,2.3967579410774302,2.422625097153276,-0.9163128542892782,0.7582315110385099,2.42288040146056,2.226737771915529,GOOG,Alphabet Inc,,,
2024-12-24,2.5775145527141268,2.560273060956704,2.496420698502705,2.535388284575008,2.505245186369057,-1.7231058087866638,0.3641807546049213,2.472508198498172,2.269489983458018,GOOG,Alphabet Inc,,,
2024-12-26,2.559330310117315,2.5420956939088,2.5152704081067894,2.5614979715623893,2.5272517608608096,-1.617963531418299,-0.1742523173206707,2.505128201495069,2.3066523952512505,GOOG,Alphabet Inc,,,
2024-12-27,2.44094054398218,2.4237492435109886,2.4629534097789296,2.410045779734292,2.516827562990813,-0.9682951349406628,-0.8522137679255319,2.4996390863367464,2.329347376568128,GOOG,Alphabet Inc,,,
2024-12-26,196.46376037597656,197.1000061035156,198.1600036621093,195.8699951171875,196.7400054931641,7907900.0,-0.0023789430033056,193.97256057656256,187.17115490335905,GOOG,Alphabet Inc,0.9998031258583068,0.0001446728856535,5.219640661380254e-05
2024-12-27,193.4136199951172,194.0399932861328,196.8000030517578,191.9720001220703,196.47000122070312,14693000.0,-0.0155252061500923,193.83282543120123,187.7386517298825,GOOG,Alphabet Inc,6.633028533542529e-05,0.99992835521698,5.331798092811368e-06
2024-12-30,192.06797790527344,192.69000244140625,193.77999877929688,190.3600006103516,190.8650054931641,12209500.0,-0.0069573284956753,193.3916135497193,188.13222683673624,GOOG,Alphabet Inc,0.0023670296650379,0.0003849794738925,0.9972479939460754
