Date,Adj Close,Close,High,Low,Open,Volume,Daily_Return,EMA_7,EMA_21,Ticker,Company,negative,neutral,positive
2021-01-04,-1.1043907241716433,-1.0047719099491863,-0.981911303924642,-0.9964370914487574,-0.9525304719020894,0.9632339910936468,,-1.1074602435418437,-1.1145748369925093,JPM,JPMorgan Chase & Co.,,,
2021-01-05,-1.0866284731197802,-1.0116037153322692,-1.0300954041101618,-1.0279517908430036,-1.030491810350116,0.3933536723222365,0.3031231383193887,-1.102965873419342,-1.1128953044856222,JPM,JPMorgan Chase & Co.,,,
2021-01-06,-0.9325139165159944,-0.8283880856377146,-0.8302545868592565,-0.8997090583782857,-0.8786068829542499,2.455731117588836,3.031199154169659,-1.060599595954155,-1.096795956518595,JPM,JPMorgan Chase & Co.,,,
2021-01-07,-0.819671367169662,-0.694237261596144,-0.6628455205186586,-0.6800426788435828,-0.6981468030564763,1.907991388143864,2.10353192793548,-1.0002724154885445,-1.0714902131661792,JPM,JPMorgan Chase & Co.,,,
2021-01-08,-0.8157529618255596,-0.6895789540138799,-0.7196780247732365,-0.7050048594036387,-0.6894499659969744,0.0804148926841399,0.0181089305415431,-0.9540355587399646,-1.0481144820767068,JPM,JPMorgan Chase & Co.,,,
2021-01-11,-0.7627270902538503,-0.6265404102106817,-0.6625368172671472,-0.7053167140693167,-0.7326237192359563,0.800500659544327,0.9262868361484656,-0.9059408164981088,-1.0218498879231492,JPM,JPMorgan Chase & Co.,,,
2021-01-12,-0.7060436949219213,-0.5591543969672157,-0.5556665794099598,-0.5580403724903801,-0.5816707989287834,1.187149151148357,0.9785176659164878,-0.8555271994240103,-0.9926132127543178,JPM,JPMorgan Chase & Co.,,,
2021-01-13,-0.7026484044636353,-0.5551172918303131,-0.5825388439770178,-0.5808181420487091,-0.6080722161078901,0.5936522037620795,0.0064727786254512,-0.8168578786175203,-0.965713371087524,JPM,JPMorgan Chase & Co.,,,
2021-01-14,-0.6812293055105776,-0.5296536776340679,-0.5219995441909334,-0.5215333798183208,-0.5490574229846146,1.2853242143200043,0.3294877916389437,-0.7824362281900071,-0.9392336591059842,JPM,JPMorgan Chase & Co.,,,
2021-01-15,-0.7473152516066902,-0.6082189657008841,-0.5559757539641452,-0.614829345167357,-0.6441022404641542,3.0040612627491803,-1.2321335876209092,-0.7733416716914291,-0.9214100353489711,JPM,JPMorgan Chase & Co.,,,
2021-01-19,-0.7629879718377326,-0.6268512483526779,-0.5853185871486423,-0.5895548338276296,-0.5686255433395306,1.5211583916287803,-0.3388370711999726,-0.7704864118987927,-0.9066886952554708,JPM,JPMorgan Chase & Co.,,,
2021-01-20,-0.8170591720357078,-0.691131723207968,-0.6634633983243554,-0.6638171900624475,-0.631988281050483,0.8172721559591039,-1.0398724607652097,-0.7820265655154567,-0.8984184307271136,JPM,JPMorgan Chase & Co.,,,
2021-01-21,-0.8468366195583942,-0.7265326811754715,-0.7255466856706707,-0.6987639571781297,-0.6981468030564763,0.3344043532405952,-0.6053889502242935,-0.7982162477194682,-0.8937156533004457,JPM,JPMorgan Chase & Co.,,,
2021-01-22,-0.8740027730924939,-0.7588285745934302,-0.7799086213078096,-0.7649138070793766,-0.7913276063586305,0.2461187533014234,-0.5613241995665733,-0.8172323424486125,-0.8920091317025928,JPM,JPMorgan Chase & Co.,,,
2021-01-25,-0.9176256433273348,-0.8106878435732784,-0.8178998585613653,-0.8316873663119797,-0.808410848419107,0.4822112374856746,-0.8747097516657591,-0.8425322782384471,-0.8945825650662206,JPM,JPMorgan Chase & Co.,,,
2021-01-26,-0.931730370618979,-0.8274565188889881,-0.8178998585613653,-0.7917480678614878,-0.7894640661233193,-0.05377552912518,-0.3230151455792776,-0.8650761394910372,-0.8982557405830277,JPM,JPMorgan Chase & Co.,,,
2021-01-27,-1.0289013261659783,-0.942975534117396,-0.9204454230813494,-0.9162464018250986,-0.887614626014353,1.1078858413597088,-1.912294738041617,-0.9065711352361422,-0.9107831158062974,JPM,JPMorgan Chase & Co.,,,
2021-01-28,-0.970127949440544,-0.8731051849311152,-0.8487871506087673,-0.8650739078712846,-0.8779860188371956,0.3989995226004782,1.1019630152710926,-0.9228209951029638,-0.916614246463362,JPM,JPMorgan Chase & Co.,,,
2021-01-29,-1.007742883510461,-0.9178222842245158,-0.8626863377695634,-0.8900360884313404,-0.8379180080097077,0.5920470110359127,-0.7817438819200992,-0.9445260708054778,-0.925472002831987,JPM,JPMorgan Chase & Co.,,,
2021-02-01,-0.9829275929537492,-0.8883215648913679,-0.913650181126707,-0.8809875419867418,-0.8935161527208879,-0.095676594425464,0.4307408142251231,-0.954525881742612,-0.931178066887648,JPM,JPMorgan Chase & Co.,,,
2021-02-02,-0.8787049496199535,-0.7644179750857898,-0.7802173245593209,-0.7954922283055984,-0.8146228071841691,0.1207292157493625,1.9683638661571627,-0.935654356446836,-0.9265104916802228,JPM,JPMorgan Chase & Co.,,,
2021-02-03,-0.8387402790043574,-0.7169061755462095,-0.7379018852712359,-0.7240384685178569,-0.7615100147095026,-0.1842205012401109,0.6980485195642526,-0.9113884794564588,-0.9184883306300782,JPM,JPMorgan Chase & Co.,,,
2021-02-04,-0.7575024746995997,-0.6203298072729607,-0.6483284555521658,-0.6628811499514199,-0.7049800998806668,0.1513385804931632,1.4578597157856794,-0.8726335261683018,-0.903513911815158,JPM,JPMorgan Chase & Co.,,,
2021-02-05,-0.7645557394907894,-0.6287143818501312,-0.6226919465965012,-0.60328405694136,-0.5832239071055674,-0.2856059498640919,-0.1827913091328684,-0.8453519939234818,-0.8905677343309467,JPM,JPMorgan Chase & Co.,,,
2021-02-08,-0.7081339016017689,-0.5616387329100303,-0.5976733154465335,-0.5783223524952976,-0.6201857015794872,-0.2699045819334262,0.9742728882477856,-0.8106144660463869,-0.873463442580322,JPM,JPMorgan Chase & Co.,,,
2021-02-09,-0.7227624196382543,-0.5790286106711013,-0.6075574751269857,-0.5670893950489722,-0.5819817049293846,-0.5506472545926607,-0.317047996813928,-0.7882627639593797,-0.8592973047921308,JPM,JPMorgan Chase & Co.,,,
2021-02-10,-0.7206719876720656,-0.5765442747282867,-0.5800678040569048,-0.5514880917131865,-0.5642771248097798,-0.2354390645486043,-0.0167661244668403,-0.7709700468367294,-0.8462213342271664,JPM,JPMorgan Chase & Co.,,,
2021-02-11,-0.7308596613376586,-0.5886551163003635,-0.5899514924346829,-0.5770739816045984,-0.5748375021045927,-0.4424904757330108,-0.2379564511616964,-0.760578289029871,-0.8352973968532342,JPM,JPMorgan Chase & Co.,,,
2021-02-12,-0.6791399999760974,-0.5271693416912533,-0.5572110382728647,-0.5527359864898922,-0.5937842844003804,-0.6041905797804301,0.8798056121244227,-0.7396978804621132,-0.8204761255557655,JPM,JPMorgan Chase & Co.,,,
2021-02-16,-0.5903280688577524,-0.4215876702341039,-0.4426189774038267,-0.4466473142521467,-0.4540130794471489,0.0980351116897635,1.5273413391574358,-0.7015655524116428,-0.7986045161169074,JPM,JPMorgan Chase & Co.,,,
2021-02-17,-0.5785744298298376,-0.4076132213259428,-0.4407658152894104,-0.4241813993594958,-0.4415891619170247,-0.1456036233565819,0.1499744191274123,-0.6699922912040068,-0.7776098543445235,JPM,JPMorgan Chase & Co.,,,
2021-02-18,-0.5657741104576067,-0.3923973152043212,-0.4281023837400079,-0.4154447075805753,-0.4400360537402406,-0.1866190650838083,0.1674877680751009,-0.643073489323491,-0.7573134475165222,JPM,JPMorgan Chase & Co.,,,
2021-02-19,-0.5023001342091057,-0.3169370916870499,-0.3338960487348971,-0.3386860856783525,-0.382263936735222,0.0683667219923365,1.0423596780490902,-0.6068236115185642,-0.7328603050715745,JPM,JPMorgan Chase & Co.,,,
2021-02-22,-0.4659911850629949,-0.2737727615877374,-0.2921980159498348,-0.3096678900085079,-0.35089323690931,-0.0204539421888907,0.562659898559093,-0.5704489748262304,-0.7071969361627739,JPM,JPMorgan Chase & Co.,,,
2021-02-23,-0.4346452940282265,-0.2365086701227806,-0.2267171076261982,-0.2223004961053092,-0.2067736134263276,0.8552063656717345,0.4733518680254964,-0.5352365681362901,-0.6809026497245461,JPM,JPMorgan Chase & Co.,,,
2021-02-24,-0.3654251643440515,-0.154217115061058,-0.1819306284180002,-0.2060750073241739,-0.2502577987238367,0.6387821050058025,1.101783290077419,-0.4913125414869945,-0.6504535545191424,JPM,JPMorgan Chase & Co.,,,
2021-02-25,-0.4197570208395669,-0.2188084280583443,-0.1467191343360689,-0.1910978894337378,-0.1210469710654182,1.2045295137696108,-0.9462897425226507,-0.4721170736442021,-0.627909977489805,JPM,JPMorgan Chase & Co.,,,
2021-02-26,-0.5245030043455211,-0.3433327464706528,-0.2711948835828849,-0.3184045817874284,-0.2443562720173017,1.5184646199273972,-1.7974835619903673,-0.4842242766632372,-0.6173202078246375,JPM,JPMorgan Chase & Co.,,,
2021-03-01,-0.4375194971777728,-0.2399245728143217,-0.2554420630049985,-0.2569354085553132,-0.2685832429604959,0.5989474947093193,1.43245786217482,-0.4712953021529336,-0.5994683070312007,JPM,JPMorgan Chase & Co.,,,
2021-03-02,-0.45031936597732,-0.2551409527745745,-0.2430873347071074,-0.2144998444374163,-0.2511895688414923,0.4838533311940521,-0.2684036307308441,-0.4648373132369,-0.5844496143767025,JPM,JPMorgan Chase & Co.,,,
2021-03-03,-0.3745677346697207,-0.1650855517424119,-0.1442480944159558,-0.1839209470972011,-0.2154704504858294,0.5027466340859459,1.215944415706623,-0.4408264385709072,-0.5636334644331364,JPM,JPMorgan Chase & Co.,,,
2021-03-04,-0.435952405383742,-0.2380614393168686,-0.1627801868627926,-0.252567062665853,-0.1726071293053747,1.5673030698832984,-1.0643666847534945,-0.438350403428795,-0.550513998293977,JPM,JPMorgan Chase & Co.,,,
2021-03-05,-0.4268098350580727,-0.2271925287968836,-0.1902698579328734,-0.272848566556777,-0.1536603470095871,1.2667814707591123,0.0983215317740519,-0.4341800388137554,-0.537722723391799,JPM,JPMorgan Chase & Co.,,,
2021-03-08,-0.3745677346697207,-0.1650855517424119,-0.1294218548952775,-0.1861053580989279,-0.1769555478351256,1.0210578302178608,0.816454250846238,-0.417833482753549,-0.5211544726286789,JPM,JPMorgan Chase & Co.,,,
2021-03-09,-0.4027785409710602,-0.1986233762124623,-0.1667956856458105,-0.2151235537687725,-0.2070840454848548,0.8560181872803705,-0.5185779086649139,-0.4127117265531098,-0.5087599355753926,JPM,JPMorgan Chase & Co.,,,
2021-03-10,-0.316579030273011,-0.0961467693048579,-0.107800844722631,-0.1623915484295713,-0.1943492219541293,0.506086172976017,1.3738311328656858,-0.387059406713741,-0.4893414689515309,JPM,JPMorgan Chase & Co.,,,
2021-03-11,-0.3377365717831609,-0.1213000191977379,-0.1081100192768164,-0.1046665356415667,-0.1260167276542976,0.0317793981303976,-0.3975535830661629,-0.3731736449576326,-0.4736888960409467,JPM,JPMorgan Chase & Co.,,,
2021-03-12,-0.2899353157657023,-0.0644725521708917,-0.0623964877087361,-0.0513098687430225,-0.0406009912939895,0.2306756922462329,0.7248151464557563,-0.3506642048273095,-0.4549393750247069,JPM,JPMorgan Chase & Co.,,,
2021-03-15,-0.3103115642422555,-0.0886942353150452,-0.0843266724355681,-0.0859447811930265,-0.056441557236209,0.0925922168136808,-0.3827248967686124,-0.338937912816015,-0.4398210583164308,JPM,JPMorgan Chase & Co.,,,
2021-03-16,-0.3588954650113621,-0.1464537429292491,-0.1559849449081502,-0.1411735283136261,-0.126638065713426,0.2225759266509776,-0.8411081993987629,-0.3424363446820415,-0.4306710472972223,JPM,JPMorgan Chase & Co.,,,
2021-03-17,-0.317625260044644,-0.0973891741955807,-0.0855619567442876,-0.114339267531515,-0.0878127310041951,0.434166158647304,0.621895767220954,-0.3346175971073523,-0.4184504981193058,JPM,JPMorgan Chase & Co.,,,
2021-03-18,-0.2507539657607801,-0.0178923193800379,0.063005842595288,0.012343239376826,-0.0176162225269781,1.900260632370716,1.0302839504430454,-0.3118331389944505,-0.4010178066682364,JPM,JPMorgan Chase & Co.,,,
2021-03-19,-0.3163176981164446,-0.0958364050014927,-0.1145960866772733,-0.1723761349851975,-0.0825325423567885,7.900415691308745,-1.1006899951056968,-0.3113343413495665,-0.3913693684375551,JPM,JPMorgan Chase & Co.,,,
2021-03-22,-0.4252431938367257,-0.2253293952994304,-0.1754440897148692,-0.1904737039883882,-0.1667056025988398,1.5397933876451992,-1.82076643832778,-0.3385215861075376,-0.3928976513818548,JPM,JPMorgan Chase & Co.,,,
2021-03-23,-0.4646854254255305,-0.2722199923936493,-0.2325857685236325,-0.2419578145508837,-0.2434245018996461,1.0105410502878027,-0.7117003469126336,-0.3688920603082485,-0.3980165104800953,JPM,JPMorgan Chase & Co.,,,
2021-03-24,-0.4343853135897113,-0.2361983058194154,-0.1998453143618142,-0.2138756589920667,-0.253674447135932,0.2731671732618886,0.4555726343668032,-0.3840030995769089,-0.399804952682626,JPM,JPMorgan Chase & Co.,,,
2021-03-25,-0.3839711865792726,-0.1762648265657621,-0.2063313817622712,-0.2304130024388801,-0.253674447135932,0.7396878408610439,0.7875993871640636,-0.3825801272714537,-0.3966638365717265,JPM,JPMorgan Chase & Co.,,,
2021-03-26,-0.317625260044644,-0.0973891741955807,-0.129731029449463,-0.1299405708673007,-0.1201152009477626,0.9511489194196326,1.0396805728675562,-0.3647254340494112,-0.3875348520052193,JPM,JPMorgan Chase & Co.,,,
2021-03-29,-0.3805761214073285,-0.1722281952674905,-0.1828572094752083,-0.1770568116543293,-0.18782683113054,1.101686476348306,-1.0755765720883217,-0.3672628271289619,-0.3851881748357395,JPM,JPMorgan Chase & Co.,,,
2021-03-30,-0.3335584112868852,-0.1163318211507398,-0.116758423345875,-0.0884410468604315,-0.1151454443588833,0.2924479364669951,0.7202750684206123,-0.3572690132028295,-0.3786090118657061,JPM,JPMorgan Chase & Co.,,,
2021-03-31,-0.3923302110079266,-0.1862021703370204,-0.1593825658854714,-0.1433579393153529,-0.1517968067742758,0.9478831824939832,-1.0115518529039966,-0.3646446406719038,-0.3781851977777216,JPM,JPMorgan Chase & Co.,,,
2021-04-01,-0.3536710747434534,-0.140242666152897,-0.181004047360792,-0.1611431775388721,-0.1946601279547305,0.9155579220773836,0.584432439348073,-0.3603944667108277,-0.3741444478623077,JPM,JPMorgan Chase & Co.,,,
2021-04-05,-0.3323878234545414,-0.1430378402377079,-0.1454833787246753,-0.1283803453109234,-0.1170094585362686,0.3521721761750617,0.2938943388413184,-0.3518215498580587,-0.3684585736327318,JPM,JPMorgan Chase & Co.,,,
2021-04-06,-0.3607653416488628,-0.1765756647077583,-0.1658691045886024,-0.1514704456489239,-0.1670165085994411,0.2716542329912487,-0.5164418446691488,-0.3525722060583994,-0.3659728698129815,JPM,JPMorgan Chase & Co.,,,
2021-04-07,-0.2979676749986482,-0.1023578460812099,-0.1365262714041053,-0.1268205958685396,-0.1573874274802096,0.978658601657732,0.9751694322422572,-0.3372455479649186,-0.3577752248817781,JPM,JPMorgan Chase & Co.,,,
2021-04-08,-0.2929766813809143,-0.0964576074468541,-0.1278778673350467,-0.1374293678695154,-0.1294333760663929,0.1358401679646565,0.0261253337885842,-0.324487686724959,-0.3498508905743079,JPM,JPMorgan Chase & Co.,,,
2021-04-09,-0.2624963404716011,-0.0604354470339891,-0.0806203482067356,-0.054430319855777,-0.0732143672381583,0.0965221714191236,0.4369919139415498,-0.30720687117506,-0.3397648424342077,JPM,JPMorgan Chase & Co.,,,
2021-04-12,-0.2711680623427671,-0.0706831551086126,-0.0741338095036046,-0.0357085654072368,-0.080358096120876,0.1243824129882248,-0.1932197227295047,-0.296440459311672,-0.3314156735827702,JPM,JPMorgan Chase & Co.,,,
2021-04-13,-0.3200380767660455,-0.1284426627228165,-0.1374528524613135,-0.1336852074254048,-0.1061381752408543,0.8329181724164535,-0.8381817735627194,-0.3007311964290411,-0.3284464871872824,JPM,JPMorgan Chase & Co.,,,
2021-04-14,-0.3957108578539912,-0.2178763874709866,-0.1797682917493985,-0.1804891174327619,-0.2080158156025104,1.5388339621077205,-1.2826718590178825,-0.323096680829387,-0.3329025640286863,JPM,JPMorgan Chase & Co.,,,
2021-04-15,-0.3704868978731317,-0.1880653038344736,-0.2301147286035194,-0.2307248571045582,-0.214849112426701,1.124528184336748,0.3627592298165643,-0.3334883929476027,-0.334568458978091,JPM,JPMorgan Chase & Co.,,,
2021-04-16,-0.3407950591603549,-0.1529747101703352,-0.1587651593824487,-0.1255722249778404,-0.1334713625376166,0.4011397795687005,0.4335593876562598,-0.333769271582829,-0.3332753589114492,JPM,JPMorgan Chase & Co.,,,
2021-04-19,-0.3578753684553858,-0.1731597620162171,-0.1782238328864936,-0.1402374882025985,-0.1474483882445249,0.0555251801830025,-0.3330986591480797,-0.3383017494297584,-0.3337148640227828,JPM,JPMorgan Chase & Co.,,,
2021-04-20,-0.4466845961376288,-0.2781202310280051,-0.2440139157643155,-0.2516310225548253,-0.1996294106015358,0.3906783511119586,-1.5094848357043766,-0.3641724453910371,-0.342511884938274,JPM,JPMorgan Chase & Co.,,,
2021-04-21,-0.4133147326075222,-0.23868264176223,-0.2792254098462468,-0.3096678900085079,-0.3223178474363649,0.1176110827525559,0.5046651998261019,-0.3751319138279442,-0.347353846289041,JPM,JPMorgan Chase & Co.,,,
2021-04-22,-0.4966071483501124,-0.3371221435329319,-0.2888003949725136,-0.2950026267837498,-0.2465307182532142,0.6747052111879481,-1.4382249632978754,-0.4044269376148302,-0.3596314508967954,JPM,JPMorgan Chase & Co.,,,
2021-04-23,-0.4225104705098723,-0.2495510784435839,-0.263163886016849,-0.312787865007269,-0.3412646297321526,0.4506793481866057,1.2030446568711572,-0.4076495742094708,-0.3637866029010927,JPM,JPMorgan Chase & Co.,,,
2021-04-26,-0.4127893648582871,-0.2380614393168686,-0.2220837310374835,-0.1976501702109314,-0.2294474761927378,-0.147633177378172,0.1074350899000891,-0.407606827002838,-0.3666448221588743,JPM,JPMorgan Chase & Co.,,,
2021-04-27,-0.3946596717828371,-0.2166344564188949,-0.2495734021075643,-0.2060750073241739,-0.2381443132522396,0.2254542032634146,0.2467151385636574,-0.4029874228737763,-0.367528926842014,JPM,JPMorgan Chase & Co.,,,
2021-04-28,-0.3689103440527426,-0.1862021703370204,-0.2088024216823842,-0.1658238542080038,-0.1781982239533825,-0.4899635893471151,0.3713361209240604,-0.3930075351560056,-0.3658978975511774,JPM,JPMorgan Chase & Co.,,,
2021-04-29,-0.2911365425405401,-0.0942836358074047,-0.1349818125412004,-0.1096590669763766,-0.1437213077739025,0.2541816179144679,1.223310519611808,-0.3658435680577283,-0.3570611417594088,JPM,JPMorgan Chase & Co.,,,
2021-04-30,-0.32739592869144,-0.1371376016033521,-0.1593825658854714,-0.1155876384222141,-0.1263271597128248,0.0195282720364353,-0.6387901769263743,-0.354645280182195,-0.352456280323851,JPM,JPMorgan Chase & Co.,,,
2021-05-03,-0.3392203076307007,-0.151111576672882,-0.1288044483922548,-0.11184300186411,-0.1030319588872862,0.0372407434975857,-0.2467115827299033,-0.3492384787162644,-0.3493881120228488,JPM,JPMorgan Chase & Co.,,,
2021-05-04,-0.2835169078858955,-0.085278332623504,-0.1238623685520287,-0.1427337538700034,-0.1645316303050014,0.2543292218433109,0.8539706408167468,-0.3310887848310354,-0.3413317614638984,JPM,JPMorgan Chase & Co.,,,
2021-05-05,-0.2299158802833984,-0.0219289506783094,-0.0423199363989945,-0.0650390918567529,-0.0673128405316233,-0.2015824133702594,0.8077660230148278,-0.3039138834032487,-0.3289394922648703,JPM,JPMorgan Chase & Co.,,,
2021-05-06,-0.1466243656861756,0.0765105510923923,0.036134049330904,0.0139034649332033,-0.0030178587609413,0.3585191451153073,1.2680063733232685,-0.2624575128893939,-0.3097980566403827,JPM,JPMorgan Chase & Co.,,,
2021-05-07,-0.1321731480007392,0.0935900645500983,0.0571371816978538,0.009535119043743,-0.029419275940048,0.4905139584830889,0.1704776085933513,-0.2277086533686262,-0.2910302980413375,JPM,JPMorgan Chase & Co.,,,
2021-05-10,-0.1326994168953418,0.0929688621047368,0.1260157109988115,0.1374655207287898,0.1035186321889928,0.445587012641525,-0.0626061982694654,-0.2017801701831721,-0.2740184613475298,JPM,JPMorgan Chase & Co.,,,
2021-05-11,-0.2031158170548336,0.0097452664556566,0.0846268527679346,0.0413614350466706,0.0904733765997401,0.7107943717900422,-1.1468114183124394,-0.2001512209185141,-0.2652114685999316,JPM,JPMorgan Chase & Co.,,,
2021-05-12,-0.2317542168330376,-0.0241029223177589,0.0348982937195104,0.0098469737094211,0.0448147450663186,0.5133741169626361,-0.5062200921137701,-0.2061758634970235,-0.2599130523031518,JPM,JPMorgan Chase & Co.,,,
2021-05-13,-0.1253415649699473,0.1016638009852724,0.0864800148823508,0.0301284776003451,0.0003983157090798,0.7003329433333002,1.6358598350636686,-0.1837688255858584,-0.2450343249731905,JPM,JPMorgan Chase & Co.,,,
2021-05-14,-0.0593916918243218,0.1796078866067272,0.1482545989771548,0.1646121122905725,0.1311622515442823,-0.1873201837458122,0.9668618775686842,-0.1502762962751594,-0.225272234090879,JPM,JPMorgan Chase & Co.,,,
2021-05-17,-0.0420500503727246,0.2001033027559743,0.1606097985777201,0.1970626137388496,0.1616011812525387,-0.3159570077324173,0.2100009298690544,-0.1207689557264448,-0.2056669357002996,JPM,JPMorgan Chase & Co.,,,
2021-05-18,-0.103007578182565,0.1280594557688753,0.1806863498874617,0.1724127639584653,0.2022900561970809,-0.0924662089731305,-0.9802639850429392,-0.1140624914981001,-0.1936078546532135,JPM,JPMorgan Chase & Co.,,,
2021-05-19,-0.1355884889434514,0.0895529594131957,0.0472530220174016,0.0600831894952108,0.0879884983053004,0.3099021010526704,-0.5563521822336337,-0.1172765686863053,-0.1857257836474902,JPM,JPMorgan Chase & Co.,,,
2021-05-20,-0.1429449891507947,0.0808580205326601,0.0682566256870255,0.0875416357226716,0.0827083096578939,-0.216471959692289,-0.1686423401454952,-0.1215485367467851,-0.1792558678957442,JPM,JPMorgan Chase & Co.,,,
2021-05-21,-0.0948625757786852,0.1376859613981374,0.1102633617235991,0.1318492800626238,0.0985488756001135,-0.2491293289487851,0.6932667620118528,-0.1125862529275371,-0.1688276318284061,JPM,JPMorgan Chase & Co.,,,
2021-05-24,-0.0717418890855014,0.1650127090918358,0.1414593570225125,0.1686681274003612,0.1612907491940115,-0.3983384505178723,0.3010522085504595,-0.1000143286691643,-0.1571612109368792,JPM,JPMorgan Chase & Co.,,,
2021-05-25,-0.1161449259222298,0.1125327115052574,0.1868637140364073,0.1511947438425202,0.1765104510191767,0.1863207116289353,-0.7334949413787621,-0.1018206552350924,-0.150753960054223,JPM,JPMorgan Chase & Co.,,,
2021-05-26,-0.116670293671465,0.1119115090598959,0.1263248855529969,0.1433940921746273,0.1678136139596749,0.2692003176742351,-0.0625615066019771,-0.1033083335984696,-0.1449788633481736,JPM,JPMorgan Chase & Co.,,,
2021-05-27,-0.0504595389419568,0.190166432823347,0.1575208808519102,0.1827096812937631,0.1796161934306707,0.757990728037566,0.9688109198334508,-0.087670830806592,-0.1334681323118821,JPM,JPMorgan Chase & Co.,,,
2021-05-28,-0.0533472592720152,0.1867505301318058,0.1633895417493445,0.2042390799613929,0.2022900561970809,-0.2413247712112157,-0.098387218467728,-0.0766733815944273,-0.1232768834818861,JPM,JPMorgan Chase & Co.,,,
2021-06-01,-0.0057902136491409,0.2429572685519217,0.2242375447869403,0.273508904861401,0.2392518506710006,-0.3973974754714987,0.6697423939428446,-0.0563919682596263,-0.1095152941670477,JPM,JPMorgan Chase & Co.,,,
2021-06-02,-0.0055284309198908,0.2432676328552868,0.2406077718678494,0.2750691304177782,0.2824256039099825,-0.203076903149794,-0.0505003102679165,-0.0411146695552505,-0.0969800052234265,JPM,JPMorgan Chase & Co.,,,
2021-06-03,-0.0026366554356788,0.246683535546828,0.2347391109704152,0.2479230149699889,0.2249643929055651,0.323832221837221,-0.0108906572405999,-0.0289249915723694,-0.0853108524495464,JPM,JPMorgan Chase & Co.,,,
2021-06-04,0.0044562597516793,0.2550681101239984,0.2168244250266011,0.2594678270819925,0.2498127019078877,-0.5698357653422405,0.0523112660053746,-0.017988017651539,-0.0740318520224308,JPM,JPMorgan Chase & Co.,,,
2021-06-07,-0.0160380387680125,0.2308464269798449,0.2301062056843745,0.2629001328604251,0.2743501049096091,-0.7992860727285601,-0.3623997612659808,-0.0149709454182893,-0.0657160800416551,JPM,JPMorgan Chase & Co.,,,
2021-06-08,-0.033379229646926,0.2103510108305978,0.1887168761508236,0.2011191049626318,0.19638900343262,-0.2266750812735559,-0.3162466475948011,-0.0170959708009479,-0.0597960059522208,JPM,JPMorgan Chase & Co.,,,
2021-06-09,-0.0875065261440257,0.146380900278673,0.1411506537710011,0.1736606587351711,0.1855177201372057,0.1435709237378045,-0.8748824893021018,-0.0323855323069274,-0.0595321965944068,JPM,JPMorgan Chase & Co.,,,
2021-06-10,-0.154244450913504,0.0675047740698605,0.1726558236240999,0.1121914855030559,0.1923510169613962,0.0959686566859626,-1.0788185943040376,-0.0607393544721353,-0.0656028602687427,JPM,JPMorgan Chase & Co.,,,
2021-06-11,-0.1571339735342973,0.0640888713783193,0.0478708998230984,0.0731882271635916,0.0702839181856956,0.3846081395382935,-0.099497471569429,-0.0827358550101643,-0.0713948679572367,JPM,JPMorgan Chase & Co.,,,
2021-06-14,-0.2286011091922593,-0.0203761814842214,0.0209991065587143,-0.0016978384025824,0.0615870811261938,1.534830205537856,-1.1695436349944712,-0.1173165104159815,-0.0834179964771893,JPM,JPMorgan Chase & Co.,,,
2021-06-15,-0.291398775842474,-0.0945944739494009,-0.0843266724355681,-0.0806403951925386,-0.0455707478828688,2.37757483726651,-1.0511879101007593,-0.1591416522140805,-0.1002860274994857,JPM,JPMorgan Chase & Co.,,,
2021-06-16,-0.2627594749189024,-0.0607458113373542,-0.0627056622629215,-0.1124671873094596,-0.1067595132999827,2.531765591434046,0.4071300955352673,-0.1832639260194623,-0.1129125752006674,JPM,JPMorgan Chase & Co.,,,
2021-06-17,-0.381259189595871,-0.2007973478519118,-0.0676472708004736,-0.1705040547631422,-0.0331463564106704,3.343808605963372,-1.950955909426468,-0.2313395323787306,-0.1355961479504998,JPM,JPMorgan Chase & Co.,,,
2021-06-18,-0.482154128373941,-0.3200426300752259,-0.3073329587220244,-0.2856417495594797,-0.2754165397846865,5.903500588483981,-1.7171899395438912,-0.2929256138601628,-0.1657578285034182,JPM,JPMorgan Chase & Co.,,,
2021-06-21,-0.4162047058009993,-0.2420985444537712,-0.2610020206509214,-0.2400857343288283,-0.2822498366088771,1.3036271014965266,1.060616302305841,-0.3224280381020061,-0.1869416055736582,JPM,JPMorgan Chase & Co.,,,
2021-06-22,-0.4219851027606371,-0.2489298759982224,-0.2681059658570751,-0.2513186917751538,-0.2350380968986715,0.4892962260701348,-0.1505462768460186,-0.3460174661359219,-0.2067461576018759,JPM,JPMorgan Chase & Co.,,,
2021-06-23,-0.3980759138709168,-0.2206715615557975,-0.2350568084437455,-0.2066991927695235,-0.2474624883708698,0.2092362215817987,0.3436456328107632,-0.3576598116009286,-0.2224895316845551,JPM,JPMorgan Chase & Co.,,,
2021-06-24,-0.3615538438453993,-0.1775072314564849,-0.2016984764762305,-0.1714400948741699,-0.1940387898956021,0.3937226821443438,0.5499889440158634,-0.3571504165320433,-0.2333482986091206,JPM,JPMorgan Chase & Co.,,,
2021-06-25,-0.321090163982567,-0.1296845937749083,-0.1590738626339601,-0.1573990170947614,-0.1732284673645032,0.7169199348370234,0.6091182943644149,-0.3465298732464684,-0.2393938095810429,JPM,JPMorgan Chase & Co.,,,
2021-06-28,-0.31373321320254,-0.1209896548943727,-0.1596917404396568,-0.1433579393153529,-0.1387515511850231,0.466159310224007,0.0649969107268443,-0.3367029416048656,-0.2441940826975806,JPM,JPMorgan Chase & Co.,,,
2021-06-29,-0.3187255585383251,-0.1268898935287285,-0.1031679394365903,-0.0968658839736739,-0.0983731082990081,0.5404963388875228,-0.1353469100793753,-0.3305959525677981,-0.2490300249869756,JPM,JPMorgan Chase & Co.,,,
2021-06-30,-0.2819417057835575,-0.0834151991260508,-0.110271884642744,-0.0937454328609194,-0.1371984430082391,0.1719108780756452,0.5423941104192056,-0.3167083179190817,-0.2499481916238787,JPM,JPMorgan Chase & Co.,,,
2021-07-01,-0.2414771247753578,-0.0355925614444742,-0.0775314304809258,-0.0403892420763686,-0.05923734153125,-0.2066193974420241,0.5962064025261463,-0.2960538669324424,-0.2469567080344221,JPM,JPMorgan Chase & Co.,,,
2021-07-02,-0.2454408126741756,-0.068198819165798,-0.1028587648824049,-0.0497501193006387,-0.0688659487084074,-0.0323360584607458,-0.1175524108559782,-0.2815659579053957,-0.2446119691087916,JPM,JPMorgan Chase & Co.,,,
2021-07-06,-0.3146776135476488,-0.149558807478794,-0.1195381665174994,-0.1361809969788163,-0.0741461373558139,0.6428412130489827,-1.157880056110101,-0.2882189660664715,-0.2490271630764469,JPM,JPMorgan Chase & Co.,,,
2021-07-07,-0.3099218188708246,-0.1439694069864344,-0.1658691045886024,-0.1611431775388721,-0.1912434795426353,0.124087205130539,0.0226450032591751,-0.2920053667430917,-0.2525912854882992,JPM,JPMorgan Chase & Co.,,,
2021-07-08,-0.3799502759496205,-0.226260962048157,-0.2199218656715559,-0.2082594183259007,-0.2036673970727595,1.150451124339786,-1.1882271306197083,-0.3125644194050749,-0.262453027652234,JPM,JPMorgan Chase & Co.,,,
2021-07-09,-0.2523111449557687,-0.0762725556009722,-0.1081100192768164,-0.129004530756273,-0.1589405356569936,0.3865823420865675,2.048357049819663,-0.2956872676945419,-0.2593491655081978,JPM,JPMorgan Chase & Co.,,,
2021-07-12,-0.1933807436500526,-0.0070234088600529,-0.015138968580425,-0.0865689666383761,-0.1185620927709786,1.538981566036563,0.8863065553664345,-0.2681182851484793,-0.250955232715535,JPM,JPMorgan Chase & Co.,,,
2021-07-13,-0.2554836272219477,-0.0799992964345096,-0.0698096074690753,-0.1002981897521065,-0.0657597323548393,2.0429198295973987,-1.0318452882307252,-0.2631553979999652,-0.2491966028000778,JPM,JPMorgan Chase & Co.,,,
2021-07-14,-0.2694896790958538,-0.0964576074468541,-0.0732072284463964,-0.1174597186442694,-0.0688659487084074,0.5578582510176713,-0.2782046733613397,-0.2629771742759594,-0.2489222085911511,JPM,JPMorgan Chase & Co.,,,
2021-07-15,-0.2605039080641244,-0.0858990612302343,-0.0963726974819479,-0.0940577636405909,-0.132539592419961,-0.0110626422162599,0.0896044581405524,-0.2605698430416086,-0.247823098166393,JPM,JPMorgan Chase & Co.,,,
2021-07-16,-0.3543176465446133,-0.1961390402696477,-0.1040945204937984,-0.1776805209856855,-0.0685550427078061,0.4434467556733026,-1.5550481967360086,-0.2825019701046297,-0.2556945856443929,JPM,JPMorgan Chase & Co.,,,
2021-07-19,-0.4848634219212403,-0.3495433494083738,-0.3036261631905178,-0.3433662862334908,-0.2987117406102251,1.9508887799638377,-2.1913967925040474,-0.3319829728306546,-0.2751944071449788,JPM,JPMorgan Chase & Co.,,,
2021-07-20,-0.4124559410723231,-0.2644566202618404,-0.2634730605710345,-0.3240208224535944,-0.3617640462626503,0.6985247952049745,1.170661852998608,-0.3507725099783229,-0.2860749350654163,JPM,JPMorgan Chase & Co.,,,
2021-07-21,-0.3292121871795763,-0.1666383209364999,-0.1853282493953214,-0.1670717489847096,-0.1900008034243784,0.1397516720789939,1.328229888466712,-0.3438015532541441,-0.2880951038062282,JPM,JPMorgan Chase & Co.,,,
2021-07-22,-0.3802156632603404,-0.2265718001901532,-0.1918143167957783,-0.2104433532136342,-0.1642207243044001,-0.3110676275894956,-0.8841497344937341,-0.3514787100564012,-0.294754320161777,JPM,JPMorgan Chase & Co.,,,
2021-07-23,-0.3878781023199398,-0.235577103374054,-0.2103468805452891,-0.2017066614347136,-0.2077053835439833,-0.356677241601958,-0.1806870295792496,-0.3591753993240191,-0.3015326849985384,JPM,JPMorgan Chase & Co.,,,
2021-07-26,-0.3611893305442576,-0.204213250543453,-0.2375273770611845,-0.2042029271021186,-0.247772920429397,-0.6257038524092858,0.3861185501973787,-0.3581948747753946,-0.3051712436884513,JPM,JPMorgan Chase & Co.,,,
2021-07-27,-0.3664740975517868,-0.2104238534811739,-0.2211571499802754,-0.2157477392141221,-0.2412505296058077,-0.0702149167000602,-0.1410999144376142,-0.3587966823118057,-0.3089787322611386,JPM,JPMorgan Chase & Co.,,,
2021-07-28,-0.3598673502901788,-0.2026604813493649,-0.2125087459112167,-0.1820488668751457,-0.1825466424831335,-0.4394830456828363,0.0540336404965067,-0.3575763372650974,-0.3118153760193294,JPM,JPMorgan Chase & Co.,,,
2021-07-29,-0.3255129854461109,-0.1622908514962321,-0.178533007440679,-0.1499102200925466,-0.1561452253040267,-0.4678599010028878,0.5086949901414196,-0.3479684172581383,-0.3111457218929207,JPM,JPMorgan Chase & Co.,,,
2021-07-30,-0.3577532632580936,-0.2001761454065503,-0.1847103715896246,-0.1720642803195194,-0.1735388994230304,-0.3310126084743952,-0.5784368098552548,-0.3489202124924581,-0.3135854663736864,JPM,JPMorgan Chase & Co.,,,
2021-08-02,-0.3738725010187174,-0.2191187923617094,-0.1606183214968649,-0.1761202954293082,-0.1906221414835068,-0.2575796538750423,-0.3185311745298246,-0.3537126985217766,-0.3173275911723558,JPM,JPMorgan Chase & Co.,,,
2021-08-03,-0.3284200804015699,-0.1657067541877733,-0.1955206410246108,-0.2244844309930426,-0.1931070197779465,-0.2222285129171629,0.6932268026391497,-0.3458062684304809,-0.3164317106822149,JPM,JPMorgan Chase & Co.,,,
2021-08-04,-0.3720219990066173,-0.21694482072226,-0.19397665346438,-0.1811128267641181,-0.214849112426701,-0.2664727905878283,-0.7636047550252623,-0.3509090092285604,-0.3197401093990799,JPM,JPMorgan Chase & Co.,,,
2021-08-05,-0.3215483964019257,-0.1576330177525992,-0.1840924937839278,-0.1467902450937855,-0.1828570745416606,-0.4516234688301666,0.7754383651283627,-0.3419647640016117,-0.3179751481462203,JPM,JPMorgan Chase & Co.,,,
2021-08-06,-0.2065946887459524,-0.0225501531236709,-0.0565278268113019,-0.0500619739663168,-0.0924715815924731,0.3191088961142476,1.812041977704267,-0.306169922784908,-0.3055010421521773,JPM,JPMorgan Chase & Co.,,,
2021-08-09,-0.2110864478301078,-0.0278291893126652,-0.0339802355814472,-0.0254121241859324,-0.0201011008214177,-0.3842053743311627,-0.1253608993698486,-0.2804603385728159,-0.2945856698547143,JPM,JPMorgan Chase & Co.,,,
2021-08-10,-0.1600838728947111,0.0321038161023569,0.010188365821054,-0.0126189411832297,-0.0443280717646119,-0.5410160982356602,0.7516757601372067,-0.2482730040845457,-0.279839990020261,JPM,JPMorgan Chase & Co.,,,
2021-08-11,-0.1098734047373207,0.0911057286072837,0.0571371816978538,0.0738124126089412,0.0569282305379157,-0.4507009442748983,0.7295389279393694,-0.2114277831203956,-0.2616871111006829,JPM,JPMorgan Chase & Co.,,,
2021-08-12,-0.0932251946459918,0.1106691041691731,0.0840089749622378,0.1196802825052707,0.1153216856020628,-0.5083218279969534,0.2024359370462583,-0.1795813822900111,-0.2436103009708891,JPM,JPMorgan Chase & Co.,,,
2021-08-13,-0.1410566390332608,0.0544623657490572,0.0775229075617809,0.0891018612790488,0.1125259013070218,-0.4831000066559193,-0.7896007729819795,-0.1677993390228392,-0.2316996009960343,JPM,JPMorgan Chase & Co.,,,
2021-08-16,-0.1688047071884043,0.0218561080277334,-0.019154467363443,0.0020463220415282,0.0240044225352197,-0.5246320621340961,-0.4857493558776251,-0.1659838811034691,-0.2234954462220668,JPM,JPMorgan Chase & Co.,,,
2021-08-17,-0.219543697103816,-0.0377665330839236,-0.0244052504551804,-0.0450694426315069,-0.0185479926446337,-0.4155158577369671,-0.8483226618391487,-0.1774607392574861,-0.2208348141889864,JPM,JPMorgan Chase & Co.,,,
2021-08-18,-0.2573327775159966,-0.0821727942353279,-0.0506596372165417,-0.0428855077437735,-0.0576842333544659,-0.651995802234431,-0.6529342897381424,-0.1956301278041687,-0.2219892529253494,JPM,JPMorgan Chase & Co.,,,
2021-08-19,-0.2916871423600644,-0.1225424240884607,-0.1263334084721418,-0.1155876384222141,-0.1555238872448983,-0.3840577704023197,-0.6035372972340377,-0.2179498304361096,-0.2262871638649899,JPM,JPMorgan Chase & Co.,,,
2021-08-20,-0.2800596636835959,-0.108878813322296,-0.1467191343360689,-0.1109069617530824,-0.1185620927709786,-0.8533644621583851,0.1329675553489595,-0.2317475145069213,-0.2290949044183569,JPM,JPMorgan Chase & Co.,,,
2021-08-23,-0.2277351084941204,-0.0473930387131858,-0.0790758893438307,-0.0460054827425346,-0.0881231630627222,-0.6761474950913539,0.7865213986980276,-0.2288561314796935,-0.2266997801768084,JPM,JPMorgan Chase & Co.,,,
2021-08-24,-0.2021015779437458,-0.0172711169346765,-0.0339802355814472,0.0048544423746112,-0.0362525727642386,-0.7248014401362015,0.3523353142282766,-0.2202015596687486,-0.2220985830330603,JPM,JPMorgan Chase & Co.,,,
2021-08-25,-0.1162165669789437,0.0836527207788399,0.0657855857669124,0.0338731141584492,0.0106482609453657,-0.0487569955445207,1.3000813968609648,-0.1919792057719076,-0.209794708799429,JPM,JPMorgan Chase & Co.,,,
2021-08-26,-0.0942822381620344,0.1094271731170813,0.1291046287246213,0.1384015608398175,0.1271242650730586,-0.1054922556935182,0.2845047110338221,-0.16526241226984,-0.1965353398979255,JPM,JPMorgan Chase & Co.,,,
2021-08-27,-0.0599283238906503,0.1497968029702142,0.1084101996091828,0.1418338666182501,0.111283699130839,-0.520130142304387,0.4736985895569799,-0.1365322699294553,-0.181232989594456,JPM,JPMorgan Chase & Co.,,,
2021-08-30,-0.128900638598771,0.0687471789605834,0.1186030625411464,0.098774593168997,0.1566318986057334,-0.6755939803581928,-1.1063388091612438,-0.1324366803536807,-0.1738435280252452,JPM,JPMorgan Chase & Co.,,,
2021-08-31,-0.1418500975293183,0.0535307990003306,0.0531216829148358,0.0822372497221836,0.0705948241862968,0.1368180439932409,-0.2551479235144341,-0.1326415808261303,-0.1683502884437555,JPM,JPMorgan Chase & Co.,,,
2021-09-01,-0.1479269713148538,0.0463886293138831,0.0342804159138136,0.0703801068305086,0.0637615273621063,-0.5294107393303856,-0.1489177182357275,-0.1343328833595999,-0.1639310409000348,JPM,JPMorgan Chase & Co.,,,
2021-09-02,-0.128371666268066,0.0693683814059448,0.060534802675175,0.0847330392755951,0.0575495685970441,-0.5140230297485111,0.2500122858847338,-0.130653294922597,-0.1580644660981131,JPM,JPMorgan Chase & Co.,,,
2021-09-03,-0.1540065485364918,0.0392464596274355,0.0382959146968316,0.0759963474966746,0.0690417160095128,-0.6715164218239073,-0.4517107604610231,-0.1343799801596543,-0.1551551555612366,JPM,JPMorgan Chase & Co.,,,
2021-09-07,-0.161404050858055,0.0305515207469,0.0534308574690212,0.0700682521648305,0.0566177984793885,-0.426881360257872,-0.1697806617153425,-0.1390467789934306,-0.1532098081524837,JPM,JPMorgan Chase & Co.,,,
2021-09-08,-0.1801672491268365,0.0085033354035649,-0.0021663624768371,0.0413614350466706,0.0224513143584356,-0.6912584473066478,-0.3475021832748952,-0.1472945172246146,-0.1532154888672898,JPM,JPMorgan Chase & Co.,,,
2021-09-09,-0.1619334737614438,0.0299303183015386,0.0364427525824153,0.0426098059373698,0.0031941000041208,-0.6817379938962794,0.2316225454876039,-0.1488666413039382,-0.151496535058307,JPM,JPMorgan Chase & Co.,,,
2021-09-10,-0.2102929893340502,-0.0268976225639386,0.0330451316050941,0.0157755451552586,0.0743219046569193,-0.6065891436241276,-0.8098567183474055,-0.1622821092065503,-0.1545065460074341,JPM,JPMorgan Chase & Co.,,,
2021-09-13,-0.144228670726756,0.0507360987541509,0.0123507024896557,0.0422979512716917,0.0112695990044941,-0.2853291924975114,0.98953425732801,-0.155627501200019,-0.1509961229318375,JPM,JPMorgan Chase & Co.,,,
2021-09-14,-0.2179572306843846,-0.0359029257478394,0.0521951018576277,-0.014179166739607,0.070905256244824,0.0159304262708891,-1.201314330002119,-0.1692920318269161,-0.1547763280966449,JPM,JPMorgan Chase & Co.,,,
2021-09-15,-0.1891525695858822,-0.0020547369744238,-0.0296560335469179,-0.0076264098484199,-0.0449494098237404,0.0170190052461056,0.4015812095441767,-0.1722520062829808,-0.1554892164468715,JPM,JPMorgan Chase & Co.,,,
2021-09-16,-0.1910021704526149,-0.0042287086138732,0.0370606303881121,0.0157755451552586,0.0386027863012564,-0.1325406756539834,-0.0835235847848016,-0.1749399903555724,-0.15631218815551,JPM,JPMorgan Chase & Co.,,,
2021-09-17,-0.2018379929237607,-0.0169607526313113,-0.0197723451691397,0.0089109335983934,-0.0244495193511686,2.5798106702724164,-0.2248849846275612,-0.1796977590900018,-0.1580849393929194,JPM,JPMorgan Chase & Co.,,,
2021-09-20,-0.3265695783894698,-0.1635327825483239,-0.1572207005195438,-0.1942178644324989,-0.1328500244784882,0.7787290800399963,-2.021507232728679,-0.2148268326099155,-0.1714906870107898,JPM,JPMorgan Chase & Co.,,,
2021-09-21,-0.3260415072041323,-0.1629120539415936,-0.1575294037710551,-0.129004530756273,-0.1440317398324296,-0.4795944133459,-0.0458583543048815,-0.241040020262349,-0.1836277978492447,JPM,JPMorgan Chase & Co.,,,
2021-09-22,-0.2486123937949871,-0.0719250861607044,-0.0741338095036046,-0.0503738286319948,-0.092161149533946,-0.0669860807566214,1.204158342116393,-0.2411080758845061,-0.1873401255112771,JPM,JPMorgan Chase & Co.,,,
2021-09-23,-0.1093453335519832,0.091726457214014,0.0636237204009848,0.0298166229346671,-0.0051923049968538,0.1359508709112887,2.1667844680465014,-0.2059204694828638,-0.1775463927329071,JPM,JPMorgan Chase & Co.,,,
2021-09-24,-0.0601923594833191,0.1494859648282179,0.1216915089642821,0.1281051196185131,0.1016550919536816,-0.2761777489092503,0.7038850853215782,-0.1670926215829741,-0.1639952765787898,JPM,JPMorgan Chase & Co.,,,
2021-09-27,0.0439268774195594,0.2718367854397081,0.2393720162564559,0.2463627894136117,0.2122295693748395,0.2992008162115587,1.5335748036803811,-0.1116265170172655,-0.1418309516360828,JPM,JPMorgan Chase & Co.,,,
2021-09-28,0.0201438488812849,0.2438888353006482,0.2980581539281241,0.2791256216415604,0.2960921975583636,0.3300131363575183,-0.408621040663954,-0.0760447418867741,-0.1239304001949327,JPM,JPMorgan Chase & Co.,,,
2021-09-29,0.0167091333131721,0.2398517301637457,0.2239283702327549,0.2597796817476706,0.2498127019078877,-0.7052070185823038,-0.1058703147324583,-0.0502274942481463,-0.1079819455628323,JPM,JPMorgan Chase & Co.,,,
2021-09-30,-0.0430151770612852,0.1696710166740999,0.2267085847070533,0.1895738167366349,0.2718652266151694,0.2881858730216557,-0.9493801212835156,-0.0459765595459721,-0.0991306594708843,JPM,JPMorgan Chase & Co.,,,
2021-10-01,0.0478923676091122,0.2764950930219721,0.2671708618807221,0.2148483280763622,0.1811693016074548,-0.0579822410972032,1.3265654046752646,-0.0197860852441999,-0.0824881558734619,JPM,JPMorgan Chase & Co.,,,
2021-10-04,0.043134770641553,0.2709052186909815,0.3332696480100554,0.2813095565292938,0.2734183347919535,0.4650891817398958,-0.125229927689698,-0.0013470409944383,-0.0678084678524695,JPM,JPMorgan Chase & Co.,,,
2021-10-05,0.1151817933434822,0.3240068925615524,0.3240033661353,0.3106400829788099,0.2808729696752725,0.127980258753771,1.018676608020829,0.0307122506136224,-0.0476507979736244,JPM,JPMorgan Chase & Co.,,,
2021-10-06,0.1247524077186998,0.3351861673849026,0.2918807897791785,0.2897343936425363,0.3050999406184667,-0.5362927725126868,0.0858178564406965,0.0571783652685041,-0.0284206817794018,JPM,JPMorgan Chase & Co.,,,
2021-10-07,0.1531988635336328,0.3684131537129568,0.366318805423385,0.400191411769742,0.4048031347442103,-0.2590187921812608,0.3615627076925537,0.0842257383381387,-0.0082489667284461,JPM,JPMorgan Chase & Co.,,,
2021-10-08,0.1566543054451974,0.3724502588498594,0.3610680223316476,0.3927030908815206,0.3681522462708919,-0.6290064903171462,-0.0042281205601145,0.1053855962219815,0.0104156898019907,JPM,JPMorgan Chase & Co.,,,
2021-10-11,0.0614784857417772,0.2612787130617194,0.3595235634687426,0.3040878022016162,0.3923792172140861,0.1024816800461565,-1.4364989614497232,0.0971732176744762,0.0183840872589499,JPM,JPMorgan Chase & Co.,,,
2021-10-12,0.0274498849480498,0.221530285653948,0.2174423028322979,0.2513553207484216,0.2355247702003781,0.2644585414601563,-0.5591908605218876,0.0824037003947029,0.0224104668067981,JPM,JPMorgan Chase & Co.,,,
2021-10-13,-0.0884635425242791,0.0861370567216545,0.1779066067158373,0.1212405080616479,0.1833437478433673,2.0580123313215872,-1.7871004591867643,0.0419970678957363,0.0151104685438037,JPM,JPMorgan Chase & Co.,,,
2021-10-14,-0.022797079596723,0.1628392112910175,0.1346641150678701,0.104390833835163,0.111283699130839,0.6600739717413937,0.9537114191783816,0.0283076333069944,0.014683283396442,JPM,JPMorgan Chase & Co.,,,
2021-10-15,0.0606818732369335,0.2603471463129927,0.2322680710503021,0.2316975261888537,0.2231008526702539,0.4922852056292039,1.20781534894008,0.0391631791760304,0.022188393078784,JPM,JPMorgan Chase & Co.,,,
2021-10-18,0.0590868459365112,0.2584840128155396,0.2767458470069889,0.2869262733094532,0.2581986329667883,0.1980921249541582,-0.0781065746767292,0.046901249921017,0.0288604002036613,JPM,JPMorgan Chase & Co.,,,
2021-10-19,0.1127901535382162,0.3212121923153727,0.2779811313157084,0.3078319626457269,0.2867740224397334,-0.6541360592026534,0.7425704405504875,0.0662933138312184,0.0400038465886661,JPM,JPMorgan Chase & Co.,,,
2021-10-20,0.173138056506963,0.3917032701083837,0.3465509573651547,0.3352904088731877,0.3147285477956241,-0.6298367624168876,0.8304507236284159,0.0961071499943381,0.0558405260216299,JPM,JPMorgan Chase & Co.,,,
2021-10-21,0.1375130766947621,0.3500917092031591,0.3607593190801362,0.3733571509876309,0.3911365410958292,-0.5874744348389694,-0.5698789425856325,0.109453363066458,0.0668689415115165,JPM,JPMorgan Chase & Co.,,,
2021-10-22,0.1981281692649638,0.4208936251381663,0.384233491367199,0.4051839431045518,0.3684626783294191,-0.5131743071576643,0.8294922428670198,0.1348004179014336,0.0826263118600817,JPM,JPMorgan Chase & Co.,,,
2021-10-25,0.1757973364863676,0.3948088084965597,0.4111057559342571,0.4295219382192581,0.4517044423958888,-0.265697869961403,-0.3757662100906108,0.1481603538245066,0.094839673363662,JPM,JPMorgan Chase & Co.,,,
2021-10-26,0.188025428550255,0.4090931478694548,0.3965886909677643,0.4313940184413135,0.3985911759791482,-0.661294849751535,0.1223739366479625,0.161274371460775,0.1070989722577417,JPM,JPMorgan Chase & Co.,,,
2021-10-27,0.093116347875606,0.298232440223311,0.3413001742734172,0.3315457723150836,0.3774704213895221,-0.3233003031923526,-1.4231375097848769,0.1470951055199102,0.1092695391701507,JPM,JPMorgan Chase & Co.,,,
2021-10-28,0.1603773875309007,0.3767977282901272,0.335431513375983,0.3508917122089733,0.3147285477956241,-0.8093046893987734,0.9361682513611246,0.1534796704984407,0.1176027359822916,JPM,JPMorgan Chase & Co.,,,
2021-10-29,0.1478812047201909,0.3622025507752358,0.3888668679559138,0.3955112112146037,0.4041817966850819,-0.6382317358698286,-0.2357521268516256,0.1551061937217656,0.1239967768005619,JPM,JPMorgan Chase & Co.,,,
2021-11-01,0.1454891143422412,0.3594078505290561,0.3916466111275382,0.3836540683229286,0.4308936459227158,-0.7682338961982308,-0.0892464215143607,0.1557208171621702,0.12958335399668,JPM,JPMorgan Chase & Co.,,,
2021-11-02,0.1633016042483416,0.3802136309816684,0.3718787630693079,0.3808459479898456,0.3613189494467013,-0.8165188314209711,0.2048531312739565,0.1606888667675831,0.1363463434450103,JPM,JPMorgan Chase & Co.,,,
2021-11-03,0.1648970821214476,0.3820767644791215,0.3545819549311906,0.3880224142123889,0.3715688946829871,-0.58978074622714,-0.031309132179577,0.1648186066365283,0.1426453781343144,JPM,JPMorgan Chase & Co.,,,
2021-11-04,0.1053453410848608,0.312516779596206,0.3258565282497163,0.3050238423126439,0.3675309082117634,-0.3736332429277885,-0.917626600385972,0.1528475756118784,0.1427407817940926,JPM,JPMorgan Chase & Co.,,,
2021-11-05,0.0989652318831715,0.3050642456063934,0.322458907272395,0.3337301833168104,0.3333644240908106,-0.6685827937381542,-0.1481517612382366,0.1422549477162306,0.1422242329576057,JPM,JPMorgan Chase & Co.,,,
2021-11-08,0.1258162098249984,0.3364280984369944,0.3480954162280596,0.3752297073236796,0.3380237486211627,-0.9567610143128508,0.3404966340936036,0.1411045612080824,0.1442935718807288,JPM,JPMorgan Chase & Co.,,,
2021-11-09,0.0917867078859036,0.296679671029223,0.2724216449724596,0.3084561480910765,0.2852213882050234,-0.6658705715456655,-0.5519787852778848,0.1316313099416374,0.1429570857343114,JPM,JPMorgan Chase & Co.,,,
2021-11-10,0.0875319500333929,0.2917109991435938,0.2872474131904637,0.3237451206471907,0.2883271306165174,-0.8487333888909385,-0.1171253892567647,0.1234497930494109,0.1413397842241809,JPM,JPMorgan Chase & Co.,,,
2021-11-11,0.0872665627226729,0.2914006348402286,0.2789077123729165,0.3178165492013532,0.2905015768524299,-1.0671687530873553,-0.0583566999513518,0.117246504612204,0.1398444160853633,JPM,JPMorgan Chase & Co.,,,
2021-11-12,0.0673273697493428,0.2681105184448017,0.2498740537426048,0.2809977018636158,0.2945390893815796,-0.6431580169949611,-0.3484904569286865,0.1075488380501351,0.1365996144527877,JPM,JPMorgan Chase & Co.,,,
2021-11-15,0.0593522332472312,0.2587943771189048,0.2514180413028357,0.2897343936425363,0.2808729696752725,-0.9422220273218233,-0.1725827734264715,0.0982576448446325,0.1328956954914534,JPM,JPMorgan Chase & Co.,,,
2021-11-16,0.0274498849480498,0.221530285653948,0.2291796246271664,0.2622759474150755,0.2762136451449203,-0.349297045159812,-0.5278792912891339,0.0832170207723201,0.126511928836347,JPM,JPMorgan Chase & Co.,,,
2021-11-17,0.0037876098890164,0.1938926998182533,0.182539512001878,0.2082955711851751,0.218752434140503,-0.3117502957603941,-0.4081434985548569,0.0659493035937929,0.1184710877346599,JPM,JPMorgan Chase & Co.,,,
2021-11-18,-0.0339640729904141,0.1497968029702142,0.1606097985777201,0.1823973505140916,0.1932827870790519,-0.6414790223043729,-0.6218037286775603,0.0434462334506242,0.1075915732294371,JPM,JPMorgan Chase & Co.,,,
2021-11-19,-0.0905915973095601,0.0836527207788399,0.0759784486988759,0.0853572247209447,0.0973066734239307,0.1096589210861435,-0.912895719066033,0.0122405074543382,0.092346617060062,JPM,JPMorgan Chase & Co.,,,
2021-11-22,0.000597104715488,0.190166432823347,0.1955121181054659,0.1958147189621439,0.1861390581963341,0.5444078430018602,1.34624197082431,0.011909627283631,0.0871100310699605,JPM,JPMorgan Chase & Co.,,,
2021-11-23,0.1050799537741408,0.3122064152928409,0.2752013881440839,0.2700765990829684,0.2277597032585319,0.1393273107835705,1.5169497565755208,0.0380986903291694,0.0922290086059812,JPM,JPMorgan Chase & Co.,,,
2021-11-24,0.0699861991560637,0.2712160568329778,0.3023823559626534,0.3034636167562666,0.3196983043845035,-0.3633747698732055,-0.5699171266241344,0.0488607391072716,0.0935642894168884,JPM,JPMorgan Chase & Co.,,,
2021-11-26,-0.063739267649682,0.1150165736094409,0.0926573790312964,0.0656999062753702,0.1233971846024361,0.372707572775333,-2.0341967277020907,0.0230958131346975,0.082133597454751,JPM,JPMorgan Chase & Co.,,,
2021-11-29,-0.0823488206333098,0.093279226408102,0.1584474619091184,0.0969025129469417,0.1597376410172274,0.0932010830201579,-0.3385084311612726,-0.0009366436901439,0.0699824090758933,JPM,JPMorgan Chase & Co.,,,
2021-11-30,-0.1461544183770399,0.0187510434781884,0.0302653884334697,0.0491620867145635,0.0308377193594102,1.3511924675661575,-1.0326312029075506,-0.0351056726613352,0.052902653778368,JPM,JPMorgan Chase & Co.,,,
2021-12-01,-0.171145882853092,-0.0104393115515941,0.111807820586504,0.0338731141584492,0.0879884983053004,0.1206923147671518,-0.4433706567255798,-0.0670560173946805,0.0350125034222255,JPM,JPMorgan Chase & Co.,,,
2021-12-02,-0.0828804964001173,0.0926584978013717,0.1111899427808073,0.0650757208300207,0.0516480418905092,0.2528900835370924,1.3273572232573077,-0.0686850461394406,0.02709477757815,JPM,JPMorgan Chase & Co.,,,
2021-12-03,-0.160511015798892,0.0019818943238477,0.0673300446298173,0.0148395050442309,0.1035186321889928,0.1997342186625357,-1.244725330500145,-0.0895496144337058,0.0125563913262467,JPM,JPMorgan Chase & Co.,,,
2021-12-06,-0.1107952764482428,0.0600522400800478,0.0914220947225769,0.0856695555006162,0.0882989303638276,-0.0761559748359878,0.7218930643273195,-0.0926185014449194,0.0040406122665009,JPM,JPMorgan Chase & Co.,,,
2021-12-07,-0.0467242913937927,0.1348912611519577,0.1155141448153366,0.138713891619489,0.1153216856020628,-0.3224515806015058,0.9343756141985302,-0.0787083295827315,0.0023573093858123,JPM,JPMorgan Chase & Co.,,,
2021-12-08,-0.0961737422883544,0.0771317535377538,0.111807820586504,0.1078231396135956,0.139548656545257,0.0196389749830674,-0.8062919629836371,-0.0807878611113491,-0.0038487224273202,JPM,JPMorgan Chase & Co.,,,
2021-12-09,-0.1028201399461312,0.0693683814059448,0.0395311990055511,0.0603950441608889,0.0460569472425014,-0.0755840096117215,-0.156667211418663,-0.0840292431692009,-0.0101190282141142,JPM,JPMorgan Chase & Co.,,,
2021-12-10,-0.1198355667747042,0.0494941677020591,0.0633145458467994,0.0753726381653184,0.0979280114830591,-0.2202727608599942,-0.3165543666467157,-0.0907656814173987,-0.0174282217834547,JPM,JPMorgan Chase & Co.,,,
2021-12-13,-0.1703470174848296,-0.0095077448028675,0.0043197049236198,0.0176476253773139,0.0413980966542233,0.0866696091688587,-0.8356539861252608,-0.1085988876090471,-0.0288491184364559,JPM,JPMorgan Chase & Co.,,,
2021-12-14,-0.1381783807295608,0.0280671848040854,0.0382959146968316,0.0182718108226635,-0.0222755470573302,0.1779257381759942,0.4490630882231539,-0.113834184300372,-0.0361900049103593,JPM,JPMorgan Chase & Co.,,,
2021-12-15,-0.1698153417180222,-0.0088865423575061,0.0061733383407101,0.0198320363790408,0.0522693799496376,0.4455685621504196,-0.5458623646032231,-0.1257657352190141,-0.0458550116291023,JPM,JPMorgan Chase & Co.,,,
2021-12-16,-0.1041497799358335,0.0678156122118568,0.067021341378306,0.0619552697172662,0.0690417160095128,1.4656224134016316,0.9732297313682244,-0.1180990866387031,-0.0484322896724699,JPM,JPMorgan Chase & Co.,,,
2021-12-17,-0.2011873659684472,-0.0455299052157326,-0.0083437266257826,-0.0478780390785833,0.0358074759482896,3.041146749870964,-1.549707715716537,-0.1369024536129701,-0.0599507835392697,JPM,JPMorgan Chase & Co.,,,
2021-12-20,-0.276159055960501,-0.1331004964664495,-0.1528964984850145,-0.1520946310942735,-0.1135928101241733,0.6547602303030485,-1.236590382210423,-0.1699750138099529,-0.0775111862301118,JPM,JPMorgan Chase & Co.,,,
2021-12-21,-0.2189989547291802,-0.0663356856683449,-0.0762961461722063,-0.0506861594116663,-0.0856382847682826,-0.0568198601575652,0.8633631095810376,-0.1803162530003265,-0.088070341743661,JPM,JPMorgan Chase & Co.,,,
2021-12-22,-0.2027823932688696,-0.0473930387131858,-0.0800024704010388,-0.0460054827425346,-0.0750779074734695,-0.798215944244449,0.2023556596413083,-0.1839689170409776,-0.0961361961903328,JPM,JPMorgan Chase & Co.,,,
2021-12-23,-0.1878932189348426,-0.0300031609521147,-0.0163747241918186,0.0154636904895805,-0.0173057904684509,-0.6538962028182835,0.1804178957075651,-0.1829410175676143,-0.1020609261014537,JPM,JPMorgan Chase & Co.,,,
2021-12-27,-0.1639664577104566,-0.0020547369744238,-0.0447909763191075,-0.0116829010722021,-0.0176162225269781,-0.9983853222465544,0.3216322536314533,-0.1761159210864531,-0.1051846185029615,JPM,JPMorgan Chase & Co.,,,
2021-12-28,-0.1512066898797618,0.0128508048438326,0.0154391489127915,0.0426098059373698,0.0010196537682083,-0.9699346649620816,0.1449707212518446,-0.167768503479355,-0.1068178225998784,JPM,JPMorgan Chase & Co.,,,
2021-12-29,-0.1533338435196753,0.010366468901018,-0.0006219036139321,0.0447937408251032,0.0212091121822528,-0.9594916869964448,-0.0875865084354894,-0.1620461724911806,-0.1085036893469839,JPM,JPMorgan Chase & Co.,,,
2021-12-30,-0.1554596454415376,0.0078821329582035,0.0182193633870899,0.0516583523819684,0.0292846111826262,-0.8581431393546747,-0.0875821611814022,-0.158292314442913,-0.1102373034171839,JPM,JPMorgan Chase & Co.,,,
2022-01-03,-0.069854440113335,0.1078744039229933,0.0923486757797851,0.0872293049430001,0.0525798120081648,0.2807503251061936,,-0.0603882362519056,-0.0385338301893593,JPM,JPMorgan Chase & Co.,,,
2022-01-04,0.0931154467302385,0.298232440223311,0.2758192659497807,0.2345056465219367,0.1907979087846122,1.5861041203196655,2.4367466484169755,-0.0191520782807907,-0.023124002808901,JPM,JPMorgan Chase & Co.,,,
2022-01-05,0.011543317494149,0.1724657169202796,0.2690240239951384,0.2189043431861509,0.2998197519710602,1.0959852745967482,-1.255826706557498,-0.0088650993544212,-0.0168282264837688,JPM,JPMorgan Chase & Co.,,,
2022-01-06,0.0580798159883632,0.2264989575395772,0.2384454351992477,0.2232726890756112,0.2715547945566423,0.4517125756885062,0.6437037511570437,0.0106252329305441,-0.0067044749568336,JPM,JPMorgan Chase & Co.,,,
2022-01-07,0.1019421656046095,0.2774266597706987,0.2433875150394738,0.2604038671930202,0.2330398919059385,0.4269520166251063,0.5966683414743972,0.0363414421898095,0.0066463964377011,JPM,JPMorgan Chase & Co.,,,
2022-01-10,0.1062208038093582,0.2823953316563279,0.2983668571796354,0.2750691304177782,0.3386450866802912,0.2441445507531494,0.0084475876181339,0.0567112200056937,0.0191881243926496,JPM,JPMorgan Chase & Co.,,,
2022-01-11,0.1107675327609292,0.2876743678453223,0.2739661038353644,0.2994071255324845,0.3134858716773672,0.0470195037834292,0.0123242976159782,0.0731390090556493,0.031019617068098,JPM,JPMorgan Chase & Co.,,,
2022-01-12,0.1361753263967526,0.3171750871784701,0.3070152612486941,0.3265532409802737,0.3196983043845035,0.1787375597846303,0.3182848054079978,0.0918887673279753,0.0441779861254751,JPM,JPMorgan Chase & Co.,,,
2022-01-13,0.1305584873213106,0.3106536460987529,0.3138105032033365,0.3487073012072465,0.3159707499718069,0.373464042910653,-0.1363765630525087,0.1045298611182233,0.0556090323667733,JPM,JPMorgan Chase & Co.,,,
2022-01-14,-0.1459845524752718,-0.0104393115515941,0.0426201167313609,0.0057904824856389,0.0805338634219814,5.2693018577192685,-4.093437947042475,0.044037186996807,0.0398520095681146,JPM,JPMorgan Chase & Co.,,,
2022-01-18,-0.323036187403619,-0.2160132539735334,-0.1195381665174994,-0.192658114990115,-0.0741461373558139,3.823964186489392,-2.809682697444965,-0.0461315715627333,0.0087860981947531,JPM,JPMorgan Chase & Co.,,,
2022-01-19,-0.385618930883692,-0.2886787772446249,-0.2291881475463113,-0.2547509975535864,-0.2049095992489423,1.9890997470430487,-1.070963016228257,-0.1295934088647439,-0.0253732312664276,JPM,JPMorgan Chase & Co.,,,
2022-01-20,-0.4195844515016964,-0.3281163665104001,-0.2792254098462468,-0.2918821756709953,-0.2850451469618439,0.6017704198484402,-0.6148070429675752,-0.2007840590770763,-0.0596388206533297,JPM,JPMorgan Chase & Co.,,,
2022-01-21,-0.4885874051523111,-0.4082344237713042,-0.3749762037142626,-0.3882981160187926,-0.3313251165543939,1.6801278229926058,-1.2026464439392708,-0.2716368164663092,-0.0973140195436393,JPM,JPMorgan Chase & Co.,,,
2022-01-24,-0.4920635734073275,-0.4122715289082069,-0.4376773688662747,-0.5349502721523797,-0.4934597522155083,3.112992962235255,-0.1133150118605388,-0.3256559569622272,-0.1318928939159311,JPM,JPMorgan Chase & Co.,,,
2022-01-25,-0.4498066142632295,-0.3632069601745385,-0.3953614582755156,-0.4968835300379364,-0.4509073370356549,1.3499562846620985,0.6618552273663788,-0.3554780631316024,-0.1593325731009861,JPM,JPMorgan Chase & Co.,,,
2022-01-26,-0.4126312138462961,-0.3200426300752259,-0.2804606941549663,-0.3355656345655979,-0.2934315519628186,1.6808104911635042,0.5689227629406753,-0.3684381768530431,-0.1807625681681288,JPM,JPMorgan Chase & Co.,,,
2022-01-27,-0.4824357363012755,-0.4010922540848567,-0.2863293550524005,-0.3926664619082529,-0.2716894593140641,1.0955055618280087,-1.2139429621952664,-0.3958208522753585,-0.2068448383194221,JPM,JPMorgan Chase & Co.,,,
2022-01-28,-0.4476677457335388,-0.3607226242317239,-0.3981416727498141,-0.4538237804746899,-0.4341345270337057,0.4645356670067349,0.5334495447747514,-0.4075605381888291,-0.2272684609104998,JPM,JPMorgan Chase & Co.,,,
2022-01-31,-0.3944442980400117,-0.2989260114806174,-0.335440507597802,-0.3758172637957614,-0.3890972335594125,0.4403101721853906,0.8375334243175816,-0.402898210393793,-0.2408027789475234,JPM,JPMorgan Chase & Co.,,,
2022-02-01,-0.3262447154844968,-0.2197399948070709,-0.2526623198333741,-0.2625516492214793,-0.2943633220804742,0.5508655148887379,1.0732133824815129,-0.3821449712511643,-0.2466580051394661,JPM,JPMorgan Chase & Co.,,,
2022-02-02,-0.3586066479210879,-0.2573144505753929,-0.2690325469142833,-0.2697281154440225,-0.2381443132522396,0.155323886571922,-0.5805092392934136,-0.3747685593194199,-0.255040962210143,JPM,JPMorgan Chase & Co.,,,
2022-02-03,-0.3917701491620438,-0.2958209469310724,-0.2471028334901253,-0.2628639800011507,-0.253674447135932,0.1615601525655354,-0.597889828789278,-0.3776275881970896,-0.2657976498131603,JPM,JPMorgan Chase & Co.,,,
2022-02-04,-0.288534034719286,-0.1759544622623969,-0.189961154681362,-0.2478863859967212,-0.2816284985497486,0.9326984283142676,1.6513825807066498,-0.3536500970810213,-0.2658148330667597,JPM,JPMorgan Chase & Co.,,,
2022-02-07,-0.2748942984372566,-0.1601168798567827,-0.1862548304525295,-0.1829849069861734,-0.152107238832803,0.179530930902161,0.1652310706833952,-0.3322157256879383,-0.2645407313889349,JPM,JPMorgan Chase & Co.,,,
2022-02-08,-0.1978693487254218,-0.0706831551086126,-0.0361425722500489,-0.059734705856265,-0.0983731082990081,1.6258833791428324,1.1819462275791217,-0.2966503772872969,-0.2560992638910578,JPM,JPMorgan Chase & Co.,,,
2022-02-09,-0.1804840017235023,-0.0504981032627307,-0.0685743231603558,-0.0279079137393439,-0.0489873962949641,-0.455387369015661,0.2194693680564624,-0.2655773636358968,-0.2467813086699538,JPM,JPMorgan Chase & Co.,,,
2022-02-10,-0.1978693487254218,-0.0706831551086126,-0.019154467363443,-0.0466296681878842,-0.0468129500590516,0.8960188519968019,-0.3272187916278887,-0.2466716057482655,-0.2399543341465299,JPM,JPMorgan Chase & Co.,,,
2022-02-11,-0.2521624559701361,-0.1337216989118109,-0.0450996795706189,-0.1168355331989199,-0.0794263260032204,0.9650974906952886,-0.9098512287002016,-0.2462300347805394,-0.2388817482973513,JPM,JPMorgan Chase & Co.,,,
2022-02-14,-0.2904075159382567,-0.1781279600632152,-0.1844016683381132,-0.1995222504329868,-0.1688800488347523,1.001352705717331,-0.6649554616893305,-0.2555759776781945,-0.2415229811164404,JPM,JPMorgan Chase & Co.,,,
2022-02-15,-0.2307656603649228,-0.108878813322296,-0.1145960866772733,-0.0893770869714591,-0.1135928101241733,-0.3873235073279694,0.9065578118607046,-0.2474942973060499,-0.2382845894527557,JPM,JPMorgan Chase & Co.,,,
2022-02-16,-0.2232762412158777,-0.1001838744417605,-0.1096540068370472,-0.0928093927498917,-0.1375088750667663,-0.4654613371591903,0.0644934305980088,-0.2395379944695496,-0.2346324253652681,JPM,JPMorgan Chase & Co.,,,
2022-02-17,-0.3187570986261866,-0.2110450559265353,-0.1828572094752083,-0.1886016237663328,-0.1604936438337776,-0.0427605859352771,-1.5679993220342552,-0.2577302227829702,-0.2403405915439252,JPM,JPMorgan Chase & Co.,,,
2022-02-18,-0.29976771287017,-0.1889968705832002,-0.1701933066231317,-0.1742482152072529,-0.1875159251299387,0.0247313105281482,0.2536719400155703,-0.2665695228484255,-0.2437342677164541,JPM,JPMorgan Chase & Co.,,,
2022-02-22,-0.3069885906997091,-0.1973814451603706,-0.1979916809447239,-0.1967141300999038,-0.2350380968986715,-0.0490337529111012,-0.1710598732504825,-0.2750260916302054,-0.2475022072691963,JPM,JPMorgan Chase & Co.,,,
2022-02-23,-0.3920377893361825,-0.2961313112344376,-0.1961385188303076,-0.272848566556777,-0.1567665633631552,0.036853283184373,-1.4304235187906469,-0.302888458238691,-0.2589695432915805,JPM,JPMorgan Chase & Co.,,,
2022-02-24,-0.5027615206372504,-0.4246927347836488,-0.4528118403357903,-0.528397991375186,-0.4729598617429366,2.59337178123486,-1.8841140570185784,-0.3518015824943867,-0.2798640191272919,JPM,JPMorgan Chase & Co.,,,
2022-02-25,-0.4112939141209702,-0.3184898608811379,-0.2940511780642511,-0.3683284667935466,-0.4012107190310097,1.2488106924224869,1.5003162163744903,-0.3653424403487603,-0.2902101599136926,JPM,JPMorgan Chase & Co.,,,
2022-02-28,-0.5763103020940687,-0.5100898282335473,-0.4506499749698626,-0.49407493359086,-0.4540130794471489,3.637706478780732,-2.7945494028996425,-0.4172520664787742,-0.3152190793752374,JPM,JPMorgan Chase & Co.,,,
2022-03-01,-0.719395515259044,-0.6762261813897115,-0.5921138291032846,-0.7218540575161301,-0.5630349226335969,4.657114562843256,-2.5337628895140414,-0.4923890387927479,-0.3514840671746169,JPM,JPMorgan Chase & Co.,,,
2022-03-02,-0.6437069641271677,-0.5883447519969983,-0.6057043130125693,-0.6273101973903882,-0.6484506589939051,1.4403083396050709,1.308477617490056,-0.5295903461825804,-0.3772954095435887,JPM,JPMorgan Chase & Co.,,,
2022-03-03,-0.6701857690322294,-0.619087876220869,-0.5766701830795836,-0.6132691196109797,-0.5692468813986591,0.930189161523938,-0.5215579369186657,-0.5641912404519578,-0.403264003716679,JPM,JPMorgan Chase & Co.,,,
2022-03-04,-0.7742230017066678,-0.7398859276382712,-0.7484034514547109,-0.758673380967861,-0.7214420038820148,1.7374350483658696,-1.9029119246239787,-0.6164663803214675,-0.4367091910249171,JPM,JPMorgan Chase & Co.,,,
2022-03-07,-0.9130284502351856,-0.901053135070175,-0.8327256267793695,-0.8663222787619838,-0.8074790783014514,2.944853636792064,-2.5920321128769985,-0.6907945820483896,-0.4802388345774454,JPM,JPMorgan Chase & Co.,,,
2022-03-08,-0.9373670348925054,-0.9293119233512313,-0.8605244724036357,-0.9187426674925036,-0.8860615178375689,1.4038132681986588,-0.5172642764827868,-0.7526991086186775,-0.5221126040012141,JPM,JPMorgan Chase & Co.,,,
2022-03-09,-0.799898660802972,-0.7696970112747842,-0.7539629377979596,-0.7574250100771618,-0.7848052155350412,1.0953948588813769,2.5781887435826936,-0.7643439757439265,-0.5471811680902564,JPM,JPMorgan Chase & Co.,,,
2022-03-10,-0.8421544935153608,-0.8187615800084526,-0.8092514544923066,-0.8235743838644153,-0.8171076854786088,0.7389313707257239,-0.8325061269526222,-0.7837695902701887,-0.5739663264497603,JPM,JPMorgan Chase & Co.,,,
2022-03-11,-0.921587078362734,-0.9109904788414336,-0.7897923096855877,-0.8828596222087971,-0.7975395651236927,1.5613804622384764,-1.5345722019010173,-0.8184375732770864,-0.60582732069694,JPM,JPMorgan Chase & Co.,,,
2022-03-14,-0.8873536922842495,-0.8712420514336621,-0.8256216815732158,-0.8575855869830632,-0.8916521385435027,0.7726404179752259,0.5981530572231488,-0.8357765104838757,-0.6315548790452096,JPM,JPMorgan Chase & Co.,,,
2022-03-15,-0.8255731934675665,-0.7995085687499283,-0.8061625367664969,-0.7983003486386814,-0.81897122571392,0.6452766778748908,1.1117069473630448,-0.8331484364200065,-0.649101833880269,JPM,JPMorgan Chase & Co.,,,
2022-03-16,-0.6672433041210972,-0.6156719735293278,-0.6535792386439032,-0.6953321275136904,-0.7236164501179273,1.6154588516683013,2.88203375200352,-0.7911152782647252,-0.6500825245572572,JPM,JPMorgan Chase & Co.,,,
2022-03-17,-0.6204393907390862,-0.5613283686066651,-0.6010709364238547,-0.6488400721720113,-0.6618063466416849,1.0057808235826189,0.7764784925115953,-0.747747647753611,-0.6465484572733924,JPM,JPMorgan Chase & Co.,,,
2022-03-18,-0.6217762398917283,-0.562880663962122,-0.5806852105599275,-0.5695851846023837,-0.5583755981032448,2.2246202660030336,-0.0778802826022157,-0.7155601868885519,-0.6434620763255674,JPM,JPMorgan Chase & Co.,,,
2022-03-21,-0.6338123879923445,-0.576855112870283,-0.583465425034226,-0.5611608236031347,-0.5534058415143654,0.1986825406695299,-0.2655311126345329,-0.6944650894851919,-0.6417943689371779,JPM,JPMorgan Chase & Co.,,,
2022-03-22,-0.5543791272859455,-0.4846262140373021,-0.4855527658002826,-0.4678648582540984,-0.4937701842740356,0.35966307556384,1.3431330232066203,-0.658544823308327,-0.632767357120654,JPM,JPMorgan Chase & Co.,,,
2022-03-23,-0.6303355438783025,-0.5728180077333804,-0.5578289160785614,-0.5464955603783765,-0.5338381951015234,0.091134628016357,-1.3630163537841624,-0.6508238233338872,-0.631743139463072,JPM,JPMorgan Chase & Co.,,,
2022-03-24,-0.6059969592209826,-0.5445592194523243,-0.5850094125944568,-0.5493036807114596,-0.5549589496911495,-0.2918237653665999,0.3733799946645735,-0.6388746980779614,-0.6285106663074357,JPM,JPMorgan Chase & Co.,,,
2022-03-25,-0.5731008728678235,-0.506363561238641,-0.5087182348358341,-0.4965711992582649,-0.5304215466894281,-0.5933232405193701,0.5200633308856779,-0.621589180114004,-0.6224615225678589,JPM,JPMorgan Chase & Co.,,,
2022-03-28,-0.6011825900952729,-0.5389698189599649,-0.576978886331095,-0.5870590442742182,-0.5642771248097798,-0.1441275840681526,-0.5406198203538011,-0.6157305391664941,-0.6196176038979213,JPM,JPMorgan Chase & Co.,,,
2022-03-29,-0.5928922780008885,-0.5293433133307027,-0.4957451574295721,-0.514044582816106,-0.4602250382122111,-0.0521703363990132,0.0901561262615713,-0.609238866509362,-0.6162483221597951,JPM,JPMorgan Chase & Co.,,,
2022-03-30,-0.6100086331106181,-0.5492175270345884,-0.5414586889976524,-0.5243415001514038,-0.5052628056285783,-0.5218275874860806,-0.3523306085963711,-0.6087010515346326,-0.6148037977463594,JPM,JPMorgan Chase & Co.,,,
2022-03-31,-0.7228728099457699,-0.680262812687983,-0.5961288565836286,-0.6382313001710356,-0.5695573134571863,1.061759613596296,-2.027638813702556,-0.6368556350588732,-0.6241626112224834,JPM,JPMorgan Chase & Co.,,,
2022-04-01,-0.7498850929083739,-0.7116271393572151,-0.6869375706114182,-0.714989445959265,-0.6450340105818098,0.7605368958101063,-0.5413162735449035,-0.6648064720137015,-0.6352248046518071,JPM,JPMorgan Chase & Co.,,,
2022-04-04,-0.7338374962044639,-0.6929948567054212,-0.7014546355779111,-0.7433839322977533,-0.7469116509434659,1.0732911705371493,0.2369598587641201,-0.6817090874133696,-0.6437639429746239,JPM,JPMorgan Chase & Co.,,,
2022-04-05,-0.776138611471568,-0.7728025496629601,-0.7490213292604077,-0.7396397718536426,-0.7484642851781759,0.0942896619953744,-0.8191841675475063,-0.7050894709590074,-0.6555266323877957,JPM,JPMorgan Chase & Co.,,,
2022-04-06,-0.8259838904687911,-0.8302512191351679,-0.8367411255623874,-0.8036047346391694,-0.8258045225381107,0.2427054124469309,-0.9661817076710432,-0.7352370751550731,-0.6709331709024704,JPM,JPMorgan Chase & Co.,,,
2022-04-07,-0.8367602373456839,-0.8426728988492408,-0.8565089736206177,-0.8731868903188489,-0.8453726428930267,0.2573735528756961,-0.254330694845893,-0.7605745099135507,-0.6859580863540113,JPM,JPMorgan Chase & Co.,,,
2022-04-08,-0.772096974498464,-0.7681442420806961,-0.7953522673315105,-0.787067391192356,-0.8230092121851438,0.2818573545725155,1.1486373103340506,-0.7632158852207511,-0.6935027823656017,JPM,JPMorgan Chase & Co.,,,
2022-04-11,-0.7852998805636128,-0.7833606220409489,-0.7644649752841086,-0.7533685188533796,-0.7816989991814731,-0.2090179612857215,-0.2956710890953792,-0.7685376389089472,-0.7016100146957283,JPM,JPMorgan Chase & Co.,,,
2022-04-12,-0.8246360022853975,-0.8286989237797109,-0.7743486636618867,-0.8117177170867337,-0.808410848419107,0.2565801817581654,-0.7757942833890042,-0.7824821459009216,-0.7126997035169617,JPM,JPMorgan Chase & Co.,,,
2022-04-13,-0.9388753269513088,-0.9603654118784674,-0.9389779868308602,-0.9580577804976456,-0.9699241460210934,3.549642284734824,-2.1726309964458426,-0.8218464236065526,-0.7335832851701796,JPM,JPMorgan Chase & Co.,,,
2022-04-14,-0.9706681860883424,-0.9970085378173774,-0.9683208200153572,-0.9889485325035392,-0.9835907396694742,1.3350667383400685,-0.6635702532479146,-0.8594141570868425,-0.7555745741110945,JPM,JPMorgan Chase & Co.,,,
2022-04-18,-0.9076213527440218,-0.924343251465602,-0.9392866900823716,-0.972723043722404,-1.009370818789452,0.0433847570356723,1.1647877960141906,-0.8716372604767116,-0.7696051805030758,JPM,JPMorgan Chase & Co.,,,
2022-04-19,-0.8359532616691143,-0.8417413321005143,-0.8750410660674546,-0.8887881936546346,-0.9230233123114888,0.6302948790973345,1.306263823241027,-0.8626704604063862,-0.7755836086400377,JPM,JPMorgan Chase & Co.,,,
2022-04-20,-0.8235580071395612,-0.8274565188889881,-0.8073982923778904,-0.7917480678614878,-0.7966077950060371,0.3378176940950877,0.1761217514185335,-0.8528089976563817,-0.7798464940662028,JPM,JPMorgan Chase & Co.,,,
2022-04-21,-0.8510406879839844,-0.8591312098615853,-0.829019302550537,-0.8348073413107407,-0.8059259701246674,0.1060795258117027,-0.563863046249108,-0.8523668243568514,-0.7863205047090093,JPM,JPMorgan Chase & Co.,,,
2022-04-22,-0.9520775571574318,-0.9755817918387192,-0.899750993965911,-0.936839998438698,-0.8661829654241257,0.5017687580573615,-1.941897547889999,-0.8776004836441524,-0.801759640121275,JPM,JPMorgan Chase & Co.,,,
2022-04-25,-0.953155101730584,-0.976823959810127,-1.0047678340573447,-1.0485453874566024,-0.998810204523602,1.023954557321403,-0.0751679228515628,-0.896798378469152,-0.815897106382623,JPM,JPMorgan Chase & Co.,,,
2022-04-26,-1.0541926467630562,-1.0932745417872614,-1.02669778313284,-1.05603394640182,-1.0413628566744928,1.035117104440149,-1.9983389942236764,-0.9367622598619936,-0.838303083536646,JPM,JPMorgan Chase & Co.,,,
2022-04-27,-1.0973011882794137,-1.1429600760469751,-1.114726753989005,-1.1075182950213127,-1.1131119993864202,1.036168782433155,-0.909105160062196,-0.9776428954089998,-0.862748337297191,JPM,JPMorgan Chase & Co.,,,
2022-04-28,-1.0455704878871008,-1.0833374349353186,-1.111946775166044,-1.1100145606887175,-1.0982032035618554,0.2613219579722443,0.9846746665179338,-0.9952139886583098,-0.8800798323122135,JPM,JPMorgan Chase & Co.,,,
2022-04-29,-1.1528047590389825,-1.2069301865989004,-1.1131822951261003,-1.1799083329770783,-1.0907485686785372,0.6043534886031913,-2.1749339338753986,-1.035525722201824,-0.9059754113825188,JPM,JPMorgan Chase & Co.,,,
2022-05-02,-1.1234362062267853,-1.1730819978254845,-1.2027554891938337,-1.2011261150360268,-1.1892097975991351,1.2815234131522992,0.5456662927040933,-1.058328417714285,-0.9267398655947062,JPM,JPMorgan Chase & Co.,,,
2022-05-03,-1.0539229790118412,-1.0929639405645806,-1.0958854869879826,-1.121247518135043,-1.1379603083887424,0.7604630938456849,1.3531181983474003,-1.0578415554509029,-0.9390437294936456,JPM,JPMorgan Chase & Co.,,,
2022-05-04,-0.944263725676097,-0.9665762517355034,-0.9961194299882864,-1.060090437625603,-1.0985136356203835,1.0201722066448031,2.1194639322891624,-1.0297294035787987,-0.9398600884885052,JPM,JPMorgan Chase & Co.,,,
2022-05-05,-1.0299432754971154,-1.0653263547288856,-1.0362730039104435,-1.0781877685717969,-1.0224160743787052,0.6376750755394806,-1.698581306613217,-1.0303247270219709,-0.9487037731257384,JPM,JPMorgan Chase & Co.,,,
2022-05-06,-1.035331899508246,-1.071536957666607,-1.0921789271078135,-1.1087664278550151,-1.0674533678529987,0.5200531947427783,-0.160501149727945,-1.0321346994181586,-0.9572530147104386,JPM,JPMorgan Chase & Co.,,,
2022-05-09,-1.0854463956840008,-1.1292964652808108,-1.1218306991951594,-1.1299842099139636,-1.1199452962106105,0.5005694761355128,-1.0423822588819536,-1.0461726150889823,-0.9697636931941912,JPM,JPMorgan Chase & Co.,,,
2022-05-10,-1.1654681043153576,-1.2215253641137918,-1.107931512034363,-1.221719949706622,-1.0888850284432257,0.8825130925076747,-1.6560406388595512,-1.0769488895386954,-0.9887035929118774,JPM,JPMorgan Chase & Co.,,,
2022-05-11,-1.1856749374628266,-1.2448154805092186,-1.1354211831044438,-1.209862806814948,-1.20722457280623,0.5592420378505737,-0.46897678242647,-1.1051440164186557,-1.007832366677249,JPM,JPMorgan Chase & Co.,,,
2022-05-12,-1.188368911538879,-1.247920781978079,-1.2765760983350174,-1.2900534964386057,-1.2786632834596294,0.8707785801646625,-0.1100596486164248,-1.1269720159794587,-1.0254768931951084,JPM,JPMorgan Chase & Co.,,,
2022-05-13,-1.160078804445202,-1.2153147611760708,-1.216963615257478,-1.2092388594265946,-1.2038079243941344,-0.2132984752221662,0.5300938390380865,-1.136184789380602,-1.0388423643642286,JPM,JPMorgan Chase & Co.,,,
2022-05-16,-1.1824416278843433,-1.2410889765949964,-1.241364604253086,-1.2320166289849237,-1.2308304426613326,-0.2454392307277121,-0.5124353557728697,-1.148752819209371,-1.0531073382493503,JPM,JPMorgan Chase & Co.,,,
2022-05-17,-1.076824462094387,-1.119359358428868,-1.1329501431843307,-1.1203114780240149,-1.1531797732428706,-0.0810084539966988,2.123784698565012,-1.1314546030278694,-1.0560887292941297,JPM,JPMorgan Chase & Co.,,,
2022-05-18,-1.133135909675893,-1.184261272648835,-1.1638374352317329,-1.1602507764745074,-1.1451040372714607,0.196616085665729,-1.1785388742756355,-1.132729387601913,-1.0641236861840422,JPM,JPMorgan Chase & Co.,,,
2022-05-19,-1.1810946408463168,-1.239536444320224,-1.2354959433556518,-1.2195357767618928,-1.2417014889857103,0.2152326311910423,-1.028462521401211,-1.1458204406749382,-1.075962991992692,JPM,JPMorgan Chase & Co.,,,
2022-05-20,-1.2072294335073468,-1.2696583660987335,-1.2348783012012916,-1.3009745992192536,-1.202255053188387,0.2861378685089602,-0.5932143391877329,-1.162251599026073,-1.0891972062268558,JPM,JPMorgan Chase & Co.,,,
2022-05-23,-1.0116220890310783,-1.044209973053593,-1.021755938943951,-1.1315444354703403,-1.1711947854210027,2.357500702943873,4.011354507049632,-1.1250805764429046,-1.0827324058872287,JPM,JPMorgan Chase & Co.,,,
2022-05-24,-0.9642022427904016,-0.9895557669082496,-0.9933396868166624,-1.0485453874566024,-1.0500596937339943,1.425418793283041,0.8737722872756775,-1.0852036985448217,-1.07237147008233,JPM,JPMorgan Chase & Co.,,,
2022-05-25,-0.940492657599576,-0.962228782295236,-0.981911303924642,-0.9842680938914038,-0.9904240364936648,0.2179264028924256,0.4031937297517589,-1.0492968201469772,-1.0607105471922542,JPM,JPMorgan Chase & Co.,,,
2022-05-26,-0.8812168923317768,-0.8939109653837275,-0.9099438568978744,-0.8894119029859908,-0.9255081906059284,0.8102794198301705,1.0817712130098351,-1.0073681553805072,-1.0445048119329352,JPM,JPMorgan Chase & Co.,,,
2022-05-27,-0.8319113994096684,-0.8370830245182502,-0.8765855249303595,-0.8603937073161462,-0.8699100458947481,-0.0777611675621545,0.8745948218733249,-0.9634459219667928,-1.0251101809978505,JPM,JPMorgan Chase & Co.,,,
2022-05-31,-0.8060455986408284,-0.8072719408817371,-0.818517736367062,-0.8426079929786336,-0.8692891817776938,0.999230899240214,0.4261384568053511,-0.92395944119294,-1.0050329242505571,JPM,JPMorgan Chase & Co.,,,
2022-06-01,-0.868553321769059,-0.8793157878688361,-0.8271661404361207,-0.8750589705409042,-0.7857369856526969,-0.1533712801119405,-1.2073930161776851,-0.9101608666470647,-0.9926913708652286,JPM,JPMorgan Chase & Co.,,,
2022-06-02,-0.8122423247602374,-0.8144141105681847,-0.8537292304489934,-0.8750589705409042,-0.8779860188371956,-0.5949284332455369,1.0027571262011896,-0.885563603035583,-0.9761472180883872,JPM,JPMorgan Chase & Co.,,,
2022-06-03,-0.8618181612925869,-0.8715524157370272,-0.8611418789066584,-0.8338713011997131,-0.8372966699505793,-0.5541159469204694,-0.9704586918512554,-0.8796597950229166,-0.9657947862240316,JPM,JPMorgan Chase & Co.,,,
2022-06-06,-0.8734035114231257,-0.8849056621998268,-0.8419919086541249,-0.8504086446465265,-0.8410242243632758,-0.0508788020216377,-0.271532485667519,-0.8781633721596656,-0.9574789522202284,JPM,JPMorgan Chase & Co.,,,
2022-06-07,-0.864242692903766,-0.874347115983207,-0.9059283581148564,-0.8766191960972815,-0.9112202588984188,-0.8998412492527996,0.117783523305306,-0.874723099425919,-0.9490528901414808,JPM,JPMorgan Chase & Co.,,,
2022-06-08,-0.9200150302691822,-0.938628064677128,-0.9328006226819144,-0.9302874796045072,-0.9059400702510122,-0.5862013509526992,-1.100242642590016,-0.886254930899946,-0.9466664588406384,JPM,JPMorgan Chase & Co.,,,
2022-06-09,-0.9924925751704202,-1.022162024629573,-0.9744981841643028,-0.9811478808356464,-0.9565682214022756,0.3617848820409569,-1.43546392543406,-0.91324274766111,-0.9513501833711476,JPM,JPMorgan Chase & Co.,,,
2022-06-10,-1.1476846763473585,-1.2010299479645452,-1.1196685981778944,-1.1668032953086978,-1.1050365003860465,0.2483328122340672,-3.075025140812651,-0.9727517604648176,-0.9702825036098462,JPM,JPMorgan Chase & Co.,,,
2022-06-13,-1.2436032651199165,-1.3115805282266393,-1.288004481227037,-1.2997264663855506,-1.2830117019893803,0.9605955708655796,-2.011303645129779,-1.0416537343728225,-0.99656340942823,JPM,JPMorgan Chase & Co.,,,
2022-06-14,-1.2956027321180763,-1.371513770560976,-1.307463390382419,-1.3571391483938842,-1.323700576933923,0.3244779890259088,-1.147858427213112,-1.1064876040435208,-1.0253720185118036,JPM,JPMorgan Chase & Co.,,,
2022-06-15,-1.2592295763645334,-1.3295913715137555,-1.318891773274439,-1.3586993739502609,-1.3215263676690467,0.4583547524864376,0.7233322899112025,-1.1459095318043475,-1.0481223525814476,JPM,JPMorgan Chase & Co.,,,
2022-06-16,-1.3125773821187714,-1.3910773830421816,-1.401978428639041,-1.3992626197891056,-1.3761925052915347,0.94570602454355,-1.1818477718716942,-1.1889745360893642,-1.0738488448906405,JPM,JPMorgan Chase & Co.,,,
2022-06-17,-1.3233546301410313,-1.403498825836939,-1.390550281398359,-1.3902138352875109,-1.3861317814982563,3.5647532369501183,-0.2861755572222859,-1.2240002489307438,-1.0982556217279749,JPM,JPMorgan Chase & Co.,,,
2022-06-21,-1.247913443412526,-1.316548963192953,-1.3164207333543263,-1.300350413773904,-1.3137613007272004,0.0149894512245154,1.5734334170334052,-1.231180702160362,-1.11331016217277,JPM,JPMorgan Chase & Co.,,,
2022-06-22,-1.2654269783429686,-1.336733778119519,-1.3420572423099904,-1.3206321557218248,-1.344511136436059,-0.3240936743098833,-0.4232164744535626,-1.240997479736561,-1.128652122865623,JPM,JPMorgan Chase & Co.,,,
2022-06-23,-1.2993751519126486,-1.375861240001244,-1.3735621765117527,-1.4114316173464592,-1.3404731499648344,0.0465397910146897,-0.77330611542138,-1.2569499458428708,-1.1458093730997485,JPM,JPMorgan Chase & Co.,,,
2022-06-24,-1.20776899429612,-1.2702793316247794,-1.2920197443587182,-1.3693081459512375,-1.3957603886754135,0.5981356731006832,1.9067997089899524,-1.2457352525959513,-1.1527449351889358,JPM,JPMorgan Chase & Co.,,,
2022-06-27,-1.2330952342761872,-1.2994696866545623,-1.2710163763404314,-1.2816288973823604,-1.245739475456933,-0.0588125131969446,-0.5809517948689609,-1.2437325136804,-1.1614447468479294,JPM,JPMorgan Chase & Co.,,,
2022-06-28,-1.248183111163741,-1.3168595644156331,-1.2466153873448236,-1.2828770302160628,-1.25785296092853,-0.0015421888058915,-0.3706393224130344,-1.2460481345675445,-1.170780320153988,JPM,JPMorgan Chase & Co.,,,
2022-06-29,-1.262193443478143,-1.3330072742052974,-1.3229070364061204,-1.310023145663852,-1.3097235512270142,-0.4171395009542393,-0.3494768796275848,-1.2513298749471855,-1.1805919699799066,JPM,JPMorgan Chase & Co.,,,
2022-06-30,-1.3346703125203554,-1.4165412341577424,-1.4075381506336275,-1.4285931462386223,-1.3976241658817616,0.6592990511149683,-1.5875655077964386,-1.2736299523754182,-1.1963647952643888,JPM,JPMorgan Chase & Co.,,,
2022-07-01,-1.2958723998692918,-1.3718241348643423,-1.397036584450152,-1.4214164419590822,-1.413775400853546,-0.1892390348207702,0.7858639039109524,-1.2805380013904075,-1.2070351407804791,JPM,JPMorgan Chase & Co.,,,
2022-07-05,-1.3075607058580645,-1.4162306329350611,-1.4498538255730495,-1.479453309412765,-1.4721688559176929,0.1688111955699439,-0.3043988657954827,-1.2886765221476375,-1.217840657700754,JPM,JPMorgan Chase & Co.,,,
2022-07-06,-1.3274030257043918,-1.4388997838044426,-1.4412054215039911,-1.4329614921280824,-1.442350790326491,-0.1739989291677386,-0.4803935004028942,-1.299801101209268,-1.229540070989643,JPM,JPMorgan Chase & Co.,,,
2022-07-07,-1.250479454846397,-1.3510183544117296,-1.3822105805808111,-1.3515226696707214,-1.3873742206454762,-0.2309740457011059,1.607629915263155,-1.2886806174710688,-1.2329022940149528,JPM,JPMorgan Chase & Co.,,,
2022-07-08,-1.2602647671054144,-1.3621976292350797,-1.3590451115452598,-1.344970150836531,-1.3358140624055197,-0.5150378067593062,-0.2606569220927304,-1.282816225473589,-1.2368841231952086,JPM,JPMorgan Chase & Co.,,,
2022-07-11,-1.301037089256606,-1.4087778620259337,-1.4029050096962496,-1.3883417550654555,-1.3858211124686926,-0.6752434210271909,-0.9163757555661324,-1.288734524004561,-1.244359247296444,JPM,JPMorgan Chase & Co.,,,
2022-07-12,-1.298046863640998,-1.4053619593343922,-1.3735621765117527,-1.3870936222317525,-1.4159496101184217,-0.0642738585641327,0.0096107334152235,-1.2924166331794034,-1.2508720700299245,JPM,JPMorgan Chase & Co.,,,
2022-07-13,-1.3268596350478072,-1.4382785813590813,-1.4569577707792032,-1.4457546751307857,-1.4417296892383995,0.2547351326476289,-0.6710436855337426,-1.302468690720356,-1.2595172466496896,JPM,JPMorgan Chase & Co.,,,
2022-07-14,-1.4331393679691962,-1.559697835221845,-1.5882287619806617,-1.5805499264296934,-1.558516362395657,2.6947941308410512,-2.350399200962816,-1.3368996213330513,-1.2774259150425922,JPM,JPMorgan Chase & Co.,,,
2022-07-15,-1.2985909301566076,-1.4059831617797531,-1.4137157504339104,-1.5303137106439038,-1.5221756690098285,1.3403620292873084,2.95743153075062,-1.3286781209506506,-1.280984121981435,JPM,JPMorgan Chase & Co.,,,
2022-07-18,-1.3301213307053656,-1.442005085273303,-1.3531766862991623,-1.4173601887922969,-1.347927784848154,0.4388710338791721,-0.7293211998850883,-1.3304901111494989,-1.287200253163337,JPM,JPMorgan Chase & Co.,,,
2022-07-19,-1.2548283823898088,-1.3559870262973583,-1.3809750606207551,-1.3743006772860469,-1.3988666050289824,0.0485324440540691,1.573852707760259,-1.3127977810605178,-1.2857318598861929,JPM,JPMorgan Chase & Co.,,,
2022-07-20,-1.255372448905419,-1.3566079918234046,-1.3871526604210378,-1.3490264040033164,-1.3687381073792528,0.012590887380818,-0.0659247751617076,-1.2996661982686624,-1.2844484018165272,JPM,JPMorgan Chase & Co.,,,
2022-07-21,-1.234170525985921,-1.3323863086792511,-1.3627516714254293,-1.3524587097817486,-1.3581774931134032,-0.0006196642506233,0.3930640607535402,-1.2844528032539817,-1.281276846646264,JPM,JPMorgan Chase & Co.,,,
2022-07-22,-1.2493919976742027,-1.3497761864403215,-1.340512783447086,-1.343098070614475,-1.3333294210821176,-0.7294878648769642,-0.3735484931413669,-1.2768942354669868,-1.2798329005176698,JPM,JPMorgan Chase & Co.,,,
2022-07-25,-1.2368881551278694,-1.3354916101481116,-1.334026480395292,-1.3087752508871464,-1.3146933078158936,-0.4068810278996563,0.2089683954398798,-1.2680614709785525,-1.2773379052954767,JPM,JPMorgan Chase & Co.,,,
2022-07-26,-1.2858153922819822,-1.3913879842648618,-1.3612072125625247,-1.3630677198397216,-1.3538290745836523,-0.1705117863488247,-1.0810514122208272,-1.2738169226552205,-1.2796961056955298,JPM,JPMorgan Chase & Co.,,,
2022-07-27,-1.2363447644712844,-1.3348706446220662,-1.356265368373636,-1.3546428827264796,-1.3715334177322192,-0.4173240058652929,1.0000402086488864,-1.2656159926069908,-1.2771621653634229,JPM,JPMorgan Chase & Co.,,,
2022-07-28,-1.2480330704600575,-1.3482236541655492,-1.348852248613296,-1.3474664165039358,-1.333018752052553,-0.2240735620276994,-0.2996487449360599,-1.2624227790668054,-1.2759637860580624,JPM,JPMorgan Chase & Co.,,,
2022-07-29,-1.2330835193864105,-1.3311441407078437,-1.3327909604352357,-1.3081510654417967,-1.32245837475774,0.2482036587963297,0.2603536592858581,-1.2562451943230677,-1.2734607762852026,JPM,JPMorgan Chase & Co.,,,
2022-08-01,-1.2643422246068758,-1.366855699898028,-1.3757242775290173,-1.361819587006019,-1.3563139528780914,0.5795560285575806,-0.7095283594226474,-1.2595213743695444,-1.2741410199550487,JPM,JPMorgan Chase & Co.,,,
2022-08-02,-1.3127253952453783,-1.4221308715694174,-1.3976542266045122,-1.386781767566075,-1.3743289650562232,0.6169182730459448,-1.0786135738954816,-1.2742208696725148,-1.2793343562564914,JPM,JPMorgan Chase & Co.,,,
2022-08-03,-1.2806509281810103,-1.3854877456305066,-1.4069205084792678,-1.404255151123916,-1.38892732882226,0.5157357798241229,0.6352552510232791,-1.277129710889214,-1.2810227285652902,JPM,JPMorgan Chase & Co.,,,
2022-08-04,-1.3146277131161082,-1.4243046062895512,-1.4310125585720272,-1.4257850259055391,-1.4075634420884835,1.1872229531127785,-0.7774588708985545,-1.287908464239942,-1.2857703311074806,JPM,JPMorgan Chase & Co.,,,
2022-08-05,-1.2222105246688562,-1.318722697913086,-1.342365945561503,-1.393646141065944,-1.4175027182952054,0.4751631498834252,1.9340448446324063,-1.2726082718550855,-1.2813477072309754,JPM,JPMorgan Chase & Co.,,,
2022-08-08,-1.2605369130063908,-1.3625082304577605,-1.3266135962862895,-1.3271846745560152,-1.301958484285168,-0.2337231688758053,-0.8548694914975821,-1.270830827151065,-1.2809511410429453,JPM,JPMorgan Chase & Co.,,,
2022-08-09,-1.2325399034434836,-1.3305231751817983,-1.3485435453617851,-1.321256103110177,-1.3485488859362451,-0.2519338035968007,0.5374692710900619,-1.2624136796194774,-1.2779433330572922,JPM,JPMorgan Chase & Co.,,,
2022-08-10,-1.150723338526468,-1.2370521083774098,-1.24414434742471,-1.2235920299286778,-1.2488454548394643,0.2302697814419148,1.659880068202774,-1.235398830027207,-1.267472691573761,JPM,JPMorgan Chase & Co.,,,
2022-08-11,-1.1031557044455258,-1.182708503454747,-1.1876207820729805,-1.167115388031372,-1.1885884595400062,0.0158012728331515,0.9169129890908982,-1.2031016872170914,-1.253456107732248,JPM,JPMorgan Chase & Co.,,,
2022-08-12,-1.0490644537631248,-1.1209121276229566,-1.155189031162674,-1.1630588968075908,-1.164672157626376,-0.3122853600024497,1.0340391203174222,-1.16519215828813,-1.2355990909657808,JPM,JPMorgan Chase & Co.,,,
2022-08-15,-1.040094678061668,-1.1106644195483324,-1.1406719661961813,-1.1268639968582057,-1.1500737938603396,-0.5799097334857698,0.1231151812456942,-1.1344903954374392,-1.2185172906750246,JPM,JPMorgan Chase & Co.,,,
2022-08-16,-1.0082921316119344,-1.0743318948321028,-1.093723385970719,-1.0872365530733914,-1.1143544385336397,-0.3771757372200186,0.5733977397663363,-1.103417096924309,-1.1999812506127563,JPM,JPMorgan Chase & Co.,,,
2022-08-17,-1.0365610617894754,-1.1066275513307453,-1.1270814822868964,-1.092853031796555,-1.114043769504076,-0.636534290688135,-0.6072425097657509,-1.0872649909284495,-1.1858033101745236,JPM,JPMorgan Chase & Co.,,,
2022-08-18,-1.062383607580677,-1.136128270663893,-1.1483937892080318,-1.1284239843575867,-1.115907546710424,-0.3814562511564633,-0.5636873169876173,-1.0816847723679894,-1.1753559574614518,JPM,JPMorgan Chase & Co.,,,
2022-08-19,-1.1441999472113509,-1.229599337468282,-1.1941070851247757,-1.2045584208144595,-1.1662250288321228,0.3441462125442279,-1.6805372096717668,-1.098201540387176,-1.1735946133711743,JPM,JPMorgan Chase & Co.,,,
2022-08-22,-1.1974756613361912,-1.2904641465513451,-1.3124052345713084,-1.2859972432718207,-1.2864283504014755,-0.4855539219729329,-1.1401605183154555,-1.1240694335707409,-1.177030945181826,JPM,JPMorgan Chase & Co.,,,
2022-08-23,-1.2287345918429988,-1.3261757057415302,-1.3083899714396274,-1.2897416417729286,-1.2882918906367873,-0.7365913039525297,-0.7021775516956413,-1.1513797790667422,-1.1831106115934686,JPM,JPMorgan Chase & Co.,,,
2022-08-24,-1.2211230674966609,-1.3174805299416794,-1.3355707036068598,-1.3187600754997688,-1.331776312905333,-0.337267324959114,0.1048497127588625,-1.1699365994375686,-1.1879178635785714,JPM,JPMorgan Chase & Co.,,,
2022-08-25,-1.146374410983056,-1.232083436491781,-1.26360349223143,-1.280380764548658,-1.304753794638135,-0.1550502748025287,1.5061034706166,-1.1649406137564984,-1.1852201372434068,JPM,JPMorgan Chase & Co.,,,
2022-08-26,-1.2518386073468843,-1.352571123605817,-1.2249943771721774,-1.3140796368876344,-1.202255053188387,-0.0596058843144753,-2.2051712282074147,-1.1878791573004768,-1.1927399615685477,JPM,JPMorgan Chase & Co.,,,
2022-08-29,-1.2594494558341962,-1.361266062486353,-1.3834461005408678,-1.349650589448666,-1.3718440867617838,-0.6424384478418519,-0.2149026477678927,-1.2070088326974917,-1.2002958190738016,JPM,JPMorgan Chase & Co.,,,
2022-08-30,-1.258905389318586,-1.3606448600409915,-1.3612072125625247,-1.3527708025044238,-1.340783818994399,-0.157541091101753,-0.0429445879645826,-1.2212184244703737,-1.2071133355326569,JPM,JPMorgan Chase & Co.,,,
2022-08-31,-1.277388781950768,-1.3817612417162846,-1.3781953174491304,-1.3533949879497733,-1.3569350539661829,-0.1588510759702339,-0.4450138942979268,-1.236552458378806,-1.2150587987450492,JPM,JPMorgan Chase & Co.,,,
2022-09-01,-1.2561875348902958,-1.3575395585721308,-1.390550281398359,-1.3980144869554036,-1.3938968484401026,-0.2987980510044278,0.3962367987125577,-1.2426884469014834,-1.2202772359197411,JPM,JPMorgan Chase & Co.,,,
2022-09-02,-1.2779328484663777,-1.382382444161646,-1.303448127250738,-1.3580751885049125,-1.3137613007272004,-0.1720800780927807,-0.5135399829901857,-1.2527926399770182,-1.2270774258246828,JPM,JPMorgan Chase & Co.,,,
2022-09-06,-1.2771173119088175,-1.38145087741292,-1.386843721518189,-1.3930221936775906,-1.3615941415254984,-0.3408467202335548,-0.0371041050526828,-1.2601644301314685,-1.233182302538622,JPM,JPMorgan Chase & Co.,,,
2022-09-07,-1.218404987782029,-1.3143752284728183,-1.3448369854816151,-1.371492318895967,-1.3988666050289824,-0.1755303199294839,1.193509203459518,-1.2508373339021903,-1.2331805710942396,JPM,JPMorgan Chase & Co.,,,
2022-09-08,-1.1450152584825697,-1.230530904217008,-1.2620590333685244,-1.3131435967766072,-1.3320869819348973,-0.0303065044391556,1.4764108560190374,-1.22527225918598,-1.22623953675293,JPM,JPMorgan Chase & Co.,,,
2022-09-09,-1.1295218661796531,-1.2128304252332558,-1.223140979406424,-1.187085037256618,-1.212194329395109,-0.4242798410120155,0.2613798347072684,-1.2021781707893897,-1.218464507885528,JPM,JPMorgan Chase & Co.,,,
2022-09-12,-1.091195703128461,-1.1690448926885828,-1.176810041335321,-1.1521380320839396,-1.1662250288321228,-0.5506841555748715,0.7230747029089122,-1.1751599619113728,-1.2077723201540629,JPM,JPMorgan Chase & Co.,,,
2022-09-13,-1.2050862845371615,-1.2991590854318813,-1.2580437702368432,-1.2772605514929,-1.2454288064273693,0.240841912845289,-2.3379089627650647,-1.1837139604488722,-1.208821219982791,JPM,JPMorgan Chase & Co.,,,
2022-09-14,-1.2124254376961805,-1.3075434230897358,-1.2914021022043587,-1.3053429451087142,-1.2879814585782594,-0.4157926151035476,-0.2068878886532196,-1.1919864802096602,-1.210468728353523,JPM,JPMorgan Chase & Co.,,,
2022-09-15,-1.164857578328897,-1.2531998181670732,-1.2438356441731997,-1.2778844988812526,-1.3059962337853543,-0.1435187178616756,0.9359064918116882,-1.1861548074102917,-1.2074686230772822,JPM,JPMorgan Chase & Co.,,,
2022-09-16,-1.186330520717661,-1.277732102533908,-1.3049923504623062,-1.2900534964386057,-1.2665497979880325,0.5986891878338442,-0.494866468997916,-1.187214336600779,-1.206771656345964,JPM,JPMorgan Chase & Co.,,,
2022-09-19,-1.156974583940609,-1.2441942780638573,-1.2639121954829409,-1.2856851505491456,-1.3097235512270142,-0.6269400353133453,0.5517277584163912,-1.1805810710751352,-1.2033622618457522,JPM,JPMorgan Chase & Co.,,,
2022-09-20,-1.220307981511785,-1.316548963192953,-1.2960350074903997,-1.3128315040539318,-1.265928459928904,-0.3653674229125849,-1.3502618562014068,-1.191631327799758,-1.2062513832127577,JPM,JPMorgan Chase & Co.,,,
2022-09-21,-1.3110943221302571,-1.4202677380719646,-1.3297022783607626,-1.3821013289539394,-1.2929509781961022,0.1858040978779851,-1.949322016758058,-1.222890625440774,-1.217462276455122,JPM,JPMorgan Chase & Co.,,,
2022-09-22,-1.345886868909258,-1.4600161654797357,-1.4223641545029686,-1.424224800349162,-1.391101538087136,0.0157274708687301,-0.8021895569575775,-1.2551386327659866,-1.230943851620618,JPM,JPMorgan Chase & Co.,,,
2022-09-23,-1.402152358077022,-1.5242968772543413,-1.5230567925598737,-1.546226868645368,-1.4945320496545391,1.2065406173000957,-1.2775948008793796,-1.293561456144363,-1.2485200847814997,JPM,JPMorgan Chase & Co.,,,
2022-09-26,-1.4660289210184403,-1.5972725279094824,-1.5456043837897282,-1.5805499264296934,-1.5582056933660924,0.7664964044371393,-1.4693882833828489,-1.3385412163056902,-1.2705384091773673,JPM,JPMorgan Chase & Co.,,,
2022-09-27,-1.491579546195008,-1.6264628829392649,-1.5900821597464143,-1.6245454780469712,-1.5659707603079387,0.2203618677183338,-0.6328760453435992,-1.3787410934777031,-1.2929710399643664,JPM,JPMorgan Chase & Co.,,,
2022-09-28,-1.433411063297488,-1.560008436444526,-1.5727851159569606,-1.5936549640980746,-1.6218793370776456,0.2146422154756707,1.274109730307291,-1.3941726702824304,-1.3078641449209891,JPM,JPMorgan Chase & Co.,,,
2022-09-29,-1.4831529358637934,-1.6168361403906872,-1.6175718308164957,-1.6323461297148645,-1.5908190693102608,0.2056568263073579,-1.1680210388146544,-1.4183325045649793,-1.3261067380197418,JPM,JPMorgan Chase & Co.,,,
2022-09-30,-1.5282746361310802,-1.6683850450671702,-1.6070700289816833,-1.6323461297148645,-1.6184626886655504,0.8070505838867317,-1.082001548844735,-1.4478694929483442,-1.3469574540010636,JPM,JPMorgan Chase & Co.,,,
2022-10-03,-1.4404782958418736,-1.5680821728796996,-1.5842134988489809,-1.6304740494928087,-1.6321290453428945,0.1197144387385675,1.9767073667611297,-1.447807186857658,-1.3576109544043988,JPM,JPMorgan Chase & Co.,,,
2022-10-04,-1.3034832483566037,-1.4115727991914286,-1.4412054215039911,-1.4619799258549238,-1.4771383755355352,0.8144676813110884,3.019884768697975,-1.4130966949911197,-1.3543422117537949,JPM,JPMorgan Chase & Co.,,,
2022-10-05,-1.3413297767859604,-1.4854800165952964,-1.504215525558851,-1.4941185726375232,-1.503850224773169,-0.1209906682220249,-0.8658047729608229,-1.3966401070545156,-1.3549492547272406,JPM,JPMorgan Chase & Co.,,,
2022-10-06,-1.4030352552508012,-1.555350365781577,-1.527689697845915,-1.5218888735306622,-1.512857730862235,-0.0143652801241202,-1.3938351588864817,-1.3999109607231826,-1.361335752902372,JPM,JPMorgan Chase & Co.,,,
2022-10-07,-1.462272496554141,-1.6224257778023623,-1.6042902858100594,-1.6052000142670748,-1.5731147261616931,0.0151001541711476,-1.367012194970863,-1.4173528592506357,-1.3727429139196134,JPM,JPMorgan Chase & Co.,,,
2022-10-10,-1.4894231053306517,-1.6531689020262337,-1.6166452497592871,-1.6286019692707534,-1.597652129163415,-0.4921776482797589,-0.6683031864495742,-1.4373041829430806,-1.3856803210525737,JPM,JPMorgan Chase & Co.,,,
2022-10-11,-1.572519521955817,-1.7472609343566672,-1.7022029450440028,-1.71191287195017,-1.6709543800521254,0.2104170530125421,-1.9509222318834505,-1.4732935046502336,-1.4052988888771758,JPM,JPMorgan Chase & Co.,,,
2022-10-12,-1.5272685073282992,-1.696022630902865,-1.6963342841465685,-1.7296983482306858,-1.7507792587354636,0.291839070260518,1.008994624885171,-1.4888356629358406,-1.4188551826131537,JPM,JPMorgan Chase & Co.,,,
2022-10-13,-1.369302680710288,-1.5171544706485778,-1.5366470408178212,-1.7147209922832525,-1.7451884010584926,1.992549988879752,3.598770231630419,-1.4605222975835386,-1.4162424239835152,JPM,JPMorgan Chase & Co.,,,
2022-10-14,-1.3193898158105046,-1.460637131005782,-1.3717090143973367,-1.4351456650728127,-1.4352070614437733,4.019963753501685,1.039079821080488,-1.426657855818204,-1.4091476136909666,JPM,JPMorgan Chase & Co.,,,
2022-10-17,-1.1913163327495315,-1.315617396444226,-1.3170383755086856,-1.3228163286665549,-1.3280489954636736,1.969966587766785,2.705544534584438,-1.3688531794834689,-1.3905876331405336,JPM,JPMorgan Chase & Co.,,,
2022-10-18,-1.1095910088009726,-1.2230781333078795,-1.2203612362347993,-1.240441466098166,-1.1960428574522883,1.8340602702846664,1.6357516400748482,-1.3048207699281036,-1.3659872803689412,JPM,JPMorgan Chase & Co.,,,
2022-10-19,-1.1734903256629197,-1.295432581517659,-1.2608235134084684,-1.2806928572713323,-1.2479136847218093,1.009747679170272,-1.342832961510549,-1.2729648627979295,-1.3496654054433448,JPM,JPMorgan Chase & Co.,,,
2022-10-20,-1.183912071837713,-1.3072330587863714,-1.2645300732886375,-1.2813168046596857,-1.27369352687075,0.1122050888586839,-0.2687771522573717,-1.2517099396908515,-1.335812778950726,JPM,JPMorgan Chase & Co.,,,
2022-10-21,-1.0166209676707778,-1.11780658923478,-1.1508648291281447,-1.2600990226007376,-1.2954358564905415,1.6594448224634917,3.397328980121769,-1.193439194753003,-1.3074010564937035,JPM,JPMorgan Chase & Co.,,,
2022-10-24,-1.0125079149273022,-1.1131487554911474,-1.1289348800526495,-1.1040859892428805,-1.12118773535783,0.1891067357858454,0.0261874282105643,-1.148695413153145,-1.2811833029010626,JPM,JPMorgan Chase & Co.,,,
2022-10-25,-1.003731434907167,-1.1032116486392038,-1.1236840969609123,-1.1178152123566103,-1.1280210321820208,-0.0572257709618833,0.1173965449974857,-1.1129168702720966,-1.2565191100902346,JPM,JPMorgan Chase & Co.,,,
2022-10-26,-0.9650623860436516,-1.0594261160945302,-1.0640716138833726,-1.0557220917361427,-1.0923016768553209,0.0124986349252912,0.7007056742886704,-1.0762985603703352,-1.2304407149464032,JPM,JPMorgan Chase & Co.,,,
2022-10-27,-0.9516245063239352,-1.044209973053593,-1.0331843218359706,-1.014222567729273,-1.0239691825554889,-0.160825278518508,0.2049971870803852,-1.0454346505146033,-1.2054624469870308,JPM,JPMorgan Chase & Co.,,,
2022-10-28,-0.9110357925413674,-0.9982507057887856,-1.030713281915858,-1.0192148610070868,-1.0211736352314853,0.0480158303031189,0.7261071100715294,-1.012016583892492,-1.1789170125940007,JPM,JPMorgan Chase & Co.,,,
2022-10-31,-0.9165208391068164,-1.004461545645822,-0.9951928489310784,-0.9711630562230236,-1.0084390486717965,0.3129095311028449,-0.1586864199474726,-0.988340911472077,-1.1553034451462652,JPM,JPMorgan Chase & Co.,,,
2022-11-01,-0.85426701368587,-0.9339702309334952,-0.968938697821054,-0.9480729558850234,-0.972098355285968,0.3298286314464647,1.130569377466879,-0.9548321146838608,-1.1279500750696636,JPM,JPMorgan Chase & Co.,,,
2022-11-02,-0.8866278196907519,-0.9706131199530904,-0.9046930738061372,-0.9384002239950748,-0.9478713843427744,0.9127165464471572,-0.6595254545508861,-0.9378887494976886,-1.1061432926577373,JPM,JPMorgan Chase & Co.,,,
2022-11-03,-0.8803202526911434,-0.9634709502666424,-0.972027615546864,-0.9611779935534036,-0.9894922663760088,0.1614679001100086,0.064591709885016,-0.9235852262842148,-1.08572252489552,JPM,JPMorgan Chase & Co.,,,
2022-11-04,-0.7848824249721317,-0.855404942866679,-0.8901760088396442,-0.8816112513180979,-0.890720368425847,0.6188186736297975,1.7433804525838903,-0.8887090162063992,-1.0581339439449664,JPM,JPMorgan Chase & Co.,,,
2022-11-07,-0.7659592734006242,-0.8339779599687053,-0.8450808263799348,-0.8185823286435989,-0.8438195347162427,0.0760052253099577,0.2925316538997458,-0.857763746668411,-1.0312641128585869,JPM,JPMorgan Chase & Co.,,,
2022-11-08,-0.7637649844308337,-0.8314936240258907,-0.8521847715860884,-0.8291911006445748,-0.8363648998329237,-0.3164551709922622,-0.0144200620080546,-0.8339995750915962,-1.0066295098717282,JPM,JPMorgan Chase & Co.,,,
2022-11-09,-0.810661265213011,-0.8845948240578305,-0.8716439163928074,-0.8578974416487413,-0.833880021538484,-0.3884305367942913,-0.90929620713967,-0.8280425799631405,-0.988668754428648,JPM,JPMorgan Chase & Co.,,,
2022-11-10,-0.664214103968346,-0.7187693090436627,-0.7536542345464483,-0.7546168897440788,-0.7931911465939419,0.8768303412472223,2.650266706409201,-0.7865194094984604,-0.958493295136988,JPM,JPMorgan Chase & Co.,,,
2022-11-11,-0.6581800345877653,-0.7119375036605803,-0.7252379824191594,-0.7156136314046145,-0.7136769369401686,-0.1650504409816366,0.0525935497181902,-0.7538502352398552,-0.9304905002216248,JPM,JPMorgan Chase & Co.,,,
2022-11-14,-0.6963002859224913,-0.7551018337598928,-0.738828466328444,-0.7115571401808324,-0.7257904224117657,-0.0947725203613011,-0.7295486494846077,-0.7389938954269972,-0.9086379233577768,JPM,JPMorgan Chase & Co.,,,
2022-11-15,-0.7229023224565545,-0.7852237555384021,-0.7394458728314668,-0.7836350854139233,-0.7295179768244623,0.4500151305068126,-0.5304525938653444,-0.7345827355083787,-0.8912873341899364,JPM,JPMorgan Chase & Co.,,,
2022-11-16,-0.7179665239925781,-0.7796343550460425,-0.8058538335149855,-0.7702181930798645,-0.7816989991814731,-0.6837490974267643,0.0345210090055225,-0.7300254638912191,-0.8750473605343205,JPM,JPMorgan Chase & Co.,,,
2022-11-17,-0.7338726408737952,-0.7976454352524751,-0.8265482626304239,-0.7936201480835431,-0.8127592669488579,-0.512749945862241,-0.3407519377119038,-0.7306322239529294,-0.8617877714718007,JPM,JPMorgan Chase & Co.,,,
2022-11-18,-0.6982208519869118,-0.7572758053993423,-0.7715689204902623,-0.7624175414119716,-0.7329341512944835,-0.3931354120261593,0.5900940872408983,-0.7220663464673313,-0.8463624988174181,JPM,JPMorgan Chase & Co.,,,
2022-11-21,-0.7198852877662641,-0.7818078528468609,-0.7749665414675835,-0.7477522781872136,-0.7587142304144617,-0.7008896036636484,-0.4423033889389648,-0.7211236755835815,-0.8343880322826831,JPM,JPMorgan Chase & Co.,,,
2022-11-22,-0.6653107978805572,-0.7200117139343855,-0.7530363567407515,-0.7184217517376975,-0.7506387314140883,-0.4453134008721317,0.928409435101851,-0.7066077269173578,-0.8183417924903431,JPM,JPMorgan Chase & Co.,,,
2022-11-23,-0.6258194538692253,-0.675294614640985,-0.7150451194871958,-0.6819147590656381,-0.7214420038820148,-0.7902453320869313,0.6462907555063624,-0.6857282979030868,-0.8000201469146578,JPM,JPMorgan Chase & Co.,,,
2022-11-25,-0.6186880147174078,-0.6672204043671797,-0.6952772714289654,-0.6444717262825511,-0.6736094000547549,-1.5459220962893676,0.0707618461273235,-0.6682642630165794,-0.7826897830755926,JPM,JPMorgan Chase & Co.,,,
2022-11-28,-0.6842339494520647,-0.7414382229937281,-0.7085585807840648,-0.7028204484019118,-0.6863437496434063,-0.312248459020239,-1.2030299065564438,-0.6717512794717329,-0.7731326870697741,JPM,JPMorgan Chase & Co.,,,
2022-11-29,-0.6236253901857772,-0.6728102786981703,-0.7107209174526665,-0.6959558368450466,-0.7301388409415166,-0.6778633907641528,1.0265176940241163,-0.6590307998995919,-0.7587134976535034,JPM,JPMorgan Chase & Co.,,,
2022-11-30,-0.5791975718514434,-0.6225037789124102,-0.663154695072844,-0.7340230550734832,-0.685722885526352,0.5833937307074966,0.7251089507152333,-0.6382489000155455,-0.7414042141008547,JPM,JPMorgan Chase & Co.,,,
2022-12-01,-0.6324002932015186,-0.6827471486307976,-0.6483284555521658,-0.6641295208421191,-0.6208070396386156,-0.5056834077688862,-0.9770197054007924,-0.636124322960273,-0.7306991535654138,JPM,JPMorgan Chase & Co.,,,
2022-12-02,-0.662019814998556,-0.716284973100848,-0.7505653168206384,-0.7293428545183449,-0.7354190295889231,-0.4921407472975482,-0.5753823594214957,-0.642025497322985,-0.7237679923529896,JPM,JPMorgan Chase & Co.,,,
2022-12-05,-0.7659592734006242,-0.8339779599687053,-0.774657366913398,-0.8148376920854948,-0.7431840965307693,-0.2665650430433551,-1.897106361107696,-0.6727511075058502,-0.7272950659567896,JPM,JPMorgan Chase & Co.,,,
2022-12-06,-0.7599265557380948,-0.8271461545856229,-0.7579784365809776,-0.8376159377578172,-0.769585513709876,0.4368045788753712,0.0555916891860588,-0.6942688607571903,-0.7299310651234648,JPM,JPMorgan Chase & Co.,,,
2022-12-07,-0.7623941170405701,-0.8299408548318027,-0.8206796017329897,-0.8232625291987372,-0.8341909275390853,0.0258567904855755,-0.0993755305494389,-0.7110315410287215,-0.7325607514367817,JPM,JPMorgan Chase & Co.,,,
2022-12-08,-0.724548039183897,-0.7870868890358552,-0.8237685194587995,-0.7889399475284047,-0.802509321712572,-0.496679568109468,0.6351751154755396,-0.7140273842771644,-0.7313727907611899,JPM,JPMorgan Chase & Co.,,,
2022-12-09,-0.744294161762247,-0.8094454386825556,-0.7996764693660399,-0.7711542331908922,-0.8065473081837958,-0.6718669811549092,-0.4105136207391893,-0.721270614478893,-0.7321599465428197,JPM,JPMorgan Chase & Co.,,,
2022-12-12,-0.6880723781448046,-0.7457856924339958,-0.772186798295959,-0.7836350854139233,-0.8003353494187336,-0.5088015407656928,0.9648949903439858,-0.7124772780309528,-0.7275594196047925,JPM,JPMorgan Chase & Co.,,,
2022-12-13,-0.691637985077542,-0.7498227975708984,-0.6968217302918704,-0.7374553608519159,-0.6608745765240294,-0.2903846270603814,-0.1181025586410004,-0.7067844787558752,-0.7237142729405953,JPM,JPMorgan Chase & Co.,,,
2022-12-14,-0.7100125644066021,-0.7706285780235107,-0.7394458728314668,-0.7474404235215355,-0.757472028238279,-0.3013257682858629,-0.382815901102733,-0.7071641864233628,-0.7219561170592121,JPM,JPMorgan Chase & Co.,,,
2022-12-15,-0.8007889924260326,-0.8734155492344804,-0.8515668937803916,-0.8632018276492291,-0.8391606841279646,0.0901383014966673,-1.6848588511901743,-0.7304180640934338,-0.7289412755044811,JPM,JPMorgan Chase & Co.,,,
2022-12-16,-0.8230029015931996,-0.8985692729659915,-0.9189014355211184,-0.882547767543119,-0.901281219662734,1.7591512763968842,-0.4635732839933819,-0.7534792424484573,-0.7373918843145626,JPM,JPMorgan Chase & Co.,,,
2022-12-19,-0.8018856863382439,-0.8746579541252032,-0.8747323628159431,-0.8619539328725234,-0.8857510857790417,-0.4764024783846718,0.3369248691200861,-0.7654318518158214,-0.7430774904953947,JPM,JPMorgan Chase & Co.,,,
2022-12-20,-0.7846078009213956,-0.8550941047246827,-0.8524934748375999,-0.8273190204225194,-0.8447513048338983,-0.5626216233200427,0.2638742821822181,-0.7700244974211176,-0.7466124906961336,JPM,JPMorgan Chase & Co.,,,
2022-12-21,-0.744294161762247,-0.8094454386825556,-0.8237685194587995,-0.7783306994134355,-0.8071686462429242,-0.6545419700069713,0.6846909510267531,-0.763268449336858,-0.7460142192109512,JPM,JPMorgan Chase & Co.,,,
2022-12-22,-0.7854305466418959,-0.8560256714734092,-0.8756589438731514,-0.8831714768744752,-0.8407133183626746,-0.5444847905634689,-0.800273138957592,-0.7686101243436178,-0.7493600398543261,JPM,JPMorgan Chase & Co.,,,
2022-12-23,-0.7684277358484667,-0.8367726602148851,-0.871334741838622,-0.8447924039803605,-0.8568647903054954,-1.200639605743566,0.2573679783565797,-0.7683141711205412,-0.7507939723287574,JPM,JPMorgan Chase & Co.,,,
2022-12-27,-0.7558117007038834,-0.8224878470033589,-0.8472426917458623,-0.8163979176418721,-0.8261149545966378,-1.1417640886263465,0.1758271329438965,-0.7648999795393562,-0.7509046218665321,JPM,JPMorgan Chase & Co.,,,
2022-12-28,-0.7360662539845597,-0.8001292973566586,-0.8104867388010262,-0.8020449851967855,-0.817418117537136,-0.5113661590293386,0.3046960734879641,-0.7573431591002132,-0.7491381562299689,JPM,JPMorgan Chase & Co.,,,
2022-12-29,-0.7152232122076564,-0.7765288166578665,-0.8148109408355555,-0.7614815013009439,-0.7838734454173857,-0.9251184220671498,0.3225990212879283,-0.7464016432978451,-0.7455614377399089,JPM,JPMorgan Chase & Co.,,,
2022-12-30,-0.6910896381214364,-0.7492015951255371,-0.7820704866737372,-0.7574250100771618,-0.7876005258880081,-0.4256082763716018,0.3796328477061607,-0.7320890048542611,-0.7400278943204042,JPM,JPMorgan Chase & Co.,,,
2023-01-03,-0.6631167341971091,-0.7175273779915708,-0.7076319997268566,-0.7121813256261819,-0.7121238287633845,-0.1004552716217536,,-0.6608392312415792,-0.6555973068999266,JPM,JPMorgan Chase & Co.,,,
2023-01-04,-0.6285611886497535,-0.6783996791905298,-0.678598341096545,-0.6597606988386654,-0.688828627937846,0.0162994360929964,0.5583469606157936,-0.6520956654051703,-0.6523298628203129,JPM,JPMorgan Chase & Co.,,,
2023-01-05,-0.6293895665288006,-0.7103847344664922,-0.7394458728314668,-0.7181098970720194,-0.6990785731741319,-0.5937291513236882,-0.06899751732435,-0.6457475949107766,-0.6494377874479871,JPM,JPMorgan Chase & Co.,,,
2023-01-06,-0.5578359209155614,-0.6299563129022229,-0.6569768596212243,-0.6934595711776417,-0.6844802094080951,-0.2897019588894829,1.2030073075339358,-0.6228813724834183,-0.6400427809734894,JPM,JPMorgan Chase & Co.,,,
2023-01-09,-0.5735834362121037,-0.6476570288052902,-0.6415332135975234,-0.6188853602771457,-0.6077613101072887,-0.5750941553072695,-0.3259866649655493,-0.6097162885879899,-0.6329908925714037,JPM,JPMorgan Chase & Co.,,,
2023-01-10,-0.5396012444048012,-0.6094608967529758,-0.6464752934377495,-0.6054684679430868,-0.6329205251102127,-0.4705905736864818,0.5339626626331302,-0.5912439851310738,-0.6233668550542838,JPM,JPMorgan Chase & Co.,,,
2023-01-11,-0.5111453265635097,-0.5774758414770134,-0.6146614203331393,-0.5808181420487091,-0.5984436089307327,-0.5342447679999912,0.4339018568910573,-0.5701895762899156,-0.6119270441066157,JPM,JPMorgan Chase & Co.,,,
2023-01-12,-0.5150134930533757,-0.5818233109172811,-0.5803765073084162,-0.5458713749330271,-0.5642771248097798,-0.1102524823987024,-0.1203369115932808,-0.555377529155811,-0.6018929754328595,JPM,JPMorgan Chase & Co.,,,
2023-01-13,-0.4177659401501414,-0.4725153724652253,-0.4991427784068932,-0.6837868392876935,-0.7009421134094431,1.586879040946091,1.6038186287370753,-0.5196620126233977,-0.5835757273053152,JPM,JPMorgan Chase & Co.,,,
2023-01-17,-0.4788221433777199,-0.5411433167607832,-0.5593733749414663,-0.5455595202673489,-0.5279366683949884,0.496990080861072,-1.0699455792072612,-0.5083243841801138,-0.5726969314239193,JPM,JPMorgan Chase & Co.,,,
2023-01-18,-0.5956847022083369,-0.672499440556174,-0.5843920060914342,-0.6335506235019037,-0.5978222708716042,0.3308803094394705,-2.0286392688323613,-0.529390815439197,-0.5738572066298231,JPM,JPMorgan Chase & Co.,,,
2023-01-19,-0.6459663608497574,-0.7290170171182861,-0.7335776832367066,-0.721542202850452,-0.7096389504689449,0.3144224713734848,-0.9301762518974211,-0.5579133722604886,-0.5796664492130985,JPM,JPMorgan Chase & Co.,,,
2023-01-20,-0.6368494731670611,-0.7187693090436627,-0.7462411147861091,-0.7227900976271577,-0.7146087070578242,0.27551038563227,0.1064861446997538,-0.5769984500794254,-0.5840855197866744,JPM,JPMorgan Chase & Co.,,,
2023-01-23,-0.5763463479087675,-0.6507620933548351,-0.6699494657248123,-0.6831626538423439,-0.7158513831760811,-0.2051987096269109,1.0109359995653546,-0.5760031944243843,-0.5823819057999816,JPM,JPMorgan Chase & Co.,,,
2023-01-24,-0.5437456119497968,-0.6141192043352398,-0.5979824900007189,-0.6775464131761779,-0.6754729402900661,-0.8587335550700463,0.5104538332280736,-0.5670078109674535,-0.5777505612687882,JPM,JPMorgan Chase & Co.,,,
2023-01-25,-0.5252347343839069,-0.5933134238826275,-0.6341205651398583,-0.6073405481651422,-0.6248445521677652,-0.4856646249195651,0.2635746528758679,-0.5555774788021811,-0.5717899282082647,JPM,JPMorgan Chase & Co.,,,
2023-01-26,-0.5014751356251866,-0.5666074047956595,-0.6050864352068726,-0.5727056357151382,-0.5822921369879118,-0.7586211903323355,0.3517820572654326,-0.540992854805384,-0.5641245514430718,JPM,JPMorgan Chase & Co.,,,
2023-01-27,-0.4920820468873607,-0.5560488585790396,-0.568021779010525,-0.5293340314862136,-0.545330342513992,-0.7581968290369122,0.1051666861532079,-0.5276776600484337,-0.5562678515172762,JPM,JPMorgan Chase & Co.,,,
2023-01-30,-0.5249576321834099,-0.5930025857406312,-0.6041598541496644,-0.5555441068229752,-0.5881936636944467,-0.8985312643843187,-0.6117204807409107,-0.5260097506344059,-0.5522339903153489,JPM,JPMorgan Chase & Co.,,,
2023-01-31,-0.5020279883081297,-0.5672281334023898,-0.6047772606526871,-0.5761379414935708,-0.5680042052804022,-0.4447598861389708,0.3375637975477903,-0.5189569466122871,-0.5463987017827915,JPM,JPMorgan Chase & Co.,,,
2023-02-01,-0.512250581356712,-0.5787182463677362,-0.5797586295027194,-0.5801944327173529,-0.6198747955788859,-0.5087646397834821,-0.2281731104170236,-0.5162539592582003,-0.5420605044673361,JPM,JPMorgan Chase & Co.,,,
2023-02-02,-0.5302081556669751,-0.5989028243749871,-0.5927312356063074,-0.5839385931614636,-0.5642771248097798,0.0411153466297124,-0.3604357575821614,-0.5187705113743798,-0.5398146902749656,JPM,JPMorgan Chase & Co.,,,
2023-02-03,-0.4708096093428582,-0.5321380135768824,-0.5349721502945214,-0.5798821019376814,-0.6208070396386156,-0.018092279327404,0.962428070752736,-0.5056283522875031,-0.532156535020044,JPM,JPMorgan Chase & Co.,,,
2023-02-06,-0.4478786137495268,-0.506363561238641,-0.5377518934661457,-0.520597339707293,-0.557133395927062,-0.5891349790384522,0.3321410317926088,-0.4899695189864613,-0.5230263058985969,JPM,JPMorgan Chase & Co.,,,
2023-02-07,-0.4000841163223242,-0.4526411587613397,-0.472888862948206,-0.4847145324805833,-0.521413803629325,-0.212431302140214,0.7465922274075664,-0.4661319853188669,-0.5102068273942267,JPM,JPMorgan Chase & Co.,,,
2023-02-08,-0.4279876320533564,-0.4840050115919407,-0.4821551448229614,-0.4503914746962574,-0.4819676048030397,-0.8563349912263489,-0.5164738857855266,-0.4553142423920018,-0.5011912088662872,JPM,JPMorgan Chase & Co.,,,
2023-02-09,-0.4893200363360643,-0.5529437940294947,-0.503776154995608,-0.525589871042103,-0.4673692410370029,-0.9513365699278736,-1.0771853930115227,-0.462719831115198,-0.4987945564398398,JPM,JPMorgan Chase & Co.,,,
2023-02-10,-0.4721919663365576,-0.5336907827709705,-0.5674039012048282,-0.5655291694925949,-0.5711104216339703,-0.9255427833625732,0.2356896675671223,-0.4639401189290012,-0.4949962148053673,JPM,JPMorgan Chase & Co.,,,
2023-02-13,-0.42992058886658,-0.486178509392759,-0.5226174219966302,-0.4984432794803203,-0.5238986819237648,-0.8237514239342743,0.6584454115918681,-0.4541594373277462,-0.4875461524590949,JPM,JPMorgan Chase & Co.,,,
2023-02-14,-0.4125154166665761,-0.4666151338308696,-0.4892590900291151,-0.4716090186982091,-0.4866264553913178,-0.4335604380380142,0.2359373724792465,-0.4424199074197005,-0.4791276000514221,JPM,JPMorgan Chase & Co.,,,
2023-02-15,-0.3959397487773286,-0.4479828511790756,-0.4867880501090021,-0.4809698959224792,-0.5142700747466072,-0.8987157692953724,0.2208816440012589,-0.4294211301847117,-0.469907036980998,JPM,JPMorgan Chase & Co.,,,
2023-02-16,-0.4506410748735069,-0.5094686257881859,-0.5022316961327031,-0.4691132291447976,-0.4738916318605922,-0.6335822121112766,-0.95925125214577,-0.4335130860406624,-0.4666970612024857,JPM,JPMorgan Chase & Co.,,,
2023-02-17,-0.4390383776946439,-0.4964262174673826,-0.5195285042708203,-0.519348968816594,-0.5338381951015234,-0.673527525354392,0.1401550145802838,-0.4336462304747143,-0.4626817934402935,JPM,JPMorgan Chase & Co.,,,
2023-02-21,-0.5111453265635097,-0.5774758414770134,-0.565550739090412,-0.5605366381577851,-0.5428454642195524,-0.2957537199720426,-1.2602365096517774,-0.4519912602976449,-0.4658497153666234,JPM,JPMorgan Chase & Co.,,,
2023-02-22,-0.5407064991980034,-0.6107033016436987,-0.6245455800135915,-0.6014119767193047,-0.5978222708716042,-0.0907318628092262,-0.5580138296265869,-0.4732298757706905,-0.4715248391120168,JPM,JPMorgan Chase & Co.,,,
2023-02-23,-0.5100405223429912,-0.5762339104249216,-0.6016888142295514,-0.585810673383519,-0.6037237975781391,-0.6515345399567969,0.4719816431234668,-0.4813994464203486,-0.4737843816105921,JPM,JPMorgan Chase & Co.,,,
2023-02-24,-0.475231079088351,-0.5371066854625116,-0.5649328612847152,-0.554920397491619,-0.5919207441650692,-0.4561622896420864,0.5383612120517279,-0.478718815009573,-0.4725470594506789,JPM,JPMorgan Chase & Co.,,,
2023-02-27,-0.4412488872810484,-0.4989105534101972,-0.5047027360528161,-0.4678648582540984,-0.4987399408629149,-0.2923588296086554,0.5190991897541068,-0.4681098509161471,-0.4682089912446256,JPM,JPMorgan Chase & Co.,,,
2023-02-28,-0.408371950266948,-0.4619568262486055,-0.49080354889202,-0.4622486175879324,-0.4729598617429366,-0.1069129435086313,0.4956438862350258,-0.4518342991681077,-0.4611565717859775,JPM,JPMorgan Chase & Co.,,,
2023-03-01,-0.4304743426948905,-0.4867997118381204,-0.5000693594641014,-0.4653685925866935,-0.499050372921442,-0.8229027013434275,-0.421183873043149,-0.4452201884560015,-0.456835201529162,JPM,JPMorgan Chase & Co.,,,
2023-03-02,-0.4713624620258012,-0.5327587421836127,-0.5318837038713856,-0.5358867883774007,-0.4947019543916912,-0.0908610162469637,-0.7366993486363349,-0.4506054980314534,-0.4567729118571378,JPM,JPMorgan Chase & Co.,,,
2023-03-03,-0.3998074646945108,-0.4523303206193434,-0.4914209553950427,-0.4878345074793444,-0.5173762911001754,-0.3849064929931665,1.1520442439460985,-0.4365389686321949,-0.449950310024021,JPM,JPMorgan Chase & Co.,,,
2023-03-06,-0.4230137601976044,-0.4784151372609501,-0.4821551448229614,-0.4385343318045823,-0.4574297278592442,-0.4313648295964757,-0.4386698122556699,-0.4318609445147632,-0.4459422458572356,JPM,JPMorgan Chase & Co.,,,
2023-03-07,-0.5390488422945419,-0.6088401681462454,-0.5355900281002182,-0.5898671646073012,-0.501846157216483,0.0273697307562154,-1.9869351346342248,-0.4577127031515144,-0.453270397676241,JPM,JPMorgan Chase & Co.,,,
2023-03-08,-0.5617036368327436,-0.6343037823424906,-0.6504907922207674,-0.6185735056114676,-0.6263976603445492,-0.29460978952351,-0.4431764640185118,-0.482833849152641,-0.4620745071279105,JPM,JPMorgan Chase & Co.,,,
2023-03-09,-0.7678027915361265,-0.8659630152446677,-0.6887907327258345,-0.8578974416487413,-0.664912562995253,2.63636142551036,-3.6119398463245536,-0.5538238354993511,-0.4895662138001247,JPM,JPMorgan Chase & Co.,,,
2023-03-10,-0.67635613664964,-0.7631760440336981,-0.7533455312949369,-0.9015811386003406,-0.9071822724271952,4.7972091418062925,1.6143693840927609,-0.5839276412984095,-0.5059118182734824,JPM,JPMorgan Chase & Co.,,,
2023-03-13,-0.7426626380744418,-0.8377042269636116,-0.7959696738345333,-0.8519688702029038,-0.8372966699505793,5.775343477266115,-1.2345045237375305,-0.6232829839323308,-0.5270411552775008,JPM,JPMorgan Chase & Co.,,,
2023-03-14,-0.649559002143519,-0.7330541222551888,-0.7450058304773897,-0.793308293417865,-0.7108816265872018,3.3300998910720856,1.6328279052169887,-0.6292415421769254,-0.5374461093501601,JPM,JPMorgan Chase & Co.,,,
2023-03-15,-0.8252679304743356,-0.930554328241954,-0.8852339289994181,-0.9355918656049952,-0.8444408727753712,4.1848188915281215,-3.1590158152964505,-0.6781699697053374,-0.5635195423495941,JPM,JPMorgan Chase & Co.,,,
2023-03-16,-0.7564756195533675,-0.8532309712272296,-0.8555823925634096,-0.9577459258319678,-0.9366899059598698,2.3910436957734262,1.2213085397692722,-0.6974598194061394,-0.5807179177685176,JPM,JPMorgan Chase & Co.,,,
2023-03-17,-0.8929545360294185,-1.006635280365955,-0.9627613336721084,-0.9755314021124832,-0.9251972846053272,4.944130402478314,-2.53724090321118,-0.7464603727072848,-0.6092577440984689,JPM,JPMorgan Chase & Co.,,,
2023-03-20,-0.8562105589571615,-0.965334083764096,-0.9321827448762178,-0.9580577804976456,-0.9683712748153464,2.080521930470133,0.6402426817862801,-0.7739134845286463,-0.6317286667232636,JPM,JPMorgan Chase & Co.,,,
2023-03-21,-0.7620009923740112,-0.8594415741649505,-0.862377634518052,-0.8276308750881975,-0.8565543582469682,1.145506392723548,1.7080616283090984,-0.7706655367943053,-0.6432486713914661,JPM,JPMorgan Chase & Co.,,,
2023-03-22,-0.8551048535912755,-0.9640919157926888,-0.8954267919313816,-0.9246710008813448,-0.8574861283646238,1.0426264543200323,-1.750765119346005,-0.7917875817284427,-0.6625249583230662,JPM,JPMorgan Chase & Co.,,,
2023-03-23,-0.8644983929017852,-0.9746502250899932,-0.9303295827618016,-0.9577459258319678,-0.940106317400928,0.9369789422507124,-0.2301254618612633,-0.8100059561964931,-0.6809370737318954,JPM,JPMorgan Chase & Co.,,,
2023-03-24,-0.9178187137223158,-1.034583230505015,-1.0492456100140315,-1.0485453874566024,-1.010613257936673,1.976387358671452,-1.0543372938280404,-0.837161341018124,-0.7027171320216147,JPM,JPMorgan Chase & Co.,,,
2023-03-27,-0.8189132786292778,-0.9234116847168752,-0.9349624880478422,-0.9493210887187254,-0.974583233580408,1.3385169801767718,1.82894732510314,-0.8325019056664499,-0.7131650543132035,JPM,JPMorgan Chase & Co.,,,
2023-03-28,-0.8081387340431199,-0.9113008431447986,-0.9361982436592358,-0.904077404267746,-0.9149473393690412,-0.1436847722816239,0.1450127647123992,-0.8262810535736488,-0.7216443645580045,JPM,JPMorgan Chase & Co.,,,
2023-03-29,-0.8009557043190146,-0.9032271067096244,-0.9090172758406664,-0.903141364156718,-0.8717735861300594,0.552784365963696,0.0781250635595977,-0.8197978974513497,-0.7286736277973335,JPM,JPMorgan Chase & Co.,,,
2023-03-30,-0.8117302489051724,-0.9153379482817012,-0.9121061935664762,-0.9068855246008284,-0.8764329106604115,0.0987915818250835,-0.2528952795140637,-0.8176618059386722,-0.7360826680351846,JPM,JPMorgan Chase & Co.,,,
2023-03-31,-0.768632070560541,-0.8668945819933943,-0.9053109516118338,-0.8694422537607448,-0.8854401797784405,0.2778535980026513,0.7417695742938423,-0.8051546349879779,-0.7387429554430207,JPM,JPMorgan Chase & Co.,,,
2023-04-03,-0.7727755369601691,-0.8715524157370272,-0.871334741838622,-0.8519688702029038,-0.8776751128365943,0.0324989672835069,-0.1300748669927456,-0.79682267521785,-0.7415531893387993,JPM,JPMorgan Chase & Co.,,,
2023-04-04,-0.8208473618742107,-0.9255856563563248,-0.8975891285999833,-0.9143740835460464,-0.8593496685999351,-0.0035717428274817,-0.9329204491834828,-0.8027372860646266,-0.7486534406954328,JPM,JPMorgan Chase & Co.,,,
2023-04-05,-0.8155567374217934,-0.9507389062492048,-0.972954196604072,-0.9440167027182376,-0.9742725645508444,-0.3661607940301156,0.0435490421230707,-0.8058345611465934,-0.7546079528522766,JPM,JPMorgan Chase & Co.,,,
2023-04-06,-0.8194550922814692,-0.9550863756894726,-0.9751160619699996,-0.9315356124382096,-0.9680606057857818,-0.52382024052546,-0.1265405220220623,-0.8091439154972068,-0.76038975968278,JPM,JPMorgan Chase & Co.,,,
2023-04-10,-0.8077609288478075,-0.9420439673686692,-0.9704831566839588,-0.9515052616634556,-0.9823483005222544,-0.3915117688088872,0.1620695912798568,-0.8086669651589417,-0.7645401910375327,JPM,JPMorgan Chase & Co.,,,
2023-04-11,-0.7902190078382909,-0.9224801179681488,-0.948552971957127,-0.9103178303792612,-0.9276821628997668,-0.1998111662241443,0.2692719330005569,-0.8038706322412644,-0.7666546115347598,JPM,JPMorgan Chase & Co.,,,
2023-04-12,-0.7907759156753871,-0.92310132041351,-0.9025312084402094,-0.8940925796551226,-0.9003494495450786,0.0409123912275533,-0.064669902673709,-0.8004142965585971,-0.768629471124019,JPM,JPMorgan Chase & Co.,,,
2023-04-13,-0.7771325748118877,-0.9078849404532574,-0.9454645255339912,-0.9324716525492376,-0.9227124063108876,0.1570028812625102,0.1961331169010983,-0.7943698796758043,-0.7691347343700465,JPM,JPMorgan Chase & Co.,,,
2023-04-14,-0.5059308488946432,-0.6054242654547043,-0.6341205651398583,-0.6806668642889324,-0.7149196130584256,5.965420436633586,4.907581029081558,-0.7212145815134253,-0.743950236383416,JPM,JPMorgan Chase & Co.,,,
2023-04-17,-0.4753027201450648,-0.5712652385392925,-0.6050864352068726,-0.5945473651624394,-0.5658302329865638,0.8212759125289681,0.4665985427556543,-0.6585982936165081,-0.7181591560837417,JPM,JPMorgan Chase & Co.,,,
2023-04-18,-0.4315877077963999,-0.5225115079476204,-0.5519602551811272,-0.5517999463788645,-0.5558907198088051,0.398685864251687,0.6833807246237309,-0.6005748982953888,-0.6905791901971193,JPM,JPMorgan Chase & Co.,,,
2023-04-19,-0.4365985266122182,-0.5281009084399798,-0.5606086592501859,-0.5090525275952895,-0.5260731281596772,-0.4504057364172125,-0.1380770093736656,-0.5583252358305839,-0.6659802983582306,JPM,JPMorgan Chase & Co.,,,
2023-04-20,-0.4480146867000149,-0.540832952457418,-0.5627709959187875,-0.5265259111531306,-0.5670724351627466,-0.1869142729414942,-0.2452290970707544,-0.5295266120885045,-0.644697139122624,JPM,JPMorgan Chase & Co.,,,
2023-04-21,-0.455532942500819,-0.5492175270345884,-0.5726546842965656,-0.5596005980467574,-0.5723526238101531,0.0448792468152068,-0.1804535011408923,-0.5098299833574256,-0.6260597108974745,JPM,JPMorgan Chase & Co.,,,
2023-04-24,-0.4502432191937688,-0.5433172884002326,-0.5729633875480771,-0.520285485041615,-0.5499891931022701,-0.743879247939149,0.0343859245101376,-0.4937190567721912,-0.6086164177343834,JPM,JPMorgan Chase & Co.,,,
2023-04-25,-0.5354456125427122,-0.6383408874793933,-0.6081748816300083,-0.5954834052734672,-0.576701042339904,-0.1789621112750818,-1.4832964440528522,-0.5031945646077621,-0.6008153004473791,JPM,JPMorgan Chase & Co.,,,
2023-04-26,-0.603385214659712,-0.7141114753000297,-0.674582842313527,-0.7087490198477493,-0.6382007137576192,0.5197210859028818,-1.2191219326588207,-0.5274919061098979,-0.6001474921523328,JPM,JPMorgan Chase & Co.,,,
2023-04-27,-0.5527084037746558,-0.6575938987379175,-0.6714939245877172,-0.6569525785055823,-0.6885181958793188,-0.4719928110104895,0.8299770453226782,-0.532892193760083,-0.5947485826318175,JPM,JPMorgan Chase & Co.,,,
2023-04-28,-0.5195741897581426,-0.6206401715763259,-0.6588300217356406,-0.6566407238399042,-0.6711245217603152,-0.3158647552768905,0.5161413575954097,-0.5285584821974278,-0.5867074348201446,JPM,JPMorgan Chase & Co.,,,
2023-05-01,-0.4371558850219985,-0.5287221108853413,-0.5028495739383999,-0.4956351591472372,-0.4940810902746368,1.6266952007514686,1.3526159965252953,-0.5044539517708,-0.5716041315754219,JPM,JPMorgan Chase & Co.,,,
2023-05-02,-0.5006406750149093,-0.5995240268203484,-0.5325011103744083,-0.5705217008274047,-0.5207929395122707,0.4638714493269417,-1.1155459575933508,-0.5024390665396518,-0.5638767419163224,JPM,JPMorgan Chase & Co.,,,
2023-05-03,-0.5825020719139568,-0.6908213589046028,-0.6480197523006543,-0.6538326035068213,-0.6127310666961682,0.245694392006,-1.445154089332979,-0.5216412353653364,-0.5645923519594714,JPM,JPMorgan Chase & Co.,,,
2023-05-04,-0.6342915720414963,-0.7485808665188067,-0.7391371695799555,-0.7770828046367297,-0.7208206658228864,1.0129211636403948,-0.9532971568519024,-0.5491471234519602,-0.5701399293778957,JPM,JPMorgan Chase & Co.,,,
2023-05-05,-0.5613404752496531,-0.6672204043671797,-0.6724205056449254,-0.6491519268376895,-0.6748516022309377,-0.0623365569980694,1.2292482864383454,-0.5513177738532931,-0.5682851967367457,JPM,JPMorgan Chase & Co.,,,
2023-05-08,-0.5521514959375592,-0.6569726962925562,-0.669640762473301,-0.6313666886141703,-0.6422382262867689,-0.7591193535921804,0.1041534820614608,-0.5506206805620388,-0.5657302003895028,JPM,JPMorgan Chase & Co.,,,
2023-05-09,-0.5705285534163796,-0.6774681124418033,-0.7011459323263998,-0.6709936562849907,-0.6906926421152313,-0.7851898975240613,-0.3708574014370848,-0.554747794761916,-0.5651451427572624,JPM,JPMorgan Chase & Co.,,,
2023-05-10,-0.5685798265592253,-0.675294614640985,-0.6668610193016765,-0.6816029043999601,-0.6279507685213334,-0.6394679187738881,-0.0207279046330871,-0.55735004540035,-0.5644290078066556,JPM,JPMorgan Chase & Co.,,,
2023-05-11,-0.5805519933387511,-0.6886473872651534,-0.705470134360929,-0.6806668642889324,-0.7195784636467036,-0.8380136535587214,-0.2614698221127636,-0.5623310424751007,-0.5649100196704907,JPM,JPMorgan Chase & Co.,,,
2023-05-12,-0.6348487051649356,-0.7492015951255371,-0.6999101767150061,-0.7358951352955386,-0.6630485488178678,-0.2971744077871557,-0.9963269882867336,-0.5798054497939215,-0.5704813986455695,JPM,JPMorgan Chase & Co.,,,
2023-05-15,-0.603385214659712,-0.7141114753000297,-0.7406816284428603,-0.7099969146244551,-0.7422523264131138,-0.7305948943432861,0.4992899527491818,-0.5849500699995169,-0.5725712177870511,JPM,JPMorgan Chase & Co.,,,
2023-05-16,-0.6287227189568726,-0.7423697897424547,-0.732341927625313,-0.7099969146244551,-0.705290531939194,-0.945044952460944,-0.4966376161032765,-0.5952196663757313,-0.5768668736964933,JPM,JPMorgan Chase & Co.,,,
2023-05-17,-0.513727108041312,-0.6141192043352398,-0.6504907922207674,-0.663193004617098,-0.691624412232887,0.2052140145208291,1.966075896875968,-0.5738246036085523,-0.569898457451543,JPM,JPMorgan Chase & Co.,,,
2023-05-18,-0.4844898971664239,-0.581512946613916,-0.6152792981388361,-0.5914273901636784,-0.6180112553435746,-0.1106399427119151,0.4439423126891471,-0.5503804352477265,-0.5607989714921351,JPM,JPMorgan Chase & Co.,,,
2023-05-19,-0.4934017742780208,-0.5914502903851744,-0.5918046545490993,-0.5798821019376814,-0.5707999895754431,0.3492569985804141,-0.20521404221779,-0.5350522750908516,-0.5533693855382377,JPM,JPMorgan Chase & Co.,,,
2023-05-22,-0.5254212714749733,-0.6271616126560431,-0.5562844572156566,-0.5945473651624394,-0.533216857042395,-0.0363029140483993,-0.5973936835420599,-0.5316580262461172,-0.5496428612533786,JPM,JPMorgan Chase & Co.,,,
2023-05-23,-0.565516833455194,-0.6718787119494437,-0.6369003083114827,-0.6319903979455265,-0.6406855920520589,-0.38457438415327,-0.7400028152898136,-0.5392576919827501,-0.5500463993665134,JPM,JPMorgan Chase & Co.,,,
2023-05-24,-0.6003222215556806,-0.7106955726084885,-0.7196780247732365,-0.675050147508773,-0.7071545461165794,-0.5574370353194351,-0.6558246011571738,-0.5537642246103867,-0.5537043204603893,JPM,JPMorgan Chase & Co.,,,
2023-05-25,-0.5911330169572447,-0.700447864533865,-0.7221490646933495,-0.6906514508445587,-0.7251690843526373,-0.5769023034355952,0.1057979855145656,-0.5623189859848126,-0.556160806206385,JPM,JPMorgan Chase & Co.,,,
2023-05-26,-0.5557718474513709,-0.6610098014294588,-0.681068909713984,-0.65788861861661,-0.6851015474672235,-0.5570864759884332,0.5606843064439357,-0.5597876447051162,-0.5550503541765918,JPM,JPMorgan Chase & Co.,,,
2023-05-30,-0.5412917931141753,-0.6448618547204794,-0.6773625854851515,-0.6457196210592568,-0.6636698868769962,-0.7748022710317407,0.1951095170446118,-0.5542252605918784,-0.5526716721587337,JPM,JPMorgan Chase & Co.,,,
2023-05-31,-0.5900194265693934,-0.6992054596431421,-0.7045435533037209,-0.6962681676247181,-0.6658443331129087,0.4835212223541555,-0.8910498607368718,-0.562382991963797,-0.5551167380508308,JPM,JPMorgan Chase & Co.,,,
2023-06-01,-0.5379512472369632,-0.641135587725573,-0.6616102362099391,-0.6635053353967695,-0.672366723936498,0.1197144387385675,0.8510452543515717,-0.555326515018532,-0.5524161515208634,JPM,JPMorgan Chase & Co.,,,
2023-06-02,-0.4574816693579734,-0.5513910248354067,-0.5612265370558827,-0.5421272144889163,-0.5779437184581608,0.2441445507531494,1.325937343577576,-0.5296729955664207,-0.5423521683626261,JPM,JPMorgan Chase & Co.,,,
2023-06-05,-0.4959065078269043,-0.5942449906313542,-0.6035419763439677,-0.5798821019376814,-0.5608604763976844,-0.5696328099400814,-0.7000244061310331,-0.5201554663307466,-0.53683640281553,JPM,JPMorgan Chase & Co.,,,
2023-06-06,-0.4889456104358805,-0.5864816184995452,-0.603850679595479,-0.5773858362702765,-0.6052769057549232,-0.4187815946626168,0.0636681610303811,-0.5112560083421965,-0.5311638738890291,JPM,JPMorgan Chase & Co.,,,
2023-06-07,-0.4513556831499108,-0.5445592194523243,-0.5677126044563396,-0.5580403724903801,-0.578254150516688,-0.4276562808842973,0.5822322202739614,-0.4950700614976659,-0.5224526654604629,JPM,JPMorgan Chase & Co.,,,
2023-06-08,-0.4502432191937688,-0.5433172884002326,-0.5794499262512081,-0.5377588685994561,-0.5434668022786808,-0.7806695272032468,-0.0357817763150328,-0.4826491153773712,-0.5144281946098271,JPM,JPMorgan Chase & Co.,,,
2023-06-09,-0.4424460589017325,-0.534622349519697,-0.5513423773754305,-0.5149806229271336,-0.5534058415143654,-0.8026256116186312,0.0763159967317946,-0.4713604957007783,-0.5063959505834775,JPM,JPMorgan Chase & Co.,,,
2023-06-12,-0.4427245128202808,-0.5349327138230622,-0.5661681455934346,-0.5290221768205355,-0.5310424108064825,-0.7385101550274877,-0.0591036420481615,-0.462964487946129,-0.4991202401281417,JPM,JPMorgan Chase & Co.,,,
2023-06-13,-0.4143226637010377,-0.503258022850465,-0.5182932199621009,-0.5171650339288605,-0.5493683289852158,-0.7191371393668544,0.4209466628973762,-0.4494809818530883,-0.489820384501508,JPM,JPMorgan Chase & Co.,,,
2023-06-14,-0.4290807213840977,-0.5197163338628095,-0.4954364541780607,-0.4996916503710195,-0.4710963215076254,-0.4669004754654088,-0.299689266183218,-0.4431025734314729,-0.4827614374322078,JPM,JPMorgan Chase & Co.,,,
2023-06-15,-0.3845303472797879,-0.4700310365224108,-0.5019229928811917,-0.520597339707293,-0.5459516805731205,-0.4162723278722871,0.6886580750821247,-0.4270462167084436,-0.4721316948673451,JPM,JPMorgan Chase & Co.,,,
2023-06-16,-0.3797970812371505,-0.4647520003334164,-0.484317010188889,-0.4435268631393922,-0.4695432133308413,0.408538426501952,0.0236249670289049,-0.4138062941267422,-0.4620207324736344,JPM,JPMorgan Chase & Co.,,,
2023-06-20,-0.4001224150004417,-0.4874209142834819,-0.5142777211790829,-0.4890828783700436,-0.4832098069792225,-0.5850020690308505,-0.3892815616118693,-0.409019257362163,-0.4547508365705116,JPM,JPMorgan Chase & Co.,,,
2023-06-21,-0.4059708484353235,-0.4939418815245679,-0.4827725513259841,-0.4688008983651261,-0.4742025378611935,-0.3086321627635874,-0.1512834015449784,-0.4069088048636262,-0.4486948464448742,JPM,JPMorgan Chase & Co.,,,
2023-06-22,-0.4822636175360887,-0.5790286106711013,-0.5266324494769741,-0.5542962120462694,-0.4925279820978527,-0.2811962824899096,-1.319587122989085,-0.4246302721909528,-0.450403361841481,JPM,JPMorgan Chase & Co.,,,
2023-06-23,-0.5025889512993799,-0.6016975246211668,-0.632267403025442,-0.5957957360531386,-0.6096253242846741,-0.309923697140963,-0.3981095328225177,-0.4430642778581448,-0.4538784457477388,JPM,JPMorgan Chase & Co.,,,
2023-06-26,-0.493122419214105,-0.5911394522431781,-0.6066308940697774,-0.5936113250514118,-0.5993753790483882,-0.5847991136286915,0.1064609975265059,-0.4544944720296794,-0.4561424928112092,JPM,JPMorgan Chase & Co.,,,
2023-06-27,-0.4928444158682404,-0.5908290879398129,-0.611881677161515,-0.5670893950489722,-0.5953373925771646,-0.6356671176061829,-0.0497294866228672,-0.4629967746636312,-0.458174430450227,JPM,JPMorgan Chase & Co.,,,
2023-06-28,-0.5098287531816358,-0.609771734894972,-0.6313403506655598,-0.5851864879381694,-0.5903676359882851,-0.7455213416475264,-0.3424030083829996,-0.4736710367853384,-0.4616276223579283,JPM,JPMorgan Chase & Co.,,,
2023-06-29,-0.3750629140491456,-0.459472964144422,-0.4969809130409656,-0.5262135803734591,-0.5621026785738672,0.7055359818250132,2.24049155722791,-0.4475770261287936,-0.4520239303759129,JPM,JPMorgan Chase & Co.,,,
2023-06-30,-0.3190968304297228,-0.3970551489479541,-0.4216158450368769,-0.4073317251330109,-0.4213997035029801,0.4822112374856746,0.8664458115965858,-0.413845458631138,-0.4380013562405857,JPM,JPMorgan Chase & Co.,,,
2023-07-03,-0.2865190736776226,-0.3607226242317239,-0.3759027847714707,-0.3343177397888922,-0.3720139914989361,-0.6600955678296863,0.4741964556878281,-0.3803036557050979,-0.4221731298572941,JPM,JPMorgan Chase & Co.,,,
2023-07-05,-0.3137133880044557,-0.421898034537469,-0.4392218277291796,-0.3854899956857096,-0.4108393262081671,-0.4915872325643872,-0.4922040863526118,-0.3620282620926516,-0.4103552265334181,JPM,JPMorgan Chase & Co.,,,
2023-07-06,-0.3538039936851553,-0.4663042956888733,-0.5022316961327031,-0.4766015500330189,-0.470474983448497,-0.3486697284622296,-0.7041303082249065,-0.3584658151644538,-0.4034024968708943,JPM,JPMorgan Chase & Co.,,,
2023-07-07,-0.3221242282917391,-0.4312141758633659,-0.426557924877103,-0.4279255598036064,-0.4428313640932075,-0.4829893037092871,0.4640686022513776,-0.3477780707991187,-0.394086312555082,JPM,JPMorgan Chase & Co.,,,
2023-07-10,-0.2994158156041729,-0.4060609259704859,-0.4219245482883883,-0.3811216497962493,-0.4245059198565482,-0.4611070212583242,0.3143221635088237,-0.3340163685382327,-0.3834698309004726,JPM,JPMorgan Chase & Co.,,,
2023-07-11,-0.2357742263173224,-0.3355693743388439,-0.3654007472853218,-0.3433662862334908,-0.3673551409106581,-0.0624288094535962,0.9732750140924192,-0.3075919044366376,-0.3678007715647887,JPM,JPMorgan Chase & Co.,,,
2023-07-12,-0.2153096655947571,-0.3129004603887784,-0.3020821756302869,-0.3031151331173208,-0.332878224731178,-0.0509341534949538,0.2709406074097223,-0.2825954226873459,-0.3516211192932429,JPM,JPMorgan Chase & Co.,,,
2023-07-13,-0.19512355879074,-0.2905419107420781,-0.3175258216539879,-0.2797131781136422,-0.294052890021947,-0.0672259371409911,0.2649318283302793,-0.2587403847050777,-0.3350036211940756,JPM,JPMorgan Chase & Co.,,,
2023-07-14,-0.1698928402196246,-0.2625934867643872,-0.2088024216823842,-0.2591193434430466,-0.2055309373080708,2.846752375584838,0.342814578390059,-0.2344649949149068,-0.3175110816757623,JPM,JPMorgan Chase & Co.,,,
2023-07-17,-0.0686852039990423,-0.1504903742275206,-0.1822393316695115,-0.1985862103219591,-0.2428031638405177,1.0448774142348871,1.529496167029038,-0.1906499542422717,-0.2920389547333099,JPM,JPMorgan Chase & Co.,,,
2023-07-18,-0.0608348761303254,-0.141795435346985,-0.1621627803597699,-0.1215157337540582,-0.1486905904207077,0.3491647461248872,0.0655258180772367,-0.1558023106961975,-0.2681401778403106,JPM,JPMorgan Chase & Co.,,,
2023-07-19,-0.0442948034830929,-0.1234739908371873,-0.1371436779071281,-0.1402374882025985,-0.1682587107756238,0.1680362749435185,0.1978622360910147,-0.1254814548722032,-0.2448500491735069,JPM,JPMorgan Chase & Co.,,,
2023-07-20,0.0089737014788076,-0.0644725521708917,-0.0945195353675317,-0.0719037034136181,-0.1129714720650449,-0.3068978165996831,0.755016911487485,-0.089262319964555,-0.2186403328917334,JPM,JPMorgan Chase & Co.,,,
2023-07-21,-0.0246692090976424,-0.1017366436358485,-0.1084187225283277,-0.0631670116346976,-0.0735247992966855,-0.1776521264066009,-0.559455051320768,-0.0706106112235242,-0.1979944667955684,JPM,JPMorgan Chase & Co.,,,
2023-07-24,0.060839123103557,-0.0070234088600529,-0.0265675871237821,-0.0619191168579918,-0.0993048784166637,0.5133187654893201,1.2390581551539752,-0.034985715396655,-0.1711401472231724,JPM,JPMorgan Chase & Co.,,,
2023-07-25,0.0277567249456735,-0.0436662978796483,-0.0596167445371117,-0.0235395678498837,-0.0269343976456083,-0.305274173382411,-0.545226626679121,-0.0166378598958561,-0.1498552781624571,JPM,JPMorgan Chase & Co.,,,
2023-07-26,0.0541098200719731,-0.0144764166884967,-0.0432465174562026,-0.0135549812942574,-0.0452598418822675,-0.5296505957147554,0.3394515702258255,0.0037911371982025,-0.1280135463740556,JPM,JPMorgan Chase & Co.,,,
2023-07-27,0.0053290190400742,-0.0685091834691632,-0.0268762903752935,-0.0363327508525864,-0.0123360338795715,-0.1514524290369826,-0.7792163538349663,0.006769912606674,-0.1127699579852044,JPM,JPMorgan Chase & Co.,,,
2023-07-28,0.0302799319745901,-0.0408715976334685,-0.0633230687659443,-0.0085624499594475,-0.0275557357047367,-0.4604243530874257,0.3204056182457528,0.0153173064394161,-0.0965528846765081,JPM,JPMorgan Chase & Co.,,,
2023-07-31,0.0597171971210566,-0.0082653399121447,-0.0083437266257826,0.0135911341535318,-0.0306619520583049,-0.4993733398108513,0.3852977097432661,0.0291763426936554,-0.0790266122700456,JPM,JPMorgan Chase & Co.,,,
2023-08-01,0.0378495530613401,-0.0324874968949293,-0.0509683404680531,-0.0176114725180396,-0.0228968851164587,-0.8755419524670339,-0.3789358909341332,0.0340374650029785,-0.0651613605811549,JPM,JPMorgan Chase & Co.,,,
2023-08-02,-0.0120536245257428,-0.0877626685663186,-0.1223179096891238,-0.0865689666383761,-0.0809794341800045,-0.6088401035389821,-0.7986282860155337,0.0250563401579075,-0.0572752454969036,JPM,JPMorgan Chase & Co.,,,
2023-08-03,0.0145801773825237,-0.0582614753945396,-0.0843266724355681,-0.0737757836356734,-0.0983731082990081,-1.0175922834872395,0.3472848942934555,0.0250596290358354,-0.0475876565506338,JPM,JPMorgan Chase & Co.,,,
2023-08-04,0.0053290190400742,-0.0685091834691632,-0.0571457046169987,-0.031652550297448,-0.0548889230014991,-0.9944553676411116,-0.1931342114625033,0.0227212814848987,-0.0396555126911843,JPM,JPMorgan Chase & Co.,,,
2023-08-07,0.0260747371172903,-0.0455299052157326,-0.0602346223428085,-0.0035699186246377,-0.0486764902943628,-0.8021274483587864,0.2572290770092759,0.0262167955461571,-0.03048283474799,JPM,JPMorgan Chase & Co.,,,
2023-08-08,0.0014031792466901,-0.072856652909431,-0.1133608023685538,-0.1286926760905949,-0.1194938628886342,-0.5490605123575993,-0.423345507101402,0.0225958038346977,-0.0244768875227042,JPM,JPMorgan Chase & Co.,,,
2023-08-09,-0.0571906442642757,-0.1377588040487135,-0.1275686927808613,-0.1012342298631342,-0.0884335951212494,-0.981835231725042,-0.9355154673704396,0.005054105335009,-0.024557349887633,JPM,JPMorgan Chase & Co.,,,
2023-08-10,-0.063638789941209,-0.1449009737351611,-0.1300397327009743,-0.1130913727548092,-0.1176303226533229,-1.033994770079909,-0.1527213306623661,-0.009733738389285,-0.0252402102048738,JPM,JPMorgan Chase & Co.,,,
2023-08-11,-0.0386874264340094,-0.1172633878994664,-0.1584559848282632,-0.1274443051998957,-0.159561873716122,-1.1842555696420018,0.3264175779454774,-0.0145111948980206,-0.0235016840245071,JPM,JPMorgan Chase & Co.,,,
2023-08-14,-0.0297156231554757,-0.107326044128208,-0.1461012565303721,-0.1183957587552971,-0.14154686153799,-1.2094220395097195,0.0817143974316579,-0.0158241580891745,-0.0210728652736843,JPM,JPMorgan Chase & Co.,,,
2023-08-15,-0.1401748682911912,-0.2296768647396982,-0.1970650998875157,-0.2023308468800632,-0.1651524944220557,-0.2396642270117329,-1.727325302578179,-0.0447583070300257,-0.0293094643040134,JPM,JPMorgan Chase & Co.,,,
2023-08-16,-0.158117573702891,-0.2495510784435839,-0.2684146691085865,-0.2194923757722262,-0.2350380968986715,-0.8526079920230651,-0.3332801135567971,-0.0709989491002694,-0.0384938772054255,JPM,JPMorgan Chase & Co.,,,
2023-08-17,-0.2018510595315891,-0.2979944447318908,-0.2591488585365051,-0.2594316742227182,-0.2263412598391697,-0.3035767282007174,-0.7369754017192803,-0.1017452843832836,-0.0509786195136701,JPM,JPMorgan Chase & Co.,,,
2023-08-18,-0.1923200955525401,-0.2874363723539021,-0.3135103228709699,-0.2893859100035904,-0.3266662659661158,-0.568599582438181,0.0958641446577984,-0.1223934226090796,-0.0614271726837668,JPM,JPMorgan Chase & Co.,,,
2023-08-21,-0.1780220725795736,-0.271599263786919,-0.2949777591214592,-0.2712883410003998,-0.2645457304313463,-0.6037477679939014,0.1705281151282798,-0.1342617073953976,-0.0695738894211672,JPM,JPMorgan Chase & Co.,,,
2023-08-22,-0.2649312352545056,-0.3678647939181714,-0.3091861208364407,-0.3389979403440306,-0.2766592159029434,-0.3553488062423717,-1.4172443168949254,-0.1651534864240178,-0.0851978032683482,JPM,JPMorgan Chase & Co.,,,
2023-08-23,-0.2371773096544735,-0.3371221435329319,-0.3725051637941495,-0.3511669379013837,-0.3670442349100568,-0.6902805712780634,0.389975808852428,-0.1812997640592377,-0.096777053158919,JPM,JPMorgan Chase & Co.,,,
2023-08-24,-0.2411026988751739,-0.3414696129731996,-0.3162900660425944,-0.3034269877829988,-0.3313251165543939,-0.9345650735130968,-0.1168775809261593,-0.1944027108104994,-0.1076748141979717,JPM,JPMorgan Chase & Co.,,,
2023-08-25,-0.2461486623603235,-0.3470590134655592,-0.3406912906895394,-0.3389979403440306,-0.3381584133785845,-0.904767530377932,-0.1347769397103334,-0.2055066975314008,-0.1180589972591331,JPM,JPMorgan Chase & Co.,,,
2023-08-28,-0.231850639387357,-0.3312219048985761,-0.3409999939410508,-0.2990586418935386,-0.3291506703184814,-1.200233694939248,0.1734655579107156,-0.2102168686890473,-0.1261471957156839,JPM,JPMorgan Chase & Co.,,,
2023-08-29,-0.1982077288109069,-0.2939578134336193,-0.3335868741807116,-0.2974988924511548,-0.3248022517887305,-0.9709125409906658,0.4799672983654305,-0.2052368546175776,-0.1303189546980094,JPM,JPMorgan Chase & Co.,,,
2023-08-30,-0.2150294093854738,-0.3125896222467821,-0.3243210636086303,-0.2971865616714833,-0.2965377683163867,-0.9819274841805689,-0.3194965254783646,-0.2057582222878747,-0.135702058518724,JPM,JPMorgan Chase & Co.,,,
2023-08-31,-0.2663343185916568,-0.3694175631122595,-0.3490305202044126,-0.3355656345655979,-0.3077194836703282,-0.1227619153681399,-0.8661104725036401,-0.2191308938016374,-0.1454469909803706,JPM,JPMorgan Chase & Co.,,,
2023-09-01,-0.2525959068918893,-0.3542011831520067,-0.3573702210219599,-0.3436786170131623,-0.3751202078525043,-0.6818855978251224,0.1656229418607077,-0.2256841766080917,-0.1530069672923865,JPM,JPMorgan Chase & Co.,,,
2023-09-05,-0.2980136334123892,-0.4045081567763979,-0.353354722238942,-0.3652084917947855,-0.3418854938492069,-0.6908894374845405,-0.7795302771360895,-0.242091154702892,-0.1641742046109202,JPM,JPMorgan Chase & Co.,,,
2023-09-06,-0.3047424858712895,-0.4119606907662106,-0.4358242067518584,-0.3932906473536025,-0.4182939610914861,-0.5479903838734882,-0.1630668725889544,-0.2560989851667895,-0.1749624938406374,JPM,JPMorgan Chase & Co.,,,
2023-09-07,-0.3395059707121888,-0.4504671871218902,-0.4441634362667316,-0.4157565622462534,-0.4359980672690169,-0.5951313886476959,-0.6165582513450708,-0.2754010385870278,-0.1880571355511336,JPM,JPMorgan Chase & Co.,,,
2023-09-08,-0.3364218006920219,-0.4470512844303491,-0.4796841049028483,-0.4388466625842538,-0.4596041740951567,-0.8286777050594067,-0.0041428473200698,-0.2890971932409841,-0.1996697276225973,JPM,JPMorgan Chase & Co.,,,
2023-09-11,-0.318759802062289,-0.4274874350298285,-0.450958678221374,-0.4063956850219832,-0.4167408529147021,-0.8754866009937178,0.2333896512884927,-0.2949003059101173,-0.2085565764956501,JPM,JPMorgan Chase & Co.,,,
2023-09-12,-0.2660545129550573,-0.3691071988088943,-0.3808443933090227,-0.3951627275756578,-0.4245059198565482,-0.5970686902137592,0.8007350053227997,-0.285916657491238,-0.2116519135773372,JPM,JPMorgan Chase & Co.,,,
2023-09-13,-0.2640909171993396,-0.3669332271694449,-0.3691075428168284,-0.3399339804550582,-0.3362948731432733,-0.6039507233960604,-0.0229918706410496,-0.2786820738984654,-0.2142801860551895,JPM,JPMorgan Chase & Co.,,,
2023-09-14,-0.1844702182565069,-0.2787414334733665,-0.3011555945730788,-0.2868896443361855,-0.3207647392595809,-0.2886318304053717,1.2202488632750208,-0.2531097657119634,-0.2091408870170389,JPM,JPMorgan Chase & Co.,,,
2023-09-15,-0.1968064477644907,-0.2924050442395313,-0.3064063776648162,-0.2622397945558011,-0.2872195931977565,1.524774687885432,-0.2481826815773673,-0.2370519622088837,-0.2056352650392819,JPM,JPMorgan Chase & Co.,,,
2023-09-18,-0.188115351267924,-0.2827785386102692,-0.3246297668601416,-0.2797131781136422,-0.3108252260818222,-0.9385503795918556,0.0824533443715415,-0.2228095074344478,-0.2016265381545749,JPM,JPMorgan Chase & Co.,,,
2023-09-19,-0.1934420215350406,-0.2886787772446249,-0.3067150809163276,-0.2965623762261337,-0.2692045810196244,-0.6745238518740817,-0.1381710708499216,-0.2134754700543473,-0.1984859111487895,JPM,JPMorgan Chase & Co.,,,
2023-09-20,-0.2111040201647735,-0.3082421528065144,-0.2903448538354185,-0.2675441805562891,-0.2645457304313463,-0.7873301544922836,-0.3324194759602323,-0.2109439453406055,-0.1973008486990802,JPM,JPMorgan Chase & Co.,,,
2023-09-21,-0.2436250047587231,-0.3442643132193794,-0.3335868741807116,-0.3146599452293243,-0.3288402382599543,-0.6544128165692338,-0.5684543896932969,-0.2172740640881102,-0.1992985827496827,JPM,JPMorgan Chase & Co.,,,
2023-09-22,-0.28315554859354,-0.3880498457640534,-0.3749762037142626,-0.3595917750146261,-0.3378479813200573,-0.8353567828395488,-0.6841698526768851,-0.2320240393676184,-0.2048525660589984,JPM,JPMorgan Chase & Co.,,,
2023-09-25,-0.2629694417895229,-0.3656912961173531,-0.4055543212074792,-0.4060838303563052,-0.3981045026774416,-0.8403384154379974,0.2702354189156382,-0.2379788441569501,-0.2079929184878884,JPM,JPMorgan Chase & Co.,,,
2023-09-26,-0.3055832544991392,-0.4128927313535683,-0.426557924877103,-0.3895464869094918,-0.4213997035029801,-0.7621636846245657,-0.736485107186065,-0.2532274913628623,-0.2148771882338574,JPM,JPMorgan Chase & Co.,,,
2023-09-27,-0.2817529158290725,-0.3864970765699654,-0.4188361018652525,-0.3808097951305713,-0.4030742592663209,-0.9006530708614358,0.3309658908750592,-0.2586342026235166,-0.2188823069348487,JPM,JPMorgan Chase & Co.,,,
2023-09-28,-0.2310098707595072,-0.3302903381498495,-0.3329694676776889,-0.3340058851232141,-0.3692186811459693,-0.5039121606227711,0.761441119572507,-0.2498497584026061,-0.2177252500067219,JPM,JPMorgan Chase & Co.,,,
2023-09-29,-0.3030600474702226,-0.4100975572687574,-0.3363670886550101,-0.3698886923499239,-0.297158632433441,0.0587724666175467,-1.1987124592725484,-0.2614922317143284,-0.2234861772540911,JPM,JPMorgan Chase & Co.,,,
2023-10-02,-0.3381037885204051,-0.4489144179278022,-0.4333531668317454,-0.43947037191561,-0.4142559746202623,-0.4480994250290418,-0.6208554228899357,-0.2790911803056115,-0.2320369898762627,JPM,JPMorgan Chase & Co.,,,
2023-10-03,-0.3678213098761548,-0.4818310399524912,-0.4960543319837575,-0.4482070636945305,-0.4648843627425633,-0.4000358956995659,-0.5389438039978671,-0.2998097956639318,-0.2426204343724227,JPM,JPMorgan Chase & Co.,,,
2023-10-04,-0.3498781538917712,-0.4619568262486055,-0.49976065621259,-0.4613125774769047,-0.4651947948010904,-0.6403350918558403,0.2402664891971464,-0.3108086128099726,-0.2505451093451571,JPM,JPMorgan Chase & Co.,,,
2023-10-05,-0.3329339175472283,-0.4759312751567666,-0.5111888034532731,-0.4956351591472372,-0.5009143870988274,-0.5577691441593317,0.2226170557713123,-0.314770337243725,-0.2561471752468559,JPM,JPMorgan Chase & Co.,,,
2023-10-06,-0.270800845605523,-0.4076132213259428,-0.4253221692657095,-0.4547598205857177,-0.4738916318605922,-0.2451440228700263,0.9572477374941424,-0.3020201422656327,-0.2553648898521892,JPM,JPMorgan Chase & Co.,,,
2023-10-09,-0.2801200404232165,-0.4178609294005664,-0.4401484087863878,-0.4123242564678208,-0.4505964310350537,-0.8550619073400787,-0.2038836816917917,-0.2948155254638132,-0.2555349097706709,JPM,JPMorgan Chase & Co.,,,
2023-10-10,-0.2552673523337548,-0.390534181706868,-0.3978324981956286,-0.3567836546815431,-0.3959305303836031,-0.0572811224351993,0.3449971593244441,-0.2831236043507988,-0.2533394954270919,JPM,JPMorgan Chase & Co.,,,
2023-10-11,-0.2411468549981799,-0.3750074374432501,-0.3836246077833212,-0.3648961610151141,-0.3620749522632515,-0.5352595450107863,0.171134772337125,-0.2707817638224939,-0.2500084824080748,JPM,JPMorgan Chase & Co.,,,
2023-10-12,-0.2507485588885753,-0.3855655098212388,-0.3919638372981944,-0.3614638552366814,-0.3685973430868408,-0.2056968728867558,-0.207307756611409,-0.2639548959336663,-0.2478881902224484,JPM,JPMorgan Chase & Co.,,,
2023-10-13,-0.1888979960195719,-0.3175582941324114,-0.2020071797277418,-0.2769050577805592,-0.3002648487870091,3.289305855238124,0.9325486040986064,-0.2431847397892896,-0.2401122923027877,JPM,JPMorgan Chase & Co.,,,
2023-10-16,-0.1931347309647332,-0.3222161278760443,-0.3128924450652732,-0.3118518248962413,-0.2707576891964084,0.1963577787902539,-0.1210512711574126,-0.2286791407995947,-0.2334439041191021,JPM,JPMorgan Chase & Co.,,,
2023-10-17,-0.2021727684277759,-0.3321534716473027,-0.3193789837684042,-0.3096678900085079,-0.3291506703184814,-0.0215056201818965,-0.1966793804401148,-0.220086829937706,-0.2282363363066156,JPM,JPMorgan Chase & Co.,,,
2023-10-18,-0.2479243693069236,-0.3824599714330628,-0.3759027847714707,-0.3539755343484601,-0.3595900739688119,-0.3651275665282152,-0.7760211410643052,-0.2252190927797469,-0.2278282852498008,JPM,JPMorgan Chase & Co.,,,
2023-10-19,-0.2654354260876052,-0.4017134565302181,-0.3901106751837782,-0.3692645069045743,-0.3940669901482919,-0.0840712355201894,-0.333687636391331,-0.23349910052074,-0.2291131102529131,JPM,JPMorgan Chase & Co.,,,
2023-10-20,-0.3315213721837187,-0.4743785059626785,-0.4481789350497496,-0.4553840060310672,-0.4223314736206358,0.3198653662495676,-1.1127965717082582,-0.2564307876485414,-0.2365299746637661,JPM,JPMorgan Chase & Co.,,,
2023-10-23,-0.3865944207439785,-0.5349327138230622,-0.4932745888121331,-0.4987556102599917,-0.4729598617429366,-0.2704580966665871,-0.950864537582678,-0.2875646484550749,-0.2484800816551119,JPM,JPMorgan Chase & Co.,,,
2023-10-24,-0.3817926676534133,-0.5296536776340679,-0.5535047140440321,-0.5103004223719954,-0.52731533033586,-0.5014582453057576,0.0247956096920345,-0.3097000597900844,-0.2588897793406354,JPM,JPMorgan Chase & Co.,,,
2023-10-25,-0.4035395582338889,-0.5535649964748561,-0.5704928189306381,-0.5368228284884284,-0.5465725446901748,-0.6193199824868295,-0.4128795228814698,-0.3318042190032003,-0.2704094460983761,JPM,JPMorgan Chase & Co.,,,
2023-10-26,-0.3933719350527221,-0.542385721651506,-0.5553578761584484,-0.5393190941558333,-0.5717317596930988,-0.4593911255855252,0.1140605561561958,-0.345809631738142,-0.279920457728734,JPM,JPMorgan Chase & Co.,,,
2023-10-27,-0.5365598787895891,-0.6998266620885035,-0.634737971642881,-0.6716178417303403,-0.5968905007539486,1.076667610409431,-2.4213678667021843,-0.3925444378515031,-0.3021061522302843,JPM,JPMorgan Chase & Co.,,,
2023-10-30,-0.4877006781107204,-0.6461042596112022,-0.6674788971073733,-0.6450959117279007,-0.6748516022309377,-0.3217320114483966,0.783386499461093,-0.4152327326158965,-0.3176550208152113,JPM,JPMorgan Chase & Co.,,,
2023-10-31,-0.4413840590861689,-0.5951765573800807,-0.6304137696083517,-0.600475936608277,-0.6354049294625783,-0.3554964101712147,0.7297880016870899,-0.4205294915494308,-0.3274108283745526,JPM,JPMorgan Chase & Co.,,,
2023-11-01,-0.4447719150951733,-0.5989028243749871,-0.5905693702403797,-0.5692733299367055,-0.5875723256353184,-0.3998698412796176,-0.1111297603838977,-0.4253592876169281,-0.3366000874224374,JPM,JPMorgan Chase & Co.,,,
2023-11-02,-0.374732193699284,-0.5218903055022589,-0.5612265370558827,-0.5455595202673489,-0.5614818144568129,-0.2607162373629544,1.118492648471335,-0.4112595323106536,-0.3383312632917184,JPM,JPMorgan Chase & Co.,,,
2023-11-03,-0.3301092773928929,-0.4728257367685905,-0.4904943743378346,-0.4638083670303162,-0.4962550625684752,-0.3801831672701931,0.6797398593280723,-0.3893938101208126,-0.3356856822588381,JPM,JPMorgan Chase & Co.,,,
2023-11-06,-0.299607759567444,-0.4392879122985401,-0.4775217682342467,-0.4344783166947936,-0.4658161328602189,-0.7332517650624587,0.4418549139724508,-0.3652767404780317,-0.3303964983214424,JPM,JPMorgan Chase & Co.,,,
2023-11-07,-0.3015848725036738,-0.4414618839379895,-0.4753599028683191,-0.4335418004697725,-0.4552557555654059,-0.9781266830128637,-0.0863721907305155,-0.3476892057674133,-0.3257750977455271,JPM,JPMorgan Chase & Co.,,,
2023-11-08,-0.2815330363594098,-0.4194136985946544,-0.457445216924505,-0.4085800960237101,-0.4366194053281453,-0.7345248489487288,0.2695371897749851,-0.329424852476503,-0.3196777973228718,JPM,JPMorgan Chase & Co.,,,
2023-11-09,-0.2936773219041224,-0.432766945057454,-0.4324265857745372,-0.4060838303563052,-0.3953091923244747,-0.6654646607413475,-0.2496975437455587,-0.3187994476965874,-0.3152831154870999,JPM,JPMorgan Chase & Co.,,,
2023-11-10,-0.2332388538259449,-0.3663124985627145,-0.4067900768188727,-0.3942266874646301,-0.4108393262081671,-0.667162105923041,0.9201749199724206,-0.2955376902540595,-0.305573113052967,JPM,JPMorgan Chase & Co.,,,
2023-11-13,-0.2515956355339973,-0.3864970765699654,-0.4138940220250264,-0.3605278151256538,-0.3872336933241013,-0.9083100246701622,-0.3461346874359374,-0.2827361759762003,-0.298481587231046,JPM,JPMorgan Chase & Co.,,,
2023-11-14,-0.1764716519748411,-0.3038946833662466,-0.3212321458828205,-0.3180922510077569,-0.356794763615845,-0.308410756870323,1.144608320710239,-0.2541264705653666,-0.2849313006304116,JPM,JPMorgan Chase & Co.,,,
2023-11-15,-0.139756736840685,-0.2635250535131138,-0.2931245970070429,-0.2575591178866694,-0.3015070509631919,-0.5966812299005466,0.5210613811614925,-0.2233792418748817,-0.2691412322163594,JPM,JPMorgan Chase & Co.,,,
2023-11-16,-0.0914634554525875,-0.2104238534811739,-0.2508091577189579,-0.2066991927695235,-0.2508791367829651,-0.6407963541334744,0.6959797102278795,-0.1880992047038844,-0.2502201911957548,JPM,JPMorgan Chase & Co.,,,
2023-11-17,-0.0527714273822017,-0.1678802519885917,-0.2097290027395923,-0.1614555083185436,-0.1853419528361003,-0.69869399522211,0.539998818866063,-0.1518489596718087,-0.229360670305467,JPM,JPMorgan Chase & Co.,,,
2023-11-20,-0.0394980066920489,-0.1532855483123314,-0.1822393316695115,-0.1495983654268685,-0.1890690333067227,-0.8450801916520763,0.1476538179378081,-0.1213027114230677,-0.2091423841208652,JPM,JPMorgan Chase & Co.,,,
2023-11-21,-0.0485351430097241,-0.1632224182449587,-0.1859456558983441,-0.1293163854219511,-0.1542816850687155,-0.8331796248891158,-0.1916180088408309,-0.1006796856007045,-0.191616642007677,JPM,JPMorgan Chase & Co.,,,
2023-11-22,-0.0383675198285574,-0.1520431434216086,-0.1782238328864936,-0.1190199442006467,-0.1477588203030521,-1.1853995000905346,0.1002140960045749,-0.0826397095590366,-0.1747227364826452,JPM,JPMorgan Chase & Co.,,,
2023-11-24,-0.0324370821652358,-0.1455221761805225,-0.1609270247483763,-0.1071628013089717,-0.1421681995971184,-1.4949249388741386,0.035551467223258,-0.0676091529795738,-0.1588038803855173,JPM,JPMorgan Chase & Co.,,,
2023-11-27,-0.0423212951283331,-0.1563906128618764,-0.1890345736241539,-0.1249480395324908,-0.1471379561859978,-0.9852854735617452,-0.2042314927681686,-0.0588372311280293,-0.1452668075014545,JPM,JPMorgan Chase & Co.,,,
2023-11-28,-0.0324370821652358,-0.1455221761805225,-0.178533007440679,-0.1246361848668127,-0.1536603470095871,-0.925579684344784,0.0956872743358317,-0.0497572941563179,-0.132025763129889,JPM,JPMorgan Chase & Co.,,,
2023-11-29,-0.0104072319393747,-0.1213000191977379,-0.1241710718035401,-0.0846968864163208,-0.1241531874189864,-0.4563098935709292,0.2794036357490605,-0.0373731436319278,-0.1179053892259663,JPM,JPMorgan Chase & Co.,,,
2023-11-30,0.0392985948122322,-0.06664604997171,-0.1087274257798391,-0.0728397435246457,-0.101168418651975,-0.3190935912203294,0.6950061011853398,-0.0155079997072433,-0.1003686872607929,JPM,JPMorgan Chase & Co.,,,
2023-12-01,0.0607629763200058,-0.043045569272918,-0.0552925425025824,-0.0279079137393439,-0.072903461237557,-0.4950743753833012,0.265540846927232,0.0063219758724774,-0.0823966387123082,JPM,JPMorgan Chase & Co.,,,
2023-12-04,0.0932416070816843,-0.0073337731634181,-0.0494238816051482,-0.0260358335172886,-0.0666915024724949,-0.3674892293897019,0.4273914829974496,0.0309125030791353,-0.0629873540299176,JPM,JPMorgan Chase & Co.,,,
2023-12-05,0.0926761383635968,-0.0079549756087795,-0.0355246944443521,0.0079748934873657,-0.0281770737638652,-0.4545570969159196,-0.0627711263443236,0.0492123183247296,-0.045396018395556,JPM,JPMorgan Chase & Co.,,,
2023-12-06,0.0457940506209577,-0.0595038802852625,-0.0132858064660087,-0.0222916730731779,0.0208982061816516,-0.4120471654091585,-0.744984369299658,0.0510746374597657,-0.0338368912318087,JPM,JPMorgan Chase & Co.,,,
2023-12-07,0.0593504309564962,-0.044598338467006,-0.0722806473891883,-0.0176114725180396,-0.045881179941396,-0.6399291810515223,0.1473535649235486,0.0559015383694753,-0.0220467528215534,JPM,JPMorgan Chase & Co.,,,
2023-12-08,0.108209631635365,0.0091245378489263,-0.0268762903752935,0.0082867481530438,-0.0281770737638652,-0.780429670818877,0.6706356278481493,0.0718845238723843,-0.0067085005775669,JPM,JPMorgan Chase & Co.,,,
2023-12-11,0.1245902015525552,0.0271356180553588,-0.0108147665458957,0.0447937408251032,0.010959166945967,-0.6467558627605073,0.1859942612708066,0.088016527298326,0.0087842509678637,JPM,JPMorgan Chase & Co.,,,
2023-12-12,0.1646934232683994,0.071231514903398,0.0308827949364925,0.0675719864974256,0.0330116916532487,-0.2539264566361801,0.5320544526160598,0.1102628203755819,0.0266605822937846,JPM,JPMorgan Chase & Co.,,,
2023-12-13,0.1799448580401494,0.0880001902191076,0.0735074087787629,0.0953422873905644,0.0730797024807365,0.1438845820865957,0.1666313730121574,0.1308066001958684,0.0443539116323663,JPM,JPMorgan Chase & Co.,,,
2023-12-14,0.2626947842715225,0.1789871579999968,0.1603006240235346,0.1558754205116519,0.1137685774252787,0.3770803391673045,1.141022511802929,0.1671525917737409,0.0682632822533493,JPM,JPMorgan Chase & Co.,,,
2023-12-15,0.2977146449694671,0.2174931805170454,0.1738911079328194,0.1770929645136037,0.1525939121345097,1.6070454277242547,0.4424398898572141,0.2032731366355942,0.0933104217231871,JPM,JPMorgan Chase & Co.,,,
2023-12-18,0.325956991358668,0.2485466690442812,0.2310327867415826,0.2781895815305327,0.2408049588477847,-0.5774373676776509,0.343269153430268,0.2375096866933599,0.1187510399225507,JPM,JPMorgan Chase & Co.,,,
2023-12-19,0.3886546308730935,0.3174854514818352,0.2724216449724596,0.2756933158631278,0.2432898371422243,-0.2312877040498971,0.8231615959926701,0.2790514396832997,0.1478073306406691,JPM,JPMorgan Chase & Co.,,,
2023-12-20,0.3349941276763433,0.2584840128155396,0.3014557749054453,0.3037754714219447,0.3050999406184667,-0.1595152936500271,-0.7956526457642036,0.2966300743433319,0.1691482024476206,JPM,JPMorgan Chase & Co.,,,
2023-12-21,0.3618239287020347,0.2879847321486875,0.2606843231775911,0.2797493309729166,0.2693803483207297,-0.737569179981114,0.320383087881645,0.3166027763714719,0.1910859213633107,JPM,JPMorgan Chase & Co.,,,
2023-12-22,0.3589997391203829,0.2848791937605114,0.2650085252121204,0.3281134665366509,0.2898802387933015,-0.9267605157755272,-0.0936748391702848,0.3308677001522491,0.2107622573153435,JPM,JPMorgan Chase & Co.,,,
2023-12-26,0.3869600270095657,0.3156223179843821,0.281687926847215,0.3265532409802737,0.2886380366171187,-1.2759729609267716,0.3341931652404378,0.3486411653316508,0.2312936564577006,JPM,JPMorgan Chase & Co.,,,
2023-12-27,0.4154844318987848,0.3469861708149831,0.3033089370198615,0.3390345693172983,0.3004406160881145,-0.9540118911381514,0.3397031405802539,0.3691887746951338,0.2526557265819957,JPM,JPMorgan Chase & Co.,,,
2023-12-28,0.4409030392790178,0.374934594792674,0.3400648899646977,0.3833422136572506,0.347341923739793,-0.9740306739874726,0.2946935519807845,0.3910311343968891,0.274479279464024,JPM,JPMorgan Chase & Co.,,,
2023-12-29,0.4352542095430307,0.3687239918549531,0.3409914710219059,0.4030000082168184,0.3675309082117634,-0.9528126092163028,-0.1316225458045526,0.4059835846844536,0.2937847406278357,JPM,JPMorgan Chase & Co.,,,
2024-01-02,0.4911729830306612,0.4302097664640633,0.3867045312873121,0.3805340933241675,0.3392659507973455,-0.2992408627909566,,0.5074372901681773,0.5450015397600407,JPM,JPMorgan Chase & Co.,,,
2024-01-03,0.4699924623136408,0.4069196500686364,0.3826890325042941,0.4260896324408255,0.4253030252167821,-0.3223224271637683,-0.3408369525394332,0.5020779976319073,0.5429987883659084,JPM,JPMorgan Chase & Co.,,,
2024-01-04,0.5021029751927077,0.409403986011451,0.4231517809806369,0.4313940184413135,0.3874094606252067,0.0688648852521814,0.3816416479990411,0.5061834291378443,0.5442143561494238,JPM,JPMorgan Chase & Co.,,,
2024-01-05,0.5265402352677656,0.4361100050984191,0.4240783620378451,0.4604126902251514,0.4131895397451849,-0.2828937276716032,0.2752452585941408,0.5154458458152279,0.5476301143461115,JPM,JPMorgan Chase & Co.,,,
2024-01-08,0.5194369569086814,0.4283466329666101,0.3925731921847463,0.3986316623273582,0.4302727818056614,-0.0681484616962594,-0.1497967175803501,0.5205953207034074,0.5500636894437454,JPM,JPMorgan Chase & Co.,,,
2024-01-09,0.4807904366793529,0.3861138696160242,0.3749672094924436,0.4176652714415765,0.417848390333463,-0.309167227005643,-0.5739830549314416,0.5146787245333238,0.5486217589861515,JPM,JPMorgan Chase & Co.,,,
2024-01-10,0.491020238890875,0.3972931444393743,0.3530374960682857,0.3817819881008733,0.3675309082117634,-0.3559207714666381,0.0841758391294985,0.5128297171977851,0.5482782052287066,JPM,JPMorgan Chase & Co.,,,
2024-01-11,0.4705606344678307,0.374934594792674,0.3307986080899424,0.3721092562109251,0.3777808534480493,0.0590861249663379,-0.331097732747165,0.5062660821120829,0.5460312994048391,JPM,JPMorgan Chase & Co.,,,
2024-01-12,0.4350397369455727,0.3361177341336292,0.5145779015114493,0.3802217625444961,0.4855600205162404,1.4460095413566283,-0.5367870202916027,0.4923555276175635,0.5406299335688424,JPM,JPMorgan Chase & Co.,,,
2024-01-16,0.4049185024651963,0.3032011121089402,0.2606843231775911,0.2366900575236635,0.2081915829036158,1.0345451392158826,-0.4664886019329818,0.4743010565785711,0.5328714489006127,JPM,JPMorgan Chase & Co.,,,
2024-01-17,0.3793435463637073,0.2752526881312493,0.2909542087219703,0.3050238423126439,0.2849104822044221,-0.0907318628092262,-0.4065050296970251,0.454288989811171,0.5234000081331867,JPM,JPMorgan Chase & Co.,,,
2024-01-18,0.3887213156302863,0.2855003962058728,0.2433875150394738,0.2660205839731796,0.2780771853802316,-0.409039735358984,0.0753453915005798,0.4416527902197384,0.515676334477009,JPM,JPMorgan Chase & Co.,,,
2024-01-19,0.4708444952585839,0.3752449590960391,0.3372851467930733,0.3234332659815126,0.2914333469700855,0.2797908995687146,1.0799036244197002,0.452955211978485,0.5164200759074904,JPM,JPMorgan Chase & Co.,,,
2024-01-22,0.4651614219986328,0.3690343561583182,0.3808358703898779,0.4054962738842234,0.381818839919273,0.2284616333135891,-0.1316100252211598,0.4599940441935632,0.5165588341748749,JPM,JPMorgan Chase & Co.,,,
2024-01-23,0.4333352204830027,0.334254600636176,0.3119573410889202,0.3658688300994095,0.3572809629754775,-0.597511502000288,-0.4870988811347478,0.4572202065547641,0.513675610612081,JPM,JPMorgan Chase & Co.,,,
2024-01-24,0.4762437077277818,0.3811451977303949,0.350875159399684,0.3789738677677903,0.3476523557983201,-0.3011412633748092,0.5327345786706129,0.4659969332337994,0.5151117655136885,JPM,JPMorgan Chase & Co.,,,
2024-01-25,0.5455796345916768,0.4569157855510313,0.4120323369914653,0.4429393066673104,0.4392800509236904,-0.5029158341030814,0.8859757614920142,0.4901234999553662,0.522973508673515,JPM,JPMorgan Chase & Co.,,,
2024-01-26,0.5268245466312025,0.4364203694017842,0.4141942023573929,0.4700854221150996,0.4485982260423207,-0.7668501093653284,-0.305233717165306,0.503472838036402,0.5283471364312338,JPM,JPMorgan Chase & Co.,,,
2024-01-29,0.5396117993956051,0.4503943444713141,0.4073989604027505,0.4551083042246635,0.437106078629852,-0.8538995264004408,0.1172012700095774,0.5167203913372086,0.5344413677159834,JPM,JPMorgan Chase & Co.,,,
2024-01-30,0.6402062061936239,0.5603239592073624,0.5284770886722454,0.5028482543430484,0.4554315228665112,-0.143389564423938,1.292327095704008,0.5521093896253372,0.5494934115670542,JPM,JPMorgan Chase & Co.,,,
2024-01-31,0.5859306712835752,0.5010116823990706,0.576043782354742,0.5499640190160836,0.5601044735811342,-0.0142914781596988,-0.7664975435249906,0.5649178372091465,0.5580449947433572,JPM,JPMorgan Chase & Co.,,,
2024-02-01,0.5680280668407278,0.48144783299855,0.4691735444975545,0.4591643193344523,0.480590263927361,-0.4141136204129594,-0.2918848121503236,0.5699942892528661,0.5641263574648733,JPM,JPMorgan Chase & Co.,,,
2024-02-02,0.5964447848585342,0.5125013215257859,0.4994434300419337,0.5162651466771072,0.470029886632548,-0.5519756899522471,0.3238134408429693,0.5809918908298496,0.5723418483722357,JPM,JPMorgan Chase & Co.,,,
2024-02-05,0.5899092280809564,0.5053591518393383,0.476895367509405,0.5056563746761313,0.4874235607515516,-0.6972548569158914,-0.1409405155172454,0.5875864045926038,0.5791924984879653,JPM,JPMorgan Chase & Co.,,,
2024-02-06,0.606959349006177,0.5239914344911323,0.5009874176021646,0.5318664500128929,0.5107187615770902,-0.8919813400419142,0.1715104880253198,0.5968464702428049,0.5870325583558426,JPM,JPMorgan Chase & Co.,,,
2024-02-07,0.6163362171273885,0.5342386687271247,0.5009874176021646,0.5381073522384019,0.5442639076389146,-0.8069799275194974,0.0693962501353353,0.6061641419483833,0.5950465273409823,JPM,JPMorgan Chase & Co.,,,
2024-02-08,0.5984340632572248,0.5146752931652353,0.4836906094640473,0.5259383546810488,0.5228322470486874,-1.021965049879211,-0.2904306425652981,0.6086226260915238,0.6006391924931925,JPM,JPMorgan Chase & Co.,,,
2024-02-09,0.604400997307929,0.5211962604063214,0.4772045420635904,0.5290583296798099,0.5228322470486874,-0.978348088906128,0.0244968085206262,0.6119762984027991,0.6062876446688148,JPM,JPMorgan Chase & Co.,,,
2024-02-12,0.6265660193389107,0.5454179435504749,0.5300215475351503,0.5299943697908376,0.5159989502244967,-0.5645773753772114,0.2384388528994165,0.6200999528604022,0.613518443374961,JPM,JPMorgan Chase & Co.,,,
2024-02-13,0.5830893599399416,0.4979061440108945,0.5121068615913363,0.4962954974518612,0.532771760226446,-0.5907217212735136,-0.6263818747603358,0.6151918245875021,0.6159809052635306,JPM,JPMorgan Chase & Co.,,,
2024-02-14,0.6333858874799254,0.5528709513789186,0.5080918341109925,0.5524602846834885,0.5250066932845998,-0.8381243565053536,0.6130205858001618,0.6242372240269463,0.6229753598697968,JPM,JPMorgan Chase & Co.,,,
2024-02-15,0.7425046788815288,0.6721162336022328,0.6350386232779215,0.6064406609133889,0.5585513654043501,-0.5306100212522343,1.3790654315105535,0.6586315260709774,0.6396518227150434,JPM,JPMorgan Chase & Co.,,,
2024-02-16,0.7186351403879772,0.6460314169606262,0.6279342067690937,0.6691582050362033,0.666020100414014,-0.635925424481658,-0.3613261509974687,0.6783875597559443,0.6525552285528936,JPM,JPMorgan Chase & Co.,,,
2024-02-20,0.7385265726568314,0.6677687641619651,0.642760446289772,0.6769588567040961,0.6529748448247613,-0.3563266822709561,0.2024943978439755,0.6982377003957481,0.6661664574733499,JPM,JPMorgan Chase & Co.,,,
2024-02-21,0.7717738804169622,0.7041012888781961,0.659130673370682,0.6803911624825286,0.6765804777088271,-0.844157667096808,0.3733396159173581,0.721537849207775,0.6816840439185309,JPM,JPMorgan Chase & Co.,,,
2024-02-22,0.8334374556222154,0.7714877759602924,0.7341865668205845,0.7652622907183233,0.734663500714447,-0.4248702567273872,0.733831432137093,0.7546156526850682,0.7016216193967842,JPM,JPMorgan Chase & Co.,,,
2024-02-23,0.8595801333052108,0.8000569285447144,0.789165908960746,0.826107278505088,0.7964731302486135,-0.8290651653726193,0.2757896583890353,0.7860388689810677,0.7222186425453508,JPM,JPMorgan Chase & Co.,,,
2024-02-26,0.8416784300077308,0.780493079144194,0.76630961447938,0.8039532182781143,0.7946095900133041,-0.8217587708948948,-0.2794458360337067,0.8050766255751204,0.7392504904506115,JPM,JPMorgan Chase & Co.,,,
2024-02-27,0.8442349794152438,0.7832877793903729,0.7378928910494169,0.7964648973898948,0.7809429963649211,-1.0852871353528235,-0.0222000991235009,0.8200018249524755,0.7549757263656169,JPM,JPMorgan Chase & Co.,,,
2024-02-28,0.8706628696070434,0.8121677701167903,0.789165908960746,0.8189308122825447,0.7846700768355453,-1.0088098497210856,0.2787009808565532,0.837882755297745,0.771770318547047,JPM,JPMorgan Chase & Co.,,,
2024-02-29,0.9184019465941466,0.8643374034000019,0.8271571462143017,0.8467011131756826,0.8539348151951051,-0.3609393050472974,0.544309675021686,0.8633728387528098,0.7915521594821846,JPM,JPMorgan Chase & Co.,,,
2024-03-01,0.8965212359266018,0.8404260845592153,0.8274663207684871,0.885704371515147,0.8551770173712896,-0.9755620647492178,-0.3263974650678949,0.8769539402279929,0.8074666924854047,JPM,JPMorgan Chase & Co.,,,
2024-03-04,0.9360193385281896,0.8835904146585278,0.8629865181019307,0.8598061508440635,0.824427655604506,-0.8368512726190834,0.4385168176944198,0.8971339439704102,0.8256692436836345,JPM,JPMorgan Chase & Co.,,,
2024-03-05,0.9891580785571756,0.941660760414728,0.9158039948761638,0.9250194845202911,0.8756769078438622,-0.9191035619668008,0.6038220934660065,0.925714605485476,0.8472416194492024,JPM,JPMorgan Chase & Co.,,,
2024-03-06,1.0170066244207911,0.9720930464966024,0.939587341717412,0.964646928305104,0.9654410627339204,-0.7428829214194592,0.2871140122425676,0.9541965999580004,0.8694861252382879,JPM,JPMorgan Chase & Co.,,,
2024-03-07,0.9698361701605616,0.9205441418201196,0.9528686510725114,0.9334443216335326,0.9859409532064904,-0.7345063984576234,-0.6299885566233291,0.963622588332345,0.8852481402209691,JPM,JPMorgan Chase & Co.,,,
2024-03-08,0.9797816610086468,0.9314130523401044,0.9516333667637918,0.9736954747497027,0.9402823216730704,-1.0013189503323074,0.0679778589641444,0.9732085802970954,0.900517653436917,JPM,JPMorgan Chase & Co.,,,
2024-03-11,0.9817704888346536,0.9335865501409228,0.8892409048632911,0.92065113863083,0.9042522973168065,-1.0768921618998826,-0.0300078485885457,0.9809013060026008,0.9145870852623388,JPM,JPMorgan Chase & Co.,,,
2024-03-12,1.0258157709604956,0.9817195521258656,0.9423670848890348,0.9733836200840228,0.95612288761529,-1.0868923280789906,0.4865098422577152,0.9978155976138948,0.9315422361652724,JPM,JPMorgan Chase & Co.,,,
2024-03-13,1.0695767417229007,1.029542189807441,0.9908598883260662,1.0336044224254417,0.9999179789134012,-0.7018121282189166,0.4786297592437135,1.0215741245465015,0.9510938846209048,JPM,JPMorgan Chase & Co.,,,
2024-03-14,0.9726770309315133,0.9236496802082956,0.9877714419029312,0.9481095848582898,1.0207283014444992,-0.2377084749545642,-1.2253259104010823,1.01487455281357,0.9597056336331546,JPM,JPMorgan Chase & Co.,,,
2024-03-15,1.038887335088336,0.9960043653373908,0.966459134981796,0.9287636449644,0.8794039883144829,1.035984277522101,0.7601194462780195,1.0266030215701858,0.9737950968887849,JPM,JPMorgan Chase & Co.,,,
2024-03-18,1.1059501227627873,1.0692906172152108,1.020820599316261,1.035164647981818,1.008304383914375,-0.4770297950822542,0.760505450193087,1.0523682240099643,0.9929449080417612,JPM,JPMorgan Chase & Co.,,,
2024-03-19,1.138059734496487,1.10438073704072,1.0588118365698167,1.1128593099950683,1.0729097977435842,-0.5757583729870626,0.3309738327996557,1.0798167987317495,1.0133899929318704,JPM,JPMorgan Chase & Co.,,,
2024-03-20,1.2102378738493826,1.1832568632495324,1.1400455654713375,1.151238382889184,1.118878861335533,-0.4118626604981049,0.8068713845000044,1.1186664145495109,1.038801330595399,JPM,JPMorgan Chase & Co.,,,
2024-03-21,1.28781432452611,1.2680327542540677,1.2286919428305276,1.236109511124977,1.1912493421065875,-0.0729640398747596,0.8593137039666982,1.167432742177111,1.0692378877819388,JPM,JPMorgan Chase & Co.,,,
2024-03-22,1.218478397662215,1.192262166433433,1.2611236937408334,1.2426617919021703,1.2685891055244507,-0.6440067395858079,-0.8599362257744579,1.18646346618552,1.0903513374295186,JPM,JPMorgan Chase & Co.,,,
2024-03-25,1.1673293866046028,1.136366266155313,1.151782887266208,1.1746403378928625,1.193734220401027,-0.5496878290551818,-0.6560282219365042,1.187794310231706,1.1047089219982056,JPM,JPMorgan Chase & Co.,,,
2024-03-26,1.1931873023514783,1.1646245805977375,1.1431344831971475,1.1652794606685897,1.1313027788656582,-1.0401941350913115,0.2524924837562718,1.1953352538382482,1.1202063001067375,JPM,JPMorgan Chase & Co.,,,
2024-03-27,1.3008863392266317,1.2823175674655949,1.2339431972249382,1.237669736681354,1.19062800404746,-0.5301672094657056,1.218010290341822,1.2282419744998216,1.144478446692225,JPM,JPMorgan Chase & Co.,,,
2024-03-28,1.3230509106849286,1.306539250609749,1.2685368135011736,1.3050670052453133,1.283498375291088,-0.5481564382934365,0.2024545455665773,1.258530301212056,1.1686398340755857,JPM,JPMorgan Chase & Co.,,,
2024-04-01,1.284403939882918,1.2643064872591632,1.2753320554558158,1.3060035214703345,1.2990285091747804,-0.7915737674465175,-0.500635375201006,1.2714677299019148,1.1869504176368977,JPM,JPMorgan Chase & Co.,,,
2024-04-02,1.2821312512661571,1.2618221513163494,1.239502683568188,1.2907140728002269,1.249331891170134,-0.8458735627696069,-0.0808615403219369,1.2805957445874327,1.2033815056957018,JPM,JPMorgan Chase & Co.,,,
2024-04-03,1.2662179252220012,1.2444322735552775,1.2327074416135435,1.2788569299085517,1.2695208756421046,-0.4143719272884345,-0.2394982726499031,1.2834152176974714,1.2168141534530736,JPM,JPMorgan Chase & Co.,,,
2024-04-04,1.2233445826465528,1.1621402446549247,1.236413765842378,1.2117715160102709,1.272937524054201,-0.4345936655399146,-0.5544225776314132,1.2746816102532847,1.2249717073323398,JPM,JPMorgan Chase & Co.,,,
2024-04-05,1.2747927739661626,1.2180366187716745,1.1882296656568587,1.198042292896541,1.180067626752645,-0.934878731861888,0.5501340235399312,1.2811493050054394,1.237252415344571,JPM,JPMorgan Chase & Co.,,,
2024-04-08,1.304231390830681,1.250021674047636,1.2147927556697309,1.276360664241147,1.2254153522854672,-0.6638963689973915,0.2883417502692885,1.2934489089735235,1.2512003016585955,JPM,JPMorgan Chase & Co.,,,
2024-04-09,1.2662174746493184,1.2087204774457785,1.2117043092465958,1.1918018667850228,1.2393928519344497,-0.7837323087267374,-0.4947824997918129,1.2930549769789417,1.260285743542135,JPM,JPMorgan Chase & Co.,,,
2024-04-10,1.2182003943163489,1.1565508441625645,1.155798386049226,1.1690236211127023,1.1611208444568593,-0.7228641385701381,-0.614407745522873,1.280609799292193,1.2640049193382856,JPM,JPMorgan Chase & Co.,,,
2024-04-11,1.2170563902723446,1.1553084392718411,1.140354740025525,1.1396935707771805,1.1750978701637675,-0.2696647255490564,-0.0678989953013781,1.270986449473574,1.2672778154692486,JPM,JPMorgan Chase & Co.,,,
2024-04-12,0.855779552717905,0.7627923632411256,0.9043753763328068,0.8058252985001706,0.936555241202448,3.6777440444793736,-4.304653607657435,1.1723553082899538,1.2360921792772797,JPM,JPMorgan Chase & Co.,,,
2024-04-15,0.8586375352508369,0.7658979016293017,0.858971490621586,0.7952165264991947,0.8179047908388426,0.5843900572271863,-0.0184957205674052,1.0991051057497008,1.208011841137354,JPM,JPMorgan Chase & Co.,,,
2024-04-16,0.7989006088412349,0.7009962243286503,0.7261560405572208,0.7156497842638889,0.7682081728341983,0.895317733334798,-0.8053990607661403,1.029052260591054,1.1768357590565652,JPM,JPMorgan Chase & Co.,,,
2024-04-17,0.7783216026570008,0.67863767468195,0.7032992747731824,0.7016087064844804,0.7206860010654647,-0.4764209288757772,-0.3161334319159179,0.9713055349928064,1.1465479918424677,JPM,JPMorgan Chase & Co.,,,
2024-04-18,0.8117631072438213,0.7149701993981802,0.732333404706169,0.7256348469335085,0.7123000700065631,-0.3766775739601737,0.3725115230534875,0.9364571716152996,1.1221757625143756,JPM,JPMorgan Chase & Co.,,,
2024-04-19,0.941810999804921,0.8562636669648295,0.8101695126303698,0.7705666767188086,0.7526780389505059,0.3326700070766909,1.595187656389875,0.9432268275658008,1.1123160362408773,JPM,JPMorgan Chase & Co.,,,
2024-04-22,1.0449930455256298,0.9683667795016944,0.9414405038318284,0.9131623416286144,0.8641847604313935,-0.0128338893623749,1.2223481916981305,0.97441215133158,1.1131091598401566,JPM,JPMorgan Chase & Co.,,,
2024-04-23,1.1230214206041431,1.0531426705062332,1.0063035343497673,1.0548224425413848,1.0238345177980674,-0.4529334536986474,0.892690140613498,1.0175446100396195,1.1212082547162348,JPM,JPMorgan Chase & Co.,,,
2024-04-24,1.1498886191625857,1.082333025536016,1.0371908263971692,1.0439013397607384,1.0051981675608068,-0.8550619073400787,0.2670457960924172,1.0566921427756586,1.1311115307756965,JPM,JPMorgan Chase & Co.,,,
2024-04-25,1.1581773542525742,1.0913383287199163,1.059121011124002,1.075415801097988,1.0586218660360749,-0.3315476727164508,0.044255728962228,1.0881500852458563,1.14089826102498,JPM,JPMorgan Chase & Co.,,,
2024-04-26,1.161608014666535,1.095065069553455,1.0878459665028024,1.1340768539970183,1.099621646981218,-0.9567610143128508,-0.0136535456372033,1.112611599734889,1.150119679034776,JPM,JPMorgan Chase & Co.,,,
2024-04-29,1.1556059359464996,1.0885436284737369,1.069004699501782,1.114419059437452,1.0968258626861762,-1.1460446025627908,-0.1257621133821891,1.1294390337663247,1.15793525203881,JPM,JPMorgan Chase & Co.,,,
2024-04-30,1.1115885893270483,1.0407214646307923,1.0915527620343095,1.089769209657068,1.0760155401550764,-0.635722469079499,-0.5780417238937491,1.1309219304596316,1.1608782015495027,JPM,JPMorgan Chase & Co.,,,
2024-05-01,1.1150183485956402,1.0444477316256986,1.0751825349534,1.0632468035406348,1.0592432040952022,-0.766425748069905,-0.0133175946540441,1.1329019325998075,1.1638779154970715,JPM,JPMorgan Chase & Co.,,,
2024-05-02,1.1093023835297773,1.038237128687975,1.0455305272147173,1.0236198358698134,1.0840915130975255,-0.9405245821401296,-0.1229394429505585,1.1329406275100102,1.1660644477438618,JPM,JPMorgan Chase & Co.,,,
2024-05-03,1.076432655678616,1.0025253325784786,1.0155698162245237,0.9905451489761876,1.0508567990942284,-0.4938197419881364,-0.4487426238291189,1.1246526441442146,1.1649441649140186,JPM,JPMorgan Chase & Co.,,,
2024-05-06,1.1190198845998918,1.0487952010659654,1.0053769532925598,1.0329807130940845,1.042470394093253,-0.6804833605011146,0.459509464251108,1.1292124737561684,1.1679526162150085,JPM,JPMorgan Chase & Co.,,,
2024-05-07,1.1118742524085363,1.0410318289341565,1.0279245445224146,1.0900810643227468,1.0415386239755982,-0.7214988022283412,-0.1400091612982834,1.1308242915843312,1.1700119074954347,JPM,JPMorgan Chase & Co.,,,
2024-05-08,1.2233445826465528,1.1621402446549247,1.1428253086429647,1.069799560431822,1.0197965313268438,-0.4375826450989837,1.282107553025684,1.160238415668432,1.1824242110072145,JPM,JPMorgan Chase & Co.,,,
2024-05-09,1.2762210893736046,1.2195893879657624,1.1718594385759504,1.1977304382308611,1.1493177910437893,-0.668269135389363,0.5669184227700923,1.1956783147283885,1.1987079294323042,JPM,JPMorgan Chase & Co.,,,
2024-05-10,1.3125210270660408,1.2590274510701678,1.225912199658904,1.2966426442460637,1.2539907417584122,-0.7508350830858715,0.3681284201991231,1.2314431872000924,1.2169436971425405,JPM,JPMorgan Chase & Co.,,,
2024-05-13,1.311377473594721,1.257785046179445,1.2416650202367887,1.2894657019095277,1.2620667147008595,-0.839508143338256,-0.0676703900687949,1.2579774890084094,1.2334135376180648,JPM,JPMorgan Chase & Co.,,,
2024-05-14,1.3908359663714092,1.3441137063780728,1.2950999035140462,1.29321033846763,1.268278673465922,-0.5540790459382586,0.8648169073087596,1.2979835429423188,1.2558994199101343,JPM,JPMorgan Chase & Co.,,,
2024-05-15,1.4079847627143676,1.362745989029866,1.3293848165387694,1.3434465542534206,1.361769908826605,-0.5958140568185945,0.1412152098496251,1.3323272314937225,1.2779626575921603,JPM,JPMorgan Chase & Co.,,,
2024-05-16,1.4182744910928264,1.3739252638532151,1.3846728619304416,1.4127163791534303,1.3682927735922668,-0.5722158786948325,0.0626084669817122,1.360688600775952,1.2989931049029289,JPM,JPMorgan Chase & Co.,,,
2024-05-17,1.48458482238544,1.445969110840314,1.402278844622745,1.4383022690448397,1.417678485596309,-0.4315124335253186,0.6985343688748221,1.3987380850910605,1.324381752079042,JPM,JPMorgan Chase & Co.,,,
2024-05-20,1.221344039930768,1.1599667468541055,1.4279153535784097,1.2070908393411397,1.4356934977744429,1.0653390088707368,-3.0097731209960505,1.360667564856063,1.3225712694649072,JPM,JPMorgan Chase & Co.,,,
2024-05-21,1.3339579236401071,1.2823175674655949,1.2432090077970213,1.2445343482382183,1.2061581379311523,0.520588258984834,1.269377008234425,1.3606092879382528,1.3315737268790502,JPM,JPMorgan Chase & Co.,,,
2024-05-22,1.2993733161546484,1.2447426378586408,1.2753320554558158,1.2785450752428738,1.268278673465922,-0.4011060241836771,-0.452970350879413,1.35181466089135,1.3364875870051531,JPM,JPMorgan Chase & Co.,,,
2024-05-23,1.2596436191936222,1.20157830775933,1.1937896233027816,1.227997004791406,1.2313168789920004,-0.6512762330813218,-0.5150519202647688,1.3351659128092437,1.337198039949065,JPM,JPMorgan Chase & Co.,,,
2024-05-24,1.3679707543899038,1.3192712946271872,1.2697720978098948,1.2744885840190898,1.2294533387566908,-0.7828651356447853,1.210319287258132,1.350089291988952,1.3480869179390524,JPM,JPMorgan Chase & Co.,,,
2024-05-28,1.3333861469044448,1.2816963650202342,1.2589618283749051,1.3088116418034157,1.2949905227035563,-0.8651543259747134,-0.450607493452474,1.3525309070151872,1.3547157058613812,JPM,JPMorgan Chase & Co.,,,
2024-05-29,1.2936569005161025,1.2385320349209226,1.2151019302239177,1.2535828946828178,1.2372184056985371,-1.010950106689308,-0.5122992264743249,1.344309454496028,1.3569852266790647,JPM,JPMorgan Chase & Co.,,,
2024-05-30,1.3285271710830453,1.27641732883124,1.2416650202367887,1.300698659355854,1.2546120798175389,-0.8801176742611645,0.350235558845643,1.3469665655975216,1.3623456307312811,JPM,JPMorgan Chase & Co.,,,
2024-05-31,1.4228487049781056,1.3788939357388443,1.3482260835397917,1.2991389099134685,1.277596848584552,0.5200531947427783,1.033483609210584,1.3728255115356478,1.376137419346361,JPM,JPMorgan Chase & Co.,,,
2024-06-03,1.3996964781970602,1.3537406858459642,1.3210451157212222,1.325348985250231,1.3710880839452315,-0.9511151640346092,-0.3171374076474606,1.3863615290286468,1.3864862203979789,JPM,JPMorgan Chase & Co.,,,
2024-06-04,1.3236677446889638,1.2711382926422437,1.3074546318119364,1.2969544989117423,1.3043086978221845,-0.8765751799689343,-0.9205572155409948,1.3772760441909162,1.3887052266138853,JPM,JPMorgan Chase & Co.,,,
2024-06-05,1.269362021409105,1.2121363801373206,1.2407384391795817,1.2545189347938457,1.2918843063499894,-0.5992089471819816,-0.6813529529143804,1.3567209908879596,1.3855875574398824,JPM,JPMorgan Chase & Co.,,,
2024-06-06,1.2593588572575016,1.201267943455963,1.185141219233722,1.204906904453405,1.2142336369315274,-0.7304472904144431,-0.1710328314551512,1.338773607190571,1.3818074506765703,JPM,JPMorgan Chase & Co.,,,
2024-06-07,1.3462477441616656,1.295670340089764,1.2747141776501192,1.2573270551269302,1.2195138255789322,-0.8551357093045001,0.9600705177451322,1.3472985044921308,1.386586880503324,JPM,JPMorgan Chase & Co.,,,
2024-06-10,1.3365297925188664,1.2851122677117763,1.272243137730007,1.3019470302465523,1.2757333083492417,-1.0200277483131477,-0.1661848035231587,1.3512332508723537,1.3900129232856069,JPM,JPMorgan Chase & Co.,,,
2024-06-11,1.1864746705091926,1.122081452943788,1.18267017931361,1.1509265282235042,1.2344230953455684,-0.4361619572838706,-1.7827866866189843,1.316215966717362,1.3789388524618758,JPM,JPMorgan Chase & Co.,,,
2024-06-12,1.105586510607013,1.0342000235510742,1.1449876453115655,1.0794722923217683,1.1750978701637675,0.2125573099807644,-1.0112836491832264,1.2694859283375706,1.361223031292878,JPM,JPMorgan Chase & Co.,,,
2024-06-13,1.1664669904879346,1.1003441057424466,1.0788888591822323,1.0660553999877111,1.0607963122719872,-0.5556288871911094,0.6763639187954535,1.2498429453516473,1.3508743714447908,JPM,JPMorgan Chase & Co.,,,
2024-06-14,1.1698962991838426,1.1040703727373546,1.087537263251292,1.0829045981002028,1.033773557033752,-0.8718334037548555,-0.0137306805362582,1.2359784237243048,1.3417907615526237,JPM,JPMorgan Chase & Co.,,,
2024-06-17,1.2041943424424435,1.1413344642023109,1.1097761512296342,1.1209718163286393,1.0968258626861762,-0.530241011430127,0.3524888452902657,1.234258442713834,1.3367760299972449,JPM,JPMorgan Chase & Co.,,,
2024-06-18,1.2619311767089445,1.2040626437021449,1.1832880571193067,1.1674638716703185,1.1316136848662577,-0.4753323499005606,0.6263644756553525,1.247577568275125,1.3376765637957375,JPM,JPMorgan Chase & Co.,,,
2024-06-20,1.3096630445331097,1.2559219126819927,1.2293098206362243,1.2292448995681124,1.1872113556353647,-0.5291893334371213,0.5026189692001941,1.2696444740126804,1.3430085790747095,JPM,JPMorgan Chase & Co.,,,
2024-06-21,1.2419234966876875,1.1823252965008058,1.1588868324723618,1.1702719920034013,1.1971508688131234,1.7293352827706143,-0.8383627602114674,1.2690545622846336,1.3414506655697396,JPM,JPMorgan Chase & Co.,,,
2024-06-24,1.3156651232531436,1.26244335376171,1.222514578681581,1.260135651574004,1.2313168789920004,-0.3345735532577307,0.8092388546511136,1.287270921355153,1.3470071149650331,JPM,JPMorgan Chase & Co.,,,
2024-06-25,1.2925137976174663,1.23729010386883,1.2484602621914318,1.2801053007992518,1.2400137160515048,-0.8739552102319725,-0.322080277295858,1.2950752267136372,1.3498693292076256,JPM,JPMorgan Chase & Co.,,,
2024-06-26,1.2742205466578207,1.2174154163263131,1.18267017931361,1.2345492855685996,1.2201351636380606,-0.7086203594367964,-0.2667841272051057,1.296299727069877,1.350741600268914,JPM,JPMorgan Chase & Co.,,,
2024-06-27,1.3239538583431338,1.2714486569456107,1.2419737234883017,1.2538947493484969,1.2198247315795334,-0.6800405487145859,0.5247130786484127,1.3098020878622532,1.3562371712504238,JPM,JPMorgan Chase & Co.,,,
2024-06-28,1.412272412372791,1.3674038227734997,1.3266050733671442,1.3287812910286634,1.2996493732918355,0.6842072141072112,0.9650622007439682,1.342276041217012,1.3695842194055752,JPM,JPMorgan Chase & Co.,,,
2024-07-01,1.5034489489353784,1.466464526989561,1.4652887130262693,1.4336220684897014,1.3875499879465825,-0.2570999411063028,0.9819739769506246,1.3897018423410172,1.3903392142986295,JPM,JPMorgan Chase & Co.,,,
2024-07-02,1.6000571392003926,1.5714254698399803,1.5199593519149197,1.4994595876112775,1.4636475491882597,-0.7004467918771196,1.0266654485994682,1.4497158968788575,1.418342303232103,JPM,JPMorgan Chase & Co.,,,
2024-07-03,1.5960556031961408,1.5670780003997125,1.5669081677917185,1.5893227710678897,1.595964593200246,-1.114106802459404,-0.0984982267270039,1.4937139318893096,1.4434212864214309,JPM,JPMorgan Chase & Co.,,,
2024-07-05,1.517018846451429,1.445969110840314,1.473937117095327,1.491658935943385,1.5164503835464738,-0.6469034666893503,-0.9251841639015304,1.5067138421465285,1.4587469397997463,JPM,JPMorgan Chase & Co.,,,
2024-07-08,1.5279402777324844,1.4577695881090256,1.4594200521288352,1.474497407051223,1.4558824822464134,-0.5336359017935142,0.0674929468451769,1.5192272170575027,1.47371204195169,JPM,JPMorgan Chase & Co.,,,
2024-07-09,1.5986423409734634,1.5341613783750234,1.5477577262365128,1.5206771316132304,1.4742084004251466,-0.4687086235937346,0.7334728044662422,1.5465019424974853,1.4940020048496168,JPM,JPMorgan Chase & Co.,,,
2024-07-10,1.6035283511558878,1.539440414564018,1.492469680844838,1.5247336228370123,1.4900489663673662,-0.6034710106273209,-0.0006378057115818,1.5681942903611534,1.5129094286466422,JPM,JPMorgan Chase & Co.,,,
2024-07-11,1.5934688654188176,1.5285715040440329,1.496485179627855,1.5184931967254969,1.4922234126032787,-0.1736483698367367,-0.1651290091150278,1.5819182065268425,1.529146808115178,JPM,JPMorgan Chase & Co.,,,
2024-07-12,1.5213303764620894,1.450627418422578,1.47640815701544,1.4161486849318612,1.4235800123028457,0.7092629810282969,-0.8495313622287063,1.573957991587056,1.5370869145173796,JPM,JPMorgan Chase & Co.,,,
2024-07-15,1.6681940921528666,1.6093107637502986,1.6048994050452752,1.5603045753980442,1.522662342311535,-0.1622828673158318,1.5840681219942565,1.6051486549845129,1.558192080704513,JPM,JPMorgan Chase & Co.,,,
2024-07-16,1.7707971519749774,1.7201714713964422,1.670689487923097,1.602740139515941,1.6099416189071545,-0.0077969052906103,1.062418247612259,1.6545032339332553,1.587080359783975,JPM,JPMorgan Chase & Co.,,,
2024-07-17,1.8642040233220545,1.8210953091099584,1.7886786984667795,1.7646817443196348,1.7279707312116313,-0.0049370791692787,0.9453233880100828,1.715153844323689,1.6221746386022224,JPM,JPMorgan Chase & Co.,,,
2024-07-18,1.666181834547308,1.607136792110848,1.7602624463394922,1.6389352775223232,1.7848110780989943,0.1505267588845271,-2.1421815371885606,1.7105363843840964,1.6353542855377614,JPM,JPMorgan Chase & Co.,,,
2024-07-19,1.6604334282482145,1.600926189173128,1.6277561708293136,1.6289502148527026,1.6472138454396013,-0.6463868529384,-0.1170370015629198,1.7056187741516289,1.6467922347965094,JPM,JPMorgan Chase & Co.,,,
2024-07-22,1.6748044439959462,1.616452933436746,1.6221962131833916,1.6536005407470804,1.624229550614664,-0.7262221279513146,0.1021904535653192,1.7055668546717175,1.6585492403747248,JPM,JPMorgan Chase & Co.,,,
2024-07-23,1.6762417708570605,1.618005702630834,1.6008839062622553,1.642367583300754,1.6416232247336666,-1.1147710201391972,-0.0388146433420844,1.7058916008852796,1.6693733355550937,JPM,JPMorgan Chase & Co.,,,
2024-07-24,1.6262327086893005,1.5639724620115374,1.6178720111488625,1.602428284850263,1.595964593200246,-0.8266297005467111,-0.5980803825958286,1.6934814020660258,1.6744847508515348,JPM,JPMorgan Chase & Co.,,,
2024-07-25,1.6285315305217165,1.566456797954351,1.5610395068942844,1.6018040994049134,1.5680100678443565,-0.958587612932282,-0.029244780923791,1.6847554222529837,1.6793488600868924,JPM,JPMorgan Chase & Co.,,,
2024-07-26,1.7311354914891943,1.6773179794391269,1.6527748019792805,1.6195893376284325,1.5863359860230897,-0.6589516373811536,1.0698144082921424,1.7041727468100427,1.6934726271464269,JPM,JPMorgan Chase & Co.,,,
2024-07-29,1.6911863656311883,1.6341536493398126,1.666673989140079,1.679810616083842,1.6922511389138952,-0.934638875477518,-0.4848129653982824,1.7086274404885755,1.702534974375349,JPM,JPMorgan Chase & Co.,,,
2024-07-30,1.815919753387632,1.7689256758267455,1.7340080595781309,1.7550090124296875,1.7102661510920256,-0.5071225460751047,1.298161195981574,1.7435296637489452,1.7225677978579692,JPM,JPMorgan Chase & Co.,,,
2024-07-31,1.7472303983248971,1.694707857200197,1.7525406233276415,1.7459599898710956,1.7584096609198876,-0.4663654112233532,-0.7842855609233923,1.7523259110984564,1.7342844452034591,JPM,JPMorgan Chase & Co.,,,
2024-08-01,1.608126445393404,1.5444090864496471,1.6734692310947206,1.5496958033970685,1.7093343809743708,-0.1255848405072608,-1.549058867955887,1.7237257194227704,1.731782789504528,JPM,JPMorgan Chase & Co.,,,
2024-08-02,1.3546351546693949,1.270517090196884,1.3905415228278766,1.2535828946828178,1.4198529318322233,1.188662091418997,-2.8414942177610256,1.6381348493572838,1.705539361832353,JPM,JPMorgan Chase & Co.,,,
2024-08-05,1.232775068917128,1.1388501282594978,1.1279995404249596,1.0666791093190684,1.114530442805782,0.4294797339065413,-1.4535945191297923,1.5431075234293934,1.670159063079142,JPM,JPMorgan Chase & Co.,,,
2024-08-06,1.3891237901732156,1.3077811816618417,1.3266050733671442,1.163407380446536,1.156461519926508,-0.1832979766848426,1.7797464301431831,1.511397837996531,1.6527789096690697,JPM,JPMorgan Chase & Co.,,,
2024-08-07,1.39084813183387,1.309644315159295,1.4238998547953916,1.3568634465874805,1.4083603104776825,-0.4418631590354284,-0.0347635644201506,1.4880518829019789,1.6371418175501884,JPM,JPMorgan Chase & Co.,,,
2024-08-08,1.496038380005986,1.4233001968902468,1.397954642588214,1.4064754769279204,1.3760578405341128,-0.7081406466680569,1.1457176743649344,1.497158632464001,1.6328726785481342,JPM,JPMorgan Chase & Co.,,,
2024-08-09,1.546046541028381,1.4773334375095462,1.4461387427737349,1.4411103893779251,1.4071181083014976,-1.1179260541182146,0.5058878510312057,1.5166422250987477,1.6337202291139294,JPM,JPMorgan Chase & Co.,,,
2024-08-12,1.5572558882543424,1.489444279081623,1.4668331718891734,1.4648246751612728,1.498435371368339,-0.8603940992695293,0.070093290282829,1.5340912129656623,1.6355506438808225,JPM,JPMorgan Chase & Co.,,,
2024-08-13,1.6075515146489587,1.5437878840042856,1.4961760050736714,1.519116906056854,1.5394346783714092,-0.9615396915091404,0.50328716341105,1.5599042214937786,1.6419704249856977,JPM,JPMorgan Chase & Co.,,,
2024-08-14,1.673654582507054,1.615211002384655,1.578645018283915,1.572785427621075,1.5397455843720125,-0.8486226859443063,0.6724075774233528,1.5959899915195372,1.6540570502774803,JPM,JPMorgan Chase & Co.,,,
2024-08-15,1.7113044359599607,1.6558909965411523,1.6753223932091368,1.696972144976004,1.7031224222093089,-0.8484012800510419,0.355015045208656,1.6325808354686293,1.6686049217975936,JPM,JPMorgan Chase & Co.,,,
2024-08-16,1.7808566377120485,1.7310403819164273,1.6814997573580832,1.71226111753212,1.6624335472647664,-0.6767748117889363,0.697282763079107,1.6776227140284048,1.6884068574882611,JPM,JPMorgan Chase & Co.,,,
2024-08-19,1.8233925013473784,1.7769994122619197,1.725977533314769,1.7818432732117986,1.7341826899766934,-1.0163376500920749,0.4000883588168848,1.7221669431616893,1.710430650533543,JPM,JPMorgan Chase & Co.,,,
2024-08-20,1.796663628602843,1.7481198953741324,1.740494598281262,1.777474451208345,1.7652429577440782,-1.0995124639950602,-0.3381017348975774,1.7488119267918496,1.7279248976143005,JPM,JPMorgan Chase & Co.,,,
2024-08-21,1.7989629010079442,1.750604231316947,1.70960730623386,1.7512643758715842,1.7475383776244733,-1.180270263563243,-0.0299365412119944,1.7693774478239583,1.7440461692580638,JPM,JPMorgan Chase & Co.,,,
2024-08-22,1.8573066566794367,1.813642775120146,1.7652045261797185,1.7980682858789414,1.7521977021548254,-1.1720044435480397,0.5671787742318978,1.7995642688213342,1.764218639653928,JPM,JPMorgan Chase & Co.,,,
2024-08-23,1.9055900254684923,1.8658124084033576,1.8390251353209024,1.8654660305568933,1.845999843516108,-0.8091017339966143,0.4551699366312758,1.8344214920444064,1.787122745177621,JPM,JPMorgan Chase & Co.,,,
2024-08-26,1.930307091180149,1.8925184274903275,1.8541596067904176,1.913830166120628,1.8897944608721464,-1.1981856904265524,0.2044287323840822,1.8668185515367208,1.810281813247436,JPM,JPMorgan Chase & Co.,,,
2024-08-27,1.959334785757102,1.9238822803209283,1.8770163725744573,1.94940111868166,1.9053245947558384,-1.1834252975422606,0.248382762162817,1.8984612036771604,1.834080262509901,JPM,JPMorgan Chase & Co.,,,
2024-08-28,1.9912362329109148,1.958351671539705,1.9323048892688048,1.94940111868166,1.8972490957554635,-0.9396574090581774,0.2768360238627537,1.9302651939344848,1.858731698775257,JPM,JPMorgan Chase & Co.,,,
2024-08-29,2.0176780908559104,1.9869212979627573,1.9560877648073784,1.9416004670137663,1.9873236827040504,-0.956318202526322,0.2187638429270683,1.96080875169068,1.8836423392867951,JPM,JPMorgan Chase & Co.,,,
2024-08-30,2.09211585221774,2.067349719527027,2.033305994925884,2.034895956248809,1.998194965999464,-0.5581566044725443,0.7114908690961244,2.00255135538137,1.9133269344368216,JPM,JPMorgan Chase & Co.,,,
2024-09-03,1.9627839196510928,1.9276090211544656,1.9906818523862868,1.9509613442380376,1.9919830072344016,-0.4876757284500498,-1.369883552660927,2.001133538528931,1.9280837827034647,JPM,JPMorgan Chase & Co.,,,
2024-09-04,1.9349051854176669,1.8974870993759565,1.9279806872342755,1.887620090783866,1.9528467665245697,-0.7767211221066987,-0.3437910480209973,1.9930160390110048,1.9388629897162328,JPM,JPMorgan Chase & Co.,,,
2024-09-05,1.886046885884166,1.8446962636473816,1.8887536943693264,1.8508007673321352,1.925203147169281,-0.6515529904479023,-0.563776457622917,1.9745653325681207,1.944042409429408,JPM,JPMorgan Chase & Co.,,,
2024-09-06,1.737458828532732,1.6841497848222082,1.825125948160107,1.6966598141963345,1.845999843516108,-0.7052254690734091,-1.6155291885542065,1.9231301691535707,1.9347010378205245,JPM,JPMorgan Chase & Co.,,,
2024-09-09,1.8624796816614,1.819232175612504,1.806902087662108,1.7930757545441307,1.7711444844506132,-0.4915503315821765,1.2910048752143657,1.9161877367588285,1.9380303894724464,JPM,JPMorgan Chase & Co.,,,
2024-09-10,1.5391487238130792,1.4698804296811006,1.8220370304342963,1.369656629590184,1.877060111283492,3.1010923954722944,-3.4642491277613865,1.8291687033913937,1.9104840979704505,JPM,JPMorgan Chase & Co.,,,
2024-09-11,1.587145528375279,1.5217396986609495,1.484129980027291,1.4077238478186196,1.4624053470120766,0.3799770662708469,0.4794266929918941,1.7760490266923497,1.8899804144104635,JPM,JPMorgan Chase & Co.,,,
2024-09-12,1.569039715652067,1.50217632309906,1.5174883119948055,1.5032037480553893,1.5369498000769717,-0.469538895693476,-0.254211758614206,1.731627967873021,1.8696286836603444,JPM,JPMorgan Chase & Co.,,,
2024-09-13,1.5035111279657338,1.431374407164054,1.4887633566160046,1.4448550259360278,1.51241239707525,-0.2532437884652815,-0.7796504852599735,1.6817315204501533,1.8449309703121093,JPM,JPMorgan Chase & Co.,,,
2024-09-16,1.60525224224386,1.541303548061472,1.499882800605177,1.5250454775026914,1.4804203591902088,-0.5469387058804824,1.0840941606181274,1.6700526687976562,1.832098765625612,JPM,JPMorgan Chase & Co.,,,
2024-09-17,1.645201368101866,1.5844678781607835,1.5530085093282484,1.5896351018475583,1.5394346783714092,-0.7428091194550378,0.3849952339528935,1.6714018297975457,1.8242105660085417,JPM,JPMorgan Chase & Co.,,,
2024-09-18,1.595768137823916,1.5310558399868477,1.5965597042277275,1.5596803899526943,1.5791917831982984,-0.6161280475256014,-0.5945942674669844,1.6599056444136295,1.8123652527417955,JPM,JPMorgan Chase & Co.,,,
2024-09-19,1.6805519491496703,1.622663536374466,1.6141656869200278,1.5796500391779416,1.6031083220829638,0.0066313787537851,0.8796575458591834,1.6727362946298054,1.8096136285259443,JPM,JPMorgan Chase & Co.,,,
2024-09-20,1.6980841828464883,1.641606183329627,1.59903074414784,1.6470477838558932,1.607767172671242,1.7132649050178412,0.136009924924345,1.686795451281872,1.808769934885946,JPM,JPMorgan Chase & Co.,,,
2024-09-23,1.708143218010875,1.652475093849611,1.6107680659427084,1.6623372325260015,1.641001886674539,-0.8073489373416047,0.0545125843003539,1.6998850494948867,1.808954085682956,JPM,JPMorgan Chase & Co.,,,
2024-09-24,1.712453846876169,1.657132927593245,1.646288263276151,1.6741938993036825,1.645660737262818,-0.7889537977095558,-0.0078293424821959,1.7107929636008392,1.809529092558232,JPM,JPMorgan Chase & Co.,,,
2024-09-25,1.6722172556459391,1.6136582331905662,1.624358549851994,1.6192774829627554,1.6621226412641652,-0.4839118282645554,-0.4892414384332656,1.7087928622763409,1.806247203415975,JPM,JPMorgan Chase & Co.,,,
2024-09-26,1.6604334282482145,1.600926189173128,1.6076791482168986,1.6317583351857874,1.645039873145763,-0.6995980692862728,-0.1826278681203183,1.704311132570811,1.8021494328676133,JPM,JPMorgan Chase & Co.,,,
2024-09-27,1.6811273304667995,1.6232847388198284,1.6305359140009388,1.6417433978554052,1.6301306033791256,-0.8425893753528519,0.171105338380251,1.706185999085183,1.8003809254703296,JPM,JPMorgan Chase & Co.,,,
2024-09-30,1.691473380430727,1.6344640136431794,1.5848228537355324,1.514748560167395,1.495329155014771,-0.5416065139510319,0.0579355237526803,1.710210002851532,1.7997514755417237,JPM,JPMorgan Chase & Co.,,,
2024-10-01,1.581685038021093,1.5158394600265948,1.5270632971210734,1.5437672319512308,1.5757751347862023,-0.5644297714483685,-1.244927699672749,1.68544833718247,1.7887980703280355,JPM,JPMorgan Chase & Co.,,,
2024-10-02,1.5888698700359332,1.5236028321584036,1.5227390950865431,1.528165928615445,1.5192456938994396,-1.0679805746959914,0.0249026067503759,1.6686950610157505,1.7795198002621784,JPM,JPMorgan Chase & Co.,,,
2024-10-03,1.5296650699658216,1.459632721606478,1.4467566205794329,1.4860422191632272,1.4909807364850218,-0.8022197008143133,-0.7074839650374778,1.6411495541976118,1.765486823230478,JPM,JPMorgan Chase & Co.,,,
2024-10-04,1.7390209640272427,1.6456432884665286,1.6067525671596905,1.56623314684388,1.5881995262584,-0.2560113621310863,2.2779728335431764,1.6734636014415336,1.7725254873717122,JPM,JPMorgan Chase & Co.,,,
2024-10-07,1.7306349052375656,1.6366375114439968,1.6580255850710195,1.6529763553017307,1.6419336567921947,-0.9004501154592768,-0.1446691296776806,1.6955772182077573,1.7781313183735687,JPM,JPMorgan Chase & Co.,,,
2024-10-08,1.7254303401677404,1.6310481109516373,1.5962510009762156,1.6121010167402112,1.6279566310852864,-1.0290684889547763,-0.1105163105743189,1.71084552327548,1.7827354040271968,JPM,JPMorgan Chase & Co.,,,
2024-10-09,1.802637321243804,1.7139608684587213,1.686133133946798,1.6433036234117826,1.600623443788524,-0.844157667096808,0.778082030377801,1.7418323812025371,1.7942213418947996,JPM,JPMorgan Chase & Co.,,,
2024-10-10,1.7858656542371318,1.6959497882522896,1.703738645336424,1.7085169570880083,1.7593414310375417,-0.6775312819242563,-0.2330300987219366,1.7608288013224906,1.8030772370349344,JPM,JPMorgan Chase & Co.,,,
2024-10-11,2.059127173178071,1.989405160066941,2.0070520794671967,1.823654651884344,1.7860532802751772,1.2401389616029654,2.8632100428987286,1.844219289919665,1.8369666453891365,JPM,JPMorgan Chase & Co.,,,
2024-10-14,2.035705053359468,1.9642519101740603,1.9783266527857224,1.9397283867917112,2.0199370586482184,-0.4705536727042711,-0.2938931597702881,1.900835673557961,1.8655604897564604,JPM,JPMorgan Chase & Co.,,,
2024-10-15,2.062019399234967,1.9925106984551173,2.032379413868676,2.0314641265843703,2.0342249903557263,-0.4360697048283438,0.2155584955840547,1.94995626205896,1.8940430805655903,JPM,JPMorgan Chase & Co.,,,
2024-10-16,2.0981652410695646,2.031327559114162,1.9777087749800253,2.0071256553556704,1.9929147773520568,-0.9625175675377248,0.3149181986667426,1.9959426608429085,1.923354161529176,JPM,JPMorgan Chase & Co.,,,
2024-10-17,2.1207195578992954,2.055549242258316,2.0447346134692403,2.077955705812054,2.053171772651515,-0.9463364868383196,0.1747430687502358,2.036139363149219,1.9521332512223388,JPM,JPMorgan Chase & Co.,,,
2024-10-18,2.1481905238539407,2.0850499615914635,2.0468964788351687,2.071403425034861,2.075845635417926,-0.8484935325065688,0.2237335444611363,2.07323784943145,1.9808936125732093,JPM,JPMorgan Chase & Co.,,,
2024-10-21,2.079658418657832,2.0114533454102763,2.0401012368805262,2.065162522809354,2.0826789322421164,-1.0570763344527203,-0.7454883640517288,2.083721082872559,2.000559254216983,JPM,JPMorgan Chase & Co.,,,
2024-10-22,2.1120446820193424,2.0462331009324184,2.0271286307769385,2.0089982116917184,2.014346437942284,-0.3713084810485125,0.2755951463002768,2.0997781818157555,2.021499435067604,JPM,JPMorgan Chase & Co.,,,
2024-10-23,2.091514337684952,2.024185389427713,2.012302862558934,2.053617710697349,2.0342249903557263,-0.999787559570562,-0.2626160604899765,2.106626227168167,2.0385946899840777,JPM,JPMorgan Chase & Co.,,,
2024-10-24,2.13691359072542,2.072939120019386,2.0203333888222943,2.0264715952495584,1.977384643468365,-1.032684785211428,0.4073574272731012,2.1232496028405343,2.058428615613897,JPM,JPMorgan Chase & Co.,,,
2024-10-25,2.059705708503987,1.990026362512301,2.0376301969604134,2.002133600134854,2.075845635417926,-0.9648792303992114,-0.8343202758867985,2.116181277452355,2.069158966431375,JPM,JPMorgan Chase & Co.,,,
2024-10-28,2.151949651754344,2.089087066728366,2.03824807476611,2.0667227483657302,2.0245963831785696,-0.8775530559975186,0.8885038638444156,2.134220454696542,2.0876360755759458,JPM,JPMorgan Chase & Co.,,,
2024-10-29,2.076766192600932,2.0083478070221013,2.0725329877908334,2.0623544024762683,2.082368500183589,-0.9260778476046287,-0.812120406640025,2.1287262188586853,2.097324378789853,JPM,JPMorgan Chase & Co.,,,
2024-10-30,2.120430740809021,2.0552388779549484,2.0589425038815468,2.0239753295821554,1.9994371681756469,-0.8281241903262457,0.3907283149076591,2.1356539524720684,2.110260684714936,JPM,JPMorgan Chase & Co.,,,
2024-10-31,2.0484283248027824,1.977915520940226,2.039792533629015,2.0314641265843703,2.066527460299296,-0.695465159278671,-0.783587217790208,2.122631031062782,2.1152126817214927,JPM,JPMorgan Chase & Co.,,,
2024-11-01,2.077923713825449,2.009590211912823,2.054000424041323,2.058922096697837,2.031118774002158,-0.8627004106576999,0.2475979511778914,2.120327037929776,2.1225034716493787,JPM,JPMorgan Chase & Co.,,,
2024-11-04,1.986547122991284,1.9114610744454863,1.9801798149001404,1.9487769332363096,2.002853816587743,-0.6217185463305269,-0.985884264922838,2.09547808737784,2.1204912313518,JPM,JPMorgan Chase & Co.,,,
2024-11-05,2.035993870449741,1.9645627483160584,1.9245830662569543,1.9746751539073928,1.9214760666986577,-1.1067635069994688,0.4568358281452884,2.089352850840576,2.123337422830538,JPM,JPMorgan Chase & Co.,,,
2024-11-06,2.775391754767377,2.758600203561388,2.7288879437981253,2.4355377877584203,2.386448313091773,2.285746743035108,7.5319011668729505,2.271848259705599,2.195839588130408,JPM,JPMorgan Chase & Co.,,,
2024-11-07,2.466562478745073,2.4269491735330537,2.6229447583008203,2.4495788655378297,2.681520856881929,0.8951885798970605,-2.895137290544883,2.330576957825016,2.2325488978596284,JPM,JPMorgan Chase & Co.,,,
2024-11-08,2.483912230504977,2.445580982346216,2.4614038815549835,2.467052249095671,2.5212497614561267,-0.3869360470147567,0.1123548396986623,2.379013477125986,2.2675615257189468,JPM,JPMorgan Chase & Co.,,,
2024-11-11,2.5507096308687087,2.5173144650299504,2.5466531092395224,2.5675246806672503,2.541749651928697,-0.4764209288757772,0.5861116299557875,2.4322425667059884,2.3057073015638494,JPM,JPMorgan Chase & Co.,,,
2024-11-12,2.558517154332472,2.52569903960712,2.526885261181293,2.560035883665037,2.558832893989174,-0.874231967598553,0.0197044034448737,2.4741399161635544,2.3411235300334807,JPM,JPMorgan Chase & Co.,,,
2024-11-13,2.6047842103618124,2.575384810786149,2.608118518780143,2.608400019228768,2.559764664106829,-0.0233691197835384,0.3844572190665508,2.5172698495060235,2.377694942394577,JPM,JPMorgan Chase & Co.,,,
2024-11-14,2.625314104123517,2.5974325222908545,2.6142958829290874,2.6314901195667706,2.61691544305272,-0.2632993061177055,0.1390161891677233,2.5548119643597644,2.4128829114297314,JPM,JPMorgan Chase & Co.,,,
2024-11-15,2.724787936657089,2.7042565986387253,2.6800859658069096,2.644283302569473,2.587097851403592,-0.0148449928928597,0.8801773182750269,2.608138345679986,2.454277850439498,JPM,JPMorgan Chase & Co.,,,
2024-11-18,2.716690694957684,2.695561659758192,2.726725607129524,2.682350044683916,2.7827771591844583,-0.4700924104266369,-0.1294551326098642,2.646084292192419,2.491143968066228,JPM,JPMorgan Chase & Co.,,,
2024-11-19,2.660592593541927,2.635317816201174,2.640858972941961,2.647091422902556,2.6116352544053134,-0.8868336530235174,-0.5747234935159515,2.660349288199619,2.519354192280761,JPM,JPMorgan Chase & Co.,,,
2024-11-20,2.5937956437508776,2.563584333517439,2.6241800426095407,2.556291723220925,2.678414640528362,-0.4767530377156738,-0.678893679432859,2.6541464491088345,2.538683779107482,JPM,JPMorgan Chase & Co.,,,
2024-11-21,2.708883622066605,2.687177085181023,2.65136101042811,2.664564806460398,2.642074184113569,-0.51952127609791,1.031777256895396,2.6786149514995894,2.567138422667334,JPM,JPMorgan Chase & Co.,,,
2024-11-22,2.8184773170768658,2.804870072048878,2.764408141131569,2.693271147464564,2.6538772375266406,-0.6645790371682899,0.9631016400094138,2.724696745289381,2.60336905331954,JPM,JPMorgan Chase & Co.,,,
2024-11-25,2.868792768669566,2.8589028388295445,2.9237866812088025,2.881422827605018,2.8396175060718205,-0.2405683010758957,0.4055972761030527,2.771989374615838,2.6410636325536343,JPM,JPMorgan Chase & Co.,,,
2024-11-26,2.8595393574636976,2.8489659688969176,2.821549819940332,2.8589569127123697,2.867572031427712,-0.9939572043812668,-0.1384601378846436,2.8051174623608217,2.674456463652342,JPM,JPMorgan Chase & Co.,,,
2024-11-27,2.854333440675822,2.8433760945659268,2.827418480837766,2.8723742811604205,2.832163345130574,-1.1304539375787577,-0.1017711700675697,2.82864627863833,2.704321330671486,JPM,JPMorgan Chase & Co.,,,
2024-11-29,2.8523099187531686,2.8412025967651084,2.845333166781579,2.893591825162373,2.848003911072796,-1.1263025770800503,-0.0728526860188499,2.845780880491194,2.731279873060282,JPM,JPMorgan Chase & Co.,,,
2024-12-02,2.751969634948777,2.7334469536685098,2.79838435090478,2.7556763608077066,2.8383753038956367,-0.4980818054334757,-0.9675686426567164,2.833242799133976,2.746299834202768,JPM,JPMorgan Chase & Co.,,,
2024-12-03,2.7106187774716712,2.6890406925171053,2.761010520154247,2.743195508584676,2.7973755229504924,-0.91174181601576,-0.4360505367422383,2.813376259192825,2.7560443607881155,JPM,JPMorgan Chase & Co.,,,
2024-12-04,2.669556737084837,2.644944321830436,2.647036808393579,2.668308966904507,2.687732815646992,-0.7846917342642165,-0.4355985981576729,2.788086454502704,2.761020347247721,JPM,JPMorgan Chase & Co.,,,
2024-12-05,2.729703684636638,2.7095356348277204,2.703560138093972,2.742883177805004,2.7091644762372185,-0.9274616344375312,0.5071236510460825,2.784338041605149,2.771231243332259,JPM,JPMorgan Chase & Co.,,,
2024-12-06,2.784067081220015,2.767916344887288,2.7208574175347646,2.74974778936187,2.718793083414376,-1.1217084047948145,0.4488243018778231,2.7952822646428244,2.78565427706192,JPM,JPMorgan Chase & Co.,,,
2024-12-09,2.68141265611196,2.6576763658478715,2.7248724450151074,2.7160489170228943,2.7632095127716148,-0.8344711592664913,-0.997540773793467,2.7775158535975826,2.789059504632463,JPM,JPMorgan Chase & Co.,,,
2024-12-10,2.6539416901573127,2.6281756465147263,2.727652659489406,2.66799711223883,2.662574074586141,-0.4595940809876843,-0.3104968013374904,2.7572400857611514,2.789557613521326,JPM,JPMorgan Chase & Co.,,,
2024-12-11,2.67331586498524,2.648981426967337,2.613678476426064,2.6667487413481306,2.6659907229982367,-0.6854096416262471,0.12684755294238,2.7469354939666903,2.7918423898178872,JPM,JPMorgan Chase & Co.,,,
2024-12-12,2.6154830587371016,2.586874449912866,2.6084276933343267,2.631177788787099,2.634930455230852,-1.0120940371378406,-0.5941156729202202,2.72457365507744,2.78845100375714,JPM,JPMorgan Chase & Co.,,,
2024-12-13,2.569505270370719,2.5374995168758323,2.5658030794920568,2.5718930265567104,2.6060446336993794,-0.2226159732303756,-0.4870421323993319,2.696168547858284,2.781020436571163,JPM,JPMorgan Chase & Co.,,,
2024-12-16,2.559095239085703,2.526320242052482,2.502484036534348,2.5213449561052417,2.5606964342244862,-0.4736718057010778,-0.1530388828333036,2.672230674413838,2.7732810415879228,JPM,JPMorgan Chase & Co.,,,
2024-12-17,2.523817200239978,2.488434948142165,2.4515201931772035,2.493574655212104,2.4998181008658995,-0.6486562633443599,-0.3890712585992427,2.645350891513541,2.762909467603559,JPM,JPMorgan Chase & Co.,,,
2024-12-18,2.2927738911923354,2.2403174042276426,2.4530646520401094,2.2720359573983493,2.5106893841613127,-0.0510817574237967,-2.2572097426122366,2.5667303253374887,2.7316341665590818,JPM,JPMorgan Chase & Co.,,,
2024-12-19,2.367668082682787,2.320746299630543,2.369359883218474,2.357531271079492,2.301653914790593,0.0353403429137331,0.6843631791669381,2.52671532627937,2.710283791360027,JPM,JPMorgan Chase & Co.,,,
2024-12-20,2.501840968163481,2.464834467443372,2.4573888540746385,2.3363132509635487,2.29078263149518,3.8283185023902577,1.2544126384893006,2.530653749580405,2.703561249217905,JPM,JPMorgan Chase & Co.,,,
2024-12-23,2.524685003228852,2.489366514890891,2.439164993576639,2.438970093536854,2.419683027095071,-0.5512561207991378,0.1640484177350193,2.539387777479703,2.6996098944046825,JPM,JPMorgan Chase & Co.,,,
2024-12-24,2.638038276712198,2.6110961330570177,2.558699134285904,2.5697090916689773,2.5240450718090925,-1.452082898527481,1.026130660738366,2.574619998946736,2.7067360183167297,JPM,JPMorgan Chase & Co.,,,
2024-12-26,2.6620389318567166,2.6368705853952608,2.582482009824479,2.6233771371192063,2.586165607343862,-1.3187411993090077,0.1706488467699067,2.607117034250752,2.715483725616446,JPM,JPMorgan Chase & Co.,,,
2024-12-27,2.6050725768794027,2.575695175089516,2.586497508607496,2.599975182115528,2.62623361817135,-1.082870121018021,-0.5868829309369304,2.6170756532523085,2.718049659791724,JPM,JPMorgan Chase & Co.,,,
2024-12-26,238.0996856689453,243.13999938964844,243.259994506836,240.7899932861328,241.42999267578125,4451800.0,0.0034253468334881,234.8376448928609,235.2515127115313,JPM,JPMorgan Chase & Co.,0.9993255734443665,0.000639475591015,3.499873128021136e-05
2024-12-27,236.1705017089844,241.1699981689453,243.38999938964844,240.0399932861328,242.72000122070312,5730200.0,-0.0081024212801493,235.1708590968917,235.33505716584523,JPM,JPMorgan Chase & Co.,7.659663242520764e-05,1.412037636328023e-05,0.999909281730652
2024-12-30,234.35888671875,239.32000732421875,240.83999633789065,237.1100006103516,238.7700042724609,5723800.0,-0.0076707928260519,234.9678660023564,235.24631439792748,JPM,JPMorgan Chase & Co.,0.9915762543678284,0.0001013637665892,0.0083223227411508
