Date,Adj Close,Close,High,Low,Open,Volume,Daily_Return,EMA_7,EMA_21,Ticker,Company,negative,neutral,positive
2021-01-04,-1.492549199586977,-1.493101457699639,-1.4544019215608166,-1.4942345575264444,-1.419767910308826,1.045528873210597,,-1.4900363038131754,-1.4817113240853244,MSFT,Microsoft Corporation,,,
2021-01-05,-1.4896531703919724,-1.490028596146131,-1.519774063465749,-1.481156555952592,-1.4968066577398196,-0.2496540413209634,0.005925056126216,-1.4893087259119622,-1.4814441249846169,MSFT,Microsoft Corporation,,,
2021-01-06,-1.567572992035339,-1.572706479470489,-1.5493958257034397,-1.5364073961778846,-1.571213986847417,0.9287910123927514,-1.6293932381214955,-1.5083390676145148,-1.4883904074508578,MSFT,Microsoft Corporation,,,
2021-01-07,-1.4842741737624274,-1.4843216299750728,-1.5078087311479798,-1.510398256250146,-1.5438777506544,0.1271598891078254,1.677639722848046,-1.5016844176770616,-1.487019731462605,MSFT,Microsoft Corporation,,,
2021-01-08,-1.4659324366287383,-1.46485935475429,-1.489714558744261,-1.4616129852017967,-1.4760486327679034,-0.3340198723672437,0.3177403179868208,-1.4920853818550726,-1.4840813812147746,MSFT,Microsoft Corporation,,,
2021-01-11,-1.4953073226298403,-1.4960280669411612,-1.514083188519996,-1.4660213482059548,-1.4791183605772278,-0.3267103731614573,-0.642459624841913,-1.492266043679087,-1.4841203968097414,MSFT,Microsoft Corporation,,,
2021-01-12,-1.5306126109704032,-1.5334894244049522,-1.5404946907722463,-1.5161290608899538,-1.5079165206230505,-0.3054923861193609,-0.7684595950567119,-1.5012713910958564,-1.4874132709864556,MSFT,Microsoft Corporation,,,
2021-01-13,-1.5111671868222605,-1.5128564608303656,-1.5454561433492715,-1.5071656958803306,-1.5441699569783516,-0.6132699944887052,0.3461730126787774,-1.503140070766636,-1.488612681271174,MSFT,Microsoft Corporation,,,
2021-01-14,-1.5569531238270475,-1.561438799440358,-1.5352415583102887,-1.524651836239683,-1.5165412914031215,0.3010208535724891,-0.985863267770674,-1.5160445156449878,-1.493927445784071,MSFT,Microsoft Corporation,,,
2021-01-15,-1.5620565270509597,-1.5668532609874444,-1.5782881655724033,-1.5350849545422345,-1.5514791301258546,0.5215419234866069,-0.1583609668894766,-1.5270049922507554,-1.4992299100404376,MSFT,Microsoft Corporation,,,
2021-01-19,-1.5097876875035203,-1.5113930445666186,-1.5422458833638324,-1.5262682285339193,-1.5481169729343165,0.3983608023835008,1.031009970286445,-1.5220936959764657,-1.499227802351244,MSFT,Microsoft Corporation,,,
2021-01-20,-1.400838543830645,-1.3957903048816978,-1.4136903119729496,-1.4577925235148104,-1.4903745496806955,1.108520988869518,2.1666619688196214,-1.491038611140186,-1.4891738076300598,MSFT,Microsoft Corporation,,,
2021-01-21,-1.3921506751442818,-1.3865712736492293,-1.40624824443561,-1.3824102112215513,-1.3880461256156549,0.4206007566913862,0.1180166108353783,-1.4655646188038876,-1.4792322353233167,MSFT,Microsoft Corporation,,,
2021-01-22,-1.3786349966396394,-1.3722307320655898,-1.351236304855726,-1.3327430881974454,-1.353254390054897,0.3683636298771977,0.2121564382248865,-1.4430635410344674,-1.4689474323947318,MSFT,Microsoft Corporation,,,
2021-01-25,-1.329262842983169,-1.3198436004842442,-1.355468112407625,-1.3559602574152625,-1.3234330617587209,0.6583492748002336,0.9106935584803902,-1.4137838218636505,-1.4550423415002005,MSFT,Microsoft Corporation,,,
2021-01-26,-1.2906482447884788,-1.278870401245016,-1.2912633580116168,-1.2698511003795234,-1.2833787126094296,2.2173360062074727,0.6890232491802115,-1.3821227738244923,-1.4388386143159826,MSFT,Microsoft Corporation,,,
2021-01-27,-1.2827873752176675,-1.2705295537423786,-1.1999172336818298,-1.2689694726224232,-1.1936220752804247,4.23216880326452,0.0964499866399463,-1.3564020784972814,-1.423382678341045,MSFT,Microsoft Corporation,,,
2021-01-28,-1.199626900894208,-1.1822909565589486,-1.1678148564838255,-1.1962322678191208,-1.2285599140031578,2.2116519216053696,1.5215979828726374,-1.3162189073433317,-1.40165911338406,MSFT,Microsoft Corporation,,,
2021-01-29,-1.2957501157218116,-1.2842846395061307,-1.2352298708652747,-1.251189157385829,-1.2230048710324115,1.5684841226472193,-1.826534685769189,-1.310230845919408,-1.39077912571622,MSFT,Microsoft Corporation,,,
2021-02-01,-1.1896978768385564,-1.17175498466069,-1.1698577289603422,-1.2353194093207116,-1.2366000490770648,0.6741265027797007,1.9631024219999684,-1.2790959851003163,-1.3711034290827937,MSFT,Microsoft Corporation,,,
2021-02-02,-1.1916283440699065,-1.1738036334583526,-1.172630246461987,-1.1433323602065435,-1.145381487895253,-0.0459127006089438,-0.0882476739662332,-1.2562298364255902,-1.353394544680666,MSFT,Microsoft Corporation,,,
2021-02-03,-1.1434969079854154,-1.1227334425427968,-1.1320644768165842,-1.1349566722954345,-1.1706711645292995,0.0749519613583737,0.8333087333528635,-1.2269880231872128,-1.3328547623175786,MSFT,Microsoft Corporation,,,
2021-02-04,-1.1571504926422014,-1.1372204597243938,-1.1590595614950965,-1.1186458861331117,-1.1255005280117154,-0.10627690044155,-0.3004664907132237,-1.2084868933423505,-1.315441966585744,MSFT,Microsoft Corporation,,,
2021-02-05,-1.1545300568528278,-1.134440102794858,-1.1584759790688353,-1.117911121595976,-1.131786532908864,-0.8110741920375694,-0.0049903042844283,-1.1939527061963895,-1.2993703805203152,MSFT,Microsoft Corporation,,,
2021-02-08,-1.1508065907449636,-1.1304890575115183,-1.152639264180617,-1.112180316956169,-1.1183376810844494,-0.4064627519793185,0.0150521297375946,-1.1821166085353587,-1.284416306032652,MSFT,Microsoft Corporation,,,
2021-02-09,-1.1328783531690496,-1.1114657625126658,-1.1368798667947444,-1.1038044048264033,-1.1370491464973962,-0.274765236994637,0.2732765387480928,-1.168735371626308,-1.2691675627980945,MSFT,Microsoft Corporation,,,
2021-02-10,-1.145979437622646,-1.125367323874375,-1.11995308189995,-1.1110047385404824,-1.091293651215384,-0.4089154734172122,-0.2896909079482299,-1.1619908677833417,-1.2565138267850289,MSFT,Microsoft Corporation,,,
2021-02-11,-1.1229482346201285,-1.1009297906144069,-1.1311889918489917,-1.0924898829854082,-1.0945097052449462,-1.0352938101516855,0.3654652859056754,-1.151146293279934,-1.2428854805847365,MSFT,Microsoft Corporation,,,
2021-02-12,-1.1160522703170097,-1.0936131558676152,-1.1290000567736094,-1.0839671076356794,-1.106935388819006,-0.9564563353622452,0.0716293807623089,-1.1412803690825053,-1.2298598260237257,MSFT,Microsoft Corporation,,,
2021-02-16,-1.133843477335397,-1.112490198554483,-1.1168886618569749,-1.0811751369257574,-1.0908551186711948,0.0331389006552334,-0.3729188462531422,-1.1383506630091884,-1.219659808960427,MSFT,Microsoft Corporation,,,
2021-02-17,-1.119191058119518,-1.1051735638076912,-1.1434462267080925,-1.1102699740033468,-1.145089058513039,-0.4608119444761377,0.2123642035168461,-1.1324722132370044,-1.2090351760619258,MSFT,Microsoft Corporation,,,
2021-02-18,-1.1248587820739464,-1.111173257888694,-1.1489912617113798,-1.111445552419032,-1.13807231474775,-0.9209794717069968,-0.1548276727850259,-1.1294872948056909,-1.1998993454963984,MSFT,Microsoft Corporation,,,
2021-02-19,-1.1638391599197968,-1.1524389617518935,-1.1500125866214372,-1.1214378568430334,-1.109566584084141,-0.109537462670496,-0.7560931354915539,-1.1370417605368948,-1.1951905287206386,MSFT,Microsoft Corporation,,,
2021-02-22,-1.253134925723046,-1.24696998092627,-1.236543320973064,-1.2357602231992613,-1.2021007428985198,0.9790328697832564,-1.6828403374386796,-1.1651416467512246,-1.1991485665108796,MSFT,Microsoft Corporation,,,
2021-02-23,-1.2702742525492394,-1.2651150921952925,-1.2817784179977607,-1.2896886217889043,-1.305744764596128,0.3738141219614059,-0.374231169670405,-1.1905225247157665,-1.2043281247236726,MSFT,Microsoft Corporation,,,
2021-02-24,-1.252581112127931,-1.2463845251063828,-1.2763794455933384,-1.2857210726632966,-1.310422742478495,-0.004703087243698,0.2809218791425937,-1.2051130836729762,-1.2074043749368322,MSFT,Microsoft Corporation,,,
2021-02-25,-1.3294366485146003,-1.327745467764951,-1.285280580524532,-1.3021787220455847,-1.2801626585798678,1.2802990867162878,-1.4941441409085996,-1.235364644515514,-1.2172919616147158,MSFT,Microsoft Corporation,,,
2021-02-26,-1.28257723250964,-1.2781386931131422,-1.2738988306330254,-1.2777861986307382,-1.2882027936537734,1.1125991249110951,0.8474487408418868,-1.2462806867472058,-1.2219572418339262,MSFT,Microsoft Corporation,,,
2021-03-01,-1.2195451461354114,-1.2114110199481571,-1.2432555208288756,-1.2247394277981958,-1.2243206917232416,-0.1035613874210248,1.140465052724606,-1.2386319826513412,-1.2203828162328574,MSFT,Microsoft Corporation,,,
2021-03-02,-1.2619810581363915,-1.2563352644707253,-1.2457361357891883,-1.2203310647940386,-1.2080943184134545,-0.3480062243761852,-0.8405817981707778,-1.243556753106056,-1.222866825210131,MSFT,Microsoft Corporation,,,
2021-03-03,-1.34920385368441,-1.3486711592494824,-1.3000184303439448,-1.3112893987124845,-1.2789931641092769,0.7437468061338819,-1.693337019975268,-1.2691635694711452,-1.2331725350735223,MSFT,Microsoft Corporation,,,
2021-03-04,-1.3606763321507922,-1.360816799723473,-1.315923667672281,-1.355372580316747,-1.3582245742612156,1.7850146537139702,-0.2745047461020639,-1.2912509461291333,-1.2435998584328,MSFT,Microsoft Corporation,,,
2021-03-05,-1.2933586479247263,-1.28955262545526,-1.3045419177807749,-1.3230447344320302,-1.317585589405761,1.5071368876351396,1.253346838134887,-1.290904059546116,-1.2468682476705994,MSFT,Microsoft Corporation,,,
2021-03-08,-1.351553074041236,-1.351158788269074,-1.3030828503869205,-1.3131995174466502,-1.2905417825949574,0.8642318802596207,-1.1580601086922824,-1.3052642508156138,-1.2552087583935028,MSFT,Microsoft Corporation,,,
2021-03-09,-1.2632257158841476,-1.2576522051365144,-1.2737527680341594,-1.246487067941742,-1.2684679369322107,0.6513804313497102,1.655996187922748,-1.293843653242586,-1.2546416096724848,MSFT,Microsoft Corporation,,,
2021-03-10,-1.282024075610488,-1.277553460579227,-1.250113783283553,-1.2410502139605195,-1.2082404215754303,0.3269106909724782,-0.4064524838815445,-1.2900009720637586,-1.2558604308990022,MSFT,Microsoft Corporation,,,
2021-03-11,-1.2169188000823743,-1.2086306630186208,-1.2184491485693452,-1.2076938770987378,-1.2380617498716069,0.342561389671419,1.1794982779635792,-1.2707623720235823,-1.2509615801330585,MSFT,Microsoft Corporation,,,
2021-03-12,-1.2359945044035814,-1.228824646371277,-1.2673322480632785,-1.2235638493825107,-1.2519493572984717,-0.3634622626435471,-0.4066002795209134,-1.2611258670896937,-1.24826807931823,MSFT,Microsoft Corporation,,,
2021-03-15,-1.248987452922005,-1.242579955421002,-1.2765252855358036,-1.2444298617689566,-1.2380617498716069,-0.0343693370163171,-0.2951712862159084,-1.2571627449202234,-1.2470182230015627,MSFT,Microsoft Corporation,,,
2021-03-16,-1.2089007612778506,-1.2001433399180257,-1.2054622686851189,-1.1837419433437844,-1.2187656487524958,0.1658681159272828,0.6982560955065581,-1.2441193062809308,-1.2421834333640824,MSFT,Microsoft Corporation,,,
2021-03-17,-1.2181628011341683,-1.2099478269703825,-1.2274961234430042,-1.2235638493825107,-1.2206661051494905,0.30893380011617,-0.2241298049947306,-1.236663656716135,-1.2386427224646233,MSFT,Microsoft Corporation,,,
2021-03-18,-1.3055232839356743,-1.3024299740611245,-1.291117295412751,-1.2661775019125014,-1.2731459148145794,0.8219516345206911,-1.6739519960630012,-1.253019749638765,-1.2434841178285032,MSFT,Microsoft Corporation,,,
2021-03-19,-1.310637632092297,-1.3078442123222394,-1.3162155702136125,-1.2805779451220038,-1.2956580699632525,1.9507582781817951,-0.1502420074499807,-1.2665717120052618,-1.2483572563176089,MSFT,Microsoft Corporation,,,
2021-03-22,-1.2326768764005955,-1.2253125813098666,-1.2515730733338075,-1.2689694726224232,-1.306621829684507,0.3639156390156206,1.4360701565919736,-1.2571493746707545,-1.2455944147400846,MSFT,Microsoft Corporation,,,
2021-03-23,-1.2106983570261036,-1.2020457364037027,-1.1910160987506355,-1.1671372065228751,-1.201077351589903,0.5110205271597692,0.3569574857473063,-1.2445608938413542,-1.2410549155064003,MSFT,Microsoft Corporation,,,
2021-03-24,-1.2400029765592084,-1.2330681962785883,-1.2355217734066055,-1.1928523957920285,-1.195814738001371,-0.0747419105257738,-0.595325009127244,-1.2424818186591475,-1.239631858052146,MSFT,Microsoft Corporation,,,
2021-03-25,-1.283130170510137,-1.27872414893303,-1.2509892682511456,-1.2479563727973566,-1.233091565665288,0.7469003051254595,-0.8584486745295072,-1.2517574835891303,-1.2423172548407575,MSFT,Microsoft Corporation,,,
2021-03-26,-1.2259034953438268,-1.218142422161034,-1.2543453681790513,-1.2482503234559423,-1.28791036427156,-0.0883876067794523,1.030755258586798,-1.2443370069869832,-1.239478565397045,MSFT,Microsoft Corporation,,,
2021-03-29,-1.2430441355619457,-1.2362875334300545,-1.2530321407276623,-1.2434011465732346,-1.2142339970903655,-0.1129537532447051,-0.3715772954747229,-1.2430779428064678,-1.2384794018486125,MSFT,Microsoft Corporation,,,
2021-03-30,-1.2899033326682514,-1.285894308081864,-1.2960785253333773,-1.254862755852851,-1.2589661010637618,-0.1553410622210031,-0.9289900600411424,-1.2539062180767435,-1.2418944860960837,MSFT,Microsoft Corporation,,,
2021-03-31,-1.2357171598087162,-1.2285319184613337,-1.2194704734794035,-1.2359070864192263,-1.2680294043880225,1.6775328964176996,0.9753569141334294,-1.2484140735342646,-1.2399996776487574,MSFT,Microsoft Corporation,,,
2021-04-01,-1.1447632366999363,-1.1322449783992377,-1.164896499039716,-1.1527367633133734,-1.186751434677111,0.3844523145471909,1.6442683322413347,-1.2214443444925294,-1.229885356053935,MSFT,Microsoft Corporation,,,
2021-04-05,-1.0518740305894143,-1.0339093895394784,-1.0610012373094984,-1.084407921514229,-1.1240388272171706,1.0241648908448169,1.6333213418073436,-1.1778802202566536,-1.2121201929202092,MSFT,Microsoft Corporation,,,
2021-04-06,-1.0686000767564867,-1.0516157438725418,-1.069172949871965,-1.0229852385519218,-1.0531397584630875,-0.3363849966109269,-0.3481378923347165,-1.1494092606724675,-1.1975132557494788,MSFT,Microsoft Corporation,,,
2021-04-07,-1.0404013332243784,-1.021763972351459,-1.046847192572748,-1.0184300123277998,-1.0502161338157403,-0.3570287353798656,0.4477323298502713,-1.120971588012886,-1.1816324944180558,MSFT,Microsoft Corporation,,,
2021-04-08,-0.9940941985239524,-0.972742430233566,-1.0000067428989303,-0.9477500136972838,-0.9777090380468756,-0.2689059580041132,0.7624059154570864,-1.0880094563685347,-1.162922959375882,MSFT,Microsoft Corporation,,,
2021-04-09,-0.9581554174781473,-0.9346958402358604,-0.9730114355640171,-0.9412844445203404,-0.976247337252332,-0.2006190786062472,0.5715250046193469,-1.0542588523577836,-1.1425984371607034,MSFT,Microsoft Corporation,,,
2021-04-12,-0.9573257915787466,-0.9338178797920016,-0.9484967431894176,-0.9092507735128648,-0.9493494105452418,0.074037057329953,-0.0384667936313413,-1.028737470003868,-1.1240450542185154,MSFT,Microsoft Corporation,,,
2021-04-13,-0.9216636984318444,-0.8960642409902111,-0.926317048489066,-0.8767762886268389,-0.9120725828813244,-0.2482427531920166,0.5602802655609286,-1.0006369410725946,-1.1038880167770913,MSFT,Microsoft Corporation,,,
2021-04-14,-0.9617490766840732,-0.9385006332072138,-0.9315704036074238,-0.9013156752616508,-0.908856528851762,-0.3228560966161958,-0.73489868137979,-0.9896323114190264,-1.0892618727284864,MSFT,Microsoft Corporation,,,
2021-04-15,-0.9077010288753348,-0.8812844958986694,-0.9155191036802214,-0.8635509753957098,-0.9022785406889244,-0.074021666928932,0.8774875999529475,-0.9678001897449384,-1.0709786916115192,MSFT,Microsoft Corporation,,,
2021-04-16,-0.8905623587451038,-0.8631393846296482,-0.8999055462368153,-0.8654613183485312,-0.8797661624819885,-0.1469122655336382,0.2377974013319376,-0.94712030016923,-1.0527763364183398,MSFT,Microsoft Corporation,,,
2021-04-19,-0.918207726479407,-0.8924059236168153,-0.8929012211832721,-0.8622285337600595,-0.8692409353049233,-0.3093855947509383,-0.5191364292376303,-0.93855580973559,-1.0387794116895843,MSFT,Microsoft Corporation,,,
2021-04-20,-0.9248418879921078,-0.8994296071676905,-0.9115789760132528,-0.8766292011882179,-0.9038863446454432,-0.6487176590792166,-0.1655211408116212,-0.9337991617480071,-1.02666702862755,MSFT,Microsoft Corporation,,,
2021-04-21,-0.8927732351524772,-0.865480761337255,-0.9045750962725108,-0.8706044458898244,-0.8875138681736806,-0.229467754566235,0.4934950757392091,-0.9221749741301294,-1.0126969906292211,MSFT,Microsoft Corporation,,,
2021-04-22,-0.9399089012590331,-0.9153798173270632,-0.8885237963453084,-0.8942624289861916,-0.8689487289809722,-0.0760948005252469,-0.8484457088577738,-0.9252988649394832,-1.0043458789540975,MSFT,Microsoft Corporation,,,
2021-04-23,-0.8848941969933675,-0.8571396905486456,-0.8924634786994756,-0.8703107194498954,-0.9030092795570648,-0.4793922826703404,0.8883073688714749,-0.9138202776782132,-0.9916780851764802,MSFT,Microsoft Corporation,,,
2021-04-26,-0.879365035887046,-0.8512864720656013,-0.878893016388987,-0.8276966184825912,-0.8477519484066037,-0.6447855183613236,0.0404051641593948,-0.9038222298848124,-0.9796517667561478,MSFT,Microsoft Corporation,,,
2021-04-27,-0.8735589679831656,-0.8451403023866404,-0.8679490089812764,-0.8284316072383834,-0.8489216659354583,0.4502670064640053,0.0449199568611949,-0.8948650185861121,-0.968183059235851,MSFT,Microsoft Corporation,,,
2021-04-28,-0.9759862451529446,-0.9535728829227282,-0.9649857856004164,-0.933790384366332,-0.9293225705579904,1.9967370721207232,-1.772669191064382,-0.9138802151093356,-0.967207306947575,MSFT,Microsoft Corporation,,,
2021-04-29,-1.004323551533159,-0.9835711300417672,-0.9714063055712971,-0.9918331953015465,-0.9383856508239874,1.382184356604666,-0.5424163845224009,-0.9352608770235704,-0.9689347713086924,MSFT,Microsoft Corporation,,,
2021-04-30,-1.0088849616892834,-0.9884001357689672,-1.015474237743471,-0.9830164692932316,-1.0220026094760812,0.4435414885529555,-0.1321947511378417,-0.95244234989957,-0.9709260471861184,MSFT,Microsoft Corporation,,,
2021-05-03,-1.0133080278959563,-0.993082665898208,-0.9969423228559556,-0.960681152051171,-0.9684996315606396,-0.658090558859739,-0.1298855056782413,-0.9664396744410694,-0.9731443875551234,MSFT,Microsoft Corporation,,,
2021-05-04,-1.069567171010723,-1.05264017991436,-1.042761224963314,-1.0394431121528656,-1.004022105989538,0.6198065093476183,-1.035344427739979,-0.991071817234254,-0.9803517515379434,MSFT,Microsoft Corporation,,,
2021-05-05,-1.0878136872298367,-1.0719559795371845,-1.0677136598217103,-1.0385612601771097,-1.031943200946983,-0.4366935170035163,-0.3766563462593021,-1.0141300500686368,-0.9885873963228758,MSFT,Microsoft Corporation,,,
2021-05-06,-1.042750991378513,-1.0242516013710528,-1.062460527359753,-1.0551659969980185,-1.070097093699278,0.010032707426822,0.7515392727526804,-1.0201024915635368,-0.9919166836881532,MSFT,Microsoft Corporation,,,
2021-05-07,-1.0050141767871457,-0.9843026148876692,-0.9976719678810828,-0.9599463875140352,-0.9867725644293968,0.0627662183415367,0.6119961363485443,-1.015101092170596,-0.9914615608886324,MSFT,Microsoft Corporation,,,
2021-05-10,-1.0779987093730226,-1.0615664832368847,-1.0351735401399105,-1.019458727523521,-1.0054840298423438,0.2834138175361808,-1.3244378814944489,-1.0296861606220202,-0.9977816543524474,MSFT,Microsoft Corporation,,,
2021-05-11,-1.091131315232823,-1.075468044598595,-1.110030399402298,-1.086318040248394,-1.097871862436484,0.7059924154291609,-0.2864458192167585,-1.0439243050146625,-1.0047388599910705,MSFT,Microsoft Corporation,,,
2021-05-12,-1.1910699336030537,-1.1812665205171309,-1.1424246791416328,-1.152442812654788,-1.132663597997242,1.002148796033247,-1.8381545509775743,-1.079710785263392,-1.020284324349463,MSFT,Microsoft Corporation,,,
2021-05-13,-1.135363728488784,-1.1222944623208673,-1.1246224092792454,-1.1032167277278886,-1.13807231474775,0.3149877395382727,0.9725774431332048,-1.0925554122970764,-1.0292768900007176,MSFT,Microsoft Corporation,,,
2021-05-14,-1.0645909479048987,-1.0473721939652303,-1.072383209857406,-1.043410437059817,-1.0828149835972891,-0.2420525514678087,1.2282869210488148,-1.0844084295130103,-1.0309221732024252,MSFT,Microsoft Corporation,,,
2021-05-17,-1.1056449527019423,-1.0908330222240517,-1.1101764620011632,-1.0723584109174429,-1.0686351698464724,-0.1379968177673261,-0.7804941213162983,-1.088612310355174,-1.036205689961304,MSFT,Microsoft Corporation,,,
2021-05-18,-1.1346726654374897,-1.1215627541889934,-1.1128029169039426,-1.0814690875843425,-1.0727282889644134,-0.6053959800313401,-0.5735377199653464,-1.0990579383204404,-1.0436870985300672,MSFT,Microsoft Corporation,,,
2021-05-19,-1.1263593323484558,-1.120977521655078,-1.1592056240939632,-1.1446548018421945,-1.17447207732329,-0.0630914836957787,0.0977130282542283,-1.1048035762609596,-1.0497213580761011,MSFT,Microsoft Corporation,,,
2021-05-20,-1.0798081256486018,-1.0718097272251992,-1.090331319662259,-1.0673623708147697,-1.1064966332165544,-0.4464849367119333,0.7876135362537487,-1.097417608643038,-1.0509120502387457,MSFT,Microsoft Corporation,,,
2021-05-21,-1.097957013067944,-1.0909792745360374,-1.0847862846589709,-1.0544312324608824,-1.053724394169253,-0.4404115312466726,-0.3758893865866471,-1.096437731099634,-1.0536689857500068,MSFT,Microsoft Corporation,,,
2021-05-24,-1.0202328868214283,-1.0088866237455951,-1.0434908699884424,-1.0137279228837124,-1.0505085631979532,-0.4843658566971804,1.338616541892407,-1.0761759629416368,-1.049004155651475,MSFT,Microsoft Corporation,,,
2021-05-25,-1.0072090735927632,-0.9951313146958712,-1.0202896277216311,-0.965089290836672,-0.9923273843418812,-0.8451884326717656,0.1751943318655268,-1.0577076260605929,-1.043561772528557,MSFT,Microsoft Corporation,,,
2021-05-26,-1.0103958002005402,-0.9984969041593226,-1.0175171102199871,-0.9661180060323932,-0.9972977916064624,-0.8386381091491367,-0.1082924767500812,-1.0446569840638955,-1.0389081715007744,MSFT,Microsoft Corporation,,,
2021-05-27,-1.0405989987091169,-1.0303975477640417,-1.0388215426091472,-0.9881595968345246,-1.0010984813421897,-0.1909444551567776,-0.5798144224288456,-1.0424570406354288,-1.037464291590898,MSFT,Microsoft Corporation,,,
2021-05-28,-1.0354728300251683,-1.024983309502926,-1.030066247620418,-0.9836043706104032,-1.0035835734453489,-0.7901092635565256,0.0375093267953056,-1.0395192206838355,-1.035678712905949,MSFT,Microsoft Corporation,,,
2021-06-01,-1.0670618759134571,-1.058347146085418,-1.041594060110791,-1.021809660136236,-1.0002214162538114,-0.3089962738877805,-0.6079954728153714,-1.0452520642875007,-1.0369699897921223,MSFT,Microsoft Corporation,,,
2021-06-02,-1.068446847698551,-1.0598103390631934,-1.0710697597496166,-1.03826753373718,-1.0455381559333716,-0.6794934733118353,-0.0772999930311987,-1.049899647510354,-1.0382716608417524,MSFT,Microsoft Corporation,,,
2021-06-03,-1.090476151560816,-1.0830771839693578,-1.1138244644703998,-1.0799995585100717,-1.0880775971858216,-0.1051478699383926,-0.4436832645832285,-1.0589198214916962,-1.041487508809475,MSFT,Microsoft Corporation,,,
2021-06-04,-1.0200936672773602,-1.0087403714336094,-1.0363409276488331,-1.0137279228837124,-1.0509470957421416,-0.1077368536783915,1.20442437355323,-1.0480025542016569,-1.0379172407601056,MSFT,Microsoft Corporation,,,
2021-06-07,-0.9782527218184828,-0.964547835042916,-1.0007363879240576,-0.9799307721433814,-1.0184943491225689,-0.3220482558251435,0.6794837010153078,-1.0293027803953827,-1.030811131520067,MSFT,Microsoft Corporation,,,
2021-06-08,-0.9954323259970492,-0.9826929463119362,-0.9727195330226864,-0.9402559535432748,-0.9427711993241424,-0.3828017765209074,-0.3497960231819761,-1.0195940323417363,-1.0259360903985228,MSFT,Microsoft Corporation,,,
2021-06-09,-0.9813002288821924,-0.9677671721943808,-0.9797238580762296,-0.9299696984606892,-0.9625060560457054,-0.822481293328091,0.1928371884914577,-1.008762023130502,-1.0202003516935223,MSFT,Microsoft Corporation,,,
2021-06-10,-0.9307311373845816,-0.9143558278571904,-0.9515613858887936,-0.9232104028438164,-0.9554893122804152,-0.1775712835073095,0.8224546275205934,-0.9879333951769756,-1.010320339513146,MSFT,Microsoft Corporation,,,
2021-06-11,-0.9217249900550192,-0.9048438454288052,-0.9365316335280496,-0.8800090732153106,-0.9014014756005462,-0.7191068711381344,0.100924437022099,-0.9700492834265236,-1.0005075675069053,MSFT,Microsoft Corporation,,,
2021-06-14,-0.8940161417109993,-0.8755773064416382,-0.9152269784824896,-0.877217102505389,-0.9027170732331136,-0.7044294745970879,0.4188227197887949,-0.9496748244459386,-0.989030337809669,MSFT,Microsoft Corporation,,,
2021-06-15,-0.915213630687322,-0.8979666374758881,-0.9146436187126288,-0.8642859641515019,-0.8753808370400968,-0.8126217424686214,-0.4106971823179859,-0.9397194874833488,-0.9805522567509368,MSFT,Microsoft Corporation,,,
2021-06-16,-0.9287912575111016,-0.9123069557735553,-0.9060343863227658,-0.9121896074427508,-0.880789553790605,0.0809767017157396,-0.2833768622539644,-0.9356641317363544,-0.9740976358531496,MSFT,Microsoft Corporation,,,
2021-06-17,-0.8800232641402108,-0.8607980079220415,-0.8889615388291048,-0.8888253507863129,-0.9294684506617034,0.1146042912709886,0.7788552667351348,-0.9203704890413396,-0.9637302708389992,MSFT,Microsoft Corporation,,,
2021-06-18,-0.9003889382305904,-0.882308931940487,-0.8809361115219042,-0.8485628550876931,-0.8774271735408046,1.052546381769015,-0.395318812568083,-0.914016785001573,-0.956184411144678,MSFT,Microsoft Corporation,,,
2021-06-21,-0.8560538615058115,-0.8354822909322419,-0.8631338416595163,-0.8607590046857881,-0.8746496520554314,0.0299854016636557,0.6972918285912029,-0.8981130757262435,-0.9452340092727752,MSFT,Microsoft Corporation,,,
2021-06-22,-0.816151920325798,-0.7933384033392102,-0.8300096942386529,-0.7949284071566364,-0.8322565370232196,-0.1648696903467885,0.6140710480283454,-0.8761606121580574,-0.9315975876658924,MSFT,Microsoft Corporation,,,
2021-06-23,-0.8194774286803349,-0.7968506916865928,-0.8148343245918446,-0.7650988055419112,-0.7844547052404995,-0.6685924891434187,-0.1077007602363175,-0.8605317416909305,-0.9195076652961202,MSFT,Microsoft Corporation,,,
2021-06-24,-0.7998036932358675,-0.7760712525140485,-0.7999501895171653,-0.7498165103566525,-0.7819693900790775,-0.4809203670582345,0.272765243030531,-0.8438673986327664,-0.9067016501813828,MSFT,Microsoft Corporation,,,
2021-06-25,-0.8229408431870154,-0.8005090090599887,-0.8087054845058941,-0.7602494044405471,-0.780945998770461,-0.0756178824678787,-0.4334900817266656,-0.8371819553226986,-0.8971945431679308,MSFT,Microsoft Corporation,,,
2021-06-28,-0.771678280752913,-0.7463657333049518,-0.7846287572714912,-0.743350941179709,-0.7815308575348883,-0.6616528447576322,0.79619311264078,-0.8192890290595191,-0.8838220319738133,MSFT,Microsoft Corporation,,,
2021-06-29,-0.7345486910282846,-0.7071486782394149,-0.7445007301098858,-0.7129334382478129,-0.7423537965322387,-0.6278013957060675,0.5536804369169182,-0.7965411587307069,-0.8682394809048697,MSFT,Microsoft Corporation,,,
2021-06-30,-0.7414750822443371,-0.7144653129862066,-0.7487325376617849,-0.6891285919314811,-0.715748299207362,-0.4605199538287695,-0.1647377641028829,-0.7812203935464705,-0.8547125816192862,MSFT,Microsoft Corporation,,,
2021-07-01,-0.7317761206742454,-0.7042218457119201,-0.7417282126082416,-0.6891285919314811,-0.7315363630312224,-0.9404747139296202,0.1044006250904819,-0.7672931211211081,-0.8415205359188946,MSFT,Microsoft Corporation,,,
2021-07-02,-0.6479550102124239,-0.6156907439045181,-0.6518413783287095,-0.6465149394014899,-0.6846111502203556,0.0068110772841918,1.3017433667058247,-0.73578904359057,-0.8217941001282448,MSFT,Microsoft Corporation,,,
2021-07-06,-0.6478166662629723,-0.6155442683065598,-0.6318503960473398,-0.6200652098138575,-0.6084496909360022,0.5039348874502986,-0.0505441359435369,-0.7121262288868406,-0.803848212522589,MSFT,Microsoft Corporation,,,
2021-07-07,-0.6163657454254817,-0.5823269073220255,-0.6125888361346968,-0.5781860976023455,-0.5884226278904883,-0.304450952810414,0.4443959046392659,-0.6864776108529596,-0.7846319829717496,MSFT,Microsoft Corporation,,,
2021-07-08,-0.6511412990228925,-0.6190561100819975,-0.6411890508059294,-0.6116892976840925,-0.6249684936280029,-0.1722181216388907,-0.5979508483419957,-0.6759779115644435,-0.7703712134128018,MSFT,Microsoft Corporation,,,
2021-07-09,-0.643937344313321,-0.6114469707112343,-0.6511119559599827,-0.605076641068528,-0.6422180351881437,-0.2405342001014935,0.061236376323693,-0.6662932664458328,-0.7567422121134427,MSFT,Microsoft Corporation,,,
2021-07-12,-0.6525282408958747,-0.6205195263457448,-0.6260136811591211,-0.5865620097321105,-0.5919308882440016,-0.7257253258118158,-0.1883855644684954,-0.6611880987301558,-0.7451448410082728,MSFT,Microsoft Corporation,,,
2021-07-13,-0.6018190542595788,-0.5669617064105958,-0.5810700413629544,-0.5746591381366317,-0.6159051903037432,-0.0260768026310574,0.749783268456785,-0.6446194053860703,-0.7299231463692185,MSFT,Microsoft Corporation,,,
2021-07-14,-0.5806217841819103,-0.5445728219482909,-0.569250548987651,-0.5282252481383105,-0.545298327873611,-0.318690363380408,0.2783633679287917,-0.6268674330997079,-0.7141294982277768,MSFT,Microsoft Corporation,,,
2021-07-15,-0.6011268967150128,-0.5662302215646947,-0.5860312712835802,-0.5388052296608261,-0.550414838300168,-0.368280108325124,-0.3712794472217642,-0.6187050133950085,-0.7016635190141672,MSFT,Microsoft Corporation,,,
2021-07-16,-0.6050057808673558,-0.5703275191600203,-0.56283002901677,-0.5442420836420484,-0.5493914469915516,-0.0195848772379023,-0.1133070484589643,-0.6135577020487968,-0.690688691822175,MSFT,Microsoft Corporation,,,
2021-07-19,-0.6568217190992638,-0.6250558041630001,-0.6172583861703924,-0.6178606919837941,-0.595293268493802,0.6372772830818214,-0.8627417290208858,-0.622715088543067,-0.6854923194679674,MSFT,Microsoft Corporation,,,
2021-07-20,-0.6248165468693504,-0.5912529873585779,-0.6085030911816637,-0.5912638749575407,-0.6084496909360022,-0.0124895045068526,0.4543436284818387,-0.6215423752061822,-0.6778154209032721,MSFT,Microsoft Corporation,,,
2021-07-21,-0.5960011658283727,-0.5608159833035801,-0.6004776638744631,-0.5761286672109031,-0.5957318010379912,-0.1969691955141435,0.4000304300262158,-0.6134234675837213,-0.6681778012542847,MSFT,Microsoft Corporation,,,
2021-07-22,-0.5303285049885857,-0.4914539822350717,-0.5289764592271797,-0.4860519610495565,-0.5235171346513403,-0.2923722730309455,0.971523444336996,-0.5908351518362952,-0.6533571095717695,MSFT,Microsoft Corporation,,,
2021-07-23,-0.4814199786817014,-0.4397985587855998,-0.4768833224042066,-0.4407934252482647,-0.4719143900746307,-0.352327685957236,0.6974278304841653,-0.5616064826396283,-0.635371259538251,MSFT,Microsoft Corporation,,,
2021-07-26,-0.4900108752642551,-0.4488715609920554,-0.4812607472421703,-0.4387359948568222,-0.4480864142351272,-0.3126169579151475,-0.1828922826072221,-0.5418432968654099,-0.6198131168565728,MSFT,Microsoft Corporation,,,
2021-07-27,-0.5247859910643575,-0.4856007637520273,-0.4828660998912912,-0.4929583441050502,-0.4418006323962407,0.7023425323370572,-0.5807416900764573,-0.5357575617825415,-0.608877840422135,MSFT,Microsoft Corporation,,,
2021-07-28,-0.5292191266091233,-0.4902835171672408,-0.4745485473863589,-0.480027654188476,-0.4482327404553653,0.6987218483096903,-0.1206314232993125,-0.5323070101042056,-0.5993456986354704,MSFT,Microsoft Corporation,,,
2021-07-29,-0.5253411180513972,-0.4861862195719152,-0.4968743046855763,-0.4469652679852791,-0.4884331927666313,-0.8000272125454687,0.0067332998215004,-0.5287448128913421,-0.5903223147948518,MSFT,Microsoft Corporation,,,
2021-07-30,-0.5473693274203913,-0.5094530644780796,-0.5254745193568089,-0.4788518515541338,-0.5040744842537285,-0.5297898684061088,-0.390175001511337,-0.5316073765731449,-0.58415164824371,MSFT,Microsoft Corporation,,,
2021-08-02,-0.5486174875466137,-0.5107700051438687,-0.5238696120204893,-0.4813500958241263,-0.4866790625898746,-0.9850422197396016,-0.0719578597496797,-0.5340678782606282,-0.5786571115659007,MSFT,Microsoft Corporation,,,
2021-08-03,-0.5167510970634601,-0.4771136639374047,-0.5171569668518765,-0.4775294099184834,-0.5004198976799771,-0.8281848439733517,0.4383009028593053,-0.5279073678635788,-0.5707219590777244,MSFT,Microsoft Corporation,,,
2021-08-04,-0.5252018985073288,-0.486039743973957,-0.5119040570463201,-0.4679781435916891,-0.4887253990905824,-0.9924490491611772,-0.1819068894613975,-0.5254101046768456,-0.5642878884332881,MSFT,Microsoft Corporation,,,
2021-08-05,-0.4834999536938663,-0.4419939064671933,-0.482136232209763,-0.4466710931080371,-0.4790772370018956,-1.2154423065563469,0.5860672452310364,-0.5130602554875255,-0.5545911470376187,MSFT,Microsoft Corporation,,,
2021-08-06,-0.4843313307825005,-0.4428718669110527,-0.4840332647438144,-0.4243357758659767,-0.455249261162392,-0.9537116232769832,-0.0653337295414593,-0.5040067378977897,-0.5458526337234034,MSFT,Microsoft Corporation,,,
2021-08-09,-0.4999874003278659,-0.4594075328903133,-0.4541198226211927,-0.4215438051560559,-0.4371226545138728,-0.9996222860648584,-0.2901094691052289,-0.5011499199360676,-0.5393530215707063,MSFT,Microsoft Corporation,,,
2021-08-10,-0.5261729329373398,-0.4870641800157747,-0.4876812672130513,-0.4598959579018533,-0.4510102619407384,-0.756394076807066,-0.4513140144431646,-0.5055859745565924,-0.5358602639925524,MSFT,Microsoft Corporation,,,
2021-08-11,-0.5191060087852946,-0.4796010696710246,-0.496290499602914,-0.4501980525737509,-0.4742533790158147,-1.2100210135368752,0.0555480134692385,-0.5071375714582846,-0.5320330074747939,MSFT,Microsoft Corporation,,,
2021-08-12,-0.4794818499974551,-0.4377501332739103,-0.477175002289137,-0.4431445820796362,-0.482731823575647,-1.1510973008979526,0.5533086526212212,-0.4983463756072664,-0.5248978018549949,MSFT,Microsoft Corporation,,,
2021-08-13,-0.4373631221464045,-0.3932648689732711,-0.4344205202247535,-0.3996493017925448,-0.4410694474115754,-0.7921726641312615,0.5851051627050267,-0.4811713672958557,-0.5145252109767053,MSFT,Microsoft Corporation,,,
2021-08-16,-0.4131165938157938,-0.3676566473595,-0.4064036653233819,-0.3890693202700293,-0.3868355075697307,-0.3776822071703832,0.3106411157336154,-0.4621985846975369,-0.5028585023621515,MSFT,Microsoft Corporation,,,
2021-08-17,-0.4341772711332442,-0.3898995027957917,-0.4266867728024834,-0.3734932986448415,-0.3985300061591253,-0.6144184910350206,-0.3664830848068084,-0.4532601334276738,-0.4941955449577971,MSFT,Microsoft Corporation,,,
2021-08-18,-0.4590240195736588,-0.4242873288481569,-0.4064036653233819,-0.3853957218030074,-0.4036465165856824,-0.4452877750577232,-0.4248060740065369,-0.4527986163971134,-0.4886125883588669,MSFT,Microsoft Corporation,,,
2021-08-19,-0.3751810192464178,-0.3359027026387131,-0.3677349282120316,-0.4093472071206472,-0.452618065897257,0.3370038343498424,1.210531355955591,-0.4313883559576407,-0.4758014866513119,MSFT,Microsoft Corporation,,,
2021-08-20,-0.2698215946036914,-0.2248362407710478,-0.24559987679203,-0.2709262680081589,-0.2913777241080036,1.4044340439341303,1.5024107226585235,-0.3888609036287669,-0.4544341535802912,MSFT,Microsoft Corporation,,,
2021-08-23,-0.2657960483530383,-0.220592467577764,-0.252020396762911,-0.2152343896856587,-0.239774979531294,-0.3462834795567122,0.0052057611100746,-0.3559539646010599,-0.4346378925249894,MSFT,Microsoft Corporation,,,
2021-08-24,-0.2939757477022316,-0.2502979867868606,-0.2483723942936741,-0.2130303202929082,-0.2139006671910827,-0.799297235927048,-0.4579143760561996,-0.3383534287758409,-0.4192412620138823,MSFT,Microsoft Corporation,,,
2021-08-25,-0.3024423098492024,-0.259224066823413,-0.2638398891382143,-0.2362472652920688,-0.224425894368148,-0.6211537419676493,-0.1752845344271889,-0.3272801061256069,-0.4060254836751839,MSFT,Microsoft Corporation,,,
2021-08-26,-0.3429770870384949,-0.3019534102363325,-0.2953586839099568,-0.25784804221565,-0.2728125849152953,-0.8489064469149219,-0.6406573162614291,-0.3291587849947002,-0.3977510384967901,MSFT,Microsoft Corporation,,,
2021-08-27,-0.3342312102087708,-0.2927343790038638,-0.3181221836929707,-0.2890005339033383,-0.3020492775053069,-0.3681341130014399,0.0753599068058715,-0.3283705418815861,-0.3894218864410786,MSFT,Microsoft Corporation,,,
2021-08-30,-0.2805108536853625,-0.2361036975152068,-0.2692388615426366,-0.2268430864038963,-0.2709121285183005,-0.9771876713253942,0.7323957143586913,-0.3142830369547224,-0.3768934775927239,MSFT,Microsoft Corporation,,,
2021-08-31,-0.3042482237463147,-0.26112646330909,-0.2651531165896034,-0.220377517226952,-0.2226713180748662,-0.0099978509826431,-0.3952318384359961,-0.3096810173002068,-0.3676941185921755,MSFT,Microsoft Corporation,,,
2021-09-01,-0.3049416946828058,-0.2618583947269362,-0.2550845941494856,-0.220524604665573,-0.2453300225020403,-0.7206544215691864,-0.062793546515189,-0.3064037252948481,-0.359395047325008,MSFT,Microsoft Corporation,,,
2021-09-02,-0.3143810424490219,-0.2718089108053061,-0.2817882215994681,-0.2397742247577826,-0.2551240646944401,-0.9832708098122338,-0.1897232333079686,-0.3063172312912914,-0.3527213486180831,MSFT,Microsoft Corporation,,,
2021-09-03,-0.3145198241957809,-0.2719549398313194,-0.2928778462932431,-0.2385984221234404,-0.2728125849152953,-1.1329354826316445,-0.0547496121606138,-0.3062872273335505,-0.3466671543461265,MSFT,Microsoft Corporation,,,
2021-09-07,-0.3278459364658901,-0.2860032000769599,-0.3149119237075302,-0.2688688376167156,-0.2725199324748191,-0.8961797327238493,-0.2465745908534579,-0.3096126826018324,-0.3423928611639758,MSFT,Microsoft Corporation,,,
2021-09-08,-0.3274295912256105,-0.2855642198550303,-0.3219162487610734,-0.2795959065778521,-0.2905006590196253,-1.1038434811321831,-0.0466553493461966,-0.312002174418266,-0.3384687264317311,MSFT,Microsoft Corporation,,,
2021-09-09,-0.3685181820100174,-0.3288785725158928,-0.2995900461490546,-0.2865022896333458,-0.2752974539601922,-0.6288525620365933,-0.6522633580303473,-0.3241171003497616,-0.3386923270178297,MSFT,Microsoft Corporation,,,
2021-09-10,-0.3898958245787428,-0.3514139325761559,-0.3319843258883899,-0.3103071359496775,-0.3103813958449012,-0.6574287133923709,-0.367762836412079,-0.3385740625861753,-0.3408679860810241,MSFT,Microsoft Corporation,,,
2021-09-13,-0.3721269452230832,-0.3326833654872468,-0.3521213707686255,-0.329410117040579,-0.3230997318594373,-0.2662099110267459,0.2104840754497673,-0.3449526566328675,-0.3412064309119981,MSFT,Microsoft Corporation,,,
2021-09-14,-0.3332593001841431,-0.2917099429620461,-0.3105340535567651,-0.270338366690987,-0.2937167130491884,-0.4413556343398301,0.5205439828030647,-0.3399717698066307,-0.3379280254670768,MSFT,Microsoft Corporation,,,
2021-09-15,-0.2634363208608108,-0.218104615272199,-0.2531875616154342,-0.2156752035642089,-0.2396286533110559,0.191573025917272,0.967498308485853,-0.3186942729816175,-0.3285055128181247,MSFT,Microsoft Corporation,,,
2021-09-16,-0.257884175395798,-0.2122513967891546,-0.2533336242143009,-0.2312512251893966,-0.232319480163553,-0.665468189216578,0.0270563849109885,-0.3013412685876227,-0.3194273293415203,MSFT,Microsoft Corporation,,,
2021-09-17,-0.3321490462100639,-0.2905394778942152,-0.2651531165896034,-0.2493254910845769,-0.2263259046486176,1.4584425806756864,-1.1185586319225025,-0.3069842964132895,-0.3180264058010214,MSFT,Microsoft Corporation,,,
2021-09-20,-0.4094671154530476,-0.372046896150742,-0.3494949158658473,-0.396416517204073,-0.3409341321840055,1.1573223590663395,-1.182174521671968,-0.3306414123920734,-0.3238865096306198,MSFT,Microsoft Corporation,,,
2021-09-21,-0.4025271525204357,-0.3647302614039503,-0.3667133806455729,-0.3295567560418871,-0.3502896418322161,-0.3916490931361668,0.0505650317903929,-0.3466407021516662,-0.3285735683365824,MSFT,Microsoft Corporation,,,
2021-09-22,-0.3500567073124834,-0.3094165205810825,-0.3276069010504262,-0.3230911868649436,-0.335086436772783,0.0231917526015533,0.7269265126763519,-0.3454578657618666,-0.3279934001209839,MSFT,Microsoft Corporation,,,
2021-09-23,-0.3364521559542376,-0.2950757557114714,-0.3176844412091743,-0.2787142788207519,-0.3040956140060147,-0.7575620393965392,0.1468596949769304,-0.3411528271648759,-0.3262107647872232,MSFT,Microsoft Corporation,,,
2021-09-24,-0.3393674482308123,-0.2981486172649785,-0.3337357411363767,-0.287531004829067,-0.3131589173302743,-1.108495865446918,-0.0953608897332375,-0.3386564656387774,-0.3248591635998306,MSFT,Microsoft Corporation,,,
2021-09-27,-0.4112708403636187,-0.3739488460644741,-0.3823269380889789,-0.346161492862796,-0.3437112075528535,-0.2741131245488479,-1.1049028230320967,-0.3548486944061244,-0.3302645264193953,MSFT,Microsoft Corporation,,,
2021-09-28,-0.5591079866502754,-0.5297935234286942,-0.4653555099138338,-0.4958974022535928,-0.4363919156457326,1.6349703930529806,-2.254144273563507,-0.4041344254666357,-0.3488185320934098,MSFT,Microsoft Corporation,,,
2021-09-29,-0.5524455872111833,-0.522769393305874,-0.5238696120204893,-0.4920767163479499,-0.505097875562345,-0.0033404642226459,0.050204170985268,-0.4394249096273766,-0.3650711106720651,MSFT,Microsoft Corporation,,,
2021-09-30,-0.581317006307635,-0.5532063973608718,-0.5084021171759492,-0.5125021390745018,-0.4961808984583234,0.5796577953344773,-0.4980450158425881,-0.4731462239726199,-0.3825099733535167,MSFT,Microsoft Corporation,,,
2021-10-01,-0.4816493844712982,-0.4481396295742091,-0.4770289396902711,-0.517351091738553,-0.5486607081234114,0.3599542992329906,1.4958883366338307,-0.4733974210306456,-0.3891677561338539,MSFT,Microsoft Corporation,,,
2021-10-04,-0.5648006650512817,-0.5357932175096969,-0.5095692820284723,-0.5326333869238117,-0.4714758575304416,0.4830186240771494,-1.312634490226482,-0.4944761587115912,-0.4028921517537268,MSFT,Microsoft Corporation,,,
2021-10-05,-0.4863705906449851,-0.4531148876133942,-0.470900544917122,-0.4767948696000042,-0.5204474068420162,-0.1357776888473271,1.1607812206340813,-0.4905809945469574,-0.408132606368117,MSFT,Microsoft Corporation,,,
2021-10-06,-0.4259865212905597,-0.389460522573862,-0.4237681927019734,-0.4553407316777312,-0.495157507149707,0.1571473285925496,0.8632827506342778,-0.4724891547295084,-0.4073253830979484,MSFT,Microsoft Corporation,,,
2021-10-07,-0.4018332437866362,-0.3639983299861041,-0.3798461004722653,-0.3317608254346377,-0.3577451411999572,-0.579846798386614,0.3082314902373065,-0.4528521761801134,-0.4043630669079143,MSFT,Microsoft Corporation,,,
2021-10-08,-0.4018332437866362,-0.3639983299861041,-0.3798461004722653,-0.3341119822660092,-0.3425419361405241,-0.846998774685449,-0.0527309388241049,-0.4381244422680669,-0.4016700521897007,MSFT,Microsoft Corporation,,,
2021-10-11,-0.410439901072292,-0.3730708856206147,-0.3604389232735578,-0.3489534635727177,-0.3907823004674333,-0.690014869638673,-0.180595431013926,-0.4292409175649392,-0.4000159412121588,MSFT,Microsoft Corporation,,,
2021-10-12,-0.4291789392633458,-0.3928258887513414,-0.3973566904497227,-0.3548311314324902,-0.3554061522587732,-0.8189287404517767,-0.3317134333309284,-0.4272861375153906,-0.4002411416934181,MSFT,Microsoft Corporation,,,
2021-10-13,-0.3815662929892984,-0.3426338815656177,-0.3705074457136756,-0.3380797556102731,-0.3616919340976597,-0.2892382400825257,0.659382430560775,-0.4138581878302409,-0.3960529384592218,MSFT,Microsoft Corporation,,,
2021-10-14,-0.2921702716024278,-0.2483955903011836,-0.2831014490508572,-0.2743061400352508,-0.2988332234757446,0.0851521679731062,1.2688337697574994,-0.3813280011463889,-0.3839974506835037,MSFT,Microsoft Corporation,,,
2021-10-15,-0.2719037586023983,-0.2270311418806963,-0.2658825389583302,-0.2347781846551103,-0.2530777281937323,-0.0976437103010273,0.2405010660200733,-0.3518387456833169,-0.371168047744822,MSFT,Microsoft Corporation,,,
2021-10-18,-0.2291493490595642,-0.18196042176017,-0.2110168846337129,-0.2028911526489428,-0.2350970016489261,-0.356104098329866,0.5629049551348209,-0.3189804884886311,-0.355560263343814,MSFT,Microsoft Corporation,,,
2021-10-19,-0.2161016758775916,-0.1682051127104459,-0.1951116473053764,-0.1363255663639989,-0.1652213242034592,-0.8473491634622909,0.1332640065025998,-0.2910587904240819,-0.340167538532314,MSFT,Microsoft Corporation,,,
2021-10-20,-0.2274848436930622,-0.1802045008724511,-0.1892744871043563,-0.1526365767449787,-0.1526497605256863,-0.9587922605411916,-0.2145034792620846,-0.2729773434832956,-0.327224408397107,MSFT,Microsoft Corporation,,,
2021-10-21,-0.1809815757984772,-0.1311829587545575,-0.1700133725045148,-0.1489629782779568,-0.1824708657636001,-0.9217094483254176,0.6099158660899158,-0.2477331060109235,-0.3111673511459227,MSFT,Microsoft Corporation,,,
2021-10-22,-0.203191908847762,-0.15459627925868,-0.1689918249380562,-0.1278030152329258,-0.1352538927453073,-0.8700076376980709,-0.3658045658422397,-0.2343798949639911,-0.2986192394903473,MSFT,Microsoft Corporation,,,
2021-10-25,-0.2174890555478822,-0.1696685289741932,-0.1936523572551214,-0.1474934492036855,-0.1504570978047404,-0.8597684989970226,-0.2553044380830583,-0.22795690074076,-0.2885309765250956,MSFT,Microsoft Corporation,,,
2021-10-26,-0.1900041405271043,-0.1406949411829427,-0.1498763276242792,-0.116047231076068,-0.1264827957449988,0.1673378021857033,0.3379992003668054,-0.216234539330606,-0.2768239614750324,MSFT,Microsoft Corporation,,,
2021-10-27,-0.0087157775009184,0.0504159692494469,0.0500343858150207,-0.007308806139683,-0.0533910642699696,2.550117747013122,2.508039548801236,-0.1618971615807483,-0.2494548395665274,MSFT,Microsoft Corporation,,,
2021-10-28,0.0076652843871421,0.0676831200746086,0.0320860533537669,0.0714529297433558,0.0683795640761578,-0.0087714902636963,0.1693072237458709,-0.1170286660869953,-0.2230624381302546,MSFT,Microsoft Corporation,,,
2021-10-29,0.1085801907550837,0.1740668285270604,0.1361271550264501,0.1087768157307457,0.0654561624870717,0.8154305100627991,1.31015000707107,-0.0580241468178438,-0.1897585377661599,MSFT,Microsoft Corporation,,,
2021-11-01,0.0773481685717893,0.1411419721664976,0.1286850874891104,0.1450719865224144,0.1711465206853878,0.0666886260378508,-0.4652804519646078,-0.0216172698217094,-0.1623638545257839,MSFT,Microsoft Corporation,,,
2021-11-02,0.129542363678147,0.1961632083653939,0.1572857474731444,0.1984127080135421,0.1557974355222409,0.0096433865636643,0.6414213723901108,0.0188007885123358,-0.1326439542852783,MSFT,Microsoft Corporation,,,
2021-11-03,0.1416194402274171,0.2088940813733003,0.1784438946070372,0.2079639743403364,0.2082772451873297,-0.4757423995782368,0.1060742277326727,0.0521484915951255,-0.1045115843378767,MSFT,Microsoft Corporation,,,
2021-11-04,0.1754896289910748,0.2445992946633996,0.2023750045553757,0.1912125985181193,0.1935130187886109,-0.2331857688093914,0.3914783845019659,0.0856685756838398,-0.0758117050729982,MSFT,Microsoft Corporation,,,
2021-11-05,0.1702141714249658,0.2390385808043258,0.2352070267785073,0.2633621262229066,0.2756680535878997,-0.3715990686835437,-0.1214170678840659,0.1094832700867902,-0.0502076403087161,MSFT,Microsoft Corporation,,,
2021-11-08,0.183123500657487,0.2526474142560925,0.2185719217686426,0.2636558526628357,0.2579795333670445,-0.5344422527208437,0.115537799681545,0.1305875395017125,-0.0257401520538489,MSFT,Microsoft Corporation,,,
2021-11-09,0.1686871344132985,0.2374291355145661,0.2341854792120486,0.2649782942984861,0.2552020118816714,-0.4944979321608604,-0.2403847921820101,0.1427888509669096,-0.0048289371255807,MSFT,Microsoft Corporation,,,
2021-11-10,0.0971992119261558,0.1620674403650551,0.17450421225287,0.1972373538165128,0.2180717334962547,-0.0863436722478742,-0.984856944660569,0.133979714310463,0.0075854999637554,MSFT,Microsoft Corporation,,,
2021-11-11,0.1198258902157204,0.1859197410911074,0.1619548521960385,0.2059069923862068,0.1695387167288693,-0.9283571020638358,0.2468897740556372,0.1330574285102525,0.0209589786389426,MSFT,Microsoft Corporation,,,
2021-11-12,0.1793759556976613,0.2486965922587252,0.2124435269954935,0.2541045863360414,0.2085698976278059,-0.2488753995946479,0.73195983711014,0.1473266516172107,0.0386110109512362,MSFT,Microsoft Corporation,,,
2021-11-15,0.1703547043609593,0.2391850564022849,0.221928244352949,0.2576310973644423,0.261488239837083,-0.940698573425936,-0.1700894095846382,0.1557621335381468,0.0538259767465678,MSFT,Microsoft Corporation,,,
2021-11-16,0.2181048189898415,0.2895235391859677,0.2626400765972166,0.2793789617266444,0.2342978837477791,-0.5354350209218959,0.5696568988473895,0.1740851462044613,0.0720633781514555,MSFT,Microsoft Corporation,,,
2021-11-17,0.2213029283276366,0.2838163497289365,0.2848197712975682,0.3159678589582422,0.2819538354267862,-0.7138802385502419,-0.0114682713748824,0.188630876084902,0.0889379041827974,MSFT,Microsoft Corporation,,,
2021-11-18,0.2512027333014985,0.315277789825752,0.288613836365671,0.3030367206043551,0.2708437494852937,-0.3819744696866972,0.3327809158690943,0.2070519891174937,0.1070370565853839,MSFT,Microsoft Corporation,,,
2021-11-19,0.2767911103823272,0.3422029521053122,0.3272825734770213,0.3776844925791349,0.3360418951649178,-0.4306493106029925,0.2751131616885499,0.2272964668503817,0.1258517163098478,MSFT,Microsoft Corporation,,,
2021-11-22,0.231177008821084,0.2942058460292363,0.3939681654897433,0.3387439900788527,0.3649859353144533,0.4519118871108467,-0.6340150927824949,0.2310200607468125,0.1387474151134441,MSFT,Microsoft Corporation,,,
2021-11-23,0.2012776416445306,0.2627444059324207,0.2448378067348288,0.2507247143089478,0.2543249467932931,0.393173101881924,-0.4374316905179028,0.2263010505359744,0.1477121438628035,MSFT,Microsoft Corporation,,,
2021-11-24,0.2044753131850165,0.2661102186818451,0.2260139893059822,0.2558678418502418,0.2430689807480876,-0.4600527687929802,-0.0113260838245732,0.2235651532694499,0.1561569270871181,MSFT,Microsoft Corporation,,,
2021-11-26,0.0900241518389381,0.1456782499837528,0.2226576667216758,0.1707871757915675,0.2148556794666924,-0.211286470256769,-1.533686390701099,0.1927593296657915,0.1532742862070546,MSFT,Microsoft Corporation,,,
2021-11-29,0.186675350220462,0.2473796515929361,0.2387089666488782,0.2680639914483368,0.2234804502467628,0.2117398466288425,1.229119647841826,0.1939369257600438,0.1595711251860687,MSFT,Microsoft Corporation,,,
2021-11-30,0.1026795586325926,0.1589945788115472,0.220468954302694,0.1835712267068336,0.229035493217509,1.6057129301866773,-1.1437378257505926,0.1737176139680324,0.1575457405146358,MSFT,Microsoft Corporation,,,
2021-12-01,0.0955872422366607,0.1515314684667972,0.2423569691181151,0.1894493430039189,0.2262579717321359,0.6764040298291734,-0.1465348879520839,0.1567713066924811,0.1550501165778354,MSFT,Microsoft Corporation,,,
2021-12-02,0.0873820450827993,0.1428978930542164,0.1578691072430052,0.1660848621288244,0.1556511093020037,0.4261096469050681,-0.1614216761854746,0.1420001605102645,0.1520243236221644,MSFT,Microsoft Corporation,,,
2021-12-03,-0.002732839484449,0.0480745925418402,0.1463417400654338,0.022520795475042,0.1803561502298855,1.4980365124588275,-1.2485818586013333,0.108281974350242,0.1409592473048043,MSFT,Microsoft Corporation,,,
2021-12-06,0.0414899422307279,0.0946082823541689,0.06973368821146,0.0401542474916722,0.0628249672219367,0.3547276666450981,0.5458912405475815,0.0941035537713968,0.1349802556573605,MSFT,Microsoft Corporation,,,
2021-12-07,0.1628950760232867,0.2223568857990529,0.1915766144337296,0.1998822370878134,0.1752400859198536,0.451016449125584,1.5746497797107228,0.1139707058667466,0.1407461262286488,MSFT,Microsoft Corporation,,,
2021-12-08,0.1635916115409374,0.2230883706449541,0.187199189595766,0.210168043733087,0.2288891669972701,-0.1583582989104755,-0.0436375669207026,0.1290460625974923,0.1460520918680659,MSFT,Microsoft Corporation,,,
2021-12-09,0.1375851380305954,0.1957242281434641,0.2016451368738474,0.2295647512639176,0.2157327445550707,-0.4062388924830028,-0.3921984446024435,0.1338188975959263,0.148476236952587,MSFT,Microsoft Corporation,,,
2021-12-10,0.2688643523166024,0.3338623278886479,0.2966392636728715,0.2687989802041289,0.2240653090111901,1.1395109295768733,1.6705023899945726,0.1703801855517053,0.1627923444304962,MSFT,Microsoft Corporation,,,
2021-12-13,0.2251971353857733,0.2879136473242621,0.3081670761632443,0.331837607023359,0.3073896152228083,0.2444330661125129,-0.6101309213017918,0.1868305086461728,0.1717780775541607,MSFT,Microsoft Corporation,,,
2021-12-14,0.071388871609973,0.1260697224509843,0.1746502748517359,0.1118625128805965,0.1983368767746918,1.7568764883292451,-2.034215012399866,0.1605265501374042,0.1657559674723206,MSFT,Microsoft Corporation,,,
2021-12-15,0.1591405263065267,0.2184056172297405,0.1826757021589364,0.1175935417390608,0.1309460683741218,0.8752983257948792,1.1158379440068755,0.1628446866135415,0.1683776364629003,MSFT,Microsoft Corporation,,,
2021-12-16,0.0235498841274875,0.0757312396673016,0.2055852645408162,0.0958456773768586,0.2347364162919683,0.8415928720669986,-1.8243144677515764,0.1305184545998744,0.1582508433103727,MSFT,Microsoft Corporation,,,
2021-12-17,0.0082523705776942,0.0596345539099707,0.0328159210352951,0.0110591861954263,0.0179465370283028,2.079195230937531,-0.2586013515916954,0.1024305414325272,0.1476332586503617,MSFT,Microsoft Corporation,,,
2021-12-20,-0.0458440538336217,0.0027113677973424,0.0018804860334134,0.0157614998581694,0.0058130597781939,0.1886725854867469,-0.7832213728237603,0.067773803327477,0.1329897590155425,MSFT,Microsoft Corporation,,,
2021-12-21,0.0567874557805212,0.1107049681114997,0.0738194331644932,0.0485297111841243,0.0531768051332498,-0.1603438353125799,1.350004167711498,0.0675656646614191,0.1291466753702905,MSFT,Microsoft Corporation,,,
2021-12-22,0.1389764578766616,0.1971876444072115,0.1596200771781907,0.1359615340741702,0.126414416711992,-0.1514965186973205,1.0452725293361598,0.0880581445059362,0.1332360451685501,MSFT,Microsoft Corporation,,,
2021-12-23,0.1596969666854923,0.2189910730496285,0.2001862921363938,0.2385285647108536,0.191466236171378,-0.658947064758686,0.2191746356401659,0.1086331785369463,0.1388654101210145,MSFT,Microsoft Corporation,,,
2021-12-27,0.2676122520146045,0.3325453872228587,0.2890515788494673,0.2782031590923022,0.2310818297182168,-0.6269059577208047,1.3570867528394033,0.1511763274294326,0.1539397054060091,MSFT,Microsoft Corporation,,,
2021-12-28,0.2509247320106703,0.3149852852017806,0.3084587560481739,0.3500589603571603,0.3434969484161337,-1.0440145974864188,-0.2657985343062873,0.1788912345469392,0.1661039536539884,MSFT,Microsoft Corporation,,,
2021-12-29,0.2606591551627409,0.325228752476067,0.3156086983877825,0.3406543330316742,0.3164529185470678,-1.1043106661679722,0.0719960082386369,0.2021230225394119,0.1780604975095554,MSFT,Microsoft Corporation,,,
2021-12-30,0.2240846924251521,0.2867431822564312,0.2985362962069229,0.3280173695550291,0.3253703417676145,-1.0116036356285376,-0.5203994199680823,0.2103581540820424,0.1855555783322264,MSFT,Microsoft Corporation,,,
2022-01-03,0.1605318461525937,0.2198690334934879,0.2236792142881345,0.1951799234250703,0.2294740257616982,0.2410946397109354,,0.1711972774902107,0.1960063817220703,MSFT,Microsoft Corporation,,,
2022-01-04,0.0807073873190723,0.1358742095033411,0.1828217647578023,0.1413983880553925,0.2218722001737191,0.6118448976960427,-1.0953798209539614,0.1511427447790985,0.1886414616268088,MSFT,Microsoft Corporation,,,
2022-01-05,-0.0949342660234882,-0.0489440556521294,0.0495966433312243,-0.0076025325796121,0.0907456160628557,1.3301418902220563,-2.3869473386759017,0.091974877974512,0.165740686523365,MSFT,Microsoft Corporation,,,
2022-01-06,-0.1297010636747312,-0.0855272293860882,-0.0579463982118297,-0.0735806659846978,-0.0950534404340413,1.2904116961368095,-0.5332143511334572,0.0388644134161902,0.141714077891166,MSFT,Microsoft Corporation,,,
2022-01-07,-0.1274761777534889,-0.0831858526784814,-0.0900489980662345,-0.0941527277125578,-0.0804350941390354,0.6162928885576197,-0.0217377083441002,-0.0004094703927302,0.1200769831767811,MSFT,Microsoft Corporation,,,
2022-01-10,-0.1242780684156937,-0.079820486501002,-0.1160227578346889,-0.1735023649127678,-0.1485566414077457,1.7423548201334618,-0.0082031531302417,-0.0290614128687157,0.1007019672815126,MSFT,Microsoft Corporation,,,
2022-01-11,-0.1144044257195547,-0.0694305436287573,-0.088444090729915,-0.0970913374237875,-0.0916910601842409,0.2918718132882825,0.0846407646938377,-0.0480697855373357,0.0839992977704658,MSFT,Microsoft Corporation,,,
2022-01-12,-0.0686511046142432,-0.0212874085266681,0.0107818436210081,0.0085609419254338,0.0002584629239727,0.7771018710849205,0.5823988125214249,-0.0508313241015384,0.073036435015407,MSFT,Microsoft Corporation,,,
2022-01-13,-0.2559736279419803,-0.2183975664681154,-0.0261359235551567,-0.1836415325567332,0.0119529615133674,1.8471307974307865,-2.6261888553266064,-0.099964064492053,0.0457870797125367,MSFT,Microsoft Corporation,,,
2022-01-14,-0.1808778178363886,-0.1393775539452086,-0.1729315072922234,-0.187315131023755,-0.2251566332362882,1.3099069383594333,1.0245363726899483,-0.1179470793506224,0.0279435748007333,MSFT,Microsoft Corporation,,,
2022-01-18,-0.2858729951185337,-0.2498590065649309,-0.1878156423669027,-0.2168510061985511,-0.2277878285014232,1.5519477189845945,-1.5326921024034683,-0.1578125865620264,0.0020349366271037,MSFT,Microsoft Corporation,,,
2022-01-19,-0.2764170110545997,-0.239908490486561,-0.1278422502099921,-0.2027440652103218,-0.1953350818818493,1.9024046269776047,0.0838810434105797,-0.1853360623842901,-0.0206459243369262,MSFT,Microsoft Corporation,,,
2022-01-20,-0.3004748487452939,-0.2652237609044156,-0.1608203350319897,-0.2256672837695533,-0.154696097026394,0.8752593937085634,-0.3995189077415498,-0.2120227903133413,-0.0434845600487827,MSFT,Microsoft Corporation,,,
2022-01-21,-0.3779352021135055,-0.3467311791609424,-0.2708442141917576,-0.3069277123598976,-0.2479612177671753,3.0752823923481643,-1.1757079357614069,-0.2514984278273944,-0.0713937545308695,MSFT,Microsoft Corporation,,,
2022-01-24,-0.3732069911828842,-0.3417559211217574,-0.3729882833303893,-0.5943500205447043,-0.4013075276444985,5.775913622879134,0.0171057852874327,-0.2799172736752393,-0.0963295060848587,MSFT,Microsoft Corporation,,,
2022-01-25,-0.4827915976488899,-0.4570661561827065,-0.4039232730194696,-0.4603367717804034,-0.4112483421736616,4.522018185885451,-1.669463035000692,-0.328762669871369,-0.1291090800831353,MSFT,Microsoft Corporation,,,
2022-01-26,-0.368478780252263,-0.3367806630825725,-0.2067850770818138,-0.3448390512271457,-0.1704841608502544,6.233112578528416,1.6798235993791897,-0.3366775729205255,-0.1483617404299197,MSFT,Microsoft Corporation,,,
2022-01-27,-0.3249512206628107,-0.290978458116145,-0.2242956670592712,-0.2728366109609795,-0.2483997503113645,2.6369946976267697,0.5887073633063322,-0.3316781938581525,-0.1618481342272657,MSFT,Microsoft Corporation,,,
2022-01-28,-0.2078566391686666,-0.1677661324885162,-0.2070767569667442,-0.3239728146220438,-0.2839222247402626,2.273213283092186,1.6548056485786855,-0.2985106447175032,-0.1633048832947759,MSFT,Microsoft Corporation,,,
2022-01-31,-0.17003007612908,-0.1279636216030913,-0.1501680075092096,-0.1488158908393358,-0.1564502272031507,1.9521014351596893,0.4838094962671268,-0.2641317045822563,-0.1611391724052465,MSFT,Microsoft Corporation,,,
2022-02-01,-0.200903542316803,-0.1604494977417244,-0.1757040247938676,-0.1670367957358242,-0.1351075665250692,1.417359496590967,-0.4868167985762154,-0.2461039308630658,-0.1620188523483275,MSFT,Microsoft Corporation,,,
2022-02-02,-0.1355417175659736,-0.091673399065049,-0.1101860429464702,-0.111932818730496,-0.1465098587905128,0.9974380135890384,0.8728745232731611,-0.2161620578045993,-0.1567880210793599,MSFT,Microsoft Corporation,,,
2022-02-03,-0.3053414036253666,-0.2703454945415588,-0.1669487298051389,-0.2430070093462543,-0.1485566414077457,1.6878985643992743,-2.421253253671816,-0.2363649257220936,-0.1676991101312419,MSFT,Microsoft Corporation,,,
2022-02-04,-0.240120549607839,-0.2017154248908967,-0.2024076522438501,-0.2428599219076333,-0.2842148771807388,0.8475981463812067,0.8939029945107676,-0.2351314503815689,-0.1716007482055289,MSFT,Microsoft Corporation,,,
2022-02-07,-0.3095144875689483,-0.2747352967608559,-0.2164158570381352,-0.2438886371033546,-0.1970892120586059,0.2088004741120016,-1.044494307124307,-0.2516403862628126,-0.1815502509201286,MSFT,Microsoft Corporation,,,
2022-02-08,-0.2593109568238438,-0.2219094082435539,-0.2496856217450641,-0.2431536483475624,-0.2690116721213057,0.5872106200797372,0.6766638709113352,-0.2514093080277388,-0.1859632772011899,MSFT,Microsoft Corporation,,,
2022-02-09,-0.1668315289939764,-0.1245982554256119,-0.1567345900789565,-0.1338273220940063,-0.1430015984369994,0.4765948298350468,1.2749538517190746,-0.228002121695127,-0.1814426017185415,MSFT,Microsoft Corporation,,,
2022-02-10,-0.2896275448352937,-0.2538098285622983,-0.1977381022081546,-0.2321328529464968,-0.2282263610456124,1.8490968677897328,-1.7779865116096694,-0.2412971348481153,-0.1886625425334041,MSFT,Microsoft Corporation,,,
2022-02-11,-0.3917030518677802,-0.3612179730565676,-0.2682173139761779,-0.3273526866491366,-0.2406520446196724,1.2446178296078818,-1.528747385451224,-0.276913123467682,-0.2046440148465038,MSFT,Microsoft Corporation,,,
2022-02-14,-0.3922590544494366,-0.3618034288764556,-0.3780951305370798,-0.3695255253005777,-0.3783570630098984,0.97052620892326,-0.0609707768799623,-0.3037648010902615,-0.219223925036134,MSFT,Microsoft Corporation,,,
2022-02-15,-0.3161891453326753,-0.2817594268836761,-0.3191437312594293,-0.2862085631934167,-0.2871382787698249,0.0652384058225883,1.0747614553987384,-0.3047922931237947,-0.225459878347158,MSFT,Microsoft Corporation,,,
2022-02-16,-0.3210670829427662,-0.2959537161553299,-0.3181221836929707,-0.3352877849003514,-0.3111125808295665,0.3498124907477318,-0.1237145063109788,-0.3067884107090831,-0.2315789846167261,MSFT,Microsoft Corporation,,,
2022-02-17,-0.4432795149719985,-0.4242873288481569,-0.3775117707672189,-0.3893630467099584,-0.3404955996398163,0.5911427607976303,-1.8332402533377328,-0.3389892863292473,-0.2484176105479969,MSFT,Microsoft Corporation,,,
2022-02-18,-0.482299951271567,-0.4652607513733576,-0.4204123154304684,-0.4435853959581872,-0.3888822901869636,0.7665707417365039,-0.638367019732877,-0.3729431616017745,-0.2673256319933335,MSFT,Microsoft Corporation,,,
2022-02-22,-0.4852261884808515,-0.4683336129268656,-0.4542654399072573,-0.4701822129844397,-0.5065597994151505,1.4938318471367242,-0.097076310210479,-0.3991437352053332,-0.2847847286096928,MSFT,Microsoft Corporation,,,
2022-02-23,-0.5890454421926588,-0.5773516492828406,-0.4519306648894095,-0.5348374563165622,-0.4308368726749863,1.1118204831847798,-1.627197764326622,-0.4448769807509646,-0.3102354093398655,MSFT,Microsoft Corporation,,,
2022-02-24,-0.3894895486765561,-0.3678031229574582,-0.4014424354027559,-0.6609156068296482,-0.6891428018824853,2.978468026702416,3.054071530937713,-0.4290419030016161,-0.3149605762986096,MSFT,Microsoft Corporation,,,
2022-02-25,-0.351586371108001,-0.3280006120720342,-0.3654001531941838,-0.3651173865150766,-0.3583295538478593,0.599425562161311,0.5086830862260092,-0.4076430683172187,-0.3157590856418338,MSFT,Microsoft Corporation,,,
2022-02-28,-0.3309604265177827,-0.3063432124556296,-0.3433660757798967,-0.3452798651056958,-0.3704630310979691,0.8019502751759626,0.2499813787845282,-0.3864120258020527,-0.3145819720502233,MSFT,Microsoft Corporation,,,
2022-03-01,-0.3844719537250885,-0.3625349137223568,-0.3312549035196631,-0.3577701895810328,-0.3399107408753891,0.4700834383987338,-0.8341911907047558,-0.3839326017066658,-0.3184490538010481,MSFT,Microsoft Corporation,,,
2022-03-02,-0.3114513028612694,-0.2858567244790017,-0.3093668887042419,-0.3349936100231094,-0.3551139459348221,0.5338541957839702,1.0275155132680938,-0.363727841538187,-0.3152274087869666,MSFT,Microsoft Corporation,,,
2022-03-03,-0.3709553996258293,-0.348340624450703,-0.2851440988709731,-0.3298509309191291,-0.2450373700615641,0.090174407107841,-0.9176516600555144,-0.3635236600133693,-0.3177887237625406,MSFT,Microsoft Corporation,,,
2022-03-04,-0.4554043114278832,-0.4370186484280083,-0.3941464304642822,-0.4309479840442284,-0.3707552374219193,0.5809133551181609,-1.2979488954300589,-0.3845868714516932,-0.3279087823274328,MSFT,Microsoft Corporation,,,
2022-03-07,-0.6079972498755906,-0.5972526814395805,-0.4812607472421703,-0.5579077623144146,-0.4549570548384409,1.6321478167950871,-2.3497881154441345,-0.4387206511164785,-0.3511876632257207,MSFT,Microsoft Corporation,,,
2022-03-08,-0.6506395833074766,-0.6420304503641904,-0.5648731241496874,-0.6832509240717086,-0.6118120711858026,2.1190227552385665,-0.7198487423708675,-0.4900341442526663,-0.3762846324595512,MSFT,Microsoft Corporation,,,
2022-03-09,-0.4743569947054317,-0.4569196805847483,-0.4825739746935594,-0.5248453761112177,-0.5293643839460377,0.8581098096864653,2.735714021067282,-0.4842312727901132,-0.3828355306166256,MSFT,Microsoft Corporation,,,
2022-03-10,-0.5149092837870598,-0.4995025483997096,-0.5263500043244016,-0.5277844342597604,-0.5355042856812111,0.4126780771261264,-0.6660624352895416,-0.4900671896139951,-0.3925324070598872,MSFT,Microsoft Corporation,,,
2022-03-11,-0.5918320220605666,-0.5802780352383903,-0.4838872021449484,-0.5446828975205985,-0.4632896192945603,0.0799352684067926,-1.2280004539626512,-0.5137696521834961,-0.4084449451677552,MSFT,Microsoft Corporation,,,
2022-03-14,-0.6424177498558963,-0.6333968749516096,-0.5438605943018591,-0.5977294441344843,-0.5746813466838607,0.4158607751824408,-0.8408413267556208,-0.5442552997415493,-0.427578128099507,MSFT,Microsoft Corporation,,,
2022-03-15,-0.4931700206416035,-0.476674683715475,-0.5085477344620137,-0.5549687041658721,-0.5745350204636227,0.7647312006580835,2.303036969946956,-0.5296235910425915,-0.4312017453337933,MSFT,Microsoft Corporation,,,
2022-03-16,-0.3922765663417722,-0.3707295089130079,-0.4100516677926187,-0.4892847456380283,-0.4464786102786086,1.1132901694432,1.480402313084573,-0.4933020513354727,-0.4251871139228035,MSFT,Microsoft Corporation,,,
2022-03-17,-0.3807103992513943,-0.3585840917249894,-0.3948762981458105,-0.3986205865968236,-0.3853735837169251,0.4310345558240134,0.1187011194295674,-0.4631550945034093,-0.4186521268920276,MSFT,Microsoft Corporation,,,
2022-03-18,-0.3081074070197801,-0.2823448827035641,-0.3162251511589193,-0.3492471900126468,-0.354967619714584,1.654864689160341,1.0203547435431577,-0.4223046143845023,-0.4060125905491477,MSFT,Microsoft Corporation,,,
2022-03-21,-0.3258053632114804,-0.3009289741945149,-0.3287740659029494,-0.3173606064437921,-0.3035107552415874,0.1910766418167459,-0.3097737938249301,-0.3961130636916257,-0.396154986357922,MSFT,Microsoft Corporation,,,
2022-03-22,-0.257521241427142,-0.2292260429903456,-0.2578571116511297,-0.2604933739242635,-0.2902084526956742,0.1179329846509872,0.9432291107645734,-0.3593141806556379,-0.3808933650188142,MSFT,Microsoft Corporation,,,
2022-03-23,-0.3212058646895261,-0.2961001917532881,-0.283684808820718,-0.2759223081108303,-0.279829105622322,-0.0654663409610409,-0.966635728893372,-0.3477146929028906,-0.3728949588707525,MSFT,Microsoft Corporation,,,
2022-03-24,-0.2569639254535604,-0.2286405871704569,-0.269530541427567,-0.2671055821025151,-0.299856168667836,-0.1852701035762536,0.8832391001679321,-0.322875386438879,-0.3596964653103907,MSFT,Microsoft Corporation,,,
2022-03-25,-0.2628163998721294,-0.2347867568494177,-0.250561106712656,-0.2528520021129778,-0.2108304932652334,-0.3719494574603856,-0.1367056995489754,-0.3057162408891953,-0.348237807223986,MSFT,Microsoft Corporation,,,
2022-03-28,-0.1649901535148844,-0.1320609191984169,-0.1732236324899553,-0.178792579892682,-0.2239873618239588,0.3105008165903799,1.352879029640598,-0.2682697071836228,-0.3287950091591319,MSFT,Microsoft Corporation,,,
2022-03-29,-0.0993538298516939,-0.0631383449237832,-0.0999714579074864,-0.1094350228978164,-0.0839433544925488,0.3898444085019255,0.8690520139318407,-0.223694800969222,-0.3050638715282811,MSFT,Microsoft Corporation,,,
2022-03-30,-0.1209547490476987,-0.0858201805820046,-0.0980744253734351,-0.0722582243490475,-0.0861360172134947,0.1728174933346483,-0.3515597084827172,-0.1956904835375755,-0.2854830962329756,MSFT,Microsoft Corporation,,,
2022-03-31,-0.1982964593453355,-0.1670346476426158,-0.1098939177487383,-0.1264801251599626,-0.0840896807127869,0.6846284330633804,-1.127966287481564,-0.1941180299848123,-0.2748182433208064,MSFT,Microsoft Corporation,,,
2022-04-01,-0.1828282048452698,-0.1507914862873259,-0.1830000297323413,-0.1610120404374308,-0.1503107715845023,0.0703190430867967,0.1661860363641915,-0.1890525549138661,-0.2636957601897947,MSFT,Microsoft Corporation,,,
2022-04-04,-0.1054851811557086,-0.0695770192267156,-0.1103321055453361,-0.0997366691324011,-0.1397855444074371,-0.2042397626336141,1.037951983141273,-0.1658223341223823,-0.2464484388083989,MSFT,Microsoft Corporation,,,
2022-04-05,-0.1624811371404964,-0.1294270378668386,-0.113834045415707,-0.0973855123010295,-0.0932993102572846,-0.3145051641014624,-0.8423187967298981,-0.1627189295723293,-0.2360277279222908,MSFT,Microsoft Corporation,,,
2022-04-06,-0.3210670829427662,-0.2959537161553299,-0.2286730918972349,-0.2907637894175388,-0.2114153520296607,1.3356021153278437,-2.278589307800308,-0.2002333880454845,-0.2411861205941196,MSFT,Microsoft Corporation,,,
2022-04-07,-0.2950076359581089,-0.26858957365384,-0.277556414047569,-0.2960535559601401,-0.3361098280813995,0.4889071021324101,0.3269283750185136,-0.2218222406695393,-0.2434712208932471,MSFT,Microsoft Corporation,,,
2022-04-08,-0.3563233379847901,-0.3329758701112184,-0.3144741812237338,-0.2970822711558613,-0.2808524969309384,-0.1972027880320381,-0.940494585144101,-0.2534184036378698,-0.2512058138339785,MSFT,Microsoft Corporation,,,
2022-04-11,-0.5195065933224722,-0.5043313308409364,-0.4386523277766526,-0.4628350160503959,-0.4073011031594339,0.7962856566170177,-2.450396822697291,-0.3181125332963942,-0.2732931941161594,MSFT,Microsoft Corporation,,,
2022-04-12,-0.564101064952473,-0.5511579718491824,-0.4659393149964961,-0.5291068758954107,-0.4445781538816138,0.4456438212140072,-0.7348587016785928,-0.3778367303279642,-0.2974870929581138,MSFT,Microsoft Corporation,,,
2022-04-13,-0.4866196973134595,-0.4697970291906129,-0.4974581097682386,-0.5172044527372449,-0.5397432849028647,-0.4361192687303586,1.1458889442943985,-0.4031640070575424,-0.3123328092107132,MSFT,Microsoft Corporation,,,
2022-04-14,-0.5951772312939811,-0.5837903235857729,-0.5013977921224068,-0.5462990655961779,-0.4613891628975655,0.1784626458504354,-1.6996283499903484,-0.4494326919847006,-0.3358448620768563,MSFT,Microsoft Corporation,,,
2022-04-18,-0.5855618890097928,-0.5736933319094447,-0.5867611389651085,-0.5606997330243364,-0.595585474817753,-0.5460245483997861,0.0972017037199212,-0.4817185150611214,-0.3563323061056913,MSFT,Microsoft Corporation,,,
2022-04-19,-0.518949715146199,-0.5037463215929935,-0.5326244616964166,-0.5596710178286152,-0.5887148342144393,-0.3981118194645852,0.9834020646890838,-0.4891977107277274,-0.3688113527632664,MSFT,Microsoft Corporation,,,
2022-04-20,-0.5041788717583999,-0.4882350916555505,-0.4811146846433043,-0.4573981620691736,-0.4422391649404299,-0.3388377180488206,0.1731757872966542,-0.4910961852087427,-0.378793124237907,MSFT,Microsoft Corporation,,,
2022-04-21,-0.5815205820560367,-0.5694495587161618,-0.4285838053365348,-0.5354253576337341,-0.4542263159703007,0.298470801918806,-1.231224286688149,-0.5119508255904747,-0.3950033138438696,MSFT,Microsoft Corporation,,,
2022-04-22,-0.6760024947744839,-0.6686631080197791,-0.5759627488434624,-0.6335838010476028,-0.5550928161825359,0.2937210873882817,-1.5208518822840575,-0.5513287736797423,-0.4184571245767025,MSFT,Microsoft Corporation,,,
2022-04-25,-0.5827739957499598,-0.57076649938195,-0.6064604413615478,-0.6719364022307139,-0.6777405096170418,0.9042832640569722,1.4317556407645162,-0.5574401657390654,-0.431177140871836,MSFT,Microsoft Corporation,,,
2022-04-26,-0.7290968011468932,-0.7244158290645766,-0.6465884685231531,-0.6832509240717086,-0.6161973966276943,1.9592941381065283,-2.3271176273977856,-0.598784816969194,-0.4562411124473964,MSFT,Microsoft Corporation,,,
2022-04-27,-0.547934523745524,-0.5341833256479913,-0.4625829924121896,-0.5486502224275495,-0.5489529144473625,3.609946466744256,2.8726067970910134,-0.584279375560553,-0.4623117933566762,MSFT,Microsoft Corporation,,,
2022-04-28,-0.4586085499279959,-0.4403840146054877,-0.4624369298133237,-0.5148532959058734,-0.5037822779297775,0.7064790665081081,1.3234621846448311,-0.550958668340197,-0.4595890267588336,MSFT,Microsoft Corporation,,,
2022-04-29,-0.6273684673799607,-0.6175931403901952,-0.4784882297405262,-0.5877373639291398,-0.4537877834261115,1.040058915083231,-2.5951744895918125,-0.5683661865220824,-0.4726842414410176,MSFT,Microsoft Corporation,,,
2022-05-02,-0.5305163200338854,-0.5158917387810119,-0.5505727941576705,-0.5918517762747119,-0.6131276688183701,0.8529123761633096,1.4700615677369426,-0.5570893763642719,-0.4756530201181669,MSFT,Microsoft Corporation,,,
2022-05-03,-0.5680027145648524,-0.5552552694445071,-0.5623922865329737,-0.534102915998083,-0.5217630044745837,-0.0398490281652622,-0.6277243398868196,-0.558049585494422,-0.4818105527571019,MSFT,Microsoft Corporation,,,
2022-05-04,-0.4537319257098302,-0.4352622809683445,-0.4638962198635787,-0.5843574919020471,-0.5417900675200976,0.7018753473012679,1.7167697338935326,-0.5300611571977621,-0.4768652350420408,MSFT,Microsoft Corporation,,,
2022-05-05,-0.6297373886156636,-0.6200805461238151,-0.5299980067936384,-0.6194773084966864,-0.4986657675032204,1.6421922950645569,-2.7011319495773143,-0.553288204189211,-0.4886084513717171,MSFT,Microsoft Corporation,,,
2022-05-06,-0.6662474951489189,-0.6584196407454926,-0.6336013659825253,-0.6645892052966702,-0.6555207838505829,1.1088129795168862,-0.6271259806191976,-0.5798810304867184,-0.5026526693232918,MSFT,Microsoft Corporation,,,
2022-05-09,-0.8076923629357615,-0.8069476833629211,-0.7341405277848375,-0.7814093674855782,-0.7249579287518606,2.076830106693848,-2.2992327836224664,-0.6353612588353458,-0.5284704027815267,MSFT,Microsoft Corporation,,,
2022-05-10,-0.7391293642659781,-0.7349518009628345,-0.713857420305736,-0.755694178216425,-0.7011299529123562,1.2602685283068225,1.0779979644723638,-0.659746147023332,-0.5456151762945205,MSFT,Microsoft Corporation,,,
2022-05-11,-0.8638521260615232,-0.8659197415591847,-0.7487325376617849,-0.8404811178351702,-0.7889863569026293,2.19848314340906,-2.072085463405444,-0.7093692780990051,-0.5727087490303071,MSFT,Microsoft Corporation,,,
2022-05-12,-0.9363156798504152,-0.9420124749826524,-0.916248526048948,-0.9768448507748738,-0.905786801042438,2.398778994482133,-1.2662713751300796,-0.764791857372042,-0.6040250435994947,MSFT,Microsoft Corporation,,,
2022-05-13,-0.8559078561034631,-0.8575786707705754,-0.8701377214002582,-0.8985237045517286,-0.9107569852487568,0.8309157473948978,1.321273272666673,-0.7861576986390081,-0.6250756586507058,MSFT,Microsoft Corporation,,,
2022-05-16,-0.8506131354557838,-0.8520179569115024,-0.8295719517548565,-0.8922052228134056,-0.8726033155547237,0.5998343490676267,0.0357456736654568,-0.8008518714052156,-0.6437240695690615,MSFT,Microsoft Corporation,,,
2022-05-17,-0.7764769770501851,-0.7741688560283715,-0.7929463097764234,-0.7940467793995362,-0.7827005750637428,0.237561552877779,1.1843099230331682,-0.7932470566543162,-0.6538370753903755,MSFT,Microsoft Corporation,,,
2022-05-18,-0.9457670670426112,-0.9605967897595752,-0.8619662314941918,-0.9364352676376332,-0.8281634179052789,0.4835344742208334,-2.821194776814617,-0.8300746909892572,-0.6786500899041776,MSFT,Microsoft Corporation,,,
2022-05-19,-0.9588972650172156,-0.9743520988092992,-0.9484967431894176,-0.9495132692114844,-0.9611904584131368,0.6135968415802524,-0.2776965214901321,-0.8609941548544813,-0.7024188197908743,MSFT,Microsoft Corporation,,,
2022-05-20,-0.9669989231076432,-0.9828394219098952,-0.9358017658465216,-1.0294508077288655,-0.9123652353218006,1.2469245557220914,-0.1920557520211466,-0.8862191560566358,-0.7247742470504708,MSFT,Microsoft Corporation,,,
2022-05-23,-0.8539988409402253,-0.8644563252954374,-0.8926095412983416,-0.926737138090874,-0.9379471182797978,0.6606170688281273,1.895002676152467,-0.8767485651787962,-0.7346715285032052,MSFT,Microsoft Corporation,,,
2022-05-24,-0.8683857360885651,-0.8795285750109505,-0.8950903789150553,-0.9257084228951526,-0.9028629533368266,0.258497282294086,-0.293014871624812,-0.8732600838480312,-0.7449964489102718,MSFT,Microsoft Corporation,,,
2022-05-25,-0.8278787590283563,-0.8370921827939475,-0.8476663468149762,-0.8723677014040249,-0.8992083667630753,0.2102214952625273,0.6264837471340575,-0.8604670363010842,-0.7506454063733405,MSFT,Microsoft Corporation,,,
2022-05-26,-0.7806662594941772,-0.787631660454124,-0.8107485796388114,-0.8091819871461737,-0.8388349713025822,-0.1348919838836433,0.7301756789082234,-0.8390109160309354,-0.7514248104243115,MSFT,Microsoft Corporation,,,
2022-05-27,-0.6781433236125153,-0.6802235159598546,-0.7198401977928206,-0.7191052809848281,-0.7480547196066979,0.050882198993647,1.6257559016116885,-0.7971616882125712,-0.7426741882532406,MSFT,Microsoft Corporation,,,
2022-05-31,-0.6972794439622795,-0.7002710237145529,-0.6989737305438581,-0.6989740331355174,-0.6888505955585343,1.113426431745305,-0.3576081876998632,-0.7705823909409413,-0.7364846512917169,MSFT,Microsoft Corporation,,,
2022-06-01,-0.6895965389973284,-0.692222457549915,-0.6563648657655391,-0.6826630227545376,-0.6498194146595977,-0.1066564882831288,0.070290155904638,-0.7487177192588154,-0.7301489443281184,MSFT,Microsoft Corporation,,,
2022-06-02,-0.6594257374895727,-0.6606149884270862,-0.7007247004790436,-0.8066837428761812,-0.8069666373309105,1.7149758304318945,0.4293980084835921,-0.7247393166216186,-0.7216055333211834,MSFT,Microsoft Corporation,,,
2022-06-03,-0.7231199922927414,-0.7273426615920713,-0.7182348451436996,-0.7066149565094902,-0.7213033421781091,0.1626367527630736,-1.0625572677145043,-0.7227576089281815,-0.7197154797554833,MSFT,Microsoft Corporation,,,
2022-06-06,-0.7408591014314304,-0.7459267530830221,-0.7075829629337209,-0.7241013210874995,-0.6957212361618489,-0.3881257393245894,-0.3387212247518342,-0.7257279765298739,-0.7196339295679778,MSFT,Microsoft Corporation,,,
2022-06-07,-0.6884788424690066,-0.691051992482084,-0.7229043951793951,-0.7429101273011589,-0.7749524232555256,-0.3433149079751345,0.7957352988405554,-0.7147961062763953,-0.7147269832978085,MSFT,Microsoft Corporation,,,
2022-06-08,-0.7176716047898172,-0.7216354721350401,-0.7248014277134465,-0.688981952930173,-0.7008377465884051,-0.8775020643138572,-0.5190938482149751,-0.7139313868108976,-0.7129595626945677,MSFT,Microsoft Corporation,,,
2022-06-09,-0.7961712889681478,-0.8038743752374682,-0.7290332352653457,-0.7621597473933686,-0.7582877404598121,0.0050299343352452,-1.3164788930443871,-0.73300455290413,-0.7185955078407391,MSFT,Microsoft Corporation,,,
2022-06-10,-0.96099234403652,-0.9765469999189472,-0.9060343863227658,-0.93996200288469,-0.8635400122304641,0.4900361326355675,-2.7624635180080537,-0.788717904132096,-0.738926136368409,MSFT,Microsoft Corporation,,,
2022-06-13,-1.110867874591045,-1.1335621423509978,-1.0747177622188533,-1.1016003354336528,-1.0896856242006023,1.922055597545492,-2.631679618692939,-0.8681565862909894,-0.771236634803133,MSFT,Microsoft Corporation,,,
2022-06-14,-1.0797192527949986,-1.1009297906144069,-1.122579536802728,-1.1018942860922374,-1.1079585570693598,0.2203049056183126,0.5069911646711085,-0.9199100383781158,-0.7977359202298291,MSFT,Microsoft Corporation,,,
2022-06-15,-0.9781730427083566,-0.9945460821619548,-0.9830799580041352,-1.029744758387451,-1.0429069606682375,0.6544171340823405,1.7553502328860553,-0.9332133755113968,-0.8124571249828939,MSFT,Microsoft Corporation,,,
2022-06-16,-1.073014605915647,-1.0939058837775597,-1.0980650670845291,-1.0797056078514864,-1.076967734302592,0.6600136214902329,-1.6926685243912996,-0.9670182022105598,-0.8345904958978796,MSFT,Microsoft Corporation,,,
2022-06-17,-1.0355807470616865,-1.0546888287120222,-1.053121649944763,-1.064864350763434,-1.0956791997155382,1.6251011091719323,0.6124916584334397,-0.9829672041785096,-0.8512579464010138,MSFT,Microsoft Corporation,,,
2022-06-21,-0.9505167300413444,-0.9655720477987596,-0.9911056079677364,-0.9843391351475372,-1.014401230004627,0.3445761251382603,1.4425502258466567,-0.973558073386032,-0.858561831687082,MSFT,Microsoft Corporation,,,
2022-06-22,-0.9590369223585924,-0.974498351121285,-0.9557927481278912,-0.9717019474522366,-0.9905732541651242,-0.0436157075163132,-0.1989068536794043,-0.9686417781751906,-0.8659878340227651,MSFT,Microsoft Corporation,,,
2022-06-23,-0.8790012263237723,-0.8906500027290964,-0.9236905935862878,-0.9237980799423312,-0.9367776238092064,-0.0512561294557837,1.3237032095668737,-0.9448469543148534,-0.8653543355626085,MSFT,Microsoft Corporation,,,
2022-06-24,-0.7555248734652156,-0.7612915074225068,-0.798053156983114,-0.8049204873619807,-0.8455592856856587,0.7334006041954652,2.023779952037458,-0.8959795104546457,-0.8533860114900796,MSFT,Microsoft Corporation,,,
2022-06-27,-0.7947738399597641,-0.8024109589737208,-0.7933840522602198,-0.7819972688027492,-0.7520019586209256,-0.1725587773941537,-0.690987359728668,-0.8691895604274669,-0.8461269816674292,MSFT,Microsoft Corporation,,,
2022-06-28,-0.9122447082404692,-0.9254768090033914,-0.8136667144265199,-0.8842701245621908,-0.8138372779342241,0.0883251330078417,-1.9832756338123487,-0.8786096483830133,-0.8503661902831974,MSFT,Microsoft Corporation,,,
2022-06-29,-0.8594454772539154,-0.8701630681805235,-0.8857512788436642,-0.8924991734719904,-0.9072487248952434,-0.6149538072218624,0.8434370950994236,-0.8724098088255442,-0.8493485505464381,MSFT,Microsoft Corporation,,,
2022-06-30,-0.907356263494977,-0.920355521938193,-0.92135581856844,-0.9345251489034672,-0.9151427568071736,0.5200235721202918,-0.8541158380382504,-0.8797966963830156,-0.8528438620292692,MSFT,Microsoft Corporation,,,
2022-07-01,-0.8689443654540718,-0.8801140308308385,-0.9178538786980692,-0.9093976367328288,-0.9247904727793356,-0.3455535029382915,0.5983506436339314,-0.8756865283437051,-0.8524773843782392,MSFT,Microsoft Corporation,,,
2022-07-05,-0.8232685344723459,-0.8322629537807757,-0.871013206367851,-0.9074872937800074,-0.9281528530291356,-0.3354992916472431,0.7132722860631905,-0.8611286294477853,-0.8479299901674193,MSFT,Microsoft Corporation,,,
2022-07-06,-0.7763368819115001,-0.7830953826368687,-0.7979075396970494,-0.7949284071566364,-0.8171996581840245,-0.2495177790188582,0.7245412601143714,-0.8384194286740158,-0.8394658956576309,MSFT,Microsoft Corporation,,,
2022-07-07,-0.7457471083796142,-0.7510484867201653,-0.7822939822536442,-0.7564291669722171,-0.7971725951385106,-0.5380532037266316,0.4474961634249081,-0.8137023696487046,-0.8289489308664083,MSFT,Microsoft Corporation,,,
2022-07-08,-0.7560835028307223,-0.7618769632423947,-0.7963021870479284,-0.7818501813641283,-0.8019964531245914,-0.6549565259113193,-0.2203802883632509,-0.7977614180475435,-0.8203417303923537,MSFT,Microsoft Corporation,,,
2022-07-11,-0.8000816945266949,-0.8079716728327937,-0.8192117494298082,-0.7981611917451081,-0.7894248894468184,-0.6747729578460477,-0.7683249252775839,-0.7968594989791784,-0.8165764497668196,MSFT,Microsoft Corporation,,,
2022-07-12,-0.951494112532326,-0.9665964838405778,-0.827820981819671,-0.9471623365987692,-0.786062509197018,0.9227370729706488,-2.5446541267997267,-0.8342228451538749,-0.827123375555201,MSFT,Microsoft Corporation,,,
2022-07-13,-0.9647633111523448,-0.9804980452022876,-1.008615975288793,-1.0049111968753976,-1.0154243982549815,0.3026365351545937,-0.2804455506772862,-0.8655790144383927,-0.8379357586223087,MSFT,Microsoft Corporation,,,
2022-07-14,-0.9457670670426112,-0.9605967897595752,-0.9854147330219832,-1.0367980046629093,-1.0098693552842355,-0.1250908311536473,0.2744917476221569,-0.8843236593273139,-0.8460125292059352,MSFT,Microsoft Corporation,,,
2022-07-15,-0.9088922753514664,-0.9219649672279536,-0.9090985837093404,-0.907046479901458,-0.9345849610882604,0.3295678058635298,0.5790614389093771,-0.8891179810191928,-0.8499528338813809,MSFT,Microsoft Corporation,,,
2022-07-18,-0.9433926733405534,-0.9581091607399826,-0.902240321254663,-0.9286472568250388,-0.8756730433640478,-0.5268504958892679,-0.6377630988430695,-0.9013813583752006,-0.8567180721295673,MSFT,Microsoft Corporation,,,
2022-07-19,-0.8696424332623018,-0.8808455156767396,-0.918583301066796,-0.923063539623852,-0.9073950511154816,-0.1338700166178542,1.2100202381830834,-0.8920504024589291,-0.8560638000555784,MSFT,Microsoft Corporation,,,
2022-07-20,-0.8313704114614267,-0.8407505001673433,-0.8434345392630771,-0.8462116982563216,-0.8734803806431021,-0.3503616155982895,0.5892308350147384,-0.8754369933319897,-0.8519378792513266,MSFT,Microsoft Corporation,,,
2022-07-21,-0.7954734400585728,-0.8031428903915669,-0.8431424140653452,-0.8738372304782962,-0.8750881845996206,-0.3876974863751158,0.5431020177162793,-0.8539584351684131,-0.8448750456844527,MSFT,Microsoft Corporation,,,
2022-07-22,-0.8580489038401486,-0.8687000984887212,-0.8367223394072657,-0.84386054142495,-0.7954184649617538,-0.4386401213193049,-1.0813057497802274,-0.8535705336833207,-0.8442277475278036,MSFT,Microsoft Corporation,,,
2022-07-25,-0.8794197605505948,-0.8910889829510261,-0.8926095412983416,-0.8770700150667688,-0.8574001104952905,-0.5189667484103239,-0.4100555891709498,-0.8586486705262323,-0.8456110543711214,MSFT,Microsoft Corporation,,,
2022-07-26,-0.9762176210304288,-0.9924974333642924,-0.916248526048948,-0.9834572831717816,-0.8740652394075293,1.26139755880998,-1.6807761172540845,-0.886776083304152,-0.8557995592690211,MSFT,Microsoft Corporation,,,
2022-07-27,-0.7409978831781903,-0.7460732286809804,-0.7678480349755619,-0.8470933260134219,-0.8550611215541066,1.9082541729465496,4.01227280767865,-0.8487766988567772,-0.8433595336782588,MSFT,Microsoft Corporation,,,
2022-07-28,-0.6338645038418642,-0.6338358551735392,-0.6541761533465572,-0.7145500547607051,-0.7294895804139895,0.6882491170907473,1.6827017945396443,-0.7933617276858895,-0.8221658704596279,MSFT,Microsoft Corporation,,,
2022-07-29,-0.5733841190795927,-0.5704739947579786,-0.5934733388209199,-0.5858270209763183,-0.6132735489220831,0.5610871901618535,0.8997934926969234,-0.7366058350115937,-0.7973187445373869,MSFT,Microsoft Corporation,,,
2022-08-01,-0.6115153890458195,-0.6104225346694166,-0.6039796037448341,-0.5974357176945552,-0.6115194187453264,-0.4718978560545541,-0.6440098180215641,-0.703618746199729,-0.7782485899335412,MSFT,Microsoft Corporation,,,
2022-08-02,-0.6560730857019162,-0.6571027000797036,-0.653446285665029,-0.6482781949156903,-0.638124916070203,-0.3536805759567091,-0.7504451818429317,-0.690072790294047,-0.7650231549655645,MSFT,Microsoft Corporation,,,
2022-08-03,-0.5492181454537259,-0.5451582777681789,-0.5715853240054988,-0.5861211958535604,-0.6270148301287106,-0.2792521599425299,1.6398972115179389,-0.6530678435974823,-0.7431411731130526,MSFT,Microsoft Corporation,,,
2022-08-04,-0.5327372657793522,-0.5278911269430172,-0.5672078991675351,-0.533808741120841,-0.5533386860057793,-0.8068013955644133,0.2012629583820415,-0.6211735938787367,-0.7217278712350761,MSFT,Microsoft Corporation,,,
2022-08-05,-0.5430736602304603,-0.5387196034652466,-0.569396611586517,-0.5557036929216641,-0.5920772144642397,-0.9356763342912012,-0.2113669000032118,-0.5998497492574996,-0.7032149097730616,MSFT,Microsoft Corporation,,,
2022-08-08,-0.5792506030120302,-0.5766197178649944,-0.5362724641656534,-0.5462990655961779,-0.5204474068420162,-0.7444613923512816,-0.6094023779706821,-0.5929457051398488,-0.6897227725457405,MSFT,Microsoft Corporation,,,
2022-08-09,-0.5515936336490548,-0.5476461300737439,-0.5777141640914494,-0.5714268019854729,-0.5849139214204497,-0.2903186054777884,0.3767717558692727,-0.5808193305922996,-0.6749054519346495,MSFT,Microsoft Corporation,,,
2022-08-10,-0.4557738123561651,-0.4472616691303497,-0.4795097773069856,-0.4343278560713212,-0.460219445368711,-0.165482870706262,1.4248790073769668,-0.5476514551868937,-0.6525944450091609,MSFT,Microsoft Corporation,,,
2022-08-11,-0.4856661747757843,-0.478577080201152,-0.4590810525418187,-0.4406463378096437,-0.4210423843660614,-0.6153333950634412,-0.5027566611263838,-0.5302854944403881,-0.6350696989533375,MSFT,Microsoft Corporation,,,
2022-08-12,-0.4173623521125683,-0.4070201780229951,-0.448866467502835,-0.4343278560713212,-0.4556877937065812,-0.3667714899803878,0.983241691661302,-0.5001008543546465,-0.6128361309654567,MSFT,Microsoft Corporation,,,
2022-08-15,-0.395572742276647,-0.3841923133387606,-0.4157427653947729,-0.3877468786343789,-0.4188497216451155,-0.8080666883696759,0.2722185214640654,-0.4719881067587781,-0.590613400899454,MSFT,Microsoft Corporation,,,
2022-08-16,-0.4061880136132001,-0.3953137410569064,-0.4177854152148888,-0.383191203972944,-0.4043777015703478,-0.8063926086580977,-0.2101954747749485,-0.4535704517868528,-0.571390325913916,MSFT,Microsoft Corporation,,,
2022-08-17,-0.4169661455484745,-0.415653753435576,-0.4278539376550066,-0.3971510575225522,-0.4372689807341109,-0.7917444111817881,-0.2130264171227247,-0.4424650322283501,-0.5549092362550148,MSFT,Microsoft Corporation,,,
2022-08-18,-0.4330626391860819,-0.4324819240388081,-0.448866467502835,-0.4028820863810166,-0.4306905464547482,-0.8956152174722707,-0.2927553699693526,-0.4381799368253697,-0.5414115536020414,MSFT,Microsoft Corporation,,,
2022-08-19,-0.4893336028281744,-0.4913079532090584,-0.4876812672130513,-0.4546061913592528,-0.4495483380879328,-0.5662692332839881,-0.8951462255627906,-0.4491032343659134,-0.5343327145370923,MSFT,Microsoft Corporation,,,
2022-08-22,-0.6069123881453979,-0.6142273276407707,-0.5867611389651085,-0.5771573824066243,-0.5492455668878387,-0.1291495011520667,-1.837695955985647,-0.4868353703105783,-0.5387456897849435,MSFT,Microsoft Corporation,,,
2022-08-23,-0.6252490906100405,-0.6333968749516096,-0.6392924635846794,-0.6039012868714987,-0.6316928080110785,-0.8624061478449162,-0.3395193541509373,-0.5197412557633188,-0.5444493021139429,MSFT,Microsoft Corporation,,,
2022-08-24,-0.6343473942730193,-0.6429084108080498,-0.6630770656213505,-0.6081627866556917,-0.6467496868502735,-0.803073648299678,-0.195703918815683,-0.5467064633438813,-0.550473849690156,MSFT,Microsoft Corporation,,,
2022-08-25,-0.5915146190119832,-0.5981306418834399,-0.6369576885668317,-0.6168324252253857,-0.6186827117891164,-0.9542858715501408,0.6219401731070178,-0.5561693653828944,-0.5519987899717704,MSFT,Microsoft Corporation,,,
2022-08-26,-0.7421295892203806,-0.7555847645374206,-0.6176961286541888,-0.7129334382478129,-0.5931006057728562,0.1130275417751998,-2.3990759491524973,-0.6011059822411761,-0.5672814318080671,MSFT,Microsoft Corporation,,,
2022-08-29,-0.7821604617077152,-0.7974357009345358,-0.8065167720869122,-0.7736213566729843,-0.7865010417412073,-0.5888011782392418,-0.7013788006943628,-0.6448655182867367,-0.584868149094621,MSFT,Microsoft Corporation,,,
2022-08-30,-0.8137965708066552,-0.8305070328930568,-0.8116240646064041,-0.8204965089871685,-0.7745138907113365,-0.3524250161730254,-0.5708800134473769,-0.6856332027165938,-0.6037749463745483,MSFT,Microsoft Corporation,,,
2022-08-31,-0.8347922352238096,-0.8524569371334321,-0.8107485796388114,-0.8106515162204451,-0.7932253561242829,-0.155360528264161,-0.3995619488958818,-0.7214837683364066,-0.6229000868907449,MSFT,Microsoft Corporation,,,
2022-09-01,-0.8497701567384776,-0.8681146426688332,-0.9015104535731348,-0.8976420767946288,-0.888537259482297,-0.30412003007673,-0.3015731848356328,-0.7521346396648427,-0.6416685005114928,MSFT,Microsoft Corporation,,,
2022-09-02,-0.910519349048101,-0.931622978682353,-0.8453315717971285,-0.9114548429056152,-0.8471670896421765,-0.3438307581188185,-1.0661615625925531,-0.7903849907651375,-0.6643356553188607,MSFT,Microsoft Corporation,,,
2022-09-06,-0.9498523726258604,-0.972742430233566,-0.9461624134843712,-0.9486316414543842,-0.9275679942647084,-0.4924734636724402,-0.720013959002311,-0.8289545048656733,-0.6885711799166843,MSFT,Microsoft Corporation,,,
2022-09-07,-0.8821041147469926,-0.9019174594732556,-0.9315704036074238,-0.9298228352407246,-0.9494957367654798,-0.2200948547857127,1.109368133646269,-0.8408610470840144,-0.704352752944202,MSFT,Microsoft Corporation,,,
2022-09-08,-0.8760854962498901,-0.8956252607682814,-0.9082230987417476,-0.9067527534615286,-0.9084179963075728,-0.5906115202529253,0.0485715444856118,-0.8482788785857251,-0.7181443359822506,MSFT,Microsoft Corporation,,,
2022-09-09,-0.7929394692376065,-0.8087036042506399,-0.8381811841447193,-0.8259333629683908,-0.8647092836427935,-0.4188431554277343,1.34441523973017,-0.8329532321937914,-0.7230107576394695,MSFT,Microsoft Corporation,,,
2022-09-12,-0.7622857772986956,-0.7766567083339364,-0.805786904405384,-0.7543717365807747,-0.7875244330498237,-0.7436340855170714,0.4507896208817246,-0.8137577805461528,-0.7246065465442796,MSFT,Microsoft Corporation,,,
2022-09-13,-0.9674890371943862,-0.9911802694125308,-0.908660841225544,-0.9537747689956768,-0.8889757920264862,0.6779321142170674,-3.3957371803091663,-0.8509150081236369,-0.7449901275983088,MSFT,Microsoft Corporation,,,
2022-09-14,-0.9642694757884798,-0.9878146799490792,-0.9986935154475418,-0.9791960076062444,-0.9665991751636452,-0.2408943218999144,0.0027709616817242,-0.8779740689601097,-0.763223606367928,MSFT,Microsoft Corporation,,,
2022-09-15,-1.060012901451055,-1.087906189696557,-1.0399889301180705,-1.065011213983399,-1.021564076931893,0.5005575289624052,-1.701743157265472,-0.922322265984135,-0.7886331630565292,MSFT,Microsoft Corporation,,,
2022-09-16,-1.068971109975349,-1.0972714732410112,-1.1290000567736094,-1.0938123246210596,-1.102111307774662,1.30459270857733,-0.2113211849786284,-0.9578340107309332,-0.8125592797738571,MSFT,Microsoft Corporation,,,
2022-09-19,-1.072050576242571,-1.1004908103924782,-1.131334831791457,-1.1115924156389976,-1.1282780494970877,0.0427161938889135,-0.1073903483965027,-0.9852414826254428,-0.8345944187014924,MSFT,Microsoft Corporation,,,
2022-09-20,-1.1010255344024562,-1.1307817854214623,-1.1551198791409287,-1.129372730875592,-1.134125298791785,0.0265009799383941,-0.5674886630486761,-1.0130765501933314,-0.857299707350722,MSFT,Microsoft Corporation,,,
2022-09-21,-1.1500170232992808,-1.1819982286490045,-1.0945629045577585,-1.1402466630566923,-1.101964981554425,0.2177840530293662,-0.9305255273091048,-1.0462611261899304,-0.8824610272650041,MSFT,Microsoft Corporation,,,
2022-09-22,-1.1216022267954815,-1.1522927094399082,-1.1500125866214372,-1.1597900095888316,-1.1955225316774196,0.4548415266061086,0.4638423900679828,-1.064010825594735,-0.9027132930187918,MSFT,Microsoft Corporation,,,
2022-09-23,-1.164434345360554,-1.1970704783645176,-1.189848711241712,-1.1946158755248857,-1.1711099201317514,0.7580056827470337,-0.8248478166434952,-1.088083938811097,-0.9250763042659949,MSFT,Microsoft Corporation,,,
2022-09-26,-1.171013125513744,-1.2039481328893795,-1.1851793838624172,-1.1696354507928677,-1.207509459649028,0.1271306900430886,-0.1728491534385806,-1.1077915799397735,-0.9460132987516976,MSFT,Microsoft Corporation,,,
2022-09-27,-1.185570542713702,-1.2191666349168797,-1.1800720913429252,-1.2049019063888151,-1.164677812072627,0.0613841292773267,-0.3190526622887176,-1.1262296133686254,-0.9663900549545136,MSFT,Microsoft Corporation,,,
2022-09-28,-1.1203420272432776,-1.1509755454881463,-1.1723383439206552,-1.2015222585803795,-1.2110179430608046,0.257115193229876,1.1458464676983382,-1.1236705873523551,-0.9788961381082693,MSFT,Microsoft Corporation,,,
2022-09-29,-1.1703137443135896,-1.203216424757506,-1.2070673986778382,-1.2062243480244663,-1.1806117560002,0.1066913447273077,-0.9532139841962354,-1.1343058587573305,-0.9948758927525114,MSFT,Microsoft Corporation,,,
2022-09-30,-1.2347021267492115,-1.2705295537423786,-1.1984581662879754,-1.2309110463165545,-1.1893828530005086,0.9058308144880244,-1.2304410498418732,-1.1584587943147029,-1.015343669101486,MSFT,Microsoft Corporation,,,
2022-10-03,-1.1249610077454553,-1.155804551215345,-1.182844608844569,-1.2025507495574446,-1.2314835386505076,0.2425837920125137,1.9941583906792983,-1.1490029130689805,-1.023825589095067,MSFT,Microsoft Corporation,,,
2022-10-04,-1.0110214125542307,-1.0366897464690148,-1.0551645224212791,-1.0509047214324825,-1.089978053582816,0.8273437284754257,2.00325824217914,-1.1132856237451048,-1.021023908029857,MSFT,Microsoft Corporation,,,
2022-10-05,-1.0065420893934305,-1.0320072163397738,-1.0519542624358391,-1.063835635567713,-1.0768214080823533,-0.5879641383834527,0.0254528748884609,-1.0853723032682587,-1.0180636451830023,MSFT,Microsoft Corporation,,,
2022-10-06,-1.040276560991487,-1.0672734494079434,-1.0554564249626104,-1.0347407984901231,-1.048462003638983,-0.59839793751608,-0.6407891430531556,-1.072912523066027,-1.0184849728327725,MSFT,Microsoft Corporation,,,
2022-10-07,-1.215945357767168,-1.2509208029236376,-1.1870761937400678,-1.2244454771396105,-1.1512289602482124,1.1077715462079394,-3.1448881033744267,-1.107701474509848,-1.0350758955280184,MSFT,Microsoft Corporation,,,
2022-10-10,-1.2857930726384248,-1.3239408980795695,-1.2857183230083296,-1.3190774095250797,-1.265982844829051,0.3265992342819521,-1.3480763761832226,-1.1513412341822398,-1.0566029787857805,MSFT,Microsoft Corporation,,,
2022-10-11,-1.3395436371761111,-1.3801325993462978,-1.3659743773315405,-1.357576649709498,-1.3453605812012293,0.3976892238945537,-1.0712476151701475,-1.197574965776511,-1.0811322940195278,MSFT,Microsoft Corporation,,,
2022-10-12,-1.3347843426365948,-1.375157341307112,-1.3834847446525955,-1.3597807191022488,-1.377813327820803,-0.4364404584424638,0.0389890232395415,-1.2310545729583684,-1.1029925601784052,MSFT,Microsoft Corporation,,,
2022-10-13,-1.215945357767168,-1.2509208029236376,-1.2632465031102458,-1.4307546683913503,-1.4589449713114762,1.5732241041561643,2.234055555875261,-1.2263080119291048,-1.11190097493314,MSFT,Microsoft Corporation,,,
2022-10-14,-1.2954519757547984,-1.3340378897558989,-1.2466116207567808,-1.2954194264287116,-1.2295833053117746,0.3708844824661439,-1.5272034400356294,-1.2427227717811518,-1.1273351286435642,MSFT,Microsoft Corporation,,,
2022-10-17,-1.1698934588975345,-1.2027774445355763,-1.2215133459559198,-1.1954975032819857,-1.2254899631355716,0.1707443597383334,2.3336539491064943,-1.223489407542244,-1.1297816524090265,MSFT,Microsoft Corporation,,,
2022-10-18,-1.156315832073754,-1.1885831552639226,-1.1489912617113798,-1.1921178554735492,-1.1170218603936193,-0.0056861224231713,0.195582288847217,-1.2056532373881157,-1.13075303940384,MSFT,Microsoft Corporation,,,
2022-10-19,-1.1845907523375232,-1.218142422161034,-1.2120286285984638,-1.2079878277573226,-1.2076557858692658,-0.6231392783697537,-0.567731211492195,-1.1993797008474862,-1.134244874396252,MSFT,Microsoft Corporation,,,
2022-10-20,-1.1892101706370095,-1.2229714278882324,-1.1872222563389343,-1.1994650524075932,-1.2262209250619749,-0.4454824354893021,-0.1375878684979806,-1.1958350984381818,-1.137845475635451,MSFT,Microsoft Corporation,,,
2022-10-21,-1.1056453904992516,-1.1356107911486617,-1.1625617240218684,-1.2049019063888151,-1.241277803901169,-0.0085962958752753,1.4844670073711854,-1.172182422038155,-1.133408732566056,MSFT,Microsoft Corporation,,,
2022-10-24,-1.033837000382366,-1.060542047195067,-1.0919364496549788,-1.104979983242089,-1.1094204809221648,-0.1437393004989027,1.235634482436755,-1.1364022824610678,-1.122750003865463,MSFT,Microsoft Corporation,,,
2022-10-25,-0.9861059299363988,-1.0106425446333147,-1.0452420625800276,-1.038414396957145,-1.0582562688896444,0.8163551471127987,0.7858775953252178,-1.0975755610785214,-1.1086563932746574,MSFT,Microsoft Corporation,,,
2022-10-26,-1.2568181144785382,-1.2936499230505851,-1.231144125912241,-1.2701450510381098,-1.2934654072423062,5.465595695877686,-4.744290536482041,-1.1364673354617385,-1.1208209962040705,MSFT,Microsoft Corporation,,,
2022-10-27,-1.320786868194068,-1.3605240718135283,-1.2984133003512246,-1.333037038856031,-1.2953658636393008,1.366183269128883,-1.254024519702216,-1.1817072236997588,-1.1377817362079046,MSFT,Microsoft Corporation,,,
2022-10-28,-1.1931297699390326,-1.2270687254835584,-1.255950498171772,-1.3290694897304236,-1.3655337474087184,1.3878976402715058,2.392906788277656,-1.1835654729960656,-1.1414224422797958,MSFT,Microsoft Corporation,,,
2022-10-31,-1.2454802586844864,-1.2817970104865382,-1.2804651905463715,-1.2541282155343707,-1.2556039438722233,0.1916703561330614,-1.0168763581328453,-1.1981113266641945,-1.149562238090606,MSFT,Microsoft Corporation,,,
2022-11-01,-1.3009104325958152,-1.3397448559269567,-1.268499635572202,-1.310260683516764,-1.24332436346014,0.4092033884224436,-1.090043029723716,-1.2229466019401531,-1.1620762594087704,MSFT,Microsoft Corporation,,,
2022-11-02,-1.413870894106823,-1.45783522463147,-1.333288195050873,-1.4173829403775695,-1.3184626544941391,1.1698098257521237,-2.203344485917734,-1.2699524461629614,-1.1838748211047212,MSFT,Microsoft Corporation,,,
2022-11-03,-1.4957560648709405,-1.543439940483322,-1.4921951737045749,-1.5064309313431954,-1.4554367109579618,0.9972336201358806,-1.6688737235955973,-1.325779080738234,-1.2112467448971516,MSFT,Microsoft Corporation,,,
2022-11-04,-1.395813725223588,-1.4389584052305748,-1.474976708924848,-1.5145128928143743,-1.4925672124016416,1.0123392696264004,1.9736595323099355,-1.3425402498080856,-1.226909236681798,MSFT,Microsoft Corporation,,,
2022-11-07,-1.3051097843778994,-1.3441348814322265,-1.3754590946889955,-1.399161811262425,-1.4276617191624932,0.6920157964417983,1.7270338820936453,-1.3323233097521046,-1.2327791614677426,MSFT,Microsoft Corporation,,,
2022-11-08,-1.2911123099353732,-1.3295016119386427,-1.3281811251877813,-1.3321554110989304,-1.3295727404356317,0.1756303365709629,0.214112792476639,-1.3211439781875884,-1.2368239944076085,MSFT,Microsoft Corporation,,,
2022-11-09,-1.352141911421021,-1.3933026758621048,-1.3722488347035544,-1.354343865121027,-1.3490151677749809,0.1425769952888715,-1.2110978585496832,-1.3280921251371762,-1.246131947527676,MSFT,Microsoft Corporation,,,
2022-11-10,-1.0936072779104276,-1.1230261704527411,-1.1577463340437075,-1.1975547094547716,-1.2311913323265558,1.9349226520728544,4.949659326040871,-1.2683508217601085,-1.2307402958901417,MSFT,Microsoft Corporation,,,
2022-11-11,-1.0357968000333768,-1.0625906959927294,-1.0897475145795965,-1.0957226675738805,-1.120676446967371,0.8012397646006998,0.9808167896541194,-1.209020948461873,-1.2114140621133256,MSFT,Microsoft Corporation,,,
2022-11-14,-1.1136235897487117,-1.1439516386512985,-1.149282941596311,-1.1356912126139145,-1.1352947932623765,0.4608857330066324,-1.4208793730448803,-1.1840761959327564,-1.201025365926058,MSFT,Microsoft Corporation,,,
2022-11-15,-1.1077441907956769,-1.1378056922583102,-1.104193684514079,-1.123641926235784,-1.081645489126698,0.4868534345792531,0.0530044516173956,-1.163890532907901,-1.1910386400779147,MSFT,Microsoft Corporation,,,
2022-11-16,-1.1015681841662068,-1.1413177573197206,-1.1508880715890304,-1.117911121595976,-1.1236002946729824,-0.2233456839930797,0.0581458546406642,-1.147199669395508,-1.181389975614159,MSFT,Microsoft Corporation,,,
2022-11-17,-1.1022701921502114,-1.1420494654515938,-1.1589137215526315,-1.1589083818317314,-1.196838129309987,-0.3177365272656716,-0.0653110292002635,-1.134857889284206,-1.1726832324967325,MSFT,Microsoft Corporation,,,
2022-11-18,-1.108727045753014,-1.1487806443784976,-1.1517635565566229,-1.1383363201038714,-1.1130750674959162,0.1192761416288814,-0.1684626859681078,-1.1272237284525886,-1.1653637463163815,MSFT,Microsoft Corporation,,,
2022-11-21,-1.0970763837821162,-1.1366350039045068,-1.1381930942461345,-1.1065963755363248,-1.1434812545565207,0.0006500746247207,0.1564921216555913,-1.1185710778807127,-1.1576347318454352,MSFT,Microsoft Corporation,,,
2022-11-22,-1.0552463832559498,-1.0930279233337,-1.1288542168311448,-1.113649621811783,-1.111905573025325,-0.6542849474223722,0.6958780700272249,-1.1015725163405798,-1.1467489538630802,MSFT,Microsoft Corporation,,,
2022-11-23,-1.0194520753219134,-1.055713041467868,-1.0855159296840984,-1.061337615516377,-1.0896856242006023,-0.669585257344471,0.5800698360304073,-1.0798308863112251,-1.1335502677262714,MSFT,Microsoft Corporation,,,
2022-11-25,-1.0207151205566207,-1.0570299821336566,-1.0793873122545483,-1.0251895321633293,-1.057525306963243,-1.672835922637207,-0.0748300922914811,-1.063841982344765,-1.1216679956931657,MSFT,Microsoft Corporation,,,
2022-11-28,-1.101147460952843,-1.1408787770977895,-1.1093009770335704,-1.1123271801761327,-1.075505810449786,-0.1566842191988972,-1.4605450259754749,-1.072057556947372,-1.1182869358595418,MSFT,Microsoft Corporation,,,
2022-11-29,-1.1212198108466005,-1.1618042452963482,-1.1656261440648437,-1.150385606482002,-1.1439197871007096,-0.8206612182928285,-0.4123859228183832,-1.0832620731833436,-1.1170651994431653,MSFT,Microsoft Corporation,,,
2022-11-30,-0.9133324156531664,-0.9450855598221324,-0.9826422155203388,-1.1261399462871196,-1.1560528182342935,2.0640019842528003,3.6943443012426,-1.039437300870641,-1.0967740171737042,MSFT,Microsoft Corporation,,,
2022-12-01,-0.9196489552186295,-0.9516704864370504,-0.9711146256863668,-0.9636199859810572,-0.9616289909573262,-0.0337269575921068,-0.1599749260170803,-1.0081556443811952,-1.0789102767456158,MSFT,Microsoft Corporation,,,
2022-12-02,-0.9150164029998918,-0.9468414807098516,-0.9719901106539603,-0.9816940276575812,-1.0208331150054897,-0.4729782214498169,0.0260608027626242,-0.9835305523449206,-1.0622430951412252,MSFT,Microsoft Corporation,,,
2022-12-05,-0.9826749124305396,-1.0173739468461902,-1.0046760702782254,-1.0056459614125346,-0.9888191239883668,-0.2873889659825265,-1.2019965510434298,-0.982059778909127,-1.053333553379336,MSFT,Microsoft Corporation,,,
2022-12-06,-1.0539826813252795,-1.091710982667911,-1.033276507605858,-1.068537949230456,-1.006214768710484,-0.3819550036435393,-1.2873182279215174,-0.9988715585726836,-1.0518131065769036,MSFT,Microsoft Corporation,,,
2022-12-07,-1.064510830997463,-1.1026859347880986,-1.1164509193731793,-1.091608031009652,-1.0937787433185435,-0.574882957381353,-0.2387877390025256,-1.014125411214285,-1.0514022509145808,MSFT,Microsoft Corporation,,,
2022-12-08,-1.0219788224872912,-1.058347146085418,-1.0788035071718858,-1.079117930752972,-1.0936326401565677,-0.3675403986851244,0.7012151639671509,-1.0148803595612663,-1.0471045745449872,MSFT,Microsoft Corporation,,,
2022-12-09,-1.0497717279145222,-1.0873209571626417,-1.0850781872003028,-1.0629540078106132,-1.0956791997155382,-0.5624052237171476,-0.5393695426430022,-1.0224290638965845,-1.045761879339305,MSFT,Microsoft Corporation,,,
2022-12-12,-0.9502496736832248,-0.9835711300417672,-1.0233540477646066,-1.0187239629863851,-1.0554787474042722,0.4162890281319144,1.7039045117014573,-1.003087374823154,-1.0353589492285131,MSFT,Microsoft Corporation,,,
2022-12-13,-0.8883464476686835,-0.9190381347004588,-0.8572966814584962,-0.9320269046334752,-0.8473134158624145,1.538681610572495,1.0092261843754675,-0.9730289791446352,-1.020190303719015,MSFT,Microsoft Corporation,,,
2022-12-14,-0.8841357131565802,-0.914648332481162,-0.8767043039700051,-0.9138059997369876,-0.9139730392783192,0.8781987662254043,0.0182647884188279,-0.9494273072150936,-1.0060121269731903,MSFT,Microsoft Corporation,,,
2022-12-15,-0.9993792876308468,-1.0347875732693097,-0.9991312579313376,-1.0162259429350489,-0.963821653678272,0.8927496334859245,-1.9935466325511924,-0.9606790341939928,-1.0037557030919988,MSFT,Microsoft Corporation,,,
2022-12-16,-1.060018811714718,-1.0980031813728852,-1.062752429901084,-1.0725054983560625,-1.0393984772564606,5.811974467829119,-1.107630956650503,-0.9843524747624064,-1.007299250837244,MSFT,Microsoft Corporation,,,
2022-12-19,-1.119535823499877,-1.1600483244086293,-1.1303132842249983,-1.1430384095479582,-1.0933402107743535,0.3220052480966908,-1.1063828788972172,-1.0170601884687291,-1.01601193263942,MSFT,Microsoft Corporation,,,
2022-12-20,-1.1005855481075235,-1.1402933212779025,-1.1638749514732585,-1.1472999093321512,-1.1731564796907212,-0.1204189807957546,0.2886686901301357,-1.0368300405295805,-1.0221841251468555,MSFT,Microsoft Corporation,,,
2022-12-21,-1.0636685089761189,-1.1018079743442393,-1.1243307293943146,-1.1224663478200978,-1.1396803417625312,-0.2625405618914843,0.6086365177008828,-1.0423826536521872,-1.0243890972917522,MSFT,Microsoft Corporation,,,
2022-12-22,-1.151259492060494,-1.1931194330811778,-1.1772995738412808,-1.2141594462756806,-1.1459663466596794,0.2203243716614704,-1.605036370973303,-1.0685528528518935,-1.034475107744974,MSFT,Microsoft Corporation,,,
2022-12-23,-1.143679688361669,-1.185217565800471,-1.2228267960637096,-1.2131307310799593,-1.2212507408556548,-0.5042698858261195,0.0851190534989288,-1.086276205956488,-1.042944865506941,MSFT,Microsoft Corporation,,,
2022-12-27,-1.168524247815541,-1.2111182920382133,-1.2219513110961169,-1.1853583356380202,-1.1833892774855732,-0.9440467328490924,-0.5035441513058436,-1.1058104922612677,-1.0529369025492077,MSFT,Microsoft Corporation,,,
2022-12-28,-1.2026350062001607,-1.2466772530163268,-1.2104234986057438,-1.209751083271523,-1.2098484485902117,-0.8692484620149133,-0.6763057311751475,-1.129030952777316,-1.0651677659862786,MSFT,Microsoft Corporation,,,
2022-12-29,-1.1116747350304097,-1.1518537292179774,-1.1783211214077398,-1.188003443127977,-1.227975278296993,-0.6440652747644817,1.6273324831952394,-1.123594082687518,-1.067894378589167,MSFT,Microsoft Corporation,,,
2022-12-30,-1.1283791102307168,-1.1692671323551256,-1.2069213360789723,-1.1731619618212696,-1.190552124412838,-0.4330728329761494,-0.3529701603629536,-1.1237131192524048,-1.0719143290026674,MSFT,Microsoft Corporation,,,
2023-01-03,-1.1317479605187837,-1.1727791974165358,-1.122433696860263,-1.1622882538588235,-1.1193608493348035,-0.0630720176526208,,-1.127455693466996,-1.1155328910181543,MSFT,Microsoft Corporation,,,
2023-01-04,-1.2788548608950452,-1.3261357991892189,-1.310378855325394,-1.330391931366074,-1.2772390339325193,2.35883467392215,-2.7125664498056605,-1.1644137911320094,-1.1291055551184193,MSFT,Microsoft Corporation,,,
2023-01-05,-1.3741668373102025,-1.4254958240907956,-1.3880082320894256,-1.3921085649869658,-1.3515002598781405,1.2845232180815491,-1.8548961074440589,-1.2160778715186866,-1.150238200349189,MSFT,Microsoft Corporation,,,
2023-01-06,-1.337389674418829,-1.3871567294691172,-1.4141280544567452,-1.4275218838028791,-1.4128972697055122,1.6765693272813842,0.6638933908343515,-1.2455862974033407,-1.1660564895955494,MSFT,Microsoft Corporation,,,
2023-01-09,-1.3066486419168937,-1.355109833552414,-1.3341636800184653,-1.3237794989691667,-1.362464019599395,0.0955567680409966,0.5392985688353441,-1.2599944571375514,-1.1776004633776385,MSFT,Microsoft Corporation,,,
2023-01-10,-1.2823646819164156,-1.3297941165626146,-1.3331423551084085,-1.310260683516764,-1.343314021642258,0.0628635485573261,0.4104347824682419,-1.2646996465053373,-1.185854450860519,MSFT,Microsoft Corporation,,,
2023-01-11,-1.1852286230158489,-1.2285319184613337,-1.265435438185628,-1.2547158926328854,-1.2917112770655494,0.2220373834593645,1.7859308275434074,-1.243824761805141,-1.1843959190996995,MSFT,Microsoft Corporation,,,
2023-01-12,-1.1467670349804413,-1.188436902951936,-1.2077970437029653,-1.2187146724998037,-1.2336764244297145,0.0857945473973165,0.6539297506783677,-1.218505780809647,-1.179521362995502,MSFT,Microsoft Corporation,,,
2023-01-13,-1.1366604841162382,-1.1779009310536794,-1.2155307911252358,-1.198730287870457,-1.2082404215754303,-0.4919770795719141,0.1308250696020905,-1.1969774466730796,-1.1741574780242838,MSFT,Microsoft Corporation,,,
2023-01-17,-1.1209396205692304,-1.1615115173864046,-1.193058971227153,-1.166843480082946,-1.194060607824614,0.3351350942066853,0.2319333572337271,-1.1768815974531686,-1.1678307499486105,MSFT,Microsoft Corporation,,,
2023-01-18,-1.184667585765146,-1.2279466859274186,-1.1716086988955277,-1.1899135618621428,-1.141434471939288,0.3543480788035194,-1.2013029754621012,-1.1778202739834525,-1.1679589729381403,MSFT,Microsoft Corporation,,,
2023-01-19,-1.2391308843208926,-1.2847238430140329,-1.2717098955576434,-1.2610345985898648,-1.2553115144900104,0.2175309944683137,-1.0532239170415116,-1.1922072554771006,-1.1731005384948696,MSFT,Microsoft Corporation,,,
2023-01-20,-1.1227643597506043,-1.1634139138720812,-1.195539586187465,-1.20475504316885,-1.2395236737244122,0.8761450986722472,2.120687931000178,-1.1737623886279545,-1.167038253480508,MSFT,Microsoft Corporation,,,
2023-01-23,-1.0896368941206307,-1.128879388935785,-1.1308970893076606,-1.1292258676556268,-1.148305112542602,0.5397913389471256,0.5446499900999323,-1.1516060282238296,-1.1584706143632035,MSFT,Microsoft Corporation,,,
2023-01-24,-1.09721691671811,-1.1367814795024649,-1.1486993591700485,-1.1176171709373903,-1.1278395169528983,1.347671062085733,-0.1880901419312181,-1.1368931092104733,-1.1513812143757984,MSFT,Microsoft Corporation,,,
2023-01-25,-1.1172894855105224,-1.157706947701022,-1.1581840765275042,-1.257801814001393,-1.2450787166951591,3.906696561664657,-0.4119737594928004,-1.1309013102290233,-1.1467882798342566,MSFT,Microsoft Corporation,,,
2023-01-26,-1.0135562589698135,-1.0495670950748794,-1.0850781872003028,-1.0946939523781591,-1.1110285079369464,0.6877819320549581,1.814837215552332,-1.1003462585082628,-1.1330420472880365,MSFT,Microsoft Corporation,,,
2023-01-27,-1.0113103587777688,-1.0472257183672735,-1.0628982698435496,-1.0237200030890576,-1.0329663691973356,0.0107918831099796,-0.013501596450212,-1.0768657256310372,-1.1203382566168985,MSFT,Microsoft Corporation,,,
2023-01-30,-1.0878121549392576,-1.1269769924501083,-1.1246224092792454,-1.0917551184482728,-1.0984567212009104,-0.0506721481610471,-1.3881332083486604,-1.0784750964043726,-1.1158477141103766,MSFT,Microsoft Corporation,,,
2023-01-31,-1.0162233201725308,-1.0523474520044167,-1.090331319662259,-1.0807343230472073,-1.1139521325842956,0.0148992182162937,1.224972054771149,-1.061696651741315,-1.105160333875021,MSFT,Microsoft Corporation,,,
2023-02-01,-0.9468810422938118,-0.980059064980358,-0.9848311505957216,-1.043704387718403,-1.0474386123303665,0.4741810404834689,1.1594055837014643,-1.0316917545712692,-1.0890467410137572,MSFT,Microsoft Corporation,,,
2023-02-02,-0.7805423628559026,-0.8066547321670046,-0.8460609941658552,-0.8706044458898244,-0.8892679983504372,1.31905597864364,2.7981192561528503,-0.967398327818074,-1.059050956176571,MSFT,Microsoft Corporation,,,
2023-02-03,-0.8682732221803087,-0.8981126665019014,-0.8532109365054631,-0.872808515282575,-0.8787427711733721,0.261748111501453,-1.4889966828816965,-0.9412191386286056,-1.0398764567263292,MSFT,Microsoft Corporation,,,
2023-02-06,-0.8904526905193524,-0.9212334823820524,-0.939304151029694,-0.9068996166814932,-0.9094413876161892,-0.3766699729261731,-0.4246212728596828,-0.9271569595622516,-1.0244914590078087,MSFT,Microsoft Corporation,,,
2023-02-07,-0.7389932093030686,-0.7633403795061429,-0.7865257898055426,-0.8290195085555545,-0.8642707510986043,2.380052660964246,2.502466910776191,-0.8785587159581907,-0.9965308470324454,MSFT,Microsoft Corporation,,,
2023-02-08,-0.7506429956793492,-0.7754857966941606,-0.6699353280760278,-0.738942802394208,-0.6790561072496093,2.7542484085882992,-0.2413428300915041,-0.845036843225104,-0.9721869642123752,MSFT,Microsoft Corporation,,,
2023-02-09,-0.7942988298801601,-0.8209954970366166,-0.7105010977214296,-0.7890507392968639,-0.6702854563658259,1.556025855026172,-0.7617250312223096,-0.830863221831037,-0.9540840214710826,MSFT,Microsoft Corporation,,,
2023-02-10,-0.8015977866056524,-0.8286046364073798,-0.854816289154584,-0.8204965089871685,-0.8496524048035985,-0.0554315957131503,-0.1726683632095822,-0.8220667440725663,-0.938300231395366,MSFT,Microsoft Corporation,,,
2023-02-13,-0.6862136791953922,-0.7083191433072458,-0.7014541228477704,-0.7251300362832207,-0.7603340769605198,1.7755833558039742,1.8470232014529493,-0.7864810983263286,-0.9133055374964494,MSFT,Microsoft Corporation,,,
2023-02-14,-0.6742828269471247,-0.6958807749233108,-0.6960551504433481,-0.6938309055942242,-0.6868038129413014,1.0375283294727056,0.1377545513867944,-0.7567944410440318,-0.8894823009097584,MSFT,Microsoft Corporation,,,
2023-02-15,-0.7048191892073876,-0.7375856822944128,-0.7579251298215086,-0.7393836162727581,-0.7503937085478818,0.2466716610756699,-0.5387455805176369,-0.7422011878570077,-0.8706422185873238,MSFT,Microsoft Corporation,,,
2023-02-16,-0.8057161458856852,-0.8425064210550621,-0.8161475520432336,-0.8022756040906801,-0.813252865286322,0.3129730040714314,-1.6715389011249289,-0.7566048860624467,-0.8628240230614589,MSFT,Microsoft Corporation,,,
2023-02-17,-0.8632716068305969,-0.902356439695186,-0.9131843286623736,-0.8889724382249339,-0.8809354338943179,0.3515644346319416,-1.001416980928044,-0.7818674868307957,-0.8610268669104703,MSFT,Microsoft Corporation,,,
2023-02-21,-0.9391204283066212,-0.9812297533341612,-0.9803074405024907,-0.9537747689956768,-0.9527117907950424,0.1955732977862177,-1.3227610825381202,-0.8198701590946005,-0.8663912006694899,MSFT,Microsoft Corporation,,,
2023-02-22,-0.9554439198486284,-0.9982043995353508,-0.9970883854548208,-0.9721427613307864,-0.9584129369277636,-0.3792881557309089,-0.3318858425809585,-0.852473161907069,-0.8727739375749084,MSFT,Microsoft Corporation,,,
2023-02-23,-0.9095688910915845,-0.9504997980832474,-0.9606083607624526,-0.9700855551580012,-0.9369239500294452,0.2755495361003946,0.7354155623639407,-0.8654000961091606,-0.8743438141867358,MSFT,Microsoft Corporation,,,
2023-02-24,-0.9876693041246626,-1.0317144884298295,-1.0458256450062893,-1.0050580600953631,-1.0187865554465194,-0.1359820823004849,-1.3773497596041984,-0.894716692393235,-0.8829768275579947,MSFT,Microsoft Corporation,,,
2023-02-27,-0.9744412584516328,-1.0179591793801066,-1.0192680801551728,-0.9861023906617384,-0.9822406897090048,-0.5059244994945399,0.1766190251506973,-0.9133808189282632,-0.8896045497513867,MSFT,Microsoft Corporation,,,
2023-02-28,-0.9848547052290182,-1.0287878791883076,-1.0386754800102804,-0.9958007444271544,-1.031796874726744,-0.3792978887524878,-0.2326024928358932,-0.9299951145790814,-0.8965905375064417,MSFT,Microsoft Corporation,,,
2023-03-01,-1.0291819016022463,-1.074882588778707,-1.046847192572748,-1.039002298274316,-1.007092056857124,0.1145848252278307,-0.8206666250398916,-0.9535922877588866,-0.9070312378157198,MSFT,Microsoft Corporation,,,
2023-03-02,-0.9610726798426098,-1.0040576180183955,-1.0399889301180705,-1.0416471815456163,-1.0686351698464724,-0.1537643127252143,1.1423030641450402,-0.9541788882731448,-0.9102387575355884,MSFT,Microsoft Corporation,,,
2023-03-03,-0.9022515468791396,-0.9428906587124838,-0.9784106306248406,-0.9567136029255636,-0.98618770566497,0.4255353986319105,0.9594431725067356,-0.9398410330544082,-0.9077276143233064,MSFT,Microsoft Corporation,,,
2023-03-06,-0.8800173538765476,-0.9197700661183053,-0.9127465861785772,-0.8892663888835198,-0.9242060601314332,-0.2217397354325541,0.3236030694646143,-0.923501680177021,-0.9033933423257636,MSFT,Microsoft Corporation,,,
2023-03-07,-0.9182935347518516,-0.9595725770037296,-0.9482050633044872,-0.9273248151893884,-0.926106516528428,-0.4783605823829724,-0.6966052305596451,-0.9208634026051732,-0.902984606797634,MSFT,Microsoft Corporation,,,
2023-03-08,-0.9246258350204168,-0.966157503618648,-0.994170028010712,-0.9652363782752938,-0.9591438988541668,-0.8806263642406981,-0.160391652398921,-0.9204755767789926,-0.9031972720973392,MSFT,Microsoft Corporation,,,
2023-03-09,-0.9440456480260192,-0.986351263685332,-0.9209180760846444,-0.953921632215642,-0.9331230372354548,0.025829401449447,-0.3834889900226994,-0.925063603938764,-0.905182352896851,MSFT,Microsoft Corporation,,,
2023-03-10,-0.996534699619577,-1.0409335196622982,-1.0197060452953697,-1.0124052570294069,-1.0024140789747569,0.1893928290835887,-0.9516134467613826,-0.9416916025548656,-0.9118298191797451,MSFT,Microsoft Corporation,,,
2023-03-13,-0.9215303891514394,-0.962938166467182,-0.9449948033190466,-1.0398839260314168,-1.0562097093306746,0.6766084232823312,1.2510014176659612,-0.9353190488046758,-0.910952776191611,MSFT,Microsoft Corporation,,,
2023-03-14,-0.8248544552219914,-0.8624074532118021,-0.8988839986703566,-0.8910296443977195,-0.9195280822490652,0.703919281832846,1.592426124493963,-0.9062514553108446,-0.9012357605875364,MSFT,Microsoft Corporation,,,
2023-03-15,-0.7594190805233523,-0.7943628393810279,-0.819941171798535,-0.8418035594708205,-0.8723106631142474,1.9115634002833903,1.0314643583296834,-0.8680112392524768,-0.8863647837213422,MSFT,Microsoft Corporation,,,
2023-03-16,-0.6080020656459828,-0.6369087167270472,-0.6728539081765387,-0.7819972688027492,-0.7958569975059431,2.7623073504556643,2.4121399772775844,-0.8012901368471739,-0.8588753815421952,MSFT,Microsoft Corporation,,,
2023-03-17,-0.5625503868861527,-0.5896435420688173,-0.5740661616222125,-0.5903822472004405,-0.6050873106862018,4.198765073205587,0.6583385367619136,-0.7398303515963255,-0.8296914643849058,MSFT,Microsoft Corporation,,,
2023-03-20,-0.6638693801697406,-0.6950028144794514,-0.6594290631521136,-0.6854549934644593,-0.6237987760991482,1.6622617855603377,-1.6194955923125094,-0.7191901802469831,-0.8125087214109299,MSFT,Microsoft Corporation,,,
2023-03-21,-0.6420574426710907,-0.672321425393175,-0.6956174079595517,-0.6903043945658233,-0.6544973925419656,0.7952539563296497,0.2934826785318294,-0.6982301747592776,-0.79487559041006,MSFT,Microsoft Corporation,,,
2023-03-22,-0.6630248691618539,-0.694124854035592,-0.607481543615205,-0.651217253064233,-0.6761327056605233,0.8258740422170052,-0.3836557125774493,-0.6877778786439226,-0.7807800089646446,MSFT,Microsoft Corporation,,,
2023-03-23,-0.5874575513551252,-0.6155442683065598,-0.6071898637302754,-0.6068398965827284,-0.6097652885685697,0.9949950251727236,1.1464595607840085,-0.6609536578616226,-0.7609937045773996,MSFT,Microsoft Corporation,,,
2023-03-24,-0.5465077423174781,-0.5729614004915985,-0.6134643211022897,-0.6056645423856991,-0.6199983094216839,0.1736350671472795,0.5845404690881072,-0.6305475517506528,-0.7392279638897401,MSFT,Microsoft Corporation,,,
2023-03-27,-0.6054702838115585,-0.6342748353954689,-0.6013531488420559,-0.6021380313572983,-0.5723423577426768,0.044010685758913,-0.9608041168761968,-0.6225563042513853,-0.7248810440412842,MSFT,Microsoft Corporation,,,
2023-03-28,-0.6216521479243012,-0.651103005998701,-0.678982302949687,-0.6531275960170544,-0.6411946438795273,-0.4389029129019364,-0.3057235592604608,-0.6206282857674705,-0.7133313923789246,MSFT,Microsoft Corporation,,,
2023-03-29,-0.5473513777307474,-0.573839360935458,-0.60602225356495,-0.5596710178286152,-0.5948547359496128,-0.1266286485631204,1.113765288826729,-0.6005154716771126,-0.6959764263017318,MSFT,Microsoft Corporation,,,
2023-03-30,-0.4975366109954939,-0.5220379084599728,-0.5575771192112137,-0.5145591210286313,-0.517815765460356,-0.1298989438136454,0.7146227087900561,-0.5729157512847702,-0.6756030771308396,MSFT,Microsoft Corporation,,,
2023-03-31,-0.437729996290836,-0.4598465131122429,-0.4873895873281208,-0.492223803786571,-0.5251249386078589,0.6207700784839336,0.8570572676595228,-0.5371905699203806,-0.6515638559407323,MSFT,Microsoft Corporation,,,
2023-04-03,-0.4527867213210143,-0.4755037720756991,-0.5019815972050682,-0.4782639502369627,-0.4843400736486907,-0.1464548135194278,-0.27839985910234,-0.5141794290487927,-0.6310992114613974,MSFT,Microsoft Corporation,,,
2023-04-04,-0.4534906993929068,-0.4762357034935452,-0.4701706772355938,-0.4529895748463596,-0.4739607265753385,-0.0548670804615716,-0.0633214069510137,-0.4970979358690477,-0.6125599410069938,MSFT,Microsoft Corporation,,,
2023-04-05,-0.4934554644866744,-0.5177941352666889,-0.518324577017201,-0.4933991579836003,-0.4941341158410905,-0.4207800267219441,-0.6540554922896921,-0.4943272810318803,-0.5993933659725679,MSFT,Microsoft Corporation,,,
2023-04-06,-0.3912915223978929,-0.4115564558402504,-0.4463860751989227,-0.5064773837761084,-0.532726764195838,0.3291979510435299,1.4998188438031506,-0.466582343350836,-0.5779977031829204,MSFT,Microsoft Corporation,,,
2023-04-10,-0.4223917675913624,-0.4438958563809254,-0.4825739746935594,-0.4670965158345889,-0.445016686425803,-0.319731796689355,-0.5135836258301376,-0.4535870458264676,-0.5614165321988114,MSFT,Microsoft Corporation,,,
2023-04-11,-0.5147052702413497,-0.5398905151050224,-0.5353969791980607,-0.5122079641972598,-0.4955960396938961,0.0864855919294215,-1.4311066991255577,-0.4670327644703289,-0.5548599490384662,MSFT,Microsoft Corporation,,,
2023-04-12,-0.5054169625465293,-0.5302325036506239,-0.520367226837317,-0.5075060989718296,-0.5096295272244747,0.0988270632915215,0.0891738550619547,-0.4747835246925084,-0.5480424429107476,MSFT,Microsoft Corporation,,,
2023-04-13,-0.4160590295254887,-0.4373111530519798,-0.4781965498555957,-0.4897255595165784,-0.5271717212250918,-0.2107511540699271,1.3092820255434154,-0.4581469394909155,-0.5336001939604647,MSFT,Microsoft Corporation,,,
2023-04-14,-0.4681253878177963,-0.4914539822350717,-0.4989169545056922,-0.4820846361426055,-0.4773231068251389,-0.5255949361055842,-0.8289508332921028,-0.4587502843592575,-0.5252747247524231,MSFT,Microsoft Corporation,,,
2023-04-17,-0.430694593544995,-0.4525298783654512,-0.4533899549396645,-0.4457894653509369,-0.4344914592487378,-0.2483692824725429,0.5125134992007141,-0.4497989448777961,-0.5142526033486309,MSFT,Microsoft Corporation,,,
2023-04-18,-0.4367449523469566,-0.4588220770704253,-0.4510551799218168,-0.4332991408755999,-0.4105171571889962,-0.6059994273692346,-0.1432562209001901,-0.4446054896385465,-0.5047907229999562,MSFT,Microsoft Corporation,,,
2023-04-19,-0.4356193754670845,-0.4576511654306494,-0.4905998473135613,-0.4695943116672686,-0.4920877793403828,-0.8991093722191112,-0.0358649828969785,-0.4404276162311779,-0.4960851634200495,MSFT,Microsoft Corporation,,,
2023-04-20,-0.4685483000177018,-0.4918934090289464,-0.4908915271984917,-0.4616596618533666,-0.5029052128413991,-0.3059693041767292,-0.5460102481052521,-0.4455670413857423,-0.4912091710850782,MSFT,Microsoft Corporation,,,
2023-04-21,-0.4734726441424822,-0.4970146960941446,-0.531165616958963,-0.4913421760294716,-0.5064134731949125,-0.4585830825345597,-0.1271015354826107,-0.4506587676564799,-0.4872307902340365,MSFT,Microsoft Corporation,,,
2023-04-24,-0.5296210245382261,-0.5554017450424653,-0.5504267315588045,-0.555115791604493,-0.5490992406676005,0.021702600299975,-0.9017581448125048,-0.4685838845041131,-0.4887945518832709,MSFT,Microsoft Corporation,,,
2023-04-25,-0.6189785197619584,-0.6483226490691645,-0.5993100537091386,-0.6043421007500488,-0.5868143778174445,1.8866663310844536,-1.423051276835825,-0.504477267518965,-0.4984606290965667,MSFT,Microsoft Corporation,,,
2023-04-26,-0.3382401201617058,-0.3563891906153409,-0.3370916184078817,-0.3492471900126468,-0.3355249693169722,3.719102303752104,4.351723763795706,-0.4608665739700098,-0.4813459375919351,MSFT,Microsoft Corporation,,,
2023-04-27,-0.205117341410065,-0.2179585862461857,-0.2549385315506196,-0.3122174789024989,-0.3461965227142755,1.953863112065478,1.8947440183220967,-0.394713727998239,-0.4535046933692416,MSFT,Microsoft Corporation,,,
2023-04-28,-0.1709214314489637,-0.1823994019820997,-0.2005106197097987,-0.1937807002006994,-0.2286648935898016,0.9812422656816768,0.4320017578084136,-0.3365079548518579,-0.4250394215289368,MSFT,Microsoft Corporation,,,
2023-05-01,-0.1948448653659828,-0.2072761387499704,-0.2053257870315587,-0.1667430692958951,-0.1853947134692113,-0.4957924240308599,-0.3891675784515972,-0.2988639794005068,-0.4013691722497983,MSFT,Microsoft Corporation,,,
2023-05-02,-0.1969554861897343,-0.2094710398596181,-0.1968626172405619,-0.1849639741923835,-0.1738460949835297,0.0015941777178782,-0.0825778637004763,-0.2711612552665287,-0.3800454980340982,MSFT,Microsoft Corporation,,,
2023-05-03,-0.211168138009335,-0.2242507849511598,-0.2051801697454942,-0.1823190909210828,-0.1905112238957684,-0.391970282848272,-0.2538150328640258,-0.2539548983315763,-0.3619716550916182,MSFT,Microsoft Corporation,,,
2023-05-04,-0.1969554861897343,-0.2094710398596181,-0.2175830218906584,-0.1924582585650483,-0.1960662668665146,-0.3764850455161732,0.149020342853722,-0.2374794444648313,-0.3442295733448438,MSFT,Microsoft Corporation,,,
2023-05-05,-0.1232172855374626,-0.132792850616263,-0.1561507849962942,-0.1796742076497822,-0.2036676463379686,0.1760780555635943,0.9905352624802536,-0.2065973898317652,-0.3212970302622839,MSFT,Microsoft Corporation,,,
2023-05-08,-0.1513623988992939,-0.16205938960343,-0.1819784821658826,-0.1529303031849078,-0.1392006856430099,-0.4934078337440188,-0.4442180614185114,-0.190506828163571,-0.3030460432319485,MSFT,Microsoft Corporation,,,
2023-05-09,-0.1745814169471113,-0.1862041949534538,-0.1843132571837304,-0.1496975185964369,-0.1703378346300163,-0.4912471029534934,-0.3777909063842564,-0.1842722888578137,-0.2885965152239694,MSFT,Microsoft Corporation,,,
2023-05-10,-0.0998581723509602,-0.1085015696682819,-0.1411210326355505,-0.1297129097484343,-0.1612745313057567,0.3591464584419384,0.9989966456598984,-0.1608234446688854,-0.2685663187651834,MSFT,Microsoft Corporation,,,
2023-05-11,-0.1308170090138195,-0.1406949411829427,-0.1685540824542598,-0.1504320589149153,-0.139639218187199,0.5150889301797675,-0.481067004008754,-0.1510146907840742,-0.2532134338991486,MSFT,Microsoft Corporation,,,
2023-05-12,-0.1468587779878772,-0.1573766361882165,-0.1754123449089371,-0.1454360188122431,-0.1330612300243615,-0.643675953901324,-0.2762540325354142,-0.1476883459987737,-0.2407363428531929,MSFT,Microsoft Corporation,,,
2023-05-15,-0.1399634703807212,-0.150206477039383,-0.1863563523166477,-0.1308887123827765,-0.1542575644822049,-0.9783167018285516,0.0437015107235648,-0.1434612590735763,-0.2287573444763974,MSFT,Microsoft Corporation,,,
2023-05-16,-0.1078786190406806,-0.1168426404568904,-0.1307608303105022,-0.0979734136182006,-0.1435864572014267,0.0333140950436543,0.3952725340378522,-0.1322301726557606,-0.2149070707451543,MSFT,Microsoft Corporation,,,
2023-05-17,-0.0664170249495247,-0.0837713084983693,-0.120254565386588,-0.0846014613857635,-0.1076250041118142,-0.2017675751525625,0.5219665482875455,-0.1133903400594207,-0.1984905022509735,MSFT,Microsoft Corporation,,,
2023-05-18,-0.0026715478612743,-0.0176290911532722,-0.0529851682912038,-0.04081200622143,-0.0748800511682892,0.0864271937999478,0.8225697911773029,-0.0832455026029222,-0.177684939390626,MSFT,Microsoft Corporation,,,
2023-05-19,-0.0052094588580161,-0.0202629724848504,-0.0572169758431029,-0.0018719521584607,-0.0425736307689533,0.1127744832141472,-0.0870849306734495,-0.0612744813273784,-0.1590049490359601,MSFT,Microsoft Corporation,,,
2023-05-22,0.0348424279001212,0.0212954592882932,-0.001183711353161,0.0222270690351129,-0.0153832746796494,-0.2211654871593964,0.4897309555766968,-0.034733862492037,-0.1383277942366559,MSFT,Microsoft Corporation,,,
2023-05-23,-0.0486463944046315,-0.0653332460334318,0.0007133211808902,-0.0183296015407486,0.0055208534542428,0.4291463496376984,-1.1735031245292549,-0.035803539849607,-0.1272333895360424,MSFT,Microsoft Corporation,,,
2023-05-24,-0.0685324615436693,-0.0859662096080179,-0.0900489980662345,-0.0571230166024099,-0.071956203462678,-0.2922944088583139,-0.3246987448378419,-0.0416018327894494,-0.118982334239129,MSFT,Microsoft Corporation,,,
2023-05-25,0.1016905745129376,0.0906574603568015,0.061707815591458,0.051468769332667,0.0524456201485845,1.64621203297666,2.285749612212183,-0.003184920322597,-0.0957759247286858,MSFT,Microsoft Corporation,,,
2023-05-26,0.1999874529767027,0.1926513665899562,0.1565558797916161,0.1084830892908166,0.063847912414028,0.9969124304237754,1.2476367861052802,0.0503231768541176,-0.0656099302635556,MSFT,Microsoft Corporation,,,
2023-05-30,0.176294300443898,0.1680671344460578,0.1907011294661369,0.206053631387515,0.2277198955849415,0.3031913173845935,-0.3596045909629172,0.0845017495951941,-0.0403723228365583,MSFT,Microsoft Corporation,,,
2023-05-31,0.1365243551523644,0.1268016538688305,0.1936197095666469,0.1591784790733308,0.1847419217883024,1.9040300415812883,-0.5704439492671578,0.1001441592531757,-0.0210983757092991,MSFT,Microsoft Corporation,,,
2023-06-01,0.1956151712578032,0.1881146422007559,0.1584529123256675,0.1208263263275325,0.0917690073714722,0.0375576924520736,0.7231008461855515,0.1267215253871325,0.0018753466693937,MSFT,Microsoft Corporation,,,
2023-06-02,0.2353855543466453,0.2293805693499282,0.2163832093496608,0.2358832330022401,0.2133937556138868,-0.0500492347799947,0.4628551386721176,0.1566461798745247,0.0264299215765804,MSFT,Microsoft Corporation,,,
2023-06-05,0.2430014763234118,0.2372826599166078,0.2318507041942001,0.2668886372513075,0.2275735693647034,-0.4945271312255972,0.0451722743916791,0.1810030411360632,0.0494549374664354,MSFT,Microsoft Corporation,,,
2023-06-06,0.2111289566779416,0.2042113279580868,0.1853021570617146,0.2302997400197097,0.229181373321222,-0.5831852247881916,-0.4617957904906052,0.1912632605721453,0.0674460854481208,MSFT,Microsoft Corporation,,,
2023-06-07,0.0658691231457811,0.0534888308029549,0.1724611171199526,0.0882047540028857,0.1753859660235666,1.3946523572472922,-1.929681556993209,0.1624643715001001,0.0703994281100803,MSFT,Microsoft Corporation,,,
2023-06-08,0.0923825659392397,0.080999448902403,0.0579141958361567,0.1006950784782227,0.0626786410016986,-0.3027282079909411,0.3007698947300013,0.1475262546243166,0.0755305201076868,MSFT,Microsoft Corporation,,,
2023-06-09,0.1139602818778997,0.1033883333647079,0.1067970726736893,0.1162711001034104,0.0780277261648447,-0.3755993405524894,0.2332995244050139,0.1417436997742961,0.0821859945594677,MSFT,Microsoft Corporation,,,
2023-06-12,0.1853203675509923,0.1774326412764848,0.1375864450767051,0.1272918955044761,0.1305075358299326,-0.2070915379562445,0.8887771474101159,0.1553347870747176,0.0948203894495002,MSFT,Microsoft Corporation,,,
2023-06-13,0.2197312359905135,0.2131378545665841,0.2087955245262566,0.2041437368720064,0.216609809643449,-0.3344967904246119,0.394355315933127,0.1741732458660366,0.1094810857244555,MSFT,Microsoft Corporation,,,
2023-06-14,0.2627461349318402,0.2577691478932357,0.2388550292477442,0.2397039189078821,0.2147093532464543,-0.0373963067273684,0.5020647126384445,0.1991088490718308,0.1267777160308934,MSFT,Microsoft Corporation,,,
2023-06-15,0.4144932489797363,0.4152232705472164,0.3964485577936555,0.3042125232386973,0.2606111747487047,1.2177060249421037,1.8867701642437344,0.2559344236196414,0.1565027139554302,MSFT,Microsoft Corporation,,,
2023-06-16,0.3331189876745113,0.3307890197631949,0.420233605143128,0.3740108941121131,0.4629290339376024,1.962564433357053,-1.0606379828203203,0.2781097104028648,0.1760175283441455,MSFT,Microsoft Corporation,,,
2023-06-20,0.272758559374739,0.2681586441935354,0.2832144186484472,0.2845216408306247,0.2873625521772935,-0.0012283985400152,-0.812960655861403,0.2795766482077473,0.1881891769950579,MSFT,Microsoft Corporation,,,
2023-06-21,0.2094368700810109,0.2024554070703671,0.2197395319339672,0.2288302109454383,0.2443845783806551,-0.1236308779168059,-0.8603546137946025,0.2647683580016557,0.1934120027854639,MSFT,Microsoft Corporation,,,
2023-06-22,0.2961693326436316,0.2924499251415174,0.2546142039772148,0.2474919297204768,0.211493299216892,-0.2755633447641104,1.0683711696500426,0.2754521910783403,0.2061623060559604,MSFT,Microsoft Corporation,,,
2023-06-23,0.2300264774946328,0.2238198554908552,0.2230954092054722,0.2491085462333692,0.2150015595704054,-0.3154590002161989,-0.8922143144700662,0.2668478025611086,0.211650889587466,MSFT,Microsoft Corporation,,,
2023-06-26,0.1394860539436285,0.1298745154223385,0.1961001018705592,0.1762240297727898,0.2056460499221947,-0.4737471301545534,-1.217954621623746,0.2376477752439331,0.2082868936224993,MSFT,Microsoft Corporation,,,
2023-06-27,0.2236797299148906,0.2172351521619097,0.1966839069532215,0.1881264529309557,0.1784556938328908,-0.1979619637151957,1.051981916902046,0.2368999786922744,0.2129967568111858,MSFT,Microsoft Corporation,,,
2023-06-28,0.2417323019263875,0.2359657192508187,0.223387534403204,0.2543983127759697,0.2193873311288222,-0.596490265286607,0.1799118770064953,0.2408745318464091,0.2189440522695231,MSFT,Microsoft Corporation,,,
2023-06-29,0.2304498274918468,0.224258835712785,0.1961001018705592,0.2369119481979613,0.2201180699969624,-0.9140300942996312,-0.197573595792925,0.2410209175975492,0.2233097188166461,MSFT,Microsoft Corporation,,,
2023-06-30,0.3078747192780779,0.3045957889014809,0.2926995813187042,0.3042125232386973,0.2645579676464072,0.0432904421620712,0.9436111483135377,0.2605823893610113,0.2344220331414332,MSFT,Microsoft Corporation,,,
2023-07-03,0.2719131727722363,0.267280683749676,0.2659959538687216,0.2949549833518322,0.2856084220005376,-1.3508773018273423,-0.5080414999525559,0.2662187684728816,0.2412061826467104,MSFT,Microsoft Corporation,,,
2023-07-05,0.2741682667077575,0.2696220604572827,0.2769399612764322,0.2679173524470287,0.2256731129677087,-0.7996281586607321,-0.0239636983670265,0.271012606664554,0.2475816551681038,MSFT,Microsoft Corporation,,,
2023-07-06,0.318169522984888,0.315277789825752,0.2964932010740055,0.2792318742880234,0.2579795333670445,0.1725839008167537,0.5083082873365358,0.2856625498645196,0.2574372691069859,MSFT,Microsoft Corporation,,,
2023-07-07,0.2610527349429835,0.2560132270055169,0.2789830564093495,0.3012734650901547,0.2875088783975324,-0.5035107101429619,-0.7743420117254174,0.2823003892291373,0.2611270975112414,MSFT,Microsoft Corporation,,,
2023-07-10,0.1850379882870802,0.1771396900805683,0.1832595072415987,0.1629991649789736,0.2185102660404438,0.6232422659649852,-1.0246319982995744,0.2606813611958892,0.2574680659786046,MSFT,Microsoft Corporation,,,
2023-07-11,0.1940649309887912,0.1865051969109954,0.1486760697704801,0.1543295264092796,0.1667611952434953,0.0301897951168136,0.0645594903578987,0.2467349554385438,0.2549745350907934,MSFT,Microsoft Corporation,,,
2023-07-12,0.2607716690709974,0.2557207223815455,0.2769399612764322,0.281730118558016,0.2477469586304555,0.3510972495961523,0.8123458853073315,0.2530340804069982,0.2588623161572886,MSFT,Microsoft Corporation,,,
2023-07-13,0.3377736486573229,0.3356182487763667,0.3074372084817161,0.3309559792662588,0.2910171387510449,-0.5665417578881986,0.9318507644284036,0.2771038571121574,0.2695011695848366,MSFT,Microsoft Corporation,,,
2023-07-14,0.3741576695657617,0.3733718875781563,0.4196498000604657,0.4086894483908885,0.4084024416552816,0.19122263714043,0.4050784639059968,0.3042970538339412,0.2825297881036241,MSFT,Microsoft Corporation,,,
2023-07-17,0.3810696134706365,0.3805424932989348,0.3548612405817952,0.3776844925791349,0.3804813466978374,-0.5863289907581902,0.0335900993209357,0.3264284592973281,0.2950117100226697,MSFT,Microsoft Corporation,,,
2023-07-18,0.5751241460094998,0.581895977861721,0.6436372407341686,0.3772436787005848,0.3826740094187833,3.732670135833152,2.3673179922665573,0.3917799022638873,0.3242631499814196,MSFT,Microsoft Corporation,,,
2023-07-19,0.5129306603794949,0.5173632058063844,0.5805996511906835,0.528154942288411,0.6153982787265473,1.2988599588673326,-0.7986567412306427,0.4251684328415877,0.3451171513084334,MSFT,Microsoft Corporation,,,
2023-07-20,0.3971464062293655,0.3972241883042086,0.5150816693432861,0.4242654700160772,0.4958203131013655,0.7193071889491554,-1.458651592040533,0.4211210133094276,0.3533926213830231,MSFT,Microsoft Corporation,,,
2023-07-21,0.3534270914188379,0.3518609635597108,0.4031607576494669,0.3428584024244247,0.4312070261861687,4.186890786879276,-0.5961615206994639,0.4071017170849549,0.3568820592019046,MSFT,Microsoft Corporation,,,
2023-07-24,0.3723246122355292,0.3714694910924792,0.3538401383281379,0.3793006606547136,0.3829666618592595,0.028233457779446,0.1842832547874604,0.4013349244488565,0.3617978353679372,MSFT,Microsoft Corporation,,,
2023-07-25,0.4551090186710811,0.4573671581402481,0.4263624452290785,0.419857331230576,0.4013854748317297,1.484254553903044,0.9815261942220208,0.4178079989928118,0.3739047393524553,MSFT,Microsoft Corporation,,,
2023-07-26,0.2688100654503619,0.2640613465982098,0.3210081161050063,0.2441120576933841,0.3184997011643007,3.114146347512885,-2.3413080069556464,0.3833583729508815,0.3677223378913355,MSFT,Microsoft Corporation,,,
2023-07-27,0.1693845455255652,0.1608969752972243,0.2722704112407367,0.1844528544639338,0.3044662136337221,1.289360529806284,-1.3218847466796473,0.3325421886912211,0.3529285814577447,MSFT,Microsoft Corporation,,,
2023-07-28,0.277271374029632,0.272841397608749,0.2530092966408952,0.2449941338877972,0.2049153110540544,0.2040896916677931,1.3537875048397543,0.3215347745741587,0.3494337772162569,MSFT,Microsoft Corporation,,,
2023-07-31,0.2427195348568089,0.2369901552926364,0.2193017894501708,0.247785656160406,0.2524249365128234,-0.091687101094714,-0.4929986318335554,0.30459865417993,0.3430687931956344,MSFT,Microsoft Corporation,,,
2023-08-01,0.2486429324393372,0.2431358783996522,0.2315590243092705,0.252782144700391,0.2271350368205143,-0.7860505935581062,0.0232968739909891,0.2933847164168989,0.3378289601604406,MSFT,Microsoft Corporation,,,
2023-08-02,0.1239722685234902,0.1137778296650076,0.1599122023759226,0.1449248990837934,0.2043304522896272,0.1336615475225595,-1.6509018099416677,0.2536528868629271,0.3215628673425978,MSFT,Microsoft Corporation,,,
2023-08-03,0.1121263489530504,0.1014859368790309,0.1051921653373698,0.1389005922227128,0.0927923986800886,-0.7917152121170512,-0.20868440308892,0.2208779296103705,0.3056825588723639,MSFT,Microsoft Corporation,,,
2023-08-04,0.1279216380424841,0.1178751272603332,0.1819462797902096,0.1578560374376804,0.178748346273367,-0.2575864539078022,0.1557513294206651,0.2002650084355577,0.2927032506141712,MSFT,Microsoft Corporation,,,
2023-08-07,0.1607813906183765,0.1519704486887269,0.1231400524858222,0.1619704497832524,0.1274378080206084,-0.8415677486443986,0.3795034701253622,0.1930607694866271,0.2839356501282262,MSFT,Microsoft Corporation,,,
2023-08-08,0.1035231940458617,0.0925594102705336,0.088703122926371,0.0955519509369295,0.1068258862106672,-0.3952016460124811,-0.8005843596121822,0.1732724457600429,0.2706822366908388,MSFT,Microsoft Corporation,,,
2023-08-09,0.0496500462618251,0.0366606601997228,0.0647720129780326,0.0668977035192337,0.0996630392834024,-0.3907536551509041,-0.7651338506696396,0.1448964941769274,0.2536631294607696,MSFT,Microsoft Corporation,,,
2023-08-10,0.0595219377687305,0.0469036809020643,0.0815531805867632,0.0688080464720551,0.0930846050040397,-0.6106810107487063,0.0793596715183168,0.1260946747215578,0.2391020335282642,MSFT,Microsoft Corporation,,,
2023-08-11,0.0324454876366805,0.0188080535546732,-0.0038101662559392,0.0398600726144302,0.0088832337040432,-0.1978257014130905,-0.4142414178291392,0.1051908142182634,0.2233664932749679,MSFT,Microsoft Corporation,,,
2023-08-14,0.0751771317194791,0.0631468422573534,0.0202665609784628,0.0526441235296963,0.0254020363960438,-0.7350300944412855,0.5212117012173877,0.1002485150049378,0.2130040470701228,MSFT,Microsoft Corporation,,,
2023-08-15,0.0444319401431145,0.0312459753666632,0.0352963133392074,0.0646936341264831,0.0489373597950711,-0.9170181319243668,-0.4618182841634238,0.0888175860192065,0.2007469685275593,MSFT,Microsoft Corporation,,,
2023-08-16,0.0334095173097579,0.0098815269461759,0.0255199160968214,0.0485297111841243,0.0167768194994482,-0.5537233684687303,-0.2003857517302762,0.0774751936912688,0.1885871975534083,MSFT,Microsoft Corporation,,,
2023-08-17,-0.0163382664373116,-0.0416274209053377,-0.0116899762770752,-0.0042231089898322,0.0129763528219838,-0.4993839089934899,-0.7207673839555561,0.0564701179531524,0.1729429331368987,MSFT,Microsoft Corporation,,,
2023-08-18,-0.0219906674859459,-0.0474806393883821,-0.0626159482475252,-0.0726990382275976,-0.0754649099327165,-0.1589422802052121,-0.1294771790883204,0.0392962418702663,0.1581993617133622,MSFT,Microsoft Corporation,,,
2023-08-21,0.054325283718131,0.0315389265625796,0.001442743549617,0.0079734890455755,-0.0251777629885744,-0.2285333844946565,0.9847686981501146,0.045588914866104,0.1518373262779327,MSFT,Microsoft Corporation,,,
2023-08-22,0.0625226005204414,0.0400260263772022,0.0497422606172888,0.0729224588176271,0.0854832255325857,-1.0028341831859098,0.0568403378931546,0.0523678555347231,0.1468099745501025,MSFT,Microsoft Corporation,,,
2023-08-23,0.1266852984435883,0.1064611949182159,0.0952697054961179,0.1023112465538022,0.0609245108249419,-0.5082214925871704,0.803371496263229,0.0735718436584109,0.1481595589247337,MSFT,Microsoft Corporation,,,
2023-08-24,0.0273324528719845,0.0035893282412018,0.150427485018467,0.0508808680154959,0.1929281600241836,-0.3023680861925202,-1.3599594964630994,0.0645141282136827,0.1402197675649103,MSFT,Microsoft Corporation,,,
2023-08-25,0.0698714661390903,0.0476356123199105,0.0392359956933746,0.0338353173160368,0.0265713078083732,-0.4578336398729811,0.5192704379818313,0.0684080425899677,0.1369265929282072,MSFT,Microsoft Corporation,,,
2023-08-28,0.0800471889780189,0.0581715842181684,0.0507638081837475,0.07674314472327,0.0878222144737697,-1.127037271554805,0.0828219010149135,0.0738849550400417,0.1348716502147761,MSFT,Microsoft Corporation,,,
2023-08-29,0.1466125185296148,0.127094158492802,0.0920594455106774,0.0790943015546415,0.0325648833233086,-0.691377492659725,0.8320267707021988,0.0947160421845308,0.139145100893454,MSFT,Microsoft Corporation,,,
2023-08-30,0.1519829781116455,0.1326548723518749,0.1041706177709103,0.1462477891567566,0.1318235795790253,-1.0867814943042955,0.0176271520383797,0.1116885938413377,0.1435255558848188,MSFT,Microsoft Corporation,,,
2023-08-31,0.1374262176076496,0.1175826226363617,0.1202219176981136,0.1510967418208078,0.1395712852707173,0.0022365571420885,-0.2432178337740164,0.1207608699852518,0.146164723432337,MSFT,Microsoft Corporation,,,
2023-09-01,0.1501459806056374,0.1307524758661979,0.1359810924275842,0.1510967418208078,0.1704157818172468,-1.1140436877469155,0.1142404408830483,0.1307607004252888,0.1497375422691362,MSFT,Microsoft Corporation,,,
2023-09-05,0.2192544747216758,0.2023089314724097,0.1777144722383104,0.1787222740427824,0.1366474375651061,-0.7624966813370635,0.8519668322785412,0.1556229027482888,0.1593617822267785,MSFT,Microsoft Corporation,,,
2023-09-06,0.2097862323331068,0.192504890991998,0.1720233746361563,0.2010575912848428,0.2006758657158757,-0.861588574032285,-0.1748623654604223,0.1718908202094297,0.1672375138111536,MSFT,Microsoft Corporation,,,
2023-09-07,0.1678119775938252,0.1490440627331772,0.1518863297559206,0.1841591280240047,0.1701235754932965,-0.7793250756470564,-0.595249040638833,0.173546443285373,0.1705245591424661,MSFT,Microsoft Corporation,,,
2023-09-08,0.2294301975606045,0.2128449033706676,0.1968299695520874,0.1904776097623272,0.1525813814926795,-0.6674829246834193,0.7508555128274427,0.1902686865612131,0.1791979227042879,MSFT,Microsoft Corporation,,,
2023-09-11,0.2812982336722111,0.2665491989037749,0.229808054374085,0.2782031590923022,0.2571024682786662,-0.9542956045717196,0.6148768557013775,0.2158413277250071,0.1918683487007642,MSFT,Microsoft Corporation,,,
2023-09-12,0.1940982035842289,0.1762617296367089,0.2060230070246125,0.2201605723757443,0.236344666365012,-0.8586978666233388,-1.162917478838687,0.2131132895070368,0.1953414983357465,MSFT,Microsoft Corporation,,,
2023-09-13,0.2547287528232784,0.2390385808043258,0.2068984919922052,0.2156053461516222,0.1704157818172468,-0.9580817499659288,0.7335421168750135,0.2262996514012337,0.2040929212228555,MSFT,Microsoft Corporation,,,
2023-09-14,0.2920378394443471,0.2776706266219207,0.2654121487860594,0.2949549833518322,0.2850235632361104,-0.5957602886681863,0.4249266763440601,0.2455626939846009,0.2154910440149571,MSFT,Microsoft Corporation,,,
2023-09-15,0.1721917018669673,0.1535803405504325,0.2149239192994057,0.1932695804722489,0.2524249365128234,1.0990312928300483,-1.575127819669333,0.2299006795802799,0.2147954954555268,MSFT,Microsoft Corporation,,,
2023-09-18,0.1557992572488877,0.1366056943492414,0.1127798501607739,0.1449248990837934,0.1191052435644891,-0.929875453430151,-0.266310368689734,0.2140358468790608,0.2126507468482031,MSFT,Microsoft Corporation,,,
2023-09-19,0.1500045720750272,0.1306060002682396,0.098042222997762,0.1177406291776818,0.0952777138415107,-0.9618289632738216,-0.1284968198727126,0.2006814066161159,0.2101663348281238,MSFT,Microsoft Corporation,,,
2023-09-20,0.0386385683611783,0.0152957652072906,0.1009603577854707,0.0589630537053317,0.1441029369328471,-0.4819326013024447,-1.5106652207060487,0.1626867689578622,0.1976327107455973,MSFT,Microsoft Corporation,,,
2023-09-21,0.0211135421062924,-0.0028493460617305,0.0390903784073101,-0.0220032000077705,-0.0057351125909626,0.8927496334859245,-0.2877937176600672,0.1297879270126493,0.1846215788405125,MSFT,Microsoft Corporation,,,
2023-09-22,-0.0145012689313036,-0.0397250244196607,-0.0178183710502243,-0.0051047367469325,0.0243786450874273,-0.4808230368424451,-0.5322854450033998,0.0961661822107778,0.1695073138671159,MSFT,Microsoft Corporation,,,
2023-09-25,-0.0070101191874277,-0.0319694094509392,-0.0729761505725735,-0.0220032000077705,-0.0447662934898992,-0.8323700432522972,0.048939456382043,0.0728318971116654,0.156458236067953,MSFT,Microsoft Corporation,,,
2023-09-26,-0.0833278215807383,-0.110988975401901,-0.0990959729398937,-0.095181442908279,-0.0661089541679807,-0.0088006893284331,-1.086791003398971,0.0361576632729264,0.1375540651838343,MSFT,Microsoft Corporation,,,
2023-09-27,-0.074141520658773,-0.1014774395454608,-0.1221515979206394,-0.1000303955723302,-0.1074791240081013,-0.6791625505781512,0.0738913727210349,0.0109598891941225,0.1212160197230645,MSFT,Microsoft Corporation,,,
2023-09-28,-0.0621279247192195,-0.0890390711615258,-0.1049326878281124,-0.1035569066007311,-0.1266291219652369,-0.6525427365597414,0.1125181814193548,-0.0049202304523286,0.1074716729700599,MSFT,Microsoft Corporation,,,
2023-09-29,-0.0323077988554848,-0.0581630868845982,-0.0467107109191887,-0.0222969264476996,-0.0278089582537094,-0.2180898523404504,0.3563384188211907,-0.0093385225812351,0.0977281349681369,MSFT,Microsoft Corporation,,,
2023-10-02,0.0531944532705574,0.0303680149228037,-0.0113978510793434,-0.0193583167364699,-0.049297945152029,-0.5662692332839881,1.112342006375394,0.0088287396803375,0.0967591488953311,MSFT,Microsoft Corporation,,,
2023-10-03,-0.0656613867952421,-0.0926973885349217,-0.0186938560178171,-0.0776950783302698,0.0172153520436374,-0.5211566782655861,-1.6418392581294936,-0.0074063146195179,0.0849121428578568,MSFT,Microsoft Corporation,,,
2023-10-04,0.0130576338345923,-0.0111904168503399,-0.0383931584142564,-0.036697593875858,-0.0821892243157921,-0.5516599678939943,1.0279898265690752,0.0001942048874037,0.0814050653663522,MSFT,Microsoft Corporation,,,
2023-10-05,0.018710472680535,-0.0053371983672955,-0.0392686433818491,-0.0234727290820418,-0.0082204277523846,-0.9170862630754196,0.0235207339725404,0.0073147737859944,0.0787383663573313,MSFT,Microsoft Corporation,,,
2023-10-06,0.1303597312529127,0.11026598788957,0.095123642897252,-0.0029006673541819,-0.0453511522543265,-0.0695347439810391,1.4514301270603702,0.0407051708691442,0.0866152964444575,MSFT,Microsoft Corporation,,,
2023-10-09,0.166539300818333,0.1477271220673881,0.1113205601105189,0.0981968342082302,0.0745194658113313,-0.6323369837618551,0.4229211922799479,0.0748374679643878,0.0971142120738173,MSFT,Microsoft Corporation,,,
2023-10-10,0.1463297014683943,0.1268016538688305,0.1229944351997577,0.1641749676133158,0.1652992713906906,-0.5675247930676718,-0.3163639085655518,0.0953593739187303,0.1047940633089826,MSFT,Microsoft Corporation,,,
2023-10-11,0.203285380100811,0.1857737120650942,0.1480927100006193,0.185775744536897,0.168953857964442,-0.6155961866460726,0.6934876943851966,0.1250599454307815,0.1170307022901947,MSFT,Microsoft Corporation,,,
2023-10-12,0.1854770989873962,0.1673356496001566,0.1599122023759226,0.1796039017998826,0.1595983483162313,-0.6886035815097261,-0.2832218366790124,0.1428613474151357,0.1265118571392713,MSFT,Microsoft Corporation,,,
2023-10-13,0.1370024298131272,0.117143642414432,0.1628303371636312,0.1449248990837934,0.1860575194208699,-0.5173705328713771,-0.6825212785392881,0.144033965716111,0.1306586242357126,MSFT,Microsoft Corporation,,,
2023-10-16,0.206394616585002,0.1889930492165603,0.196538289667157,0.2072294340218572,0.1666148690232581,-0.4117088506103689,0.8582584636305471,0.1623470318720762,0.1408308099442686,MSFT,Microsoft Corporation,,,
2023-10-17,0.1981968619853841,0.1805055028299919,0.1574313647592089,0.160354281707673,0.1452722083451766,-0.7834616098181073,-0.1587635267053715,0.1740222855782084,0.1493218942547577,MSFT,Microsoft Corporation,,,
2023-10-18,0.1706383970167966,0.1519704486887269,0.1885124170471551,0.1734320590628682,0.1876653233773885,-0.3148068877704097,-0.4098042977245666,0.1758551319461576,0.1544984089010074,MSFT,Microsoft Corporation,,,
2023-10-19,0.1877391976798517,0.1696770263077633,0.2073362344760016,0.2117846602459793,0.1826951391710695,-0.1300254730941716,0.1701519427733754,0.1815260509850501,0.160782118770442,MSFT,Microsoft Corporation,,,
2023-10-20,0.1220218815146089,0.1016324124769891,0.1349599901739269,0.1315533952886691,0.176409357332183,-0.1324003303594338,-0.9061279187812108,0.1692688863453665,0.1604312429369285,MSFT,Microsoft Corporation,,,
2023-10-23,0.1594732522609046,0.1404104873205964,0.1467794825492302,0.1159773736634813,0.0850446929883965,-0.1959569612699334,0.4405307634816414,0.1694850304860547,0.1635676764060836,MSFT,Microsoft Corporation,,,
2023-10-24,0.1765736151266514,0.1581166183676878,0.1337923800086023,0.1631462524175946,0.1702694555970095,0.4638348385450522,0.1706809054894111,0.1739433128654017,0.1679967266307048,MSFT,Microsoft Corporation,,,
2023-10-25,0.3198804348660803,0.3064981853871579,0.3433338734042238,0.3103839175383989,0.3708331846091506,2.7900464619556526,1.812681958116597,0.2132904169207392,0.1852451895658914,MSFT,Microsoft Corporation,,,
2023-10-26,0.1392636529109659,0.1194850191220388,0.2766482813915017,0.1534478986521793,0.3053432787221005,1.1135042959179369,-2.333824792431664,0.1974238615504933,0.1842611921863431,MSFT,Microsoft Corporation,,,
2023-10-27,0.1663983300850312,0.1475806464694291,0.2050014594581539,0.1749015881371395,0.1575515656989984,0.337587815644579,0.3033227079122887,0.1923410694849702,0.1858702016857321,MSFT,Microsoft Corporation,,,
2023-10-30,0.2723947498114662,0.2573301676713052,0.2448378067348288,0.2253032514797246,0.2011143982600649,-0.34648787300987,1.3300275993945985,0.2151587665766347,0.1971125862517935,MSFT,Microsoft Corporation,,,
2023-10-31,0.2837008653006601,0.2690366046373948,0.2382712241650819,0.2673294511298576,0.2806382377942186,-0.5959257500350283,0.0914816286920743,0.2351125079212827,0.2083760827621822,MSFT,Microsoft Corporation,,,
2023-11-01,0.3961976994620825,0.3855177513381198,0.3611361432666116,0.340213519153124,0.2943795190008461,0.172350308298859,1.3788015278254655,0.2783407232379556,0.2289950276319323,MSFT,Microsoft Corporation,,,
2023-11-02,0.4279962313624355,0.4184426076986826,0.3817104853178422,0.415448744007762,0.4032859312287246,-0.1985459450099322,0.3426011169542385,0.3187507230775103,0.2506733812117073,MSFT,Microsoft Corporation,,,
2023-11-03,0.4913109158992293,0.4839993692238918,0.462842469921447,0.4530663564350811,0.4382239930097205,-0.2676893303067453,0.7293378720149026,0.3649649566913194,0.2762226384353632,MSFT,Microsoft Corporation,,,
2023-11-06,0.5440256520052638,0.5385816252008585,0.5088072119712711,0.5415268945208481,0.4940661829246088,-0.2491381911772794,0.5901379361038459,0.4128693095293684,0.304312905830848,MSFT,Microsoft Corporation,,,
2023-11-07,0.6005571050458497,0.5971147031751924,0.5805996511906835,0.6044188823387702,0.5810450757099785,-0.0539327103899931,0.6294711566781961,0.4630001367656091,0.3350653278642237,MSFT,Microsoft Corporation,,,
2023-11-08,0.6382917306506742,0.6361857292147169,0.6011744385547155,0.6473262613086913,0.6143748874179317,0.0369639781357581,0.3975852729499508,0.5100784377614014,0.3665036208797889,MSFT,Microsoft Corporation,,,
2023-11-09,0.60281789034638,0.5994560798828,0.6145992835791397,0.6445342905987689,0.6234381907421912,-0.1499587012878474,-0.4729553716238386,0.5364749666557128,0.3918109305331446,MSFT,Microsoft Corporation,,,
2023-11-10,0.7297300764811882,0.730863000701079,0.6920828204007063,0.6549676331199771,0.6115973659325576,0.1609918721162322,1.46113775364044,0.5881568837537924,0.4265269956129716,MSFT,Microsoft Corporation,,,
2023-11-13,0.6874730046806861,0.6871092212463427,0.6682977730512338,0.7259413581904213,0.709978997099896,-0.6230614141971221,-0.5445486650009201,0.6163019535983802,0.454188250302002,MSFT,Microsoft Corporation,,,
2023-11-14,0.7382093347501023,0.7396426051396732,0.7190781277356202,0.7472484086740733,0.7507643081755894,0.1261281888204574,0.5425895402829719,0.6501573928633932,0.4840159798322713,MSFT,Microsoft Corporation,,,
2023-11-15,0.7403339650877231,0.730863000701079,0.7362965925153448,0.7437214492083596,0.7547111010732919,0.0459475570531227,-0.0280430546469347,0.6760827494179101,0.5113281243800676,MSFT,Microsoft Corporation,,,
2023-11-16,0.8323839137580591,0.8259792524093718,0.7832828821316276,0.7888333460083442,0.750033123190924,0.077307352580478,1.0164414898766407,0.7186527451823083,0.5446502388077196,MSFT,Microsoft Corporation,,,
2023-11-17,0.7428836966117914,0.7334968820326573,0.7543905422626632,0.7421052811327801,0.7887716516493843,1.340137703383631,-1.0743248484755896,0.728094840179645,0.5666854263028818,MSFT,Microsoft Corporation,,,
2023-11-20,0.8503686271867553,0.8445633439003234,0.8200545867089265,0.8008828566051301,0.7538340359849135,2.5380877323415483,1.1951131018130887,0.762180165510879,0.5966343994869168,MSFT,Microsoft Corporation,,,
2023-11-21,0.7884829130645493,0.7806160276648747,0.7813858495975762,0.8026461121193306,0.8188858554442995,0.1980746843320061,-0.7567442537401204,0.7721964301998864,0.6181509181436674,MSFT,Microsoft Corporation,,,
2023-11-22,0.8561746950906349,0.8505630379813252,0.8334794317333507,0.8592196181989301,0.8529464060203921,-0.2961486854035755,0.726352594927383,0.7967150334797086,0.6439569010258065,MSFT,Microsoft Corporation,,,
2023-11-24,0.8502267808588367,0.8444168683023652,0.8069218668822341,0.8617178624689227,0.8431519177114671,-1.5778610980698784,-0.1203211293699442,0.813609674017296,0.6668681073866837,MSFT,Microsoft Corporation,,,
2023-11-27,0.8669370663228073,0.861684019127526,0.8458827291913164,0.8772938840941112,0.8351120056958239,-0.4096454500356329,0.1373706998787109,0.8304788284055802,0.6892382337935533,MSFT,Microsoft Corporation,,,
2023-11-28,0.9248580880202256,0.921534484339595,0.8803196587507675,0.9060947705131144,0.8580629164469491,-0.5776471355097729,0.6041437989010813,0.8576823622101588,0.7149187347523087,MSFT,Microsoft Corporation,,,
2023-11-29,0.8703361246251539,0.8651963074749086,0.8992890934656794,0.8955147889905997,0.9371482234369136,0.2506621999230367,-0.6644491283376215,0.86438729992816,0.733234232862237,MSFT,Microsoft Corporation,,,
2023-11-30,0.8711867647953573,0.8660742679187681,0.8378568565713144,0.8665668151329738,0.8601092529476568,0.4055145732440241,-0.043090051714402,0.8696297120393451,0.7499631691138877,MSFT,Microsoft Corporation,,,
2023-12-01,0.8088755116893961,0.8016879714613897,0.8096943843838783,0.8054380828292522,0.8348197993718729,0.6474872227181329,-0.7588350534754975,0.8579068824074243,0.7594222104688867,MSFT,Microsoft Corporation,,,
2023-12-04,0.732828368032671,0.7231073857323577,0.683619205296908,0.6818581765861588,0.7228432132181452,0.5523761358486993,-0.9246132843400748,0.8300092134333187,0.7610049289070283,MSFT,Microsoft Corporation,,,
2023-12-05,0.7806940611509676,0.772567461500236,0.7355667248338167,0.7218269458448493,0.6841046847596856,-0.3234303448893534,0.5040337125621032,0.8211114000509396,0.7668600418972975,MSFT,Microsoft Corporation,,,
2023-12-06,0.7280134732349877,0.7181316811212285,0.7516180247610199,0.7572404888794178,0.7877487064572931,-0.5066934081992763,-0.6599416566998002,0.8012029415363188,0.7673223526160097,MSFT,Microsoft Corporation,,,
2023-12-07,0.7584614004389548,0.749593567789989,0.7117821227971465,0.7321132009274365,0.7101253233201341,-0.318184246258303,0.3017600751506496,0.7939211196267062,0.7705518812033602,MSFT,Microsoft Corporation,,,
2023-12-08,0.8049103814672993,0.7975906738660642,0.7557037697140523,0.7601795470279604,0.7243051370709516,-0.6067196709660764,0.4849184526849942,0.8001292668127917,0.7777733828719986,MSFT,Microsoft Corporation,,,
2023-12-11,0.7634168281726309,0.7547148548551872,0.7139708352161275,0.7288804163389639,0.7137799098938855,0.1285517111936143,-0.5288114650337549,0.7943608302150259,0.7805100251498135,MSFT,Microsoft Corporation,,,
2023-12-12,0.8070345740076118,0.7997855749757127,0.7551204099441914,0.7929477583539153,0.7484253192344054,-0.1508346732299523,0.4516709454964326,0.8009927168706884,0.7870222274052325,MSFT,Microsoft Corporation,,,
2023-12-13,0.8068931654770015,0.7996390993777545,0.8021066995604741,0.7975029845780374,0.8240019197543315,0.4445537227971656,-0.0543527540049421,0.8059311053829052,0.7929293643638146,MSFT,Microsoft Corporation,,,
2023-12-14,0.6873696845159059,0.676134269126155,0.7454896299878699,0.699932442481339,0.7843863262074927,1.643856641754556,-1.4235829335465016,0.7796066623924464,0.7872717800759712,MSFT,Microsoft Corporation,,,
2023-12-15,0.7553451591978295,0.7463742306385219,0.7256442649925647,0.7315252996102646,0.689951934054382,5.072294026894167,0.7448828998351079,0.7769410078499303,0.7884002076142642,MSFT,Microsoft Corporation,,,
2023-12-18,0.7825358744273679,0.7744698579859131,0.7343995599812935,0.7667917552062129,0.7279597236447031,-0.4462708102371965,0.2621898299803925,0.7817729700100954,0.7919347736951001,MSFT,Microsoft Corporation,,,
2023-12-19,0.7911736153219195,0.7833963845944104,0.7381936250493962,0.7838373059056711,0.757780828882616,-0.5629892050118842,0.046795253437168,0.7875670265872774,0.7959449677042225,MSFT,Microsoft Corporation,,,
2023-12-20,0.7537874763745741,0.7447643387768164,0.7786133320959321,0.7939764735496365,0.8090913671353746,-0.0069416822068549,-0.482799372326041,0.7825199397757182,0.7961412056655984,MSFT,Microsoft Corporation,,,
2023-12-21,0.7951387455440154,0.7874936821897359,0.7549743473453255,0.7867763640542138,0.7734225664862383,-0.8448283108733446,0.4263384132819681,0.7891234251966485,0.8001348353556281,MSFT,Microsoft Corporation,,,
2023-12-22,0.8098662469982838,0.8027119609312624,0.7662100346379673,0.8260101445571122,0.7897950429580016,-0.903275105454899,0.116558696339126,0.7977760726103141,0.8051242252988872,MSFT,Microsoft Corporation,,,
2023-12-26,0.8109997042297086,0.8038828725710383,0.7918921145214912,0.8376188412753489,0.8090913671353746,-1.3348762143515596,-0.0397382512775398,0.8045503199523081,0.8097646115826176,MSFT,Microsoft Corporation,,,
2023-12-27,0.8026447803963775,0.7952492971584583,0.764459064702781,0.8274796736313835,0.7899413691782398,-1.117605973644809,-0.1484819930182973,0.8075319734608056,0.8132122862703371,MSFT,Microsoft Corporation,,,
2023-12-28,0.8197801670467947,0.8129554282055488,0.7848877894679471,0.8473171950407643,0.8145000838858827,-1.1739017704574168,0.1439577565334545,0.8140731869940665,0.8179275144901009,MSFT,Microsoft Corporation,,,
2023-12-29,0.8305425382789671,0.8240768559236946,0.7951023745069309,0.8373251148354198,0.8237097134303804,-0.7452789661639129,0.0704067268419022,0.8216829592068273,0.8232070645094366,MSFT,Microsoft Corporation,,,
2024-01-02,0.7573279432075309,0.7484226561502122,0.7767162995618807,0.7387254091056874,0.7924262382231358,-0.1099267835336537,,0.7709366067708914,0.8016968173884387,MSFT,Microsoft Corporation,,,
2024-01-03,0.7535037837187368,0.7444718341528449,0.7381936250493962,0.7642939593735324,0.7215276155855777,-0.3216297358972489,-0.0970053383617937,0.7699758519761677,0.8013439853181931,MSFT,Microsoft Corporation,,,
2024-01-04,0.7158348277101717,0.7055472837112803,0.7358588500315485,0.7446035254027726,0.7457941239692704,-0.5340042667497912,-0.4891629562461702,0.7597916036766188,0.7975477421147239,MSFT,Microsoft Corporation,,,
2024-01-05,0.7131441254528007,0.702766926781743,0.7206830350719389,0.7347580841987363,0.7209427568211504,-0.5239695215019007,-0.0841307497497247,0.7514774244389796,0.793848357103911,MSFT,Microsoft Corporation,,,
2024-01-08,0.8114243676188468,0.8043218527929688,0.7665021598356991,0.7716411563075761,0.725766614807232,-0.3167145599998825,1.0947670491180927,0.769933023251498,0.7995530034373121,MSFT,Microsoft Corporation,,,
2024-01-09,0.8270025092433186,0.8204185385502988,0.7780295270132698,0.8036748273150527,0.7653826544705952,-0.5409633771787357,0.1257870386798232,0.78768846453154,0.8061763464808026,MSFT,Microsoft Corporation,,,
2024-01-10,0.9258488233291142,0.9225584738094668,0.8973925062444286,0.8790571396083117,0.8291184301808885,-0.0850491803778747,1.0766842603921534,0.8258384946395412,0.8213175190782259,MSFT,Microsoft Corporation,,,
2024-01-11,0.95218889838845,0.9497765872849434,0.992386187730652,0.9387163428377612,0.9698931763804388,0.1423726018357138,0.2427418771951955,0.8610685114649099,0.8375124608792872,MSFT,Microsoft Corporation,,,
2024-01-12,1.0065694532529117,1.0059682885516703,0.9632021679767572,1.0014612432170622,0.9624376770126978,-0.4600625018145591,0.5543392574842363,0.9011532102398394,0.8572525001864791,MSFT,Microsoft Corporation,,,
2024-01-16,1.0320593259393525,1.032307995011343,1.0412695098809852,1.0451036109427745,1.0818697625341664,0.0792539568962666,0.2290090970315285,0.9376206297318214,0.877549786873981,MSFT,Microsoft Corporation,,,
2024-01-17,1.0207308827874315,1.020601558045254,0.9840686352257187,1.0038124000484336,0.9988376626464992,-0.4043020211887931,-0.1773669391322257,0.9621251163807698,0.8949566587375055,MSFT,Microsoft Corporation,,,
2024-01-18,1.0830408225014676,1.0849878545026324,1.040685704798323,1.0818395956129934,1.053510135032533,-0.29159363130463,0.634213649759606,0.9961577901154894,0.9165300490357526,MSFT,Microsoft Corporation,,,
2024-01-19,1.1510167349806988,1.1552278160150002,1.1089766494601658,1.1315067186370993,1.1125683789769838,0.286450520268811,0.6883072040461525,1.0387600831059574,0.9424139484088556,MSFT,Microsoft Corporation,,,
2024-01-22,1.1204273992461211,1.1236199003202263,1.1374308015325325,1.1328291602727496,1.1748422308344717,0.0612089348889058,-0.3821849768776914,1.0630267543929264,0.9631224729949897,MSFT,Microsoft Corporation,,,
2024-01-23,1.1542730713605098,1.1585931821924795,1.1193368517852142,1.1378252003754226,1.1124220527567457,-0.5705614958003021,0.3137803788837779,1.0897299052451357,0.9850711399284758,MSFT,Microsoft Corporation,,,
2024-01-24,1.2061043324982117,1.2121510021276285,1.2105369135161357,1.233632935395233,1.1970624027174563,-0.1480412960367956,0.5051816307132677,1.122778988006746,1.0098066305311046,MSFT,Microsoft Corporation,,,
2024-01-25,1.2388174229757931,1.2459538189320507,1.230673958396371,1.264197077328437,1.2377013875729126,-0.5223538399197961,0.2961918490144811,1.1557844056613935,1.035311679202819,MSFT,Microsoft Corporation,,,
2024-01-26,1.2255053202195525,1.2321985098823276,1.2184167235372714,1.2627275482541664,1.2384321264410518,-0.8355527413086117,-0.1939097208697273,1.1771940303170143,1.057269859866967,MSFT,Microsoft Corporation,,,
2024-01-29,1.3074999403107672,1.3169252652903196,1.2740122455434169,1.2906468069160693,1.2631371673689338,-0.1827687170304652,0.818869904248902,1.2138509974920746,1.0847969900398422,MSFT,Microsoft Corporation,,,
2024-01-30,1.2914971352971565,1.3003895993110592,1.318809377427917,1.3217992986037586,1.35377109284458,0.6900302600396939,-0.2204364577121459,1.2373232912750245,1.1083451717882948,MSFT,Microsoft Corporation,,,
2024-01-31,1.1355800018868372,1.1392771592836826,1.3519335248487807,1.1860227943252564,1.276293589811134,2.090952721004894,-1.6912237532081449,1.2157559932844872,1.1153670787171122,MSFT,Microsoft Corporation,,,
2024-02-01,1.22338112767924,1.2300036087726782,1.2451199056744524,1.2534700083673012,1.20130140193911,0.4155687845350725,0.8954996439347326,1.2216390539176776,1.1298515093889572,MSFT,Microsoft Corporation,,,
2024-02-02,1.3287423035112007,1.3388751695306949,1.3129726625396976,1.2793322850750746,1.2302458882051706,0.1818789364246445,1.0676718892303447,1.2525215463482433,1.152740212180971,MSFT,Microsoft Corporation,,,
2024-02-05,1.2498630490664944,1.257367751274168,1.2912307103231424,1.2856507668133972,1.3192715636077732,-0.1008069423141839,-0.8763510810486296,1.255866349428493,1.166270412007849,MSFT,Microsoft Corporation,,,
2024-02-06,1.247596572400955,1.2550263745665613,1.2446821631906562,1.2697810187482803,1.2605059721037988,-0.7791693473017933,-0.0767213759946886,1.257805538164292,1.1783614795727504,MSFT,Microsoft Corporation,,,
2024-02-07,1.3688182691212996,1.3802871257058813,1.3370493897741014,1.335758703716053,1.2833105566346867,-0.3939460862287974,1.2308954866794064,1.2897148118124264,1.2005377520713598,MSFT,Microsoft Corporation,,,
2024-02-08,1.3696684714941938,1.3811650861497398,1.3554354647191509,1.411141016009312,1.3799376115087432,-0.5024887428771728,-0.0439141998496974,1.3138603658821109,1.220776442828899,MSFT,Microsoft Corporation,,,
2024-02-09,1.4608686555889432,1.475403377414174,1.4321895791719914,1.4487586284366312,1.3974798055093594,-0.4238945936272059,0.8928929137416707,1.3548820209383992,1.247589742081334,MSFT,Microsoft Corporation,,,
2024-02-12,1.3859545313663335,1.3979937033249168,1.431021969006666,1.4437625883339589,1.4751031886465185,-0.5046689397108561,-0.8175953549406589,1.3668273672730968,1.2650535954595468,MSFT,Microsoft Corporation,,,
2024-02-13,1.259350992333941,1.2671722383265256,1.2753254729948067,1.2768344892423948,1.246764690897172,0.1398517492467674,-1.3618047617013018,1.343979398912774,1.2692488828646296,MSFT,Microsoft Corporation,,,
2024-02-14,1.3149665734053733,1.3135594525408951,1.2719691504104995,1.2941737663817838,1.2925201861791844,-0.5826985737092444,0.5349839412934383,1.3408158880515466,1.2781940938477676,MSFT,Microsoft Corporation,,,
2024-02-15,1.2733968433790448,1.2706840801019623,1.261608948085451,1.290059354036211,1.2935435774878,-0.4440711473603553,-0.4878117502573111,1.327999569814771,1.2824907162269417,MSFT,Microsoft Corporation,,,
2024-02-16,1.2379273810478353,1.2341009063680035,1.2493517132263516,1.277569029560875,1.29091193610614,-0.3982286157235325,-0.4266399922253941,1.3094762341756638,1.2831241837763168,MSFT,Microsoft Corporation,,,
2024-02-20,1.2199093950237012,1.215516814877053,1.1939018085062707,1.197778578482114,1.2219133237490514,-0.2024586196846675,-0.2438466706994538,1.2910570210174095,1.2820376527561197,MSFT,Microsoft Corporation,,,
2024-02-21,1.2112545800341217,1.2065902882685564,1.1617996539646671,1.1861698817638773,1.1770353396719424,-0.7659032388896937,-0.1448215036979263,1.275068236616736,1.280251369842264,MSFT,Microsoft Corporation,,,
2024-02-22,1.3456115093981171,1.345167368235669,1.315599117442476,1.352951341854134,1.3235110089459527,0.0605276233783797,1.379046963690536,1.296831533401191,1.2910237776618936,MSFT,Microsoft Corporation,,,
2024-02-23,1.3270261380623083,1.3259978209248302,1.3598128895571144,1.3588290097139055,1.4036197072445329,-0.9822683085896028,-0.2462301396705179,1.3084847486860856,1.2991021158576344,MSFT,Microsoft Corporation,,,
2024-02-26,1.2873012858935384,1.2850248449715744,1.3058227202000898,1.335170802398882,1.3420761481386605,-0.9922349226864404,-0.4676414682483941,1.3072444691293046,1.30278088778986,MSFT,Microsoft Corporation,,,
2024-02-27,1.2864493323314106,1.284146884527715,1.2497894557101488,1.2835937848592676,1.291350468650329,-1.1243801566637537,-0.0616903952821884,1.3061002206717327,1.3060466213068938,MSFT,Microsoft Corporation,,,
2024-02-28,1.2898540819987654,1.2876587263031527,1.2640893403893645,1.3051945617828495,1.294127990135703,-1.285237804298949,-0.0169200646963537,1.306097419564795,1.3093296056210566,MSFT,Microsoft Corporation,,,
2024-02-29,1.3738454956135508,1.3742878781968226,1.335590545036648,1.3140112877911638,1.300852750635303,0.541085830817125,0.8301638019573365,1.3271967277062855,1.3200635166299122,MSFT,Microsoft Corporation,,,
2024-03-01,1.400234166174118,1.4015055451003544,1.3599589521559805,1.3868953558144304,1.3392986266532871,-0.8335964039712441,0.2206895092434914,1.3496509118469504,1.332256340599847,MSFT,Microsoft Corporation,,,
2024-03-04,1.3920062035602203,1.3930184452857317,1.381555287086471,1.4080553188594622,1.3710206344047218,-0.8557292950417611,-0.1376015470829087,1.3644244147936584,1.342581581673518,MSFT,Microsoft Corporation,,,
2024-03-05,1.217923108635531,1.2134679427934176,1.3363199674053738,1.2364249061051542,1.378622013876175,0.0516997728062782,-1.850890386819236,1.3317691359309731,1.3359065700292718,MSFT,Microsoft Corporation,,,
2024-03-06,1.209977963082854,1.2052733476027664,1.203678651061458,1.2033625199019573,1.2179665308513488,-0.3935956974519555,-0.1372997418781716,1.3052815945842284,1.3291053270918316,MSFT,Microsoft Corporation,,,
2024-03-07,1.310001076333604,1.3084381654756971,1.2710936654429068,1.259935577544244,1.264014232457312,-0.7464761278181229,1.0134063430456122,1.310545038424855,1.3321509067581896,MSFT,Microsoft Corporation,,,
2024-03-08,1.268573192635195,1.2657088220627777,1.2804327655142975,1.2906468069160693,1.29091193610614,-0.8161937613880935,-0.4866980536234221,1.304084572683102,1.3310973152431849,MSFT,Microsoft Corporation,,,
2024-03-11,1.244453625524017,1.2408320852949075,1.211266335884863,1.2455353585533984,1.2295151493370304,-0.9993108293743324,-0.3072054094001628,1.2931795938512345,1.3279141381755637,MSFT,Microsoft Corporation,,,
2024-03-12,1.3971126713652913,1.3982862079488882,1.3555815273180174,1.32679533870643,1.2859417518998209,-0.3826071160893285,1.564673392509663,1.3233538391675814,1.339105267828273,MSFT,Microsoft Corporation,,,
2024-03-13,1.394559437462756,1.39565232661731,1.3936664593467056,1.395271267944196,1.439142181673431,-0.9024575316422678,-0.0790812431672836,1.3453430667194866,1.3490434506059568,MSFT,Microsoft Corporation,,,
2024-03-14,1.538138567128004,1.5437409424408637,1.5343336483106231,1.4913722809666223,1.4704252107641504,0.7561856077117713,1.4297004163429434,1.397906792874888,1.3713253402522283,MSFT,Microsoft Corporation,,,
2024-03-15,1.4132870929237915,1.414968349526107,1.458163338940445,1.414961701914955,1.45653804945381,1.8192846226934287,-1.3111230357721355,1.4059627857611452,1.3800623130547325,MSFT,Microsoft Corporation,,,
2024-03-18,1.426055889220319,1.428138202755944,1.4308763517206011,1.4295090083444215,1.3828614592143535,-0.6114304534102849,0.0786869208178663,1.4152127225372204,1.389183115220186,MSFT,Microsoft Corporation,,,
2024-03-19,1.4840837334609849,1.4879882213960662,1.444592876629956,1.4555179240535046,1.4351949426592034,-0.6375246842634319,0.5432100460831334,1.4367286804732131,1.4028286318295495,MSFT,Microsoft Corporation,,,
2024-03-20,1.538279975658614,1.543887418038822,1.5071922783768434,1.5306065099068336,1.4961536430006488,-0.8300243850517719,0.4984577847122023,1.4664815296697116,1.4202340064563843,MSFT,Microsoft Corporation,,,
2024-03-21,1.5970161759442565,1.6044689215248462,1.5781096779414654,1.6261200700494025,1.6106150981992735,-0.495588030577702,0.5392639755654166,1.503552634285977,1.4414763083047355,MSFT,Microsoft Corporation,,,
2024-03-22,1.5880781060961486,1.5952498902923773,1.564101027834378,1.6101032345456654,1.6087150879188046,-0.8506194587128159,-0.1419480413580676,1.52911042526803,1.459962830149413,MSFT,Microsoft Corporation,,,
2024-03-25,1.5046549533876543,1.5092061942185953,1.5283508708235378,1.544565915019129,1.5435169422391797,-0.8105194098075696,-0.886659124434582,1.5273201253856008,1.4690718092823474,MSFT,Microsoft Corporation,,,
2024-03-26,1.4874880453310322,1.491500063171504,1.5076300208606397,1.540745677550799,1.5489256589896878,-0.9404455148648834,-0.226723837582643,1.5216645078566402,1.4757688126100077,MSFT,Microsoft Corporation,,,
2024-03-27,1.4843665505222057,1.4882807260200386,1.4851586462753583,1.5063608497119518,1.5318224436497858,-0.9424505173101456,-0.0844592203877708,1.5166385724218392,1.4815689960038942,MSFT,Microsoft Corporation,,,
2024-03-28,1.4742937100507487,1.477891229719738,1.4475110114176648,1.5079770177875311,1.4809504379412155,-0.4396231564987782,-0.1551692858377008,1.5103384916165457,1.4859125299213811,MSFT,Microsoft Corporation,,,
2024-04-01,1.5289163668267505,1.5342294065844242,1.535355195877081,1.5535297284660652,1.524659596722521,-0.980311971252235,0.5037056615815833,1.5193364411411718,1.4949008993410078,MSFT,Microsoft Corporation,,,
2024-04-02,1.484508834647433,1.488427201617997,1.4549530789550045,1.4891682115738718,1.4685247543671558,-0.8249729468523004,-0.5010047247665756,1.5149282688429702,1.4989749298187878,MSFT,Microsoft Corporation,,,
2024-04-03,1.4704629836023286,1.4739404077223714,1.4677941188967665,1.5075362039089812,1.4629701575129346,-0.9621793520506636,-0.1955704415957454,1.50809335930116,1.5013826681528413,MSFT,Microsoft Corporation,,,
2024-04-04,1.4340010347729963,1.4363327979465943,1.5467369457685878,1.4852008866669215,1.5398623556654285,-0.6829778950370969,-0.4244043997470273,1.49380673489196,1.5002073976611363,MSFT,Microsoft Corporation,,,
2024-04-05,1.5423943947628722,1.5481307446601609,1.5152181509968454,1.4962216820679872,1.467063276630875,-0.9570695157217184,1.0589677773013355,1.5103237480522684,1.509139769782057,MSFT,Microsoft Corporation,,,
2024-04-08,1.5291996216852792,1.534521911208395,1.5264538382894863,1.5693994765311827,1.5424939970470883,-1.1792160002395198,-0.1856287940810805,1.5193965464161252,1.5160427061544928,MSFT,Microsoft Corporation,,,
2024-04-09,1.5531769046712296,1.5592521723783066,1.5331660381452978,1.54471300245775,1.5610591362397976,-1.3520257983736577,0.1892974173272769,1.532225028256841,1.5245303417603446,MSFT,Microsoft Corporation,,,
2024-04-10,1.510330995490942,1.5150598592735849,1.4790298061894074,1.516500017355918,1.4989311644860228,-0.9899865947017048,-0.4835058844850389,1.5310820863179464,1.5282932411906864,MSFT,Microsoft Corporation,,,
2024-04-11,1.5765872401428138,1.5833969777283312,1.55695108549477,1.5555867104201946,1.551995832915538,-0.8196781831133553,0.6181656220929905,1.5468706303656063,1.5378271218782225,MSFT,Microsoft Corporation,,,
2024-04-12,1.4910350791236149,1.4951583805448998,1.4958105284853374,1.5175282841143256,1.5261210744588016,-0.6943752633060395,-0.9095600790356062,1.5372185182856164,1.5386009056007364,MSFT,Microsoft Corporation,,,
2024-04-15,1.3738454956135508,1.3742878781968226,1.5197416384336755,1.4243658808031292,1.5633981251809803,-0.5951276422655549,-1.2431928778370849,1.5005375517469015,1.5284919711568938,MSFT,Microsoft Corporation,,,
2024-04-16,1.3871821150190615,1.388042740674602,1.3968767193321452,1.4287744680259422,1.3875394370967222,-0.936552306233306,0.0854535311055985,1.476377424817871,1.5205325199756003,MSFT,Microsoft Corporation,,,
2024-04-17,1.3483074652231872,1.3479477251652054,1.4038810443856884,1.3788131701245945,1.4267164980993712,-1.0251325356232688,-0.4546088472996696,1.4484907374342295,1.5097099264147804,MSFT,Microsoft Corporation,,,
2024-04-18,1.2409070295287423,1.2371737679215116,1.3018830378459223,1.2850633139335397,1.3299431170050764,-0.521507067042428,-1.170400820581295,1.4005931957097064,1.4899620162754466,MSFT,Microsoft Corporation,,,
2024-04-19,1.167840847744851,1.1618125193439457,1.2083482010971536,1.1942516190164003,1.2334619422347328,0.4066241377040236,-0.8273370726016306,1.3463134084529025,1.465267995953108,MSFT,Microsoft Corporation,,,
2024-04-22,1.1939458256495807,1.188737681623506,1.1699711438707336,1.1645691048402962,1.1757192959228495,-0.5938234173739766,0.2275902082588753,1.3121619981075834,1.445227435016175,MSFT,Microsoft Corporation,,,
2024-04-23,1.2877263870799858,1.285463825193505,1.2480384857749631,1.2719850881410308,1.2365316700440572,-1.0369094917337902,0.9496846741441642,1.310109205612219,1.4356613085406622,MSFT,Microsoft Corporation,,,
2024-04-24,1.308866305710255,1.3072672538359211,1.3103462076369194,1.3266482512678088,1.3143013794014542,-1.1020428721400786,0.1695678634583902,1.313880654946802,1.428915282379447,MSFT,Microsoft Corporation,,,
2024-04-25,1.166705201526885,1.1606420542761149,1.1267789193225537,1.051128366241168,1.0872784792846746,1.3819410310651925,-1.5421941101195853,1.2809936911534752,1.4096661859296091,MSFT,Microsoft Corporation,,,
2024-04-26,1.269991655914381,1.2671722383265256,1.3180799550591895,1.3116601309597922,1.3524554952120125,0.3218397867298488,1.0566048106453312,1.282277426915876,1.4016966238824842,MSFT,Microsoft Corporation,,,
2024-04-29,1.2122479421268613,1.2076147243103732,1.220605435956254,1.215117855621503,1.2512963425593011,-0.6624217534623688,-0.6618084258726943,1.2687331063101004,1.3891239041975676,MSFT,Microsoft Corporation,,,
2024-04-30,1.0289435224955348,1.0185526859616187,1.1599026214306158,1.067880190500698,1.1963312177327912,0.2329481006493599,-2.0057789593131825,1.2125227593547452,1.360781768724271,MSFT,Microsoft Corporation,,,
2024-05-01,1.108535948755609,1.1006455600380345,1.153482101459735,1.0846315663229151,1.0665202312544952,-0.2750085625341106,0.8234421830958856,1.1903612376259634,1.342359702874151,MSFT,Microsoft Corporation,,,
2024-05-02,1.14968057759549,1.1430819522550366,1.1273622790924154,1.1484051818979373,1.14034314771419,-0.8446920485712395,0.3937655983568567,1.1840769820034396,1.3294085363728632,MSFT,Microsoft Corporation,,,
2024-05-03,1.274815306658231,1.2721474963657098,1.2327166082164869,1.2543516361244007,1.2078798362184726,-0.8702606962591234,1.2953173252940646,1.210801754965,1.3291801733695838,MSFT,Microsoft Corporation,,,
2024-05-06,1.3724265945370562,1.3728244619330754,1.331650417369679,1.3206234959694154,1.3026068808120597,-0.9140690263859472,0.9760067061889578,1.2553685045810294,1.3379785738885643,MSFT,Microsoft Corporation,,,
2024-05-07,1.3128384406892852,1.3113645514312466,1.3424488074913243,1.360592265228106,1.388855034729289,-0.6199760463565971,-0.6702898970184383,1.2738230602841738,1.3404792812059658,MSFT,Microsoft Corporation,,,
2024-05-08,1.3298635024179888,1.328924653452325,1.3068442677665486,1.3256195360720875,1.293982110031989,-1.420604668418892,0.125523574737411,1.2919412332100402,1.3443234509848083,MSFT,Microsoft Corporation,,,
2024-05-09,1.3551178401525152,1.3549718552880263,1.3139942101061564,1.360739352666727,1.329066051916699,-1.1386001011905895,0.2109122397476661,1.311874584179041,1.350148215806326,MSFT,Microsoft Corporation,,,
2024-05-10,1.389450780671143,1.3903841173822085,1.3528090098163723,1.4004139470481765,1.3637114612572188,-1.2639030209979052,0.3041411697661005,1.3354501626618671,1.3586111493537136,MSFT,Microsoft Corporation,,,
2024-05-13,1.3749802662369,1.3754583432646537,1.3961472969634183,1.3860137280573308,1.4378265840408635,-1.0655537742406205,-0.202266380708939,1.349496376778136,1.3649696184463709,MSFT,Microsoft Corporation,,,
2024-05-14,1.4152733793119607,1.417016775037797,1.383597936906587,1.3967403485811545,1.3502623863745415,-1.0977603426453435,0.3646766427499858,1.370153994238514,1.3744676467737111,MSFT,Microsoft Corporation,,,
2024-05-15,1.5186040512276038,1.5124255313700614,1.4758195462039667,1.4807922994441067,1.4362183339678198,-0.4037764380235302,1.0104023044600268,1.4116072748403656,1.392635914207947,MSFT,Microsoft Corporation,,,
2024-05-16,1.4888973148667433,1.4818420517171054,1.4993129136685088,1.5260512836827116,1.4932297952950384,-0.8621433562622848,-0.3531211549528785,1.4352339248629071,1.406411660047448,MSFT,Microsoft Corporation,,,
2024-05-17,1.4778114114236691,1.470428119374988,1.4628328889761404,1.4919601822837931,1.504047674912579,-1.0741188332300904,-0.1653865240448294,1.4501687683715716,1.417912236085018,MSFT,Microsoft Corporation,,,
2024-05-20,1.5507252397442408,1.5454968633285826,1.5190117707521469,1.5207610687027973,1.469986678219961,-0.9845847677253912,0.6895988768395651,1.4796882557594346,1.4350946232184705,MSFT,Microsoft Corporation,,,
2024-05-21,1.603314328022767,1.5996401390836197,1.6094824101143412,1.5921760560891054,1.566760059314256,-0.4802974536771822,0.4762168458434826,1.5150399820561202,1.4555670523121902,MSFT,Microsoft Corporation,,,
2024-05-22,1.6243496130963309,1.6212970921280785,1.6013109202082747,1.6256792561708524,1.614416010993263,-0.8092346509591491,0.1570200392969421,1.546838533089668,1.47611915003566,MSFT,Microsoft Corporation,,,
2024-05-23,1.5743190122880408,1.5697881442765644,1.6186754475868663,1.6005519682188702,1.6565169197015237,-0.8931332969696402,-0.5498904860779653,1.5581181119136052,1.4901868542515695,MSFT,Microsoft Corporation,,,
2024-05-24,1.6192335137504754,1.6160293294649215,1.5816116178118351,1.585710486912162,1.5720228959610518,-1.4144728648241576,0.3972686418977348,1.5778617978518557,1.5071196657051489,MSFT,Microsoft Corporation,,,
2024-05-28,1.6215074329702577,1.6183707061725292,1.5781096779414654,1.6178912453582586,1.6076916966101873,-1.0385154402943158,-0.0301158468066786,1.5932408456946443,1.5227229314383184,MSFT,Microsoft Corporation,,,
2024-05-29,1.6051627082587934,1.6015425355692965,1.5798606478766508,1.604519293125822,1.5500953765185432,-1.0580690806464128,-0.2152257296679432,1.6006687984907346,1.5353996895605655,MSFT,Microsoft Corporation,,,
2024-05-30,1.3990705009284152,1.389360127912336,1.4829694885435754,1.4362683039612942,1.529775661032553,0.1952910401604283,-2.10713348291145,1.554462613905594,1.5279091334543278,MSFT,Microsoft Corporation,,,
2024-05-31,1.4056085659319242,1.3960913068392398,1.3727999920977425,1.293292138624683,1.4194073249518682,2.1030411338059416,0.0147218604317742,1.5214505526967783,1.5217027647144383,MSFT,Microsoft Corporation,,,
2024-06-03,1.3827249006223343,1.372531510737159,1.3681304420620477,1.3580944693954264,1.4015729246273,-0.866562148059125,-0.2885586462985683,1.490942376495924,1.5139492739004834,MSFT,Microsoft Corporation,,,
2024-06-04,1.4189692641893965,1.4098466158889646,1.3682765046609136,1.3692619037978009,1.3562559618894778,-1.1717702387316282,0.3222397734787068,1.4771670220150697,1.5102446941341103,MSFT,Microsoft Corporation,,,
2024-06-05,1.5318220275625405,1.5260348113937725,1.479759228558134,1.4665387194545705,1.4349027363352522,-0.9149060662417362,1.1076461276593133,1.495187836601494,1.517289136370036,MSFT,Microsoft Corporation,,,
2024-06-06,1.5390697620029512,1.5334974751665773,1.497707561019388,1.5294307072724913,1.5255366618108983,-1.121898236161123,0.0203963602833868,1.510524317103607,1.5243618793940297,MSFT,Microsoft Corporation,,,
2024-06-07,1.529547670545451,1.5236934346861657,1.511861828412539,1.5649913377456808,1.5575508758862842,-1.2425487716537036,-0.1486903614271277,1.5196344145396965,1.5299130999835018,MSFT,Microsoft Corporation,,,
2024-06-10,1.5866845972635406,1.582519017284471,1.5381272680659237,1.578069563538189,1.5356233564437751,-1.2073930977105605,0.5239798381743772,1.5408216651507507,1.5402313428607075,MSFT,Microsoft Corporation,,,
2024-06-11,1.6550501493472405,1.6529050078228529,1.6072936976953602,1.5980537239488777,1.5470256487092182,-1.1520900690990048,0.6308325900929251,1.5738877810981056,1.5559192397229058,MSFT,Microsoft Corporation,,,
2024-06-12,1.7741572850680556,1.7755318776305926,1.7616769662558305,1.7156088748935778,1.6908701227180931,-0.391444699683009,1.124941087283139,1.6286110027984655,1.5811702592811665,MSFT,Microsoft Corporation,,,
2024-06-13,1.78154817922831,1.783141017001356,1.7615313489697657,1.805538493616304,1.7717095598848138,-1.0149031299437994,0.0189580884733049,1.671510255071965,1.6048076447161783,MSFT,Microsoft Corporation,,,
2024-06-14,1.7956189847199922,1.797628257468927,1.7578833465005288,1.766598439553334,1.7341403028386828,-1.246412781220544,0.0835901169945727,1.707219743973988,1.627594405062362,MSFT,Microsoft Corporation,,,
2024-06-17,1.8780557800926816,1.8825010419029324,1.8717008454155988,1.825376015025684,1.797145339680836,-0.5448565858103129,0.7441483247523801,1.7547126983255694,1.655915586330896,MSFT,Microsoft Corporation,,,
2024-06-18,1.8492031862804907,1.852795522693836,1.8600274156391603,1.8866518347680268,1.9012278939226328,-0.902788454375952,-0.3280280825440296,1.7830836923958993,1.679000060405662,MSFT,Microsoft Corporation,,,
2024-06-20,1.840107071604054,1.8434304624353544,1.807350028420724,1.8334577522782072,1.851379279522681,-0.6336801407397492,-0.1399162839165064,1.8020766944031408,1.6991467024337872,MSFT,Microsoft Corporation,,,
2024-06-21,1.898095951884274,1.9031340054775183,1.86644749029724,1.9104566810843584,1.8671673433465408,0.7590860481422965,0.503884743169825,1.8308901622325493,1.7228121148583924,MSFT,Microsoft Corporation,,,
2024-06-24,1.8681068362595004,1.872258021200591,1.8981123476678488,1.9089871520100872,1.9025434915552013,-1.019467917064324,-0.3379752168492553,1.844966009705799,1.7415592118075405,MSFT,Microsoft Corporation,,,
2024-06-25,1.9147265582381163,1.920255127276668,1.878705170469141,1.9139831921127592,1.879885233244552,-0.9708320082343442,0.3927868572714043,1.8672353046783088,1.7629033470400477,MSFT,Microsoft Corporation,,,
2024-06-26,1.9319245499036344,1.9379612583237584,1.9105156451258145,1.9351431551577911,1.8908489929658063,-0.9617219000364534,0.1104249256806736,1.88825797775098,1.783893861032133,MSFT,Microsoft Corporation,,,
2024-06-27,1.9417312096115893,1.9480582500000867,1.9480172173846413,1.987748887893126,1.93733522711596,-1.1272513980295416,0.040055031128673,1.9064887384114428,1.8038809476670647,MSFT,Microsoft Corporation,,,
2024-06-28,1.857872886378555,1.8617220493023336,1.9364894048942685,1.9089871520100872,1.9503457694544468,0.1921570072120086,-0.8449498047378462,1.8990938366217127,1.8143139260566203,MSFT,Microsoft Corporation,,,
2024-07-01,1.996878347563044,2.0048354070867016,1.9655273620492968,1.8979663566090208,1.8858788087594875,-0.849227636627027,1.2778041110271845,1.928470409635744,1.8366236451630635,MSFT,Microsoft Corporation,,,
2024-07-02,2.0331222733327974,2.042150065666561,1.9979216417886327,2.007439321863885,1.9522462258514417,-1.2076948213795078,0.286760700615874,1.959608507076954,1.8602492158405035,MSFT,Microsoft Corporation,,,
2024-07-03,2.05429940473428,2.063953494308979,2.018788109037595,2.077531867614544,2.025191631106233,-1.6015902046793422,0.1445308532400981,1.9882824729375248,1.8836808932157,MSFT,Microsoft Corporation,,,
2024-07-05,2.15080744339596,2.163313519210555,2.1257477908107885,2.093548703118281,2.045949433019886,-1.0110391203769589,0.8433200207785279,2.034033944694017,1.9138866312178744,MSFT,Microsoft Corporation,,,
2024-07-08,2.132046077542179,2.143997496301758,2.1162630734533336,2.174220781954141,2.147400791996549,-1.3067283159452556,-0.2243954421722277,2.063634075589456,1.939615395266044,MSFT,Microsoft Corporation,,,
2024-07-09,2.0368177204129245,2.045954858637916,2.110863655736109,2.079295123128744,2.1539792262759114,-0.8935712829406925,-0.92652714508519,2.0619096745413503,1.9542190361251448,MSFT,Microsoft Corporation,,,
2024-07-10,2.132188361667405,2.1441439718997164,2.098168678393213,2.091932086605389,2.0694852025354384,-0.7973214325465225,0.8351296100849371,2.084576619432686,1.97629434560482,MSFT,Microsoft Corporation,,,
2024-07-11,1.9680257537508528,1.9751298878776056,2.073654208675014,1.984516103304655,2.095213634771937,-0.3189336889198816,-1.55902159092701,2.060333775050616,1.98121651767389,MSFT,Microsoft Corporation,,,
2024-07-12,1.951680153444772,1.958301270702429,1.950789289573484,1.971291238510838,1.9687645824269164,-0.9795041304611828,-0.2065213626955921,2.0380450886998625,1.984183109861135,MSFT,Microsoft Corporation,,,
2024-07-15,1.957507235619454,1.9643009647834304,1.9639224547129777,1.9827528477904544,1.9537077035877224,-1.1639351563605789,0.0022331927744859,2.02279252886728,1.9874176414837663,MSFT,Microsoft Corporation,,,
2024-07-16,1.8944009426014543,1.8993292125061645,1.9207297848519973,1.912660750477109,1.9671567784703976,-0.8966371847380598,-0.6474454076599715,1.99549873007064,1.9845356887420809,MSFT,Microsoft Corporation,,,
2024-07-17,1.809121529305384,1.8115295955446635,1.7828355587025244,1.8027465229063824,1.797145339680836,-0.4486943326103534,-0.8643431606334518,1.9536033840671705,1.9740475159483315,MSFT,Microsoft Corporation,,,
2024-07-18,1.764350187562792,1.7654348859542646,1.7799169786020144,1.732507338154416,1.822727445697096,-0.5443894007745237,-0.4845882725422665,1.9109338391802024,1.9603820324510648,MSFT,Microsoft Corporation,,,
2024-07-19,1.7180145960373208,1.71773028450216,1.728699326746634,1.6972408825584684,1.6584173760985186,-0.5302181213555822,-0.5028737950576077,1.867290654073768,1.943683760809872,MSFT,Microsoft Corporation,,,
2024-07-22,1.8008782437856914,1.8030424957300413,1.7791875562332875,1.7987791979994308,1.7854508410914414,-1.0296778567006353,0.7582800045214609,1.8553763422922,1.9361488415409231,MSFT,Microsoft Corporation,,,
2024-07-23,1.828025179284392,1.8309920940514188,1.8344913983545024,1.8603487441817024,1.816295337637972,-1.2926349006989457,0.2094670046477494,1.853260812613004,1.93180359850598,MSFT,Microsoft Corporation,,,
2024-07-24,1.6013245392561306,1.597591266999984,1.73366055666726,1.632438551787725,1.7658623105901172,0.0406625263357565,-2.23291191126346,1.794719499233559,1.90693708043325,MSFT,Microsoft Corporation,,,
2024-07-25,1.4520855659880056,1.4439419373173574,1.563225542866786,1.4843192589098206,1.5955582193600792,0.3460847434829965,-1.5413362990192032,1.7133197696134916,1.8705617773398449,MSFT,Microsoft Corporation,,,
2024-07-26,1.54972968866496,1.544472427286765,1.5503849482378247,1.4807922994441067,1.4406041055262375,-0.2729354289377957,0.9456765075165832,1.6768013914758542,1.8465023526997004,MSFT,Microsoft Corporation,,,
2024-07-29,1.5704821566773033,1.5658373222791973,1.597516855140172,1.5899719866963555,1.6361972042155335,-1.096154394084818,0.1560344210756502,1.6546263112246016,1.826544853208784,MSFT,Microsoft Corporation,,,
2024-07-30,1.516329256413205,1.5100846012343996,1.5522815354590755,1.482114741079757,1.579770601652743,0.6131393895660421,-0.5956335053923305,1.6243900092126295,1.8034053112240949,MSFT,Microsoft Corporation,,,
2024-07-31,1.4513750209564873,1.4432104524714564,1.4461977839662756,1.406438702346569,1.47422612355814,1.606277445438256,-0.7097873205838058,1.5853941397873386,1.7763764294565152,MSFT,Microsoft Corporation,,,
2024-08-01,1.4337506147125976,1.4250648946304902,1.5290802931922645,1.419369840700456,1.4784655688963189,0.3804033775703505,-0.2329613579106247,1.5517194064909876,1.7501786213744104,MSFT,Microsoft Corporation,,,
2024-08-02,1.3112326001621075,1.2989261830473118,1.3472639748130844,1.2907938943546904,1.3571330269778552,0.2968453873151225,-1.3093473287605577,1.495682796695228,1.7150584359077237,MSFT,Microsoft Corporation,,,
2024-08-05,1.121627839465729,1.1037184215915414,1.143559641618483,1.0151269218894283,1.0162335304268784,1.3938834485425555,-2.038465434980442,1.4060203796990325,1.6656373098990735,MSFT,Microsoft Corporation,,,
2024-08-06,1.1850191385314912,1.1689826784927793,1.2111207185987978,1.2049786879775368,1.1745500245105205,-0.1403035438815357,0.6335802242764087,1.3546995487786533,1.6265577453470748,MSFT,Microsoft Corporation,,,
2024-08-07,1.1682475614443468,1.1517155276676183,1.2754710902808706,1.1898434802308993,1.300852750635303,-0.558395218826623,-0.2322832204984129,1.311995353129174,1.589483456486309,MSFT,Microsoft Corporation,,,
2024-08-08,1.228795804789418,1.2140533986133064,1.2138927907876405,1.2261386510225687,1.2102188251596575,-0.60198942247871,0.5974030737930994,1.295178918998806,1.5613659777829014,MSFT,Microsoft Corporation,,,
2024-08-09,1.2761256340022449,1.2627819895352828,1.2458493280431802,1.260229752421486,1.2334619422347328,-0.6921464013644615,0.4500947659479393,1.2944574050899564,1.5401714706315437,MSFT,Microsoft Corporation,,,
2024-08-12,1.287354697165162,1.2743423974753585,1.256209975681029,1.289324365280419,1.2777555136639396,-0.9368150978159376,0.0655866995111663,1.2967373801024948,1.521939774610274,MSFT,Microsoft Corporation,,,
2024-08-13,1.3896889424069077,1.3797021164579375,1.3465345524443584,1.3676457357222216,1.314739911945643,-0.6787537636718356,1.0234436155151816,1.3241570936752454,1.5148072674640651,MSFT,Microsoft Corporation,,,
2024-08-14,1.430197013960388,1.4214065772570943,1.3869542594908932,1.4099656618122836,1.3909013712299976,-0.7904207202470518,0.3658545402587234,1.3548988403764337,1.5120606048567795,MSFT,Microsoft Corporation,,,
2024-08-15,1.500252463654476,1.4824275075369933,1.4364209414110882,1.4865233283025712,1.4639931027050268,-0.5485454009887324,0.6662296661687465,1.3955553863201384,1.516027231548113,MSFT,Microsoft Corporation,,,
2024-08-16,1.4638010219605455,1.444966373359175,1.4397772639953947,1.4812331133226575,1.4756880474109455,-0.3515977093388153,-0.4224509562927772,1.416889993263493,1.5162701017201423,MSFT,Microsoft Corporation,,,
2024-08-19,1.507371923483528,1.489744142283785,1.4457600414824792,1.4688898762859408,1.451713745351204,-1.0856232647364013,0.3919039265274209,1.4438373937412197,1.52051091638346,MSFT,Microsoft Corporation,,,
2024-08-20,1.5539325428255122,1.5375947727619037,1.5057329883265884,1.545007177334992,1.491768317558758,-0.9733431278017116,0.4189643672443586,1.47574550493849,1.5286620692223398,MSFT,Microsoft Corporation,,,
2024-08-21,1.544535223600903,1.5279372078794493,1.5136127983477243,1.5461825315320217,1.52655960700299,-1.0045179959190669,-0.1472002600965361,1.4973156722896503,1.535205174350195,MSFT,Microsoft Corporation,,,
2024-08-22,1.422223849379974,1.4022370299462563,1.5193038959498786,1.4417051579425164,1.5306527261209304,-0.6838538669792018,-1.2842153368701388,1.4827646528350624,1.5298685208916136,MSFT,Microsoft Corporation,,,
2024-08-23,1.4398793392327602,1.4203825877872218,1.4094260793889768,1.4046754468323686,1.4227697052016686,-0.7683462273060084,0.1287068580069764,1.4762870286976535,1.5266459830283716,MSFT,Microsoft Corporation,,,
2024-08-26,1.3928909919204782,1.3720925305152292,1.3805337395200123,1.3936546514313028,1.413852281981122,-1.2881869098373686,-0.5341731976692259,1.4596237904042262,1.519381072498154,MSFT,Microsoft Corporation,,,
2024-08-27,1.397874438681891,1.3772142641523724,1.3379248747416932,1.377637815927565,1.3625417437283631,-1.2550849034473823,-0.0012630738816216,1.4483783676175648,1.5132364008761243,MSFT,Microsoft Corporation,,,
2024-08-28,1.351741547310205,1.3298026138961845,1.3472639748130844,1.334436262080403,1.3920710887588512,-1.119815369543229,-0.5287776408953587,1.4283541990399895,1.5033939328570964,MSFT,Microsoft Corporation,,,
2024-08-29,1.387622976908611,1.3666782922541143,1.4501374663204438,1.3827809434688585,1.3929481538472304,-0.9093387778985806,0.3204522516065699,1.4223506693121035,1.4977567971817694,MSFT,Microsoft Corporation,,,
2024-08-30,1.4448632237914818,1.425504321424365,1.383597936906587,1.4052633481495396,1.4025963159359165,-0.2024196875983517,0.538962279739444,1.432228656977946,1.497913339817774,MSFT,Microsoft Corporation,,,
2024-09-03,1.3352243304592348,1.312827967694995,1.4184730542626358,1.3303218497348308,1.436364660188058,-0.5912247006123987,-1.1751476227990167,1.4120922472685935,1.4879399336349954,MSFT,Microsoft Corporation,,,
2024-09-04,1.3275352963319662,1.3049258771283143,1.2923978751756655,1.2912347082332405,1.260944504647988,-1.0951810919269236,-0.1329269581725454,1.395058201410766,1.4781637800604237,MSFT,Microsoft Corporation,,,
2024-09-05,1.320273552377688,1.2974632133555095,1.3195392451094443,1.3170969849410146,1.2859417518998209,-1.1867006938337272,-0.1285703788437075,1.3804582778038772,1.4686063705190828,MSFT,Microsoft Corporation,,,
2024-09-06,1.225015425031463,1.1995666047176812,1.2837886427858027,1.2387756144992137,1.3069922062539512,-0.6597549055497383,-1.0488201397218246,1.3455763566201804,1.451128925033465,MSFT,Microsoft Corporation,,,
2024-09-09,1.2822556719143337,1.2583921873159858,1.254604623031908,1.2586131359085937,1.2803867089290746,-1.079676388551667,0.5557836260575593,1.3337955506941648,1.4405215496601134,MSFT,Microsoft Corporation,,,
2024-09-10,1.4030014829604576,1.3824824733874748,1.3666711520117918,1.340167290938868,1.294420642576179,-0.6612343248297377,1.2181853914161227,1.3552952701934635,1.4420189669396974,MSFT,Microsoft Corporation,,,
2024-09-11,1.5288725870959117,1.5118405221221185,1.478446001106745,1.3677923747235288,1.401134392083111,-0.6931002374791979,1.2450076553644498,1.4030430261637896,1.4549936209757337,MSFT,Microsoft Corporation,,,
2024-09-12,1.5852578158354946,1.5697881442765644,1.5277670657408755,1.5172345576743964,1.5153036409577845,-0.8752245372643845,0.5164563684826476,1.4530196693895985,1.471991085086708,MSFT,Microsoft Corporation,,,
2024-09-13,1.6363754673605202,1.6223215281698955,1.5928473051044765,1.6011394210987286,1.55214171301925,-1.0232735285016907,0.4584967339948729,1.503344589197248,1.492159641770764,MSFT,Microsoft Corporation,,,
2024-09-16,1.6470546571040974,1.6332964802900831,1.6176539000204075,1.6416960916745902,1.621871510361004,-1.2218174356905545,0.0531811869744574,1.543771243186667,1.5114799975592534,MSFT,Microsoft Corporation,,,
2024-09-17,1.701305186167967,1.689049201334881,1.7390595290716824,1.7012082074654196,1.7626462565605543,-0.7313218132197082,0.4843695670913424,1.5877207530717217,1.5340493256152463,MSFT,Microsoft Corporation,,,
2024-09-18,1.6395087826966728,1.625540865321362,1.654133924712776,1.6738768501206869,1.6861921448357249,-0.7290053540839196,-0.6591816255787938,1.6051575939526403,1.5488653161274502,MSFT,Microsoft Corporation,,,
2024-09-19,1.7517105414722405,1.740851100382312,1.7339522365521904,1.7692433228246347,1.77726460285556,-0.4556437100177188,1.059474862582264,1.6464240012676348,1.5726865761774027,MSFT,Microsoft Corporation,,,
2024-09-20,1.7030134712653089,1.6908051222225997,1.7009741517301928,1.7298624548831152,1.7186448914552983,2.8010739754045955,-0.5267724667943281,1.6651394991034278,1.5898492829490083,MSFT,Microsoft Corporation,,,
2024-09-23,1.6779535155357073,1.6650508715828154,1.660408382084791,1.6735831236807577,1.6756669176586594,-1.0958526704158706,-0.2985937655071118,1.6728802363663875,1.6031396130800084,MSFT,Microsoft Corporation,,,
2024-09-24,1.616157112064413,1.6015425355692965,1.6150274451176294,1.6105440484242148,1.656955452245713,-0.91220028624279,-0.6614758694267271,1.6631604977807364,1.6095201509331285,MSFT,Microsoft Corporation,,,
2024-09-25,1.658018852895438,1.6445639370342424,1.611671122533323,1.6468392192158845,1.6106150981992735,-1.2644772692710629,0.3638114401834762,1.666387741662526,1.6191829695670812,MSFT,Microsoft Corporation,,,
2024-09-26,1.6466278047284164,1.6328575000681538,1.6434815971899968,1.655068043907027,1.687507742468292,-1.1578422848521603,-0.1653056052198168,1.6659463681624296,1.6269163670139548,MSFT,Microsoft Corporation,,,
2024-09-27,1.599781303744053,1.5847139183941197,1.5931394303022082,1.6306752962735245,1.6353201391271552,-1.1185111446516507,-0.5165610366590898,1.6538459543156157,1.6296244849776418,MSFT,Microsoft Corporation,,,
2024-09-30,1.6322461631477776,1.6180777549766128,1.572272963053246,1.599816979463078,1.586933448580008,-0.9324936362348868,0.2711764159024302,1.6529268856938408,1.6350817466520768,MSFT,Microsoft Corporation,,,
2024-10-01,1.49541130101829,1.477452249497809,1.5439644282669438,1.5034217915634092,1.5904421550500474,-0.7100356950265593,-1.4107214560317078,1.6178601608325147,1.6274179683796526,MSFT,Microsoft Corporation,,,
2024-10-02,1.4447209396662548,1.425357845826407,1.4613735989258865,1.4725634747529628,1.504632087560481,-0.9543929347875092,-0.5672891255913317,1.578825029160523,1.615774004120048,MSFT,Microsoft Corporation,,,
2024-10-03,1.436320484912851,1.416724270413826,1.4136574416280752,1.4370032927170862,1.4322715410701172,-1.2362515066921274,-0.1387317744410967,1.5474382095420582,1.6044135229057146,MSFT,Microsoft Corporation,,,
2024-10-04,1.4294851555369446,1.4097001402910057,1.4165760217285843,1.4469953729224307,1.4411885181741388,-0.7025607344539309,-0.1228076965275491,1.522180834998786,1.593455158204541,MSFT,Microsoft Corporation,,,
2024-10-07,1.336648047306122,1.3142913839587411,1.3780529019032983,1.3592698235924556,1.4084435652306138,-0.5322231238008446,-1.0056081821088976,1.47991406533974,1.5749274899122607,MSFT,Microsoft Corporation,,,
2024-10-08,1.4102627891174273,1.389945137160279,1.3568947547694057,1.3470736739943607,1.333889909902779,-0.6967598535928806,0.7148775551078289,1.4667084354020623,1.5648761421586492,MSFT,Microsoft Corporation,,,
2024-10-09,1.4494193803799054,1.4301866282676334,1.4257690592011096,1.4371499317183951,1.406396782613381,-1.1108999217769169,0.3504794194434733,1.4666416381165297,1.5593512951764257,MSFT,Microsoft Corporation,,,
2024-10-10,1.4263531535927163,1.4064808031395395,1.381555287086471,1.4202514684575562,1.3971875991854084,-1.2204840117342393,-0.2886880204327707,1.4607965444031423,1.5522005257531777,MSFT,Microsoft Corporation,,,
2024-10-11,1.4331871695766978,1.4135049332623606,1.3783450271010305,1.4217209975318277,1.4104903478478463,-1.1916256027526724,0.0174502957825207,1.4581296539802229,1.5463303596050917,MSFT,Microsoft Corporation,,,
2024-10-14,1.4733415009049993,1.454770860411532,1.4791758687882732,1.4844658979111287,1.434317877570825,-0.9475019555096172,0.3591545061123742,1.466217576491284,1.5446986422519622,MSFT,Microsoft Corporation,,,
2024-10-15,1.467645320125525,1.4489171953565425,1.4564123690052593,1.4512568727066235,1.498784838265785,-0.7287912276091829,-0.1107667313161442,1.4708524501852087,1.542689710685937,MSFT,Microsoft Corporation,,,
2024-10-16,1.430339298085616,1.410578100734865,1.367108894495588,1.3810176879546578,1.39631053409703,-1.0588671884158862,-0.4331881365827535,1.4649561042166377,1.537421408208828,MSFT,Microsoft Corporation,,,
2024-10-17,1.4388829125588627,1.419358151745404,1.45670404889019,1.456105825370675,1.5014160335309188,-1.1259179740732264,0.0349478178074292,1.4626802820406144,1.533420309962317,MSFT,Microsoft Corporation,,,
2024-10-18,1.4593871494973485,1.4404300955419198,1.4151167316783295,1.4659512665747112,1.4251086941428526,-0.8995960232980584,0.1573906007373314,1.4661247549404668,1.531674749867369,MSFT,Microsoft Corporation,,,
2024-10-21,1.4682144566264332,1.4495026511764304,1.4050482092382115,1.4290681944658714,1.4101976954073705,-1.1856689935463591,0.0374172561004236,1.4709258198530226,1.5309023193013325,MSFT,Microsoft Corporation,,,
2024-10-22,1.5925204353843914,1.5772512546213144,1.574607292758292,1.4921072697224145,1.4448431047478902,-0.0881637472831366,1.2148550389724784,1.5057563738482436,1.541669070642075,MSFT,Microsoft Corporation,,,
2024-10-23,1.551085109131738,1.534668386806353,1.581903297696766,1.5580849546901872,1.6256719770384684,-0.6553847788607927,-0.4666312598960236,1.5214693709077247,1.5476340394243095,MSFT,Microsoft Corporation,,,
2024-10-24,1.552936553948924,1.53657078329203,1.5074844035745754,1.5561746117373658,1.544832539871747,-1.24645171330686,-0.0341099782048036,1.5337192626092486,1.5532275599343166,MSFT,Microsoft Corporation,,,
2024-10-25,1.6016327485612378,1.5866163148797965,1.6029158275445945,1.6174504314797091,1.5657371141221643,-0.9235587224254168,0.436882531322157,1.5551407690576422,1.5628054819768555,MSFT,Microsoft Corporation,,,
2024-10-28,1.5794202265254111,1.563788450195562,1.5944526577535982,1.6134826581354451,1.6373669217443882,-1.119844568607966,-0.2742816970763297,1.5656263818910894,1.569463268750928,MSFT,Microsoft Corporation,,,
2024-10-29,1.655740555702572,1.6422230068985817,1.6124009902148513,1.6061354612014016,1.5838637207706838,-0.8510477116622894,0.7112822864614989,1.5926647714651831,1.582557417424246,MSFT,Microsoft Corporation,,,
2024-10-30,1.6639987263307496,1.6507101067132033,1.6901762069213482,1.6987104116327398,1.7218609454848617,0.3271345504687939,0.0289125729022474,1.615018288052494,1.5952231204097895,MSFT,Microsoft Corporation,,,
2024-10-31,1.2912261387632624,1.2676112185484545,1.3641907597078795,1.3195947807736952,1.399087609465878,2.684657304298855,-3.733165171516612,1.538130675941998,1.572343923458676,MSFT,Microsoft Corporation,,,
2024-11-01,1.348466385646133,1.32643680114676,1.354559979751558,1.3372282327903244,1.306261467385811,-0.2100017114083485,0.5488201793400972,1.4948456018208844,1.556825864934873,MSFT,Microsoft Corporation,,,
2024-11-04,1.3212699790515856,1.298487202825382,1.2804327655142975,1.3088681602498715,1.3178096397549683,-0.6536425679981619,-0.3357444818681186,1.4555491633046869,1.540209291032106,MSFT,Microsoft Corporation,,,
2024-11-05,1.3639863002285888,1.3423870113061325,1.345804684762829,1.3457507839213976,1.2969055116210753,-0.8528093885680782,0.3938658781896028,1.4368085809631592,1.5290444913940675,MSFT,Microsoft Corporation,,,
2024-11-06,1.4881491192667025,1.469989139153059,1.426790606767569,1.381605140834516,1.356110081785764,0.0285935795778669,1.2359199314543785,1.4539469330818844,1.5303504260059124,MSFT,Microsoft Corporation,,,
2024-11-07,1.562903009674441,1.5468138039943724,1.5201793809174713,1.519144900627218,1.4856284158235835,-0.6313052834744871,0.7070173728904913,1.485581336117589,1.5384347286991982,MSFT,Microsoft Corporation,,,
2024-11-08,1.52175312726686,1.5045238873753268,1.5150720883979794,1.5470641592891217,1.544686659768035,-0.9243081650869954,-0.4657896734390814,1.4989689328510964,1.541987443979352,MSFT,Microsoft Corporation,,,
2024-11-11,1.4572511364297094,1.438235194432271,1.490411556080914,1.4621305806690683,1.5037550224721028,-0.1834402955194123,-0.704624344288524,1.492804606225952,1.5392659765105503,MSFT,Microsoft Corporation,,,
2024-11-12,1.5287298651733767,1.5116940465241602,1.4850125836764927,1.4797640326856991,1.441334844394377,-0.6800287894986772,0.6775020471600947,1.5061391717413235,1.54338682522416,MSFT,Microsoft Corporation,,,
2024-11-13,1.5596287236049855,1.5434484378168931,1.556367280412108,1.494605065555094,1.4908912524703788,-0.4755380061250789,0.2591886035963113,1.5239029066279397,1.5499839021407018,MSFT,Microsoft Corporation,,,
2024-11-14,1.5836922526606891,1.5681786989868038,1.5394409408301142,1.5209081561414184,1.5400086818856662,0.3755855318887736,0.1889471849295196,1.5432712587135642,1.5582014410990386,MSFT,Microsoft Corporation,,,
2024-11-15,1.41439209333017,1.3941889103535627,1.4610814737281543,1.427452026390292,1.4642857551455029,0.1809932314609607,-1.7463380590831794,1.5152637476303497,1.550051629166168,MSFT,Microsoft Corporation,,,
2024-11-18,1.425213567198976,1.4053103380717085,1.3968767193321452,1.4048225342709897,1.391924762538613,-0.1616675262473162,0.0586240364589993,1.4969768249093518,1.543641141180523,MSFT,Microsoft Corporation,,,
2024-11-19,1.4541182588908643,1.4350158572808052,1.3901645194763346,1.3967403485811545,1.366196330302115,-0.8034143040549411,0.2441600037700251,1.4905234432649448,1.54048028593742,MSFT,Microsoft Corporation,,,
2024-11-20,1.4213688312366866,1.401359069502396,1.3806798021188782,1.3824867685916162,1.421161455128625,-0.7004194697065633,-0.3874781722721156,1.4774556723528414,1.534585189526456,MSFT,Microsoft Corporation,,,
2024-11-21,1.395830800846323,1.3630199748807186,1.4170137642123808,1.378225717244736,1.4596077772631342,-0.5458104219250494,-0.315212108669698,1.4612388499569,1.5268697713426824,MSFT,Microsoft Corporation,,,
2024-11-22,1.4547548161772648,1.4234554493407297,1.3822847094551978,1.389540239085731,1.3407605505060929,-0.1531413993441619,0.5555187080246268,1.4638798862030422,1.52529231737621,MSFT,Microsoft Corporation,,,
2024-11-25,1.480293284364937,1.4496491267743887,1.435983198927292,1.44523211740823,1.4432353007913716,0.1268289663741413,0.2082817720122601,1.472276767588612,1.5262145483370435,MSFT,Microsoft Corporation,,,
2024-11-26,1.6115527977720665,1.5842749381721897,1.55213591817301,1.5040096928805802,1.4609233748957018,-0.2850919728898959,1.2830565162173917,1.5115511408252094,1.5391634616579186,MSFT,Microsoft Corporation,,,
2024-11-27,1.5402159153563193,1.5111085907042725,1.5257244159207597,1.5505906703175223,1.5416164858421848,-0.7840553241344228,-0.763098925828346,1.5230847467370603,1.544353378294539,MSFT,Microsoft Corporation,,,
2024-11-29,1.5469216567289412,1.5179862452291344,1.491433103647373,1.4885803102567017,1.4682325480432046,-0.984604233768549,0.0148337200441761,1.533419654226562,1.5496901825327485,MSFT,Microsoft Corporation,,,
2024-12-02,1.6542122052989796,1.628028717626927,1.6099201525981377,1.540157776233628,1.489867861161763,-0.6015806355723944,1.0270905237851815,1.5681257537661994,1.5644408728492598,MSFT,Microsoft Corporation,,,
2024-12-03,1.6573512120001428,1.631248054778394,1.6021864051758674,1.6346426211804757,1.6107614244195114,-0.7870141626944216,-0.0216897746802144,1.5949439502730371,1.578140208484662,MSFT,Microsoft Corporation,,,
2024-12-04,1.7460940398028937,1.7222670088913603,1.7072490544150092,1.7064984224453337,1.6573939847899022,-0.0368512575189476,0.8243857454622598,1.6373527183348924,1.5987819140395174,MSFT,Microsoft Corporation,,,
2024-12-05,1.8202840472774244,1.7983597423148274,1.7800630412008804,1.758516702300811,1.7288779123084128,-0.4565002159166659,0.6701214882613953,1.6877982673662255,1.624392164249073,MSFT,Microsoft Corporation,,,
2024-12-06,1.8338382519452048,1.8122615269625104,1.8010755710487087,1.840804949212251,1.792905894342658,-0.736499780699706,0.0777796902964252,1.729037691697785,1.6489247743926727,MSFT,Microsoft Corporation,,,
2024-12-09,1.86879242684444,1.848112769278622,1.8336154680741088,1.8221432304372125,1.797291665901074,-0.7050231889134034,0.2831147296479406,1.7687488997364416,1.6744521575905609,MSFT,Microsoft Corporation,,,
2024-12-10,1.830413801398972,1.808749238615127,1.852439285502955,1.8383071533795712,1.8234586306817613,-0.7707113515496916,-0.4194538141065547,1.7888903312296731,1.6941179059053,MSFT,Microsoft Corporation,,,
2024-12-11,1.911167266120899,1.891573597537443,1.8630916130257351,1.8743081492939988,1.818488000358918,-0.6995921628723532,0.7235821810622393,1.8242843344324209,1.7194464927693196,MSFT,Microsoft Corporation,,,
2024-12-12,1.9192997889215675,1.8999146683260524,1.947871154785776,1.948661746391536,1.892456796922325,-0.5404961921429463,0.0244644720624664,1.852872994369318,1.743222819526648,MSFT,Microsoft Corporation,,,
2024-12-13,1.8866274135936671,1.8664043561456016,1.8788507877552063,1.8967905539746792,1.882662754729926,-0.6044421439166037,-0.3624699443991619,1.8661061127249177,1.7618231795409938,MSFT,Microsoft Corporation,,,
2024-12-16,1.9482622698581644,1.929620187535149,1.889794795162917,1.8923824151891784,1.865559093273497,-0.2714754757009542,0.5345683586656879,1.891515657046325,1.784419273199793,MSFT,Microsoft Corporation,,,
2024-12-17,1.9892090143146528,1.9716175995302223,1.9351761774428795,1.955421490445722,1.920232011776056,-0.3556953114235504,0.3337053744017236,1.9208599858879205,1.8087390850203129,MSFT,Microsoft Corporation,,,
2024-12-18,1.7456658740352873,1.7218280286694303,1.8966530576175933,1.7710065783388351,1.9247636634381864,-0.1891633122078309,-2.336662792795735,1.881682175705559,1.80837775207852,MSFT,Microsoft Corporation,,,
2024-12-19,1.7405296360132456,1.716559819434329,1.7584667062703905,1.7607207716935624,1.7829655259300192,-0.333289895748823,-0.1027780676126466,1.851008425939227,1.8075753779639867,MSFT,Microsoft Corporation,,,
2024-12-20,1.7343947823307655,1.710267620729355,1.766638196176456,1.6477208469729836,1.6585632562022314,3.68644801635475,-0.1125577470347532,1.826461836346194,1.8062799211007023,MSFT,Microsoft Corporation,,,
2024-12-23,1.7151343275454174,1.6905126175986285,1.6777729094633826,1.7094370321565635,1.7116279246317467,-0.704234814165509,-0.2407429839989321,1.803213033654674,1.803325187353602,MSFT,Microsoft Corporation,,,
2024-12-24,1.7733442954663738,1.750216160640793,1.7062275068485506,1.729421641004566,1.6810756344091675,-1.8710294410492287,0.5172514213278245,1.8004006924558669,1.8060097474930887,MSFT,Microsoft Corporation,,,
2024-12-26,1.7559383500793702,1.7323635539957434,1.7257807466461248,1.7652759979176835,1.7458348014280771,-1.77080851785085,-0.2215842754671525,1.7939184898906366,1.8068443153886693,MSFT,Microsoft Corporation,,,
2024-12-27,1.6477919077714276,1.6214435677260364,1.6423144323374728,1.6142176468912366,1.6803448955410274,-0.8049521214644141,-1.1047701979894016,1.7618868903523068,1.7976249952362404,MSFT,Microsoft Corporation,,,
2024-12-26,435.7157897949219,438.1099853515625,440.9400024414063,436.6300048828125,439.0799865722656,8194200.0,-0.0027769215870625,437.0647038368023,435.14257959421104,MSFT,Microsoft Corporation,0.994845449924469,0.0001434563891962,0.0050111189484596
2024-12-27,428.1772155761719,430.5299987792969,435.2200012207031,426.3500061035156,434.6000061035156,18117700.0,-0.0173015860230775,434.8428317716447,434.5093646834802,MSFT,Microsoft Corporation,0.8571091294288635,0.1428742706775665,1.666958814894315e-05
2024-12-30,422.5083618164063,424.8299865722656,427.5499877929688,421.8999938964844,426.05999755859375,13158700.0,-0.0132395035362574,431.7592142828351,433.4183644228371,MSFT,Microsoft Corporation,0.504443347454071,0.4953454136848449,0.000211276957998
