Date,Adj Close,Close,High,Low,Open,Volume,Daily_Return,EMA_7,EMA_21,Ticker,Company,negative,neutral,positive
2021-01-04,-0.8216080307179413,-0.8214833054128531,-0.8141363537114709,-0.8178873296679937,-0.8204470560163648,0.7001123716999103,,-0.8194642449140602,-0.8144603410226202,NVDA,Nvidia Corporation,,,
2021-01-05,-0.8142615147276141,-0.8141171705764736,-0.8193263447190815,-0.8146760360063648,-0.8205606936177896,-0.6650555622154483,0.5782206466473442,-0.817611008864155,-0.8137717545620554,NVDA,Nvidia Corporation,,,
2021-01-06,-0.8341949318330547,-0.8341037188590852,-0.8242555727392595,-0.827598548546009,-0.8174611732549594,0.8136506363904326,-1.8567071784694915,-0.8212494962787245,-0.815014119318197,NVDA,Nvidia Corporation,,,
2021-01-07,-0.8157939545727323,-0.8156536251544741,-0.8209590558845125,-0.8198476140322801,-0.823900083475808,0.1310437138596254,1.646846060938011,-0.8193365214819619,-0.8144188244449165,NVDA,Nvidia Corporation,,,
2021-01-08,-0.8174902303263024,-0.8173544802034822,-0.8198850751852058,-0.8158367439660242,-0.8139260782079646,-0.8385537839160079,-0.2392761799043717,-0.8183296938125231,-0.8140366386404098,NVDA,Nvidia Corporation,,,
2021-01-11,-0.8087942873055545,-0.8086352494130163,-0.8064755439982206,-0.807569928315306,-0.8125057406349109,0.4573801414456476,0.6909119936883038,-0.8153809298266731,-0.8128741291999452,NVDA,Nvidia Corporation,,,
2021-01-12,-0.8122436458745915,-0.81209385808954,-0.8116034406862374,-0.8080213120108884,-0.8040783529956143,-0.8445910996486418,-0.3892658430951503,-0.8140394938733454,-0.8121406096486388,NVDA,Nvidia Corporation,,,
2021-01-13,-0.8110581271183067,-0.8109051626064613,-0.8148192491347389,-0.8069895743354764,-0.8107066351379727,-1.312012479678649,0.0164763290247419,-0.8127343573133146,-0.8113626554205983,NVDA,Nvidia Corporation,,,
2021-01-14,-0.8194198854105957,-0.8192892730706098,-0.8154462786160077,-0.8122643433479294,-0.8085603317310232,-0.8925452919127949,-0.8230324447945803,-0.8138648465088635,-0.8114391690825616,NVDA,Nvidia Corporation,,,
2021-01-15,-0.8280149506679241,-0.8279073213528778,-0.8222627760934987,-0.8208277685137066,-0.8173222989071278,-0.9231909820385222,-0.8625103716833553,-0.8168809091607838,-0.81231433951841,NVDA,Nvidia Corporation,,,
2021-01-19,-0.8238340715217796,-0.8237152540609098,-0.8280052691896391,-0.8209438491490992,-0.8226691178242642,-1.2192719642419911,0.2985966014687383,-0.818088285341938,-0.8127180766163632,NVDA,Nvidia Corporation,,,
2021-01-20,-0.8152453020789544,-0.815103525162944,-0.8196491546620197,-0.8154562779377097,-0.8202576840948549,-1.033423644198629,0.6961671635987156,-0.8168272099080763,-0.8122800878850039,NVDA,Nvidia Corporation,,,
2021-01-21,-0.8025890263948323,-0.8024135502498126,-0.8055257045740136,-0.8103943111241929,-0.8125120498215126,-0.5788573851202377,1.0381363216644044,-0.8126887244647331,-0.8106956478691382,NVDA,Nvidia Corporation,,,
2021-01-22,-0.8064987754451288,-0.8063337392980604,-0.8094368178368843,-0.8007411202645905,-0.8043939808917523,-1.100867118048357,-0.4234087118552092,-0.8105711357671335,-0.8096217073116578,NVDA,Nvidia Corporation,,,
2021-01-25,-0.8079934162813329,-0.8078322534504602,-0.8097658561574171,-0.8108199155220658,-0.803339768788515,-1.0762357880821356,-0.2177243455872208,-0.8093599831400528,-0.8087854898943199,NVDA,Nvidia Corporation,,,
2021-01-26,-0.8134922192634874,-0.8133457715354285,-0.814328817683759,-0.8069251014926359,-0.8084214573831916,-1.5762770375268684,-0.5670957394267444,-0.8098387496487357,-0.8085406931870517,NVDA,Nvidia Corporation,,,
2021-01-27,-0.8265456860648901,-0.8264340847376869,-0.824559768595546,-0.8222399722174334,-0.8172718013334496,-0.3866503713204513,-1.243644714938116,-0.8134906990417102,-0.8095416477569692,NVDA,Nvidia Corporation,,,
2021-01-28,-0.8231845412645821,-0.8230640198007567,-0.8219026906131689,-0.8179389128619793,-0.8231741176419121,-1.2070595993379558,0.2213788765322836,-0.815381776902825,-0.8101365674908678,NVDA,Nvidia Corporation,,,
2021-01-29,-0.8247295244949174,-0.8246131131473616,-0.8220268555703126,-0.81920278720961,-0.821185640223464,-0.95893280939864,-0.2288829165748421,-0.817189823594028,-0.8108222143685506,NVDA,Nvidia Corporation,,,
2021-02-01,-0.8184928809992578,-0.8183597929428594,-0.8236161338668896,-0.8194284790574012,-0.8217348284281886,-1.2708301814872225,0.4829472852885019,-0.8169725995911771,-0.8108609712251093,NVDA,Nvidia Corporation,,,
2021-02-02,-0.810427484304619,-0.8102728623794274,-0.8161353787348263,-0.809556041174435,-0.8130107404525588,-1.2522591228267628,0.6365961511628466,-0.8147751003084741,-0.8101402378250818,NVDA,Nvidia Corporation,,,
2021-02-03,-0.8110896303127175,-0.8109367595279724,-0.8072018959723867,-0.8035977271956144,-0.807020047369943,-1.1089704353625005,-0.1461776260533429,-0.8132940091523194,-0.8095470883647647,NVDA,Nvidia Corporation,,,
2021-02-04,-0.8077159180052977,-0.8075540317026503,-0.813614875100694,-0.8082083103135488,-0.8096713505945404,-1.3618719845124163,0.2084689741835239,-0.8113321363155267,-0.8086916446684383,NVDA,Nvidia Corporation,,,
2021-02-05,-0.8095636068915758,-0.8094066484540615,-0.8120318014996676,-0.8028432891605457,-0.804772724734772,-1.5465954814725122,-0.2489119431264302,-0.8103268306738417,-0.808087151835639,NVDA,Nvidia Corporation,,,
2021-02-08,-0.7881797885047163,-0.7879658217091656,-0.7937427272209969,-0.7981617637767771,-0.804715917974492,-0.0230800041209986,1.783222988014879,-0.8041785579881937,-0.8055333148273119,NVDA,Nvidia Corporation,,,
2021-02-09,-0.7926066386105906,-0.7924044655878576,-0.7910235786010701,-0.7853875559946623,-0.7892246735086723,-0.8670646057408418,-0.4527370578332113,-0.800684073047499,-0.8036265719838382,NVDA,Nvidia Corporation,,,
2021-02-10,-0.7799693468575567,-0.7797334729474202,-0.783033754249331,-0.7823181222661355,-0.7861314623324437,0.2680425742868468,0.9656868752841758,-0.7948753193706328,-0.8007086803144032,NVDA,Nvidia Corporation,,,
2021-02-11,-0.7676977912711819,-0.7674291975548113,-0.773914035892198,-0.76726763693426,-0.77307688834244,0.069913022620066,0.9004664130260304,-0.7874231249424992,-0.7969058427668269,NVDA,Nvidia Corporation,,,
2021-02-12,-0.7750002124380918,-0.7747510484615004,-0.7734422185278698,-0.7711366716659804,-0.7713156620459767,-0.3666560671260629,-0.6575781032445106,-0.7836760917875835,-0.7941331711912459,NVDA,Nvidia Corporation,,,
2021-02-16,-0.7656924899252712,-0.7654185238364822,-0.7714245794178626,-0.76662281011159,-0.7709558457627621,-0.6696466768410254,0.6518377474739194,-0.7785178458660034,-0.7907401509829833,NVDA,Nvidia Corporation,,,
2021-02-17,-0.776393854901403,-0.7761484042254898,-0.7751246146217935,-0.771007701381733,-0.768260354151088,-0.9405453953232036,-0.9183225928129548,-0.7773486934728081,-0.788658622479316,NVDA,Nvidia Corporation,,,
2021-02-18,-0.7783360774928082,-0.7780958358612218,-0.7838221768610469,-0.776295360043041,-0.7794211126025337,-1.1751972638364507,-0.2430571897765926,-0.7769617752867981,-0.7869483677066167,NVDA,Nvidia Corporation,,,
2021-02-19,-0.7758767297239306,-0.7756299252752582,-0.7762793274093898,-0.7692859739155261,-0.771959560292321,-0.957945719754141,0.10916475932745,-0.7760511902647688,-0.7851630768054378,NVDA,Nvidia Corporation,,,
2021-02-22,-0.7902734001069348,-0.7900650150473008,-0.7773657411818417,-0.7827437266640084,-0.7782659053519398,-0.6471272596025696,-1.235224727038139,-0.7789999632630498,-0.7848894801258489,NVDA,Nvidia Corporation,,,
2021-02-23,-0.7956650777549558,-0.7954710553595564,-0.799578338114484,-0.8068735182986503,-0.7959287140519806,-0.2689571478937816,-0.5347800787506553,-0.7825716504967146,-0.7851461159951756,NVDA,Nvidia Corporation,,,
2021-02-24,-0.7866600850199725,-0.7864420300195569,-0.7929232574494841,-0.7974202153905631,-0.7947292943334452,0.0555198782688817,0.6692419263611155,-0.7829788116421146,-0.7845353864056706,NVDA,Nvidia Corporation,,,
2021-02-25,-0.8167146149257778,-0.8165767617781349,-0.7962011365355354,-0.8113422168849159,-0.7966799166322832,2.21400946391084,-2.5534651070289045,-0.7908657542771905,-0.7867971786172259,NVDA,Nvidia Corporation,,,
2021-02-26,-0.806448408929103,-0.8062831359840678,-0.8091202125894966,-0.8076086218604369,-0.8040783529956143,0.3574545316199614,0.829453998542402,-0.7941912026422265,-0.7878911053370332,NVDA,Nvidia Corporation,,,
2021-03-01,-0.803238604895819,-0.8030648086297532,-0.8073695174804284,-0.8026498214348914,-0.8009851418193856,-0.4904554730047501,0.1902757288822499,-0.7958755820351577,-0.7885847303261334,NVDA,Nvidia Corporation,,,
2021-03-02,-0.8142237157187001,-0.8140792301508728,-0.807481273046471,-0.8067058544692721,-0.8003538860271096,-1.0016072198433794,-1.031984655471568,-0.7999099765067886,-0.790244929222375,NVDA,Nvidia Corporation,,,
2021-03-03,-0.8293959773803342,-0.8292920142284752,-0.8191276760512428,-0.822111001933186,-0.8123163446325362,-0.350380565778392,-1.4341164384933949,-0.8067631351957599,-0.7931762919033732,NVDA,Nvidia Corporation,,,
2021-03-04,-0.8403558808233077,-0.840281158212386,-0.8309603146507081,-0.8405533344049233,-0.8281106227021555,0.773019271954075,-1.1060853224720426,-0.8146677553122941,-0.7968684351130509,NVDA,Nvidia Corporation,,,
2021-03-05,-0.8380541696359575,-0.8379733045933403,-0.8415140991874775,-0.850986791794437,-0.834442204508181,0.5979600712808192,0.1332148522771897,-0.8200155895054744,-0.8000091903284456,NVDA,Nvidia Corporation,,,
2021-03-08,-0.8599550890783947,-0.8599325861686803,-0.8434696676599349,-0.853895006518013,-0.8369672758390151,0.5995210502535154,-2.178362816143502,-0.829551202793377,-0.8049171881190125,NVDA,Nvidia Corporation,,,
2021-03-09,-0.8364633065620009,-0.836487429209545,-0.8398565455578001,-0.8411852715787387,-0.8450411563816987,0.4773514900669081,2.321944173741876,-0.8307768631470484,-0.807177127457492,NVDA,Nvidia Corporation,,,
2021-03-10,-0.8377753446557166,-0.8378025847380306,-0.8308361733756086,-0.8309130085956092,-0.8271069081725965,-0.311447913753498,-0.212679970535276,-0.8320270838430124,-0.8093545946522404,NVDA,Nvidia Corporation,,,
2021-03-11,-0.8245218591038894,-0.8245182741432534,-0.8291910054549883,-0.8237682319579861,-0.8243419673465742,-0.7961548403488031,1.1757369232488832,-0.8296214180166458,-0.8100918655628907,NVDA,Nvidia Corporation,,,
2021-03-12,-0.8279913353330632,-0.8279958409726837,-0.8331021187178589,-0.8274953821580378,-0.8319613456452883,-1.1172573972616673,-0.4055542463473964,-0.8286923805746277,-0.8110873046795368,NVDA,Nvidia Corporation,,,
2021-03-15,-0.8195320280988161,-0.8195168915044271,-0.8252054121634665,-0.8229234925852343,-0.8264945799401254,-1.243375316026271,0.6942448855355124,-0.825861653129311,-0.8111993613233125,NVDA,Nvidia Corporation,,,
2021-03-16,-0.8170087573091204,-0.8169877388358664,-0.8176129014653608,-0.8139086837238747,-0.8140775950098643,-0.9556272068682246,0.1393393044575222,-0.8231020859074079,-0.8110647256812492,NVDA,Nvidia Corporation,,,
2021-03-17,-0.8157471098533251,-0.815723162501586,-0.8190842195003447,-0.8171908950527714,-0.8220757171515981,-1.1178312865898643,0.0247719441292752,-0.8207141466295216,-0.8108240758534297,NVDA,Nvidia Corporation,,,
2021-03-18,-0.8313600061645016,-0.8313722494137037,-0.8257703473251415,-0.8242196156535685,-0.8196327134083156,-0.830702977906271,-1.4794761299558936,-0.822861709738536,-0.8120686947765893,NVDA,Nvidia Corporation,,,
2021-03-19,-0.8282500185312727,-0.8282550804477996,-0.8322888536418966,-0.8269150281782081,-0.8293920859273776,-0.8002179767924389,0.2025486609290475,-0.8236878549278733,-0.8129086684352657,NVDA,Nvidia Corporation,,,
2021-03-22,-0.8196582338516165,-0.8196433515498338,-0.8205431281442275,-0.81932531266943,-0.8252825418483867,-0.8082753829603267,0.707130764868017,-0.8221400956248947,-0.8128669757783443,NVDA,Nvidia Corporation,,,
2021-03-23,-0.8225725929192469,-0.8225644990034318,-0.82178475403362,-0.8163719595762957,-0.8166594731009784,-1.2430309824293526,-0.3508612270904402,-0.8217144539235766,-0.8131022352532825,NVDA,Nvidia Corporation,,,
2021-03-24,-0.8333659346796731,-0.8333829231320328,-0.8263849437332651,-0.8262895358288201,-0.8192602787518976,-1.106491233464689,-1.0698734042127265,-0.8241179568083391,-0.814327763778155,NVDA,Nvidia Corporation,,,
2021-03-25,-0.8360847616692835,-0.8361080731931121,-0.8374229550254639,-0.8356977003673491,-0.8357173585468014,-0.8235408390903707,-0.3437644272870887,-0.8266064367213279,-0.8156967153536887,NVDA,Nvidia Corporation,,,
2021-03-26,-0.8284140474148818,-0.8284194809188071,-0.8339091790982706,-0.8330796749329712,-0.834328590987621,-0.4285672478519705,0.6394664788987663,-0.8265377781788082,-0.8162222433317187,NVDA,Nvidia Corporation,,,
2021-03-29,-0.8256636448651767,-0.8256627098164292,-0.8287874871058044,-0.8246581097002961,-0.827618241257711,-0.9476386674197204,0.1666073881952904,-0.8257924662548374,-0.8164422017377031,NVDA,Nvidia Corporation,,,
2021-03-30,-0.8275939753625202,-0.8275975026835568,-0.8309541099551575,-0.8245291394160488,-0.8270690289721215,-1.3683913672807362,-0.2653349422667155,-0.8257204285147419,-0.8168230931500032,NVDA,Nvidia Corporation,,,
2021-03-31,-0.8155705134626041,-0.8155461232619741,-0.8186558586869146,-0.8173714485310044,-0.8226880453840693,-0.710874886178708,1.022503678398899,-0.8226333552851209,-0.8160424030504683,NVDA,Nvidia Corporation,,,
2021-04-01,-0.8038750610861171,-0.8038235447824064,-0.8087353083269645,-0.8037331669028557,-0.8086297568645064,-0.7481776925115221,0.9536420197909516,-0.8173677492960331,-0.8142364739801159,NVDA,Nvidia Corporation,,,
2021-04-05,-0.799440443730166,-0.7993785815194123,-0.8051594380801773,-0.7980134590192476,-0.8011745137408955,-1.050066434716346,0.29365490067468,-0.8122998658600207,-0.8121790650939751,NVDA,Nvidia Corporation,,,
2021-04-06,-0.8026197335667197,-0.8025653119522157,-0.8041599374095216,-0.7969688070964142,-0.7978351238828771,-1.4169424044462142,-0.3583278922956817,-0.8093009626362824,-0.8106066871410444,NVDA,Nvidia Corporation,,,
2021-04-07,-0.7955041123519669,-0.7954331149339556,-0.799460401534935,-0.7985680091028012,-0.8008399582849525,-1.0752486984376366,0.522243070921899,-0.8052567948080567,-0.8085103078670849,NVDA,Nvidia Corporation,,,
2021-04-08,-0.7911261814484397,-0.791045050249469,-0.7937985931629962,-0.7847040356268613,-0.7914467112357069,-1.1146634174982162,0.2799355803791808,-0.801119289747474,-0.8061941665433262,NVDA,Nvidia Corporation,,,
2021-04-09,-0.7890318703112764,-0.7889458810311213,-0.795375462068472,-0.7866127367971621,-0.7924251890188592,-1.3972694782756163,0.0858340969130066,-0.7974878489053173,-0.803892284446743,NVDA,Nvidia Corporation,,,
2021-04-12,-0.7686185722337006,-0.7684851136081812,-0.7719212392464372,-0.7875348632601756,-0.7905124459204961,2.471616905551972,1.5973504577398498,-0.789614798791209,-0.7998863328300633,NVDA,Nvidia Corporation,,,
2021-04-13,-0.7567464752227032,-0.7565854958890015,-0.7632919760223282,-0.7620896140839173,-0.7667326881632112,1.3633677460839098,0.840000453184269,-0.7807151496688504,-0.7951317909931491,NVDA,Nvidia Corporation,,,
2021-04-14,-0.7669026853797813,-0.766765276286479,-0.7627829068026525,-0.7594651192265456,-0.7567965620958427,-0.3049973977045621,-0.8582116119592537,-0.7766024238290707,-0.7917614183774226,NVDA,Nvidia Corporation,,,
2021-04-15,-0.7451961401644209,-0.7450083114879599,-0.750521883707713,-0.7490445514858867,-0.7558496543265637,0.9172720934897084,1.6012433435076778,-0.7680421747526198,-0.7866628961262483,NVDA,Nvidia Corporation,,,
2021-04-16,-0.7508672217181542,-0.7506925735480254,-0.7517262577417578,-0.7430153444383647,-0.74598931074101,-0.5936178186414681,-0.5059150990425082,-0.7630525780088122,-0.7825594244550472,NVDA,Nvidia Corporation,,,
2021-04-19,-0.7647642794192008,-0.7646218472582282,-0.76062248864885,-0.7593232592934435,-0.7590312422769455,-0.1964175368096631,-1.1264424466404888,-0.7628160596536017,-0.7801315621839966,NVDA,Nvidia Corporation,,,
2021-04-20,-0.7695710493657872,-0.769439847153353,-0.7683329596085489,-0.7662874824528336,-0.7644159403945568,-0.5997928678128694,-0.4601135656299485,-0.763851229242793,-0.7783749515872086,NVDA,Nvidia Corporation,,,
2021-04-21,-0.7647958067355062,-0.7646534441797393,-0.7716729093321499,-0.7626957473614566,-0.769579696576785,-1.273286427811906,0.2861411801331778,-0.7634230011767476,-0.7763304509852076,NVDA,Nvidia Corporation,,,
2021-04-22,-0.7776707956384054,-0.7775583987580835,-0.769785639874837,-0.7709174246426166,-0.7631092163420632,-0.9231450708922664,-1.084646375335582,-0.7663496817086157,-0.775678582432269,NVDA,Nvidia Corporation,,,
2021-04-23,-0.7671991434650102,-0.7670624561871955,-0.772355804755418,-0.7679060189325028,-0.7742384288605004,-1.2117425362560446,0.7502980707893481,-0.7659031075339101,-0.7741044702381994,NVDA,Nvidia Corporation,,,
2021-04-26,-0.7618309364204822,-0.7616817175319361,-0.7687799345086307,-0.7621089485571995,-0.7679068229736101,-1.3822106223037232,0.3300202133621608,-0.7642139901249073,-0.7721702989209147,NVDA,Nvidia Corporation,,,
2021-04-27,-0.7642596011393669,-0.7641160070766012,-0.7640245326920448,-0.7561893527220762,-0.7579707209871065,-1.5728796127039413,-0.2746447968586032,-0.7635598083280878,-0.770639599282931,NVDA,Nvidia Corporation,,,
2021-04-28,-0.7669090053161792,-0.7667716197905686,-0.7674576002129927,-0.7597746429890259,-0.7633743466645229,-1.3155246823672155,-0.2928744149698168,-0.7637375120940321,-0.769496381915454,NVDA,Nvidia Corporation,,,
2021-04-29,-0.7656977967420938,-0.7655576226504934,-0.7698353248033297,-0.7634889035402228,-0.7624779605497871,-1.52338739704022,0.0061783667953532,-0.7635652497962875,-0.7683435672293195,NVDA,Nvidia Corporation,,,
2021-04-30,-0.7736524739402965,-0.7735307560569106,-0.7716108386946001,-0.7654105189579449,-0.7681719532960699,-1.358589337555129,-0.7052368105195255,-0.7654427041942014,-0.7680411430833014,NVDA,Nvidia Corporation,,,
2021-05-03,-0.7780114691565247,-0.7778998384687031,-0.7745472700690174,-0.7708142336560788,-0.7694218705882836,-1.3471115509911862,-0.4333748969178499,-0.7679503974554523,-0.7681747791896922,NVDA,Nvidia Corporation,,,
2021-05-04,-0.7902619663288715,-0.7901788363241031,-0.7896764255232298,-0.7908622129586306,-0.7817378603711881,-0.1912295772827609,-1.0697819830776814,-0.7729214843650976,-0.7694445015182907,NVDA,Nvidia Corporation,,,
2021-05-05,-0.7875557550901622,-0.7874663250316282,-0.785305904287132,-0.7811316350087665,-0.7799261365010465,-0.8414461861301215,0.1361125702118769,-0.7759671292539791,-0.7703451422796161,NVDA,Nvidia Corporation,,,
2021-05-06,-0.785928299102024,-0.7858350314495194,-0.791321569761806,-0.7855036120314883,-0.7853234529918611,-1.407553575036909,0.0457417761595512,-0.7778408200033142,-0.7710113657084249,NVDA,Nvidia Corporation,,,
2021-05-07,-0.7786296168287846,-0.7785194758073452,-0.7814010194018559,-0.7737998354699165,-0.7774199927300174,-1.2012518393366007,0.5094301784971499,-0.7774049185744468,-0.770932920348548,NVDA,Nvidia Corporation,,,
2021-05-10,-0.7924193803424351,-0.7923412476250479,-0.7854921635638695,-0.7846782317305853,-0.7779502774558017,-0.9741293988093004,-1.1949589480716925,-0.7805566056163878,-0.7721541162580559,NVDA,Nvidia Corporation,,,
2021-05-11,-0.7913974562756556,-0.7913169526129766,-0.79669779636411,-0.7975749649725199,-0.8022476774848027,-0.8784046588660173,-0.0029166444023028,-0.7826625797866128,-0.7731685097602515,NVDA,Nvidia Corporation,,,
2021-05-12,-0.8052186506180329,-0.8051703213521905,-0.7990444501126059,-0.7986260371212143,-0.7975889452010874,-0.776114625008159,-1.2367203066234205,-0.7877286022855253,-0.7753861415453236,NVDA,Nvidia Corporation,,,
2021-05-13,-0.8075716931971949,-0.8075287541654413,-0.8035018607684559,-0.8050808731651755,-0.7969766169686162,-0.8794376596567721,-0.2914253688126342,-0.7921216989382612,-0.7776227203264326,NVDA,Nvidia Corporation,,,
2021-05-14,-0.792993409069383,-0.7929166251537869,-0.7973620540186822,-0.7976136585176508,-0.800606373895501,-1.033171132894222,1.1802972461581471,-0.7917389956826856,-0.7782895561201357,NVDA,Nvidia Corporation,,,
2021-05-17,-0.7949489951904234,-0.7948767196779107,-0.8013042144413499,-0.7949053317455899,-0.7938644782325827,-1.272115693582384,-0.251330506970609,-0.7919452854410179,-0.7790790669041617,NVDA,Nvidia Corporation,,,
2021-05-18,-0.7987276176214112,-0.7986641051766621,-0.7954685798658188,-0.7910234319635814,-0.7910868949524922,-1.4484374507776734,-0.4052355624836656,-0.7930532000736105,-0.7801509729837867,NVDA,Nvidia Corporation,,,
2021-05-19,-0.7974659460437213,-0.7973995288423817,-0.8035329079282527,-0.8029077620033861,-0.8087749644798046,-0.5431614689063755,0.0189401413147832,-0.793565866101594,-0.781007177005656,NVDA,Nvidia Corporation,,,
2021-05-20,-0.7836699108374623,-0.7835714376403767,-0.7885279174311841,-0.7841494609447411,-0.7901905088377563,-0.6717585895687909,1.0780603291846311,-0.7904701704084608,-0.7804924465816037,NVDA,Nvidia Corporation,,,
2021-05-21,-0.7741003451582332,-0.7739796735402428,-0.775161866477141,-0.768699175111269,-0.7684434168859962,1.3448885097159615,0.6905406662077254,-0.7857343748861229,-0.7791275576759767,NVDA,Nvidia Corporation,,,
2021-05-24,-0.7584496980819321,-0.7582926462025245,-0.7621745150900795,-0.7607934910155831,-0.7672124512344524,0.6666890572257087,1.1531135692733272,-0.7782344876487551,-0.7764198197195931,NVDA,Nvidia Corporation,,,
2021-05-25,-0.7575476357096605,-0.7573884918515578,-0.7603493399523604,-0.7528877823213309,-0.7532362303024412,-0.0185807117879331,-0.0193891579032865,-0.7723820174846125,-0.7738736897579989,NVDA,Nvidia Corporation,,,
2021-05-26,-0.7562291811919682,-0.75606701693877,-0.760963936360484,-0.7502117042699734,-0.7540379304564221,-0.3914251305310515,0.0120921444160859,-0.7676600708202533,-0.7714354478602594,NVDA,Nvidia Corporation,,,
2021-05-27,-0.7615785731586706,-0.7614287974411226,-0.7620503501329358,-0.7534681363011606,-0.7549090798247513,0.8196879521230664,-0.4931905216477211,-0.7654680512983699,-0.7697202610177416,NVDA,Nvidia Corporation,,,
2021-05-28,-0.7424900977789741,-0.7422958484350598,-0.7489512431798317,-0.7524105947294724,-0.7599276283916814,1.1815825624841834,1.3772512656213425,-0.7590087676562562,-0.7663718439066064,NVDA,Nvidia Corporation,,,
2021-06-01,-0.7419853230115617,-0.7417900082534328,-0.746201047400108,-0.7420351899569382,-0.7405099025817788,0.1960309413846696,-0.0511416902942855,-0.7540369701720776,-0.7632805159826991,NVDA,Nvidia Corporation,,,
2021-06-02,-0.7290218791209869,-0.7287965340552826,-0.7330274367363089,-0.7334652953681671,-0.7409580956391468,0.8925259856578476,0.8595495069346881,-0.7470379567750776,-0.7592551586559886,NVDA,Nvidia Corporation,,,
2021-06-03,-0.7241897811850195,-0.7239532325031615,-0.7245782044113427,-0.7245020697007931,-0.729633202012598,0.8112632567851324,0.2543269924450264,-0.7405697491195911,-0.7551428319982013,NVDA,Nvidia Corporation,,,
2021-06-04,-0.7088356163158418,-0.7085633609463722,-0.714595607095887,-0.7112828984489569,-0.7192362885955231,1.024245064265655,0.987666422207857,-0.7318453435423793,-0.7499652125350947,NVDA,Nvidia Corporation,,,
2021-06-07,-0.7078074446783484,-0.7075327706697861,-0.7108334775723623,-0.7087744842269776,-0.7076525256713865,0.7868614825501901,-0.0185437528611835,-0.7250426722327123,-0.7451619155704043,NVDA,Nvidia Corporation,,,
2021-06-08,-0.7118950927016768,-0.7116299507180711,-0.7155764699978469,-0.7072720529812675,-0.7087635686157686,-0.6588116463246634,-0.3639244800427346,-0.7209718210253813,-0.7411784158336937,NVDA,Nvidia Corporation,,,
2021-06-09,-0.7142864890933299,-0.7141275064651206,-0.716731159103399,-0.707149502922881,-0.709053935684635,-0.3270577034804602,-0.2509574775495186,-0.718521937551671,-0.7377811972121537,NVDA,Nvidia Corporation,,,
2021-06-10,-0.7126019124586643,-0.7124393143045044,-0.7187922547643043,-0.7092065334492779,-0.7132392381645759,-0.8658479603650638,0.0272713555761475,-0.7162595727442423,-0.7345349218485568,NVDA,Nvidia Corporation,,,
2021-06-11,-0.7025000971740183,-0.7023163842459595,-0.7076859444569611,-0.7023003383083007,-0.7099692975209057,-0.128193573473587,0.6010242684919478,-0.7120145098162713,-0.7306369226950075,NVDA,Nvidia Corporation,,,
2021-06-14,-0.6976164266272927,-0.6974225276194206,-0.7051965353467137,-0.6966515726905269,-0.6991999012856831,-0.6729981905176967,0.2375799904381367,-0.7075987552782049,-0.726635542311265,NVDA,Nvidia Corporation,,,
2021-06-15,-0.7034275840232492,-0.70324586437371,-0.7057738562174459,-0.6949685387694507,-0.6989726260828334,-1.1226060458004647,-0.4714407583353991,-0.7057528650450055,-0.7235426015990737,NVDA,Nvidia Corporation,,,
2021-06-16,-0.7028786661886303,-0.7026957885019672,-0.7073010638764731,-0.6986699342703594,-0.7021100256461386,-0.7547888975723532,-0.0514064044267008,-0.7042299770637875,-0.7206793874321652,NVDA,Nvidia Corporation,,,
2021-06-17,-0.6815015536884831,-0.6812739440297654,-0.6854423477286099,-0.6942398800320916,-0.7025203635838964,2.129188621203302,1.3386420421047711,-0.6976952092540558,-0.7160727959333247,NVDA,Nvidia Corporation,,,
2021-06-18,-0.6819684570812975,-0.6817418196660044,-0.6720328165416247,-0.6728893574353447,-0.6770298530229616,3.0428204316931504,-0.117833386750244,-0.6929119146961548,-0.711928748177023,NVDA,Nvidia Corporation,,,
2021-06-21,-0.6873064876356203,-0.6870909613997527,-0.6928547801634847,-0.6925246219888784,-0.6858360326670079,1.3413992626005231,-0.4285155004248768,-0.6906710182181564,-0.7086617638344702,NVDA,Nvidia Corporation,,,
2021-06-22,-0.6757093561017199,-0.6754695654283829,-0.682245129684716,-0.6779964626184197,-0.6849206708307372,0.8120437462714806,0.6600010330403108,-0.686064847261082,-0.7046047828498072,NVDA,Nvidia Corporation,,,
2021-06-23,-0.6714060583402349,-0.6711573815950977,-0.677551822187724,-0.664538734468504,-0.6713800486637554,-0.6099851422816506,0.182749596391457,-0.6815246668501604,-0.7005132716736767,NVDA,Nvidia Corporation,,,
2021-06-24,-0.6676646077489004,-0.6674079124021598,-0.6709153556093759,-0.6598830129810115,-0.6658248821035746,-0.6755921702811477,0.145281906573363,-0.6771757112162626,-0.6964430311597409,NVDA,Nvidia Corporation,,,
2021-06-25,-0.6720685420548587,-0.6718212546238553,-0.6727653495292973,-0.6648804577545547,-0.6644929213046741,-0.9198394683618508,-0.3606562169214059,-0.675024933312447,-0.6931555917846245,NVDA,Nvidia Corporation,,,
2021-06-28,-0.6479910316926123,-0.647693218243481,-0.6545569836568723,-0.6539311438266182,-0.6624539463125478,0.3259135741422466,1.4157900950728906,-0.667338044252905,-0.6879102336267465,NVDA,Nvidia Corporation,,,
2021-06-29,-0.646937339090581,-0.6466373021901112,-0.6540603711923858,-0.6452129690788841,-0.6492920679885857,-0.4075399428668272,-0.0254146958980259,-0.6613070723993372,-0.6830429639590659,NVDA,Nvidia Corporation,,,
2021-06-30,-0.6475493115578108,-0.647250620144451,-0.6524772739093153,-0.6398801474494514,-0.6463440403467904,-0.6432018565977011,-0.1244096585372134,-0.6569382200107998,-0.6786755333245831,NVDA,Nvidia Corporation,,,
2021-07-01,-0.642261985226039,-0.6419520817246953,-0.6451889827495402,-0.6358757468061894,-0.6431687856638751,0.238108506928084,0.2261192637767929,-0.6523277969532482,-0.6742095625287909,NVDA,Nvidia Corporation,,,
2021-07-02,-0.6353211995036978,-0.6349969480658347,-0.6439659472647553,-0.6289437231703697,-0.6352085186417513,-0.5502547410028922,0.3201029646573308,-0.6471190933444149,-0.669499031578383,NVDA,Nvidia Corporation,,,
2021-07-06,-0.6299833136807428,-0.6296478063320865,-0.6356036754056734,-0.6273316315151278,-0.627702802025327,0.0462687822983438,0.2216220653329086,-0.6418660277073749,-0.6647164124804582,NVDA,Nvidia Corporation,,,
2021-07-07,-0.6382300105355591,-0.6379117761351305,-0.6347841819521166,-0.6278023496839924,-0.6247737019433367,-0.1160271197158076,-0.5616775617296639,-0.6400065446354578,-0.6611415370456117,NVDA,Nvidia Corporation,,,
2021-07-08,-0.6500669137022643,-0.6497734534287094,-0.653209854261076,-0.6440844852413616,-0.6499485605272685,0.3710442309116697,-0.7787588780742142,-0.6415979158503278,-0.6590011192194636,NVDA,Nvidia Corporation,,,
2021-07-09,-0.6463441817011768,-0.646042990628253,-0.6545197554835687,-0.6427045548569049,-0.6472720205562642,-0.815047277033053,0.1342501445598447,-0.6418523458973531,-0.6567063544199213,NVDA,Nvidia Corporation,,,
2021-07-12,-0.6346775791106892,-0.634351984950409,-0.6432830992055755,-0.6315230796581832,-0.6402649704900213,-0.6695089434022581,0.6035643663524741,-0.6391001450281844,-0.6535266978847979,NVDA,Nvidia Corporation,,,
2021-07-13,-0.6413027539634507,-0.6409910046754339,-0.6450585894148018,-0.6334253360040567,-0.6362122572521752,-0.8489985696891958,-0.4720067261139021,-0.6387072645253458,-0.651257076434248,NVDA,Nvidia Corporation,,,
2021-07-14,-0.6516127894427016,-0.6513225708951018,-0.6461388221737472,-0.6427432238034692,-0.6372917061018193,-0.3359874214272077,-0.6932844024523407,-0.6410134192081858,-0.6501601403470327,NVDA,Nvidia Corporation,,,
2021-07-15,-0.673702848661077,-0.6734588917100538,-0.6603119098261578,-0.6658090536405621,-0.6510785310314557,0.6422872829907663,-1.4114669744032948,-0.6483154853642935,-0.6512334195061303,NVDA,Nvidia Corporation,,,
2021-07-16,-0.6940262685591928,-0.6938248201288857,-0.6774462949992763,-0.6860698105434835,-0.6708055755508945,1.4323033321869505,-1.3618172676675326,-0.6589188317462811,-0.6541140351100785,NVDA,Nvidia Corporation,,,
2021-07-19,-0.6784098504513977,-0.6781757090969807,-0.6803020179674479,-0.6914219666461985,-0.6989663168962317,1.781434643888963,0.9340385533348272,-0.6629319355550456,-0.6552690549775022,NVDA,Nvidia Corporation,,,
2021-07-20,-0.6826436289125063,-0.6824183797029413,-0.6853678440179148,-0.6837226153264552,-0.6783934079166002,-0.0227184538442344,-0.3560654179895993,-0.6670097786288686,-0.6567159036628895,NVDA,Nvidia Corporation,,,
2021-07-21,-0.6625031494634038,-0.6622358099080236,-0.6682582776269987,-0.6688139653291154,-0.6745553033466707,-0.388113789107354,1.1982040968765244,-0.6649875128247656,-0.656143460318559,NVDA,Nvidia Corporation,,,
2021-07-22,-0.6578593470370618,-0.6575821863641189,-0.6593186375330968,-0.6550402931908585,-0.6553648286587532,-0.6589379019768667,0.1963009850097625,-0.6622993653898406,-0.6551877952464978,NVDA,Nvidia Corporation,,,
2021-07-23,-0.6587679223208884,-0.6584926600993879,-0.663962260101596,-0.6557108993112382,-0.6550113215621401,-1.3944000316346306,-0.1432053398441015,-0.6605124525003131,-0.654404169271595,NVDA,Nvidia Corporation,,,
2021-07-26,-0.6654310167920372,-0.6651695961302261,-0.6703690582163967,-0.6643775154635531,-0.6637227670837016,-1.346933645299445,-0.4930481100840241,-0.6608531036054048,-0.6543163116142597,NVDA,Nvidia Corporation,,,
2021-07-27,-0.6676014083849215,-0.6673446703195627,-0.6658992144874017,-0.668839793823958,-0.6648843316826268,-1.0891425590732893,-0.22180091086762,-0.6616560960773632,-0.6544398710870658,NVDA,Nvidia Corporation,,,
2021-07-28,-0.6601560408703252,-0.6598836964790751,-0.6653032321659298,-0.6622882116178864,-0.6635207767889884,-1.3569881863294588,0.3726645375406357,-0.6603801680430856,-0.6538543461000043,NVDA,Nvidia Corporation,,,
2021-07-29,-0.6561430742328281,-0.6558623490424167,-0.6601629024047678,-0.6536990317529662,-0.6584706822890499,-1.4224689586767527,0.1564966226478553,-0.6584109089087601,-0.6529459166507182,NVDA,Nvidia Corporation,,,
2021-07-30,-0.6602569668775342,-0.6599848548674854,-0.665700569501607,-0.6553755716524818,-0.6610209903662907,-1.4642710573426323,-0.3367932372798786,-0.6579717373151495,-0.6525056654638661,NVDA,Nvidia Corporation,,,
2021-08-02,-0.6539222196363393,-0.6536367197786623,-0.6574810056401884,-0.6528478229572203,-0.6539002786177579,-1.269452847099549,0.2980841610757304,-0.6560443518954104,-0.6515116833944843,NVDA,Nvidia Corporation,,,
2021-08-03,-0.6522814966061445,-0.6519927633081616,-0.6509997511787808,-0.6564847210167223,-0.6528902789824621,-0.7852796375794673,0.0106620353020574,-0.6541849231621606,-0.6504542789163731,NVDA,Nvidia Corporation,,,
2021-08-04,-0.6406970531888294,-0.6403840061053964,-0.6486158218928932,-0.6408022985110314,-0.6465776247362417,-1.1898830917450154,0.6068471654518302,-0.6498680537247183,-0.6484071961522634,NVDA,Nvidia Corporation,,,
2021-08-05,-0.6315355576013673,-0.6312032431827812,-0.6383103909524551,-0.6275444583126307,-0.6336998042945445,-1.3039378568309152,0.4490556799296895,-0.6443193178735821,-0.6456875079365347,NVDA,Nvidia Corporation,,,
2021-08-06,-0.6383750796099744,-0.6380572184532313,-0.6423580785635707,-0.6309491951013474,-0.6330937852486751,-1.4929655237524897,-0.4820369344815907,-0.6418831074623544,-0.6438561301900821,NVDA,Nvidia Corporation,,,
2021-08-09,-0.6401669986758254,-0.6398528883865603,-0.643897695613699,-0.6326773427934154,-0.6350633591881831,-1.676920009012801,-0.1926728226452936,-0.6405079801151372,-0.6423591972980233,NVDA,Nvidia Corporation,,,
2021-08-10,-0.6492277129874465,-0.6489324929207649,-0.6458346026354166,-0.6406217450327985,-0.6381944014031568,-1.4887130038305487,-0.6187700757332375,-0.6417622952392749,-0.641847606904134,NVDA,Nvidia Corporation,,,
2021-08-11,-0.6552093156909886,-0.6549265977699389,-0.6552957687041834,-0.6510680674726005,-0.6452393547507397,-1.450337024454006,-0.4447361867589871,-0.6442119538771106,-0.641943178327422,NVDA,Nvidia Corporation,,,
2021-08-12,-0.6500099860308941,-0.6497165307304146,-0.6557924285327582,-0.646167295065468,-0.6496076718038588,-1.647026113907012,0.2256503717583129,-0.6447376121767638,-0.6415427300278955,NVDA,Nvidia Corporation,,,
2021-08-13,-0.642867637756871,-0.6425590802947329,-0.6511983961645754,-0.6402090302837804,-0.6487239040623264,-1.466761737027008,0.3384351400308551,-0.6433301233088264,-0.6405092362297087,NVDA,Nvidia Corporation,,,
2021-08-16,-0.6488743272308473,-0.648578414441541,-0.6493856304179575,-0.6504748484424825,-0.6429162737146187,-1.3071458981755373,-0.441761398381895,-0.6437897573547228,-0.6401327013872392,NVDA,Nvidia Corporation,,,
2021-08-17,-0.6612918444017397,-0.6610218127679485,-0.662223998065673,-0.6552724052645108,-0.6542790706225075,-1.3432492758124197,-0.8279543327946736,-0.6472669324069454,-0.6409542866721557,NVDA,Nvidia Corporation,,,
2021-08-18,-0.6718414585386385,-0.6715936120702507,-0.6656011996446217,-0.6621592659322055,-0.6589504212794262,-0.8765165629762487,-0.7325536145320853,-0.6525360649962975,-0.6426899941528739,NVDA,Nvidia Corporation,,,
2021-08-19,-0.6527105768681503,-0.6524227226385871,-0.6442204818745932,-0.6682981333892591,-0.6591019380813261,1.8818365818570528,1.1062599730972924,-0.6516619480040321,-0.6424747789719236,NVDA,Nvidia Corporation,,,
2021-08-20,-0.62701767146509,-0.6266760555644959,-0.635032511866404,-0.638093947140404,-0.6465523879898349,1.3606647273481012,1.4545164933144703,-0.6445250542118443,-0.6398709414684987,NVDA,Nvidia Corporation,,,
2021-08-23,-0.598195287937925,-0.5977932372518064,-0.6069222097206807,-0.6118619866098071,-0.6218067467417363,0.7871541661075706,1.5577810421876417,-0.631901633995647,-0.6348023041996879,NVDA,Nvidia Corporation,,,
2021-08-24,-0.6023596918300247,-0.6019663463908677,-0.6078658444493371,-0.5967728323313672,-0.6020607746624926,-0.8111735240677223,-0.3135220401029737,-0.623484583584895,-0.6305847803063217,NVDA,Nvidia Corporation,,,
2021-08-25,-0.5917594217143641,-0.5913439437745729,-0.5951764842230115,-0.5919494470144966,-0.6024648034136487,-0.5219218248697993,0.4900924753822505,-0.6144977659723715,-0.6257571079410638,NVDA,Nvidia Corporation,,,
2021-08-26,-0.5954190025952621,-0.5950111644924322,-0.59840467838057,-0.590195470827586,-0.5907737361555537,-1.151828490392263,-0.2839197506841409,-0.6086808205917774,-0.6217113261607236,NVDA,Nvidia Corporation,,,
2021-08-27,-0.5810834088495077,-0.5806456603070764,-0.5889186935296007,-0.5804713623007159,-0.5911777649067099,-0.7685737192356485,0.6840872456420828,-0.6007018070166824,-0.6166896723678601,NVDA,Nvidia Corporation,,,
2021-08-30,-0.5797709848054776,-0.5793305047785908,-0.5809475069465575,-0.5705666510984798,-0.5748658686462395,-1.0104221599244876,-0.0191678384346436,-0.5943864740446179,-0.6120015194941338,NVDA,Nvidia Corporation,,,
2021-08-31,-0.5873187256409618,-0.5869937953958995,-0.5895891795617676,-0.5816836288557945,-0.578274707718606,-1.0260893385842695,-0.4835286901719528,-0.591553971452454,-0.6084470095334858,NVDA,Nvidia Corporation,,,
2021-09-01,-0.5859051826145656,-0.5855774814790036,-0.5895394946332749,-0.5755705898935835,-0.5835773141678009,-1.359421477081015,-0.0130387402027459,-0.5890730133890553,-0.6050831459319177,NVDA,Nvidia Corporation,,,
2021-09-02,-0.587041130877348,-0.5867155977678771,-0.592122068904957,-0.5771697918999705,-0.5827440680808116,-1.4393814771787223,-0.1482456976049413,-0.5874988497573583,-0.602131560159017,NVDA,Nvidia Corporation,,,
2021-09-03,-0.575757439242509,-0.5754103157303432,-0.5823629353574981,-0.5796201535049703,-0.5876174090324435,-0.9073975477265368,0.5106924810796118,-0.5834717969514585,-0.5983906837625578,NVDA,Nvidia Corporation,,,
2021-09-07,-0.5803263673078624,-0.5799880584230462,-0.5845233535113007,-0.5713146935062542,-0.5747901102452895,-1.3804258264930305,-0.3257962028491165,-0.5816040675825638,-0.5954181311217182,NVDA,Nvidia Corporation,,,
2021-09-08,-0.5884799054055464,-0.588157189221982,-0.5916999127870775,-0.5853721347078482,-0.5828702999745748,-1.0571711845994267,-0.5156824265606884,-0.5822600864338947,-0.5934800389090409,NVDA,Nvidia Corporation,,,
2021-09-09,-0.5925692902052896,-0.5922544175098418,-0.5934878597514931,-0.5813999089895903,-0.5879456793826497,-1.3876051819887765,-0.3056469517179185,-0.5837836909674586,-0.592101433552536,NVDA,Nvidia Corporation,,,
2021-09-10,-0.5849711346099903,-0.5846416819669509,-0.5913026228154881,-0.5778146187226407,-0.5870366748947107,-1.0919374001016096,0.319097902806403,-0.583009679576493,-0.5901359834000317,NVDA,Nvidia Corporation,,,
2021-09-13,-0.5932004154568703,-0.5928866936170882,-0.5829092327504772,-0.5884415438378086,-0.5785524564142691,-0.8100200065180461,-0.5231873600099607,-0.5845050938176622,-0.5891205382463032,NVDA,Nvidia Corporation,,,
2021-09-14,-0.5909284706875161,-0.5906104610393411,-0.5966664163446471,-0.5825606169492498,-0.5888799687787253,-1.3709681303643413,0.0338042203396465,-0.5850535324968306,-0.5879844576730808,NVDA,Nvidia Corporation,,,
2021-09-15,-0.5884293941581527,-0.5881066341475641,-0.5977341923484031,-0.5856558545740526,-0.5880214377835997,-1.5615969485115857,0.045447383019191,-0.5848344431253326,-0.5867174195535895,NVDA,Nvidia Corporation,,,
2021-09-16,-0.5909284706875161,-0.5906104610393411,-0.5999691142129007,-0.5866617883531886,-0.5912030016531166,-1.6218840224386952,-0.2210286241296949,-0.5853005444775834,-0.5857998043160684,NVDA,Nvidia Corporation,,,
2021-09-17,-0.5995616002945996,-0.5992601544826949,-0.5988765194269424,-0.5891637577507406,-0.5882487129864494,-0.8272194696841143,-0.5493829695528737,-0.5878279183802421,-0.5857747889655672,NVDA,Nvidia Corporation,,,
2021-09-20,-0.6194278620453391,-0.6191644784100155,-0.6209276758650495,-0.6192905077122008,-0.617387908034074,-0.5119418894524511,-1.166183296331813,-0.5947349226135675,-0.587614105736706,NVDA,Nvidia Corporation,,,
2021-09-21,-0.6160705767481748,-0.6158007328573875,-0.6211263682149323,-0.6118619866098071,-0.6105449931429341,-1.3426581698043762,0.1008970635363898,-0.5990682652052711,-0.5889715346761853,NVDA,Nvidia Corporation,,,
2021-09-22,-0.5985265780390261,-0.598223196582232,-0.6078410256671348,-0.6055168355739441,-0.6118327896356226,-0.9751509218134912,0.8932933863156802,-0.5978926136586717,-0.5885611679158721,NVDA,Nvidia Corporation,,,
2021-09-23,-0.5848700638714135,-0.5845405235785405,-0.593562363462188,-0.5876161635369055,-0.592288807851092,-1.0909101382041366,0.6516365077161423,-0.5935658754363743,-0.5869080867678098,NVDA,Nvidia Corporation,,,
2021-09-24,-0.594992623985457,-0.5946824117899919,-0.6031476708060547,-0.5883641567475468,-0.594056343334157,-1.268241940617053,-0.623194042498673,-0.5928743441938013,-0.5863540698620621,NVDA,Nvidia Corporation,,,
2021-09-27,-0.605619958866913,-0.6053300919434957,-0.6118390283497573,-0.602189436678356,-0.6031465808604679,-1.110078041765921,-0.6600803425171508,-0.5950365529386147,-0.586846514635839,NVDA,Nvidia Corporation,,,
2021-09-28,-0.6298784799266008,-0.629635167563482,-0.6212753282722341,-0.6195742767755381,-0.6156708460438224,-0.5485043785518909,-1.4191280304445235,-0.6027776769841787,-0.5895679346821685,NVDA,Nvidia Corporation,,,
2021-09-29,-0.6344727842251243,-0.6342381877933942,-0.6312579729517782,-0.624320275002147,-0.6225895193359122,-1.2640008984816762,-0.3518751288591367,-0.609742481676023,-0.5924725754950761,NVDA,Nvidia Corporation,,,
2021-09-30,-0.6294493514208058,-0.6292052082330566,-0.6300411895266319,-0.6186199015918211,-0.6269326478043545,-1.248993692549321,0.2028997806508004,-0.6136988713510245,-0.5946423133934955,NVDA,Nvidia Corporation,,,
2021-10-01,-0.6287930911550015,-0.6285476063490264,-0.635181519287794,-0.6311297485795804,-0.6273871500483241,-1.134393732601634,-0.05043727391763,-0.6165006150419003,-0.5965532913391683,NVDA,Nvidia Corporation,,,
2021-10-04,-0.6542885347284702,-0.6540919566462967,-0.6430533833779398,-0.6478438841621168,-0.6335988091471879,-0.5337783783903522,-1.5489098071328415,-0.6250334170313836,-0.6006802233254346,NVDA,Nvidia Corporation,,,
2021-10-05,-0.6361388352446999,-0.6359074218011037,-0.640421124177765,-0.6401316431935188,-0.6475876243715375,-0.9145711643290012,1.005074308643687,-0.6268545656320094,-0.6027308144787835,NVDA,Nvidia Corporation,,,
2021-10-06,-0.6298532966685879,-0.6296098417866983,-0.6386332245774377,-0.634302324097512,-0.6432950175576384,-0.8117301967160735,0.2771832658949617,-0.6266348337620997,-0.6040058468484022,NVDA,Nvidia Corporation,,,
2021-10-07,-0.6203871897955059,-0.6201255554592771,-0.623684076340324,-0.6112945468773986,-0.6187514629277124,-1.0429100347937277,0.4553975666006879,-0.6240821096809097,-0.6042777121868604,NVDA,Nvidia Corporation,,,
2021-10-08,-0.6265463778874496,-0.626296699548063,-0.6265646654547861,-0.6163758727627638,-0.6185241877248628,-1.649287237860109,-0.4354159809597963,-0.6237212866997345,-0.6051021611125298,NVDA,Nvidia Corporation,,,
2021-10-11,-0.6299795506651776,-0.6297363259518926,-0.6301156932373269,-0.6231853463401973,-0.6318059887559865,-1.5796744623497954,-0.2839579764302211,-0.6243167234635469,-0.6061734502598694,NVDA,Nvidia Corporation,,,
2021-10-12,-0.6305852996835882,-0.6303433245219301,-0.630264700658717,-0.6227468522934696,-0.6254176242705459,-1.5868710345253876,-0.1228731744745968,-0.62491610760752,-0.6072041261354687,NVDA,Nvidia Corporation,,,
2021-10-13,-0.6238201695980767,-0.6235652301026814,-0.6319284589839449,-0.617975074769151,-0.6231450648889681,-1.480598208729841,0.3008694231999623,-0.6236590703846525,-0.6075070108479739,NVDA,Nvidia Corporation,,,
2021-10-14,-0.6034490848361357,-0.603155017754159,-0.612931670499804,-0.6074255367442448,-0.6138023154134009,-1.1194094822424066,1.0681427216452168,-0.6175774717385729,-0.6058729856975441,NVDA,Nvidia Corporation,,,
2021-10-15,-0.6005209280447665,-0.6002212315319566,-0.6085611492637063,-0.5934970412283315,-0.6006215095296338,-1.214646416256722,0.0719432559566505,-0.6122776143569331,-0.6041130531417588,NVDA,Nvidia Corporation,,,
2021-10-18,-0.5914333419425071,-0.5911163012209681,-0.5996214618057161,-0.5939613637699016,-0.6021617698098491,-1.4298549143306498,0.4059334119664186,-0.6060102819938852,-0.6016613380810274,NVDA,Nvidia Corporation,,,
2021-10-19,-0.5897167314317484,-0.589396463899266,-0.5974362248697113,-0.5838244912968804,-0.5888547320323188,-1.5906644429847707,0.0037202067997655,-0.6008767496367503,-0.5992716088846961,NVDA,Nvidia Corporation,,,
2021-10-20,-0.5944372414830722,-0.5941259682943723,-0.5960952528053775,-0.5852431398250345,-0.5881224329309563,-1.6778784041908903,-0.3397756526769559,-0.5982173987572195,-0.5975415796086453,NVDA,Nvidia Corporation,,,
2021-10-21,-0.5795691327910598,-0.5792293463901804,-0.5891918422260903,-0.5826380040395114,-0.5933745658873377,-1.4407817671395236,0.7113614952485304,-0.5924722485529882,-0.5945752429192193,NVDA,Nvidia Corporation,,,
2021-10-22,-0.5787109722670484,-0.5783694277293293,-0.578787088792755,-0.5703087105299851,-0.5750426221945457,-1.0861525956733822,-0.0431414752218924,-0.5879469058674025,-0.5917981381057119,NVDA,Nvidia Corporation,,,
2021-10-25,-0.5676039493886142,-0.5672411849314074,-0.5731997841315112,-0.564917885480706,-0.5712550392791597,-1.1960466631298527,0.4927588237515414,-0.5817510353259935,-0.5882324398660682,NVDA,Nvidia Corporation,,,
2021-10-26,-0.5284519434037438,-0.5280142098700202,-0.5259188199339665,-0.5351522424757114,-0.5456003935431217,0.2711760100188032,1.9204916419363955,-0.5672276264662582,-0.581321191724723,NVDA,Nvidia Corporation,,,
2021-10-27,-0.5351665622418615,-0.5347417009752763,-0.5301155149664719,-0.5259181865909882,-0.5333538288937005,-1.1056303994723933,-0.4109443350824938,-0.5580289031580419,-0.575667597823031,NVDA,Nvidia Corporation,,,
2021-10-28,-0.522797433591634,-0.5223489059628614,-0.5335920390383178,-0.5197019320436728,-0.5231525965847373,-1.1732689956937083,0.5131262839617025,-0.5480096176731625,-0.5693686127558361,NVDA,Nvidia Corporation,,,
2021-10-29,-0.5069952768950462,-0.506516484546617,-0.5147442579755669,-0.5073984670289892,-0.52004679111617,-0.8386972562480571,0.6649017571352661,-0.5365088930661036,-0.5621611318888929,NVDA,Nvidia Corporation,,,
2021-11-01,-0.5004321435553204,-0.4999407069041893,-0.5101502729714723,-0.5015433686352726,-0.5036843732011564,-0.992287257153458,0.2169959082213069,-0.5262277300870072,-0.554993716285792,NVDA,Nvidia Corporation,,,
2021-11-02,-0.4859426521217092,-0.4854234410164303,-0.490681643440959,-0.4867637135207468,-0.4993160079863075,-0.8294633769573652,0.5786664112979224,-0.5148617310000495,-0.5471197887848828,NVDA,Nvidia Corporation,,,
2021-11-03,-0.4809697305647845,-0.4804410165305107,-0.4880493842407841,-0.4755435201783279,-0.4779034955713553,-1.1405228706267794,0.1357737591641979,-0.505082759835212,-0.5394955626183403,NVDA,Nvidia Corporation,,,
2021-11-04,-0.4001162755496543,-0.3994325397228173,-0.3742920697398475,-0.4527679042289998,-0.4637884002915127,4.103224437869417,3.524641982413724,-0.4773523956891028,-0.5249860809123331,NVDA,Nvidia Corporation,,,
2021-11-05,-0.4013531980634349,-0.4006718144001013,-0.3734229387218858,-0.3936492837708957,-0.3890970706267065,2.367949537306441,-0.1374149301496263,-0.4568666493138936,-0.511911579326903,NVDA,Nvidia Corporation,,,
2021-11-08,-0.3747974042450121,-0.3740652286651589,-0.3808726466941524,-0.3808299376192228,-0.3900565967691888,0.3699021911485574,0.9727021950875914,-0.4348033607916867,-0.4975366032162633,NVDA,Nvidia Corporation,,,
2021-11-09,-0.3785082200301433,-0.3777831009365858,-0.3508253901626234,-0.3793596812985165,-0.3361969972198723,1.1942655166373404,-0.2312551533832413,-0.4191919867731533,-0.484816256624923,NVDA,Nvidia Corporation,,,
2021-11-10,-0.4087493569129484,-0.4080822331661712,-0.3870807524590704,-0.409950753801547,-0.4100803175440958,1.1337775814453617,-1.2604281686277985,-0.4151121016110253,-0.4760867967164157,NVDA,Nvidia Corporation,,,
2021-11-11,-0.3852480703700632,-0.3845359178186254,-0.3935371881382757,-0.3841830666153872,-0.3820016437863102,-0.6110410986455334,0.8600248936406232,-0.4061237406363714,-0.4659481564283645,NVDA,Nvidia Corporation,,,
2021-11-12,-0.3852480703700632,-0.3845359178186254,-0.3913022662737782,-0.3879747388554123,-0.393566430988912,-0.1468679322131219,-0.0880864875223272,-0.3993824699053809,-0.4567312107119543,NVDA,Nvidia Corporation,,,
2021-11-15,-0.3944618139813336,-0.3937672840552331,-0.3921962634380301,-0.3978536215628059,-0.3798806012066322,-0.3083890836342072,-0.4484087897024766,-0.3966507807446014,-0.4492157702259123,NVDA,Nvidia Corporation,,,
2021-11-16,-0.3899686769089656,-0.3892654222137317,-0.3985036916958453,-0.3860144298925593,-0.3999043219815393,-0.999495307115614,0.0897629061794844,-0.3934685727148821,-0.441962411383178,NVDA,Nvidia Corporation,,,
2021-11-17,-0.4137474617278861,-0.4130899351892999,-0.3955485988706883,-0.4093833140691386,-0.3832642035325921,-0.0581790754335358,-1.0237622578407253,-0.3970803656590661,-0.4375972262624423,NVDA,Nvidia Corporation,,,
2021-11-18,-0.3528108279546784,-0.3520364338624944,-0.339650875568312,-0.3443579874247663,-0.3340507178937876,1.968815248438612,2.386912389878652,-0.3844173025653207,-0.4279173060664182,NVDA,Nvidia Corporation,,,
2021-11-19,-0.3197422190687664,-0.3189046255595421,-0.3315057680535002,-0.329294563246903,-0.3371818082704911,0.5464649818616897,1.1526657504260232,-0.3665781002946553,-0.4160178690821887,NVDA,Nvidia Corporation,,,
2021-11-22,-0.3457174953705808,-0.3449295385012307,-0.2927920674886469,-0.3294235581297167,-0.3050125661552494,1.811707305951362,-1.0239862612296344,-0.3597512356734715,-0.4076348529643461,NVDA,Nvidia Corporation,,,
2021-11-23,-0.351018522938513,-0.3502407156895907,-0.349583787955275,-0.3557329057505756,-0.3550592497193134,0.5366859077092104,-0.2852349509420459,-0.3559683272548886,-0.4005107927429857,NVDA,Nvidia Corporation,,,
2021-11-24,-0.327593027388613,-0.3267702811932465,-0.3372917650646267,-0.3544948107006544,-0.356927780349735,-0.019992479535298,0.7888850812807906,-0.3472218179142889,-0.3918387105801309,NVDA,Nvidia Corporation,,,
2021-11-26,-0.357152576016233,-0.356386534001593,-0.3408924777756604,-0.3436099450169918,-0.3281673773068599,-0.8928379754701754,-1.1632666989752547,-0.3481186434430982,-0.3867256060243826,NVDA,Nvidia Corporation,,,
2021-11-29,-0.3098724081668487,-0.309015705678479,-0.3234601251238501,-0.325915654953029,-0.3340759546401943,0.0936490852342997,1.695576623923525,-0.3368643421801656,-0.37764577500425,NVDA,Nvidia Corporation,,,
2021-11-30,-0.3275424678974299,-0.3267197261188287,-0.3249251910991953,-0.3303521048185912,-0.3137997700777608,1.0526296304382858,-0.7172876284220487,-0.3328810749439804,-0.3710475918936251,NVDA,Nvidia Corporation,,,
2021-12-01,-0.358772023535348,-0.3581063713232951,-0.3265144457137282,-0.3428361725086409,-0.3125371621697491,0.262395503297387,-1.2239408436903432,-0.3377716089120172,-0.3679763793052247,NVDA,Nvidia Corporation,,,
2021-12-02,-0.3413267798628898,-0.34062999343655,-0.3466535612764083,-0.3519928413031024,-0.3631646761950055,0.1965244862069192,0.5713852382703092,-0.3370387628960007,-0.363549231068502,NVDA,Nvidia Corporation,,,
2021-12-03,-0.3775046044814019,-0.376872578961742,-0.3553200526738208,-0.3750780056134776,-0.3433177089684051,0.6064823278045467,-1.4262781307130403,-0.345615365756703,-0.3629154861262628,NVDA,Nvidia Corporation,,,
2021-12-06,-0.394066070177732,-0.3934637606504271,-0.4022037268997762,-0.4290379130959544,-0.3968490381675154,1.2642341035311355,-0.7292842580676254,-0.3562256220896998,-0.3638916549423381,NVDA,Nvidia Corporation,,,
2021-12-07,-0.3337279006107511,-0.333017306133234,-0.3473736848729798,-0.3616396119368441,-0.3696540839895325,0.8861271196484495,2.2989999637911462,-0.3489623754380629,-0.3591236049002669,NVDA,Nvidia Corporation,,,
2021-12-08,-0.3489008135635407,-0.3482174032026571,-0.351322049991198,-0.3417786309369527,-0.3433429457148118,0.2117956812302451,-0.6441121368610877,-0.3473424675796381,-0.3562111659553718,NVDA,Nvidia Corporation,,,
2021-12-09,-0.3826295904621902,-0.3820067651500649,-0.3534327832165078,-0.3673915439425891,-0.3500343919657817,0.2861487825914667,-1.3474501447249303,-0.3546359759718816,-0.3567248810452729,NVDA,Nvidia Corporation,,,
2021-12-10,-0.3900014344418981,-0.3893918581393509,-0.3757820018614832,-0.3820164248765916,-0.3647807430379003,0.2879737506551336,-0.3753968532805919,-0.3619657325681063,-0.357882855207813,NVDA,Nvidia Corporation,,,
2021-12-13,-0.4414278665186066,-0.4409105180643173,-0.4008875736176447,-0.4270260455376822,-0.3875315254383547,0.9164916040033602,-2.111761554798413,-0.3804359092546795,-0.3637557410877522,NVDA,Nvidia Corporation,,,
2021-12-14,-0.4369845170367927,-0.4364592112972335,-0.441016797321615,-0.449363167440283,-0.4519206276468409,1.310701922435258,0.0994108006372138,-0.393167660054676,-0.3686782546063074,NVDA,Nvidia Corporation,,,
2021-12-15,-0.3834122494559521,-0.3827908029597144,-0.3957721100027733,-0.4341966260715815,-0.4342199397463249,1.4901112042162483,2.158477186329151,-0.3892023043042014,-0.3681319563636063,NVDA,Nvidia Corporation,,,
2021-12-16,-0.4357222182898422,-0.4351946590827407,-0.3793827145725167,-0.4276192645678003,-0.3647302213833573,1.542157227390447,-2.1288910701244927,-0.3994240281853037,-0.372538317294931,NVDA,Nvidia Corporation,,,
2021-12-17,-0.450516417496652,-0.4500154001357309,-0.4349576516139987,-0.4362084936298535,-0.4446989207509516,1.5788402332488083,-0.7073914252004853,-0.410822313694477,-0.3779307552508131,NVDA,Nvidia Corporation,,,
2021-12-20,-0.4525866549829561,-0.4520893159366571,-0.4542773210872102,-0.4520714696137773,-0.4618693480065478,0.1331498876941089,-0.1765761020895793,-0.4198932670410453,-0.3830270142341689,NVDA,Nvidia Corporation,,,
2021-12-21,-0.4183528620979478,-0.4177941138076224,-0.4300408329849219,-0.4454683780094196,-0.4348764322850079,0.4920487957620368,1.3795214321195066,-0.418060647162296,-0.3844512551106227,NVDA,Nvidia Corporation,,,
2021-12-22,-0.4101478478770841,-0.4095744279342686,-0.4192387422159092,-0.4184368164756291,-0.4218218582950042,-0.249421955161951,0.247258784005495,-0.4146163809808881,-0.3849769663342321,NVDA,Nvidia Corporation,,,
2021-12-23,-0.4040888138917206,-0.403504490473468,-0.4067232081931759,-0.3931076233361969,-0.4000053652906256,-0.5487741065361436,0.1568134194078789,-0.4105047261935659,-0.384886974420999,NVDA,Nvidia Corporation,,,
2021-12-27,-0.3711425030116759,-0.37049916633571,-0.3811954803191346,-0.3877167982869176,-0.4024041565659666,-0.2006298844786301,1.2327868637632118,-0.3991099311130375,-0.3817171170082405,NVDA,Nvidia Corporation,,,
2021-12-28,-0.3868709914420076,-0.3862557069007529,-0.375161200757809,-0.3781216354457283,-0.3606901265187146,-0.1036138935469034,-0.692075492851152,-0.3945315116998238,-0.3803096543553486,NVDA,Nvidia Corporation,,,
2021-12-29,-0.3949749831680837,-0.3943742826252706,-0.3945801453598295,-0.3947842124328455,-0.3869255063924853,-0.5481026560221529,-0.4056815614371118,-0.3931420144237353,-0.3797897272579605,NVDA,Nvidia Corporation,,,
2021-12-30,-0.4054520868896695,-0.4048702010763715,-0.3968398860065293,-0.3902961055775982,-0.3981873081530174,-0.744803223261723,-0.5030769477624599,-0.3947428512507355,-0.3802990816507746,NVDA,Nvidia Corporation,,,
2022-01-03,-0.3919452732002447,-0.3913392897750831,-0.390532457748714,-0.3839767338394447,-0.3984902935950872,-0.270294310028481,,-0.3859164175728715,-0.3714667456807888,NVDA,Nvidia Corporation,,,
2022-01-04,-0.4129249051203758,-0.4123564524540681,-0.3965667373100397,-0.4210161237663096,-0.3868245112451288,0.5079397912598157,-0.915763665677978,-0.3912087507331501,-0.373433159489301,NVDA,Nvidia Corporation,,,
2022-01-05,-0.4554899179790481,-0.4549978246216508,-0.4226904475055528,-0.44206359202357,-0.4203573564157388,0.3409953856872674,-1.814981552239978,-0.40591547349503,-0.3792104126738989,NVDA,Nvidia Corporation,,,
2022-01-06,-0.440998641525233,-0.4404805587338918,-0.4469765731722456,-0.4541349449646015,-0.4534104144342427,0.0891842262609259,0.5357448426508863,-0.413289938423654,-0.3831041985797389,NVDA,Nvidia Corporation,,,
2022-01-07,-0.4645027744516868,-0.4640268740814376,-0.4473738631438347,-0.4543413269376771,-0.4407598210336654,-0.1647445847864629,-1.0792986796186477,-0.4247499522534201,-0.3888470383832083,NVDA,Nvidia Corporation,,,
2022-01-10,-0.4606400872178493,-0.4601572883471823,-0.4710391877068535,-0.490787497834424,-0.4801508182065263,0.8954700379114989,0.080376074408464,-0.4323705590798077,-0.3937057534721137,NVDA,Nvidia Corporation,,,
2022-01-11,-0.4501124240050805,-0.4496107665820891,-0.45623904689113,-0.4599642640606083,-0.4614148457625781,-0.1983171104859956,0.3684904300812876,-0.4354303002512659,-0.3971360128748414,NVDA,Nvidia Corporation,,,
2022-01-12,-0.4455177337562427,-0.4450076981126023,-0.4430778929825203,-0.4401291115555595,-0.4426283998258168,-0.3169744679840364,0.1081946052040062,-0.4365660471121556,-0.3998237717497203,NVDA,Nvidia Corporation,,,
2022-01-13,-0.481468185395799,-0.4810226893237644,-0.4459336159506919,-0.4687598750957372,-0.4347502003912446,0.5826429651112375,-1.6138752629556987,-0.4464867374013516,-0.405636812589202,NVDA,Nvidia Corporation,,,
2022-01-14,-0.4722029174175595,-0.4717407680127389,-0.4777935908647507,-0.476188396198131,-0.4872462450469226,-0.2457031523152335,0.3262157333065304,-0.4515899936664377,-0.4100529647347179,NVDA,Nvidia Corporation,,,
2022-01-18,-0.4984335963399112,-0.4980185528056661,-0.4916749157340201,-0.4875374860290978,-0.4882562446822183,-0.0825005051625306,-1.24503036498581,-0.4620344009486186,-0.4165262411724835,NVDA,Nvidia Corporation,,,
2022-01-19,-0.5195393857690535,-0.5191621996498454,-0.4940340262377053,-0.5060572055910968,-0.4928266001917806,0.2850469150813282,-1.0563288637408823,-0.475191864131178,-0.4243892764432772,NVDA,Nvidia Corporation,,,
2022-01-20,-0.542690132938908,-0.542354436518167,-0.5179724521331255,-0.5311800659545864,-0.5123958187227179,-0.0198834405629406,-1.1855629390266895,-0.4908999813715768,-0.4337074020328229,NVDA,Nvidia Corporation,,,
2022-01-21,-0.5622811638717093,-0.5619805628174651,-0.5367457768492694,-0.5522017057170042,-0.5577711997915928,1.6086824783150595,-1.052076952278146,-0.5076231132349832,-0.4440146860033792,NVDA,Nvidia Corporation,,,
2022-01-24,-0.5623317233628923,-0.5620311661314579,-0.5725789830278369,-0.613461188616194,-0.5874911771386803,2.727904401738251,-0.0906568966552115,-0.5201782162968043,-0.4533896830824493,NVDA,Nvidia Corporation,,,
2022-01-25,-0.5887895822890423,-0.5885365934779897,-0.5834307113612541,-0.5847788664805974,-0.5820370538875855,1.2968195395861692,-1.433300767729478,-0.5362688172257059,-0.4643922938738668,NVDA,Nvidia Corporation,,,
2022-01-26,-0.5774794048138797,-0.5772060339032469,-0.5557674314797009,-0.5770408462142897,-0.5645131195353763,1.821027268641284,0.5139599392993114,-0.5454836565080201,-0.4733345682088357,NVDA,Nvidia Corporation,,,
2022-01-27,-0.5983831492534467,-0.5981473157310304,-0.5573070011657411,-0.5931617627667082,-0.5562308913496479,0.7730709219936127,-1.1789126883928749,-0.5576679757136308,-0.4834232094139624,NVDA,Nvidia Corporation,,,
2022-01-28,-0.575762649571753,-0.5754861965815447,-0.5855414919506521,-0.6029374790861304,-0.5955208933751521,0.6033201976061805,1.1368653185855524,-0.5610999557791025,-0.4904744896294525,NVDA,Nvidia Corporation,,,
2022-01-31,-0.5342074274668519,-0.5338565047772162,-0.5445431372287205,-0.5576441385588355,-0.5659776695763714,0.7232975005590747,2.0739456420043125,-0.5531911982917426,-0.4929897874490678,NVDA,Nvidia Corporation,,,
2022-02-01,-0.5303699717348167,-0.5300121965801701,-0.5287497241199358,-0.5360292305691666,-0.5174459613843863,0.4607144384424729,0.0981471453905221,-0.5462915915424148,-0.4949167384018776,NVDA,Nvidia Corporation,,,
2022-02-02,-0.5151212677890415,-0.5147361704199706,-0.5120623612109875,-0.5189281595353219,-0.5000230221795334,0.6012828904910806,0.6473751667032536,-0.5372702402737207,-0.4952392561287448,NVDA,Nvidia Corporation,,,
2022-02-03,-0.5477898391741048,-0.5474632969297061,-0.5304383485914542,-0.5388664784283419,-0.5337578576448567,-0.1633729892920717,-1.6260247813422606,-0.5387452180988012,-0.4985944682158215,NVDA,Nvidia Corporation,,,
2022-02-04,-0.5384234522134992,-0.5380801689906954,-0.5414142655640591,-0.5426839299660765,-0.5460296590406846,-0.4810149935559071,0.3766806568876352,-0.5374886816872682,-0.5007667527383862,NVDA,Nvidia Corporation,,,
2022-02-07,-0.5280978822340946,-0.5277359640024231,-0.5278309555375699,-0.5279816619418123,-0.535929421879078,-0.3545355245145393,0.4164596038211241,-0.5339415455773382,-0.5017737446658029,NVDA,Nvidia Corporation,,,
2022-02-08,-0.5185043635134797,-0.5181252417493822,-0.5266389908946261,-0.5337078146498478,-0.5362576922292841,-0.1623342496080349,0.3729353867020556,-0.5288611273353818,-0.501789994605584,NVDA,Nvidia Corporation,,,
2022-02-09,-0.4781861604099379,-0.4777348246223381,-0.4895144975802176,-0.4982933568299465,-0.5043661506479759,0.4914576897539938,1.8201036874324448,-0.5148801221918313,-0.4980257557292436,NVDA,Nvidia Corporation,,,
2022-02-10,-0.5004280910770195,-0.5000165877553908,-0.4845480413867361,-0.4919223772992409,-0.4949476427714585,0.4278592744031866,-1.0778066848922845,-0.5100051296509609,-0.4966884490305077,NVDA,Nvidia Corporation,,,
2022-02-11,-0.5477645594285132,-0.5474380193924974,-0.5037434748566715,-0.5390470319065748,-0.4969424534573731,0.9573984353172524,-2.266322449369801,-0.5182900080495981,-0.4999095468463237,NVDA,Nvidia Corporation,,,
2022-02-14,-0.5397363104516331,-0.5393953245191812,-0.5354544897134285,-0.5395113544481451,-0.546989185183167,0.0102055769144354,0.3102645905852495,-0.5224784564711459,-0.5020853325250142,NVDA,Nvidia Corporation,,,
2022-02-15,-0.4834878151471309,-0.483046001810698,-0.4939843413092126,-0.5129698455565012,-0.5213598243552656,1.4991327444555074,2.66631589317608,-0.5114305173010123,-0.4987911670534028,NVDA,Nvidia Corporation,,,
2022-02-16,-0.4830840628745059,-0.4826413682570561,-0.4930655253627584,-0.493160472349162,-0.4882814814286252,1.6874086163571431,-0.0699779421539435,-0.5030427121593432,-0.4957586276060797,NVDA,Nvidia Corporation,,,
2022-02-17,-0.5336772764662695,-0.5333253870583802,-0.512856988518254,-0.5289359879283962,-0.5041641603532625,2.1345774419950736,-2.355855342021078,-0.5095145294021884,-0.4977438583719144,NVDA,Nvidia Corporation,,,
2022-02-18,-0.5555150689104118,-0.5552024683982166,-0.532698089238154,-0.5564060435089144,-0.5284552511956618,1.851420447462604,-1.1469772938537883,-0.5198772055270132,-0.5015954625179413,NVDA,Nvidia Corporation,,,
2022-02-22,-0.5618771221363486,-0.5615759292638233,-0.5555936052761086,-0.5589853999967279,-0.5696894940908078,1.1178005025483533,-0.4078622859531434,-0.5292541075674672,-0.5056932339309297,NVDA,Nvidia Corporation,,,
2022-02-23,-0.5871990810435056,-0.5869432403214817,-0.5533338172653206,-0.5770150177194472,-0.5503222658545837,0.7338054141583644,-1.374556307861097,-0.5426745149844953,-0.5117918993192584,NVDA,Nvidia Corporation,,,
2022-02-24,-0.552839082405697,-0.5525216022668276,-0.5621493634482112,-0.6134096300207749,-0.6206957519590839,1.705342657863304,1.7357664641314423,-0.5440721489279414,-0.5141155895231365,NVDA,Nvidia Corporation,,,
2022-02-25,-0.5425133194511352,-0.5421773972785553,-0.5517942475792803,-0.5491580758847535,-0.5523675500333117,0.5177647765585507,0.4286007014495802,-0.5425155919042297,-0.5152602048915238,NVDA,Nvidia Corporation,,,
2022-02-28,-0.5367572082187664,-0.5364109349829858,-0.5406692758211973,-0.5407494003009332,-0.5455246351421718,0.2219420445527705,0.1950649017915048,-0.5398961344407406,-0.5157612459571538,NVDA,Nvidia Corporation,,,
2022-03-01,-0.5596807271410331,-0.5593755775372776,-0.5478210163147718,-0.5555806632080112,-0.537974706057806,-0.1525953477085294,-1.2051839141728409,-0.5437142404774287,-0.5183653515151645,NVDA,Nvidia Corporation,,,
2022-03-02,-0.5408186598645067,-0.5405840441220473,-0.5470263890075052,-0.5482810877912982,-0.5514837822917792,-0.2812269017306366,0.8666405649500432,-0.5418196648333484,-0.5189647850140366,NVDA,Nvidia Corporation,,,
2022-03-03,-0.5535953038029243,-0.5533814726881039,-0.5490874846684105,-0.5468882677579868,-0.5387070051591684,-0.4220995151231887,-0.7148463881679337,-0.543621776128392,-0.5207072750761581,NVDA,Nvidia Corporation,,,
2022-03-04,-0.5732401748045806,-0.5730582023013945,-0.5651292276914824,-0.5723464065830999,-0.56087700526016,-0.0414961126628449,-1.0723306691672083,-0.5499289852573249,-0.5241326640696022,NVDA,Nvidia Corporation,,,
2022-03-07,-0.6132369295400381,-0.6131198667259984,-0.5811957894967568,-0.6020604909926752,-0.5751941389964457,0.0698728503670922,-2.1599711754681965,-0.5647489948289837,-0.5309955363656238,NVDA,Nvidia Corporation,,,
2022-03-08,-0.6091464351331412,-0.6090226384381389,-0.5975852322911013,-0.6196000560732474,-0.6132720547684813,0.681902863316215,0.1395258416190463,-0.5748321317025685,-0.5368511105220656,NVDA,Nvidia Corporation,,,
2022-03-09,-0.5712706703503283,-0.5710854931284536,-0.5765521669282575,-0.5784078869498918,-0.5860519120058215,0.3104529956406155,2.0036108781909867,-0.572839923691769,-0.5386242771245547,NVDA,Nvidia Corporation,,,
2022-03-10,-0.5802598873662115,-0.5800892168114568,-0.5872797539865751,-0.587822496312848,-0.5824157977306053,-0.0607156662641671,-0.5521616070203698,-0.5736133923721869,-0.5410788030356191,NVDA,Nvidia Corporation,,,
2022-03-11,-0.5943496307617093,-0.5942018491455737,-0.5784145702392799,-0.5835923792232284,-0.570017764441014,-0.4099674947251011,-0.8269089377974165,-0.5777477800814043,-0.5446308171134571,NVDA,Nvidia Corporation,,,
2022-03-14,-0.61379250501758,-0.6136762619820436,-0.6003416327663758,-0.6064711615605277,-0.599131722742232,-0.3058352761237299,-1.1333523384779467,-0.5857532407139231,-0.5496822948526653,NVDA,Nvidia Corporation,,,
2022-03-15,-0.5723059820686375,-0.5721224510289168,-0.581071648221657,-0.6022668237686177,-0.6079946850656932,0.3061717812522649,2.222779579718549,-0.5812919237376454,-0.5503860295697822,NVDA,Nvidia Corporation,,,
2022-03-16,-0.533849506794059,-0.5336035846864028,-0.5423579002927157,-0.5545489009340326,-0.5579479533398994,1.3358784472632668,1.9008015017428803,-0.5682448850004478,-0.5474212759747791,NVDA,Nvidia Corporation,,,
2022-03-17,-0.5270319357095818,-0.5267748869531614,-0.5362739831669853,-0.5356165158201487,-0.5422925496181117,0.1910782764823283,0.2425821687045947,-0.5567398018222776,-0.5440870368005378,NVDA,Nvidia Corporation,,,
2022-03-18,-0.4844344065369234,-0.4841082854879448,-0.4933883589877407,-0.5170967962581497,-0.5251474072706517,1.676177602204325,1.9554721510933768,-0.5373653139642354,-0.5370632582676126,NVDA,Nvidia Corporation,,,
2022-03-21,-0.4773391924450432,-0.4770013901266811,-0.4789110517969995,-0.4824562093408653,-0.4820193488369478,0.8785173471565554,0.2305893373774165,-0.5210446055720037,-0.5300129730372959,NVDA,Nvidia Corporation,,,
2022-03-22,-0.4826415708390755,-0.4823125673150411,-0.4767754524253992,-0.479747857970238,-0.4764642304384964,0.621874039586794,-0.3237353911039165,-0.5101416550852489,-0.5241006129625237,NVDA,Nvidia Corporation,,,
2022-03-23,-0.5051145410130998,-0.5048219247621238,-0.4923205829839847,-0.492567204121911,-0.4916398470081781,0.3642723368389434,-1.0947398935434896,-0.5076334856864705,-0.5208321240655598,NVDA,Nvidia Corporation,,,
2022-03-24,-0.4415843693710854,-0.4411887156923396,-0.4499067998511124,-0.4840038035547004,-0.4906297992111527,2.517843690938252,2.8564857101364707,-0.4897262035866585,-0.5119061090088034,NVDA,Nvidia Corporation,,,
2022-03-25,-0.4531493222975245,-0.4527721953578962,-0.4489631651224558,-0.4488215070055841,-0.4471987553353789,0.8055702746494168,-0.576203561048258,-0.47921312321766,-0.5048755289950027,NVDA,Nvidia Corporation,,,
2022-03-28,-0.4398421896519996,-0.4394436008334287,-0.4516450618870353,-0.4504980961022328,-0.4504813143522524,-0.0754760997853976,0.4828513759611768,-0.4679714485480442,-0.4972368195739222,NVDA,Nvidia Corporation,,,
2022-03-29,-0.428807773676457,-0.4283912388867083,-0.4343617166566152,-0.4305339487143702,-0.4267710058093158,0.288886234686967,0.3764997309828675,-0.4567566448747391,-0.4892582862024056,NVDA,Nvidia Corporation,,,
2022-03-30,-0.4531996888135505,-0.452822750432314,-0.4455362786150146,-0.442837413729054,-0.4366439677680728,0.142561672676542,-1.0994072865926838,-0.4544986596679702,-0.4842913200075275,NVDA,Nvidia Corporation,,,
2022-03-31,-0.4634008863041479,-0.4630405194949671,-0.451694746815528,-0.4488472863032937,-0.4498248218135697,0.4866255416105738,-0.5257968201247345,-0.455378530293679,-0.4807320509866709,NVDA,Nvidia Corporation,,,
2022-04-01,-0.4778946231912172,-0.4775577853827259,-0.4703687016746866,-0.4747181398774249,-0.4601018125234829,0.4510157087959413,-0.7191878369187417,-0.4596946310759541,-0.4788548449361731,NVDA,Nvidia Corporation,,,
2022-04-04,-0.4615324043446829,-0.4611689204708619,-0.4688290846245583,-0.4657935831566151,-0.4764389455303601,-0.2383114577680543,0.6396839164339698,-0.4588041645920029,-0.4756146687393115,NVDA,Nvidia Corporation,,,
2022-04-05,-0.4976152851858589,-0.4973103958472182,-0.4747640416929867,-0.4862478323837575,-0.4631571444992365,-0.0116538675965936,-1.6549954098918438,-0.4672386015337426,-0.4760510902396978,NVDA,Nvidia Corporation,,,
2022-04-06,-0.5360967989870824,-0.5358545397269411,-0.5249007288587031,-0.5331145464225969,-0.5217385681982852,1.521881717425242,-1.851245679122181,-0.4832717964771494,-0.4800546963396159,NVDA,Nvidia Corporation,,,
2022-04-07,-0.5411216791050798,-0.5408875192872785,-0.5392538474102566,-0.5466561064872016,-0.5341871231424196,0.68491578228925,-0.3326940243862422,-0.4965642716287077,-0.4841653185636238,NVDA,Nvidia Corporation,,,
2022-04-08,-0.5686195293971013,-0.5684299045342737,-0.5590949481301567,-0.5573861979903408,-0.5474184506807298,0.4943213975016975,-1.437665737381196,-0.5134702504026678,-0.4904796120714512,NVDA,Nvidia Corporation,,,
2022-04-11,-0.5989705173881352,-0.5988301951522695,-0.5989013382091446,-0.5935486490208836,-0.5904202290589408,0.7837108301383877,-1.6478632025946889,-0.5338060909341793,-0.4990646667421583,NVDA,Nvidia Corporation,,,
2022-04-12,-0.6093989913701099,-0.6092755585289523,-0.5888441898189057,-0.6032985860425965,-0.5822642809287054,1.2832872292272808,-0.6534115845189771,-0.5516886637527761,-0.5078467192387301,NVDA,Nvidia Corporation,,,
2022-04-13,-0.5917488563245081,-0.5915968638653863,-0.5944314944801495,-0.5988363076821915,-0.6026920304547686,0.4493399519576056,0.8870994401584646,-0.5606481608673908,-0.5141760621346513,NVDA,Nvidia Corporation,,,
2022-04-14,-0.6156105722172298,-0.6154972576921561,-0.5875529026830647,-0.6063679951725566,-0.5830723384310178,0.7486461921855424,-1.36496211265358,-0.5733871529068231,-0.5221665607869372,NVDA,Nvidia Corporation,,,
2022-04-18,-0.602354047306677,-0.6022192182421066,-0.6046624690739808,-0.6085346369113521,-0.6160243531404354,0.4996011793211112,0.6528242887343383,-0.5795972988778008,-0.5281881208718282,NVDA,Nvidia Corporation,,,
2022-04-19,-0.5918751103210979,-0.5917232997910056,-0.5975852322911013,-0.6024732057416933,-0.6028940689112117,0.4254546781180406,0.4834686405023478,-0.5816114861118127,-0.5326800791818929,NVDA,Nvidia Corporation,,,
2022-04-20,-0.6099544703600732,-0.6098319537849973,-0.5902099806654418,-0.6054136199888397,-0.5827693048272184,0.1740509801147191,-1.0557576366790768,-0.5876828355628729,-0.5384582499510051,NVDA,Nvidia Corporation,,,
2022-04-21,-0.6427547955337057,-0.6426855162203523,-0.5971133912447292,-0.6363657994483362,-0.6031718176068747,1.2485726637646355,-1.902189968738487,-0.6005105752088866,-0.5467854958600094,NVDA,Nvidia Corporation,,,
2022-04-22,-0.6596220786103882,-0.6595802213138435,-0.6444439930066781,-0.6492625326902709,-0.6386741885552628,1.0678204809556642,-1.081015117425557,-0.614386329786672,-0.5559366841550871,NVDA,Nvidia Corporation,,,
2022-04-25,-0.6498501061131645,-0.649792411581616,-0.6578783429758657,-0.6596830758323633,-0.6664751136173854,1.1645380494367283,0.5068523069582702,-0.6223280627154439,-0.5633400225623982,NVDA,Nvidia Corporation,,,
2022-04-26,-0.6779790816567666,-0.6779670729358576,-0.6617770231655912,-0.6706711079039972,-0.6534457763737883,1.2309772169621114,-1.76733803921173,-0.6353801928155691,-0.5727068495751861,NVDA,Nvidia Corporation,,,
2022-04-27,-0.6873974754222341,-0.6874007559492863,-0.677197965084989,-0.680472603521129,-0.681726488588017,0.3490068807088995,-0.6836866908580298,-0.6475451794353946,-0.5821049297236484,NVDA,Nvidia Corporation,,,
2022-04-28,-0.6528802020313178,-0.6528274044318039,-0.6555937361828754,-0.6753139397426349,-0.672409024020586,0.7557050309223673,2.138929234534746,-0.6479615735676681,-0.5874133465818362,NVDA,Nvidia Corporation,,,
2022-04-29,-0.6840644085072967,-0.684062287933867,-0.6533339955361758,-0.6746175051274128,-0.6614249709557172,0.3546023016588216,-1.9610231948347927,-0.6561404137582221,-0.5951620652216453,NVDA,Nvidia Corporation,,,
2022-05-02,-0.6591675738714231,-0.6591249362066344,-0.6670911791303454,-0.6778674677356059,-0.6831657537208756,0.765587405153922,1.5067970654750378,-0.6559940550903223,-0.599872782999201,NVDA,Nvidia Corporation,,,
2022-05-03,-0.6574252976647584,-0.6573798695872979,-0.660858207219137,-0.6587287498457793,-0.6614754926102602,0.2129434598866394,0.0178893035847551,-0.6554447785623826,-0.6039919507461291,NVDA,Nvidia Corporation,,,
2022-05-04,-0.6389418958904225,-0.6388665338000898,-0.6465795923782783,-0.6685818532554632,-0.6482694018183568,1.206368842569018,1.0322284702474744,-0.6503701883567832,-0.6060042056971802,NVDA,Nvidia Corporation,,,
2022-05-05,-0.6765651044362666,-0.6765507590189616,-0.6583750028044403,-0.6750559991741403,-0.6496834302048088,1.077106010285894,-2.286409774723488,-0.6560550963972609,-0.6113599389998695,NVDA,Nvidia Corporation,,,
2022-05-06,-0.6808324605747258,-0.6808250265464333,-0.6686307961804738,-0.6882106729845696,-0.6782418911147003,1.1170831408881068,-0.3571435414080361,-0.6613952629677022,-0.6166287653053012,NVDA,Nvidia Corporation,,,
2022-05-09,-0.7243893657413404,-0.7244527050609115,-0.6998451512086561,-0.7182084772603492,-0.6959678157616228,1.1811177121283438,-2.8592045010303604,-0.6763880760709009,-0.6255011813996694,NVDA,Nvidia Corporation,,,
2022-05-10,-0.7081028414002127,-0.7081397692398237,-0.7012605796195966,-0.7131013720772742,-0.7046793094449142,1.852677265091356,1.053522074748819,-0.6835242385640293,-0.6320404837912739,NVDA,Nvidia Corporation,,,
2022-05-11,-0.7324696215230826,-0.7325460032482205,-0.7123110003028967,-0.7248889559549686,-0.7133149965655258,1.3286761361943926,-1.7334709637664227,-0.6950231374099647,-0.6402691942119368,NVDA,Nvidia Corporation,,,
2022-05-12,-0.7439585422375901,-0.7440536020625754,-0.7362742923446073,-0.7507082263351141,-0.7417976990744676,1.549973600040492,-0.9089020958997868,-0.7065455128238608,-0.6488266927040837,NVDA,Nvidia Corporation,,,
2022-05-13,-0.7053001184610153,-0.7053324189432406,-0.7079653452130894,-0.7242441291322985,-0.7274300918453684,1.3302256373805248,2.751521857041637,-0.7054352997422533,-0.6529827957942765,NVDA,Nvidia Corporation,,,
2022-05-16,-0.7164608366769366,-0.7165112168155804,-0.7114418692849352,-0.7110120682316075,-0.7092243800463399,0.4751821884063228,-0.8369976095849819,-0.7074180486727982,-0.6578071616767399,NVDA,Nvidia Corporation,,,
2022-05-17,-0.6934071077673577,-0.6934201383356691,-0.696964562094194,-0.6973931210767409,-0.6949578161263271,0.84467509347277,1.4984803537682323,-0.7030895643954144,-0.6600321306243522,NVDA,Nvidia Corporation,,,
2022-05-18,-0.7246924814694922,-0.7247562284657176,-0.7032471715698072,-0.7172541020766323,-0.704275280693758,0.6112800425882748,-2.1330129167060745,-0.7077352662772619,-0.6649871971699134,NVDA,Nvidia Corporation,,,
2022-05-19,-0.7199958038500809,-0.7200520016078203,-0.7139499398459224,-0.7206072802699298,-0.7236677456763889,1.0482910271171155,0.2413617905262557,-0.7100347562823381,-0.6690515851146881,NVDA,Nvidia Corporation,,,
2022-05-20,-0.7308535510692185,-0.7309273243149288,-0.7208285316430073,-0.7458590617205338,-0.7136937404085455,1.7243039612669375,-0.8414299624572208,-0.7144983549023309,-0.6737641762231054,NVDA,Nvidia Corporation,,,
2022-05-23,-0.7257024169546313,-0.725767860589397,-0.7331205545336555,-0.7349226128428855,-0.7404089074344223,1.1549139254028624,0.278520744359377,-0.7165466260226686,-0.6775655358986137,NVDA,Nvidia Corporation,,,
2022-05-24,-0.7444888379695406,-0.7445847197814114,-0.741017284770092,-0.7452142348978636,-0.7344497602848149,0.8602848831997322,-1.4089783988711446,-0.7228219019681356,-0.6827821623134995,NVDA,Nvidia Corporation,,,
2022-05-25,-0.7237582404897597,-0.723820428953665,-0.7282534208330713,-0.7395396653838138,-0.7468225568279994,1.96549242922835,1.4366344704267122,-0.7222988473279709,-0.6855814780688014,NVDA,Nvidia Corporation,,,
2022-05-26,-0.7016388008037026,-0.7016651499858064,-0.7038928388197715,-0.7389722256514053,-0.7464185762385729,3.201896814576116,1.4600989696303106,-0.7163266946713909,-0.6860530629684775,NVDA,Nvidia Corporation,,,
2022-05-27,-0.677398371165001,-0.677385351903029,-0.6843000206500707,-0.6853733759282614,-0.6921297111916934,1.7201375247442263,1.525292352816434,-0.7057326764435284,-0.6842097292371518,NVDA,Nvidia Corporation,,,
2022-05-31,-0.6809081068363432,-0.68090085915806,-0.676378471631432,-0.678925009307294,-0.6720807536703798,1.293858270652672,-0.3097637333940967,-0.698672530568786,-0.6828629376377264,NVDA,Nvidia Corporation,,,
2022-06-01,-0.6897963978450175,-0.6898034726922275,-0.6800288692709583,-0.6848059361958531,-0.6785448765567702,0.6075669786348393,-0.6536559439055007,-0.6956195862027305,-0.6824716781501448,NVDA,Nvidia Corporation,,,
2022-06-02,-0.6576777574141485,-0.6576327896781115,-0.6659737181980968,-0.6828456272329998,-0.6894531712206893,1.2052268028059057,1.9949185964321567,-0.6852276125279916,-0.679105518395781,NVDA,Nvidia Corporation,,,
2022-06-03,-0.6796961263616289,-0.6796869102575599,-0.6731005925453807,-0.6744885594417318,-0.6695051606850025,0.9189880225810176,-1.4233437498049912,-0.6829879977898653,-0.6781091474435214,NVDA,Nvidia Corporation,,,
2022-06-06,-0.6780296411479495,-0.6780176762498502,-0.672976451270281,-0.6734052385723341,-0.6680658955521438,-0.0931978022401253,0.0176814848299211,-0.6808878982856513,-0.6770471565729533,NVDA,Nvidia Corporation,,,
2022-06-07,-0.674494625731016,-0.6744768432180354,-0.6813449751890017,-0.6831035678014946,-0.6849080524575338,-0.2854048160399117,0.1354845762133774,-0.6784210787792034,-0.6757503745268301,NVDA,Nvidia Corporation,,,
2022-06-08,-0.6814146666239596,-0.6815078577280975,-0.6768751314600067,-0.6741532317829755,-0.6766511091799418,-0.432676295441862,-0.5225051424247701,-0.6783166173632861,-0.6752200948514674,NVDA,Nvidia Corporation,,,
2022-06-09,-0.6965680890858733,-0.6966827254998866,-0.6830087335142296,-0.6868951908443868,-0.6846807772546841,-0.2471837867819821,-1.0533486335413047,-0.6820608817500066,-0.6761583475846399,NVDA,Nvidia Corporation,,,
2022-06-10,-0.7236927254238946,-0.723845706490874,-0.7137016099316351,-0.7171251563909514,-0.7069265839183554,0.1526678637460937,-1.873347013048044,-0.6917115552988458,-0.679553687610314,NVDA,Nvidia Corporation,,,
2022-06-13,-0.7572072516542769,-0.7574074500044644,-0.7480945215529714,-0.7497022925559781,-0.7473275807265121,0.9498288350783322,-2.433479193406262,-0.7074039527584586,-0.6857816655761969,NVDA,Nvidia Corporation,,,
2022-06-14,-0.7524339146536732,-0.7526273664151529,-0.7542033048249921,-0.7547062313510817,-0.7541199980439737,0.1781026387717909,0.2742881568049238,-0.7179691263103901,-0.690996060463377,NVDA,Nvidia Corporation,,,
2022-06-15,-0.7349821098258705,-0.7351509885284079,-0.7342877003943971,-0.7414483911526811,-0.744928789451171,0.719027763957288,1.2209798298092245,-0.7214906048617411,-0.6941006676841276,NVDA,Nvidia Corporation,,,
2022-06-16,-0.7583690103443331,-0.7585708679503342,-0.7572825152432048,-0.754989951217286,-0.7508626757735068,0.614654511838074,-1.7690000199421456,-0.7300313057986603,-0.6991150841653584,NVDA,Nvidia Corporation,,,
2022-06-17,-0.7513226672110106,-0.7515145517832758,-0.7559664093251615,-0.7568728730898773,-0.756215803877245,1.1000788000936257,0.4484238950833089,-0.7346593172167735,-0.7030131932427013,NVDA,Nvidia Corporation,,,
2022-06-21,-0.7339972611111657,-0.7341646339419374,-0.7308111763225512,-0.7290417351514596,-0.7353335280263473,0.2550554587897456,1.2078977716036994,-0.7337598095784262,-0.7049330243100108,NVDA,Nvidia Corporation,,,
2022-06-22,-0.7391999195927218,-0.739374652741887,-0.7394031640092685,-0.734896833545176,-0.7416209455261611,-0.0086696430899684,-0.4611429137494996,-0.7343976042586704,-0.7071659687012087,NVDA,Nvidia Corporation,,,
2022-06-23,-0.7426093081823265,-0.7427890016085077,-0.741315299612872,-0.7433313130252724,-0.7342225332436949,0.1436692790799625,-0.3356348368093137,-0.7357360044565406,-0.7095154789878427,NVDA,Nvidia Corporation,,,
2022-06-24,-0.7198539671095483,-0.7200014465334026,-0.7275332972364998,-0.7315437045490115,-0.7347022722340713,0.1922949218581062,1.5778764075896246,-0.7309995301048289,-0.7095185470030582,NVDA,Nvidia Corporation,,,
2022-06-27,-0.7263446865215396,-0.7265013433246288,-0.7228151235932175,-0.7233929695336858,-0.7141987643070582,-0.0612780778058003,-0.5382846325892611,-0.7290845266887374,-0.710129709044346,NVDA,Nvidia Corporation,,,
2022-06-28,-0.7487465212282456,-0.7489348199205098,-0.7259936801863716,-0.7409583139119679,-0.7246020350724646,0.1291441401832929,-1.6655562346263184,-0.7332993729219539,-0.7127850272950387,NVDA,Nvidia Corporation,,,
2022-06-29,-0.759859068020554,-0.7600630627184318,-0.7603120880970129,-0.7609482405975401,-0.7520241922107025,0.2508258944409327,-0.9140278533423816,-0.7392637645895521,-0.7162405282321581,NVDA,Nvidia Corporation,,,
2022-06-30,-0.7695320683840354,-0.769749665822674,-0.7665946738905818,-0.7688926182383568,-0.7634627234386762,1.419941756057584,-0.8273870593031986,-0.7461771745814666,-0.72028853977493,NVDA,Nvidia Corporation,,,
2022-07-01,-0.7855947656647206,-0.7858350314495194,-0.7791102315953592,-0.7810155543733739,-0.7751285057886346,0.7975013906949651,-1.3467646680205203,-0.7554142166757861,-0.7254741014550973,NVDA,Nvidia Corporation,,,
2022-07-05,-0.7744569873706099,-0.7746815111143885,-0.7813948147063053,-0.7897079498233984,-0.7934099519077482,1.2209571092917892,0.8228939190457967,-0.7595323763417107,-0.7291443082422604,NVDA,Nvidia Corporation,,,
2022-07-06,-0.7702645055931394,-0.7704831244381184,-0.7727531184090511,-0.7707755647095145,-0.7723256857621373,0.5189125552149451,0.2447188735023601,-0.7615633983973892,-0.7320878999670599,NVDA,Nvidia Corporation,,,
2022-07-07,-0.7518782668104472,-0.752070971159108,-0.7572080352145538,-0.7552994749797662,-0.7610639080824703,0.311376957459013,1.3554267541026996,-0.758448542517702,-0.7330405564978133,NVDA,Nvidia Corporation,,,
2022-07-08,-0.7523834034062793,-0.7525767872209478,-0.7549234284215636,-0.7552994749797662,-0.7617204247020178,0.1683006090461838,-0.1259244020126067,-0.7562398266355606,-0.7339539541717925,NVDA,Nvidia Corporation,,,
2022-07-11,-0.7697088577499136,-0.769926705062286,-0.7675879698656869,-0.7643529773862567,-0.7592963725994053,-0.0076022089395218,-1.3875110992546098,-0.7589538180958906,-0.7364082246730136,NVDA,Nvidia Corporation,,,
2022-07-12,-0.7714767755305894,-0.7716971215781935,-0.7699718991515745,-0.7685057319841813,-0.7658110412212038,0.1138442506935571,-0.2266851000615016,-0.7614352875753164,-0.7388050860101294,NVDA,Nvidia Corporation,,,
2022-07-13,-0.7694058143874457,-0.7696232298970547,-0.7713625087803128,-0.7791326325007827,-0.782930946822257,0.4778909460354134,0.0750232201776392,-0.7627739679201363,-0.7407899403741153,NVDA,Nvidia Corporation,,,
2022-07-14,-0.7641525964147066,-0.7643626077831125,-0.7689289419300207,-0.7723489628196255,-0.7698511360858464,0.1009432185956854,0.3234216766514295,-0.7624527986054804,-0.7421019710873488,NVDA,Nvidia Corporation,,,
2022-07-15,-0.7543028066853471,-0.7544989413194708,-0.7612557228256693,-0.7538550471539026,-0.755938031100717,-0.3025009791269045,0.6730514629400925,-0.7597272083983552,-0.7423715088192091,NVDA,Nvidia Corporation,,,
2022-07-18,-0.7457411020083176,-0.7459251528471058,-0.7335675767978256,-0.7394880575912617,-0.7397018932411963,1.3306847488430826,0.5571451817663253,-0.7555232355455676,-0.7418140574354791,NVDA,Nvidia Corporation,,,
2022-07-19,-0.7232381724411402,-0.7233904696232395,-0.7282782396152736,-0.7351031663211185,-0.7350557793306842,1.51346276098059,1.5720850830380455,-0.746693654867161,-0.7391980914681929,NVDA,Nvidia Corporation,,,
2022-07-20,-0.7026546702749252,-0.702777988737471,-0.7078411565739017,-0.7188790833807289,-0.7234152337271325,1.8473056609794307,1.3508496029264647,-0.7348790641015034,-0.734890655888268,NVDA,Nvidia Corporation,,,
2022-07-21,-0.6965176260822689,-0.6966321704254689,-0.7026015516839306,-0.6996887576983503,-0.6997301619306026,0.6795040059243509,0.3213015908611586,-0.7244699869794113,-0.7303995822832788,NVDA,Nvidia Corporation,,,
2022-07-22,-0.714979607614157,-0.7151201804358933,-0.7069968917022307,-0.710212516425547,-0.6995281716358893,0.5625568386243376,-1.303063084287083,-0.7213204084656795,-0.7280472233855424,NVDA,Nvidia Corporation,,,
2022-07-25,-0.7224300407266295,-0.722581154276381,-0.727930587208089,-0.7227997013064348,-0.7215972247512541,0.2416207096166505,-0.5990919230887177,-0.7208376748190541,-0.7266070418739893,NVDA,Nvidia Corporation,,,
2022-07-26,-0.7348306243274786,-0.7349992268260048,-0.7330212320407583,-0.7272103718742875,-0.7248797837681277,-0.2340359822729856,-0.9533478344309358,-0.7236038024304566,-0.7264600884637601,NVDA,Nvidia Corporation,,,
2022-07-27,-0.7030841847310346,-0.7032078998283218,-0.7077666528632066,-0.7159902277290016,-0.7212689544010479,0.752542900724001,2.192833986169619,-0.7176700243202179,-0.7233509114017557,NVDA,Nvidia Corporation,,,
2022-07-28,-0.6981845937338411,-0.6983014044331783,-0.7027008741768278,-0.7023970598718445,-0.6974576025490248,0.2066019828100609,0.239066386628977,-0.7119837172941073,-0.7200651497918857,NVDA,Nvidia Corporation,,,
2022-07-29,-0.6936637647264168,-0.693774216814893,-0.7001182999051458,-0.6958971346554581,-0.7015482190682106,-0.0182822893372705,0.2105196128369909,-0.706578560283053,-0.7166543580081405,NVDA,Nvidia Corporation,,,
2022-08-01,-0.6866425083635285,-0.6867432023048309,-0.6851691516680322,-0.6882106729845696,-0.6922307545007799,0.2170639852630948,0.3711052804570528,-0.700753506642303,-0.7128955382191094,NVDA,Nvidia Corporation,,,
2022-08-02,-0.6844958044711889,-0.684593453892278,-0.68288459223913,-0.6855797579013369,-0.6937457780345885,0.2920024537390775,0.0501919241825067,-0.6958431877405998,-0.7092772194897723,NVDA,Nvidia Corporation,,,
2022-08-03,-0.6752270146963307,-0.6753114843416775,-0.6821396024962681,-0.6844190499416776,-0.6921802328462366,-0.1176454876213235,0.5062167747691035,-0.6898222987022141,-0.705119078294101,NVDA,Nvidia Corporation,,,
2022-08-04,-0.6670946073783587,-0.6671676310799507,-0.6745408871026118,-0.6683496919846782,-0.67538854943366,-0.1663916471583887,0.4232243709012822,-0.6832551465072059,-0.7005767021453354,NVDA,Nvidia Corporation,,,
2022-08-05,-0.672802330090063,-0.6728834900615274,-0.6756583480348607,-0.6707742742919685,-0.6763733604842789,-0.3017377063204023,-0.4409357827058588,-0.6797696155425718,-0.6969822522033119,NVDA,Nvidia Corporation,,,
2022-08-08,-0.7030083937380494,-0.7031320672166951,-0.7002424411802453,-0.7075041650549195,-0.7094011335946464,3.1174432610386247,-1.977638013061984,-0.684775265077909,-0.6965457745735576,NVDA,Nvidia Corporation,,,
2022-08-09,-0.7208640955698448,-0.721013078657082,-0.719909715696553,-0.7208651716412914,-0.7157137878408668,1.317749283385519,-1.2801367939409227,-0.6930337911160905,-0.6978225856255836,NVDA,Nvidia Corporation,,,
2022-08-10,-0.6953306358904103,-0.6954434508226026,-0.7032471715698072,-0.7055696845869092,-0.7044520342420645,0.9112003443973824,1.6870672207027368,-0.6927866014601924,-0.6965900804004631,NVDA,Nvidia Corporation,,,
2022-08-11,-0.6992451369539526,-0.6993636398708504,-0.6886208569576757,-0.6911511364288491,-0.6935185028317388,0.4056325407221114,-0.3450294135665414,-0.6935886833485777,-0.6958365259664376,NVDA,Nvidia Corporation,,,
2022-08-12,-0.6798740012127663,-0.6799651078855822,-0.6883477082611862,-0.6891650481682866,-0.6927862518921061,0.2263896868462984,1.194394483195545,-0.6893036717103143,-0.6933358264756098,NVDA,Nvidia Corporation,,,
2022-08-15,-0.6717164588805705,-0.6717959770866465,-0.6772724687956838,-0.6721413150275704,-0.6791256588562329,0.1091555748821864,0.4298488084031082,-0.6840320869932766,-0.6902978596166783,NVDA,Nvidia Corporation,,,
2022-08-16,-0.6755805451842977,-0.6756655628209015,-0.6778187661886632,-0.6750302198764305,-0.6735957772041884,0.0722774466522382,-0.3292597755837627,-0.6810531549315529,-0.687898251066246,NVDA,Nvidia Corporation,,,
2022-08-17,-0.6893197492067651,-0.6894241166757946,-0.6890926980040479,-0.684212667968602,-0.6836202559648451,0.0467910215870032,-0.9525553562480884,-0.6822848148345856,-0.6870045596966848,NVDA,Nvidia Corporation,,,
2022-08-18,-0.6782576412961663,-0.6783464289522904,-0.6846973579857479,-0.6832325134871755,-0.6892258960178397,-0.1331347605893643,0.6285910659615831,-0.6804180265084305,-0.6851552653617458,NVDA,Nvidia Corporation,,,
2022-08-19,-0.7015940305672351,-0.7017157050602242,-0.6932645268902631,-0.693885217900053,-0.6865745927932422,0.0168856486946501,-1.5646996546332963,-0.6849047852929577,-0.685661400572023,NVDA,Nvidia Corporation,,,
2022-08-22,-0.7221774362458715,-0.7223282341855675,-0.7171533152212787,-0.7146231869933996,-0.709704167198446,-0.166730241862025,-1.457927432799621,-0.693462235298198,-0.6880507991472825,NVDA,Nvidia Corporation,,,
2022-08-23,-0.7184648354405363,-0.7186104101537155,-0.7194627407964712,-0.7145200206054283,-0.7223547124372935,-0.3940305880810665,0.1708113088099535,-0.6989437801388558,-0.6898749988516643,NVDA,Nvidia Corporation,,,
2022-08-24,-0.7174293307470698,-0.7175734522532524,-0.7209278541359045,-0.7164545010734388,-0.7217739782995606,0.4821549437439181,-0.0164935181160919,-0.7027937218019725,-0.6914363047143782,NVDA,Nvidia Corporation,,,
2022-08-25,-0.6999776224068459,-0.7000970743665073,-0.7074935041667171,-0.7180537030798257,-0.7260160634589164,1.9055726444712864,1.115621342911604,-0.7012788007767204,-0.691219930956635,NVDA,Nvidia Corporation,,,
2022-08-26,-0.7417254337186199,-0.7419038054104476,-0.7080646677059866,-0.7334266264216028,-0.7004371761238285,1.8965970153782832,-2.8565075750279534,-0.7106739352004962,-0.6949362357835068,NVDA,Nvidia Corporation,,,
2022-08-29,-0.7533178614830637,-0.7535125867330004,-0.747448901667095,-0.7455495379580536,-0.7468225568279994,0.3299078438664987,-0.9349640375370796,-0.7206445980415064,-0.6994012490530113,NVDA,Nvidia Corporation,,,
2022-08-30,-0.7617280324179121,-0.7619346135029623,-0.754873790857159,-0.7606387168350598,-0.7483376044426727,0.5253114212243432,-0.7203338668446032,-0.7302441493869213,-0.7042486345042749,NVDA,Nvidia Corporation,,,
2022-08-31,-0.7711737080462269,-0.7713936222931747,-0.7672651599227487,-0.7663906734393714,-0.7628819652200783,0.7751197068952765,-0.813466604296962,-0.7398265840780164,-0.7095406885347708,NVDA,Nvidia Corporation,,,
2022-09-01,-0.8003946335167728,-0.8006557966222971,-0.7960707668828412,-0.8099558170774653,-0.7925514449934873,4.248039670946683,-2.3877082956200377,-0.7543846963720233,-0.7170905142116507,NVDA,Nvidia Corporation,,,
2022-09-02,-0.8077188126326555,-0.8079903104173781,-0.8012607578904518,-0.8016761363764588,-0.7953037433654413,1.7475579568454858,-0.7123334484113842,-0.7671508819305489,-0.7246404849325967,NVDA,Nvidia Corporation,,,
2022-09-06,-0.8123153361454866,-0.8125933547670775,-0.8109950489736644,-0.8078665624289315,-0.804621232013737,0.5572770568049239,-0.4881777593944243,-0.7778850425773016,-0.7319349252740899,NVDA,Nvidia Corporation,,,
2022-09-07,-0.8059238059642896,-0.8062957988724596,-0.809529935634231,-0.8079955327131788,-0.8088633412539579,0.4247430553510761,0.4757656511356992,-0.7843233322430434,-0.7379671587119758,NVDA,Nvidia Corporation,,,
2022-09-08,-0.7989511310972233,-0.7993153635566026,-0.8053084218195232,-0.8074022644859279,-0.8114894077321486,1.0687387038807796,0.5156856738803471,-0.7873931188039897,-0.7427974608334281,NVDA,Nvidia Corporation,,,
2022-09-09,-0.7889215367651546,-0.7892746578533489,-0.7937365225254464,-0.7878766111447928,-0.7938644782325827,0.2752735798221308,0.7632543329984421,-0.7871653878983941,-0.7462485740935788,NVDA,Nvidia Corporation,,,
2022-09-12,-0.7859405289026108,-0.7862902683171539,-0.7919237567788284,-0.7860194931684776,-0.7885113260479797,0.261196074601455,0.1579676081781129,-0.7862425990826575,-0.7491065409252844,NVDA,Nvidia Corporation,,,
2022-09-13,-0.8206522730081824,-0.8210407073138232,-0.8074440211911235,-0.8143665122438846,-0.8028284357034006,1.58571542740061,-2.929906016559979,-0.7943069105898605,-0.7549582126325092,NVDA,Nvidia Corporation,,,
2022-09-14,-0.8207280157573784,-0.8211165640452373,-0.8231381118070108,-0.8191640936644792,-0.8166657822875801,0.8600381107886075,-0.0949363372247283,-0.8003742511266541,-0.7602850135268121,NVDA,Nvidia Corporation,,,
2022-09-15,-0.8257554045524192,-0.8261495677253622,-0.8245535638999955,-0.8223366937809772,-0.8227006637572726,0.4876872368677385,-0.5428458222135485,-0.8061929683134643,-0.7655987752468029,NVDA,Nvidia Corporation,,,
2022-09-16,-0.818959591416915,-0.8193461716491173,-0.8250750425107723,-0.8267989721413821,-0.8295941003029557,1.332027649871064,0.5360997703982591,-0.8088426907501358,-0.7697924984513955,NVDA,Nvidia Corporation,,,
2022-09-19,-0.8143111093430112,-0.8146925481052126,-0.818842094281608,-0.8166621242669273,-0.8227764221582224,0.7520206614353416,0.3301681469228347,-0.8096573540053967,-0.7731692734383888,NVDA,Nvidia Corporation,,,
2022-09-20,-0.8195153598696141,-0.8199025910249496,-0.8183454581350775,-0.8154498331132822,-0.8176505451764692,0.4945337365531305,-0.5499087315758743,-0.8115811784659812,-0.7767268615238708,NVDA,Nvidia Corporation,,,
2022-09-21,-0.8173680529299082,-0.8177528184926093,-0.8047372819622977,-0.8140827923776803,-0.8177010427501475,2.117842829184845,0.1054434853156015,-0.8124823660152282,-0.7797597661570289,NVDA,Nvidia Corporation,,,
2022-09-22,-0.835052344578332,-0.8354568148131716,-0.826639478343103,-0.8316739160536719,-0.8213118961980922,1.839408943823438,-1.6716999391459542,-0.8176193055393786,-0.7841744948658811,NVDA,Nvidia Corporation,,,
2022-09-23,-0.8361891612293217,-0.8365949311020451,-0.8399993246015955,-0.836084611220091,-0.8377247876059194,1.2893188060666327,-0.1955606298186154,-0.8217587841584167,-0.7882944380416412,NVDA,Nvidia Corporation,,,
2022-09-26,-0.8434650241902238,-0.8438788657029208,-0.8388073599586517,-0.8371937359857649,-0.8359319912955828,0.6238023077295364,-0.7784163977974774,-0.8266988062016386,-0.792721805104694,NVDA,Nvidia Corporation,,,
2022-09-27,-0.8387913106145178,-0.8391999405020198,-0.8368952717191365,-0.836058807323815,-0.8355279866252915,0.6611682418884522,0.3657970681659924,-0.8292248292496833,-0.7963086186592431,NVDA,Nvidia Corporation,,,
2022-09-28,-0.8306312596052787,-0.8310308097030841,-0.834734853565334,-0.8335826418225393,-0.8379772995551757,0.5955153027426994,0.6925590746910011,-0.8290608877071651,-0.7988045194313848,NVDA,Nvidia Corporation,,,
2022-09-29,-0.8436670933016934,-0.8440811824797417,-0.8427557250768699,-0.8441063759511694,-0.8370177734126933,0.5401292436783933,-1.3035544747945929,-0.8322263579252506,-0.8022953644194317,NVDA,Nvidia Corporation,,,
2022-09-30,-0.8457134259904011,-0.8461297966236716,-0.8394530035265723,-0.8407790262527145,-0.846133247685411,0.7287953603232034,-0.2869443507944562,-0.835116669566486,-0.8056606619343389,NVDA,Nvidia Corporation,,,
2022-10-03,-0.8362902078460039,-0.8366960894904556,-0.8383355425943235,-0.840005229145797,-0.8395680814899342,0.6245770583226026,0.8337503844129446,-0.8349072972522738,-0.8078367882600114,NVDA,Nvidia Corporation,,,
2022-10-04,-0.8197427569704645,-0.8201302094587668,-0.8248763738429337,-0.8200410817579344,-0.8261347636569107,0.8352173973440811,1.4824285182603425,-0.8305759992153271,-0.8082640979423821,NVDA,Nvidia Corporation,,,
2022-10-05,-0.8186817071905654,-0.8190679740210948,-0.8223683032819465,-0.8266957811548443,-0.8253267302354633,0.3930299310749022,0.0076079411914281,-0.8270598647030848,-0.808553109452769,NVDA,Nvidia Corporation,,,
2022-10-06,-0.8206775045099847,-0.821065984851032,-0.8140494406096747,-0.8142633458559132,-0.8175242892018411,1.1794075219303164,-0.2675120166759935,-0.82492622471731,-0.8090029125976307,NVDA,Nvidia Corporation,,,
2022-10-07,-0.8473050127211972,-0.8477231497801796,-0.8385342112621621,-0.8421460669883164,-0.8355784841989699,1.3419387185690286,-2.496347411250316,-0.8300430641798301,-0.8119076118917314,NVDA,Nvidia Corporation,,,
2022-10-10,-0.8575619076665377,-0.8579914739172505,-0.8520927261884933,-0.8579832636745306,-0.8473957833508281,1.492418239315601,-1.0967133815336587,-0.8364681035772054,-0.8155096229099169,NVDA,Nvidia Corporation,,,
2022-10-11,-0.859684007226336,-0.8601159447925946,-0.8589961367677805,-0.8612074469850143,-0.8594150727973995,1.313267207732299,-0.3040262603649707,-0.8418222050943014,-0.81898308205544,NVDA,Nvidia Corporation,,,
2022-10-12,-0.861856690399212,-0.8622910189819312,-0.8617525372430549,-0.8596082449786272,-0.858960546472565,0.3095806838617559,-0.3107764247836247,-0.846385863450456,-0.8223444170471349,NVDA,Nvidia Corporation,,,
2022-10-13,-0.8502355575801366,-0.8506569601221695,-0.8532350059029443,-0.8733303831200315,-0.8743129406714181,2.3613096377792,1.1119332822553796,-0.8468770540419713,-0.8243109312794414,NVDA,Nvidia Corporation,,,
2022-10-14,-0.868753574273293,-0.8691955734465866,-0.8524155361314315,-0.8632451184395624,-0.8468907594523153,1.5769693540388856,-1.9267448340181488,-0.8519168117731732,-0.8278343589359716,NVDA,Nvidia Corporation,,,
2022-10-17,-0.8520545172898883,-0.8524779558322821,-0.856463223742547,-0.8551717705144984,-0.8605008549145101,0.8156592490391226,1.6782197836391,-0.8514841170324947,-0.8294722780207855,NVDA,Nvidia Corporation,,,
2022-10-18,-0.8500587199704691,-0.8504799208825575,-0.8429543937447086,-0.8525666347289754,-0.8396438398908841,1.2666673942826916,0.1112768928317471,-0.8506561350785785,-0.8307742299624701,NVDA,Nvidia Corporation,,,
2022-10-19,-0.8479366445325655,-0.8483554500072135,-0.8464805790630031,-0.8469952562014632,-0.8513853806417925,0.4848522235864447,0.1224916505296711,-0.8494998327290793,-0.8317589212232205,NVDA,Nvidia Corporation,,,
2022-10-20,-0.844323956614864,-0.8447387602439845,-0.8360758019476237,-0.840005229145797,-0.8454767310658633,1.2267017414670427,0.2679095565094236,-0.8477212673821128,-0.8323154790792346,NVDA,Nvidia Corporation,,,
2022-10-21,-0.8374523042425852,-0.8378595074363254,-0.8428053863233186,-0.8456281908672948,-0.8458554989897479,0.9804802640973412,0.5811086059873829,-0.8446538966720525,-0.8321773631123659,NVDA,Nvidia Corporation,,,
2022-10-24,-0.8340923172932204,-0.83449573776391,-0.837540915287057,-0.8410627461189187,-0.8355027257980199,0.4522897431045389,0.2319858731586672,-0.8415057765359889,-0.8317368727014363,NVDA,Nvidia Corporation,,,
2022-10-25,-0.8173680529299082,-0.8177528184926093,-0.8228897818927234,-0.825586680987737,-0.8308061143138296,0.3835664960529313,1.4882491524284305,-0.8349258145677337,-0.829768867227543,NVDA,Nvidia Corporation,,,
2022-10-26,-0.8265891054752572,-0.826984184729217,-0.8207045449567186,-0.824451752325787,-0.8263872515253022,0.5412196334019679,-0.9138239917013204,-0.8323169507346228,-0.8288440574804369,NVDA,Nvidia Corporation,,,
2022-10-27,-0.8195153598696141,-0.8199025910249496,-0.809529935634231,-0.8137732686152,-0.8071715400909779,0.8290825204256537,0.5632900916456424,-0.8285758760129007,-0.8273403015620961,NVDA,Nvidia Corporation,,,
2022-10-28,-0.8028921662448787,-0.8032608301420593,-0.809231944473495,-0.815346666725311,-0.8204533652029664,0.4728521977338424,1.410109299576188,-0.8215766942639305,-0.8244151644076293,NVDA,Nvidia Corporation,,,
2022-10-31,-0.8114058924734526,-0.811784039420219,-0.809529935634231,-0.8092594070608096,-0.8034344547492699,0.2737183397427166,-0.8189052150860605,-0.8184749850805981,-0.8225539374943243,NVDA,Nvidia Corporation,,,
2022-11-01,-0.8102437478330821,-0.8106206214743492,-0.8073695174804284,-0.803533254352774,-0.8026011845814157,-0.033450184281521,0.0141628945960857,-0.8158555399650361,-0.8207529856033597,NVDA,Nvidia Corporation,,,
2022-11-02,-0.8184290785879127,-0.8188150539302812,-0.800292280697549,-0.8114776319935907,-0.8016163976116618,1.3427995525613243,-0.8058131316286221,-0.8159557920390494,-0.8198829648964863,NVDA,Nvidia Corporation,,,
2022-11-03,-0.8133259229217813,-0.8137061935187422,-0.8109453877272157,-0.8180549688988054,-0.8219936495640466,0.3524789111444922,0.3703487161158339,-0.8147436563189511,-0.8186137199254868,NVDA,Nvidia Corporation,,,
2022-11-04,-0.7947573708593365,-0.7951169768803324,-0.7998204633332208,-0.7989420303066884,-0.7981823217928885,0.9981675331923772,1.5548884788570498,-0.8091504416620475,-0.8157194367525176,NVDA,Nvidia Corporation,,,
2022-11-07,-0.7910942199380305,-0.7914497320426856,-0.7952761395755747,-0.7923130856089216,-0.7920716819222461,-0.1640444398060623,0.2192060373587802,-0.8040314622602702,-0.8127449243339705,NVDA,Nvidia Corporation,,,
2022-11-08,-0.7834899615033852,-0.7838369964997948,-0.7833814066565156,-0.7855552198240404,-0.7776030795457904,0.8989765017067834,0.5433479013616664,-0.7982739734122837,-0.8093280775625407,NVDA,Nvidia Corporation,,,
2022-11-09,-0.8043574024915064,-0.8047277232531606,-0.8002674382333026,-0.7973428283003013,-0.7937382222579544,0.0904926939292154,-1.7851363704080374,-0.7992198885921055,-0.8081777514152536,NVDA,Nvidia Corporation,,,
2022-11-10,-0.7544877010078271,-0.7548024406044896,-0.7614792102757103,-0.7770175739559728,-0.7776283162921971,1.5045846930733802,4.210754192890945,-0.7873491674289256,-0.802457730108745,NVDA,Nvidia Corporation,,,
2022-11-11,-0.7399108400717994,-0.7402092938655291,-0.7461824333134562,-0.7529006719701856,-0.752200945759009,1.2444291828150524,1.010973009031904,-0.7747689598265329,-0.795891426490808,NVDA,Nvidia Corporation,,,
2022-11-14,-0.7407191647614673,-0.7410186092123876,-0.7424327131810325,-0.7415515575406524,-0.7418229358208742,0.5119455387706318,-0.1468783557670104,-0.7655377125429457,-0.7899978235653501,NVDA,Nvidia Corporation,,,
2022-11-15,-0.7313464578644638,-0.7316354812733767,-0.7310595062368385,-0.7296865619741298,-0.7290966321810768,0.6153833512848844,0.5949570314733278,-0.7562499130293785,-0.7837615020746534,NVDA,Nvidia Corporation,,,
2022-11-16,-0.7504455951215948,-0.7507558156306225,-0.746852919345623,-0.742815431888283,-0.7432369642073262,1.2103401567201422,-1.4489671689595918,-0.754102021965804,-0.7798822745806712,NVDA,Nvidia Corporation,,,
2022-11-17,-0.7563318922193811,-0.7566487138518112,-0.7492368012674224,-0.7515336312345837,-0.754524002714265,1.562404042889242,-0.5274356179429619,-0.7539759841198138,-0.7769074247689343,NVDA,Nvidia Corporation,,,
2022-11-18,-0.7631024738530832,-0.7634268082710598,-0.7557925594395251,-0.7622379188414469,-0.7481861117216378,0.3066079371416947,-0.6009487449049531,-0.7555894062766284,-0.7748376201771643,NVDA,Nvidia Corporation,,,
2022-11-21,-0.7654267148900351,-0.7657536200430122,-0.7688295957550794,-0.763269656516859,-0.7688663491160925,-0.1945868298527142,-0.2672066403920086,-0.7573857871803606,-0.7731738299659643,NVDA,Nvidia Corporation,,,
2022-11-22,-0.7472118139250304,-0.7475185060036139,-0.7544019498107867,-0.7621863356474612,-0.7642959936065303,0.1963867527681518,1.324096139106958,-0.7541381722061715,-0.7699540168997284,NVDA,Nvidia Corporation,,,
2022-11-23,-0.735060216520742,-0.7353533535448036,-0.7427555468060149,-0.7383015703338927,-0.7448530310502212,-0.0654502532217936,0.811661428464247,-0.7486370925201679,-0.7658879489949201,NVDA,Nvidia Corporation,,,
2022-11-25,-0.7413508206947302,-0.7416508853196341,-0.7437488664631641,-0.7351031663211185,-0.7392978644900401,-1.5535854534899534,-0.5403029197387864,-0.7460981539264715,-0.7627811398298423,NVDA,Nvidia Corporation,,,
2022-11-28,-0.7525424149358017,-0.7528550089687576,-0.7469770606207227,-0.7466328588274512,-0.7466710881878293,-0.7742035735452625,-0.9049362456027974,-0.7470171475255553,-0.761005752206915,NVDA,Nvidia Corporation,,,
2022-11-29,-0.7572919195044928,-0.7576097909010727,-0.7575308451574921,-0.7519205174887592,-0.751695945941361,-0.8049468248567833,-0.4444452516155354,-0.748904505285635,-0.7598369329166345,NVDA,Nvidia Corporation,,,
2022-11-30,-0.7247445365181434,-0.7251355844821505,-0.7327480833442687,-0.7499344292281966,-0.7549785290390995,0.726844136607333,2.383323732601216,-0.74210960337932,-0.7557237147195575,NVDA,Nvidia Corporation,,,
2022-12-01,-0.7193873049356804,-0.719773803979798,-0.7244292443540409,-0.7231608082629007,-0.7221022004880371,0.1855459833585079,0.2877420665231601,-0.7356620088475361,-0.7514822939440705,NVDA,Nvidia Corporation,,,
2022-12-02,-0.725932202123052,-0.7263243040850168,-0.7326735796335737,-0.7280615806700331,-0.7306874141158353,-0.3859789208064607,-0.5415531680564539,-0.7324773322109619,-0.7482399078765661,NVDA,Nvidia Corporation,,,
2022-12-05,-0.7326538645544071,-0.7330517951902727,-0.7311339625834453,-0.727365146054811,-0.7301823902173225,-0.4957869048637016,-0.5609479004226496,-0.7317844348907107,-0.745922303326525,NVDA,Nvidia Corporation,,,
2022-12-06,-0.7483969949747903,-0.7488083598751031,-0.7416132670915638,-0.7442082765201611,-0.7339447363863021,-0.4932675307129161,-1.2133339992756982,-0.7352361323939406,-0.7452909883921544,NVDA,Nvidia Corporation,,,
2022-12-07,-0.7450361155153234,-0.7454445902026877,-0.7512233932176327,-0.748128894445867,-0.7530847135005414,-0.3802457664177712,0.1614951564530004,-0.7369770882727692,-0.7444020516288256,NVDA,Nvidia Corporation,,,
2022-12-08,-0.7185281312920937,-0.7189138853189468,-0.7265647963615529,-0.740597206955502,-0.740434144180829,0.4408062176473141,1.8641765984767185,-0.7315958869151251,-0.7411093428972934,NVDA,Nvidia Corporation,,,
2022-12-09,-0.7227734882626334,-0.7231628753092096,-0.7165325141176045,-0.7143910257226145,-0.7180368688769877,0.1531843641414711,-0.3816458074226753,-0.7286309219151189,-0.7385138871970414,NVDA,Nvidia Corporation,,,
2022-12-12,-0.709279410933583,-0.7096572415451301,-0.7176499750498533,-0.7189822497687002,-0.7211426743455548,0.1072158289528801,0.8542270411878357,-0.7230031750064728,-0.7348895867080988,NVDA,Nvidia Corporation,,,
2022-12-13,-0.6957094461239688,-0.6960757269298491,-0.6865597612967705,-0.6954070328161783,-0.683418265670132,1.2507534432117848,0.8306683085451956,-0.7153591982499434,-0.7303228598669897,NVDA,Nvidia Corporation,,,
2022-12-14,-0.7057668771224618,-0.7061417342900991,-0.699919607555263,-0.702912941008834,-0.697154617106955,0.334246447187669,-0.7487912056144567,-0.7121633086012008,-0.7271139696193949,NVDA,Nvidia Corporation,,,
2022-12-15,-0.724011713358725,-0.7244021499864937,-0.7230634535075048,-0.7214842191662519,-0.7183903759736007,0.2289607110366216,-1.3136385054678197,-0.714368843504158,-0.725906879000492,NVDA,Nvidia Corporation,,,
2022-12-16,-0.7336394369259513,-0.7340381980163181,-0.7299916828689943,-0.7289643480611979,-0.7255110395604037,0.2271816541192104,-0.7623495598644605,-0.7184516893737712,-0.725711927168071,NVDA,Nvidia Corporation,,,
2022-12-19,-0.7416499804321597,-0.7420555671128507,-0.7407193172914001,-0.7357996009363408,-0.7328842150964631,-0.4855487192486646,-0.6619913712813896,-0.7235345677619174,-0.7262855237646856,NVDA,Nvidia Corporation,,,
2022-12-20,-0.7459206171482909,-0.7463298346403225,-0.7481442064814642,-0.743357092322982,-0.7457115620453469,-0.2030746530167499,-0.4000178647725562,-0.7284240396533868,-0.727207260552031,NVDA,Nvidia Corporation,,,
2022-12-21,-0.7354083437043077,-0.7358085904124381,-0.74027229502723,-0.7369087503005811,-0.744449002299065,-0.652056968931783,0.6878073902871904,-0.7294393118549546,-0.7270598912493488,NVDA,Nvidia Corporation,,,
2022-12-22,-0.7647717572065418,-0.7651972247869673,-0.7524153578605765,-0.7683767616999339,-0.7449540261975778,0.7253921966069943,-2.200714121552352,-0.7376079963888394,-0.729678141978387,NVDA,Nvidia Corporation,,,
2022-12-23,-0.7681326366660085,-0.7685609703395953,-0.7722564822625206,-0.7683509578036578,-0.767629074277947,-0.5125961232865959,-0.3482117484512025,-0.7445823270378469,-0.7323733840095955,NVDA,Nvidia Corporation,,,
2022-12-27,-0.7955503057802187,-0.7960021730783924,-0.778191415648905,-0.7896821705256889,-0.7707096430001074,0.1506822066705316,-2.2287193454890613,-0.7567294708881279,-0.7373934528965476,NVDA,Nvidia Corporation,,,
2022-12-28,-0.79769826401108,-0.7981519456107328,-0.799000993561708,-0.7941186449898177,-0.7996721085802904,-0.5026104489759656,-0.268673705497471,-0.7663816738670851,-0.7421584792836292,NVDA,Nvidia Corporation,,,
2022-12-29,-0.7833702927840345,-0.7838117189625858,-0.7885465551998798,-0.7852714753592698,-0.7876780558801255,-0.4804755375874018,1.1238169176788122,-0.7700064444222972,-0.745147365553615,NVDA,Nvidia Corporation,,,
2022-12-30,-0.7830923120701063,-0.783533497214776,-0.7898875035821695,-0.7851167257773128,-0.7893951178703771,-0.7354717827852374,-0.0654869673421458,-0.7726548987752498,-0.7478384798516101,NVDA,Nvidia Corporation,,,
2023-01-03,-0.7906479648870351,-0.7910956535634617,-0.7807739899205871,-0.7886504328502768,-0.7763405438803733,-0.2144548783948992,,-0.7882242339043168,-0.7825396994625055,NVDA,Nvidia Corporation,,,
2023-01-04,-0.7796809213632457,-0.7801191724679428,-0.7843250413851721,-0.7849103684028038,-0.7835117050408547,-0.0420183519515043,0.8214598568644548,-0.7854576816439086,-0.7815117621800103,NVDA,Nvidia Corporation,,,
2023-01-05,-0.791911493850613,-0.7923602057779545,-0.7915016006609489,-0.7873091714123844,-0.7854307573258195,-0.283947137146291,-1.072575475067541,-0.7864680582006283,-0.7817236411665418,NVDA,Nvidia Corporation,,,
2023-01-06,-0.7769012348334375,-0.7773370997085686,-0.7804263375134025,-0.7902496102580974,-0.7858600228233823,-0.1928364674017129,1.1611454487455504,-0.78343934465659,-0.7805093519229891,NVDA,Nvidia Corporation,,,
2023-01-09,-0.7574687812360549,-0.7578879885290952,-0.7544516347392795,-0.7616962584067479,-0.7654070124700476,0.3763871405571851,1.4645317840619505,-0.7762657683688349,-0.7775840553033835,NVDA,Nvidia Corporation,,,
2023-01-10,-0.7503679708646163,-0.7507810931678314,-0.7567858790966743,-0.7531586125386803,-0.7597761356706464,-0.3130261094060401,0.4513385900892914,-0.7690943319338464,-0.7742591381841479,NVDA,Nvidia Corporation,,,
2023-01-11,-0.7480431991459822,-0.7484543055156665,-0.7551469395536486,-0.7508114173216519,-0.7513676755911548,-0.489875844783271,0.0853993558456974,-0.7631293064514387,-0.7710185861901827,NVDA,Nvidia Corporation,,,
2023-01-12,-0.7351556909797604,-0.7355556703216245,-0.7400240124770309,-0.7526427560002575,-0.7448025093956779,0.6471366478140321,0.8681129570127287,-0.7554045276421745,-0.7668646880477417,NVDA,Nvidia Corporation,,,
2023-01-13,-0.7253509127058149,-0.7257425830521881,-0.7329467283300632,-0.7352837197993515,-0.7403079122870657,0.0495916015086052,0.6169167732436281,-0.7471375849278911,-0.7621694184556721,NVDA,Nvidia Corporation,,,
2023-01-17,-0.7050593819524242,-0.705433577331651,-0.7129318014065709,-0.7163513346854675,-0.7246272718188712,0.4158190762976106,1.3374568092235444,-0.7358186254999625,-0.7559990732350511,NVDA,Nvidia Corporation,,,
2023-01-18,-0.7132720186919969,-0.7136532632050047,-0.7093311360596255,-0.706472451978074,-0.7052348068362404,0.0056144622888583,-0.6388776507273651,-0.729401130062005,-0.7511594361546647,NVDA,Nvidia Corporation,,,
2023-01-19,-0.7287371442765572,-0.7291316543815999,-0.7261178214614711,-0.7206846181630584,-0.7211679592536913,0.0819876540853338,-1.1446735905746976,-0.728489249328497,-0.7482093070752328,NVDA,Nvidia Corporation,,,
2023-01-20,-0.7015973111449073,-0.7019686251510378,-0.7097532448134168,-0.7182600358557683,-0.7217992150459673,0.7249445629310005,1.8338114010992443,-0.7209590299682844,-0.7429835641626292,NVDA,Nvidia Corporation,,,
2023-01-23,-0.6673820921187784,-0.6677240263359956,-0.6752610106991832,-0.6926471228501319,-0.6952103280755836,1.2425697813916936,2.1889783381341563,-0.7066802160110167,-0.735025907873362,NVDA,Nvidia Corporation,,,
2023-01-24,-0.6655627705806068,-0.6659030788654577,-0.6690529049342653,-0.6668020977708433,-0.675944094986716,0.3303210441828006,0.0244499596773325,-0.6955121625195501,-0.7276211504902982,NVDA,Nvidia Corporation,,,
2023-01-25,-0.6640971725055592,-0.664436161634569,-0.6721569578167242,-0.6729925238233161,-0.6737725307524949,0.0625041113930409,0.0022311491673734,-0.6867664098472818,-0.7207521828571463,NVDA,Nvidia Corporation,,,
2023-01-26,-0.6519928057709923,-0.6523215642501767,-0.6523903608075191,-0.6549886853983063,-0.6538750418713513,0.2920483648853332,0.6556074720082693,-0.677153641321704,-0.7133731286243954,NVDA,Nvidia Corporation,,,
2023-01-27,-0.6377661947452595,-0.6380824959904403,-0.6409177840063397,-0.6517128942952706,-0.6599099474219084,0.5939543237700031,0.7648545272949997,-0.6663552524270677,-0.7053314420610324,NVDA,Nvidia Corporation,,,
2023-01-30,-0.6681655230131691,-0.6685080641456451,-0.6530360280574837,-0.6582902557990515,-0.6475876243715375,0.2867456274927917,-1.8602606069906984,-0.6659250115512106,-0.7008701366757417,NVDA,Nvidia Corporation,,,
2023-01-31,-0.6586893814319132,-0.6590237778182239,-0.6642850937265783,-0.6634489195775458,-0.667283122957968,0.3407256577030148,0.4990206619749632,-0.6632118743547132,-0.6959262089599317,NVDA,Nvidia Corporation,,,
2023-02-01,-0.623160098072918,-0.6234640234746961,-0.6269123178619707,-0.6463994563362531,-0.6541275538206076,1.2730662602920897,2.070926467269018,-0.6522143854493502,-0.6881015814983626,NVDA,Nvidia Corporation,,,
2023-02-02,-0.60380348371231,-0.6040908172662117,-0.6081141743636244,-0.6183103532307743,-0.6210744958021036,0.7209789876731583,1.009192769837116,-0.6390833588870005,-0.6791739948847704,NVDA,Nvidia Corporation,,,
2023-02-03,-0.6191926735725173,-0.6194932793520306,-0.6131799530500032,-0.616014765806298,-0.6210744958021036,-0.0532551049976043,-0.9296804571885858,-0.6331171742237911,-0.6725004306181022,NVDA,Nvidia Corporation,,,
2023-02-06,-0.6194707025302345,-0.6197714769800531,-0.6175256555038987,-0.6160921528965597,-0.6259731216618722,0.0777695675230848,-0.1037299966806497,-0.6287126714598441,-0.6664596135722701,NVDA,Nvidia Corporation,,,
2023-02-07,-0.592078313161616,-0.5923555758982522,-0.6004160891129826,-0.6067033228313128,-0.6114287608844664,1.2941452153167707,1.4539710702994193,-0.6184992756054917,-0.6584004823158514,NVDA,Nvidia Corporation,,,
2023-02-08,-0.591269650765423,-0.5915462605513938,-0.5850448321220776,-0.5845725337046549,-0.5860519120058215,0.6944366062440405,-0.0447883254172678,-0.6106352351064918,-0.650998203702413,NVDA,Nvidia Corporation,,,
2023-02-09,-0.5879340269296531,-0.5882077925359745,-0.581518623121739,-0.5816836288557945,-0.5805219821920472,0.4891276990815134,0.0902552273081921,-0.603895758480779,-0.6439562126137314,NVDA,Nvidia Corporation,,,
2023-02-10,-0.6150232523263307,-0.615320218452544,-0.604910798988268,-0.6154472768767566,-0.603651556597251,0.6432801115285474,-1.5278739151550271,-0.6056746934873057,-0.640093466473066,NVDA,Nvidia Corporation,,,
2023-02-13,-0.6018071557112085,-0.6020927823164871,-0.6056557413670418,-0.6115524874458932,-0.6074896611671804,0.2081687006760391,0.6497574164336346,-0.6036749951470154,-0.6353431388039218,NVDA,Nvidia Corporation,,,
2023-02-14,-0.571913036404815,-0.5721730061033344,-0.5807984995251673,-0.6011319443038008,-0.6064796615318847,1.3591324428418148,1.5408158957402136,-0.5946341148793075,-0.6282226934066745,NVDA,Nvidia Corporation,,,
2023-02-15,-0.5771438210155312,-0.5774083506800678,-0.5856159956613471,-0.5820447358122603,-0.5819612954866354,-0.103705715839415,-0.3584285321550984,-0.5891729751999044,-0.6222398409008548,NVDA,Nvidia Corporation,,,
2023-02-16,-0.5963994128813517,-0.5966803985001418,-0.5931898922728013,-0.5866617883531886,-0.5924655613993985,-0.1527675145069885,-1.0923204694837143,-0.589934546335155,-0.6186057041943493,NVDA,Nvidia Corporation,,,
2023-02-17,-0.6119151462008844,-0.6122093447511548,-0.6133041416891909,-0.6112171597871369,-0.6051413433846529,0.1563407554465554,-0.925301091416416,-0.594419731865823,-0.6167562279916116,NVDA,Nvidia Corporation,,,
2023-02-21,-0.6304377701759186,-0.6307479580755719,-0.6194129249612117,-0.6204254363741509,-0.6210744958021036,-0.164308428897033,-1.116242617722119,-0.6024561480367783,-0.6168110052734381,NVDA,Nvidia Corporation,,,
2023-02-22,-0.6279359919943546,-0.628244131183795,-0.6290975547979756,-0.6255067622595162,-0.6284729080845698,0.4277674521106751,0.0557106538349593,-0.6078523602638927,-0.6166263119790438,NVDA,Nvidia Corporation,,,
2023-02-23,-0.5544012163031273,-0.5546460731421715,-0.5599640791481182,-0.5583405731740576,-0.559462976873708,3.898713236873084,4.118381134907601,-0.5933495976193036,-0.6095660193142189,NVDA,Nvidia Corporation,,,
2023-02-24,-0.5639530523897899,-0.5642062403207945,-0.5702446913063539,-0.5603524407323299,-0.5648918633783959,0.8669764327665109,-0.5672960196491612,-0.5848820769118536,-0.6040428618048755,NVDA,Nvidia Corporation,,,
2023-02-27,-0.5585201263019202,-0.5587685789672401,-0.560162771498001,-0.5472751540121622,-0.5536553465260003,0.082343465468816,0.188904445334263,-0.5771609235428312,-0.598512583197831,NVDA,Nvidia Corporation,,,
2023-02-28,-0.5657219109243569,-0.5659766327169145,-0.5615285149804489,-0.5536719620377105,-0.5611800388639596,0.0993822396229891,-0.4519013924700896,-0.573186784553757,-0.5941600780298002,NVDA,Nvidia Corporation,,,
2023-03-01,-0.5788116570553108,-0.5790775846877771,-0.5756581697640055,-0.5716758004627202,-0.5657251576271151,0.122699363027639,-0.757462985573314,-0.5735082066664751,-0.5914301526301385,NVDA,Nvidia Corporation,,,
2023-03-02,-0.5632455089759629,-0.5634980833623464,-0.5725789830278369,-0.5736361094255731,-0.5835015557668509,-0.282529630505644,0.7260930970240982,-0.5698225484175291,-0.5874893924688733,NVDA,Nvidia Corporation,,,
2023-03-03,-0.5486901647699616,-0.5489302141605948,-0.5596661116694261,-0.5556322710005634,-0.5624930721030549,-0.150661340672505,0.6531082794000406,-0.5633865658226277,-0.5825426157388083,NVDA,Nvidia Corporation,,,
2023-03-06,-0.5571807822234623,-0.557428097661971,-0.5510244390542163,-0.5464239944135496,-0.5480749432194126,-0.0069824084650688,-0.5100256184011323,-0.560701426572897,-0.5788413686881919,NVDA,Nvidia Corporation,,,
2023-03-07,-0.5638026282547624,-0.5641556370068018,-0.5540788070081825,-0.5527691946465456,-0.5554228820090653,0.4390730718761588,-0.4218517036241664,-0.5603580025543556,-0.576097262032429,NVDA,Nvidia Corporation,,,
2023-03-08,-0.5412327845518303,-0.5415703987085178,-0.5522163563330719,-0.548048975717646,-0.5582762236901058,0.4299998815973619,1.062314645417041,-0.5544069537059876,-0.5714871557966956,NVDA,Nvidia Corporation,,,
2023-03-09,-0.5600619978078457,-0.560412487198166,-0.5459089280752565,-0.5491065172893345,-0.5409038061397962,0.3593196719366021,-1.0123818402418343,-0.5546935344685362,-0.5690610059218382,NVDA,Nvidia Corporation,,,
2023-03-10,-0.5719661045730415,-0.5723247678057376,-0.5664453336095258,-0.5660528141426558,-0.5602457494678837,0.2078645393320947,-0.691015541844736,-0.557911406374926,-0.567971183029887,NVDA,Nvidia Corporation,,,
2023-03-13,-0.5719408730712393,-0.5722994902685287,-0.5746152125424517,-0.5771181841074183,-0.5768353944240175,-0.0961590711736226,-0.0867823314622745,-0.5603184453925893,-0.5669780700061597,NVDA,Nvidia Corporation,,,
2023-03-14,-0.5442152156061585,-0.5445547882447126,-0.5517445626507876,-0.5471204290287719,-0.5580489484872561,0.2081170506365014,1.3449242264449832,-0.5551296354863229,-0.5634765234819852,NVDA,Nvidia Corporation,,,
2023-03-15,-0.5400449742155539,-0.5403816791056514,-0.5500808043255597,-0.5496997363194525,-0.5513575503980159,0.492628423983516,0.1176277463195861,-0.5501860407347348,-0.5599024240531487,NVDA,Nvidia Corporation,,,
2023-03-16,-0.5068601460412259,-0.5071740381910724,-0.5177489883651286,-0.5359260641811955,-0.5446408674006393,0.8298859654851297,1.53774267820171,-0.5381071221808803,-0.5535428400262883,NVDA,Nvidia Corporation,,,
2023-03-17,-0.5022096859719609,-0.5025204146471677,-0.4976098728024485,-0.4901684503094635,-0.4952759131216648,2.3523799198324524,0.1280414542440013,-0.5278748057230802,-0.5473255139514875,NVDA,Nvidia Corporation,,,
2023-03-20,-0.4977868401005983,-0.4980944336568675,-0.5069220314498255,-0.5040453380328247,-0.5045429041962822,-0.033851906811259,0.1159929706766643,-0.5190848589165266,-0.5412588474894834,NVDA,Nvidia Corporation,,,
2023-03-21,-0.4902297399699906,-0.4905323014279695,-0.4977836990060409,-0.4975711429170147,-0.4902762921145397,0.6241753357928645,0.2582580621121854,-0.510586040693937,-0.5350353717195354,NVDA,Nvidia Corporation,,,
2023-03-22,-0.4834310804509178,-0.4837288812319371,-0.4680592760994941,-0.4754919615829087,-0.4840899179238124,2.0582501613448536,0.2199423776667843,-0.5024968935433184,-0.5287404304154323,NVDA,Nvidia Corporation,,,
2023-03-23,-0.4651579251103373,-0.4654431879983335,-0.4702941979639916,-0.4638074948960526,-0.4666669787189597,0.7244969292550067,0.7314066049400547,-0.4918204372484505,-0.5213050198290796,NVDA,Nvidia Corporation,,,
2023-03-24,-0.4755708645921583,-0.4758632738378075,-0.4785385806076126,-0.472448331750658,-0.4687880212986376,0.093396573929893,-0.5426567570506515,-0.4864398687059519,-0.5155215569576035,NVDA,Nvidia Corporation,,,
2023-03-27,-0.4818387941851768,-0.4821355280754291,-0.4826855907116253,-0.4721903911821634,-0.473686647158406,-0.4454510718875303,-0.365918726513588,-0.4839855935679713,-0.5108513543601995,NVDA,Nvidia Corporation,,,
2023-03-28,-0.4848970162324904,-0.4851957984628257,-0.4947789686164791,-0.4854740106782735,-0.4835343723707564,-0.4736979046213936,-0.2249123701652233,-0.4829163559425409,-0.5068923617540665,NVDA,Nvidia Corporation,,,
2023-03-29,-0.470389771084418,-0.4706785325750668,-0.4807486836899078,-0.4662062979056331,-0.4739896326004759,-0.2579729061520884,0.5639463266957377,-0.4784548223093349,-0.5019335183825634,NVDA,Nvidia Corporation,,,
2023-03-30,-0.4603053718077082,-0.460587247677608,-0.4702941979639916,-0.4531806189780175,-0.4637884002915127,-0.4254223343334501,0.3555187278870812,-0.4725647761335002,-0.4964802716183633,NVDA,Nvidia Corporation,,,
2023-03-31,-0.4503474195027451,-0.4506223987057685,-0.4619753589737638,-0.453103231887756,-0.4660357229266835,-0.0270455793788409,0.343573624022262,-0.4656352431313645,-0.4905894190563607,NVDA,Nvidia Corporation,,,
2023-04-03,-0.4455957922073249,-0.4458676167734534,-0.4578531676519533,-0.4471449179089353,-0.456718210197523,-0.229152184090028,0.1149667626896787,-0.4592394453388161,-0.4847887301251548,NVDA,Nvidia Corporation,,,
2023-04-04,-0.4585362238104052,-0.458816855281488,-0.4578531676519533,-0.4478929603167098,-0.4451787079030576,-0.4020306053161347,-0.6373576364557484,-0.4577069571863292,-0.4807282788314704,NVDA,Nvidia Corporation,,,
2023-04-05,-0.4729929094672946,-0.4732835178552542,-0.4827352756401181,-0.4714165694766793,-0.4738886374531193,0.4382753657099647,-0.7131610894086514,-0.4602044423218311,-0.4783919797336661,NVDA,Nvidia Corporation,,,
2023-04-06,-0.469050234030803,-0.4693380512697976,-0.4806989987614152,-0.4705911891757763,-0.4800750598055764,-0.2352468887554816,0.0860133994665694,-0.4610829747607713,-0.4758985258269432,NVDA,Nvidia Corporation,,,
2023-04-10,-0.4553516030351343,-0.4556301007288971,-0.4672646487922277,-0.4643491553307515,-0.4740401542550189,-0.2488767603001637,0.5133248305491032,-0.4582862501140747,-0.4723477814951783,NVDA,Nvidia Corporation,,,
2023-04-11,-0.465713983025772,-0.4659995832543784,-0.4630679537597221,-0.4525615714530569,-0.451289323692835,-0.7131589657049326,-0.5340854692130148,-0.4588027261434384,-0.4700910944765812,NVDA,Nvidia Corporation,,,
2023-04-12,-0.4827486720513146,-0.483046001810698,-0.4710640064890558,-0.4700495287410772,-0.4602280444172462,0.0436920192147386,-0.8323272240720003,-0.4634872629228623,-0.4696362164677503,NVDA,Nvidia Corporation,,,
2023-04-13,-0.4835575756664541,-0.4838553653971313,-0.4854916761153925,-0.4731189378710377,-0.4762874768901901,-0.4879820100002204,-0.1243262817924971,-0.4672047199656859,-0.4692985092676046,NVDA,Nvidia Corporation,,,
2023-04-14,-0.476101691005791,-0.4763943915566435,-0.4855909986082898,-0.4759304556296364,-0.4820951072378978,-0.2466902419597326,0.246349544818468,-0.4681119872986703,-0.4682926651729504,NVDA,Nvidia Corporation,,,
2023-04-17,-0.4699346874199812,-0.4702232474678576,-0.4825365832902353,-0.4704364149952529,-0.4805547987959527,-0.6724529956559094,0.1854866694358661,-0.4672367461780315,-0.4668002302889591,NVDA,Nvidia Corporation,,,
2023-04-18,-0.4531275161047625,-0.4534044714651427,-0.4551215859588813,-0.4466032574742364,-0.4561121911516537,0.9536107657511512,0.6507554472646443,-0.4623405293193495,-0.4638681408171583,NVDA,Nvidia Corporation,,,
2023-04-19,-0.4464551105822795,-0.4467275354343046,-0.4578531676519533,-0.4498274407847201,-0.4604553196200958,-0.4590292933926747,0.1981818059827836,-0.456985182092315,-0.4605772026194322,NVDA,Nvidia Corporation,,,
2023-04-20,-0.4673568770264853,-0.4676435397248792,-0.4571081779090915,-0.4558115340612503,-0.4526276418400669,-0.062741495592703,-0.976365408192568,-0.4582413624457473,-0.4595445561252723,NVDA,Nvidia Corporation,,,
2023-04-21,-0.4669777290864019,-0.4672641837084463,-0.4781412432719353,-0.4629821145951495,-0.4707828319845523,-0.5368314696163611,-0.0714818941239443,-0.4590878536488288,-0.4585702491768592,NVDA,Nvidia Corporation,,,
2023-04-24,-0.4689238353028453,-0.4692116153441782,-0.4735969431963333,-0.4642975967353324,-0.4692425235426072,-0.5702375674107166,-0.1732680845901801,-0.4602136478453539,-0.4578669234652533,NVDA,Nvidia Corporation,,,
2023-04-25,-0.4891683283616717,-0.4894700659902974,-0.4765519886574025,-0.4758014607468225,-0.4676012681150354,-0.3450147005597487,-0.9767165683483852,-0.4661648801309948,-0.4591250459462299,NVDA,Nvidia Corporation,,,
2023-04-26,-0.4710973144982448,-0.4713866895335148,-0.4744908929964972,-0.4634206086418772,-0.4695202722382703,-0.1854160783881239,0.7293519232071859,-0.4660697007303783,-0.4585750036350046,NVDA,Nvidia Corporation,,,
2023-04-27,-0.4642732787460019,-0.4645579918002736,-0.4703935204568889,-0.4654840839927013,-0.4604047979655527,-0.3528540287829217,0.2124095171958822,-0.4642768812740983,-0.4574353506058006,NVDA,Nvidia Corporation,,,
2023-04-28,-0.4510550594041507,-0.4513305556642165,-0.4638626284310768,-0.4539802199812113,-0.4638893954388692,-0.8403443186199829,0.4882046527828207,-0.459597831606524,-0.4551603631664352,NVDA,Nvidia Corporation,,,
2023-05-01,-0.421711932415316,-0.4219672229466836,-0.4315804500350502,-0.4356926124928643,-0.4483602717725745,0.7557165087089313,1.1671106826909832,-0.4486864314598461,-0.4503418713926703,NVDA,Nvidia Corporation,,,
2023-05-02,-0.4394037018510808,-0.4396712433870334,-0.4370932509855991,-0.427877205136295,-0.4271497496523355,-0.2061162664561947,-0.8144869240113294,-0.4449658165626838,-0.4476196678947995,NVDA,Nvidia Corporation,,,
2023-05-03,-0.4497154258629571,-0.449990122598522,-0.4487396539903709,-0.4436370147322475,-0.4483602717725745,-0.3171236792093677,-0.5219779207716269,-0.4447765963999238,-0.446111451848339,NVDA,Nvidia Corporation,,,
2023-05-04,-0.4557812622226115,-0.4560600600593227,-0.4613545578700896,-0.4496211080087776,-0.4531326657385797,-0.6702779551020422,-0.3470672342493092,-0.4461648523996939,-0.4453088951432233,NVDA,Nvidia Corporation,,,
2023-05-05,-0.4275249713190552,-0.4277842403166708,-0.4391047090820997,-0.436956486840495,-0.4487137788691875,-0.4427652698315677,1.1288202426361815,-0.4400780973552326,-0.4419308455431404,NVDA,Nvidia Corporation,,,
2023-05-08,-0.4156208645538595,-0.415872007948674,-0.4275576285702253,-0.4209903444686,-0.4311393710241648,-0.5375430923833255,0.4045999293439313,-0.4325100947374083,-0.4377441234578729,NVDA,Nvidia Corporation,,,
2023-05-09,-0.430279788175481,-0.4305410355388361,-0.4336912306244483,-0.4184109879807864,-0.421619868000291,-0.7103411691034847,-0.684986417306302,-0.430531960680972,-0.4353119884274326,NVDA,Nvidia Corporation,,,
2023-05-10,-0.4223436365923683,-0.42259949905393,-0.4302146591885141,-0.4181272681145823,-0.4189433280292868,-0.3976805242084004,0.2416275243503154,-0.4270463822989858,-0.4323571037762049,NVDA,Nvidia Corporation,,,
2023-05-11,-0.4301028782001296,-0.430363996299224,-0.4342623467996296,-0.4236728673443848,-0.4216956264012408,-0.6685620260107328,-0.4069462609649781,-0.4263895489472273,-0.4303981160955423,NVDA,Nvidia Corporation,,,
2023-05-12,-0.4361181068248115,-0.4363833304460321,-0.4384838606143374,-0.4288315803200119,-0.4309626174758583,-0.9436099643357764,-0.3379329485230484,-0.4274143287209785,-0.4291810235498043,NVDA,Nvidia Corporation,,,
2023-05-15,-0.4206250963300377,-0.4208797099718027,-0.4337905531173455,-0.426097449651675,-0.4314928781207778,-0.8305308111078118,0.5608300894024585,-0.4242746384439789,-0.4266224211440958,NVDA,Nvidia Corporation,,,
2023-05-16,-0.41405385803371,-0.414303932329375,-0.4114165156901678,-0.4085578845711025,-0.4230844180412861,0.0617465774798206,0.1813190588039882,-0.4202622066517427,-0.4236804990127291,NVDA,Nvidia Corporation,,,
2023-05-17,-0.38966445157366,-0.3898976983209781,-0.4032466841213301,-0.3931334026339064,-0.4043232088509313,-0.0350685521870369,0.9029233523098992,-0.4111003980995673,-0.4187200135242557,NVDA,Nvidia Corporation,,,
2023-05-18,-0.3517533240932927,-0.3519605530112929,-0.3627946741564657,-0.3701772332063452,-0.3834661938273053,1.7795121146395023,1.4030904077969404,-0.3946655604064637,-0.4106570840976786,NVDA,Nvidia Corporation,,,
2023-05-19,-0.3622167748225072,-0.3624311939251847,-0.3689530949928911,-0.3548043098645682,-0.3550340129729067,0.202366679567966,-0.4801623111999691,-0.3849789478095504,-0.4043078839554159,NVDA,Nvidia Corporation,,,
2023-05-22,-0.3644408135090897,-0.3646568231889391,-0.3704430271145266,-0.3608915695290696,-0.3710681605377142,-0.3824724570111761,-0.172526964508587,-0.3782750255495318,-0.3987443422204282,NVDA,Nvidia Corporation,,,
2023-05-23,-0.3767746277055521,-0.3769990631269361,-0.3762041579793627,-0.3621554438767003,-0.3685683259532867,-0.4728428095223799,-0.5576883912811419,-0.3763584184152552,-0.3948426212424635,NVDA,Nvidia Corporation,,,
2023-05-24,-0.3805657693998624,-0.3807927680099897,-0.3931150320203961,-0.3834350734047459,-0.3885163364889736,1.6228058946819912,-0.2347271167814996,-0.3758773184944475,-0.3916509446011436,NVDA,Nvidia Corporation,,,
2023-05-25,-0.1924762607547547,-0.1925739586924521,-0.1727769622942995,-0.2072915277826457,-0.1786079644289412,6.342999707957218,7.222915222436748,-0.328068933582694,-0.3711198543129189,NVDA,Nvidia Corporation,,,
2023-05-26,-0.1680615263053238,-0.1681424471468464,-0.1804750475449413,-0.1836904823352813,-0.1945915903392054,1.582507386055988,0.6749580906874123,-0.2860537709387435,-0.3501668419706911,NVDA,Nvidia Corporation,,,
2023-05-30,-0.1386172803341231,-0.1386779078013281,-0.1117388618666732,-0.1218119027139979,-0.1262886251598399,2.78195903756114,0.8093225536672733,-0.247114777731251,-0.3283588497099223,NVDA,Nvidia Corporation,,,
2023-05-31,-0.1961663317104882,-0.1962665051870952,-0.1525385716028103,-0.1766746759819055,-0.1542411151855922,3.2363588687343543,-1.79113708058459,-0.2324278872816678,-0.3139274553333843,NVDA,Nvidia Corporation,,,
2023-06-01,-0.1472357438292604,-0.1473022754678985,-0.1586224887285406,-0.1633136201984006,-0.179466495424067,1.131866529982465,1.447064399416437,-0.2090694631956772,-0.2962217584371735,NVDA,Nvidia Corporation,,,
2023-06-02,-0.158431969474104,-0.158506399117022,-0.1474478794060529,-0.1447939498335347,-0.1388634601594673,0.2530009349947998,-0.4222576179446065,-0.1943750109959312,-0.2811750887949447,NVDA,Nvidia Corporation,,,
2023-06-05,-0.1623749343733316,-0.1624518174629038,-0.1706662290689899,-0.1538474030428919,-0.1688611862022175,-0.244199562275357,-0.2070968812969307,-0.184348826278832,-0.2678658709783365,NVDA,Nvidia Corporation,,,
2023-06-06,-0.1754416682167909,-0.1755275401361326,-0.1807233300951405,-0.1682660003980852,-0.1708559487264025,-0.2864665112970764,-0.4840501012802024,-0.1801254090035895,-0.2569913226005852,NVDA,Nvidia Corporation,,,
2023-06-07,-0.2051418957340004,-0.2053461579608749,-0.1723051212479272,-0.188694421130385,-0.1687096694003179,0.420961124678257,-1.000135653774929,-0.1844500413132874,-0.2498891618160643,NVDA,Nvidia Corporation,,,
2023-06-08,-0.1789804466492896,-0.1791695315563579,-0.1880737629385977,-0.1848511410978077,-0.1987832020057479,-0.1197918337087808,0.7404815920191472,-0.1810940144180361,-0.2409805482321218,NVDA,Nvidia Corporation,,,
2023-06-09,-0.1724082917209654,-0.1725937056743553,-0.1670406975757538,-0.1574584726075512,-0.1656291488398874,-0.0627185400195752,0.1144681857247268,-0.1769190989320337,-0.2322658027503892,NVDA,Nvidia Corporation,,,
2023-06-12,-0.1544115250492662,-0.1545862583083489,-0.171535360086951,-0.1561430396645014,-0.161513247412565,-0.2866272003089716,0.462856397718522,-0.16924803833895,-0.2226564760008857,NVDA,Nvidia Corporation,,,
2023-06-13,-0.1154853482420941,-0.1156374326354096,-0.1325235499511416,-0.127202727763277,-0.1366161375242963,1.0017945137465831,1.082087918626218,-0.1536752047295144,-0.2102721870157963,NVDA,Nvidia Corporation,,,
2023-06-14,-0.0655639294162884,-0.0656868000901676,-0.0853668217568728,-0.1062585242882542,-0.120506231558539,1.7321088561304183,1.3562820690271071,-0.1294023757300272,-0.1943346247713802,NVDA,Nvidia Corporation,,,
2023-06-15,-0.0742591005364076,-0.0743870968475142,-0.0781902151170078,-0.0651179137603171,-0.07561063764177,0.745920217876606,-0.3281067507282417,-0.1133912024941176,-0.1806609272719296,NVDA,Nvidia Corporation,,,
2023-06-16,-0.0732734799210742,-0.0734006940214689,-0.0674626280586902,-0.0518600735619165,-0.0541981252268178,1.24570321712365,-0.060660130491666,-0.1011341893840178,-0.1681379112943963,NVDA,Nvidia Corporation,,,
2023-06-20,-0.0450645644186073,-0.0451755258323844,-0.0607826812473999,-0.0515247459031602,-0.0656113956275199,0.0717781629367067,0.6961515205547077,-0.0848254334511515,-0.1541093391997189,NVDA,Nvidia Corporation,,,
2023-06-21,-0.0643508875782098,-0.0644728994292421,-0.0700948398947769,-0.066846012255252,-0.0529103768958588,0.6482499931107346,-0.6106077226489531,-0.0774590446888977,-0.1431637923916671,NVDA,Nvidia Corporation,,,
2023-06-22,-0.0648561930273043,-0.0649786431317196,-0.0747882421199451,-0.0628738357341269,-0.0844231746341477,-0.1199926949736498,-0.1020193160947193,-0.0720617217398453,-0.1332606574023828,NVDA,Nvidia Corporation,,,
2023-06-23,-0.085482053240522,-0.0856164980338466,-0.0901098615464454,-0.0685226505490338,-0.0790952351150865,-0.4620135178992998,-0.657069269519672,-0.0732168200484831,-0.1261910623181261,NVDA,Nvidia Corporation,,,
2023-06-26,-0.1253431946842661,-0.1255010749792638,-0.091227275114606,-0.1179171624802677,-0.0791710416777662,0.8934097752232711,-1.208949773508557,-0.0841385366234774,-0.1235003290100624,NVDA,Nvidia Corporation,,,
2023-06-27,-0.0938991471591345,-0.0940385489235957,-0.1116892243022688,-0.1089409487697727,-0.1211375355125448,0.1350322446905955,0.830411392748574,-0.0843977318214485,-0.118106967874841,NVDA,Nvidia Corporation,,,
2023-06-28,-0.1130839653860566,-0.1132347158924683,-0.1140482400777775,-0.1071354139874433,-0.124647369732268,0.8263622850099992,-0.6318379779986008,-0.0894317007187575,-0.1150020988250824,NVDA,Nvidia Corporation,,,
2023-06-29,-0.120540911410084,-0.1206957379725309,-0.1201322519316843,-0.105020429238333,-0.1019723457327637,-0.3336115196084716,-0.3033386253332127,-0.0950882705809626,-0.1128784276283259,NVDA,Nvidia Corporation,,,
2023-06-30,-0.0831314228508248,-0.0832644328444729,-0.0965414310793604,-0.0817804907474342,-0.0988917288488736,0.3586941325688672,0.9995794437802972,-0.089893760400973,-0.1074414387316431,NVDA,Nvidia Corporation,,,
2023-07-03,-0.0803256605529016,-0.0804570825478896,-0.0878997584641503,-0.063699265232163,-0.0777570132913142,-1.3798404593782692,-0.0093641482794839,-0.0852900946692282,-0.1022357384010371,NVDA,Nvidia Corporation,,,
2023-07-05,-0.0827520336917948,-0.0828849803488902,-0.080971529102661,-0.0667171157667042,-0.0874027482089514,-0.6601315917795167,-0.1559859899482533,-0.0824494235551591,-0.0977307066891974,NVDA,Nvidia Corporation,,,
2023-07-06,-0.088161320322909,-0.0882973641652355,-0.105754219869752,-0.085778446566269,-0.0947505906751445,-0.7751160575770959,-0.2398030669412084,-0.0816834697560472,-0.0941422339223295,NVDA,Nvidia Corporation,,,
2023-07-07,-0.0780506764248216,-0.0781808499701425,-0.0800526657921185,-0.0642667049645715,-0.0826808758974894,-0.4749776778232732,0.1969324553597635,-0.0785584879735688,-0.0899323187173982,NVDA,Nvidia Corporation,,,
2023-07-10,-0.086214972887519,-0.0863499325295035,-0.0900601292538647,-0.0779630884068327,-0.0742218460017248,-0.4863005142686028,-0.3160719430510776,-0.0782742814256201,-0.0868703598243724,NVDA,Nvidia Corporation,,,
2023-07-11,-0.0805277055424766,-0.0806593993247104,-0.0913762825359962,-0.0671813399140083,-0.0786660177792534,-0.8057502699162593,0.0719448381014567,-0.0766264534147622,-0.0835536951848248,NVDA,Nvidia Corporation,,,
2023-07-12,-0.0426887507708971,-0.042798086626652,-0.0621484720939359,-0.0488680023250849,-0.0647276278859874,0.2446565841628133,0.9709964964570854,-0.0658453074537367,-0.0769919130717797,NVDA,Nvidia Corporation,,,
2023-07-13,0.0097606426140605,0.0096816503475758,-0.0070205573166237,-0.0046322033694782,-0.0272304462516848,0.2270209651073152,1.3298741375976657,-0.0445285359772446,-0.0661105926919139,NVDA,Nvidia Corporation,,,
2023-07-14,-0.0030801173203325,-0.0031663815324735,0.0409805778415803,0.0100185060593668,0.0249120431456506,1.913515272773535,-0.4195669827568623,-0.0317801743333894,-0.0574220433439952,NVDA,Nvidia Corporation,,,
2023-07-17,0.0219943991915213,0.0219226354180127,0.0014472890949938,0.015228777630413,0.0174883941167778,0.4122953958224802,0.5664368385286018,-0.0158935921646897,-0.0471731361614395,NVDA,Nvidia Corporation,,,
2023-07-18,0.0481050958098919,0.0480487067481117,0.0362127192698054,0.0274032969594159,0.0278916167204543,0.7490306980354345,0.5789319564595026,0.002608042745077,-0.0354086010453442,NVDA,Nvidia Corporation,,,
2023-07-19,0.0375647927243273,0.0375021849830184,0.0342758122480877,0.0534030962192278,0.0471578498093218,-0.063952402075199,-0.3514904610126341,0.0138253664380028,-0.0257015081670846,NVDA,Nvidia Corporation,,,
2023-07-20,-0.0017909467827434,-0.0018765517807717,0.016123335999706,0.0100700646547859,0.0229929908606858,0.5694090772030114,-1.080304817140285,0.0123104593268275,-0.0205656784390533,NVDA,Nvidia Corporation,,,
2023-07-21,-0.0324011486536692,-0.0325045331919469,-0.0141970692283125,-0.0147432965447901,0.0048377525544706,3.0136266815677617,-0.8862132638071949,0.0034525331105319,-0.0187658261974155,NVDA,Nvidia Corporation,,,
2023-07-24,-0.0247421576400666,-0.0248411943350636,-0.0329952127266588,-0.0162908415614918,-0.0218521295632696,-0.3221222552579648,0.1170711158496107,-0.0012588503854177,-0.0164117222479596,NVDA,Nvidia Corporation,,,
2023-07-25,0.0022280503284156,0.0021447956558865,-0.0063252525022547,0.0064847743878364,-0.0165494267906154,-0.5197410454226502,0.629444306419366,0.0020111310683883,-0.0117437192718154,NVDA,Nvidia Corporation,,,
2023-07-26,-0.0035097765078098,-0.0035963891024738,-0.0095533992957251,-0.0010726924002382,0.0107211894648581,-0.4270234855591202,-0.2371731481959783,0.0030161898945803,-0.0080378847724999,NVDA,Nvidia Corporation,,,
2023-07-27,0.0078141986910919,0.0077342187118437,0.0237716889577669,0.0278159625113009,0.0232960244644854,0.0994568452356548,0.2076152379523539,0.0066265760497505,-0.0036075519508202,NVDA,Nvidia Corporation,,,
2023-07-28,0.0292992807916854,0.0292318957956722,0.0146333565139822,0.0440916532442427,0.0270583224717352,-0.6166537362753014,0.4674751729637845,0.0147542039590572,0.0024338128246941,NVDA,Nvidia Corporation,,,
2023-07-31,0.0287685991094206,0.0287007780768362,0.017191112003462,0.0473158365547264,0.0292299348676861,-1.076562904999208,-0.1015593676609286,0.0207160548462577,0.0078762220059142,NVDA,Nvidia Corporation,,,
2023-08-01,0.0231570745135742,0.02308607748367,0.0114796660671186,0.0349607637474906,0.0218061895153538,-1.1522990796413848,-0.2306151798511259,0.0237718768181533,0.0122979004125072,NVDA,Nvidia Corporation,,,
2023-08-02,-0.0334120490145941,-0.0335161170760516,-0.0148427364782771,-0.033133972026842,0.0059236069141759,0.5250876043863463,-1.531760305841884,0.0117935859637254,0.0110154032275971,NVDA,Nvidia Corporation,,,
2023-08-03,-0.0271940999872871,-0.0272944661524227,-0.032771748958662,-0.0224813168110975,-0.0453604478114931,-0.6569292893281767,0.0786211078299461,0.0043784109675806,0.0104323029564505,NVDA,Nvidia Corporation,,,
2023-08-04,-0.0230234244025789,-0.0231213570133614,-0.0197596024714422,-0.0071857313624494,-0.0154384320079628,-0.4360392869050972,0.0231143390452196,-0.0001308734276031,0.0102931278136797,NVDA,Nvidia Corporation,,,
2023-08-07,-0.004394567603513,-0.0044815853005338,-0.0222924444505435,-0.0028008892894391,-0.0122568681384457,-0.6685333315443229,0.406771987957028,0.0011864886479272,0.0119126814076199,NVDA,Nvidia Corporation,,,
2023-08-08,-0.0234278038444646,-0.0235259905670032,-0.0296925148584052,-0.0158781760096068,-0.0187715126793795,-0.486673542331931,-0.5854823662068377,-0.002626824141465,0.0116010240572489,NVDA,Nvidia Corporation,,,
2023-08-09,-0.0767616988623899,-0.0768909237392911,-0.0527866758821544,-0.0654532414190735,-0.0333916800194648,0.8482274684143103,-1.505359905877542,-0.0189408455938673,0.0063187312407282,NVDA,Nvidia Corporation,,,
2023-08-10,-0.0809574612175325,-0.0810893104155613,-0.0711129783341284,-0.0731654823876716,-0.0867714442549455,0.3102406565891826,-0.2051114489184597,-0.0322347869372107,0.0011233794747427,NVDA,Nvidia Corporation,,,
2023-08-11,-0.1197065833179855,-0.1198610968488887,-0.1097522225523749,-0.1040144462620636,-0.0970989566194017,0.5419771673151881,-1.1730793713511547,-0.0519801171944013,-0.0072316097020613,NVDA,Nvidia Corporation,,,
2023-08-14,-0.046454950426141,-0.0465665622120715,-0.0655009022547704,-0.1124746804413032,-0.1290409716935235,1.4441369301343754,2.039954776346796,-0.048310618826261,-0.0079612036172065,NVDA,Nvidia Corporation,,,
2023-08-15,-0.0417282169259978,-0.0418370578169655,-0.0290468476084408,-0.0248027327304164,-0.0261699249618456,1.3650894140685013,0.0401351381129539,-0.0443661267313102,-0.0081814356795159,NVDA,Nvidia Corporation,,,
2023-08-16,-0.0532036776232916,-0.0533193308545362,-0.0437725320775574,-0.0326439685818283,-0.0271799727588712,0.5096442425645612,-0.3980553547059353,-0.0443025635084059,-0.0094572376975686,NVDA,Nvidia Corporation,,,
2023-08-17,-0.0567930155469734,-0.0569106707211942,-0.0589947816470724,-0.0430902910216301,-0.0410677928358642,0.0789058683929151,-0.186051913024786,-0.0451603393940989,-0.0109534851443285,NVDA,Nvidia Corporation,,,
2023-08-18,-0.0579305076110133,-0.0580488352496426,-0.0710137032053191,-0.0776793193434955,-0.0747774397165105,0.8328414955253449,-0.1192342856641106,-0.0460906156643513,-0.0124203268426053,NVDA,Nvidia Corporation,,,
2023-08-21,0.0347844066595742,0.0347201122236442,0.0155769438785503,-0.0115964511274349,-0.0278365134592838,1.457261779070244,2.453352660148936,-0.0234000090436797,-0.0050636817197317,NVDA,Nvidia Corporation,,,
2023-08-22,0.0019499731269088,0.0018665497882892,0.0434389634740747,0.0170600917104522,0.0641009537003387,1.8172051657154904,-0.917831476482341,-0.0146648858287726,-0.0014533828737123,NVDA,Nvidia Corporation,,,
2023-08-23,0.0385506063148181,0.0384885878090637,0.018929374039385,0.0138359083999685,0.0068073746557084,1.9535210978421576,0.8631413619565853,0.0011193518707993,0.0052592719635646,NVDA,Nvidia Corporation,,,
2023-08-24,0.0397384648948839,0.0396772109327802,0.0950655353973386,0.0641589670200768,0.1166475200105601,4.117072387358815,-0.0581635473012509,0.0132571799857106,0.0114730230351974,NVDA,Nvidia Corporation,,,
2023-08-25,0.0107969192081558,0.0107186082480387,0.0339529786231054,0.0090898609762264,0.0357445794086197,2.7930924905281644,-0.8164166420619171,0.0150597412897827,0.014409206351138,NVDA,Nvidia Corporation,,,
2023-08-28,0.031447769704229,0.0313816442082251,0.0134662106532407,0.0055820069966716,0.0223616869066801,1.414903007756013,0.4445342972657468,0.0216210568503724,0.0190140611478509,NVDA,Nvidia Corporation,,,
2023-08-29,0.0807121081198121,0.0806746748694371,0.06563917469766,0.0443495446156043,0.0270078489789218,1.5079017733903597,1.1603604960552218,0.0389694918577803,0.0278178225689939,NVDA,Nvidia Corporation,,,
2023-08-30,0.0928448422024856,0.0928145497910385,0.0866473265501251,0.0968134656767984,0.0870537745572359,1.701928016360531,0.2070950559205578,0.0550414280971063,0.0369584391073227,NVDA,Nvidia Corporation,,,
2023-08-31,0.0951450095885782,0.0951160599059943,0.0821030264745234,0.1105614077144788,0.0955380411994073,0.5160660641470872,-0.032670162882922,0.0676756217306908,0.0454836844174183,NVDA,Nvidia Corporation,,,
2023-09-01,0.073761046470351,0.0737194929710015,0.0834936361032617,0.0895138902600854,0.1051837761170444,0.1445301130722582,-0.6023254661454062,0.0717569369914829,0.0512295957915553,NVDA,Nvidia Corporation,,,
2023-09-05,0.074746763573263,0.0747058957970468,0.0599277287613166,0.0822401925353479,0.0663230395891032,-0.3213360268783347,-0.0639686763710539,0.0750665809602524,0.0565455425170975,NVDA,Nvidia Corporation,,,
2023-09-06,0.037258348174714,0.0370975514293766,0.0524282884964694,0.0492245869221603,0.0718277326564705,0.1723063565569998,-1.0045890554221155,0.0680919662335262,0.0578644448547181,NVDA,Nvidia Corporation,,,
2023-09-07,0.0165299216654514,0.016358586378414,-0.0023271550914556,0.0123914805741048,-0.0018030757184964,-0.0305061320278696,-0.6108164107037896,0.0576320412393999,0.0571205785695661,NVDA,Nvidia Corporation,,,
2023-09-08,-0.0003816492098053,-0.0005614444918609,0.004178870788066,0.0154608897040653,0.0087264269406731,0.197551748104392,-0.5221255900949464,0.0455209755867929,0.0548592206703268,NVDA,Nvidia Corporation,,,
2023-09-11,-0.0103413865349722,-0.0105261969845508,-0.0068219123308293,-0.009275035208116,0.0139279900807816,0.2026995353783204,-0.3474578089096585,0.0339252276869268,0.051869917948948,NVDA,Nvidia Corporation,,,
2023-09-12,-0.0181274516895826,-0.0183160200066285,-0.0189897465822899,-0.0036263187874752,-0.0216753760149633,-0.5129978458163338,-0.2926193790433524,0.0232642998050327,0.0484225847652613,NVDA,Nvidia Corporation,,,
2023-09-13,-0.0025808905886892,-0.0027617479788317,-0.0126078146137796,-0.0043485327004071,-0.0251599734882798,-0.2312239245648197,0.3231110216562473,0.0191903877054436,0.0467458194244309,NVDA,Nvidia Corporation,,,
2023-09-14,-0.000154035011903,-0.0003337536986815,-0.011192386202839,0.011849820139406,0.0089284172353863,-0.3933935709267677,-0.0247654695398175,0.0167471535155319,0.0454489556493097,NVDA,Nvidia Corporation,,,
2023-09-15,-0.0426478400375734,-0.0428486417010698,-0.0208273784751983,-0.022274984035155,-0.0064492377907381,0.3913082630903107,-1.194490878936952,0.0041952179074359,0.0402870585993669,NVDA,Nvidia Corporation,,,
2023-09-18,-0.0409792803409544,-0.0411794559329349,-0.0545249379180773,-0.0689095368032092,-0.0719240498737403,0.3536611231605783,-0.0429789166556419,-0.0047978220378413,0.035750818453972,NVDA,Nvidia Corporation,,,
2023-09-19,-0.052253660924459,-0.0524594121936853,-0.0613787109329597,-0.0430645117239207,-0.044527153562774,-0.3763662745591585,-0.3924186717004347,-0.0143866832681412,0.0305702198951215,NVDA,Nvidia Corporation,,,
2023-09-20,-0.084635664201099,-0.0848577860009807,-0.0629431467652906,-0.063157604797464,-0.0504105904731615,-0.4105471229465802,-0.9711399493478088,-0.0297470306432859,0.0228254306199991,NVDA,Nvidia Corporation,,,
2023-09-21,-0.1155263554629963,-0.1157639168006038,-0.1077160404018483,-0.0952188844240679,-0.1013410417787578,0.0693850444381246,-0.9560193746806452,-0.0490597934612265,0.012889339046599,NVDA,Nvidia Corporation,,,
2023-09-22,-0.1005362382278522,-0.1007660400288519,-0.1073434744842849,-0.0887447385053911,-0.1016188386361507,0.2329435029743097,0.345637368870145,-0.0597629505898038,0.0052615471469408,NVDA,Nvidia Corporation,,,
2023-09-25,-0.0850655163637335,-0.0852876970918315,-0.096889083486545,-0.0901376077358358,-0.1011390514840444,-0.1122222334698605,0.3531639095799205,-0.0638876658708041,-0.0002227435944375,NVDA,Nvidia Corporation,,,
2023-09-26,-0.0929271312923828,-0.0931533527255359,-0.0898366654858678,-0.0778083142263091,-0.0907863023731813,-0.2086872906465179,-0.3090625130606017,-0.068964377514924,-0.0059453289601801,NVDA,Nvidia Corporation,,,
2023-09-27,-0.0788469884109547,-0.0790660461682025,-0.0885453309859386,-0.078478871149556,-0.0824787892793166,0.0360937245094084,0.3106180703654775,-0.06922004687992,-0.0098279522596509,NVDA,Nvidia Corporation,,,
2023-09-28,-0.0631489418116694,-0.0633600124380026,-0.0742915822913705,-0.0659432448640872,-0.0791962784241729,-0.0802451201027158,0.3506017744296969,-0.0654518012790529,-0.0118862372029976,NVDA,Nvidia Corporation,,,
2023-09-29,-0.052784535581881,-0.0529905299125213,-0.0569585047683694,-0.0351974965747993,-0.0446786703646738,-0.2342368435378546,0.1973767851363727,-0.0600110864238452,-0.0127859530406856,NVDA,Nvidia Corporation,,,
2023-10-02,-0.0203518763264793,-0.0205416010308081,-0.0313563205477213,-0.0209078941024198,-0.0395528174637852,-0.0306897766128927,0.7967753522838542,-0.0477490703257449,-0.0105639743401036,NVDA,Nvidia Corporation,,,
2023-10-03,-0.052329596648812,-0.0525353412844617,-0.0324737341158819,-0.0367709192834768,-0.0199078405318982,0.1848171439116975,-0.9355405792595222,-0.0466192750704764,-0.0115412546201784,NVDA,Nvidia Corporation,,,
2023-10-04,-0.0390833959091688,-0.0392825793716209,-0.0569833235505718,-0.0355843828289747,-0.0468249496907584,-0.4408886517283631,0.2731608003299551,-0.0424304349512995,-0.0111881293204728,NVDA,Nvidia Corporation,,,
2023-10-05,-0.022728075924504,-0.0229190402365405,-0.0381851800522254,-0.0202114594871977,-0.0390477935652726,-0.2591838126345844,0.3526449495829378,-0.0351630031018417,-0.0093341277068678,NVDA,Nvidia Corporation,,,
2023-10-06,0.0044211165022695,0.0042439889940216,-0.0161091574678277,-0.0166519485179577,-0.035436916036463,-0.0241589160580093,0.632918324479504,-0.0228637594238769,-0.0051039870650841,NVDA,Nvidia Corporation,,,
2023-10-09,-0.007940196654092,-0.0081235767207591,-0.0206783710538083,-0.0078306073822524,-0.0190493095367724,-0.1662596526129033,-0.4086631063339561,-0.016757598128461,-0.0024170263673395,NVDA,Nvidia Corporation,,,
2023-10-10,0.0053313803187215,0.0051544627292905,-0.0044379830449418,0.0107407199722987,-0.0072319622231843,-0.4020879942489544,0.2598143644827998,-0.0088300820570324,0.0012696055997777,NVDA,Nvidia Corporation,,,
2023-10-11,0.030812206024033,0.0306482097125682,0.0104615276277671,0.0355539827776085,0.0151400281725203,-0.3472528689397176,0.5722102179652774,0.0035433617066318,0.0070093983867883,NVDA,Nvidia Corporation,,,
2023-10-12,0.0343258976860974,0.0341637169675993,0.0290858449225212,0.0427762203011929,0.029810669005419,0.244932051040348,0.0010046121780965,0.0137098102658681,0.0125567289613417,NVDA,Nvidia Corporation,,,
2023-10-13,-0.0031877974580429,-0.003368794788444,0.0168434595962774,0.0156930017777174,0.0344314980077946,0.2035546304773342,-1.0364453799000832,0.0118714218998589,0.0140836107905994,NVDA,Nvidia Corporation,,,
2023-10-16,0.0128390788090893,0.0126660398837709,-0.0052822952807012,0.0062010053244991,-0.0134689062301847,-0.3646876267303467,0.3303043224859301,0.0145355789977129,0.0169738788760796,NVDA,Nvidia Corporation,,,
2023-10-17,-0.0416872097050956,-0.0418876128913831,-0.0418107115454612,-0.0565286846982638,-0.0403103051498248,2.14455163851914,-1.4919480933963505,0.0027788661401306,0.0144906647255166,NVDA,Nvidia Corporation,,,
2023-10-18,-0.0857226932615345,-0.0859452989758617,-0.0799284771529308,-0.0734233737590332,-0.0758884344991627,1.0826325645164323,-1.2775049663270357,-0.0171470831188066,0.0081057663266795,NVDA,Nvidia Corporation,,,
2023-10-19,-0.0881241726051505,-0.0883479192396533,-0.0779915701312133,-0.07195316663546,-0.0703332679389819,0.3591819384978348,-0.1556293924147676,-0.0326973435256482,0.0020762233896787,NVDA,Nvidia Corporation,,,
2023-10-20,-0.106173332032026,-0.106406018159227,-0.0985279756654825,-0.0926911357288064,-0.0935891223996787,0.221637883208826,-0.5968743381662013,-0.0489131294337824,-0.0050969208925753,NVDA,Nvidia Corporation,,,
2023-10-23,-0.0660305433463672,-0.0662432918253623,-0.0792083535563593,-0.0961216518152327,-0.1102797625031689,0.2288918443172379,1.0630208231228504,-0.0509485275376015,-0.007855391134397,NVDA,Nvidia Corporation,,,
2023-10-24,-0.0486389467676071,-0.0488427947898186,-0.0680586577442503,-0.0510862026592997,-0.0636166331033351,-0.2133874442444525,0.3921948667584077,-0.0480878626679486,-0.0087329828854719,NVDA,Nvidia Corporation,,,
2023-10-25,-0.096263961222885,-0.096491820740955,-0.0692257088768154,-0.0803876215169898,-0.055511206627643,-0.2310861911260523,-1.382561816278188,-0.0579562756143469,-0.013994670075346,NVDA,Nvidia Corporation,,,
2023-10-26,-0.1329939842536882,-0.133240246447774,-0.1038421316302368,-0.1235916581986179,-0.0945233636340246,0.5874062465352737,-1.13144925906653,-0.0746231205634549,-0.0222207147096389,NVDA,Nvidia Corporation,,,
2023-10-27,-0.1285955014959205,-0.1288395429946829,-0.1299161568972572,-0.1201095835167726,-0.1127795489258666,-0.1254618602713686,0.041359898480791,-0.0860136906641384,-0.0292866688023037,NVDA,Nvidia Corporation,,,
2023-10-30,-0.1118862650729743,-0.1121219253803785,-0.1160100606098737,-0.1080898383682931,-0.1138653069621122,-0.2904894754877384,0.4015499960824259,-0.0903415373297121,-0.0341441123499946,NVDA,Nvidia Corporation,,,
2023-10-31,-0.1215175586806086,-0.1217579734102027,-0.1380363509016904,-0.1403574507708394,-0.1299499761814629,0.4552280564649082,-0.3657833028135349,-0.0960170176015889,-0.0394627080149757,NVDA,Nvidia Corporation,,,
2023-11-01,-0.0824616060802281,-0.0826826635720693,-0.1007380787477778,-0.0980819607780857,-0.1189912561864602,-0.0060412299668255,1.0485255392214197,-0.0904213523299229,-0.0406370937472773,NVDA,Nvidia Corporation,,,
2023-11-02,-0.0526077703378975,-0.0528134906729093,-0.0634149878116629,-0.0458501517905437,-0.0572787421107077,-0.1691463159337349,0.7490095434773013,-0.0786936588170822,-0.0389065272070972,NVDA,Nvidia Corporation,,,
2023-11-03,-0.0147147825223056,-0.014901622900433,-0.0280288038972653,-0.0244674050716599,-0.039805281251312,-0.0805492814466603,0.9455835985719504,-0.0603389833250104,-0.0337815879581621,NVDA,Nvidia Corporation,,,
2023-11-06,0.0041433287634983,0.0039657431264245,-0.0124836259745918,0.0058656776657427,-0.0078632661771902,-0.2175768363402916,0.4092033909366789,-0.0418158194746934,-0.0273549878807566,NVDA,Nvidia Corporation,,,
2023-11-07,0.0093001074014333,0.0091252550915308,-0.0054561214842933,0.0125462547546282,0.003095550141272,-0.5479534447968217,0.0456808322617064,-0.0266225948518224,-0.0210292810553423,NVDA,Nvidia Corporation,,,
2023-11-08,0.0249475945095357,0.0247806372681633,0.0106601726135617,0.0334388996342322,0.0127159519890426,-0.5275574180726953,0.3160089911210653,-0.0112804329243213,-0.0138120048091761,NVDA,Nvidia Corporation,,,
2023-11-09,0.0344523929016336,0.0342902011327935,0.0445067394778307,0.0536094289951703,0.0472335600485419,0.5845081054278782,0.1541120686270081,0.0026238740433271,-0.0063599630448308,NVDA,Nvidia Corporation,,,
2023-11-10,0.0694635862073706,0.0693187895179104,0.0505162002569542,0.0673573710328507,0.048066854297261,-0.0998606573404941,0.7969139775670749,0.0218840466033368,0.0036962076916534,NVDA,Nvidia Corporation,,,
2023-11-13,0.0766678312630615,0.0765268432675846,0.0665083057156215,0.0884047900929781,0.0687723525189872,-0.3128252481411711,0.0888017226285373,0.0381465227312442,0.013513432542408,NVDA,Nvidia Corporation,,,
2023-11-14,0.1028566828200929,0.1027287472093103,0.0843379483390209,0.1126764908578551,0.1031132070301799,-0.1244862484134334,0.5511678777748468,0.0569497935170114,0.0248928546110315,NVDA,Nvidia Corporation,,,
2023-11-15,0.0834427065940109,0.0833049859264081,0.0874668200036822,0.0910099750756342,0.1095521413318934,0.2114857809930186,-0.5520832359747758,0.0661548665881697,0.0334181183348068,NVDA,Nvidia Corporation,,,
2023-11-16,0.0984076405711421,0.0982774886818014,0.0766647765987577,0.0943631532689317,0.0778373532988915,-0.5675173319950622,0.2751961788430481,0.0768337336342919,0.0425710162870467,NVDA,Nvidia Corporation,,,
2023-11-17,0.0938070163362208,0.0936744684518894,0.0814325404423565,0.1118252820621095,0.099174059151164,-0.6510239681410281,-0.1984331602257817,0.0836823279906791,0.0504606176527901,NVDA,Nvidia Corporation,,,
2023-11-20,0.1218914628623019,0.1217732489549295,0.1020683158336112,0.1163133397202238,0.0938209792091557,-0.1407502719745404,0.5880100351269846,0.0959033712477581,0.0602653282107559,NVDA,Nvidia Corporation,,,
2023-11-21,0.1101369600877155,0.1100127300497611,0.1012984599444589,0.117370881291912,0.1143749606289823,0.7294208996909383,-0.3648242307243834,0.1021039565387127,0.0680769558733682,NVDA,Nvidia Corporation,,,
2023-11-22,0.0790945903522691,0.078954837547735,0.0967789786510592,0.0778552520680716,0.1074563354986221,2.644334637766184,-0.8257252346929935,0.098923630727548,0.0722688447440341,NVDA,Nvidia Corporation,,,
2023-11-24,0.0553326908596025,0.0551809278861592,0.0616659907972396,0.0792739005962259,0.0725599835961033,-0.8264045468380744,-0.6669574110190438,0.0905441969041261,0.0738524580006296,NVDA,Nvidia Corporation,,,
2023-11-27,0.0671125698673588,0.0669667243285365,0.0519564474500972,0.0768751467837784,0.0556420201280336,-0.2466787641731687,0.2045329728239436,0.0872312201105551,0.076396230493376,NVDA,Nvidia Corporation,,,
2023-11-28,0.0564700864360638,0.0563189959354579,0.0468162124171114,0.0722580942428503,0.0666513099393095,-0.2132267552325573,-0.3498986663313218,0.0820618089573556,0.0777112345665962,NVDA,Nvidia Corporation,,,
2023-11-29,0.0645341323046023,0.0643869683459833,0.0577176256790214,0.0822401925353479,0.0702621874681189,-0.3250548297250522,0.1120409111251952,0.0802189911129067,0.0796625331084939,NVDA,Nvidia Corporation,,,
2023-11-30,0.0299022316703168,0.0297377359772993,0.0415268752345595,0.0451491948159309,0.0612981336738414,0.5027346150530676,-0.9418594738026138,0.0701006159673018,0.0781904045333932,NVDA,Nvidia Corporation,,,
2023-12-01,0.0297757364547806,0.0296112518121051,0.018929374039385,0.039087714449139,0.0234475412663852,-0.3978699076867054,-0.0912962944293355,0.0624799248574243,0.0768402494749607,NVDA,Nvidia Corporation,,,
2023-12-04,-0.0019489934364797,-0.00212952011116,-0.0089574643383414,0.0087287540197605,0.0121352178513099,-0.0063281746309241,-0.8931853435114964,0.0487615092080574,0.0726392875761001,NVDA,Nvidia Corporation,,,
2023-12-05,0.0248489842042129,0.0245783204913422,0.0040298633666758,0.0154608897040653,-0.0032929106676279,-0.384090824916692,0.610736796980853,0.0452327696322677,0.0713319966906396,NVDA,Nvidia Corporation,,,
2023-12-06,-0.0020248326732541,-0.002306559350772,0.0235730439719723,0.0190977385664338,0.0408704323095081,-0.3331753637190417,-0.772934769768084,0.0358070115427905,0.0676246766588707,NVDA,Nvidia Corporation,,,
2023-12-07,0.0256073765719586,0.0253370325242082,0.0047500816914237,0.0240501187661184,0.0026157629891659,-0.5040050000434846,0.6325389464332581,0.0357082088473113,0.0668443433534416,NVDA,Nvidia Corporation,,,
2023-12-08,0.0486130064236086,0.0483522301529179,0.0323637240085725,0.0484507160195432,0.0252150767494501,-0.4557925575816428,0.4978080594562829,0.0414375193069359,0.0682912593492375,NVDA,Nvidia Corporation,,,
2023-12-11,0.0263910486852958,0.0261210220942829,0.0271488431726273,0.0298794870592582,0.0478396272561411,0.4079338369281819,-0.6431821516779871,0.0401287792165472,0.0675237809397041,NVDA,Nvidia Corporation,,,
2023-12-12,0.0524304409830857,0.0521712608127552,0.0305012733334618,0.0354508655867703,0.0113524934188638,-0.3802515053110532,0.5746293499567554,0.045715935165981,0.0692667367331254,NVDA,Nvidia Corporation,,,
2023-12-13,0.0633264937709246,0.0630718610570725,0.0535457967928063,0.0757402673189615,0.0513242247294576,0.0524897426160008,0.1832301820409248,0.0526549462274743,0.0718725253446822,NVDA,Nvidia Corporation,,,
2023-12-14,0.0699500765786393,0.0696981455343431,0.0554329715219429,0.0709426612998003,0.0705398880020522,-0.272102061412302,0.0753655164399335,0.0595300730624977,0.0748622502601795,NVDA,Nvidia Corporation,,,
2023-12-15,0.0836018146111118,0.0833555410008259,0.0736599988451078,0.0889464505276769,0.0655907886494705,0.2370295949910734,0.2469757406511501,0.0681302129207101,0.0788597547928764,NVDA,Nvidia Corporation,,,
2023-12-18,0.1136103199419279,0.1133764756023889,0.0992125455013513,0.1155137879141633,0.09604306509792,-0.1495479953758026,0.6402940380576395,0.0821502794065117,0.085306536884031,NVDA,Nvidia Corporation,,,
2023-12-19,0.1016523248640876,0.1014136399203996,0.0810104316885651,0.1089364264103821,0.0966490359820596,0.1480537935473886,-0.3714566144619495,0.0896487990418375,0.0900464290392868,NVDA,Nvidia Corporation,,,
2023-12-20,0.0639080244071084,0.0636535338503265,0.0884353208786291,0.0883790107952687,0.1024819030761742,-0.2338695543678085,-0.9910469075800948,0.0857512913634367,0.0908176613838851,NVDA,Nvidia Corporation,,,
2023-12-21,0.0861299821454212,0.0858847419089614,0.0659868271048446,0.096658691496275,0.0811704339703082,-0.7932337436682797,0.4600287848824135,0.0884338835397431,0.0936016382846858,NVDA,Nvidia Corporation,,,
2023-12-22,0.082085126363199,0.0818381169350943,0.073138520234331,0.0978967865461961,0.0908666423807587,-1.0682300319537856,-0.1860647143814097,0.0894254701906647,0.095753403411064,NVDA,Nvidia Corporation,,,
2023-12-26,0.0934360215965284,0.0931939058074712,0.0785271325456919,0.1106129663098979,0.0851347222722712,-1.115903018447122,0.1877662700410187,0.0930325430766537,0.098773469099437,NVDA,Nvidia Corporation,,,
2023-12-27,0.0969248194633157,0.0966841355252934,0.0805137718599905,0.1138371496203815,0.0988458851244173,-1.1764598203584844,-0.0040732055215409,0.0966179337555332,0.1018459872063936,NVDA,Nvidia Corporation,,,
2023-12-28,0.0995793857255827,0.0993397241194734,0.0855795505463692,0.1222716045019114,0.1021789657958338,-1.1022042801830565,-0.024340740631297,0.0999766190686872,0.1048879970839329,NVDA,Nvidia Corporation,,,
2023-12-29,0.0995793857255827,0.0993397241194734,0.0883856833142246,0.1052221412606189,0.1064715244480033,-0.2832297754860445,-0.0880864875223272,0.1024956330535529,0.1076534606089688,NVDA,Nvidia Corporation,,,
2024-01-02,0.0653488734182466,0.0650951253044313,0.070953235934238,0.0754049396602051,0.0921039172189042,-0.1571979401206704,,0.0755126456945543,0.1000155380285607,NVDA,Nvidia Corporation,,,
2024-01-03,0.0502057268834529,0.0499455833094261,0.0433644123992917,0.0683116970194346,0.0476881104542413,-0.675752859293043,-0.4611575291260421,0.0716926274567631,0.0985961760224158,NVDA,Nvidia Corporation,,,
2024-01-04,0.0610512201801092,0.0607956284793254,0.0512115050713233,0.0731608616340149,0.0548087258793145,-0.7581691057154344,0.1824708170236457,0.0715635037135714,0.0983223913467119,NVDA,Nvidia Corporation,,,
2024-01-05,0.0888349149237141,0.0885908855775592,0.0772110739917369,0.0937440565468381,0.0723579933013901,-0.1354762290484087,0.5988251069395863,0.0784753905905887,0.1006776525040843,NVDA,Nvidia Corporation,,,
2024-01-08,0.1686217480012814,0.1684105945428115,0.1449539400128558,0.1239998013911123,0.098871121870824,1.1699555646949094,1.8403719813733308,0.10378637490083,0.1102971919062602,NVDA,Nvidia Corporation,,,
2024-01-09,0.1910459437043264,0.1908441193782674,0.1958603883395482,0.1810291180035493,0.1718201527989718,1.9193976383875555,0.4211735832775282,0.1284263527256837,0.1211440400100247,NVDA,Nvidia Corporation,,,
2024-01-10,0.2216358831837475,0.2214467267730841,0.2026892478440521,0.2274315586979516,0.2024996562885415,0.5460575204386697,0.5950241601608293,0.1546229705755278,0.1338719957010945,NVDA,Nvidia Corporation,,,
2024-01-11,0.2335685020284177,0.2333842849178647,0.2212142900099971,0.2292629711722568,0.237421244937467,0.9073954581514356,0.1724509969388412,0.1772805627697951,0.1465613048421036,NVDA,Nvidia Corporation,,,
2024-01-12,0.2307370740345885,0.2305516570840727,0.2118773125804179,0.2491239521721481,0.22785122025905,-0.4915458627283247,-0.1493757846067525,0.1935594993765774,0.1578316516360335,NVDA,Nvidia Corporation,,,
2024-01-16,0.2730068349027646,0.2728389507724312,0.2581897285389274,0.2638262201964124,0.2379010320895729,0.0627508838041656,0.8287609127761048,0.2164316942984214,0.1720393518471955,NVDA,Nvidia Corporation,,,
2024-01-17,0.2646895091404179,0.2645181065106672,0.2491507659521282,0.259699269494764,0.27145906584486,0.2051557817030042,-0.2631425757957561,0.2314877074479815,0.1841758628159008,NVDA,Nvidia Corporation,,,
2024-01-18,0.2913356153324044,0.2911751990804528,0.2771865170230682,0.294958854739876,0.2945128336873841,0.3041861241767028,0.4760300662223661,0.249501478298572,0.1977065851323109,NVDA,Nvidia Corporation,,,
2024-01-19,0.3516052304747946,0.3514700366139671,0.3243681587277158,0.3237959510559958,0.3129205357811259,0.6017534797402023,1.1643134375538498,0.2782154517621146,0.2156562924390515,NVDA,Nvidia Corporation,,,
2024-01-22,0.3557261184689485,0.3555924941994609,0.3450039341189705,0.3713849282049001,0.3649368414464276,0.0821196486308191,-0.0058861573921921,0.3007904692674955,0.2323604576112357,NVDA,Nvidia Corporation,,,
2024-01-23,0.3612626722162277,0.3611313621810004,0.3345494483930543,0.3588750812171409,0.3528417935989063,-0.8263528967985366,0.0220506904657597,0.3191183864037103,0.2480650016245333,NVDA,Nvidia Corporation,,,
2024-01-24,0.398906046665998,0.3987902616230883,0.4075319193041443,0.3937736579000529,0.3713757757481411,0.6979947200788628,0.658004022341378,0.34236026201225,0.2658701605817145,NVDA,Nvidia Corporation,,,
2024-01-25,0.4053525747669936,0.4052396033398967,0.4043037725106739,0.4172972670600223,0.4230384779933701,0.2532649240857705,0.0365830521786098,0.3614178733426184,0.2826608996245108,NVDA,Nvidia Corporation,,,
2024-01-26,0.3905379684373111,0.3904187658077568,0.3810606040655347,0.410152564218099,0.3879401357961383,-0.2773990599115616,-0.3734008149202169,0.3719739413303259,0.2965366398014643,NVDA,Nvidia Corporation,,,
2024-01-29,0.4267909568795476,0.4266867253493074,0.3985922318461541,0.4187675725778618,0.394808287433685,-0.5159992870028048,0.6168132211025174,0.3890361905601635,0.3125489294059953,NVDA,Nvidia Corporation,,,
2024-01-30,0.4346025912424852,0.4345017294294443,0.4235240247628116,0.4536660508665078,0.4369263943938228,-0.1601764257340136,0.0603153037999212,0.4038034445416937,0.3278377381676193,NVDA,Nvidia Corporation,,,
2024-01-31,0.4030773976637564,0.4029633707621496,0.3931291631881862,0.4134283061240018,0.4000604203900662,0.0869403189876751,-0.6840394590248702,0.4069263228477197,0.338781809485393,NVDA,Nvidia Corporation,,,
2024-02-01,0.4409988493150333,0.4409005160718349,0.4160246792261405,0.4379321189625309,0.4167258237471496,-0.3988512584379225,0.6433105528906752,0.4188345672370827,0.3522853300742011,NVDA,Nvidia Corporation,,,
2024-02-02,0.5202039587812599,0.5201386487229831,0.5006783245601167,0.4905507158099821,0.4640454938473963,0.2176895246308297,1.4031981558464084,0.4477460737724971,0.3719851260202209,NVDA,Nvidia Corporation,,,
2024-02-05,0.6003955572510273,0.6003629912418772,0.5726179329778294,0.5812148331519668,0.5713858527795502,1.3855543075120111,1.3502728469381444,0.4896588791606908,0.3974103628445627,NVDA,Nvidia Corporation,,,
2024-02-06,0.5723587755887714,0.5723147658132551,0.5789997702181633,0.5578717774702301,0.6068629388198019,1.4029603708362306,-0.5679617442741776,0.5140209096760695,0.4178963364346134,NVDA,Nvidia Corporation,,,
2024-02-07,0.6197855080700394,0.6197614749875706,0.5905717642404165,0.591403165826141,0.5737594554702143,0.3267112803084406,0.7368611161979828,0.5442563254445103,0.4409652403938818,NVDA,Nvidia Corporation,,,
2024-02-08,0.6082068056636505,0.6081779953220141,0.6048255129349845,0.6392501327406729,0.6180742189257908,-0.139017126203385,-0.2840982486388839,0.5640120376138205,0.4608517034031304,NVDA,Nvidia Corporation,,,
2024-02-09,0.6712077911808683,0.671204350540485,0.6393673846136227,0.6587756876875418,0.6296642428747994,-0.0115276119443902,0.9854490151143344,0.5947214840168781,0.4848353672162668,NVDA,Nvidia Corporation,,,
2024-02-12,0.6741143829984219,0.6741128109859037,0.6996109050980708,0.6855493578499707,0.6818573020884076,1.0046754381741327,-0.0402693119489439,0.618486787224432,0.5069111318240788,NVDA,Nvidia Corporation,,,
2024-02-13,0.6710811994777535,0.6710777698961411,0.6707803846275996,0.6435060783251352,0.6263060217804355,0.9408015559457912,-0.137906851702088,0.6355456121341548,0.5266957094741308,NVDA,Nvidia Corporation,,,
2024-02-14,0.7158790313926604,0.7158942644926352,0.6902987464506938,0.7032953541007518,0.6970582998896853,0.3803240213486175,0.6489466569040567,0.6596404558365251,0.5488805747991873,NVDA,Nvidia Corporation,,,
2024-02-15,0.6844796576164176,0.6844821970322353,0.683817444625198,0.715211883664127,0.7139004567950753,-0.106305434496148,-0.5922953455079036,0.6697907658037976,0.5661055814949123,NVDA,Nvidia Corporation,,,
2024-02-16,0.6833420690647991,0.6833441289829366,0.6944209377725042,0.7178169702525171,0.7197332275657301,0.3252880347745117,-0.1066660633080091,0.6771165295832613,0.5816580527006008,NVDA,Nvidia Corporation,,,
2024-02-20,0.60342912672201,0.6033980323316398,0.6336808521876579,0.5948595596045428,0.6653686522796305,1.5276206107072134,-1.3940671569283036,0.6624519708747393,0.5883064498133137,NVDA,Nvidia Corporation,,,
2024-02-21,0.5533729147489093,0.5533209156212036,0.5574949585371235,0.5565304668352047,0.5658559229657759,1.349267285290106,-0.9433642631603216,0.6388263450595635,0.5896586953598563,NVDA,Nvidia Corporation,,,
2024-02-22,0.8331320877257001,0.8331959301395131,0.7980465528084189,0.7621559847932281,0.7430901253355133,2.447375820328925,4.832248697908169,0.6916793241844909,0.6171097422143055,NVDA,Nvidia Corporation,,,
2024-02-23,0.8401855226960492,0.8402522221867842,0.8928815825359097,0.8485640581564842,0.8886599168416027,2.242428463443162,0.0184883716996965,0.7330983618033612,0.6427263554303407,NVDA,Nvidia Corporation,,,
2024-02-26,0.8471378386840323,0.8472074040852198,0.8494746692022408,0.8726808863465717,0.8611366441516838,0.3749065060904364,0.0165886478552428,0.7659164349641556,0.6666658238543257,NVDA,Nvidia Corporation,,,
2024-02-27,0.8372526862571182,0.8373182912458573,0.8205200548207583,0.8380403978235534,0.8530816911688051,-0.2693875648899295,-0.2364013695273424,0.7880363560006345,0.687502444971362,NVDA,Nvidia Corporation,,,
2024-02-28,0.8110111524821748,0.8110659287088634,0.8069366027020044,0.8370859734427035,0.8086155072347884,-0.2613244198287597,-0.4837654375542782,0.7980065934437115,0.7039852177142527,NVDA,Nvidia Corporation,,,
2024-02-29,0.8476432406207055,0.8477131477876971,0.8331844541726171,0.8686829305277372,0.8458348920116984,0.3939366762134536,0.4716472328055782,0.8147251016570648,0.7224030698105746,NVDA,Nvidia Corporation,,,
2024-03-01,0.9277078614370438,0.9278111026205468,0.8905474802707793,0.8966688180481116,0.8687119063059159,0.2323638747528306,1.1128837707947885,0.8474611268529986,0.7466510015626547,NVDA,Nvidia Corporation,,,
2024-03-04,1.0024888224495967,1.002623157802245,1.0245183193169147,1.0071681370922778,0.9729968851005864,1.0156137687695703,0.9904529828726728,0.8908774309400278,0.7757037700815913,NVDA,Nvidia Corporation,,,
2024-03-05,1.0209702462285717,1.0210099611846843,0.9848361178771146,0.999378459836285,1.001782573051598,0.4705509015277719,0.1692144100585729,0.9281017928447772,0.8038476354299442,NVDA,Nvidia Corporation,,,
2024-03-06,1.0901421913223213,1.0902073157732168,1.0749032890328305,1.0925702274792648,1.0712724358997552,0.8256793567094446,0.8667455630706076,0.9734694161101252,0.8359164305975176,NVDA,Nvidia Corporation,,,
2024-03-07,1.1904867643826194,1.1905890470289693,1.1504683342156024,1.158910987066687,1.1252076012031025,0.9725892858346308,1.2543195252991166,1.032808109186294,0.8744751436651547,NVDA,Nvidia Corporation,,,
2024-03-08,1.0605114348616993,1.0605658336672363,1.2655170305805563,1.0790543975152365,1.250955758552457,4.038019132399659,-1.7524190929510104,1.044524482905995,0.8973459754783806,NVDA,Nvidia Corporation,,,
2024-03-11,1.0161665156407107,1.0162047206571012,1.051883584355688,1.0186977804014776,1.0310481444781752,1.3757178444267122,-0.6892747561358269,1.04212529017391,0.9139812064736516,NVDA,Nvidia Corporation,,,
2024-03-12,1.1713739258893276,1.1714688091508734,1.1304285885099077,1.0698720478173314,1.0719542133465745,1.3166703714485084,2.0591032818503834,1.0794785998813754,0.943651681842755,NVDA,Nvidia Corporation,,,
2024-03-13,1.1454594850058166,1.1455450545975947,1.11910497176603,1.1288100164029362,1.1478574847796597,1.1309483070573498,-0.4226499311437899,1.100956391455293,0.9681958894845863,NVDA,Nvidia Corporation,,,
2024-03-14,1.0710287739035584,1.0710870778951207,1.0977988997989607,1.0814790290196596,1.1105371530171229,0.9392979659059144,-1.059847005254782,1.098288804175206,0.9835324401294552,NVDA,Nvidia Corporation,,,
2024-03-15,1.0683238411252656,1.0683808377473731,1.0704830828682397,1.0726320069805109,1.0436986897170228,1.1675222739433535,-0.1245840535367086,1.0956057659268963,0.997221226462507,NVDA,Nvidia Corporation,,,
2024-03-18,1.0839480747269268,1.0840110388659463,1.1414790091932077,1.093988876007419,1.1310153278742694,1.3218411142955646,0.1229875511279997,1.09753486475905,1.0111300318086818,NVDA,Nvidia Corporation,,,
2024-03-19,1.1077891905216186,1.1078608776182983,1.0952658683635073,1.0404675117688027,1.0378909630458557,1.3401768783314634,0.2317424883302326,1.104995861494898,1.0260090200300636,NVDA,Nvidia Corporation,,,
2024-03-20,1.132413978429648,1.1324947059407249,1.0919384464412278,1.1233418534605284,1.1160921269303847,0.2319506744365287,0.2387708987303438,1.116803471204644,1.0418434460057444,NVDA,Nvidia Corporation,,,
2024-03-21,1.1592886636953226,1.1593793928245404,1.1475133834827098,1.179623176862324,1.179294572278728,0.2394628857426292,0.2647903121272117,1.1324386009546614,1.0587573338769012,NVDA,Nvidia Corporation,,,
2024-03-22,1.2314440047191864,1.2315612334284176,1.200406376395524,1.1906885960242195,1.1500290008521514,0.8497769696004426,0.8483313381381505,1.162366893155702,1.080896691302767,NVDA,Nvidia Corporation,,,
2024-03-25,1.2494700071271994,1.249593958331633,1.2497732076720889,1.2597119768816931,1.2207308054685877,0.6513088232300254,0.1387704349048802,1.189360361307531,1.1027129509844384,NVDA,Nvidia Corporation,,,
2024-03-26,1.1877567448338917,1.187857529344013,1.240063759053122,1.233712079227615,1.268959383733313,0.4304302985935098,-0.8589179422058165,1.1940376418939869,1.1167615511164686,NVDA,Nvidia Corporation,,,
2024-03-27,1.1293294635171678,1.1294091097765446,1.1622140597132713,1.146556012653717,1.199797983882282,0.8460352111805972,-0.8371199630864753,1.1828067051236866,1.1240566364532407,NVDA,Nvidia Corporation,,,
2024-03-28,1.132009309525026,1.1320900723870837,1.1140392878078271,1.148361547436047,1.1212180761547328,-0.0197055348711995,-0.0528513266455781,1.1750595219320894,1.13093971327444,NVDA,Nvidia Corporation,,,
2024-04-01,1.1321862677441663,1.1322670151475454,1.1370091654642127,1.1486453164993842,1.128768101562558,0.0791698574838858,-0.0857625342873103,1.1692937741133234,1.1372136420732328,NVDA,Nvidia Corporation,,,
2024-04-02,1.109154296783561,1.1092266364607766,1.0840913537691956,1.1077884750347844,1.082029069276585,-0.032032677640874,-0.3905368496887253,1.1591594059457917,1.1407584348554385,NVDA,Nvidia Corporation,,,
2024-04-03,1.096816623083955,1.096884251804055,1.0910444019128875,1.1279073474060377,1.082938170087984,-0.3935657377252268,-0.2517518805230543,1.14844632165908,1.1428245677627664,NVDA,Nvidia Corporation,,,
2024-04-04,1.0194783552883573,1.0195178146561616,1.0975008849561811,1.0629077016651085,1.1314697819565098,-0.0211230415118464,-1.1196447667805738,1.1209021156781795,1.1374539807065536,NVDA,Nvidia Corporation,,,
2024-04-05,1.0726470635717302,1.0727058050679872,1.0440366811400088,1.0640943365138766,1.042082574712398,-0.2236313687527715,0.6463450737985199,1.1136563279589238,1.1375551138930222,NVDA,Nvidia Corporation,,,
2024-04-08,1.050524970477262,1.0505758036373376,1.0527031725374212,1.0848838642026424,1.088392197015619,-0.8919714025845977,-0.3863620405779864,1.1026414561428015,1.1355735568452303,NVDA,Nvidia Corporation,,,
2024-04-09,1.0055476716661709,1.0055821733220818,1.0230284345593672,0.9891901271621109,1.0566270318132631,0.3618620016605154,-0.7006122220605062,1.083034304845488,1.12955643433253,NVDA,Nvidia Corporation,,,
2024-04-10,1.0481484814165016,1.048198364431605,1.0171927999838362,1.0069101473266502,0.9678458917767508,-0.0385463215159116,0.5041670789914048,1.0790754444071944,1.1280792824556718,NVDA,Nvidia Corporation,,,
2024-04-11,1.1385826223042936,1.1386657053107865,1.100108183281889,1.089887802997746,1.0560714380984777,-0.0402220783542472,1.1448257272998237,1.0989192637893817,1.1352127785706847,NVDA,Nvidia Corporation,,,
2024-04-12,1.0771470512621786,1.0772075221907642,1.086102811865696,1.1054669607211995,1.113617577254094,-0.0679524106927331,-0.8925913304002925,1.098304358342038,1.1359394397310452,NVDA,Nvidia Corporation,,,
2024-04-15,1.0219055968154578,1.0219458089363118,1.096979311617228,1.064171674407005,1.098442008846142,0.0254308607915056,-0.8314121080012328,1.0839079404352108,1.131422277932888,NVDA,Nvidia Corporation,,,
2024-04-16,1.0576546306347,1.0577079282962354,1.0350223478790592,1.0676538474831168,1.031149091463802,-0.3913505249183859,0.4051718571948791,1.082128697381623,1.1306665120635744,NVDA,Nvidia Corporation,,,
2024-04-17,0.9722007926035948,0.972222963663399,1.051337381690885,1.0131263034796991,1.079301959489308,0.3257069739840956,-1.2480898017876327,1.0592376342407672,1.121969892828126,NVDA,Nvidia Corporation,,,
2024-04-18,0.9882802546010608,0.9883081604517324,0.9871455908163952,0.9731981070982402,0.9942075035442848,0.049436651389992,0.1389653197850503,1.0461255505619236,1.11557099787933,NVDA,Nvidia Corporation,,,
2024-04-19,0.7741154602789263,0.7740644381925063,0.9408081666193308,0.7979057702718857,0.9482513883376772,2.5053271646902724,-3.0895083537927075,0.9822661623313894,1.0896802268715542,NVDA,Nvidia Corporation,,,
2024-04-22,0.8580013751578854,0.8579814236851933,0.8352455498335223,0.8183857495996046,0.8208366424908837,0.9049966007595714,1.218227754573428,0.9555327268768512,1.074005760766211,NVDA,Nvidia Corporation,,,
2024-04-23,0.931446176182074,0.9314529975616224,0.9021937411832868,0.9180516631612612,0.8881295598732236,-0.0004974590564412,1.0079102336193724,0.9540098750432804,1.0666402024997816,NVDA,Nvidia Corporation,,,
2024-04-24,0.8620212406572518,0.8620028676010011,0.9347988005683836,0.8901688928317251,0.9684517663374308,0.422166292267471,-1.0875816086016985,0.9353545648299688,1.0534370646990936,NVDA,Nvidia Corporation,,,
2024-04-25,0.936730221936174,0.9367390901710728,0.9159509247774564,0.8654071886218343,0.8401281123261579,-0.0803713757549192,1.024550478147234,0.9402092097139904,1.048436659715774,NVDA,Nvidia Corporation,,,
2024-04-26,1.0657453070749303,1.0658011782439696,1.0403117797897876,0.998604687327934,0.9651187819894738,0.6448525682878076,1.7646165954073665,0.9763956077034058,1.0559833773251062,NVDA,Nvidia Corporation,,,
2024-04-29,1.0663010755276294,1.066357669979164,1.031893476214398,1.0470705541760277,1.0604903731295994,-0.2850776991228393,-0.0805696605510262,1.0036756046423634,1.0628961216864423,NVDA,Nvidia Corporation,,,
2024-04-30,1.0320441256237587,1.0320876971477635,1.0524299764768434,1.0737411071476182,1.051526319335322,-0.4300536212120011,-0.5512992886874375,1.0154939258559523,1.0659695424069635,NVDA,Nvidia Corporation,,,
2024-05-01,0.9470702168085782,0.9470831986801956,0.9824273698090248,0.9436129191772126,0.9969093765851552,0.6956532516198185,-1.255098583521938,1.0029221031159754,1.060798985492733,NVDA,Nvidia Corporation,,,
2024-05-02,1.0172537376763031,1.017292233631982,0.9883126419489604,0.9937812036167972,0.9810518380834652,-0.3486244644341087,0.9148103460475644,1.011197768543136,1.0626767568951472,NVDA,Nvidia Corporation,,,
2024-05-03,1.092392281655124,1.0924583672929045,1.0639025059139349,1.0928282172448924,1.065388998989368,-0.2313042690707673,0.9508836597007968,1.0363590068737587,1.071426532135857,NVDA,Nvidia Corporation,,,
2024-05-06,1.1771126211137608,1.177209897430084,1.1368850715532013,1.1448020364668068,1.1058151843822015,-0.3583518885470503,1.0441630336358751,1.076601533730498,1.087321682044763,NVDA,Nvidia Corporation,,,
2024-05-07,1.137015278077619,1.1370977261706372,1.1259835635631152,1.1436671570019898,1.1489432428159054,-0.0074816921806004,-0.6044803096036151,1.0966684516896057,1.0980135079161826,NVDA,Nvidia Corporation,,,
2024-05-08,1.133425361228466,1.1335063863039792,1.1114069812435643,1.15421659663263,1.1081635503264589,-0.6480626992075309,-0.1351289853025535,1.110813045816016,1.1073968679246355,NVDA,Nvidia Corporation,,,
2024-05-09,1.09133053234028,1.0913961318552323,1.1083773847077123,1.123548284630737,1.1345756355868062,-0.347964491706682,-0.64056611296341,1.1108026273788272,1.1119816611219049,NVDA,Nvidia Corporation,,,
2024-05-10,1.1199246262564926,1.12000065606075,1.1165473110047266,1.149238437135236,1.1289195220409984,-0.5929463681274775,0.2942416505135737,1.1180079749637293,1.1188297696952303,NVDA,Nvidia Corporation,,,
2024-05-13,1.133096724535776,1.1331775853619643,1.10653984754298,1.1312346479073594,1.133287790932388,-0.8548981519830624,0.0858197542265955,1.1267347862038783,1.126289939263102,NVDA,Nvidia Corporation,,,
2024-05-14,1.1572917567687495,1.1573815025935403,1.1227554167696443,1.141680970347161,1.1110925540849896,-0.8157187275470437,0.2295103484872044,1.1393833463955867,1.1353397037905222,NVDA,Nvidia Corporation,,,
2024-05-15,1.2400651698665244,1.2401855046158374,1.2024922908386322,1.2104205821412972,1.1836376044237114,-0.1200041727602138,0.9870593392290552,1.1697502319638569,1.1513250864830815,NVDA,Nvidia Corporation,,,
2024-05-16,1.23321377988575,1.2333316258245368,1.2262569378945478,1.2750073655418088,1.245198698021023,-0.6582148014233383,-0.174000400163658,1.190797060841933,1.1652150741001792,NVDA,Nvidia Corporation,,,
2024-05-17,1.1856834197450723,1.185783613543087,1.1994626943027793,1.2157598485951573,1.23153810498515,-0.4531124944189622,-0.6858114754522547,1.1945921484498396,1.173387330980102,NVDA,Nvidia Corporation,,,
2024-05-20,1.2438577106307247,1.243979257738466,1.2108855861754668,1.2579064420993629,1.215907889848039,-0.687988179770206,0.6583650124668073,1.212113541864564,1.1862693120375143,NVDA,Nvidia Corporation,,,
2024-05-21,1.2591787802604444,1.2593059354522331,1.2158521844612125,1.251200085712768,1.2120950220245164,-0.6295547683731731,0.1037300256093646,1.2291194881384118,1.199416242585581,NVDA,Nvidia Corporation,,,
2024-05-22,1.2481554603564402,1.2482787545635723,1.2312481655061434,1.252979841197388,1.2590611850281497,0.6312915634625091,-0.2252192953938031,1.2390931992736414,1.2103347855806872,NVDA,Nvidia Corporation,,,
2024-05-23,1.4718775423134276,1.4720827887201455,1.4870221988033063,1.4663175017297434,1.4249324941665389,2.275008160604914,2.707851484157189,1.3030097345829157,1.2412301288791945,NVDA,Nvidia Corporation,,,
2024-05-24,1.5393806382478226,1.539610861061393,1.4908711940645392,1.5044919187128245,1.4860641777810988,-0.052520526657512,0.6836057156870589,1.3679755031208394,1.275643846970201,NVDA,Nvidia Corporation,,,
2024-05-28,1.7272772682233215,1.7275767502881172,1.7010529349997645,1.6820284319596348,1.6323916496201467,1.2285955762500933,2.006071517174492,1.4640987338191531,1.3245405328510884,NVDA,Nvidia Corporation,,,
2024-05-29,1.7506382618269325,1.750945929916902,1.714785110355379,1.7082861225908084,1.703244874715023,0.6817593909841657,0.1552893445077492,1.54208421357411,1.3711816835042536,NVDA,Nvidia Corporation,,,
2024-05-30,1.6412929414851092,1.6415605714572952,1.7229053990879886,1.6763538378470184,1.7436458233614502,0.2634571985545517,-1.218083719047268,1.5729898144436787,1.4033338296369493,NVDA,Nvidia Corporation,,,
2024-05-31,1.6193734723056872,1.6196329832826162,1.6458752879298713,1.6061182396315996,1.689861885889624,1.0021101528770917,-0.3234729006731609,1.5906395980862722,1.4305085489567952,NVDA,Nvidia Corporation,,,
2024-06-03,1.755062410280606,1.755372007386351,1.702567638539514,1.7367104549607777,1.7176629554369358,-0.0014558542345304,1.380558263162783,1.6381058998277611,1.4679309175394992,NVDA,Nvidia Corporation,,,
2024-06-04,1.79139307122361,1.7917157030603783,1.7422994775437186,1.7893807087979148,1.7705630288437704,-0.2027073638467037,0.2867907964610144,1.68287041807949,1.5053565131846818,NVDA,Nvidia Corporation,,,
2024-06-05,1.9431620501214657,1.9435403098690456,1.887544295769328,1.8776718516251605,1.837603386115124,0.515101930075716,1.4586119234706163,1.7547291304946773,1.5536050370454293,NVDA,Nvidia Corporation,,,
2024-06-06,1.9067051834256603,1.9070700335506745,1.9654684514557847,1.8996478173741624,1.9809509954089888,1.297278651048727,-0.4414076251503285,1.799426536129808,1.5940502416717417,NVDA,Nvidia Corporation,,,
2024-06-07,1.90392402546028,1.9042879607913,1.8687462469991567,1.89196145409754,1.872928859030016,-0.1507015129254788,-0.1153612556078805,1.8322480139614792,1.630557932517813,NVDA,Nvidia Corporation,,,
2024-06-10,1.9267284787105607,1.9271008416431887,1.903710227431587,1.8658584392526243,1.8880793833384808,-0.7185759070737854,0.1357599002201726,1.862616785899491,1.6658841960728534,NVDA,Nvidia Corporation,,,
2024-06-11,1.904731626493108,1.9048444525264945,1.89799887622342,1.9104810260681395,1.92343009299978,-1.2401431713298647,-0.3024064042462896,1.879844427156888,1.6959372235997427,NVDA,Nvidia Corporation,,,
2024-06-12,2.013200646646143,2.013344518308892,1.99757675628413,2.009270049930607,1.9560034120279075,-0.797997025092316,0.9763540365617948,1.9201276110926409,1.7334249223102385,NVDA,Nvidia Corporation,,,
2024-06-13,2.1247042011459474,2.124879818139349,2.0700875756052013,2.127662163421604,2.115839863777469,-1.0211854542748249,0.9686393627289204,1.9784679452932168,1.7779558388844428,NVDA,Nvidia Corporation,,,
2024-06-14,2.182099258346877,2.182291472764654,2.145577974985014,2.157582679001388,2.1302329003998937,-0.7421839923678312,0.4373423627307564,2.0367017037466906,1.8238181096267787,NVDA,Nvidia Corporation,,,
2024-06-17,2.159343627811364,2.159528954028884,2.167678816351614,2.1900823050833207,2.206742239040578,-0.8616447949253481,-0.2928195045194886,2.0746366750666576,1.863378205470479,NVDA,Nvidia Corporation,,,
2024-06-18,2.2756509128990285,2.2758696873452244,2.232243267871844,2.218713068623498,2.160028443501012,-0.8281830298661573,0.9655234555405776,2.1324276414507377,1.9102433714827909,NVDA,Nvidia Corporation,,,
2024-06-20,2.154286520842116,2.154470745170912,2.342250720148092,2.1885347600666187,2.3786988790606083,0.4540768344725448,-1.1502065292379182,2.14515541983797,1.9414726244127152,NVDA,Nvidia Corporation,,,
2024-06-21,2.047840073311559,2.0479938471567247,2.0906985322142537,2.053892833534656,2.0585210479864324,1.2097593807200069,-1.0538433476100402,2.1278490158863548,1.95988566480212,NVDA,Nvidia Corporation,,,
2024-06-24,1.833935409501313,1.834028370765096,1.9374823379492487,1.892425678244844,1.9605485307910624,0.2147219429147223,-2.093331371563014,2.0609095081131925,1.9565755805922047,NVDA,Nvidia Corporation,,,
2024-06-25,2.035703286750585,2.035853875755973,1.9881405037257425,1.925441283858032,1.9090372490242744,-0.1403336283222693,1.9388648127395425,2.0616029498286603,1.97247804806331,NVDA,Nvidia Corporation,,,
2024-06-26,2.0435417446603714,2.0436943503316187,2.028368907830345,2.010043822438958,2.033522798465617,-0.4342608038770143,-0.0143252867470555,2.0641003646966767,1.9876695326837976,NVDA,Nvidia Corporation,,,
2024-06-27,1.9826067511759995,1.9827419109140745,1.9859056765894207,2.018297723842256,1.9822640768098143,-1.067858725558442,-0.6600886094450965,2.050601931825944,1.9957685569053305,NVDA,Nvidia Corporation,,,
2024-06-28,1.9712287429330853,1.9713608445044883,2.018187712893184,2.013912881769245,1.9943844577272016,-0.7066240879247517,-0.1969688486222875,2.0376078847328083,2.002064849330926,NVDA,Nvidia Corporation,,,
2024-07-01,1.9904450161106293,1.99058238548972,1.9469185905076376,1.9128025403817248,1.96635625746223,-0.8824132758234744,0.09647433952186,2.0327098567544417,2.0095898863256165,NVDA,Nvidia Corporation,,,
2024-07-02,1.9492316977404744,1.949357230759884,1.9114084074104047,1.9695480879308245,1.9072697135412084,-1.2641156763473156,-0.481495567956348,2.0186398420530534,2.012567918647814,NVDA,Nvidia Corporation,,,
2024-07-03,2.0910759643041925,2.09124216965477,2.0323421864589424,1.978059979099749,1.920652702366608,-1.279180271212491,1.2839047859228303,2.0438690415159475,2.028570235918892,NVDA,Nvidia Corporation,,,
2024-07-05,2.0291299739713176,2.0292782428322704,2.046496849481054,2.0894877464385235,2.065086069696719,-1.288203533119734,-0.6610569194604097,2.0471644124860657,2.0373116203389903,NVDA,Nvidia Corporation,,,
2024-07-08,2.0890531987065564,2.089218808928261,2.0941750562861,2.1245668765996686,2.067863652976809,-1.153336097657437,0.4769661315788508,2.064752205410024,2.05087491704785,NVDA,Nvidia Corporation,,,
2024-07-09,2.1694574557995443,2.1696457576614256,2.1699140224006404,2.1660941765932487,2.140080625612244,-0.8796522942655179,0.6560780730863566,2.0982258709675707,2.07074145062292,NVDA,Nvidia Corporation,,,
2024-07-10,2.258710781700508,2.2589244754168902,2.201699493604004,2.2633356554390143,2.2330027111755664,-1.0884791430098937,0.7179840753081226,2.145846211827,2.097167619759189,NVDA,Nvidia Corporation,,,
2024-07-11,2.0688261216556665,2.068985780538076,2.227773234686496,2.124824866365296,2.2764338032130698,-0.3665028386754343,-1.7581140909424666,2.133661061648948,2.103393584880314,NVDA,Nvidia Corporation,,,
2024-07-12,2.1153491514758267,2.115522112456272,2.12273219123964,2.129209708438306,2.0873065432905245,-1.0672343339693635,0.3452013385292796,2.13625812338106,2.113414141031958,NVDA,Nvidia Corporation,,,
2024-07-15,2.095121495499465,2.0952888911077867,2.1095710373310306,2.128177946164328,2.14538303941452,-1.321778928265908,-0.2737927404301979,2.133103280373318,2.1206278061759734,NVDA,Nvidia Corporation,,,
2024-07-16,2.0425303618615533,2.0426826699683645,2.0512146915757192,2.0611149726639737,2.091851854700599,-1.2848015171821816,-0.5739230439046299,2.117470480639828,2.122256334400164,NVDA,Nvidia Corporation,,,
2024-07-17,1.830901068129701,1.830993329675333,1.8726696986069968,1.8583783103576768,1.9128248801013896,-0.2786776853347849,-2.075298080104613,2.0523601621022576,2.103900872435672,NVDA,Nvidia Corporation,,,
2024-07-18,1.909282366649896,1.9093967247236887,1.8863276070723576,1.854251261261764,1.9254501885938309,-0.6752736617039984,0.7001295118537171,2.023299931452957,2.094560741448088,NVDA,Nvidia Corporation,,,
2024-07-19,1.829384476369368,1.8294759056096013,1.866461592842079,1.8751441029299,1.887574263116508,-1.2707165514002392,-0.8709841504852565,1.9813496739641323,2.0785809110279883,NVDA,Nvidia Corporation,,,
2024-07-22,1.9712287429330853,1.9713608445044883,1.9277977081124853,1.9393697793739448,1.887574263116508,-1.036310881408789,1.3390496828826854,1.9856686913364503,2.0773488076242503,NVDA,Nvidia Corporation,,,
2024-07-23,1.9472087391676816,1.9473338700333749,1.943193878613768,1.997147089197024,1.948933270095648,-1.5192840883436105,-0.318784277858087,1.9828486553788605,2.0739773267869643,NVDA,Nvidia Corporation,,,
2024-07-24,1.736338223753889,1.7364034347315085,1.8254880569023493,1.773775771776751,1.857778527368472,-0.6362641085091258,-2.129066603540718,1.927539319497241,2.0511475220745896,NVDA,Nvidia Corporation,,,
2024-07-25,1.686528248081359,1.6865792863514606,1.7430444199224917,1.589610436825006,1.702992314604037,0.1229346576521998,-0.6053812617460578,1.87349222650302,2.02572448197082,NVDA,Nvidia Corporation,,,
2024-07-26,1.7062501161707335,1.7063065710391696,1.7323664704285793,1.7257999083736713,1.782531796635798,-0.8335546339780826,0.1203259456848491,1.8379319557415008,2.004461151360823,NVDA,Nvidia Corporation,,,
2024-07-29,1.6690819430455364,1.6691281377623497,1.7343531097428777,1.7185777692443531,1.7194052541735938,-1.0932223383074429,-0.4781543641762564,1.801885689454081,1.9816470905025336,NVDA,Nvidia Corporation,,,
2024-07-30,1.4703484071678767,1.4703376738612344,1.6278219920821215,1.4926269477448684,1.6646112689047423,0.2765435969054311,-2.2012051692590844,1.724718361769217,1.942279808033274,NVDA,Nvidia Corporation,,,
2024-07-31,1.8063754694524663,1.806460611501742,1.7855078406197693,1.7077443637618437,1.6994572436379072,0.1981554796776554,3.755598693921364,1.7516092323198078,1.9379870723916963,NVDA,Nvidia Corporation,,,
2024-08-01,1.608905920854382,1.6089346033359702,1.830703032466471,1.6027649630440368,1.8163675309250185,0.4867535189307618,-2.090335178129299,1.721963611370109,1.915575831401736,NVDA,Nvidia Corporation,,,
2024-08-02,1.559854337549598,1.559869166988788,1.54662005203779,1.4624486391879892,1.4686666198078424,0.2489636235709329,-0.6210145178630182,1.6873556170388213,1.8906043876331704,NVDA,Nvidia Corporation,,,
2024-08-05,1.3874159825405792,1.387381620699085,1.4147599462169642,1.186974409268722,1.1732342854965754,0.65536277744441,-1.9954503942863808,1.617900229699866,1.8517404863874865,NVDA,Nvidia Corporation,,,
2024-08-06,1.483495997602197,1.4834891326669402,1.5215392516997424,1.4412980045427568,1.470686522754974,-0.1700639649695222,1.0468226189404397,1.5900458851429593,1.825415214408781,NVDA,Nvidia Corporation,,,
2024-08-07,1.3484784201991329,1.3484329879844443,1.548606691352088,1.3933221411396772,1.5709315030084618,-0.156128210412911,-1.624797536846197,1.5350955204923855,1.7888279970811312,NVDA,Nvidia Corporation,,,
2024-08-08,1.5017006950057654,1.501698993288917,1.4666596194726296,1.363143635794266,1.424225479973313,-0.2682110917671254,1.7499733182666717,1.532534679933477,1.7699283624463296,NVDA,Nvidia Corporation,,,
2024-08-09,1.4961383790750018,1.4961348477701686,1.4939752469469982,1.5155831171724294,1.5161377103865288,-0.8482169324241913,-0.1509600997995696,1.5292108967249425,1.752225522422629,NVDA,Nvidia Corporation,,,
2024-08-12,1.6041016113410496,1.6041291698500877,1.6049762083367487,1.588578674551028,1.5333081376421251,-0.6489872349152566,1.1348383592755615,1.5539529219885686,1.7462513887594489,NVDA,Nvidia Corporation,,,
2024-08-13,1.784125433828783,1.7842042223850478,1.733111602263706,1.7257999083736713,1.6878419829424915,-0.7230947116440097,1.8712173529117435,1.6179223466068455,1.757693930188166,NVDA,Nvidia Corporation,,,
2024-08-14,1.8331770171335668,1.83326965873223,1.791964323663063,1.7900255848177171,1.8416181479099003,-0.5704418720115548,0.4130420963118935,1.678273193689567,1.772693828901055,NVDA,Nvidia Corporation,,,
2024-08-15,1.954035428328335,1.9541626642457657,1.907186751503432,1.8777234102205795,1.847425874581068,-0.6918751321900852,1.1263602588417052,1.75402413639974,1.7976581184879508,NVDA,Nvidia Corporation,,,
2024-08-16,1.9975245027271984,1.9976639550741992,1.9508918691362345,1.9734171472611115,1.927722844298868,-0.7808096136021397,0.3319118969376169,1.821807920582013,1.824429143446897,NVDA,Nvidia Corporation,,,
2024-08-19,2.134564845727899,2.1347434604832034,2.0750539844345943,2.03119445708419,1.9868091955729696,-0.6904581994387665,1.2171164672429473,1.907215628882296,1.861611183892332,NVDA,Nvidia Corporation,,,
2024-08-20,2.065033387916309,2.0651920274154474,2.0720742149195,2.0949043507855123,2.090841614256654,-0.7951711940402731,-0.722709684529581,1.953731367400385,1.8888958788044965,NVDA,Nvidia Corporation,,,
2024-08-21,2.096638666185271,2.0968063151735183,2.0589130610108897,2.11476543017967,2.0635710943246406,-1.037374298333938,0.2066132610731287,1.996590935675833,1.9166624989556584,NVDA,Nvidia Corporation,,,
2024-08-22,1.976285656927176,1.97641905336246,2.0936783017293488,2.0229405556808926,2.131747875771973,-0.3584316591636697,-1.1993876397859726,1.998375297446932,1.93062423403423,NVDA,Nvidia Corporation,,,
2024-08-23,2.118635518402725,2.1188097359598244,2.065121166775808,2.077622775470568,2.026705216644344,-0.6623565607049371,1.2768891129953273,2.0356228209068545,1.956659124869473,NVDA,Nvidia Corporation,,,
2024-08-26,2.04505872237102,2.0452117743973504,2.1063427010812075,2.055698368316986,2.120385175187544,-0.612230771222886,-0.7629023599023549,2.044997941613326,1.973430879224736,NVDA,Nvidia Corporation,,,
2024-08-27,2.0915819451663373,2.0917481063155465,2.055187970204316,2.0430594280521457,2.006252278533603,-0.7776836384314499,0.3484238865008005,2.063765255188848,1.99303853458582,NVDA,Nvidia Corporation,,,
2024-08-28,2.023567272090239,2.023714097313522,2.033583883394467,2.0110755847129367,2.0837714723243943,0.0542636345294581,-0.7170911729768401,2.0606833225913546,2.0044886835055062,NVDA,Nvidia Corporation,,,
2024-08-29,1.820787626091835,1.8208767190010904,1.936737395570476,1.8581203205920496,1.913077440212376,0.0825116150419778,-2.003568511495573,2.007218571272521,1.9958914421186005,NVDA,Nvidia Corporation,,,
2024-08-30,1.865793678201347,1.865895626853556,1.8701864941923003,1.871275043599612,1.866868764894782,-0.6019759428173314,0.3660417272981778,1.9784732585410445,1.992294170182156,NVDA,Nvidia Corporation,,,
2024-09-03,1.5783118324090817,1.5783319959411533,1.7326148477069547,1.615145913543248,1.7779866778726432,0.2210014399438554,-2.945632084130951,1.8843939499344813,1.962078346733336,NVDA,Nvidia Corporation,,,
2024-09-04,1.5330529828436543,1.5330603127165996,1.6596074632854865,1.53338067201863,1.5103301763622807,-0.379773455500665,-0.585316944634366,1.8024174469005805,1.9303673196535736,NVDA,Nvidia Corporation,,,
2024-09-05,1.5583373598389496,1.5583517429230564,1.569714213061539,1.549888474825224,1.4997247708169716,-0.7563573371063159,0.1943786346036107,1.7473133200786708,1.9039090093267788,NVDA,Nvidia Corporation,,,
2024-09-06,1.447592390682048,1.447575348083763,1.532465578472031,1.4516152337054795,1.5767392296796288,-0.1435158446471224,-1.3137370474553127,1.678048639857488,1.869475911412808,NVDA,Nvidia Corporation,,,
2024-09-09,1.5396270675235504,1.5396361385986024,1.4927337394678255,1.5222894735590242,1.496947187536881,-0.9453890212531876,0.9738770939142036,1.6493168464575614,1.846799474278932,NVDA,Nvidia Corporation,,,
2024-09-10,1.5808401929185485,1.5808611003701392,1.563506107296621,1.5547890996409572,1.5709315030084618,-0.9776892343121072,0.3712027283099312,1.638164446445215,1.830047423742706,NVDA,Nvidia Corporation,,,
2024-09-11,1.803594504462242,1.8036787317006675,1.756950705666228,1.6184989933422798,1.610827524079835,0.0159352879671557,2.3569109180613474,1.685992268112147,1.8356969732190085,NVDA,Nvidia Corporation,,,
2024-09-12,1.8602359936743555,1.8600785130044184,1.8463473907897767,1.823814962939256,1.798944543558436,-0.4166033770270447,0.4867719861061892,1.7361515467018018,1.8461419149267368,NVDA,Nvidia Corporation,,,
2024-09-13,1.8592244179003807,1.859066832641164,1.825736434180725,1.881076490019611,1.8555060643103525,-1.1494279113324144,-0.0981600158723683,1.7735158249986849,1.855542501823848,NVDA,Nvidia Corporation,,,
2024-09-16,1.8005599701154735,1.8003907222805162,1.7815347514475253,1.797505713712663,1.7976821282973434,-1.089663076693964,-0.672478177450741,1.7867403087711926,1.858589891050524,NVDA,Nvidia Corporation,,,
2024-09-17,1.7704691608801169,1.770293858588177,1.796930921948808,1.8096286744462469,1.8325279103835896,-1.1863427684793673,-0.3937940670298318,1.7890679479814864,1.8585398435143727,NVDA,Nvidia Corporation,,,
2024-09-18,1.7143334595549906,1.714147045614815,1.7696151050180875,1.7681011776641349,1.774956534481566,-0.7364537074257828,-0.6642685052106484,1.77665285537243,1.8532327654435576,NVDA,Nvidia Corporation,,,
2024-09-19,1.8281220328910488,1.8279584815438703,1.818286820936635,1.8720488161079631,1.8118224121618631,-0.832938850728927,1.1027203081507806,1.7960459022372113,1.8590735135324592,NVDA,Nvidia Corporation,,,
2024-09-20,1.7808365582248418,1.780663437592808,1.7924610782198138,1.824072952704884,1.804499710118617,-0.3224298599378785,-0.5640408305630525,1.7986624282758097,1.8599512329649512,NVDA,Nvidia Corporation,,,
2024-09-23,1.787411221830209,1.787239263474811,1.7519841073804818,1.8104024469545976,1.791622034162109,-1.3338174047034994,-0.0208420505084317,1.8022833509595344,1.861365400719179,NVDA,Nvidia Corporation,,,
2024-09-24,1.9039813390819635,1.903832772163241,1.871428191127824,1.823814962939256,1.7908643538291509,-0.4802241740616515,1.1015045923375166,1.8344050830486096,1.8735770854564169,NVDA,Nvidia Corporation,,,
2024-09-25,1.9707374281828869,1.9706021324716232,1.9494019843786865,1.9845083457207164,1.929742747246,-0.883518586669582,0.5671727736708221,1.8753363088283503,1.89093564270281,NVDA,Nvidia Corporation,,,
2024-09-26,1.984139166899224,1.9840065596077168,2.017194393236034,1.9894091673249816,2.0504408582571463,-0.7808497858551136,0.0406494576683637,1.909415457934006,1.907972289730378,NVDA,Nvidia Corporation,,,
2024-09-27,1.917383270773457,1.917237199299335,1.926804388455336,1.9238937388413304,1.9789815659546708,-0.9620478806720942,-0.7265979239628764,1.9181349417303293,1.91720314308494,NVDA,Nvidia Corporation,,,
2024-09-30,1.9183946535722751,1.9182488796625887,1.8639783884273824,1.895262975301152,1.83606298134972,-1.217173250968774,-0.0782023754743248,1.9249296865429144,1.9256896245205968,NVDA,Nvidia Corporation,,,
2024-10-01,1.8061228649717085,1.8059548677992647,1.887320926729506,1.8343903786561373,1.92343009299978,-0.7836526613340283,-1.1849426431102672,1.9017040037587665,1.922881410847573,NVDA,Nvidia Corporation,,,
2024-10-02,1.8529029377012425,1.85274397508955,1.8113335833365896,1.817624586083916,1.7888444508820185,-1.244190812761639,0.3862820285675657,1.8960855078179963,1.9247131697313689,NVDA,Nvidia Corporation,,,
2024-10-03,1.9540483576638668,1.9539096959153768,1.9349991335345524,1.951750533084624,1.9019671070920143,-0.9269901293911872,0.9216029780128652,1.9173866335571528,1.93585873110503,NVDA,Nvidia Corporation,,,
2024-10-04,2.0063911322744787,2.006262948724412,1.951885188793384,1.9901829398333328,2.0034746952535127,-1.1188981468509829,0.4174149419518437,1.946566494158247,1.95089713019832,NVDA,Nvidia Corporation,,,
2024-10-07,2.0771933314961464,2.0770790304858098,2.090946720036277,2.0706584293183457,2.004737110514605,-0.5302478112432835,0.5843566837990709,1.9863119902234152,1.971204668302383,NVDA,Nvidia Corporation,,,
2024-10-08,2.207923579831982,2.2078356783432,2.161470710586696,2.1859552559874063,2.137807777260288,-0.8776098221464643,1.1263028622765607,2.049099194583417,2.001919368566964,NVDA,Nvidia Corporation,,,
2024-10-09,2.20185489708876,2.201765596163675,2.1872966427598697,2.2365106234696985,2.2350228067696176,-1.1044734385867478,-0.1422669810658748,2.0946587087013384,2.029273007770708,NVDA,Nvidia Corporation,,,
2024-10-10,2.256473813678394,2.256395178029605,2.1992160997329546,2.226708980261168,2.1794715264616453,-1.1267420661887817,0.400427096454669,2.1426065413785684,2.059259365091497,NVDA,Nvidia Corporation,,,
2024-10-11,2.256221016222479,2.256142402657516,2.2185853594064824,2.2953196955667554,2.232497590953594,-1.5405266018268275,-0.0903112895276591,2.178503645065159,2.086495995308484,NVDA,Nvidia Corporation,,,
2024-10-14,2.3389077834746765,2.338845487489277,2.3134453973725284,2.3634144313410883,2.294614278265692,-1.1839221032930318,0.6396713467245483,2.2262850809272803,2.1190067709784666,NVDA,Nvidia Corporation,,,
2024-10-15,2.175304603062316,2.175209903180174,2.2878680319340825,2.1684158876953656,2.329964987926991,-0.3490089702840008,-1.493917605727198,2.2208505320989,2.1332275507872884,NVDA,Nvidia Corporation,,,
2024-10-16,2.279484171421395,2.2794104721374646,2.2394445038375577,2.241669238051059,2.231740103267555,-0.997224427043938,0.8511337201936195,2.2430550140683723,2.1559202481600503,NVDA,Nvidia Corporation,,,
2024-10-17,2.310080768543739,2.310012886573982,2.345479056397915,2.3781165025768205,2.367083425718274,-0.7587378300396778,0.1793804386282115,2.267426689487243,2.179417781750648,NVDA,Nvidia Corporation,,,
2024-10-18,2.337137043432327,2.3370749021348582,2.296062398100593,2.388691918293702,2.350165558573664,-1.5067778921035382,0.1463418974861176,2.2925306764144264,2.203315151423886,NVDA,Nvidia Corporation,,,
2024-10-21,2.4815225998410435,2.48148913841703,2.4155066713042883,2.407263245648253,2.3365303949311165,-0.9990907151392352,1.153238465621611,2.3477814442331857,2.238573242343187,NVDA,Nvidia Corporation,,,
2024-10-22,2.478488258469432,2.478453904368968,2.4331374794855405,2.5047625174711143,2.457228313295344,-1.2185626370323397,-0.1131370935423344,2.388454075521216,2.2703416444787066,NVDA,Nvidia Corporation,,,
2024-10-23,2.37658386721359,2.376529471510275,2.3837208211882195,2.393334946920872,2.43500764705462,-0.8764190017904552,-0.9300814400093156,2.3932520927884613,2.289670545908922,NVDA,Nvidia Corporation,,,
2024-10-24,2.3980774402211,2.3980273415524027,2.356902137726954,2.4191284134047417,2.4044546162674623,-1.528214380179686,0.0946345153304731,2.402272585952541,2.30925685981476,NVDA,Nvidia Corporation,,,
2024-10-25,2.4266508857954934,2.426606395262412,2.425936243519826,2.479485030518501,2.4072318142537146,-1.3401669162306726,0.1533513712441925,2.416245908476652,2.3297407791246845,NVDA,Nvidia Corporation,,,
2024-10-28,2.400858984136796,2.400809414311777,2.401352008282177,2.460139930655598,2.459500776353462,-1.5211452114349535,-0.3042811614399968,2.420219621473393,2.345945057727385,NVDA,Nvidia Corporation,,,
2024-10-29,2.41931782982238,2.419272050305843,2.3794993547376,2.4304772080529102,2.391071434795144,-1.6129279055828505,0.0677636499024952,2.427856344498522,2.362406361460281,NVDA,Nvidia Corporation,,,
2024-10-30,2.3710207793821976,2.3709653259915267,2.3315729601105315,2.3765689575601185,2.3721334720564826,-1.4876794291504656,-0.4937565605998396,2.421400447012024,2.372844316822852,NVDA,Nvidia Corporation,,,
2024-10-31,2.2046364410044554,2.2045476689230488,2.264028739075207,2.255339743801345,2.3231475987526364,-0.9676123115982936,-1.504785078913404,2.374586321777502,2.366738219356176,NVDA,Nvidia Corporation,,,
2024-11-01,2.271392723080536,2.271317029231431,2.256578936374764,2.318791844525572,2.249920578320177,-1.3286564179750224,0.50848941862345,2.356315703244561,2.367444265413783,NVDA,Nvidia Corporation,,,
2024-11-04,2.287828803168484,2.287756690415588,2.297552661770846,2.3445853110094417,2.313299873540286,-1.4411364307443493,0.0559327041833591,2.3467589136917453,2.369626673697208,NVDA,Nvidia Corporation,,,
2024-11-05,2.3854340938725094,2.3853816264491745,2.332566090311328,2.3899816703333085,2.319359775028601,-1.5960337515393832,0.7630821384069605,2.3642132843231485,2.380759192133547,NVDA,Nvidia Corporation,,,
2024-11-06,2.529566466874996,2.529542701442659,2.4845407770971604,2.5094055460982845,2.458490921203356,-1.1282766462523806,1.1341453589776094,2.4136629717387086,2.404389142042399,NVDA,Nvidia Corporation,,,
2024-11-07,2.6122536200775084,2.61224578627442,2.545131571076088,2.6179958195922186,2.5451003525204574,-1.327534464338397,0.5856462612878706,2.471608942757589,2.433621153607252,NVDA,Nvidia Corporation,,,
2024-11-08,2.5806450612308747,2.580631498516349,2.5659910944198683,2.620317137117272,2.605196944238504,-1.509213478412407,-0.3399754155874342,2.5070948290745934,2.4572330500386688,NVDA,Nvidia Corporation,,,
2024-11-11,2.520716240216077,2.5206905465037592,2.5431453106744946,2.5509330428803967,2.602924095886548,-1.4709935969331338,-0.5697036153616563,2.518591567395504,2.4730813022937936,NVDA,Nvidia Corporation,,,
2024-11-12,2.597333552824423,2.597323549155996,2.563010945992068,2.613868770496304,2.554948077732808,-1.377397412508134,0.537693533862115,2.5465416453612173,2.4946701191571385,NVDA,Nvidia Corporation,,,
2024-11-13,2.546255730369173,2.546235137998904,2.5550647676475795,2.611031473439996,2.6127722063927363,-1.416028198746396,-0.4967457803201613,2.5546192850455136,2.509508809271806,NVDA,Nvidia Corporation,,,
2024-11-14,2.5586458933115344,2.5586276918134447,2.546870022568364,2.60200399631688,2.57666362375156,-1.4013366319445493,0.0124126991808416,2.5638030639342286,2.524159853342433,NVDA,Nvidia Corporation,,,
2024-11-15,2.437776675507964,2.4377346862999087,2.4535002482725705,2.4609137031639494,2.5067193068211626,-1.081854738494514,-1.0652085492010994,2.5402003646217204,2.526149953386218,NVDA,Nvidia Corporation,,,
2024-11-18,2.391502390665418,2.391451322712101,2.361868546556348,2.3853386417061384,2.371123616906376,-1.24786714779807,-0.4747679817741321,2.5108251643126764,2.523621862167164,NVDA,Nvidia Corporation,,,
2024-11-19,2.5649673735106724,2.564950549365059,2.500433512698842,2.4843858521227657,2.4170799247599035,-1.2098205808959124,1.3803649341396005,2.532552133358013,2.5375824116314534,NVDA,Nvidia Corporation,,,
2024-11-20,2.536646725392194,2.5366242710271387,2.5111112727364024,2.5292662319153774,2.570856089727312,-0.7390201405014803,-0.316644859816912,2.541703178312295,2.5476193354599195,NVDA,Nvidia Corporation,,,
2024-11-21,2.556370330257983,2.556351555714848,2.64346813311398,2.476905526439288,2.619842348324996,-0.2163510087352625,0.0723124845770009,2.553541949132301,2.5585924984848765,NVDA,Nvidia Corporation,,,
2024-11-22,2.4370186690905324,2.436975974267043,2.501178455077616,2.487223149179074,2.533484899178123,-1.1606308049081508,-1.0535324300404938,2.5323133134163136,2.557381310375876,NVDA,Nvidia Corporation,,,
2024-11-25,2.287070024850424,2.286997978382721,2.3742847580861834,2.351033677630409,2.4339977919045133,-0.5377560053240867,-1.3413659421640458,2.4785657114965334,2.542225594536562,NVDA,Nvidia Corporation,,,
2024-11-26,2.309827971087824,2.309760111201893,2.3059955946720856,2.34716442151159,2.325672429274821,-1.4252999547327492,0.1104183588108063,2.443995941737032,2.5305807656546544,NVDA,Nvidia Corporation,,,
2024-11-27,2.269875166444416,2.2697996051656992,2.254344109238443,2.247343832163676,2.257748207938476,-1.2182223206607186,-0.4342817927610869,2.407990098566156,2.5162497947054834,NVDA,Nvidia Corporation,,,
2024-11-29,2.34345890958178,2.3433977596864723,2.3072372916076103,2.3569660647201207,2.302441907883991,-1.7032029924655736,0.5569682009249998,2.399547990557056,2.510118618669243,NVDA,Nvidia Corporation,,,
2024-12-02,2.3530679145587587,2.3530086266582377,2.334552729625626,2.402620610598148,2.3542057497617663,-1.532071490354499,-0.0056244490957262,2.395640382281046,2.505445471061195,NVDA,Nvidia Corporation,,,
2024-12-03,2.3942847064817427,2.394233395471475,2.3367875567619474,2.4059734936086468,2.339812713139341,-1.5737863578424929,0.2646559636558385,2.4031070460319457,2.505060391029061,NVDA,Nvidia Corporation,,,
2024-12-04,2.51768228479478,2.517655698372296,2.467157777825226,2.466330110722406,2.4342501593685806,-1.1903691760059985,0.9557045685423444,2.439835382897509,2.516276331578025,NVDA,Nvidia Corporation,,,
2024-12-05,2.5159119307027447,2.515632337645788,2.48578209511998,2.5607342925118632,2.512779593603316,-1.526686112898697,-0.1025579955726543,2.466935045077298,2.5263067064773472,NVDA,Nvidia Corporation,,,
2024-12-06,2.449657384035351,2.4493689139981822,2.4649229506889045,2.492639556737531,2.499901917646808,-1.4355272364505505,-0.6299362435464217,2.4705463843615267,2.529215212848774,NVDA,Nvidia Corporation,,,
2024-12-09,2.35786064556266,2.3575608988554326,2.3221365180957902,2.3848230557519474,2.357740820727896,-1.4309189051451274,-0.8526368724501149,2.450098194518814,2.523255232281401,NVDA,Nvidia Corporation,,,
2024-12-10,2.263283521025216,2.262971196869907,2.3685734068780167,2.298672578577255,2.3587506758780026,-1.312053225820951,-0.8963933709286567,2.410903976156284,2.5089723862145297,NVDA,Nvidia Corporation,,,
2024-12-11,2.370504763811879,2.370206613958661,2.327599681481934,2.335299647332166,2.317087311970483,-1.4561895478229605,0.8536573822913844,2.4085560003918034,2.506037791543545,NVDA,Nvidia Corporation,,,
2024-12-12,2.3206874550833763,2.320382465578613,2.2846396956842594,2.3505176980991536,2.310017170038224,-1.6036435240312772,-0.5123238252071038,2.3942280776448173,2.4987006186980008,NVDA,Nvidia Corporation,,,
2024-12-13,2.2425471825345085,2.242232038860645,2.3134453973725284,2.266430745472418,2.356983333041857,-1.1887014536182576,-0.7630631532882142,2.363770428671037,2.484706400232012,NVDA,Nvidia Corporation,,,
2024-12-16,2.185648457437864,2.185326320896117,2.184316494332069,2.211748722471276,2.2367901496057634,-1.1517647886768332,-0.5908909402642694,2.3265738891395404,2.466651285173877,NVDA,Nvidia Corporation,,,
2024-12-17,2.1449349447248243,2.1446071028270577,2.114537446160424,2.1199240447610306,2.1082646016232367,-1.0286127299603522,-0.4539975781474516,2.288406072015478,2.4464214804269897,NVDA,Nvidia Corporation,,,
2024-12-18,2.107508570839311,2.107175894178149,2.241431143151856,2.1565507199388776,2.228710152523397,-0.9251163807346235,-0.4286078379631375,2.250339012094363,2.4245227874651745,NVDA,Nvidia Corporation,,,
2024-12-19,2.1522680006979376,2.151941447783627,2.175128619052056,2.189308532574969,2.17568370273761,-1.3137846499241217,0.3238296533009286,2.2330797548503645,2.408810171004051,NVDA,Nvidia Corporation,,,
2024-12-20,2.2539265416035232,2.253613105270231,2.2061691478766465,2.155003174922176,2.1264450766758585,-0.758205834632439,0.8347944865486798,2.245779749775397,2.404054394898512,NVDA,Nvidia Corporation,,,
2024-12-23,2.379608559827342,2.3793115442696493,2.3181632394671934,2.3329779362300487,2.2898165993915502,-1.5069885094869866,1.018834093996482,2.287009359054324,2.4115110951614147,NVDA,Nvidia Corporation,,,
2024-12-24,2.3935174372567665,2.39322190806652,2.370559667279609,2.424028841431942,2.3837489253988173,-1.9138559570522724,0.0300542988112973,2.321440226867161,2.419593587962332,NVDA,Nvidia Corporation,,,
2024-12-26,2.3861836093830244,2.3858871771933527,2.3444859261971183,2.4002988994960304,2.376173663244585,-1.8504492207370835,-0.1501350337456093,2.345413342387954,2.426253911482751,NVDA,Nvidia Corporation,,,
2024-12-27,2.3123420514356585,2.3120362473004903,2.2990425465283937,2.322402914090232,2.3471356078295065,-1.538385420743324,-0.7141247978402657,2.344765868157739,2.425387606779677,NVDA,Nvidia Corporation,,,
2024-12-26,139.89952087402344,139.92999267578125,140.85000610351562,137.72999572753906,139.6999969482422,116205600.0,-0.0020682545779533,137.08162396659583,137.34555988321918,NVDA,Nvidia Corporation,4.0533283026888967e-05,0.4999635815620422,0.4999959170818329
2024-12-27,136.9801483154297,137.00999450683594,139.02000427246094,134.7100067138672,138.5500030517578,170582600.0,-0.0208676380044402,137.0562550538043,137.31234064978378,NVDA,Nvidia Corporation,0.8586031794548035,0.0001590080501046,0.1412378549575805
2024-12-30,137.46005249023438,137.49000549316406,140.27000427246094,134.02000427246094,134.8300018310547,167734700.0,0.0035034578419319,137.15720441291182,137.32576899891563,NVDA,Nvidia Corporation,0.0050775944255292,0.9947182536125184,0.0002041998086497
