Date,Adj Close,Close,High,Low,Open,Volume,Daily_Return,EMA_7,EMA_21,Ticker,Company,negative,neutral,positive
2021-01-04,-0.6127103488940813,-0.2592427378128074,-0.2866151798666508,-0.2772247557382644,-0.2528266835442719,0.1500815611242366,,-0.6203132851288008,-0.6382893921639619,PFE,Pfizer,,,
2021-01-05,-0.5687996126904706,-0.217658999815874,-0.2402496228067754,-0.2404196441738202,-0.2692901429780809,-0.0716006661185676,0.6607008253093445,-0.6092301175900161,-0.6341878306728465,PFE,Pfizer,,,
2021-01-06,-0.60577758394222,-0.2526771041547294,-0.2283886089551889,-0.2214590999765927,-0.2572166881769996,0.2347698347923571,-0.5463143380605764,-0.6102510641723641,-0.6339131324884245,PFE,Pfizer,,,
2021-01-07,-0.5838216630103876,-0.2318848177075302,-0.2639712391833481,-0.2326124864038405,-0.234167593753379,-0.1989180385954334,0.3310196628505518,-0.6054750508042049,-0.6316125744825796,PFE,Pfizer,,,
2021-01-08,-0.5757337597173986,-0.2242246334739512,-0.2229973512026307,-0.2069599103502652,-0.2209967424675691,0.1438184607019021,0.1228286682985102,-0.5998516359877394,-0.6287656929231441,PFE,Pfizer,,,
2021-01-11,-0.5017780936289122,-0.1541884247962388,-0.1906489820340861,-0.1790770824694294,-0.2144111074777575,0.982000762624104,1.1015776526771532,-0.5769675001702792,-0.619269656436791,PFE,Pfizer,,,
2021-01-12,-0.5699541982015707,-0.2187531329426422,-0.1949621527667722,-0.2158826194920634,-0.1617272836407047,1.0149957214801977,-0.9937211751465538,-0.577012198823595,-0.6170050079714758,PFE,Pfizer,,,
2021-01-13,-0.6069324458683345,-0.2537712372814984,-0.2618150651436056,-0.2359582896029203,-0.23855801707992,-0.0037857791642486,-0.5464658998673798,-0.5863791148177846,-0.6184002565386431,PFE,Pfizer,,,
2021-01-14,-0.6196436666759694,-0.2658087889196175,-0.2844585945003069,-0.2393040928020001,-0.2627049266820818,-0.0496161529226479,-0.1879143418201361,-0.5966126422334144,-0.6208559788262807,PFE,Pfizer,,,
2021-01-15,-0.6254212932867027,-0.2712802894509265,-0.3038674514707932,-0.2627255661119368,-0.2736805663046219,0.1938626338731984,-0.0843661551392181,-0.6057460736094851,-0.6236281232645132,PFE,Pfizer,,,
2021-01-19,-0.6219544961882519,-0.2679974726218875,-0.2801454237676208,-0.2381889668883698,-0.2649001383453531,0.1431454653999862,0.0545230020222194,-0.6117211198387178,-0.6258244321379901,PFE,Pfizer,,,
2021-01-20,-0.6485320761446496,-0.2931667090248946,-0.3006323677579792,-0.2560339597137772,-0.2616071115035407,0.2613016135417625,-0.3969244716675958,-0.6229106448386182,-0.6303036033466282,PFE,Pfizer,,,
2021-01-21,-0.6508431820719456,-0.2953553927271646,-0.3243543954611523,-0.2906083939927726,-0.3055105073813247,0.1660879358725068,-0.0325490941362468,-0.6318861168678365,-0.6345914501889879,PFE,Pfizer,,,
2021-01-22,-0.6427547259489291,-0.2876952084935856,-0.2984757823916361,-0.2794554330237139,-0.3131935388558649,-0.2921854866077972,0.1247518509054469,-0.6365761765638744,-0.6377339759443807,PFE,Pfizer,,,
2021-01-25,-0.5584000506401582,-0.2078101318800234,-0.2488755529455472,-0.271648275253735,-0.2879492327689738,0.0386917441260472,1.2760305875275495,-0.6188024135611538,-0.6327115169919686,PFE,Pfizer,,,
2021-01-26,-0.5549318714666402,-0.2045268976022531,-0.2154495080837317,-0.1779619565557992,-0.2089232876664878,-0.2044232614255203,0.0537324308930835,-0.6045967151674708,-0.6278216936878289,PFE,Pfizer,,,
2021-01-27,-0.6785759003694711,-0.3216187622569408,-0.2758322530349347,-0.2883781421655121,-0.2396554135646486,1.1805222506478203,-1.826430245057182,-0.625150469430451,-0.6349255932387922,PFE,Pfizer,,,
2021-01-28,-0.6774077705227125,-0.363202917702607,-0.3523891825704112,-0.325183253729957,-0.3538039078918364,0.5078604148725033,0.0201811561651794,-0.6402709465547543,-0.6412745724650615,PFE,Pfizer,,,
2021-01-29,-0.6727355275506889,-0.358825550298067,-0.2930845246390787,-0.349720278411713,-0.2517288683657299,1.768071401303358,0.0735210789285089,-0.6504320198740164,-0.6466099524822868,PFE,Pfizer,,,
2021-02-01,-0.6844176552633204,-0.3697689688094171,-0.3674852801348133,-0.3385668919844652,-0.355999119555107,0.5641919405490861,-0.1752516181611406,-0.6610014198960801,-0.6525514881556846,PFE,Pfizer,,,
2021-02-02,-0.7790336851156884,-0.4584083627833266,-0.411694251828344,-0.5002873787849508,-0.3746582093459998,3.211706954120356,-1.4404088981061347,-0.692809766410277,-0.6667906650941593,PFE,Pfizer,,,
2021-02-03,-0.7965553564020618,-0.4748232818259857,-0.4645291536606473,-0.4434065971096489,-0.4591715555659421,0.4507164444170312,-0.2709804040034108,-0.7210885351221467,-0.6813720147019203,PFE,Pfizer,,,
2021-02-04,-0.7907160892433334,-0.4693517812946767,-0.4871726830173487,-0.452328880793258,-0.4789280418415635,0.1936868062717969,0.093889802467319,-0.7408237676302095,-0.6940823597947928,PFE,Pfizer,,,
2021-02-05,-0.7872105940430022,-0.4660689644656376,-0.4871726830173487,-0.4434065971096489,-0.4668550057342956,0.0399710415017612,0.0572427671335951,-0.7547403972214013,-0.7053097818701404,PFE,Pfizer,,,
2021-02-08,-0.7988927217556338,-0.4770119655282557,-0.4947209374628497,-0.4478675262223589,-0.4624645824077545,0.032956126507917,-0.1802370637629754,-0.7681264644474128,-0.7166077194145591,PFE,Pfizer,,,
2021-02-09,-0.7813696683941932,-0.4605970464855966,-0.4893292683836918,-0.4456372743950985,-0.4800258570201055,-0.0557883080339127,0.2771231559895397,-0.7737431572018768,-0.7252417993323972,PFE,Pfizer,,,
2021-02-10,-0.808236654869652,-0.4857662828886037,-0.4871726830173487,-0.452328880793258,-0.4580741590812134,-0.1243186314353135,-0.4170259651607237,-0.7847369639451711,-0.7356005222100209,PFE,Pfizer,,,
2021-02-11,-0.8444484037041723,-0.5196902541006909,-0.5162859684730793,-0.4991722528713205,-0.4800258570201055,-0.0124377097573476,-0.5666492456817697,-0.8021222449957838,-0.7483999667016218,PFE,Pfizer,,,
2021-02-12,-0.8105726381481583,-0.4879549665908737,-0.5011902822352784,-0.4902495437295223,-0.5195388295713484,-0.3341779682390545,0.5395202722241542,-0.8066108871687017,-0.7568715983667584,PFE,Pfizer,,,
2021-02-16,-0.8140770276884362,-0.4912382008686448,-0.510894710720522,-0.4679431963332158,-0.4745380372088358,-0.1430897436401031,-0.0527075939642118,-0.8108618845171877,-0.7649004155225207,PFE,Pfizer,,,
2021-02-17,-0.7907160892433334,-0.4693517812946767,-0.495799024482721,-0.4790965827604636,-0.5052701631069966,-0.2850189960955035,0.3700231402407778,-0.8081537796764905,-0.7700172696317026,PFE,Pfizer,,,
2021-02-18,-0.8292621628662769,-0.5054640187603019,-0.5087381253541788,-0.4724045509041149,-0.482221068683376,-0.4267057277213846,-0.6007275552330033,-0.8158518158106227,-0.778269420695178,PFE,Pfizer,,,
2021-02-19,-0.8432799974423998,-0.5185961209739219,-0.530303567691009,-0.4857881891586231,-0.4953919199691858,-0.1785584149572927,-0.2190346061591951,-0.8251634755541748,-0.7870807373217519,PFE,Pfizer,,,
2021-02-22,-0.8643063346840639,-0.53829385684562,-0.5637300238794256,-0.525939529380337,-0.5316118656786164,0.1959665020692778,-0.3308992463510025,-0.8374543146746238,-0.7970550281070097,PFE,Pfizer,,,
2021-02-23,-0.9051906029056198,-0.5765947780135152,-0.5831388808499127,-0.5660908696020508,-0.5678322300818601,0.396149257775201,-0.6490759691267491,-0.8569917242998318,-0.8099414339767049,PFE,Pfizer,,,
2021-02-24,-0.9238798512087256,-0.5941038301829433,-0.5982345670877136,-0.5672064209738701,-0.582100896546212,-0.0245091840466681,-0.2984838762077109,-0.8763619893823639,-0.8234020513402779,PFE,Pfizer,,,
2021-02-25,-0.915703218696425,-0.5864436459493644,-0.5917648109886845,-0.5817051851420085,-0.5875887163574817,0.3889888302836452,0.1346522903124061,-0.8888258879514999,-0.8348752231130504,PFE,Pfizer,,,
2021-02-26,-0.9542503979794223,-0.6225558834149895,-0.6144083403453858,-0.6017808552528655,-0.5853935046942111,0.6288843718233448,-0.6198268275758521,-0.9079032057140648,-0.8489059480559628,PFE,Pfizer,,,
2021-03-01,-0.930890012364348,-0.6006698812897534,-0.6111736679591715,-0.5850514137992775,-0.6128330224443728,-0.0413825707604696,0.3831868675738376,-0.9163149807194556,-0.859479133609729,PFE,Pfizer,,,
2021-03-02,-0.9519152439459578,-0.6203676171614515,-0.6154868386918576,-0.5861665397129077,-0.602954779306562,-0.2073517004419652,-0.3383011469134004,-0.927930627215225,-0.8710550201435379,PFE,Pfizer,,,
2021-03-03,-0.8491206466761959,-0.524067621505231,-0.5551036824140534,-0.5928585715692564,-0.6216138690974549,0.905200478936097,1.6770309193361197,-0.91069677697229,-0.8719768386478388,PFE,Pfizer,,,
2021-03-04,-0.8713145609345918,-0.5448594905036981,-0.4860945959974774,-0.5482458767766434,-0.5392953158469699,0.8706048826051767,-0.3499182212110907,-0.9033731826402754,-0.8748879180493697,PFE,Pfizer,,,
2021-03-05,-0.8491206466761959,-0.524067621505231,-0.5443211669089386,-0.5348622385221352,-0.5360022890051575,-0.0303418099966059,0.3566618153248183,-0.8922786935410774,-0.8754612912895041,PFE,Pfizer,,,
2021-03-08,-0.8537937188932577,-0.528444988909771,-0.5098166237006506,-0.4935953469286021,-0.5151484062448074,-0.4085287915489172,-0.0717882762039244,-0.8851373205439376,-0.8764190364261384,PFE,Pfizer,,,
2021-03-09,-0.8421118675956402,-0.5175015703984209,-0.5119732090669937,-0.4813272600459131,-0.5085627712549957,-0.3591272985758469,0.188049576224547,-0.8768327655312292,-0.8761985494389266,PFE,Pfizer,,,
2021-03-10,-0.78604301702627,-0.4649744138901366,-0.48070333824492,-0.4724045509041149,-0.4975871316324564,0.1462072908726666,0.890893033712824,-0.8564524466097615,-0.8707608946373778,PFE,Pfizer,,,
2021-03-11,-0.8117415972399572,-0.4890495171663748,-0.4828599236112631,-0.4567902353641571,-0.4503911276066732,-0.396063220911628,-0.3992455329410712,-0.8476535862554122,-0.8682179943128172,PFE,Pfizer,,,
2021-03-12,-0.7848746107644974,-0.4638802807633677,-0.497955609849064,-0.4735201022759343,-0.5063675595917252,-0.8941706896404681,0.4249541129470865,-0.8342731538122026,-0.8633967074290837,PFE,Pfizer,,,
2021-03-15,-0.7299727843818321,-0.4124472573818523,-0.4494334674228464,-0.423330926998792,-0.4569767625964848,-0.5574487069152099,0.8601987442869221,-0.8103804863197348,-0.8538855152654948,PFE,Pfizer,,,
2021-03-16,-0.6809121600629893,-0.366485734531646,-0.4030679103629718,-0.3842947126907084,-0.4064877317288892,-0.3679004895837056,0.7587592869754666,-0.7800779749405132,-0.8406563808586107,PFE,Pfizer,,,
2021-03-17,-0.6855855086950661,-0.3708631019361861,-0.392285394857857,-0.4054859341733847,-0.3669747591776463,0.6942012942336155,-0.0688111497798307,-0.7585306550011225,-0.8290664175897254,PFE,Pfizer,,,
2021-03-18,-0.6879212155585575,-0.3730517856384561,-0.3912068965113853,-0.3608732393807717,-0.399902515432891,-0.3856408882630384,-0.0332340330974581,-0.7429597026569142,-0.8187482582564116,PFE,Pfizer,,,
2021-03-19,-0.7159557790507496,-0.3993155726169642,-0.4073810810956579,-0.3664497198653011,-0.3757556058307284,1.0463900428614636,-0.4254650129793045,-0.7383574746136082,-0.8119867323604179,PFE,Pfizer,,,
2021-03-22,-0.6610545054981111,-0.347882549235449,-0.3868941371052996,-0.3787182322061791,-0.4053903352441607,-0.3433391925741441,0.8459457755961926,-0.7210485999565962,-0.8007117381874054,PFE,Pfizer,,,
2021-03-23,-0.7358137100306412,-0.4179187579131613,-0.3955200672440714,-0.3831795867770782,-0.3680725743561882,-0.1891565752072838,-1.131278104356369,-0.7269363335604573,-0.7974447617833174,PFE,Pfizer,,,
2021-03-24,-0.70661101669169,-0.3905608378078842,-0.3955200672440714,-0.3776031062925488,-0.4053903352441607,-0.4975885031691221,0.4532468396781465,-0.7239813089755699,-0.7917470530070677,PFE,Pfizer,,,
2021-03-25,-0.6996022376111353,-0.3839952041498062,-0.4106157534818723,-0.3909867445470571,-0.3867312454532678,-0.3768191930892758,0.1098404326863225,-0.7199960090993097,-0.7859126501082915,PFE,Pfizer,,,
2021-03-26,-0.6318523649891868,-0.3205246291301718,-0.3567023533030973,-0.3474896011262635,-0.3834386373052686,-0.1907329605991589,1.0392775668209713,-0.6999068155686201,-0.7742803484601137,PFE,Pfizer,,,
2021-03-29,-0.5886321134891261,-0.2800350242600066,-0.3081802108768797,-0.3184912218736084,-0.3450234799325669,-0.2477071664739676,0.6532782513580705,-0.6739310327576298,-0.759668463257596,PFE,Pfizer,,,
2021-03-30,-0.6482048007687463,-0.3358449975973299,-0.3200412247284662,-0.3051075836191002,-0.2835588094424326,-0.2902392569509053,-0.8856905117675399,-0.6694854744945918,-0.7519494255269432,PFE,Pfizer,,,
2021-03-31,-0.6341883482676917,-0.3227133128324418,-0.3416066670652963,-0.3028769063336506,-0.3318522099529444,-0.273299177008986,0.2142954035826557,-0.6626135219931817,-0.7436228864799684,PFE,Pfizer,,,
2021-04-01,-0.6260117157553907,-0.3150531285988628,-0.3394500816989533,-0.3051075836191002,-0.3153887505191354,-0.5923838324074572,0.1255989678521339,-0.6553957573743608,-0.7352895524249703,PFE,Pfizer,,,
2021-04-05,-0.628347699033896,-0.317241812301132,-0.3265109808274954,-0.2961852999354918,-0.3000226875700558,-0.5452741612733437,-0.0327376426669122,-0.650572041288346,-0.7279319909233238,PFE,Pfizer,,,
2021-04-06,-0.6552133034342876,-0.3424110487041399,-0.3448413394515107,-0.3073382609045497,-0.3197791738456765,-0.6285800662132045,-0.4018608529160263,-0.6537351925624586,-0.7237527288698378,PFE,Pfizer,,,
2021-04-07,-0.6715679505339567,-0.357731417171298,-0.3620936110556547,-0.3341059628717552,-0.3450234799325669,-0.555162948096991,-0.2452696541129495,-0.660235505342391,-0.7214810350319254,PFE,Pfizer,,,
2021-04-08,-0.6657275777151744,-0.352259916639989,-0.3717980395408982,-0.3218374505308772,-0.3527065114071078,-0.7858245090527453,0.0911803282812492,-0.6636366168304422,-0.7188703282616513,PFE,Pfizer,,,
2021-04-09,-0.590967820352617,-0.2822237079622774,-0.3006323677579792,-0.3184912218736084,-0.3592917277031061,0.0361574014575711,1.137334030226417,-0.647317921314333,-0.709513888533757,PFE,Pfizer,,,
2021-04-12,-0.5477475688525569,-0.2417336856433793,-0.2769107513814057,-0.2705327238819157,-0.2956322642435139,-0.0694482937565842,0.6470538543063866,-0.624170012014279,-0.6969709687133129,PFE,Pfizer,,,
2021-04-13,-0.5255536545941605,-0.2209418166449122,-0.2100578390045731,-0.2080754617220845,-0.1935572247174074,0.1744367154287068,0.3301180598970705,-0.601207286689051,-0.6834952517516507,PFE,Pfizer,,,
2021-04-14,-0.5243852483323879,-0.2198476835181433,-0.2391711244603037,-0.2002683039521056,-0.2198993459828405,-0.4394138191881931,0.019558140246984,-0.583690334354433,-0.6711354628746721,PFE,Pfizer,,,
2021-04-15,-0.4741570469968128,-0.1727920275411688,-0.2003534105193296,-0.1668089955867405,-0.2100211028450298,-0.3725447634689992,0.7400936007405671,-0.5578749103061965,-0.6552076354554583,PFE,Pfizer,,,
2021-04-16,-0.3608490046912043,-0.0666431639490983,-0.0968397808944656,-0.1054664338823504,-0.1430686125436251,1.3180497500474464,1.6475144966288844,-0.5099141402311002,-0.6301440503483284,PFE,Pfizer,,,
2021-04-19,-0.3187974358679297,-0.0272476922057021,-0.0688049937852068,-0.0474701008352293,-0.0629452709564114,-0.0112311686304894,0.5975857434603637,-0.4633296531202677,-0.6034310703685439,PFE,Pfizer,,,
2021-04-20,-0.3071155845703121,-0.0163046911430833,-0.0386132099830045,-0.0006271542153559,-0.0464813928287883,-0.2807748815789167,0.166207636232366,-0.4254427625222896,-0.5780553787300434,PFE,Pfizer,,,
2021-04-21,-0.24871102713745,0.0384111490674709,0.0077519357502695,0.0417548632918074,-0.0036758121295462,-0.1046077510161368,0.8193010947467473,-0.3822861543015355,-0.5495311851525587,PFE,Pfizer,,,
2021-04-22,-0.3526723721789044,-0.0589829797155193,-0.0105784228737457,-0.0262793048107421,0.0336419487584261,0.1384344982865748,-1.433328016146605,-0.3761587729848411,-0.5333107969697615,PFE,Pfizer,,,
2021-04-23,-0.3503358360703723,-0.0567942960132493,-0.082822181676536,-0.0363171398661706,-0.0596522441145982,-0.4071524858413955,0.0354042912843117,-0.3709734900836909,-0.5183467411625999,PFE,Pfizer,,,
2021-04-26,-0.3480009584519217,-0.0546056123109793,-0.0925266101617795,-0.0296251080098219,-0.0486766044920588,-0.6861484481203354,0.0353637919543775,-0.3664951996007865,-0.5045249606111804,PFE,Pfizer,,,
2021-04-27,-0.3748662864373009,-0.0797748487139864,-0.1065442093797091,-0.0452398490079696,-0.0728235140942214,-0.7293110927540231,-0.3767740165813962,-0.3699173503094671,-0.4944691099661303,PFE,Pfizer,,,
2021-04-28,-0.3328152704440531,-0.0403793769705902,-0.0709615791515506,-0.0262793048107421,-0.0695304872524089,-0.5533743569792865,0.5994354413286398,-0.361870193321997,-0.4813995765899598,PFE,Pfizer,,,
2021-04-29,-0.3573457208109812,-0.0633603471200601,-0.0644918230525207,-0.0497007781206788,-0.0201392715633552,-0.4559961809065715,-0.3426607166606261,-0.3620263658452111,-0.4718094935593165,PFE,Pfizer,,,
2021-04-30,-0.3515050715771856,-0.0578884291400183,-0.0752743385576355,-0.0296251080098219,-0.07392091057895,-0.1623155824002413,0.084996744448299,-0.3606693023729596,-0.4625456798856998,PFE,Pfizer,,,
2021-05-03,-0.2136674081496898,0.0712409871527884,0.0260827057008853,0.0227943190945807,-0.0146514517520856,0.9426941991797724,1.9492922524340608,-0.3248609717693278,-0.4412490556021819,PFE,Pfizer,,,
2021-05-04,-0.1996487443285266,0.0843726719176764,0.0616653359290446,0.0752141716571725,0.09071619592202,1.3163945453859776,0.1945347318119767,-0.2944663818703571,-0.4205790495002595,PFE,Pfizer,,,
2021-05-05,-0.197314143125089,0.0865613556199465,0.1608662061478229,0.0194485158955009,0.1104726821976414,2.7609274252721967,0.0342953784681753,-0.2710811809068517,-0.4015700672271937,PFE,Pfizer,,,
2021-05-06,-0.243318446640426,0.0012043610263432,-0.0396917083294762,-0.0887369924287624,-0.0761161222422205,1.4463068907386991,-0.6259390897558028,-0.265153868771606,-0.3885862891724839,PFE,Pfizer,,,
2021-05-07,-0.197314143125089,0.0438830670475112,0.0293173780870996,0.0328321541500091,-0.013554055267357,0.1647601343308889,0.6369781412436815,-0.2490967960827883,-0.3724857396564874,PFE,Pfizer,,,
2021-05-10,-0.1642842075101731,0.0745238039818274,0.0735263497806319,0.1142499605070678,0.0720575248249404,-0.0156692998106916,0.4535199587152191,-0.2287171623106159,-0.3547636557673121,PFE,Pfizer,,,
2021-05-11,-0.2244437238633082,0.0187134131957712,0.0508828204239297,0.052907824260866,0.0555936466973181,-0.0316332334137959,-0.8135007268066803,-0.2286168327908017,-0.3442719785128831,PFE,Pfizer,,,
2021-05-12,-0.1843364582445067,0.0559202012368975,0.034708635839657,0.0618305334026643,0.0292515254318842,-0.2959809375897734,0.5533845867323122,-0.2184184225521809,-0.3309877986367116,PFE,Pfizer,,,
2021-05-13,-0.135973781834577,0.1007871735116027,0.0735263497806319,0.0830213294271514,0.0358371604216966,-0.3440970701663917,0.6611054195886928,-0.1985627677188032,-0.3143938684831183,PFE,Pfizer,,,
2021-05-14,-0.1454094847330553,0.0920328561512555,0.0778395205133173,0.1298642760470248,0.117058317187453,-0.7911781563643826,-0.1248096065651775,-0.1860526190039964,-0.3001898362772676,PFE,Pfizer,,,
2021-05-17,-0.1347923840671732,0.1018817240871045,0.0864658619786895,0.1399021111024532,0.0983992273965602,-0.7879101881866107,0.1458084444013978,-0.1739902276320338,-0.286285370294965,PFE,Pfizer,,,
2021-05-18,-0.1418719253911662,0.0953156729802945,0.0810741928995308,0.1198268664497854,0.1104726821976414,-0.9267230479826888,-0.0930223469465042,-0.1667303260883778,-0.2743062239972711,PFE,Pfizer,,,
2021-05-19,-0.1678228725121159,0.0712409871527884,0.0325524617999145,0.0752141716571725,0.0797405562994806,-0.6597076146819997,-0.3478884829304337,-0.1678354767364074,-0.2658400860076887,PFE,Pfizer,,,
2021-05-20,-0.1336154089399843,0.1029758572138735,0.0702916773944168,0.1075583541089074,0.0610814665085878,-0.756012636084092,0.4666701849382801,-0.1600302997899442,-0.2549483871113742,PFE,Pfizer,,,
2021-05-21,-0.153667106844291,0.0843726719176764,0.1080308929889184,0.1287491501333945,0.1137652903456406,-0.6030001817196621,-0.2677891995825861,-0.1592375102551246,-0.2469198076584076,PFE,Pfizer,,,
2021-05-24,-0.1701806925766818,0.0690523034505184,0.0584306635428302,0.1142499605070678,0.0994970425751021,-0.8590112323809155,-0.2210624110851224,-0.1628109838929662,-0.2411635803159956,PFE,Pfizer,,,
2021-05-25,-0.2268037552479815,0.0165251469422341,0.0282392910672283,0.0540233756326854,0.0709597096463985,-0.3137031472068923,-0.7665029517432432,-0.1797828761511787,-0.2412196256349384,PFE,Pfizer,,,
2021-05-26,-0.2751694722230584,-0.0283422427812032,-0.0321438652105758,0.0027186489837246,0.012788065998076,-0.1851549815202162,-0.6623904037903011,-0.2047194099446622,-0.2457882629277943,PFE,Pfizer,,,
2021-05-27,-0.3070193921456381,-0.0578884291400183,-0.0450829660820336,-0.0173570211271338,-0.0223344832266258,0.4475030434259012,-0.4399936902030702,-0.2314608009585264,-0.2529165687570353,PFE,Pfizer,,,
2021-05-28,-0.2975817543420663,-0.0491341117796702,-0.0623352376861776,-0.0084343119853348,-0.0464813928287883,-0.9055873576900866,0.1343951670925242,-0.2491347634343452,-0.2585153072074477,PFE,Pfizer,,,
2021-06-01,-0.3247124407403393,-0.0743033481826774,-0.0644918230525207,-0.0307406593816413,-0.025627510068439,-0.4515701757678453,-0.3762934298873067,-0.2692380809160237,-0.2661392601178186,PFE,Pfizer,,,
2021-06-02,-0.2905044243381807,-0.0425680606728602,-0.0720396661714212,-0.0240486275252926,-0.0585548476298696,-0.6949034500659801,0.4827165680203203,-0.2756813895592684,-0.2698748649470125,PFE,Pfizer,,,
2021-06-03,-0.2692693937613757,-0.0228703248011621,-0.0601786523198346,-0.0140107924698641,-0.0453839963440597,-0.8314851182304811,0.2983305270692787,-0.275154102066692,-0.2712873730170039,PFE,Pfizer,,,
2021-06-04,-0.2480371273347054,-0.0031725889294639,-0.0105784228737457,0.0294863509509294,-0.013554055267357,-0.7102853336782383,0.2969251509705033,-0.2693995651498956,-0.270588233132693,PFE,Pfizer,,,
2021-06-07,-0.2669112972817964,-0.020681641098892,0.0002040926313683,0.0239098704664,-0.0102610284255445,-0.4231770496518796,-0.2582238108558675,-0.2698475449603991,-0.2717156272958507,PFE,Pfizer,,,
2021-06-08,-0.2834259886742409,-0.036002427014783,-0.0526308092009341,-0.0307406593816413,-0.0113588436040864,-0.7402972863312449,-0.2265796120730144,-0.2743518746782918,-0.2742831156079058,PFE,Pfizer,,,
2021-06-09,-0.1701806925766818,0.0690523034505184,0.0260827057008853,0.0250249963800302,-0.0190418750786266,-0.0767784858288034,1.5781738379088002,-0.249146757210342,-0.2660393148155392,PFE,Pfizer,,,
2021-06-10,-0.0675549848801256,0.1642577485312379,0.1209704051869775,0.126518472847945,0.0797405562994806,0.6986636774967697,1.3959685819559748,-0.2043399620987486,-0.248959011185703,PFE,Pfizer,,,
2021-06-11,-0.1300734269578803,0.1062590914916446,0.1155787361078196,0.1332105047042937,0.1631565060346943,-0.5883216085130097,-0.8284017602137472,-0.1865146596769265,-0.239271110241392,PFE,Pfizer,,,
2021-06-14,-0.191414893908446,0.0493545675788203,0.0508828204239297,0.0696376911726432,0.0940088040700199,-0.4657637073154591,-0.8235213384795061,-0.1886284056310344,-0.2361936378908564,PFE,Pfizer,,,
2021-06-15,-0.196133298187712,0.0449772001742802,0.0260827057008853,0.0707528170862734,0.0588862548453172,-0.6598652532211872,-0.0619700388315154,-0.1914046508372577,-0.2338366668135271,PFE,Pfizer,,,
2021-06-16,-0.2303421438349114,0.013241912664463,0.0260827057008853,0.0584843047453962,0.0490080117075065,-0.722277988697965,-0.4647171827696373,-0.2021212235132329,-0.2348893047442262,PFE,Pfizer,,,
2021-06-17,-0.2091087717481869,0.0329396485361611,-0.0008739943885021,0.0350628314354587,0.0105928543348055,-0.6978682672068529,0.2944672118840337,-0.2047993026517929,-0.233862906911659,PFE,Pfizer,,,
2021-06-18,-0.2881438401234801,-0.0403793769705902,-0.0170481789727756,-0.0062036346998852,0.0138854624828046,0.4053468602347183,-1.0798110566666683,-0.2267564891519515,-0.2403122310437121,PFE,Pfizer,,,
2021-06-21,-0.2161872074121262,0.0263735974293511,-0.0127350082400887,0.0138720354109716,-0.0322127263644365,-0.7034462462857956,1.0046839769238067,-0.2250623647950888,-0.2394540139576015,PFE,Pfizer,,,
2021-06-22,-0.193776030953173,0.0471658838765502,0.0099085211166118,0.0562536274599458,0.0259589172838859,-0.916391660645169,0.3097300143278048,-0.2181351407143283,-0.2365804602595605,PFE,Pfizer,,,
2021-06-23,-0.2598339672779108,-0.014116007440814,0.0066738487303982,0.0250249963800302,0.0501058268860484,-0.5496092211010002,-0.8991508078526983,-0.229612892790524,-0.2401383993682202,PFE,Pfizer,,,
2021-06-24,-0.243318446640426,0.0012043610263432,-0.0267526074580191,0.036178382807278,-0.0036758121295462,-1.0703560092654618,0.2310256279675161,-0.2340526526843621,-0.2418302274825083,PFE,Pfizer,,,
2021-06-25,-0.2680913129741331,-0.0217761916743931,-0.0202828513589892,0.0149871613246018,-0.0058710237928168,-0.5042032587942595,-0.3393246216494292,-0.2436351991980578,-0.2456822072891274,PFE,Pfizer,,,
2021-06-28,-0.2515768979967019,-0.006455823207235,-0.0418482936958193,0.0161027126964211,-0.017944478593898,-0.719355612702258,0.2314208698444541,-0.2466538339910776,-0.2476414484050044,PFE,Pfizer,,,
2021-06-29,-0.2539344416462544,-0.0086445069095058,-0.0343004505769181,0.0250249963800302,-0.0047732086142748,-1.0048693222745275,-0.0301850724054181,-0.2495128593495771,-0.2496427873076693,PFE,Pfizer,,,
2021-06-30,-0.2468576644723967,-0.002078455802695,-0.0353785375967901,0.0071800035546229,-0.0036758121295462,-0.5967370812973276,0.1002351592454342,-0.249870934060781,-0.250801167177939,PFE,Pfizer,,,
2021-07-01,-0.1996719631896548,0.0416943833452412,0.0034391763441839,0.0395241860063578,-0.0003832039815471,-0.6702330186831349,0.6537730645389022,-0.2382297140811675,-0.2474467742778114,PFE,Pfizer,,,
2021-07-02,-0.1796197124553213,0.0602975686414383,0.025004618681014,0.0696376911726432,0.0314467370951556,-0.8789949487333013,0.2764075706925201,-0.2244375663859009,-0.2425243095504737,PFE,Pfizer,,,
2021-07-06,-0.2315221595272475,0.012147779537694,0.0055957617105269,0.0317170282363789,0.0336419487584261,-0.7371687676304466,-0.7038202224488425,-0.2271937487615234,-0.2428973832712578,PFE,Pfizer,,,
2021-07-07,-0.2244437238633082,0.0187134131957712,-0.0256741091115466,0.0239098704664,0.0051050345235358,-0.8139690513184537,0.0997848424613385,-0.2274742726289821,-0.2425753671528334,PFE,Pfizer,,,
2021-07-08,-0.236240563806514,0.007770412133154,-0.0299872798442327,0.0194485158955009,-0.0190418750786266,-0.4892336605921841,-0.1596711766377661,-0.2306622141844765,-0.2433845303329233,PFE,Pfizer,,,
2021-07-09,-0.193776030953173,0.0471658838765502,0.0541174928101433,0.0785599748562523,0.0391297685696965,-0.576692734737562,0.587254977766648,-0.222335027756369,-0.240153656964399,PFE,Pfizer,,,
2021-07-12,-0.1760793889632979,0.0635803854704773,0.0702916773944168,0.0941742903962093,0.0533984350340476,-0.3987855172229815,0.2439129858923896,-0.2116229661141154,-0.2355635126025405,PFE,Pfizer,,,
2021-07-13,-0.1890554153537996,0.0515432512810903,0.0217695349681992,0.086367132626232,0.0654718898351288,-1.1439913961282429,-0.1740325500232345,-0.20686409782084,-0.2326027032340063,PFE,Pfizer,,,
2021-07-14,-0.153667106844291,0.0843726719176764,0.0465696496912444,0.1008663222525587,0.0599840700238592,-0.9216846777494264,0.4848774484064353,-0.1943628587782959,-0.2266055495880722,PFE,Pfizer,,,
2021-07-15,-0.1371524154518465,0.0996930403848345,0.0638219212953869,0.1231726696488652,0.0852283761107503,-0.6572035871172135,0.2258637030297784,-0.1808185846363735,-0.2196110072007679,PFE,Pfizer,,,
2021-07-16,-0.1064825112216039,0.1281450936168799,0.0810741928995308,0.1309798274188441,0.1060822588711004,-0.4134944055333238,0.4159573894202143,-0.1629192269479884,-0.2103875545972905,PFE,Pfizer,,,
2021-07-19,-0.1300734269578803,0.1062590914916446,0.0810741928995308,0.1030969995380083,0.0983992273965602,-0.0771180149901304,-0.3136656353683892,-0.1554491083138561,-0.2042061497064716,PFE,Pfizer,,,
2021-07-20,-0.0239085014293545,0.2047473534014031,0.2277187071980558,0.1610933325851294,0.1181557136721817,1.073988913260754,1.431820209407468,-0.1230502558704965,-0.1886701644184734,PFE,Pfizer,,,
2021-07-21,-0.0274477192613231,0.2014645365723641,0.1770403907320956,0.1967833182359441,0.2268163881880998,-0.2158520555166147,-0.0442148626520142,-0.0996444229951063,-0.1748771284525894,PFE,Pfizer,,,
2021-07-22,0.0256361255780058,0.2507088762516094,0.2104664355939118,0.2391653357431075,0.2136451182084766,-0.7382964894877111,0.7019666521563649,-0.0686915677658614,-0.1573796126038541,PFE,Pfizer,,,
2021-07-23,0.0504078862516591,0.2736894289523465,0.2406582193961141,0.2971612433320396,0.250962879096449,-0.5748435134124777,0.325309041407234,-0.0392244788216701,-0.1391589290420896,PFE,Pfizer,,,
2021-07-26,0.0657428383667804,0.2879156642927356,0.2525188219210995,0.2938154401329598,0.2685241537087999,-0.4468652716751719,0.2012869909351385,-0.0132535860725545,-0.1211622824057042,PFE,Pfizer,,,
2021-07-27,0.0999514075989658,0.31965053435382,0.2805540203569595,0.315006661615636,0.2904758516476919,0.0881417412650213,0.4446976510739944,0.0148589024928259,-0.1016063814633982,PFE,Pfizer,,,
2021-07-28,0.2592007307968485,0.4673835533915567,0.4466073916259707,0.3897324361163451,0.3486474952960136,1.378249482954861,2.047246414930876,0.0761381524928521,-0.0689533195198497,PFE,Pfizer,,,
2021-07-29,0.2270630628452876,0.3951586610115742,0.3991633362196244,0.4309989022516892,0.4452347150108512,-0.1258283235990708,-0.3974514146269798,0.1139859710812381,-0.0422705945758485,PFE,Pfizer,,,
2021-07-30,0.2294435489409548,0.3973473447138442,0.3873023223680371,0.4388060600216673,0.4068195576381502,-0.3836097763158148,0.0321971401031737,0.1429726750107185,-0.0177912183034328,PFE,Pfizer,,,
2021-08-02,0.3663286862321676,0.52319352672888,0.4897378649730305,0.5012637476396884,0.4529177464853914,0.7261412874813001,1.7154110775599347,0.1992628162406768,0.0172487631940852,PFE,Pfizer,,,
2021-08-03,0.5710620998901114,0.711416150636781,0.6752000932125287,0.5927193890521747,0.5484071510216864,0.8823489537746461,2.4974583785546147,0.2931555913936649,0.0682267854883835,PFE,Pfizer,,,
2021-08-04,0.5127368735661029,0.6577944435529949,0.6687303371134996,0.6975586687191692,0.6779217082979537,0.745803663734573,-0.6816462945968594,0.3488537558345579,0.1091224691877971,PFE,Pfizer,,,
2021-08-05,0.4972626082842124,0.6435686256613387,0.5975646653305806,0.6629842344401738,0.6395065509252535,-0.4598765141788794,-0.181057176887735,0.3867216401709284,0.1448549618094881,PFE,Pfizer,,,
2021-08-06,0.498452851332046,0.6446627587881076,0.6158954352811963,0.655177076670195,0.6493847940630643,-0.647369367480208,0.016544432023732,0.4154229734173016,0.1774502228090513,PFE,Pfizer,,,
2021-08-09,0.6067710498151988,0.7442455712733672,0.6935304518365448,0.708712055146417,0.6515800057263348,0.0778467320519294,1.2899450132266648,0.4642887277055837,0.2171999349024647,PFE,Pfizer,,,
2021-08-10,0.8698280313070682,0.9860894848163207,0.9674106234631054,0.7957063419880042,0.7712163198647922,3.0375163683181583,3.0674018252879445,0.5673342109695764,0.2779073484832666,PFE,Pfizer,,,
2021-08-11,0.646050728883788,0.7803582261877244,0.914575721630802,0.8369728081233482,0.944633854325032,1.1997420263872205,-2.4853756881302487,0.5881364342815247,0.3121935838553971,PFE,Pfizer,,,
2021-08-12,0.7567510719526875,0.882129722375254,0.8412534644815399,0.8458955172651463,0.8041436574262235,-0.0857275044380636,1.283027271151425,0.6316791147137651,0.3537030538887247,PFE,Pfizer,,,
2021-08-13,0.9043483966744048,1.0178247723261389,0.9598627803442048,0.95519615150304,0.9040234852890596,0.2600344422075245,1.6762539734569932,0.701590018267653,0.4052255299874841,PFE,Pfizer,,,
2021-08-16,0.9555310590513558,1.064880428303114,1.0105415081367657,0.9763869475275272,0.9940250700140848,0.4217109532065294,0.5679953405918667,0.7669418138212873,0.4568449534901621,PFE,Pfizer,,,
2021-08-17,1.1352677102147124,1.230122082061546,1.1744382940394338,1.1102246064471768,1.0543919253256786,2.28737519053218,1.971139828327644,0.8613215912344417,0.5205603281163543,PFE,Pfizer,,,
2021-08-18,1.003143545114834,1.1086532674510503,1.3221608953578292,1.1615289076379494,1.213541212015378,3.4867013227122285,-1.401487695059217,0.8987579909878399,0.5661421000823996,PFE,Pfizer,,,
2021-08-19,0.9424383855251862,1.0528428766649949,1.117289810147844,1.0600354311700346,1.023659799427517,1.6158713917178178,-0.6571472928967391,0.9115131734263784,0.6019097997072574,PFE,Pfizer,,,
2021-08-20,0.9329153354824636,1.044088559304647,1.0924896954247991,1.1046481259626475,1.0763436232645698,0.2465927252314203,-0.1021527438178992,0.91867592123146,0.6335363726149347,PFE,Pfizer,,,
2021-08-23,1.076942483890705,1.1765007924264927,1.268247495179054,1.2094874056296412,1.2201268470051898,3.4899996059936904,1.5861478973474843,0.960400754868222,0.6757409180252921,PFE,Pfizer,,,
2021-08-24,0.892444860536014,1.0068817712635207,1.1269942386330871,1.057805179342774,1.1597599916935968,1.305596305451633,-1.9772187505696568,0.9451267693714832,0.6968753534006643,PFE,Pfizer,,,
2021-08-25,0.7888876342441956,0.9116759087340692,0.9361407526410324,0.9116990080822464,0.9731711872537346,1.2093579772776586,-1.1443479645277448,0.9075332058718102,0.7064155270220205,PFE,Pfizer,,,
2021-08-26,0.773413921792332,0.8974500908424121,0.9232016517695738,0.9529654742175904,0.9358534263657624,-0.1249613116335395,-0.1720927477952843,0.8754324337882871,0.7136430621199271,PFE,Pfizer,,,
2021-08-27,0.6805710942511235,0.8120930962488088,0.8520359799866548,0.8670863132896343,0.8996330619625185,0.1112054721523015,-1.047401010005269,0.8279231184374979,0.7115413968599781,PFE,Pfizer,,,
2021-08-30,0.6996149830164611,0.8296021484182377,0.8153748514120237,0.8258198471542895,0.7712163198647922,-0.3223065736340875,0.2213308314818265,0.7970978518299335,0.7114096208466162,PFE,Pfizer,,,
2021-08-31,0.617483790075728,0.7540944392092163,0.8132182660456807,0.8001676965589033,0.8282905670283861,0.2096264877919493,-0.9385956781287184,0.7532488059974446,0.7036182123023839,PFE,Pfizer,,,
2021-09-01,0.6139130609322272,0.7508116223801773,0.7183305665595885,0.7432864894254123,0.7701185046862495,0.1097260950922341,-0.0391299126695353,0.7194607616407916,0.6962015832317332,PFE,Pfizer,,,
2021-09-02,0.7091374802291567,0.8383568832273177,0.7841049805899502,0.8224740439552097,0.801948445762953,-0.3021834078047281,1.1104546141021487,0.7181545837206961,0.6983538017523185,PFE,Pfizer,,,
2021-09-03,0.7091374802291567,0.8383568832273177,0.8013572521940948,0.8458955172651463,0.8480470533040075,-0.6228626376572883,0.0023931652861639,0.717174950280624,0.700310364043761,PFE,Pfizer,,,
2021-09-07,0.6984247399686274,0.8285080152914687,0.8520359799866548,0.8682018646614529,0.8579252964418183,-0.2942651027209247,-0.1201346054259223,0.7137363057181829,0.7010884142156634,PFE,Pfizer,,,
2021-09-08,0.6698572483305405,0.8022442283129605,0.7754790504511784,0.8358576822097179,0.8052410539109521,-0.9246555579110372,-0.3249786861982049,0.7039468238314742,0.6991273344868891,PFE,Pfizer,,,
2021-09-09,0.6127228178843936,0.749717071804677,0.7679312073322779,0.7912449874171043,0.8008510492782244,-0.5696232525570759,-0.6557227781519009,0.6821838550222188,0.6920077902378028,PFE,Pfizer,,,
2021-09-10,0.5603493596295811,0.7015672827009319,0.7280349950448313,0.7533243244808407,0.7788993513393324,-0.6238145319131513,-0.6071733453378636,0.6526424509974347,0.6806434399805371,PFE,Pfizer,,,
2021-09-13,0.4401281778380655,0.5910414691530543,0.6719654208263144,0.6072185786785023,0.7207277076910099,0.3635302062048625,-1.4103467511884271,0.6001423041488604,0.6590827362163257,PFE,Pfizer,,,
2021-09-14,0.4556018902899301,0.6052672870447114,0.6105037662020384,0.6462543675283967,0.6032861865220097,-0.4238136668293676,0.1883470609869929,0.5646727934712007,0.6409274464430962,PFE,Pfizer,,,
2021-09-15,0.4627427957469038,0.6118333381515215,0.622364780053625,0.6373320838447876,0.5912131504147418,-0.1464668461911586,0.0879588165292346,0.5398730408920005,0.6250896467084103,PFE,Pfizer,,,
2021-09-16,0.4270338458218153,0.5790039175149353,0.5813908920729084,0.5882580344812763,0.6263356996394437,-0.5254298943979314,-0.4249147212574951,0.5122602080281489,0.6073561880945822,PFE,Pfizer,,,
2021-09-17,0.3579969848973335,0.5155333424953009,0.5242424081813185,0.5079557794960371,0.5484071510216864,1.5327413143793585,-0.8293032074540915,0.4741255260450829,0.584786349606102,PFE,Pfizer,,,
2021-09-20,0.3948967307002824,0.5494573137073882,0.5447297634982773,0.5168780631796461,0.4627959896232022,0.6537548828905434,0.4528037760980485,0.4548380925168571,0.5677150019077086,PFE,Pfizer,,,
2021-09-21,0.3615671612108064,0.5188161593243399,0.5533556936370491,0.5681823643704179,0.5571879976747685,-0.4513761591042299,-0.4015853208431204,0.4319600598583704,0.5490823863740264,PFE,Pfizer,,,
2021-09-22,0.3651378903543072,0.522099393602111,0.5166945650624181,0.5659521125431582,0.5286510834398782,-0.5137585794773177,0.0459489114731979,0.4157027953467918,0.5324771753738463,PFE,Pfizer,,,
2021-09-23,0.3937048291623672,0.5483627631318863,0.5522776066171777,0.6016420981939729,0.5604806058227684,-0.6894346053603212,0.3506147782317646,0.4107202058924559,0.5200498754388304,PFE,Pfizer,,,
2021-09-24,0.3639482001365005,0.5210048430266091,0.5188511504287611,0.5637214352577087,0.537431511399147,-0.905793500395178,-0.3583604262150787,0.3994726244137899,0.5059728584546382,PFE,Pfizer,,,
2021-09-27,0.3199069960465499,0.4805152381564447,0.4886597779531592,0.5302617014341544,0.5209676332715246,-0.6750834352735198,-0.5345767793475024,0.3799208403811435,0.489061822207902,PFE,Pfizer,,,
2021-09-28,0.256821350361235,0.4225165811168514,0.3970067508532821,0.4098081062272021,0.4276734403985003,-0.15631319186964,-0.7733068924652353,0.3493340449919577,0.4677955244069078,PFE,Pfizer,,,
2021-09-29,0.3151454710251887,0.4761378707519054,0.4412157225468121,0.4823036289006508,0.4441373185261226,-0.7914146141731638,0.7283766012859981,0.341115086302859,0.4539103960615956,PFE,Pfizer,,,
2021-09-30,0.2532495155576805,0.4192333468390803,0.4800334364877869,0.4700351165597728,0.5066993855009863,-0.6055163353259243,-0.7593778780958882,0.3193281903799002,0.4355060487854706,PFE,Pfizer,,,
2021-10-01,0.243726465514958,0.4104790294787323,0.3775978938827936,0.3283902998701443,0.3673065850869073,0.4482184798729829,-0.1162267135514741,0.3005843794138595,0.4178853063286189,PFE,Pfizer,,,
2021-10-04,0.1830207530952844,0.3546686386926769,0.4045545939721811,0.3852710815454461,0.4123073774494199,-0.1324067010997804,-0.7551712627293743,0.271204264277289,0.3961961230218453,PFE,Pfizer,,,
2021-10-05,0.1711177697869206,0.3437256376300589,0.3441718490209781,0.3930782393154258,0.3684039815716367,-0.7122679414595581,-0.1479335142883061,0.246164838448378,0.375366864033712,PFE,Pfizer,,,
2021-10-06,0.135409372691859,0.3108962169934727,0.2805540203569595,0.3272747484983241,0.316817972913125,-0.0367746749996039,-0.4496455096014847,0.2183723901827743,0.3530957668275605,PFE,Pfizer,,,
2021-10-07,0.2211118476061196,0.3896871604802652,0.3625022076449934,0.3852710815454461,0.3673065850869073,-0.6858513601041742,1.0950609527048545,0.2191595493782025,0.3408545090225779,PFE,Pfizer,,,
2021-10-08,0.1865925878988379,0.357951872970448,0.3571109498924359,0.3997702711717736,0.3903556795105279,-1.1102446227006395,-0.43029772620675,0.2110371808038913,0.3265017591411479,PFE,Pfizer,,,
2021-10-11,0.1401714505432471,0.3152735843980128,0.3258410790703623,0.3629647341491396,0.3596235536123671,-1.158409259443162,-0.583460172102799,0.1932286059968496,0.309117754666231,PFE,Pfizer,,,
2021-10-12,0.1151735823886083,0.2922926142485428,0.2816321073768308,0.3239289452992451,0.3277936125356643,-0.9014523775467834,-0.3160151902119389,0.1735626573379201,0.2909791432855248,PFE,Pfizer,,,
2021-10-13,0.0639898143516014,0.2452369582715683,0.2492841495348859,0.2436262648558167,0.2827928201731517,-0.1748963504315522,-0.6528276190157842,0.1458942988844458,0.2697085844321806,PFE,Pfizer,,,
2021-10-14,0.0937481018675488,0.2725948783768455,0.2546754072874433,0.3083146297592873,0.2619389374128016,-0.8185102538512016,0.3872939189567901,0.1326540880388413,0.2531513392503019,PFE,Pfizer,,,
2021-10-15,0.072323727006544,0.2528975599538794,0.2622232504063445,0.2927003142193295,0.299256698300774,-0.4571542178675259,-0.2730522361073133,0.1173163700109206,0.2360981158114068,PFE,Pfizer,,,
2021-10-18,0.0520879367032923,0.2342939572089503,0.2266406201781845,0.2547796512830653,0.2498654826117204,-0.5673374937388571,-0.2588996698990514,0.1007055229837715,0.2187050249317218,PFE,Pfizer,,,
2021-10-19,0.1437405211966673,0.3185564012270518,0.2805540203569595,0.3105453070447369,0.2663289420455286,-0.8446115581282103,1.1907181218153209,0.1113807040074589,0.2114540990465725,PFE,Pfizer,,,
2021-10-20,0.2282527530630944,0.3962527941383432,0.3786763922292661,0.3730025692045673,0.3234031892091233,-0.5033544358909422,1.078094126987556,0.1407181651757593,0.2127563656444755,PFE,Pfizer,,,
2021-10-21,0.235394211350096,0.4028188452451532,0.376519806862923,0.4098081062272021,0.4265760439137717,-0.5425215498583003,0.0917842099366256,0.1645237810165568,0.2146073051579947,PFE,Pfizer,,,
2021-10-22,0.271104819765265,0.4356482658817394,0.3873023223680371,0.4321144536235085,0.4002339226483386,-0.8432049373169986,0.4487641880162042,0.1913914299331915,0.2196255912122916,PFE,Pfizer,,,
2021-10-25,0.2699145767174314,0.4345541327549705,0.3926939914471957,0.4254224217671599,0.4419421068628521,-0.4998439468836511,-0.0123810700099233,0.2112417466265724,0.224076492645445,PFE,Pfizer,,,
2021-10-26,0.3187162001686895,0.4794211050296757,0.4487635656657133,0.4644582106170544,0.4562107733272039,-0.0825322925091475,0.608297776952337,0.2384471225111067,0.2326811703088885,PFE,Pfizer,,,
2021-10-27,0.2484879905363192,0.4148563968832723,0.4271985346554837,0.4376909341080379,0.4704790210977423,-0.5318991375253573,-0.8613300601814112,0.2411253980241749,0.2339438119982766,PFE,Pfizer,,,
2021-10-28,0.2734842002008785,0.4378369495840095,0.4390591371804698,0.4666888879025031,0.4145025891126904,-0.7922513110350052,0.3140378199360708,0.2494432036060375,0.2374264841142459,PFE,Pfizer,,,
2021-10-29,0.3401427863498016,0.4991188409013739,0.4563118201112143,0.4577666042188948,0.4298686520617708,-0.0474637805606647,0.8294290583478107,0.2725063332815393,0.2468189151064174,PFE,Pfizer,,,
2021-11-01,0.3282398030414388,0.4881754223900237,0.5059120495573032,0.5224545436641748,0.5451145428736872,0.0964723317590074,-0.1433968664734599,0.286799341061682,0.2542456691173241,PFE,Pfizer,,,
2021-11-02,0.5436842984698301,0.6862469142337739,0.6946089501830158,0.4789574002433819,0.6482873975783356,2.313506809912879,2.6472455446308367,0.3518977670031089,0.2811212452389424,PFE,Pfizer,,,
2021-11-03,0.4686945638160987,0.6173048386828305,0.6892176924304584,0.6384472097584178,0.6965807980888474,0.8186751099843682,-0.8815387304475403,0.3817940105469362,0.2985490357873926,PFE,Pfizer,,,
2021-11-04,0.3990506955221214,0.51115597509076,0.5253209065277903,0.5079557794960371,0.5615784210013095,0.4293928004815515,-0.8300640809462516,0.3866379258587053,0.3078872706467689,PFE,Pfizer,,,
2021-11-05,0.9706117093541208,1.032051007666528,0.9932892365326216,0.869316990575083,0.9786590070650044,8.662162517881042,6.924660508881584,0.5345341342121748,0.3697642621504284,PFE,Pfizer,,,
2021-11-08,0.9369902456104624,1.0014102707322117,0.9911326511662784,0.9864247825829549,1.0357332542285982,1.5965727967088237,-0.3649282710885969,0.6369701582056092,0.422875599164027,PFE,Pfizer,,,
2021-11-09,0.8133127704910066,0.888695356033332,0.946923679472747,0.9362360327640024,1.0050011283304374,-0.0709337338373896,-1.356637058616213,0.6825807062429334,0.4596063152447639,PFE,Pfizer,,,
2021-11-10,1.0198423289062235,1.0769179799412332,1.0364197098796812,0.9641188606448382,0.9029260888043308,0.7036656696056041,2.3212628603981136,0.7689171374354058,0.5122891411180557,PFE,Pfizer,,,
2021-11-11,1.159129512664151,1.20385871253177,1.175516381059305,1.1124552837326265,1.1037831410147314,0.6839123480412616,1.5114067755178149,0.8688258559864331,0.5731929897341189,PFE,Pfizer,,,
2021-11-12,1.105096458668699,1.1546143728525244,1.1744382940394338,1.2061416024305622,1.2343950947757285,-0.20067025158871,-0.5694595685646368,0.9301193318235824,0.6235130700034865,PFE,Pfizer,,,
2021-11-15,1.0954915897820012,1.1458600554921765,1.132385496385644,1.1838352550342557,1.1586621765150549,-0.2017252171971187,-0.1001787004386201,0.9736651484193206,0.6683614374240672,PFE,Pfizer,,,
2021-11-16,1.0894861972002008,1.1403881375121347,1.138855252484674,1.1303002765580337,1.1301252622801643,0.0125419356831345,-0.0618426643977928,1.0048087364137963,0.7085717360111825,PFE,Pfizer,,,
2021-11-17,1.241981595959912,1.2793664217407912,1.2391342097233236,1.2195252406850696,1.1817112709386746,0.3516224334754675,1.6351833028587166,1.0666566054269533,0.7593706605961378,PFE,Pfizer,,,
2021-11-18,1.3068224769805143,1.3384596293558857,1.3059867107735563,1.3221342685248043,1.3090306165516723,0.1080587643892893,0.6793212283566717,1.1294084898563312,0.8116080805350776,PFE,Pfizer,,,
2021-11-19,1.233576921061531,1.271706237507212,1.4278311103490362,1.3299414262947833,1.4034226246032393,1.0231868624972098,-0.7542463539999693,1.157985061860349,0.852255010895309,PFE,Pfizer,,,
2021-11-22,1.2816056881352362,1.3154790766551483,1.2801085090306408,1.296482117929418,1.292567157117864,-0.230542754764743,0.5044964138949913,1.1915400585582154,0.8936929793580578,PFE,Pfizer,,,
2021-11-23,1.2671978319751622,1.3023473918902604,1.2779519236642976,1.28755940878762,1.2519567880818925,-0.3725205113860472,-0.1470530127225227,1.2130697311229004,0.9300180679951152,PFE,Pfizer,,,
2021-11-24,1.2443841952566537,1.2815551054430612,1.2650128227928397,1.3332872294938631,1.317811463204755,-0.7599111584186139,-0.2347982446758717,1.223458772868135,0.9609099269737292,PFE,Pfizer,,,
2021-11-26,1.6178181142517094,1.621887698344506,1.6542672265692504,1.6165768628731203,1.6317196132576148,2.15061163174554,3.899448599132445,1.3255061063886129,1.0238747036833746,PFE,Pfizer,,,
2021-11-29,1.4256980704866482,1.4467971766502252,1.7362158251838853,1.4894312358098192,1.7535511390593428,2.520425581658699,-1.8870519132912844,1.353550079929795,1.063170090681037,PFE,Pfizer,,,
2021-11-30,1.5853979501564222,1.592341094536959,1.6025104117568192,1.4671248884135129,1.4418382006697537,2.031600597679708,1.6209523887521435,1.4148916651178678,1.113810224987298,PFE,Pfizer,,,
2021-12-01,1.69947055638918,1.6963012744267587,1.6790673412922956,1.4615484079289836,1.459399475282105,1.741303164745171,1.1299017635014348,1.4896900336845504,1.170501868191227,PFE,Pfizer,,,
2021-12-02,1.502546972520715,1.5168333853279377,1.6693633241336523,1.5630418843968985,1.6075727036554524,0.9259056947563026,-1.910208422226337,1.4960848592982652,1.2036457232226458,PFE,Pfizer,,,
2021-12-03,1.6502388311770235,1.6514343021520534,1.5971191540042615,1.5998469959613424,1.595499248854371,0.3931541255306383,1.4811892728154683,1.5381587323137305,1.2475719248868304,PFE,Pfizer,,,
2021-12-06,1.3152271518788945,1.3461198135894643,1.5410491684591436,1.393514239826434,1.603182280328912,1.3722834705486875,-3.275957920829676,1.4851564436699196,1.2562124655218967,PFE,Pfizer,,,
2021-12-07,1.34404673400923,1.3723836005679728,1.391169981774405,1.2987127952148678,1.3254944946792957,0.6357113331743115,0.299699751104328,1.452678853853196,1.2667594474967108,PFE,Pfizer,,,
2021-12-08,1.305622835822223,1.3373654962291166,1.4537097234185523,1.3689772151446786,1.4901316011802654,0.3843263673361377,-0.3921533338797669,1.418622384077923,1.2727585594355753,PFE,Pfizer,,,
2021-12-09,1.3872730666395865,1.411779072311369,1.4289091973689068,1.4225121936209,1.3540314089141856,0.4386813482521386,0.8460184047080525,1.4136887317129905,1.2858389845959,PFE,Pfizer,,,
2021-12-10,1.4713270024137448,1.4883809146471605,1.4289091973689068,1.377899924286476,1.3200066748680257,-0.303814360383245,0.8595147410685171,1.4312038928862238,1.3055814896259197,PFE,Pfizer,,,
2021-12-13,1.7619093909430663,1.753205798339583,1.7394504975700995,1.637767658897607,1.565864519440938,1.4449912152385571,2.926243798976772,1.5176839053065028,1.3506715934248414,PFE,Pfizer,,,
2021-12-14,1.8027358884268143,1.7904125863807092,1.7631725252732728,1.7359153321664422,1.7118429548448293,1.066810296706984,0.3951813034586892,1.5928486134437965,1.3954760694906625,PFE,Pfizer,,,
2021-12-15,2.1941821153570844,2.147159680876081,2.0834178426331085,1.911019457221436,1.8589187867334485,2.6745536318389176,3.7454076074443607,1.7480240433665917,1.472771152016864,PFE,Pfizer,,,
2021-12-16,2.4883667443414383,2.415267381397544,2.354063341873456,2.1184677647281647,2.105874446484904,2.673383468836488,2.659432206057906,1.9386584708564871,1.5705182545772645,PFE,Pfizer,,,
2021-12-17,2.275832346174448,2.221573256958333,2.3281847288039383,2.2244225957669785,2.278194584460414,4.432174839613745,-1.840407913120624,2.0279901363926323,1.6395270982205852,PFE,Pfizer,,,
2021-12-20,2.4607490146895,2.3900981449945364,2.384254714349057,2.3504530969166493,2.351732291057816,1.4928284488612285,1.653444046232498,2.141662264200088,1.719534885471894,PFE,Pfizer,,,
2021-12-21,2.212192764802217,2.16357459991874,2.2041841551887167,2.0526642739110645,2.2869750124196826,1.987916533262554,-2.1608623814853347,2.164180209435499,1.7690523928228237,PFE,Pfizer,,,
2021-12-22,2.2842386795629093,2.2292334411919126,2.263488813120049,2.1708876172907563,2.203559062684469,1.910127977194256,0.6514472351099407,2.199253217581985,1.82079788717154,PFE,Pfizer,,,
2021-12-23,2.183374841161962,2.1373108129402323,2.2084973259214027,2.1809254523461847,2.2661211296593327,0.491884355227923,-0.8971230959321893,2.200099716412374,1.8584178769756392,PFE,Pfizer,,,
2021-12-27,2.24221254092087,2.1909325200240173,2.133018483405797,2.1720027432043865,2.159655666806684,-0.2260136782734711,0.5346226360731812,2.215585356894467,1.898113709143637,PFE,Pfizer,,,
2021-12-28,2.0993220110478568,2.0607085531557097,2.140566326524698,2.0437419902274554,2.181607364745577,0.3523439329432872,-1.2794562612457727,2.191133699520861,1.920853881705812,PFE,Pfizer,,,
2021-12-29,2.047689345029039,2.0136533146274664,1.9874520561271456,2.042626438855636,1.9906285556729872,-0.2983091375531582,-0.4702974633353196,2.159762756681773,1.9367039235842245,PFE,Pfizer,,,
2021-12-30,2.1461522426233257,2.103387259176877,2.064009396989221,2.0939307400464093,2.038921956183499,-0.3959965276835102,0.9105404085422544,2.161086804029163,1.9603101570541204,PFE,Pfizer,,,
2022-01-03,1.9360187852629973,1.9118818184399369,2.043522041672263,1.9612086324985785,2.121240509433984,1.5841981713826043,,1.952906336957296,1.980465652482984,PFE,Pfizer,,,
2022-01-04,1.6814588012839935,1.6798863553841004,1.814929340085705,1.693533314659278,1.8709922415345297,2.1767917552921423,-2.384019547752328,1.8886548304913744,1.95668801817902,PFE,Pfizer,,,
2022-01-05,1.8135426097919112,1.8002614543165585,1.8160074271055755,1.853023124174315,1.829284057320016,1.3257437233639444,1.2887735211709972,1.8738044478547788,1.9474095132893068,PFE,Pfizer,,,
2022-01-06,1.718681399822631,1.7138103265961868,1.7286679820649848,1.754875876363669,1.7546485355440715,0.3583281344116746,-0.903203620173535,1.83872348037254,1.930113826481457,PFE,Pfizer,,,
2022-01-07,1.8243476726669263,1.8101103222524075,1.743763668302786,1.7704901919036269,1.7766002334829634,-0.2053509035984314,1.0256727561356105,1.839083157181396,1.9242604235812035,PFE,Pfizer,,,
2022-01-10,1.8867876128808665,1.867014846165232,1.796598570135089,1.7827587042445048,1.8150153908556643,0.1791234304591662,0.5975161944698935,1.855112894654782,1.924771463419284,PFE,Pfizer,,,
2022-01-11,1.940822325366399,1.916258768395744,1.922756140443255,1.902097173537827,1.9291638851828523,0.1507424303846765,0.5126430056391598,1.8807736794425305,1.930283254840668,PFE,Pfizer,,,
2022-01-12,1.9360187852629973,1.9118818184399369,1.8936428549875244,1.912135008593256,1.88416309282034,-0.2111047102787755,-0.0426066016137533,1.898806843821221,1.934845290989969,PFE,Pfizer,,,
2022-01-13,1.8027353355967888,1.7904125863807092,1.849433883293993,1.8362936827207268,1.9050169755806905,-0.1802196826394996,-1.2470935519478377,1.878690677794305,1.926543015639056,PFE,Pfizer,,,
2022-01-14,1.7318907204844671,1.725847878234306,1.7017112819755975,1.7571061281909297,1.73489204926845,-0.2436025014343543,-0.6750241177354288,1.845722214758868,1.912378123577364,PFE,Pfizer,,,
2022-01-18,1.6310274349135467,1.6339252499826251,1.6122148402420626,1.6366525329839772,1.682208225431397,0.2733003315822272,-0.9724184998226862,1.7955377497383471,1.8900796319191744,PFE,Pfizer,,,
2022-01-19,1.5625837606078867,1.571549225538492,1.605745495469634,1.6388832102694266,1.5889140325583728,-0.2297848771724953,-0.6693620864088238,1.7406240652604736,1.86341517105608,PFE,Pfizer,,,
2022-01-20,1.623822401173455,1.6273591988758151,1.6089801678558482,1.5965011927622634,1.6229387666045327,0.2434278284061941,0.609831927063438,1.7148955710641351,1.8448948577318445,PFE,Pfizer,,,
2022-01-21,1.4725266435720352,1.4894754652226605,1.6467193834503506,1.5284670246597138,1.673427378778315,0.604401894083377,-1.4841802900837,1.6574118144976715,1.8139261562131663,PFE,Pfizer,,,
2022-01-24,1.3224327384490118,1.3526858646962747,1.343726337694659,1.234024430311398,1.3803735301796187,1.6943753842331974,-1.5075713832278264,1.5764149613938203,1.7717529993519054,PFE,Pfizer,,,
2022-01-25,1.442508525943463,1.4621175451173831,1.4278311103490362,1.3923991139128036,1.3375679494803767,0.7816967465034212,1.2396684677110907,1.545974717551769,1.7446296612827947,PFE,Pfizer,,,
2022-01-26,1.4989430735756024,1.5135501510501663,1.511935883003413,1.5284670246597138,1.470375114904644,0.5186586548068478,0.5728335731371272,1.537388740084649,1.7252434518994115,PFE,Pfizer,,,
2022-01-27,1.5908952919435366,1.5529456227935627,1.6154499239548774,1.5886940349922845,1.5197663305936977,0.3557089094528668,0.9236055677626018,1.5541582015351163,1.7162085879441364,PFE,Pfizer,,,
2022-01-28,1.7070443277571876,1.6580003532588634,1.6251539411135203,1.5998469959613424,1.6020848838441826,-0.1515719096525387,1.149448081471979,1.5960515727457945,1.718844185377528,PFE,Pfizer,,,
2022-01-31,1.5086242330060076,1.4785320467113097,1.5680058685485312,1.5206598668897349,1.6273291899310738,0.4580163213855605,-1.9225226938059696,1.5773899276653038,1.7027063963201725,PFE,Pfizer,,,
2022-02-01,1.5545992365299208,1.5201162021569763,1.4623356535573242,1.5206598668897349,1.4890342046955367,-0.1944435292908033,0.4622888114707214,1.5749978870592811,1.6923300570975774,PFE,Pfizer,,,
2022-02-02,1.6501791255341225,1.6065673298773482,1.5669277815286595,1.5273518987460837,1.500009844318076,0.0575356125796925,0.9516488444433416,1.5973284332973523,1.691824833314446,PFE,Pfizer,,,
2022-02-03,1.5921048840423104,1.554040173369064,1.5410491684591436,1.5987318700477129,1.5537914833336708,-0.5126005425163633,-0.5659138783957085,1.5994182751822568,1.685941009725186,PFE,Pfizer,,,
2022-02-04,1.54612932768837,1.5124560179233977,1.4914489390130548,1.5474275688569403,1.5197663305936977,-0.3733693342893646,-0.4515633442932434,1.5893813238560606,1.6762976494491344,PFE,Pfizer,,,
2022-02-07,1.5715373957229417,1.5354365706241346,1.5076231235973274,1.5039304254361467,1.5504984564918585,0.0768887747753283,0.2550677682579953,1.5882666632776337,1.6699042446974723,PFE,Pfizer,,,
2022-02-08,1.3888447624059557,1.3701949168657028,1.3156911392588,1.2195252406850696,1.2585420043778908,2.2331111549272493,-1.8072525666374448,1.541318640621929,1.6470273237291713,PFE,Pfizer,,,
2022-02-09,1.3610175101738358,1.3450256804626957,1.307065209120028,1.3544784509765393,1.3683000753785377,0.4505951840022715,-0.2812978366199903,1.4990839632387032,1.6236308681784777,PFE,Pfizer,,,
2022-02-10,1.2557564617392292,1.2498198179332434,1.269325582198925,1.2975972438430483,1.302445400255675,0.1885756797896788,-1.075508876584614,1.4408398323235592,1.5925292651057998,PFE,Pfizer,,,
2022-02-11,1.2775352006474523,1.269517553804943,1.2553083943075962,1.263022809564053,1.2245172703317309,0.2369100811128644,0.2292480075442222,1.402653736305056,1.5662893628715229,PFE,Pfizer,,,
2022-02-14,1.1589669806362537,1.1622745570861035,1.175516381059305,1.0845724558517906,1.1685404196528657,0.7204541740290739,-1.2282761977679797,1.3440872816931215,1.5313598279128675,PFE,Pfizer,,,
2022-02-15,1.1577557300473982,1.1611804239593346,1.125916151613216,1.1659902622088485,1.166345207989595,-0.1176432456027963,-0.0104263145318416,1.2998567183899723,1.4994925661779082,PFE,Pfizer,,,
2022-02-16,1.1444480056407804,1.1491428723212156,1.2057077535349077,1.1905272868906045,1.1432961135659745,-0.2072183139857296,-0.1384797541678666,1.2633248966567503,1.4692792962435066,PFE,Pfizer,,,
2022-02-17,1.050076050245272,1.063786295176345,1.117289810147844,1.114685961018076,1.167443023168137,-0.5977314166983565,-0.998821347496368,1.2121063387952735,1.432997704555217,PFE,Pfizer,,,
2022-02-18,1.0053106388201325,1.0232962728574486,1.069846166068098,1.053343824771875,1.0543919253256786,-0.2507083617392683,-0.4801093203304725,1.162393530932432,1.395833045412789,PFE,Pfizer,,,
2022-02-22,0.8843221289513327,0.91386459243634,0.9393758363538464,0.958541954702119,0.9182921517534112,0.2258147531623589,-1.311619781674915,1.0945711558909623,1.3507458417267004,PFE,Pfizer,,,
2022-02-23,0.8044691485512974,0.8416397000563568,0.9232016517695738,0.8949691411704701,0.923779971564681,-0.321178851776823,-0.8831079659700041,1.0235493046483584,1.3022986631211384,PFE,Pfizer,,,
2022-02-24,0.6943697317215957,0.7420568875710972,0.7722439667383635,0.7410562375981519,0.7338985589768198,0.7964965801248333,-1.2357073673420005,0.9424935783882286,1.2479717389290557,PFE,Pfizer,,,
2022-02-25,0.9073099071283028,0.9346568788835384,0.9091840525516448,0.7789769005344162,0.7284107391655501,0.006600175359913,2.444380574624179,0.9354483578527474,1.2184736870662147,PFE,Pfizer,,,
2022-02-28,0.8129368460727405,0.849299884289935,0.816452938431895,0.8458955172651463,0.8392662066509254,0.2549960719742621,-1.0399564607449023,0.9063444718185164,1.1828421903486308,PFE,Pfizer,,,
2022-03-01,0.6689622165170512,0.71907633487036,0.8132182660456807,0.7455171667108611,0.8249975401865729,-0.0749292645037192,-1.614230174524054,0.8481770403851556,1.1370017107292043,PFE,Pfizer,,,
2022-03-02,0.9048890644406746,0.9324681951812684,0.8984015370465294,0.8079748543288822,0.7613380767269815,0.32897098799837,2.7204096957869326,0.8640999282686298,1.117365720071877,PFE,Pfizer,,,
2022-03-03,0.920619290025002,0.9466944305216574,0.9695672088294484,0.9730411443284472,0.9336582147024918,-0.032560875586707,0.1762062472840627,0.880012438125494,1.100984129558385,PFE,Pfizer,,,
2022-03-04,1.0198296138156056,1.036428375071068,0.9889760657999356,0.9652339865584684,0.9139017284268702,0.1289579968731103,1.095650112984003,0.9169877270301572,1.0953586937271995,PFE,Pfizer,,,
2022-03-07,0.9387664884867708,0.9631089321155843,0.996523908918836,0.9775024988993464,0.9962202816773552,0.126169007333639,-0.8758328161361696,0.9242586804740096,1.082672813766084,PFE,Pfizer,,,
2022-03-08,0.8734324830822076,0.9040157245004892,0.9512364388788326,0.8603947068914739,0.9226825750799524,0.1105264138296477,-0.7153100330594029,0.913221447195455,1.0650375550402102,PFE,Pfizer,,,
2022-03-09,1.0319282989534777,1.047371376133686,1.037498208226153,1.0310374773755686,0.9830494303915454,-0.3863017575234784,1.7633105335043548,0.9449482188864026,1.0638100891203677,PFE,Pfizer,,,
2022-03-10,1.0863726584889146,1.0966157158129313,1.0450460513450537,1.036613957860098,1.0028059166671668,-0.3970090521467531,0.5910254361318608,0.9824851751643672,1.067779684583156,PFE,Pfizer,,,
2022-03-11,1.2158299715392105,1.213707580467619,1.2186472657329652,1.1358767570425623,1.0939048978769208,0.1583393953693669,1.3892362220608596,1.0433132062870547,1.0834806014827665,PFE,Pfizer,,,
2022-03-14,1.4553878070792636,1.430382257607566,1.4353789534679366,1.2975972438430483,1.2673228510309729,0.6805231194487301,2.5140908008000835,1.1493991604425224,1.120130493879048,PFE,Pfizer,,,
2022-03-15,1.450547780194088,1.426004890203026,1.436457040487808,1.385707082056455,1.4758629347159136,-0.0556731106398911,-0.0464301542972791,1.2277419925020845,1.152996486437343,PFE,Pfizer,,,
2022-03-16,1.5364509324080995,1.5037012831143175,1.4741966674089106,1.4972383935797982,1.4670825067566449,-0.0726920098514042,0.8695971523988,1.3081812633384398,1.1908986003159736,PFE,Pfizer,,,
2022-03-17,1.6961552347180897,1.6481514853230144,1.5798668824001176,1.5652725616823475,1.508790272277345,-0.0298143271924016,1.5929989279117134,1.4088204377821252,1.2402725358005255,PFE,Pfizer,,,
2022-03-18,1.728821961005358,1.6776976716818297,1.6607369826682803,1.6678811640638926,1.6690373741455873,1.256540404660628,0.3198259242945285,1.4925449730278455,1.288209226166233,PFE,Pfizer,,,
2022-03-21,1.690106168564167,1.6426795673429726,1.693084940510225,1.689072385546569,1.653671311196507,0.2123366580618269,-0.3719567972767957,1.5455664222900565,1.3281717171876877,PFE,Pfizer,,,
2022-03-22,1.5509693545735457,1.5168333853279377,1.587414725519018,1.5329283792306128,1.649280887869966,0.0705286660211861,-1.3508900353958226,1.550214067743949,1.3515049294897326,PFE,Pfizer,,,
2022-03-23,1.4481285959965404,1.4238162065007554,1.4989967821319552,1.4950077162943487,1.5197663305936977,-0.1156000076140966,-1.019551877048589,1.527742565502928,1.363110914185022,PFE,Pfizer,,,
2022-03-24,1.4965249950381088,1.4675890456486924,1.4289091973689068,1.5095069059206765,1.4670825067566449,-0.3584967444190969,0.4911485671160819,1.5231042976438496,1.378182362279208,PFE,Pfizer,,,
2022-03-25,1.5195122203850528,1.4883809146471605,1.4720400820425676,1.5340435051442431,1.4890342046955367,-0.8282535281771372,0.2327754781510404,1.525427623583949,1.394030841960565,PFE,Pfizer,,,
2022-03-28,1.5800050932443848,1.5430967548577146,1.5054665382309844,1.5329283792306128,1.4659846915781036,-0.5594131256343158,0.6064817326763006,1.5424386537723704,1.4140889966267052,PFE,Pfizer,,,
2022-03-29,1.514672746329904,1.4840039646913514,1.5615365237761023,1.546312017485121,1.6273291899310738,0.5383755982467624,-0.6439005467479089,1.538706896658829,1.4262211970216856,PFE,Pfizer,,,
2022-03-30,1.4783761380862606,1.4511741266060325,1.5227188098351283,1.4738169202698614,1.5395228168693191,-0.2116443191244558,-0.3603437090572271,1.5267467341268195,1.4338601199681498,PFE,Pfizer,,,
2022-03-31,1.3973130127574247,1.377855101099282,1.4321442810817222,1.4481647696744753,1.4078130479297803,-0.3052816114018364,-0.8123607407364489,1.4973160989931675,1.4332327479867155,PFE,Pfizer,,,
2022-04-01,1.3731167481417337,1.3559686815253136,1.354508853199774,1.376784372914656,1.4209838992155903,-0.7286077823484173,-0.2439474409237827,1.469135931606436,1.430402314096748,PFE,Pfizer,,,
2022-04-04,1.2968925440380206,1.2870266059743696,1.3232389823777004,1.2953665665575989,1.3836661383276183,-0.6443499831526934,-0.7766499822133689,1.4287616473177238,1.4207093331534388,PFE,Pfizer,,,
2022-04-05,1.33318970511169,1.3198564440596885,1.3534307661799028,1.3377485840647625,1.2772010941687837,-0.6010660781042462,0.3779533654631398,1.4076424183335732,1.4152879340738531,PFE,Pfizer,,,
2022-04-06,1.530401866254177,1.4982297825830084,1.4547878104384238,1.3834764047710053,1.3156162515414846,0.0380248118448693,2.0309649152604257,1.4415797849529328,1.428780346963363,PFE,Pfizer,,,
2022-04-07,1.8074642436465649,1.7488284309350428,1.7049459543618115,1.5329283792306128,1.4626920834301038,0.3162083293449197,2.7644587885305283,1.536963970558784,1.466925687798014,PFE,Pfizer,,,
2022-04-08,1.808673835745339,1.749922564061812,1.7232767243124276,1.7515296477064002,1.720623382804097,-0.3927710006509042,0.0139511076608391,1.6088074135007857,1.501716254505986,PFE,Pfizer,,,
2022-04-11,1.658648481545646,1.6142275141109272,1.8030683262341185,1.6756883218338725,1.7875758731055027,-0.5478570081077236,-1.4308752713282693,1.6248232624338874,1.5193306537006424,PFE,Pfizer,,,
2022-04-12,1.5594387105850709,1.5244935695615167,1.5453623391918296,1.54965824614239,1.5504984564918585,-0.5019963192456344,-0.9672006975022498,1.6117943821572294,1.5260768763346089,PFE,Pfizer,,,
2022-04-13,1.5582280128262431,1.5233990189860147,1.5335013253402432,1.5552347266269193,1.531839785394779,-0.9284025047271096,-0.0096218744534044,1.6017171391410647,1.532096718594662,PFE,Pfizer,,,
2022-04-14,1.5606483026838434,1.5255877026882856,1.5432057538254866,1.5931553895631836,1.5614745148082112,-0.8397429524756115,0.0264167985353885,1.5947700934252262,1.537795374005644,PFE,Pfizer,,,
2022-04-18,1.4057829215989752,1.385515285332861,1.4569443958047668,1.4358962573335972,1.4989124478333475,-0.8503593017878164,-1.534211238631524,1.5504714423079082,1.5285104896738029,PFE,Pfizer,,,
2022-04-19,1.2049425369901938,1.20385871253177,1.3243174807241722,1.1838352550342557,1.370495287041808,0.142551289367664,-2.0395885442749004,1.4665548939351374,1.5013098274734842,PFE,Pfizer,,,
2022-04-20,1.1529162559922506,1.1568030565547949,1.138855252484674,1.1659902622088485,1.188296905928487,-0.3843070237006826,-0.5440662046614942,1.3904859335499735,1.471722344160047,PFE,Pfizer,,,
2022-04-21,1.0754846711098702,1.0867668478770822,1.1226810679004011,1.1336460797571135,1.1806138744539467,-0.7266373006085733,-0.8179411928638721,1.313890308916941,1.437591995253091,PFE,Pfizer,,,
2022-04-22,0.95691479260859,0.9795238511582436,1.024558696028094,1.0198845164065098,1.0730510151165706,-0.541642411851293,-1.2701431925771691,1.226516289237525,1.395489172041381,PFE,Pfizer,,,
2022-04-25,1.0561256692292214,1.069257795707654,1.0342631245133374,0.9328898041067336,0.9523168857995704,-0.2243160324668364,1.0888419659290482,1.1860268205255051,1.3664808490317195,PFE,Pfizer,,,
2022-04-26,1.0658035116794653,1.078012113068003,1.1485596809699177,1.1336460797571135,1.0774414384431117,-0.3470376352243125,0.1065989123231215,1.1581024279634526,1.3410136226199731,PFE,Pfizer,,,
2022-04-27,1.1517072167235036,1.1557089234280256,1.1118985523952865,1.054458950685505,1.0906122897289217,-0.3195903403434719,0.9258485389052356,1.1588414198691273,1.3258855890730128,PFE,Pfizer,,,
2022-04-28,1.2448679215301577,1.239970949997395,1.2046296665150356,1.197219318746953,1.236590306438998,-0.1737019353461699,0.9895650129389956,1.1829096330157431,1.32083467491479,PFE,Pfizer,,,
2022-04-29,1.0706435385646418,1.082389480472542,1.158264109455161,1.1425687888989118,1.1740282394641353,-0.1665536338960901,-1.8156214836473847,1.15698617088817,1.2999691921338137,PFE,Pfizer,,,
2022-05-02,0.9823223078131356,1.0025044038589808,0.9878975674534636,0.9708104670429978,0.9336582147024918,0.3115216143144603,-0.9462763156680108,1.1152510990966384,1.2727507676123355,PFE,Pfizer,,,
2022-05-03,1.097261198697986,1.1064645837487803,1.125916151613216,0.9975781690102034,1.0642701684634883,0.1592488484800641,1.2556099455003955,1.1129606271026755,1.258742819670987,PFE,Pfizer,,,
2022-05-04,1.1420277157831793,1.1469541886189454,1.1075853816626002,1.02099964232014,1.066465380126759,-0.1501592258205891,0.481089773658012,1.1225419416449949,1.2501898187899176,PFE,Pfizer,,,
2022-05-05,0.9956322435398618,1.0145419554970998,1.0730808384543122,0.9808483020984262,1.1290274471016226,-0.1671781250321022,-1.5513768522358928,1.0927773845622322,1.228740030391032,PFE,Pfizer,,,
2022-05-06,1.0670147622683197,1.0791066636435032,1.037498208226153,1.0354988319464675,0.9786590070650044,-0.6789940836495176,0.7789331866101986,1.0884710733351974,1.2159078356282569,PFE,Pfizer,,,
2022-05-09,1.018620021716832,1.0353338244955668,1.0321065391469952,1.0053853267801822,1.010488948141707,-0.3685128546782417,-0.5177387645919049,1.0730263996998228,1.1997218060233392,PFE,Pfizer,,,
2022-05-10,1.1214602274638104,1.1283510033227484,1.1108204653754152,1.1079939291617265,1.0829292582543817,-0.2276325048105121,1.1167778401887978,1.0873999912692018,1.1946132085055343,PFE,Pfizer,,,
2022-05-11,1.1166202005786348,1.1239736359182084,1.1474815939500462,1.1459145920979923,1.0862218664023806,-0.08432694664759,-0.0491529672679637,1.0969585513891975,1.1895169375055703,PFE,Pfizer,,,
2022-05-12,1.280066609340453,1.2268392652325069,1.1679685379404046,1.111340157818996,1.0785388349278402,0.1441822419461809,1.744500414503395,1.145381708791911,1.2001509703919713,PFE,Pfizer,,,
2022-05-13,1.222738688384904,1.1754062418509916,1.2067862518813786,1.21841011477144,1.2300050901430004,-0.5254602095016214,-0.5923923408908006,1.1672293820145456,1.2044634551904034,PFE,Pfizer,,,
2022-05-16,1.314219895569952,1.257480002166823,1.234821038990637,1.2396009107959274,1.1740282394641353,-0.7066293321732356,0.96046003708106,1.2067051972115603,1.2169288630243198,PFE,Pfizer,,,
2022-05-17,1.3959419942908071,1.3307994451223066,1.285499766783198,1.2741757705331118,1.292567157117864,-0.6773691940917387,0.8455864406133209,1.2569388981946197,1.23589445194944,PFE,Pfizer,,,
2022-05-18,1.2812872580397636,1.227933815808008,1.2747168399514828,1.271945093247662,1.3222018865312963,-0.5344152911316195,-1.165154855796234,1.2656750633441731,1.2424263640518534,PFE,Pfizer,,,
2022-05-19,1.3117802566614103,1.2552917359132851,1.2175687673864934,1.2083722797160117,1.188296905928487,-0.6805644060206547,0.318699636945543,1.279923687918977,1.2512127194817138,PFE,Pfizer,,,
2022-05-20,1.5337763407381415,1.4544573608838045,1.412735424111235,1.3801306015719257,1.327689706342566,0.0097044419777594,2.29381158975109,1.3466424620114508,1.279936259844242,PFE,Pfizer,,,
2022-05-23,1.583785344968066,1.4993243331585095,1.5205622244687853,1.5306977019451633,1.471472930083186,-0.4277182521846275,0.5006756225367004,1.4093039265408018,1.3107197504767016,PFE,Pfizer,,,
2022-05-24,1.6484327354792658,1.5573229901981027,1.5108577959835416,1.5563498525405497,1.4857411778537244,-0.2643804735034157,0.6415362052594852,1.472617170172149,1.344743248038001,PFE,Pfizer,,,
2022-05-25,1.6850251077872809,1.590152410834689,1.5583014400632875,1.5942705154768138,1.5395228168693191,-0.4296523558000434,0.3605773977874202,1.5293380991005694,1.3790916768820656,PFE,Pfizer,,,
2022-05-26,1.7191783940167786,1.6207935652177372,1.652110641202908,1.6868417082611191,1.6339148249208857,-0.4592156449184394,0.3348351254398183,1.58049916124752,1.4135076705682603,PFE,Pfizer,,,
2022-05-27,1.7094192855525872,1.612038830408657,1.5971191540042615,1.6466903680394056,1.6185483432779917,-0.5870726262409857,-0.0921075925768949,1.616406737162997,1.443883370432837,PFE,Pfizer,,,
2022-05-31,1.6033019034063705,1.5168333853279377,1.4989967821319552,1.4704706916125918,1.5526936681551289,2.120108574412757,-1.026702483430232,1.6165531556873465,1.4615855576160044,PFE,Pfizer,,,
2022-06-01,1.5215781461954347,1.443513942372454,1.4752747544287828,1.459317730643534,1.5450106366805887,-0.8281928979697574,-0.8031397396536977,1.5960357113887198,1.470044900155795,PFE,Pfizer,,,
2022-06-02,1.5593900615427057,1.4774379135845417,1.417048594843921,1.3700927665164973,1.448423416965752,-0.5570061064013372,0.3798650445867623,1.590191439746795,1.4812671016877703,PFE,Pfizer,,,
2022-06-03,1.6228173561846213,1.5343424374973658,1.5022314545181703,1.5284670246597138,1.4583016601035628,-0.7860912819652164,0.6318543416266591,1.6018174263370195,1.4973936439030802,PFE,Pfizer,,,
2022-06-06,1.6301362729102455,1.5409080711554437,1.5227188098351283,1.5886940349922845,1.5384250016907763,-0.8819233877497462,0.0743171414562761,1.612384227149096,1.5127377734396794,PFE,Pfizer,,,
2022-06-07,1.7155181064089262,1.617510330939966,1.549675509924516,1.5898091609059146,1.5483032448285887,-0.970031205114088,0.8405066003571858,1.6418598925459182,1.5346622262203489,PFE,Pfizer,,,
2022-06-08,1.6557505465448363,1.563889041304913,1.6132933385885344,1.6344218556985275,1.6339148249208857,-1.1095655643779858,-0.576678248538857,1.6488811764743332,1.5490108502332824,PFE,Pfizer,,,
2022-06-09,1.4496123917886377,1.3789492342260516,1.515170966716228,1.443703415103576,1.547205848343859,-0.8195773455010862,-2.01312502836405,1.6021174104107505,1.5428003478460248,PFE,Pfizer,,,
2022-06-10,1.228838062071271,1.1808781598310327,1.269325582198925,1.2485236199377256,1.332080129669107,-0.4404384696929119,-2.2266837539368014,1.511320653720944,1.516532612236577,PFE,Pfizer,,,
2022-06-13,0.9775674167520966,0.9554487478820054,1.0439675529985826,0.9986932949238336,1.0587823486522188,-0.2486651237505686,-2.6264875167331416,1.3798018161356578,1.4691824648962333,PFE,Pfizer,,,
2022-06-14,0.9787886182814344,0.9565428810087744,0.9566281079579904,0.9440431905339812,0.941341246177032,-0.4729180717862769,0.0157191638796951,1.2814709219304157,1.4262509449358236,PFE,Pfizer,,,
2022-06-15,1.050752714198151,1.0211075891551775,1.011619595156637,0.9395818359630822,0.9556099126413836,-0.3239072111089145,0.7875158958970311,1.225886649238108,1.3939442265648545,PFE,Pfizer,,,
2022-06-16,0.9251182207836052,0.90839309190503,0.9059493801654298,0.926198197708574,0.9347556111872196,-0.6466721200953403,-1.3515991493270367,1.1524880189882034,1.3528393662006777,PFE,Pfizer,,,
2022-06-17,0.8092417301731958,0.8044329120152313,0.9091840525516448,0.8392034854087985,0.9007308771410604,0.8462376022592305,-1.273526137932035,1.0681915621937808,1.3046476587802882,PFE,Pfizer,,,
2022-06-21,1.0019638058375098,0.9773351674559736,0.9533930242451748,0.913929685367696,0.8941452421512488,-0.6953217984969008,2.167787522247996,1.053612700388302,1.2788385686479402,PFE,Pfizer,,,
2022-06-22,1.1190598394871762,1.082389480472542,1.0763159221671272,1.0053853267801822,0.9720733720751936,-0.6491943367223404,1.274856631630432,1.0722338535183231,1.2663133255971344,PFE,Pfizer,,,
2022-06-23,1.2434747898624658,1.1940098445959209,1.1399333395045452,1.140338111613462,1.1037831410147314,-0.6686687593327357,1.32793982557573,1.1176023287193757,1.2665479437795055,PFE,Pfizer,,,
2022-06-24,1.4264372042325617,1.3581573652275838,1.298438867654656,1.28755940878762,1.259639819556433,-0.4090805264360735,1.912023661237222,1.1978088056802385,1.2838511672523438,PFE,Pfizer,,,
2022-06-27,1.4618111391613715,1.389892652737401,1.3620566963186744,1.394629365740064,1.3507388007661865,-0.9055752316486106,0.3608660938875214,1.266892123299716,1.3028855365846952,PFE,Pfizer,,,
2022-06-28,1.3130009053607214,1.256385869040054,1.3340219092094157,1.299827921128498,1.3891543768327008,-0.8895931089832924,-1.4971924770899496,1.2811445773338292,1.3062896204952057,PFE,Pfizer,,,
2022-06-29,1.3471525331001402,1.2870266059743696,1.276873425317825,1.3277107490093338,1.2684202475157016,-1.0406957118152582,0.3548327624508617,1.3004538647034636,1.312574236600277,PFE,Pfizer,,,
2022-06-30,1.5288959572610064,1.4500799934792643,1.4332223681015936,1.3756692470010266,1.3737878951898064,0.1458374466076498,1.8676487095376884,1.360808274949154,1.3352635962061887,PFE,Pfizer,,,
2022-07-01,1.5142597822998374,1.4369483087143762,1.3771523825564755,1.393514239826434,1.4122034712563214,-0.9062421639297884,-0.1435508473290609,1.4023798795011997,1.3545231684440937,PFE,Pfizer,,,
2022-07-05,1.4325360250889014,1.3636288657588926,1.3253955677440434,1.2987127952148678,1.3803735301796187,-0.7690056895255856,-0.8143811928593147,1.412931324723346,1.364398315579101,PFE,Pfizer,,,
2022-07-06,1.567929626967641,1.4850980978181203,1.440770211220494,1.430319776849068,1.3683000753785377,-0.5932569073937264,1.3731184481833494,1.4550185550653654,1.386022405578912,PFE,Pfizer,,,
2022-07-07,1.6496517256884962,1.5584171233248718,1.5033099528646412,1.5652725616823475,1.5120832991191575,-0.8029101014923761,0.8123380873766692,1.50721081740718,1.4133140692002994,PFE,Pfizer,,,
2022-07-08,1.6191570685767678,1.5310592032195949,1.544283840845358,1.5619263330250788,1.5230589387416968,-1.198516141624907,-0.2960477735392107,1.538658094844313,1.435276264059638,PFE,Pfizer,,,
2022-07-11,1.5850048880073233,1.5004184662852784,1.5248753952014713,1.5608112071114486,1.517571118930427,-1.1015866290868026,-0.33341431165268,1.5536234665425843,1.4520518497436166,PFE,Pfizer,,,
2022-07-12,1.4813265919396224,1.407401704906829,1.4213613542500076,1.4448185410172063,1.483545966190453,-0.9977816510318276,-1.0224391453224102,1.5386788626583012,1.457618123995716,PFE,Pfizer,,,
2022-07-13,1.450831381997867,1.380043784801552,1.3706830377840469,1.4225121936209,1.3924469849807,-1.1012289108632618,-0.3039673714421567,1.5197733508903333,1.4598299132448893,PFE,Pfizer,,,
2022-07-14,1.402041920807202,1.3362709456536157,1.2930476099020989,1.324364945810254,1.270615459178972,-1.0347478884712986,-0.4901209588775754,1.4932796484814976,1.457283363148713,PFE,Pfizer,,,
2022-07-15,1.4459537626708658,1.375666417397012,1.3275521531103864,1.3020585984139477,1.302445400255675,-0.6793396758315826,0.4491195174122862,1.4844928182847144,1.459069982374022,PFE,Pfizer,,,
2022-07-18,1.3239790040341444,1.2662347369759033,1.3340219092094157,1.312096433469376,1.4034226246032393,-0.930518498964665,-1.2298547621083282,1.4471159951089207,1.449300909405027,PFE,Pfizer,,,
2022-07-19,1.3996028347286864,1.3340822619513455,1.2844212684367262,1.3221342685248043,1.302445400255675,-1.0724416883993273,0.7814355321699769,1.4381710008911663,1.447483714243001,PFE,Pfizer,,,
2022-07-20,1.3325163581389723,1.273894921209482,1.279030010684169,1.3109808820975568,1.340860557628376,-1.110499269571635,-0.6803603177478461,1.414529479239243,1.4395653853308013,PFE,Pfizer,,,
2022-07-21,1.3691092832770129,1.3067243418460683,1.244525467475881,1.2741757705331118,1.2508589729033506,-0.9692672645011025,0.3788376867110899,1.406034473740739,1.435784932655225,PFE,Pfizer,,,
2022-07-22,1.382527020858977,1.3187618934841874,1.28657785380307,1.3600549314610688,1.326591891164024,-1.2221983006274617,0.1396161742520069,1.4030498864430054,1.4336014654681506,PFE,Pfizer,,,
2022-07-25,1.4483928487493805,1.377855101099282,1.3243174807241722,1.4035520748818624,1.335372737817106,-1.0970757416577448,0.6745556293676374,1.4174361275101173,1.4377688117157128,PFE,Pfizer,,,
2022-07-26,1.51304023926058,1.435853758138875,1.4289091973689068,1.4448185410172063,1.3902517733174296,-0.8765818664795848,0.6552400651800407,1.444542953544786,1.447595814381652,PFE,Pfizer,,,
2022-07-27,1.47035015175628,1.39755283697098,1.3642132816850177,1.3868222079700845,1.401227412939968,-0.7207016033060899,-0.4243473055537516,1.4540979999801973,1.4525419085704794,PFE,Pfizer,,,
2022-07-28,1.3683237118088432,1.2629519201468642,1.37283962315039,1.1537217498679695,1.281591098801511,0.4786487809569102,-1.0243588687960328,1.4355125843096408,1.4475083942445646,PFE,Pfizer,,,
2022-07-29,1.342509866534554,1.239970949997395,1.1981599104160063,1.173797419978828,1.2497615764186218,-0.3669607213693185,-0.2616379227753372,1.4150580505621622,1.4405212833669736,PFE,Pfizer,,,
2022-08-01,1.3548025950118543,1.2509143685087452,1.2617777390800249,1.270829967334032,1.223419455153189,-0.6899984662889534,0.1286493172127687,1.4028198622760335,1.4353175888559446,PFE,Pfizer,,,
2022-08-02,1.2417145790569375,1.1502370054479838,1.2801085090306408,1.2128336342869108,1.2870793373065943,-0.8056748389488955,-1.1568160806343004,1.3650975541630876,1.4200237674415483,PFE,Pfizer,,,
2022-08-03,1.2626110012422893,1.1688406081929137,1.1291508239994303,1.1804894518351758,1.1652478115048663,-0.8846093059366719,0.2205578902677461,1.3420801265418312,1.408072161421292,PFE,Pfizer,,,
2022-08-04,1.2626110012422893,1.1688406081929137,1.1269942386330871,1.1659902622088485,1.1773212663059476,-0.8527056908134151,0.0023931652861639,1.3248170558258887,1.3972070650392403,PFE,Pfizer,,,
2022-08-05,1.190086335678336,1.1042759000465103,1.1183683084943157,1.1492608207552604,1.148783933377244,-0.8920971365480785,-0.7522038324535971,1.2935643658008278,1.3805554075347577,PFE,Pfizer,,,
2022-08-08,1.2269634154501825,1.1371053206830963,1.1011160368901716,1.1358767570425623,1.1213444156270824,-0.9105772237574452,0.3906826553826968,1.2794327052844152,1.3688621072057654,PFE,Pfizer,,,
2022-08-09,1.2527767078944436,1.1600858733838344,1.1334639947321166,1.200565121946033,1.1608573881783253,-1.1516550543410509,0.2725438772230449,1.2753492923561356,1.3606429713044472,PFE,Pfizer,,,
2022-08-10,1.2736747885698758,1.1786894761287627,1.1269942386330871,1.184950806406075,1.1806138744539467,-0.8327704786269331,0.2201807713584425,1.277561454729966,1.3551230524830642,PFE,Pfizer,,,
2022-08-11,1.0696241199951075,0.9970329033276716,1.0277937797409096,1.0098466813510814,0.9929276735293562,0.7856740881075369,-2.116866061784428,1.2277177336582252,1.3310452238389965,PFE,Pfizer,,,
2022-08-12,1.2933411639454588,1.1961985282981908,1.1636553672077183,1.0923796136217694,1.0291476192387867,-0.318602067963181,2.405778837768571,1.246801622617797,1.330052982585307,PFE,Pfizer,,,
2022-08-15,1.2490898844453018,1.1568030565547949,1.1291508239994303,1.1860659323197054,1.1850042977804878,-0.9271899005795132,-0.4557308519161526,1.2499454179127814,1.325017574530185,PFE,Pfizer,,,
2022-08-16,1.2626110012422893,1.1688406081929137,1.141011837851017,1.1827201291206255,1.1202470191423537,-1.104411996750702,0.1433873084192681,1.255716024354101,1.3217028951382352,PFE,Pfizer,,,
2022-08-17,1.190086335678336,1.1042759000465103,1.106507294642729,1.1704516167797474,1.149881748555786,-1.0600064328657282,-0.7522038324535971,1.2417385921969877,1.3119152530792964,PFE,Pfizer,,,
2022-08-18,1.1052722586172412,1.0287681908374888,1.069846166068098,1.0734194948827318,1.1213444156270824,-0.7381145988655716,-0.8906389006693762,1.2098482562797428,1.2950951848648302,PFE,Pfizer,,,
2022-08-19,1.1753368305616605,1.0911442152816222,1.0622983229491976,1.1124552837326265,1.0609775603154894,-0.9543279814027168,0.7506014310865743,1.2036149582255362,1.2863487214375726,PFE,Pfizer,,,
2022-08-22,1.14460666785849,1.063786295176345,1.05690706519664,1.1135708351044458,1.101587929351461,-1.0603702141100069,-0.3219635800246677,1.1911836232302675,1.275526984791914,PFE,Pfizer,,,
2022-08-23,1.0352060281827415,0.9663917489446234,0.962019365710548,1.004269775408363,1.0148789527744349,-0.8998396140304804,-1.15823359569054,1.1542471570643895,1.255470278376146,PFE,Pfizer,,,
2022-08-24,0.9639114094285558,0.9029215913737212,0.9070274671853013,0.9618881833593886,0.9578051243046544,-0.9421231206571608,-0.7679897582738611,1.1085498870040658,1.2305775064902806,PFE,Pfizer,,,
2022-08-25,1.0216849113857531,0.9543546147552364,0.9005581224128724,0.9496196710185106,0.9160969400901408,-1.008300992012225,0.6343059971021165,1.0888590949246566,1.213344151989228,PFE,Pfizer,,,
2022-08-26,0.8889277559051189,0.8361681995250477,0.9016362094327436,0.8860468574868602,0.92707257971268,-0.8817839382727727,-1.435425137885067,1.0405827993778431,1.185277044595365,PFE,Pfizer,,,
2022-08-29,0.816404748831245,0.7716034913786444,0.7646961236194623,0.8213584925833903,0.7909728061404137,-1.072538696731135,-0.8011812620840745,0.9860706093362152,1.1529873501762182,PFE,Pfizer,,,
2022-08-30,0.7696944813716055,0.7300193359329773,0.7280349950448313,0.7856685069325757,0.7865823828138726,-0.8965595198112327,-0.5217743657856838,0.9333966913469828,1.119270025766492,PFE,Pfizer,,,
2022-08-31,0.6934840980185629,0.6621718109575357,0.7215656502724034,0.7109427324318666,0.7503620184106288,-0.2833577284132967,-0.8599030180287222,0.8746555824946215,1.0814993443937222,PFE,Pfizer,,,
2022-09-01,0.8655745570803941,0.8153763305265807,0.7603833642133774,0.7120578583454967,0.6548726138743339,-0.6755866659947722,1.9762324165190115,0.8740357657006617,1.0632367809547716,PFE,Pfizer,,,
2022-09-02,0.7512570471457354,0.7136048343390511,0.7765571374710496,0.7555550017662911,0.8304857786916566,-0.9957080979394382,-1.269436378445747,0.8447169091901859,1.0359564174128977,PFE,Pfizer,,,
2022-09-06,0.7586323525340994,0.720170467997129,0.7377394235300748,0.7555550017662911,0.7448741985993591,-0.8449935284347031,0.0861162849086019,0.8245893103006977,1.0118449906185931,PFE,Pfizer,,,
2022-09-07,0.8041131260139983,0.7606604903160263,0.712939308807031,0.7388255603127023,0.7163372843644689,-0.9525878944509164,0.5180056451511696,0.8209730595749358,0.9941737253685424,PFE,Pfizer,,,
2022-09-08,0.9208896239081376,0.8646206702058259,0.8110616806793376,0.7934756647025546,0.7514598335891708,-0.777239271687764,1.3156619011916204,0.8477355194789419,0.9890166581246048,PFE,Pfizer,,,
2022-09-09,1.0143079475073091,0.9477885636484265,0.9048712931455584,0.9306591268212832,0.8809743908654389,-0.8238820902250528,1.031776566434896,0.8913863571808561,0.9930543221351384,PFE,Pfizer,,,
2022-09-12,1.0044758654795711,0.9390338288393464,0.9436885957599314,0.9964626176383832,0.9775616105802756,-1.051663716330266,-0.1042261840285663,0.9216428460727186,0.9958065424309236,PFE,Pfizer,,,
2022-09-13,0.8114878785723356,0.7672261239741035,0.8326271230161677,0.8102055316143317,0.8732913593908987,-0.8783583315558133,-2.093878389867424,0.895624615361793,0.9802821699854288,PFE,Pfizer,,,
2022-09-14,0.8065710083134262,0.7628491740182963,0.7345047511438612,0.7834378296471269,0.7712163198647922,-0.8444478565682848,-0.0528301456988099,0.874869913333019,0.9657098349936826,PFE,Pfizer,,,
2022-09-15,0.7807571630391392,0.7398682038688263,0.7215656502724034,0.774515545963517,0.7613380767269815,-0.926935253708518,-0.2877836117911524,0.8527884148168766,0.950051068965336,PFE,Pfizer,,,
2022-09-16,0.7918209503667247,0.749717071804677,0.7571482805005626,0.7678235141071683,0.759142865063711,-0.0279408537843654,0.1273311528860032,0.83901981547312,0.9368492601259744,PFE,Pfizer,,,
2022-09-19,0.7192968376327972,0.685152363658272,0.6773566785788718,0.6719065181237838,0.7141420727011983,-0.8993970135166078,-0.8149850586942283,0.8103881185127266,0.9180733702074756,PFE,Pfizer,,,
2022-09-20,0.6369395372110777,0.6118333381515215,0.6115822645485102,0.6339858551875179,0.6395065509252535,-0.9531881335039764,-0.9378613308336669,0.7681271798842261,0.893311647227071,PFE,Pfizer,,,
2022-09-21,0.5324557677942388,0.5188161593243399,0.5803123937264366,0.5737592703131371,0.6186526681649034,-0.8236698844992235,-1.2083258388314633,0.7100595399890033,0.861041495093741,PFE,Pfizer,,,
2022-09-22,0.6123551859165305,0.5899469185775533,0.5824689790927796,0.5313772528059737,0.493528115521363,-0.7628638495180107,0.9461561382873988,0.6866756010135319,0.839168142371738,PFE,Pfizer,,,
2022-09-23,0.5521232488298765,0.5363256289425,0.5350253350130337,0.5380692846623224,0.5780418804351177,-0.7408187061147112,-0.698683995825907,0.6539349718183045,0.8136572035722611,PFE,Pfizer,,,
2022-09-26,0.5213936389567329,0.5089677088372229,0.5102252202899893,0.5481066942595617,0.5088945971642568,-0.7524293908279451,-0.3592640293550369,0.6216232780027999,0.7875950864081237,PFE,Pfizer,,,
2022-09-27,0.5533527428096173,0.537419762069269,0.5371819203793768,0.5559142774877297,0.5538953895267693,-0.5776628180556389,0.3806656094310395,0.6054560565769145,0.7668874503437971,PFE,Pfizer,,,
2022-09-28,0.5951466928403744,0.5746265501103952,0.5619820351024213,0.6094492559639518,0.6032861865220097,-0.8826388241968279,0.4941551426272971,0.6038795265054638,0.7519661659107897,PFE,Pfizer,,,
2022-09-29,0.5619569893476953,0.5450799463028481,0.5414946797854625,0.5793357507976664,0.5747492722871195,-1.0628742416747932,-0.3851397891060116,0.5943199739284127,0.7353012177812653,PFE,Pfizer,,,
2022-09-30,0.512788839588628,0.5013071071549118,0.5404165927655912,0.5547987261159104,0.5484071510216864,-0.492804779806855,-0.5752191559371317,0.5747401590753517,0.71555862525227,PFE,Pfizer,,,
2022-10-03,0.5594996598782944,0.5428912626005781,0.5048335512108322,0.528031449606894,0.537431511399147,-0.5005654463514708,0.556153426250835,0.5718452129290973,0.7019739222563159,PFE,Pfizer,,,
2022-10-04,0.5988335162895172,0.5779093669394343,0.5652167074886356,0.5949500663376243,0.5571879976747685,-0.1753146988624729,0.4646845059565325,0.5796019562129912,0.6932982420414696,PFE,Pfizer,,,
2022-10-05,0.5570406719188128,0.5407025788983081,0.514537979696075,0.5492222456313811,0.5429193312104167,-0.934732298377562,-0.4852634466284467,0.5748709067490076,0.6815075240423087,PFE,Pfizer,,,
2022-10-06,0.4304309863368815,0.4279880816481604,0.4509201510320572,0.4778422743297517,0.5034063586591737,-0.5470142482251443,-1.4863268600100714,0.5393660532470625,0.658962483524273,PFE,Pfizer,,,
2022-10-07,0.3357815102678884,0.3437256376300589,0.3722066361302369,0.3529268990937111,0.4254782287352298,-0.6666497734269881,-1.1371305105969505,0.4888476747234456,0.62962608716832,PFE,Pfizer,,,
2022-10-10,0.2657169383234693,0.2813496131859256,0.3258410790703623,0.3339667803546736,0.3486474952960136,-0.8004606411142317,-0.8564906698771122,0.4332744369470072,0.59641212825883,PFE,Pfizer,,,
2022-10-11,0.2866128076787941,0.2999527984821226,0.3204498213178049,0.3005074719893085,0.272914577035341,-0.6129192836469992,0.2620414830256925,0.3968686725426014,0.5681694365140413,PFE,Pfizer,,,
2022-10-12,0.3001333716457547,0.3119903501202425,0.3819110646154804,0.3529268990937111,0.3201105810611241,-0.7449476232372764,0.1697159758388226,0.3729769696738489,0.5437571748570349,PFE,Pfizer,,,
2022-10-13,0.416909869539894,0.4159505300100413,0.3840676499818235,0.3283902998701443,0.2838902166578803,-0.4823218169508856,1.4437706816986775,0.3845328404706119,0.5324719290613187,PFE,Pfizer,,,
2022-10-14,0.4021587059331388,0.4028188452451532,0.4077896776849967,0.4020009484572232,0.4079169541228788,-0.8554825543114105,-0.1756566303289731,0.3894765170459137,0.5208347556668741,PFE,Pfizer,,,
2022-10-17,0.4992671699616136,0.4892699729655248,0.4541552347448712,0.4945717157833389,0.4408442916843094,-0.8737989399608515,1.1777955712018031,0.4176946669078665,0.5193260983065788,PFE,Pfizer,,,
2022-10-18,0.5533527428096173,0.537419762069269,0.5134598926762036,0.5425302137750324,0.5352362997358765,-0.7668230020599124,0.6451975267914746,0.4525095982557146,0.523006552069667,PFE,Pfizer,,,
2022-10-19,0.4328888686363094,0.4301767653504304,0.48219002185413,0.4443829659643865,0.5198702367867961,-0.4872025486449604,-1.415026172154881,0.4482154468393536,0.5151002737498884,PFE,Pfizer,,,
2022-10-20,0.4083061758318438,0.4082903457764623,0.411024350071211,0.4533052496479957,0.4496251383373923,-0.8109496669909391,-0.29343063311261,0.4387901069057682,0.505616557257862,PFE,Pfizer,,,
2022-10-21,0.6590671118662507,0.6315310740232196,0.5997212506969236,0.4722657938452224,0.4540155616639333,0.3325784853374687,3.034070037991663,0.4950137202657055,0.5204177741911508,PFE,Pfizer,,,
2022-10-24,0.7315895661100976,0.696095782169623,0.6762781802324,0.6953284168919087,0.6482873975783356,-0.3709562520356481,0.839390908170168,0.5554862591316465,0.5406475165535091,PFE,Pfizer,,,
2022-10-25,0.737735377518721,0.7015672827009319,0.6708869224798426,0.684175030464661,0.6691412803386857,-0.4828189846514,0.0724044099251658,0.6023918797578134,0.5596122520245963,PFE,Pfizer,,,
2022-10-26,0.7955083266458933,0.7530003060824473,0.7603833642133774,0.7655928368217187,0.7404837752728181,-0.5870483741580337,0.6598035527064321,0.6521531161577425,0.5822493071190499,PFE,Pfizer,,,
2022-10-27,0.7561744702346717,0.7179822017435911,0.7021567933019163,0.7722848686780674,0.7284107391655501,-0.6495096138007154,-0.4406277493632354,0.679546090564105,0.5991543983325325,PFE,Pfizer,,,
2022-10-28,0.9639114094285558,0.9029215913737212,0.8541925653529978,0.8001676965589033,0.7470694102626296,-0.1962199943670318,2.3585224638665783,0.7525240871288529,0.6339267064506322,PFE,Pfizer,,,
2022-10-31,0.8557408165625742,0.8066215957175006,0.8401749661350681,0.8682018646614529,0.8678035395796291,-0.0684297062726034,-1.1807510676494188,0.7799550861851747,0.6554340263784609,PFE,Pfizer,,,
2022-11-01,1.0352060281827415,0.9663917489446234,0.9512364388788326,0.9641188606448382,0.9687807639271936,-0.0288503068950626,2.0024491801810944,0.8458257542805699,0.6917494070911885,PFE,Pfizer,,,
2022-11-02,0.9196590242683432,0.8635261196303249,0.9242797387894452,0.913929685367696,0.9435364578403024,-0.3199601846084888,-1.2461644431230798,0.8660644344204488,0.7139705133123809,PFE,Pfizer,,,
2022-11-03,0.9072618109159656,0.8088102794197706,0.7765571374710496,0.8258198471542895,0.7887775944771431,-0.6648551192885457,-0.1342416979368224,0.878114360285883,0.7330135349012549,PFE,Pfizer,,,
2022-11-04,0.9878461854415392,0.879941038672984,0.8563491507193409,0.8760090224314317,0.9106091202788712,-0.3978457490085944,0.8924542849198258,0.9074914801514258,0.7578525015146134,PFE,Pfizer,,,
2022-11-07,0.9717289788384084,0.8657148033325949,0.8682101645709275,0.8916233379713895,0.8765839675388979,-0.6539538080016556,-0.17317225606544,0.9254563012359726,0.7789279235101201,PFE,Pfizer,,,
2022-11-08,1.0039617335545896,0.8941668565646402,0.8789926800760423,0.8916233379713895,0.8634131162530879,-0.7903657115854931,0.3544752746442842,0.9470655360720172,0.8010981566250528,PFE,Pfizer,,,
2022-11-09,0.9258579073595452,0.8252251984624297,0.8520359799866548,0.8860468574868602,0.8765839675388979,-0.9544553048382144,-0.8460594845961313,0.9435588826515364,0.8139574852864959,PFE,Pfizer,,,
2022-11-10,1.007681726805343,0.8974500908424121,0.8789926800760423,0.9027762989404474,0.9171943365748702,-0.6432707654613328,0.9032424885669236,0.9615814067088264,0.8332906854625498,PFE,Pfizer,,,
2022-11-11,1.0349555961805732,0.9215247766699174,0.8736014223234849,0.8425497140660666,0.8667057244010871,-0.6172482804539178,0.2984853395686046,0.9819822850786376,0.8534138869330958,PFE,Pfizer,,,
2022-11-14,1.2382765291198847,1.1009930832174712,1.1021941239100428,1.0232303196055896,0.967683367442465,-0.299958279193889,2.1994961815600864,1.0486015998097338,0.8906992648035766,PFE,Pfizer,,,
2022-11-15,1.155212711923835,1.0276736402619877,1.07092425308797,1.0511131474864257,1.1158565958158126,-0.3425509998782065,-0.8653056529625189,1.077600593543694,0.9168363372490088,PFE,Pfizer,,,
2022-11-16,1.0907449911713665,0.9707691163491636,1.0202459366220091,1.036613957860098,1.0565871369889483,-0.925710523519446,-0.6803374958661721,1.0830780426567772,0.9345755884999348,PFE,Pfizer,,,
2022-11-17,1.1254582942180753,1.0014102707322117,0.9598627803442048,0.9786176248129776,0.9468290659883016,-1.0828094538612751,0.3739949459923532,1.0959478444331776,0.9539446392093168,PFE,Pfizer,,,
2022-11-18,1.1130599752056445,0.9904668522208616,0.9954458218989646,1.016538287749241,1.039025862376597,-0.6319996099094258,-0.1295604314753272,1.1024708324549453,0.9703947797840085,PFE,Pfizer,,,
2022-11-21,1.106861644944469,0.9849953516895524,0.9361407526410324,0.9998088462956528,0.979756403549732,-0.9915670547753972,-0.0637115942524587,1.1057986011192993,0.9847704868193952,PFE,Pfizer,,,
2022-11-22,1.2184398820960265,1.0834840310480431,1.0407328806123677,1.057805179342774,1.006098524815166,-0.8931884802809151,1.1936021150814211,1.1364570229860105,1.0082614778263248,PFE,Pfizer,,,
2022-11-23,1.1899254621405182,1.0583143771963033,1.037498208226153,1.0890338104226898,1.0741484116012991,-1.2356157655206137,-0.2964444045237298,1.1522537363319585,1.026953483385597,PFE,Pfizer,,,
2022-11-25,1.2345565358691302,1.0977098489397,1.037498208226153,1.1247237960735044,1.0708558034533,-1.4751414627952963,0.472339194287164,1.175366253674588,1.048115061628696,PFE,Pfizer,,,
2022-11-28,1.2791870567677155,1.1371053206830963,1.0935681937712711,1.1492608207552604,1.0982953212034618,-0.629725977132683,0.4688954854410543,1.203965484479199,1.0715216543099173,PFE,Pfizer,,,
2022-11-29,1.2692703917458683,1.1283510033227484,1.08601993932577,1.1537217498679695,1.1334178704281637,-0.8445448649000925,-0.1005084000305273,1.2229119192621358,1.091874090951973,PFE,Pfizer,,,
2022-11-30,1.348613662861136,1.1983872120004608,1.1356205800984596,1.147030143469811,1.148783933377244,0.271766387335518,0.827039643631518,1.257148163553034,1.1177875073845185,PFE,Pfizer,,,
2022-12-01,1.4663907831038954,1.3023473918902604,1.246682052842224,1.2853287315021713,1.2223220586684602,-0.4545895600953599,1.210870331920595,1.312552554027158,1.1523463429685572,PFE,Pfizer,,,
2022-12-02,1.4453152439898405,1.2837437891453312,1.2650128227928397,1.307635078898477,1.2497615764186218,-0.8614788818212739,-0.2098349811479071,1.3487863339078796,1.181794867494249,PFE,Pfizer,,,
2022-12-05,1.4229986014654803,1.264046053273633,1.2326644536242952,1.2931358892721485,1.288176733791323,-0.7961073922243612,-0.223083145050833,1.370328898580779,1.2064817271922783,PFE,Pfizer,,,
2022-12-06,1.296543708291071,1.1524256891502545,1.2132555966538066,1.1626444590097686,1.26183461252589,-0.5640573995196093,-1.2797780194669637,1.354568325629634,1.2171125796083508,PFE,Pfizer,,,
2022-12-07,1.3622508739637655,1.21042476363858,1.2456039658223528,1.226217272541419,1.1608573881783253,-0.9191806501846402,0.6822918781478068,1.3593325307598447,1.2329144871827893,PFE,Pfizer,,,
2022-12-08,1.5531723822305905,1.3789492342260516,1.3232389823777004,1.2563307777077044,1.2080533922041086,-0.3015467906272401,1.957094694637168,1.4110946981796488,1.265113225437711,PFE,Pfizer,,,
2022-12-09,1.5457335013891371,1.3723836005679728,1.4278311103490362,1.4358962573335972,1.3803735301796187,-0.6764415519188276,-0.071502813282929,1.4480387336652885,1.2936899635913208,PFE,Pfizer,,,
2022-12-12,1.6002834514597049,1.420533389671717,1.4008744102596489,1.4492798955881054,1.4209838992155903,-0.7614026615201572,0.5449073712220517,1.489515289075322,1.3247641529043015,PFE,Pfizer,,,
2022-12-13,1.7131011335314863,1.5201162021569763,1.5572233530434163,1.5753103967377762,1.5285467585529655,-0.0987387469417711,1.1149310419924965,1.5490981396574777,1.3635513549330422,PFE,Pfizer,,,
2022-12-14,1.887905988025208,1.6744148548527904,1.6531891395493798,1.577541074023226,1.5329371818795074,0.3134557179298762,1.69665138742106,1.6379064118871596,1.4151404103133227,PFE,Pfizer,,,
2022-12-15,1.7800471912943776,1.579209409772071,1.5992757393706047,1.633306729784897,1.635012221405614,-0.5737582327003791,-1.0159489047766523,1.67728881573058,1.451964806177888,PFE,Pfizer,,,
2022-12-16,1.5060618658315028,1.3373654962291166,1.460179068190981,1.410244106738211,1.5186685154151558,2.09775421695182,-2.6264019109372763,1.637671112726638,1.459849436339782,PFE,Pfizer,,,
2022-12-19,1.501102427660525,1.3329881288245766,1.3167696376052718,1.332172103580233,1.3551292240927275,-0.909964858662909,-0.0472368724839416,1.606706062242361,1.466554036676715,PFE,Pfizer,,,
2022-12-20,1.496143542319574,1.3286107614200364,1.2844212684367262,1.3477864191201907,1.3211040713527542,-1.1311499182051987,-0.0472699919300407,1.5822306406833635,1.4721859342654078,PFE,Pfizer,,,
2022-12-21,1.5382951733777106,1.3658175494611626,1.354508853199774,1.3879377593419044,1.3650074672305383,-1.101368360340235,0.4248700985294258,1.57451323999939,1.4812430902673566,PFE,Pfizer,,,
2022-12-22,1.535816283537262,1.3636288657588926,1.304908623753685,1.3600549314610688,1.3430557692916465,-0.9863346678785192,-0.0222887062094583,1.568099512174041,1.48924532327568,PFE,Pfizer,,,
2022-12-23,1.5593712653217924,1.384421152206092,1.3318653238430729,1.3923991139128036,1.3595196474192686,-1.2383016837075391,0.2370168000811277,1.5692345461277974,1.4987202761018517,PFE,Pfizer,,,
2022-12-27,1.4725885605350435,1.3078188924215697,1.3297087384767297,1.3712078924301274,1.3924469849807,-1.155402001157123,-0.8588528257663565,1.5481816737746743,1.4992277745605644,PFE,Pfizer,,,
2022-12-28,1.431676927227158,1.271706237507212,1.2714821675652686,1.3377485840647625,1.3035427967404034,-1.2754437487484118,-0.4091792596966033,1.522065832216272,1.495867711918338,PFE,Pfizer,,,
2022-12-29,1.497384092899852,1.3297053119955375,1.3016735400408703,1.364516286031968,1.3002501885924045,-1.3410820112577957,0.667703474724764,1.5190635858910382,1.4989506058034143,PFE,Pfizer,,,
2022-12-30,1.4862268772977258,1.3198564440596885,1.2725606659117403,1.3377485840647625,1.3298849180058363,-1.194059821382491,-0.1094114604219333,1.51399579509935,1.500711076766991,PFE,Pfizer,,,
2023-01-03,1.4887052143081476,1.3220447103132265,1.2650128227928397,1.3455557418347412,1.2991523734138624,-0.9389521608111968,,1.5012945738316332,1.5208622153117513,PFE,Pfizer,,,
2023-01-04,1.3486131100311092,1.1983872120004608,1.189533980277235,1.200565121946033,1.2201268470051898,-0.5627659761024193,-1.4033640122954942,1.4659350149446286,1.5077766597098663,PFE,Pfizer,,,
2023-01-05,1.2903448251998686,1.1469541886189454,1.120524893860659,1.1336460797571135,1.1586621765150549,-0.6689294692244689,-0.5954810048077323,1.4247083010150206,1.4904380458628277,PFE,Pfizer,,,
2023-01-06,1.446554136080039,1.2848379222721005,1.294125696921969,1.205026476516932,1.1861016942652165,-0.088183027836946,1.620381768089468,1.4332158432694313,1.4892666819840426,PFE,Pfizer,,,
2023-01-09,1.1328971750595287,1.0079759043902896,1.149637767989789,1.065612337112753,1.1937847257397567,-0.0152327623175569,-3.166019599014198,1.3604287849718817,1.458904111727551,PFE,Pfizer,,,
2023-01-10,1.0374350388510487,0.9237134603721882,0.9566281079579904,0.9618881833593886,1.0071959212998938,-0.113884172745248,-1.0123373502568431,1.2817436356238243,1.4223849621691742,PFE,Pfizer,,,
2023-01-11,1.0163594997369938,0.9051102750759912,0.877914593056171,0.9038918503122676,0.9358534263657624,-0.4891730303848043,-0.225255225869903,1.2174102606379102,1.3872171365653965,PFE,Pfizer,,,
2023-01-12,1.048593912943255,0.9335623283080372,0.8757580076898279,0.8726632192323519,0.8886574223399791,-0.4695834103803872,0.3518220625502216,1.1772962670276963,1.3582572995043278,PFE,Pfizer,,,
2023-01-13,1.0659500116365836,0.9488826967751944,0.9232016517695738,0.9741566957002666,0.9139017284268702,-0.7489552799450819,0.1895121692176722,1.1515914897553006,1.3335513525968112,PFE,Pfizer,,,
2023-01-17,0.8465146362442765,0.7551889897847173,0.7700877926986209,0.7756306718771472,0.8085340807527647,-0.1030071135413098,-2.3564547117091577,1.076926929710302,1.2905946439574203,PFE,Pfizer,,,
2023-01-18,0.7126214150584401,0.6370025745545286,0.6741215948660563,0.6930977396064592,0.6998734062368466,0.1664092759716198,-1.492194165574258,0.98713356267705,1.239036552899419,PFE,Pfizer,,,
2023-01-19,0.7076608712274086,0.6326252071499886,0.6115822645485102,0.6562922025838251,0.6087744250270927,-0.271346884331356,-0.0543079958680134,0.9185364850997352,1.1917022124875496,PFE,Pfizer,,,
2023-01-20,0.7262586261610686,0.6490401261926477,0.6288345361526542,0.6663300376392536,0.6702386768234151,-0.3572780772507626,0.2151627337302553,0.8717827916503113,1.1504081507647372,PFE,Pfizer,,,
2023-01-23,0.710140866727911,0.6348138908522586,0.6169735223010676,0.676367872694682,0.6438969742517946,-0.7088726498462886,-0.1813905481247464,0.8326493632131041,1.1113625862710936,PFE,Pfizer,,,
2023-01-24,0.6766681142614788,0.6052672870447114,0.5770777213402222,0.6016420981939729,0.6307257042721713,-0.7419464279719757,-0.3803850658221059,0.7948506946708521,1.0727400357503198,PFE,Pfizer,,,
2023-01-25,0.7212997408201177,0.6446627587881076,0.5943299929443662,0.6507157220992958,0.6427991590732535,-0.6222078314175863,0.5158610172208875,0.7777668151328603,1.0417975237405526,PFE,Pfizer,,,
2023-01-26,0.6700026426276052,0.5549288142386971,0.5069901365771745,0.5414150878614021,0.5517001778634988,0.4471574512438362,-0.5830441637051124,0.7520064037366286,1.0088764694169037,PFE,Pfizer,,,
2023-01-27,0.6124508255111776,0.5045903414326829,0.5113033073098606,0.5603752066004406,0.5538953895267693,-0.4420997373751187,-0.6605131317233871,0.7181598884707808,0.9735725069634,PFE,Pfizer,,,
2023-01-30,0.5824238626021754,0.4783265544541747,0.4897378649730305,0.5179936145514655,0.5066993855009863,-0.4055033442006646,-0.3471033219447018,0.685196129759763,0.938673273029512,PFE,Pfizer,,,
2023-01-31,0.6587426006404827,0.5450799463028481,0.5048335512108322,0.4399216113934874,0.4199904089239601,1.1296716957183726,0.8955944811111042,0.6797363300506357,0.9140753860637508,PFE,Pfizer,,,
2023-02-01,0.6349709094854226,0.524288077304381,0.4940510357057166,0.5191087404650957,0.5198702367867961,-0.4006468645895417,-0.2719773133506504,0.6696414525186279,0.88949323296495,PFE,Pfizer,,,
2023-02-02,0.6812632374447546,0.5647776821745462,0.5242424081813185,0.5291465755205241,0.4891381108886352,0.2539714214695434,0.5390033780304694,0.673754580967654,0.871469839420285,PFE,Pfizer,,,
2023-02-03,0.6462309514725451,0.53413694524023,0.5166945650624181,0.5715285930276875,0.5692614524758498,-0.4455314071128161,-0.4003045234609289,0.6679972003625606,0.8518126823594585,PFE,Pfizer,,,
2023-02-06,0.6086965567987587,0.5013071071549118,0.5069901365771745,0.5547987261159104,0.5506023626849561,-0.7893531871222502,-0.4318083297199153,0.6542054001622905,0.8304365717636333,PFE,Pfizer,,,
2023-02-07,0.5874269743452762,0.4827039218587147,0.4638596632301147,0.5012637476396884,0.5099919936489853,-0.490549336092326,-0.2453422365510397,0.6384930600665115,0.8090170202487179,PFE,Pfizer,,,
2023-02-08,0.6362208581761573,0.52538221043115,0.4854246942403436,0.5324923787196048,0.4803572642355531,-0.7110735263741759,0.5729316774430195,0.6390244898617689,0.7941023813898116,PFE,Pfizer,,,
2023-02-09,0.5561495099155115,0.4553460017534376,0.5102252202899893,0.5001486217260581,0.5429193312104167,-0.6233476793163267,-0.925564979792202,0.6192128757127238,0.7730644101288352,PFE,Pfizer,,,
2023-02-10,0.6237108674983001,0.5144392093685319,0.4724855933688865,0.5023788735533186,0.4748694444242834,-0.7561035813951617,0.7969332954942748,0.621406802109023,0.7602496721355444,PFE,Pfizer,,,
2023-02-13,0.6374730181869993,0.526476761006651,0.4757202657551008,0.5302617014341544,0.4946259306999049,-0.8010669431880298,0.1622481029460122,0.6265258443670036,0.7498853888232525,PFE,Pfizer,,,
2023-02-14,0.6036928922256319,0.4969301571991038,0.4962076210720597,0.5380692846623224,0.5396267230624175,-0.8235668131466778,-0.3890004109295744,0.6218389470919775,0.737308019510001,PFE,Pfizer,,,
2023-02-15,0.5536468483839079,0.4531573180511675,0.4325897924080411,0.4856494320997306,0.4660885977712013,-0.7333611906069945,-0.5810464997745541,0.6056920412952653,0.7211994064433406,PFE,Pfizer,,,
2023-02-16,0.5073556260846295,0.4126677131810023,0.3862242353481666,0.4477287691634663,0.4364542870515824,-0.8038559327275011,-0.5422557065399192,0.5818978544207556,0.7022312976592072,PFE,Pfizer,,,
2023-02-17,0.5398835920351548,0.4411197664130484,0.4067111793385249,0.4265379731389792,0.4079169541228788,-0.7758811550424561,0.3884045275160853,0.5722623452600327,0.6880258957121116,PFE,Pfizer,,,
2023-02-21,0.4760765031647862,0.3853097930757252,0.359267535258779,0.4309989022516892,0.39913652616361,-0.8326795333158634,-0.7502534896529062,0.5489306621593489,0.6691518777546994,PFE,Pfizer,,,
2023-02-22,0.4360405526194488,0.350291688736869,0.3549543645260929,0.3964244679726939,0.3892582830257993,-0.8303998375183825,-0.4754976482387562,0.5213267368183276,0.6482540494615698,PFE,Pfizer,,,
2023-02-23,0.4260315649831148,0.3415369539277889,0.3398586782882919,0.3863866329172654,0.3420622790000162,-0.6054557051185444,-0.1179816370372902,0.4980975020586848,0.6283211162030351,PFE,Pfizer,,,
2023-02-24,0.357218600219512,0.2813496131859256,0.2643798357726868,0.307199078387468,0.3135249460713133,-0.8660564624784496,-0.826762900116563,0.463307030543049,0.6037726687348929,PFE,Pfizer,,,
2023-02-27,0.2358591414026868,0.1752007495938567,0.2298752925643988,0.2202047915458808,0.2487676674331776,-0.2861770330564579,-1.479181633080671,0.4065827794219749,0.5701200992337123,PFE,Pfizer,,,
2023-02-28,0.2095853415460498,0.1522201968931188,0.1198919068405057,0.1488248202442514,0.1455952314223433,-0.0002085969288397,-0.3259908845530475,0.3574080255264187,0.5370727025824013,PFE,Pfizer,,,
2023-03-01,0.1607914577151678,0.1095419083206836,0.1252831645930631,0.1544013007287808,0.1521808664121549,-0.6054496420978065,-0.610615718323038,0.3082112752376598,0.5024719340174661,PFE,Pfizer,,,
2023-03-02,0.2158411661300186,0.1576916974244278,0.127439749959407,0.1175961891643359,0.0973018309118316,-0.7263341495716743,0.7007082928458294,0.2852083814351792,0.4761587071428569,PFE,Pfizer,,,
2023-03-03,0.2821514693620188,0.2156907719127532,0.1705706346330664,0.2213203429177002,0.190596023784856,-0.6165085919238841,0.8344394191064973,0.2846930791891064,0.4584314252406524,PFE,Pfizer,,,
2023-03-06,0.2771461462988115,0.2113134045082132,0.1791965647718381,0.2302426266013093,0.2103525100604774,-0.7066778363391395,-0.0596035429136614,0.28304324782432,0.441848183194586,PFE,Pfizer,,,
2023-03-07,0.1808088801578091,0.1270509604901117,0.165179376880509,0.1499399461578809,0.2070599019124783,-0.4780413243098709,-1.1920163757606126,0.2574901339333112,0.4177739525563796,PFE,Pfizer,,,
2023-03-08,0.1532840259503837,0.1029758572138735,0.1047962206027048,0.1287491501333945,0.1258387451467219,-0.8690879728474401,-0.3453795889717156,0.2313779640580114,0.3933172797021644,PFE,Pfizer,,,
2023-03-09,0.0707100161581343,0.0307509648338911,0.1047962206027048,0.0618305334026643,0.1357169882845326,-0.7581953235497652,-1.046639143852223,0.1909519728159313,0.3633709664688739,PFE,Pfizer,,,
2023-03-10,0.0619515300425617,0.0230907806003121,0.0357871341861288,0.052907824260866,0.012788065998076,-0.288735627807886,-0.110736970425063,0.1584218179972599,0.3353289431595366,PFE,Pfizer,,,
2023-03-13,0.1207549543398046,0.0745238039818274,0.0983264645036756,0.0562536274599458,0.0094950391562635,0.2551961516586155,0.7632851826453174,0.1488663170397541,0.3153288345722017,PFE,Pfizer,,,
2023-03-14,0.1257597245729851,0.0789011713863674,0.059509161889302,0.085252006712601,0.0962040157332896,-0.3945050245819668,0.0663892240933384,0.1429629064663277,0.2976143972624215,PFE,Pfizer,,,
2023-03-15,0.1733008955629981,0.1204849093833024,0.1004830498700194,0.0785599748562523,0.0643740746565869,-0.3390405108709154,0.6096932443482042,0.1505348458944686,0.2859510321428619,PFE,Pfizer,,,
2023-03-16,0.1845620432101743,0.1303337773191507,0.096170290463933,0.1075583541089074,0.0973018309118316,-0.6059649988605349,0.1448881943120437,0.1590561391928041,0.2763998407443689,PFE,Pfizer,,,
2023-03-17,0.1507824700788337,0.1007871735116027,0.128518248305878,0.1376718592751928,0.1598638978866951,1.5986645388634273,-0.4240899575709059,0.1569210697335713,0.2645616975362927,PFE,Pfizer,,,
2023-03-20,0.2396128572850789,0.178483983871627,0.1360660914247784,0.1320949533324735,0.1060822588711004,-0.6223654699567739,1.1314700989398516,0.1777407550572759,0.2620971116535353,PFE,Pfizer,,,
2023-03-21,0.2208448307031454,0.1620690648289679,0.1414573491773358,0.1733618449260074,0.1851082039735863,-0.6735009868609068,-0.2320072501223523,0.1886184273735367,0.2581035176690892,PFE,Pfizer,,,
2023-03-22,0.1395218752616844,0.0909383055757544,0.1349875930783059,0.1376718592751928,0.1675469293612353,-0.9486287419090148,-1.0170246713678566,0.1762505866774227,0.246876860395746,PFE,Pfizer,,,
2023-03-23,0.1607914577151678,0.1095419083206836,0.0972483774838043,0.138786985188823,0.1093748670190995,-0.8568406709567182,0.2733479343367614,0.1723431961009133,0.2386575320295975,PFE,Pfizer,,,
2023-03-24,0.187064704741778,0.1325224610214207,0.0929352067511182,0.1242877955624954,0.1005944390598307,-0.8410768170379673,0.3356738742507267,0.1760440791877524,0.2336395153452514,PFE,Pfizer,,,
2023-03-27,0.1657951222882945,0.1139192757252236,0.1101874783552622,0.1354411819897432,0.1499856547488844,-0.6564760246286557,-0.2660124015707158,0.1734512515573052,0.2270909582953184,PFE,Pfizer,,,
2023-03-28,0.1370192137300807,0.0887500393222165,0.0756829351469742,0.1231726696488652,0.112667893860912,-1.064232358320101,-0.3622712729022608,0.164243527475133,0.218449858988468,PFE,Pfizer,,,
2023-03-29,0.1695493910007135,0.1172020925542626,0.0724482627607599,0.1376718592751928,0.1082774705343709,-1.0101502133373093,0.4170047632819407,0.165548423550779,0.2136328540276056,PFE,Pfizer,,,
2023-03-30,0.1858142032210164,0.1314283278946517,0.096170290463933,0.1666698130696588,0.1368143847692612,-1.1189814355840706,0.2083563169856325,0.1706323704083876,0.2107730027213707,PFE,Pfizer,,,
2023-03-31,0.2383618029342905,0.177389433296126,0.1328314190385641,0.1700156162687394,0.151083051233613,-0.4666549713639423,0.6656670865756416,0.1877084616610946,0.2130814411979965,PFE,Pfizer,,,
2023-04-03,0.3071736620378406,0.2375767740379885,0.20184050545514,0.2112825078622717,0.1664491141826926,-0.6228626376572883,0.8620190483460923,0.2178837964754705,0.2216075174064148,PFE,Pfizer,,,
2023-04-04,0.2508728992722013,0.188332851807476,0.2083098502275695,0.2235505947449606,0.2487676674331776,-0.7018456088109686,-0.6915839698507105,0.2263048597698708,0.2240996215149439,PFE,Pfizer,,,
2023-04-05,0.3321964075436892,0.2594631936119574,0.2827106057233026,0.2692784154512038,0.2323042079993694,-0.0844421440416116,1.0158358059660628,0.2531468917095102,0.2339613396300862,PFE,Pfizer,,,
2023-04-06,0.3259400301296934,0.2539916930806484,0.2697710935252435,0.2915847628475102,0.3025493064487732,-0.3127633789925051,-0.0743532858465936,0.2716992920817142,0.2423421497032695,PFE,Pfizer,,,
2023-04-10,0.3547164915179341,0.2791609294836555,0.2309537909108706,0.2637019349666744,0.216938145050289,-0.9672361525538788,0.3558169241601027,0.2928768352557335,0.2526489852147968,PFE,Pfizer,,,
2023-04-11,0.3622244761127451,0.2857269805904656,0.2579104910002581,0.3283902998701443,0.2882806399844214,-0.9571230339629262,0.0940957138736367,0.310655024656597,0.262720132518643,PFE,Pfizer,,,
2023-04-12,0.3096757707394174,0.2397654577402593,0.236345048663428,0.2804318018784515,0.2696219688873418,-0.8521721449884728,-0.6385152426885758,0.3107252565266848,0.2669673144000395,PFE,Pfizer,,,
2023-04-13,0.3221874199073551,0.2507088762516094,0.2266406201781845,0.2837776050775313,0.2586459105709899,-0.4977400786875716,0.156540296773739,0.313935898523244,0.2719970619881203,PFE,Pfizer,,,
2023-04-14,0.2871556867651724,0.2200677218685604,0.2277187071980558,0.2425111389421873,0.2564506989077186,-0.6343641879972385,-0.4281671243123324,0.3075017926143292,0.2732973575951494,PFE,Pfizer,,,
2023-04-17,0.2859051852444109,0.2189735887417922,0.181353150138182,0.2458569421412671,0.2136451182084766,-0.817400721056151,-0.0130807001361075,0.302360583815878,0.2743626391612875,PFE,Pfizer,,,
2023-04-18,0.207083232844473,0.1500315131908488,0.1867448192173391,0.1978984441495752,0.2312063928208283,-0.760838800591525,-0.9731964653527736,0.2786098410172589,0.2679685703598874,PFE,Pfizer,,,
2023-04-19,0.1682988894799519,0.1161079594274936,0.1037181335828335,0.1610933325851294,0.1379121999478031,-0.8413072118260105,-0.4851038477116202,0.25100752934061,0.2585330590159176,PFE,Pfizer,,,
2023-04-20,0.1195038999890162,0.0734292534063256,0.0638219212953869,0.1153655118788863,0.0994970425751021,-0.664430707836887,-0.6156567655464276,0.2179898316449736,0.2453975374542121,PFE,Pfizer,,,
2023-04-21,0.164544620767533,0.1128247251497226,0.0756829351469742,0.1287491501333945,0.1005944390598307,-0.7192707304119264,0.578473935242664,0.2045949365334575,0.2376632639541221,PFE,Pfizer,,,
2023-04-24,0.1270102260937466,0.0799953045131364,0.0649004196418594,0.1064428027370881,0.1115700786823693,-0.8158789028509177,-0.4733819502970176,0.1850750004533697,0.227126138413509,PFE,Pfizer,,,
2023-04-25,0.0544457567678592,0.0165251469422341,0.034708635839657,0.0584843047453962,0.0632766781718583,-0.4000344994950056,-0.9243272051459994,0.1521196148471063,0.2107689182772698,PFE,Pfizer,,,
2023-04-26,-0.0331341289176253,-0.0600771128422883,-0.0440048790621631,-0.0396629430652504,-0.0014806004662757,-0.5268122631261911,-1.1325829661652795,0.1052977175910451,0.1877181610145374,PFE,Pfizer,,,
2023-04-27,-0.0193714253988992,-0.0480395612041692,-0.082822181676536,-0.0497007781206788,-0.0607500592931401,-0.5248357183656093,0.1839804325629914,0.0736550316452854,0.1680484572772018,PFE,Pfizer,,,
2023-04-28,-0.0006056101370731,-0.0316250596102421,-0.0741962515377642,-0.0151263438416835,-0.051969212640058,-0.6108517935753477,0.2492892178165383,0.0546595507203678,0.1519197632364943,PFE,Pfizer,,,
2023-05-01,0.0394308932382899,0.0033930447286139,-0.0084218375074026,0.011641358125522,-0.0190418750786266,-0.4348726166554452,0.5271095556376101,0.0505182425777172,0.1409969958966913,PFE,Pfizer,,,
2023-05-02,0.020664525146437,-0.013021456865313,0.0562740781764872,-0.0140107924698641,0.012788065998076,0.4695057456840347,-0.2415506434776859,0.0426755884007994,0.1293143009564603,PFE,Pfizer,,,
2023-05-03,-0.0556547657218971,-0.0797748487139864,-0.0224394367253322,-0.0441242976361495,0.0029098228602653,-0.2042292447619049,-0.9934901193562984,0.017530438908444,0.1115649282167553,PFE,Pfizer,,,
2023-05-04,-0.0831807255893763,-0.1038499519902245,-0.1259530663501962,-0.0820449605724137,-0.1101412749821938,-0.4495875679865254,-0.3624888817687621,-0.0082760367389242,0.0928580229031876,PFE,Pfizer,,,
2023-05-05,-0.0506499954887167,-0.0753974813094464,-0.1184052232312957,-0.0742378028024348,-0.0870917618647599,-0.7193919908266859,0.4360997065893492,-0.0194200648016454,0.0788903368470306,PFE,Pfizer,,,
2023-05-08,-0.0281299115144717,-0.0557001628864803,-0.0936051085082513,-0.0452398490079696,-0.0706283024309501,-0.6662435510375433,0.3006074486984683,-0.0220939665363447,0.0682959694822118,PFE,Pfizer,,,
2023-05-09,-0.0519021554995588,-0.0764920318849474,-0.1000748646072804,-0.0407784944370697,-0.0761161222422205,-0.9156640981566112,-0.3109371258669082,-0.0300995601230619,0.0564442371098183,PFE,Pfizer,,,
2023-05-10,-0.0744222394738037,-0.0961897677566455,-0.0946831955281226,-0.0753529287160651,-0.0552622394818704,-0.9235278360537728,-0.2958986802246504,-0.0417878746254403,0.0435664059032277,PFE,Pfizer,,,
2023-05-11,-0.1136272864887666,-0.1749802937947059,-0.2100578390045731,-0.1723854760712698,-0.1727033419570581,-0.1530270346296542,-0.519341405957483,-0.0604495516175356,0.0281972685169478,PFE,Pfizer,,,
2023-05-12,-0.1427138855220768,-0.2001499476464459,-0.2025099958856726,-0.1701547987858203,-0.1716055267785154,-0.8821113413926236,-0.3878797653353725,-0.0817873316882834,0.0115084392093817,PFE,Pfizer,,,
2023-05-15,-0.1667431954696537,-0.2209418166449122,-0.2413277098266467,-0.1946918234675763,-0.2056306795184887,-0.8754965857674862,-0.3220083514325084,-0.1038557180480559,-0.0059077248207102,PFE,Pfizer,,,
2023-05-16,-0.1857141106714465,-0.2373567356875713,-0.2542668106981046,-0.2147670681202441,-0.2363628054166495,-0.3418719415555526,-0.2550283310332117,-0.1251953090335742,-0.0235126137528282,PFE,Pfizer,,,
2023-05-17,-0.2185942293490828,-0.2658087889196175,-0.2747541660150635,-0.2504574792292479,-0.2407532287431906,-0.478004946185443,-0.4455744325103345,-0.1494990173998925,-0.0425882850082243,PFE,Pfizer,,,
2023-05-18,-0.2527406052032462,-0.2953553927271646,-0.3038674514707932,-0.2883781421655121,-0.2703879581566228,-0.2011674192892244,-0.4661174743366742,-0.1763454199311544,-0.0631193081377427,PFE,Pfizer,,,
2023-05-19,-0.2160644791461618,-0.2636201052173474,-0.2100578390045731,-0.2493419278574285,-0.2769731744526211,0.1199240959735184,0.5093381534775623,-0.1872230859920371,-0.0783580749335635,PFE,Pfizer,,,
2023-05-22,0.0343404343509459,-0.0469454280774002,-0.0785094222704503,-0.2236897772620423,-0.2539240800290004,3.3121227035828,3.4362435097097936,-0.1321785781082957,-0.0688219768398608,PFE,Pfizer,,,
2023-05-23,0.1468949693299411,0.0504487007055892,0.0584306635428302,-0.0842756378578633,-0.0684330907676803,2.6852609264621923,1.4670080825730083,-0.0624861820826981,-0.0496394374664233,PFE,Pfizer,,,
2023-05-24,0.0191641444535339,-0.0600771128422883,0.0584306635428302,-0.0173570211271338,0.1016918355445585,0.4993539967771158,-1.6223860094928169,-0.0424564295204196,-0.0441316933194387,PFE,Pfizer,,,
2023-05-25,-0.0820103844225097,-0.1476223736894288,-0.1173271362114244,-0.1233114267077578,-0.0728235140942214,-0.0499435560424989,-1.3182292505786524,-0.0529707913455229,-0.0485750424845859,PFE,Pfizer,,,
2023-05-26,-0.1110986419459005,-0.1727920275411688,-0.1248749793303257,-0.1333492617631862,-0.1244095227527323,-0.6581857964767663,-0.385322739334005,-0.0681985036476148,-0.0553314919599245,PFE,Pfizer,,,
2023-05-30,-0.1857141106714465,-0.2373567356875713,-0.2413277098266467,-0.2047296585230047,-0.1990450445286771,-0.4073889436501767,-0.9982364484191256,-0.0984523982332431,-0.0684433111521142,PFE,Pfizer,,,
2023-05-31,-0.0579816273049577,-0.1268305046909617,-0.1485965957068976,-0.2103061390075341,-0.2275823774573815,0.9140585522342874,1.7426549415669628,-0.0889028561089577,-0.0684320638564364,PFE,Pfizer,,,
2023-06-01,-0.0579816273049577,-0.1268305046909617,-0.1496750940533694,-0.1177349462232284,-0.1156290947934635,-0.6568822470181005,0.0023931652861639,-0.0817406995157437,-0.068421839042184,PFE,Pfizer,,,
2023-06-02,-0.014981954985616,-0.0896237166498355,-0.1011529516271517,-0.0664306450324559,-0.1013604283291117,-0.5065011436539544,0.5726694161061461,-0.0655158690839615,-0.0643960818302457,PFE,Pfizer,,,
2023-06-05,0.021693341826427,-0.0578884291400183,-0.0623352376861776,-0.0318557852952715,-0.0761161222422205,-0.7698908905533308,0.4844821592240438,-0.0440903197258553,-0.0573105803182335,PFE,Pfizer,,,
2023-06-06,-0.0137176327141829,-0.0885295835230665,-0.0795875092903216,-0.0519314554061284,-0.0398957578389767,-0.7022275791174614,-0.4595840703772688,-0.0369589664865544,-0.054176841234266,PFE,Pfizer,,,
2023-06-07,0.052045368791224,-0.0316250596102421,-0.0580220669534915,-0.0697764482315357,-0.0903847887065731,-0.3513666320312311,0.8666086364001846,-0.0150117236250739,-0.0451852757878344,PFE,Pfizer,,,
2023-06-08,0.0773378953501812,-0.009738640036274,-0.0440048790621631,-0.0028578315008055,-0.0146514517520856,-0.8332252051822817,0.3303271872444641,0.0078325985116816,-0.0346486313334686,PFE,Pfizer,,,
2023-06-09,0.062162711112823,-0.0228703248011621,-0.0008739943885021,0.0127564840391522,0.0116902508195349,-0.6860453767677896,-0.1933563007594272,0.0211355898411788,-0.0264873290939416,PFE,Pfizer,,,
2023-06-12,0.1797772993276848,0.0789011713863674,0.0508828204239297,0.0261405477518496,-0.017944478593898,-0.1670811167002945,1.5242121353782845,0.0607990171487043,-0.008081960737048,PFE,Pfizer,,,
2023-06-13,0.2278337079027331,0.1204849093833024,0.0832307782658747,0.0774448489426221,0.0544958315187762,-0.2762639941498587,0.6097034196774708,0.102676132100655,0.013138987808758,PFE,Pfizer,,,
2023-06-14,0.1114851004493849,0.0198079637712731,0.0799961058796603,0.0629456593162945,0.1258387451467219,-0.547729684672226,-1.454085148037922,0.1047173208657947,0.0215630077451759,PFE,Pfizer,,,
2023-06-15,0.1608058312958662,0.0624862523437083,0.025004618681014,0.0584843047453962,0.0259589172838859,-0.6781149456425104,0.6342324206765523,0.1186968746659482,0.0338280994829372,PFE,Pfizer,,,
2023-06-16,0.200011431140856,0.0964102235557955,0.0821526912460034,0.1220571182770451,0.0753501329729396,1.7733280402831877,0.4997215974498197,0.1390771206669034,0.0486402526265486,PFE,Pfizer,,,
2023-06-20,0.1089559030764918,0.0176192800690031,0.0293173780870996,0.0640612106881138,0.0588862548453172,-0.2552010601061123,-1.143720324213898,0.13137968724497,0.053600640611214,PFE,Pfizer,,,
2023-06-21,0.0533107967227108,-0.0305305090347411,-0.0386132099830045,0.0004879716982742,0.0029098228602653,-0.7947068344338876,-0.7108289470295722,0.1115616634996185,0.0529124527402509,PFE,Pfizer,,,
2023-06-22,0.0318095784879722,-0.0491341117796702,-0.065569910072392,-0.0385478171516202,-0.025627510068439,-0.7912569756339763,-0.2763123757190114,0.0912711903583465,0.0502784673446706,PFE,Pfizer,,,
2023-06-23,-0.0225706527643488,-0.0961897677566455,-0.0785094222704503,-0.0530470067779469,-0.0508718161553294,-0.4606768329162929,-0.7055947571689761,0.062327644114013,0.0428044516130483,PFE,Pfizer,,,
2023-06-26,-0.2008892949088047,-0.2504884204524594,-0.2747541660150635,-0.2894932680791424,-0.2363628054166495,1.5184932156451028,-2.345239869397742,-0.0043880376850926,0.0193537175588732,PFE,Pfizer,,,
2023-06-27,-0.2603281973219253,-0.3019214438339747,-0.2801454237676208,-0.2761096298246333,-0.2429484404064611,0.0803083184715497,-0.8100525546478011,-0.0694273102815895,-0.00751712943624,PFE,Pfizer,,,
2023-06-28,-0.2767701915658375,-0.3161472617256318,-0.3297456532137098,-0.3039924577054691,-0.2934370525802434,-0.0623484964724083,-0.2252458591174938,-0.1223567606669038,-0.0334809662781948,PFE,Pfizer,,,
2023-06-29,-0.2982689220654551,-0.3347508644705609,-0.3642501964219977,-0.3341059628717552,-0.3494134845652953,-0.2913548527666938,-0.2963225915636425,-0.1674801758782667,-0.0590925820032919,PFE,Pfizer,,,
2023-06-30,-0.2274483550593024,-0.2734689731531965,-0.3071021238570083,-0.2917239453645919,-0.3252669936569461,-0.0134866123450184,0.9910461381941772,-0.1834474685670543,-0.075760746267416,PFE,Pfizer,,,
2023-07-03,-0.2312418747036285,-0.2767517899822355,-0.3081802108768797,-0.268302472054656,-0.2934370525802434,-1.029169909392356,-0.0497557558881174,-0.1963804308841482,-0.0912679634136875,PFE,Pfizer,,,
2023-07-05,-0.2552703554061661,-0.2975440764294347,-0.2779888384012778,-0.2638411174837561,-0.2846562059271613,-0.2583417048483865,-0.3281929463661029,-0.2121449946253866,-0.1076098571127476,PFE,Pfizer,,,
2023-07-06,-0.3602378510965081,-0.3883721541056141,-0.3588589386694403,-0.349720278411713,-0.3263643901416748,-0.0553578335615161,-1.449285240696104,-0.250462446943102,-0.1322708023151,PFE,Pfizer,,,
2023-07-07,-0.372884943621028,-0.3993155726169642,-0.4127723388482154,-0.3798337835779984,-0.4009999119176196,-0.4963819620422638,-0.1765879016690989,-0.2823926904800045,-0.1558711678895367,PFE,Pfizer,,,
2023-07-10,-0.3539137520042227,-0.3829006535743051,-0.3868941371052996,-0.3586425620953222,-0.3955120921063499,-0.8071602790297009,0.2716282532096061,-0.3015520021492285,-0.1755540073243107,PFE,Pfizer,,,
2023-07-11,-0.3109157381749611,-0.3456938655331789,-0.3836590533924848,-0.349720278411713,-0.3878290606318097,-0.8099613946106481,0.6100462367021705,-0.3050686915208612,-0.1894311907075617,PFE,Pfizer,,,
2023-07-12,-0.3147095342343001,-0.3489766823622179,-0.3610155240357834,-0.3162609700463479,-0.3263643901416748,-0.8403735066323615,-0.0507151470366984,-0.3086637711178533,-0.2024011783266276,PFE,Pfizer,,,
2023-07-13,-0.3058562377691213,-0.3413164981286389,-0.3491545101841968,-0.3162609700463479,-0.3472186915958382,-0.8746477628641689,0.1264313403109409,-0.309125489085249,-0.2133651180423192,PFE,Pfizer,,,
2023-07-14,-0.2729758426764705,-0.3128644448965927,-0.3351369109662672,-0.3062231349909194,-0.3153887505191354,-0.7988175624942387,0.4621661565272006,-0.3011726926658514,-0.2202610833749796,PFE,Pfizer,,,
2023-07-17,-0.3311498699881317,-0.363202917702607,-0.3750331232537131,-0.3318752855863057,-0.3351452367947569,-0.6386204285553012,-0.8052426007223275,-0.3098913493079504,-0.2319639926836952,PFE,Pfizer,,,
2023-07-18,-0.2830920793380158,-0.3216187622569408,-0.3362154093127389,-0.3207218991590579,-0.3570969347336489,-0.5021418317433459,0.678142590182502,-0.3043004484793948,-0.2381140765568649,PFE,Pfizer,,,
2023-07-19,-0.2577984471190054,-0.2997327601317055,-0.3124933816095658,-0.283916787594613,-0.3109983271925943,-0.7579164245958181,0.3543222461975555,-0.2937231037962749,-0.2413424645714182,PFE,Pfizer,,,
2023-07-20,-0.2160644791461618,-0.2636201052173474,-0.2725975806487204,-0.2671869206828359,-0.3044126922027828,-0.529419362043523,0.5798817942408058,-0.2752563488908777,-0.2403791262369041,PFE,Pfizer,,,
2023-07-21,-0.1363911685048577,-0.194678029666404,-0.2337798667077463,-0.2181132967775129,-0.2605097150188121,-0.420812471564067,1.0949684720809212,-0.2412965617972757,-0.2320613348741899,PFE,Pfizer,,,
2023-07-24,-0.1224797537089057,-0.182640895477017,-0.1938840657469009,-0.1545404832458625,-0.1935572247174074,-0.7078965035074737,0.189949587616904,-0.2123154494234663,-0.2232002855797637,PFE,Pfizer,,,
2023-07-25,-0.1793897351641467,-0.2318848177075302,-0.2025099958856726,-0.1902304688966772,-0.194654621202136,-0.5650335458584242,-0.7626282977645357,-0.2049438211125309,-0.2204605656541453,PFE,Pfizer,,,
2023-07-26,-0.1604204784524355,-0.2154703161136032,-0.2424062081731193,-0.2225746513484121,-0.2528266835442719,-0.6127677081285497,0.2604866938989542,-0.1946272172702273,-0.2161980535494407,PFE,Pfizer,,,
2023-07-27,-0.2371455465604859,-0.3259961296614808,-0.2790673367477496,-0.2872625907936928,-0.2550218952075432,-0.3482623654133847,-1.037311289622552,-0.2062553423265044,-0.21948968587576,PFE,Pfizer,,,
2023-07-28,-0.2537699747132625,-0.3402223650018699,-0.3394500816989533,-0.3051075836191002,-0.3099009307078665,-0.4266087193895769,-0.2266189856039613,-0.2191724787812475,-0.2240349135870184,PFE,Pfizer,,,
2023-07-31,-0.2550470120753144,-0.3413164981286389,-0.3674852801348133,-0.3162609700463479,-0.3285596018049453,0.5562736354652827,-0.0152622481242147,-0.2291826581944654,-0.2282862227565161,PFE,Pfizer,,,
2023-08-01,-0.3125919188164052,-0.3905608378078842,-0.2887717652329931,-0.3776031062925488,-0.3614869393663766,0.5966776056631891,-0.7934022555564935,-0.2512147552789402,-0.2375261350483602,PFE,Pfizer,,,
2023-08-02,-0.3458410515369723,-0.4190133084886624,-0.3998332379767575,-0.3876409413479773,-0.3889264571165383,0.1946993307350397,-0.4632236681466494,-0.2761309831851327,-0.249031750507379,PFE,Pfizer,,,
2023-08-03,-0.3905970648516553,-0.4573142296565576,-0.4656076520071191,-0.4277922815696911,-0.438317672805592,-0.328242270936571,-0.6289746331803484,-0.3061146714775152,-0.2636719170484742,PFE,Pfizer,,,
2023-08-04,-0.3880402259774191,-0.4551255459542875,-0.4591378959080899,-0.4567902353641571,-0.4635619788924831,-0.3239981564199842,0.0388228745326229,-0.3279570858748368,-0.2767423332132434,PFE,Pfizer,,,
2023-08-07,-0.303640218606445,-0.3829006535743051,-0.4041464087094436,-0.4300225333969515,-0.4569767625964848,-0.0012878146202003,1.2042335629600185,-0.3230361469846944,-0.2807409948554377,PFE,Pfizer,,,
2023-08-08,-0.3087566605050515,-0.3872780209788452,-0.3480764231643255,-0.3753724290070993,-0.3077057190445952,-0.3555864944648659,-0.0691162935379058,-0.3206368441386654,-0.2848540522839491,PFE,Pfizer,,,
2023-08-09,-0.2831808085573266,-0.3653916014048771,-0.3815024680261417,-0.3619887907525911,-0.3922194839583507,-0.8415376066140539,0.3602529010804806,-0.3123819650548476,-0.2862042368334506,PFE,Pfizer,,,
2023-08-10,-0.2985259880279459,-0.3785232861697651,-0.3782677956399274,-0.3519509556971626,-0.3680725743561882,-0.735756083798497,-0.2111198412147141,-0.3100639631902437,-0.2888650214905422,PFE,Pfizer,,,
2023-08-11,-0.2576046801945903,-0.3435051818309089,-0.3577808516495683,-0.3530660816107928,-0.3900242722950802,-0.8779824242700585,0.573685534402497,-0.2979968326264714,-0.2874615880894383,PFE,Pfizer,,,
2023-08-14,-0.2537699747132625,-0.3402223650018699,-0.3329807369265246,-0.3274139310154066,-0.3680725743561882,-0.6544934168473359,0.0554531979600299,-0.2879785965062232,-0.28582755196309,PFE,Pfizer,,,
2023-08-15,-0.3407251624683932,-0.4146359410841224,-0.3976766526104144,-0.3787182322061791,-0.3614869393663766,-0.6430464336940275,-1.199787627238468,-0.3024126023195483,-0.2924642706777927,PFE,Pfizer,,,
2023-08-16,-0.3292168997992092,-0.4047870731482733,-0.4257114397196732,-0.4199846983415231,-0.4427080961321331,-0.5380773556573601,0.1645553452678169,-0.3103333955708175,-0.2974227013022111,PFE,Pfizer,,,
2023-08-17,-0.1975037638243026,-0.2920725758981257,-0.3103367962432227,-0.3530660816107928,-0.3922194839583507,0.0014102296082012,1.85364672541018,-0.2830293018686687,-0.2896274625468303,PFE,Pfizer,,,
2023-08-18,-0.1783227732123033,-0.2756576568554665,-0.2963196083518943,-0.271648275253735,-0.2989248723915131,-0.4210913705180141,0.2643800590122578,-0.2577099068753199,-0.2807492468465125,PFE,Pfizer,,,
2023-08-21,-0.1335662070675936,-0.2373567356875713,-0.2596584797772633,-0.2359582896029203,-0.2703879581566228,-0.157265086125503,0.611207269045135,-0.227423703732041,-0.2684975739025169,PFE,Pfizer,,,
2023-08-22,-0.1553051422138827,-0.2559599209837684,-0.2639712391833481,-0.3385668919844652,-0.2374606205951914,-0.7618937661999337,-0.2905204759421016,-0.2101960069843419,-0.2593902538430691,PFE,Pfizer,,,
2023-08-23,-0.1783227732123033,-0.2756576568554665,-0.2661278245496912,-0.2448805732865294,-0.2286797739421093,-0.7105521065907094,-0.3091809827815879,-0.2030849357120756,-0.2532608752976398,PFE,Pfizer,,,
2023-08-24,-0.2422600535539989,-0.3303734970660208,-0.3189631377085949,-0.300646229048201,-0.2956322642435139,-0.7099518675376493,-0.8673321371903103,-0.2138895441051152,-0.2536608899400677,PFE,Pfizer,,,
2023-08-25,-0.2141279155620657,-0.3062983937897827,-0.3135718799560383,-0.3117996154754488,-0.3329500251314863,-0.889386966278201,0.3903600408021196,-0.2148923861641631,-0.2513968065404431,PFE,Pfizer,,,
2023-08-28,-0.2358674035383818,-0.3249019965347118,-0.3319022385800528,-0.3039924577054691,-0.3000226875700558,-0.969382461895124,-0.2956004815312505,-0.2211316128537381,-0.251369164977601,PFE,Pfizer,,,
2023-08-29,-0.2435387494061299,-0.3314676301927898,-0.2866151798666508,-0.3073382609045497,-0.3197791738456765,-0.6071412248837033,-0.1032553693587762,-0.227747297640109,-0.2520605921771881,PFE,Pfizer,,,
2023-08-30,-0.2755089098595521,-0.358825550298067,-0.3610155240357834,-0.3274139310154066,-0.3285596018049453,-0.8644255098999326,-0.4386253655147125,-0.2407784008762116,-0.2556753928415923,PFE,Pfizer,,,
2023-08-31,-0.3420041347355376,-0.4157300742108913,-0.3890503111450422,-0.3764875549207295,-0.3549017230703783,-0.1922487157836541,-0.9212759854049832,-0.2673352710435516,-0.2651726816417219,PFE,Pfizer,,,
2023-09-01,-0.2908540893301699,-0.3719576525116871,-0.3815024680261417,-0.3519509556971626,-0.3878290606318097,-0.8226209819115528,0.7233488756208374,-0.2743425383770537,-0.2690288183305327,PFE,Pfizer,,,
2023-09-05,-0.3420041347355376,-0.4157300742108913,-0.3567023533030973,-0.3798337835779984,-0.3527065114071078,-0.3173530856911569,-0.7105027386506038,-0.2925083741691823,-0.2773121593589399,PFE,Pfizer,,,
2023-09-06,-0.4711590497611409,-0.526256305207501,-0.4656076520071191,-0.5014029301567701,-0.4295372448463232,0.2594887703411062,-1.818034808287583,-0.3387317389930923,-0.2969064171036308,PFE,Pfizer,,,
2023-09-07,-0.4826678652603512,-0.53610517314335,-0.5346167384236951,-0.525939529380337,-0.5162458027295359,-0.2614762865699228,-0.1645895360833162,-0.3763041132552783,-0.3157943803531119,PFE,Pfizer,,,
2023-09-08,-0.4865039528167452,-0.539387989972389,-0.5615734385130826,-0.5248244034667068,-0.542587923994969,-0.7046831025163437,-0.0534111881425846,-0.4054516309881594,-0.3333235727095623,PFE,Pfizer,,,
2023-09-11,-0.5261457355529295,-0.5733119611844762,-0.5712778669983262,-0.5817051851420085,-0.5414901088164271,-0.213172200350427,-0.5747890812061887,-0.4373179434710983,-0.3529620143196023,PFE,Pfizer,,,
2023-09-12,-0.4992920169981144,-0.550330991035007,-0.5809822954835696,-0.5582837118320719,-0.5711248382298593,-0.7944461245421544,0.3969530917410008,-0.454439739508555,-0.368306823054102,PFE,Pfizer,,,
2023-09-13,-0.5082431643780483,-0.5579911752685861,-0.5367733237900382,-0.5304008839512361,-0.5447831356582395,-0.438783265031443,-0.128316712018236,-0.469540376055641,-0.3830927472373272,PFE,Pfizer,,,
2023-09-14,-0.4992920169981144,-0.550330991035007,-0.5626515255329538,-0.5326315612366856,-0.5414901088164271,-0.4444461264007174,0.1333715138634071,-0.4786065639469625,-0.3956983984338521,PFE,Pfizer,,,
2023-09-15,-0.5095224130602066,-0.5590857258440872,-0.5583387661268683,-0.5515916799757232,-0.5612465950920486,1.635406444535593,-0.1469970477550445,-0.4879883795987231,-0.4081136699305227,PFE,Pfizer,,,
2023-09-18,-0.5645088224369817,-0.6061413818210625,-0.5906867239688132,-0.5928585715692564,-0.5546613787960503,-0.343678721735471,-0.8024359236714692,-0.5089034334335542,-0.4245363850965865,PFE,Pfizer,,,
2023-09-19,-0.5197514270472312,-0.5678400432044352,-0.6025477378203997,-0.5839358624274581,-0.6172234457709138,-0.0465058232840636,0.6658752798974915,-0.513292857608115,-0.435285480937625,PFE,Pfizer,,,
2023-09-20,-0.5670662141412448,-0.6083300655233325,-0.5939213963550275,-0.5805900592283784,-0.559051383428778,-0.3903942965216156,-0.6917771768355782,-0.5285272832980916,-0.4494769092500819,PFE,Pfizer,,,
2023-09-21,-0.6655310466406251,-0.6925925095414339,-0.6478347965338026,-0.6608923142136168,-0.6260038737301826,-0.249174417492559,-1.4581144507141774,-0.5648058454166324,-0.4715754929387713,PFE,Pfizer,,,
2023-09-22,-0.6859912859347828,-0.710101561710862,-0.7017481967125776,-0.6976978512362508,-0.6688094544294247,-0.152760261717183,-0.3082027502130127,-0.5971789769365505,-0.4935762400173365,PFE,Pfizer,,,
2023-09-25,-0.6489071713178753,-0.6783662742010449,-0.7136092105641642,-0.7077356862916793,-0.7116154538224801,-0.7061382274934592,0.568102577541713,-0.6120987125184705,-0.510113010587029,PFE,Pfizer,,,
2023-09-26,-0.7230751241366772,-0.7418364317719471,-0.7157657959305073,-0.7133121667762087,-0.7083224269806677,-0.307688630634815,-1.119072673331002,-0.6420086705531842,-0.5320742297438944,PFE,Pfizer,,,
2023-09-27,-0.7614379346057161,-0.7746662698572654,-0.7653660253765961,-0.7646166806960749,-0.7401523680573704,-0.2825513466551452,-0.5880604547013885,-0.6741239978159868,-0.5556223219162969,PFE,Pfizer,,,
2023-09-28,-0.7627169068728604,-0.7757604029840344,-0.7847748823470831,-0.7791156575933087,-0.780762737093342,-0.1753874551113286,-0.0174758559289711,-0.6985333087096007,-0.577149143147404,PFE,Pfizer,,,
2023-09-29,-0.6246108444673232,-0.6575744052025778,-0.6866525104747766,-0.7200041986325573,-0.7489332147104526,0.687004488617632,2.148559739927197,-0.681982014381003,-0.5838189348504105,PFE,Pfizer,,,
2023-10-02,-0.5261457355529295,-0.5733119611844762,-0.6079389955729572,-0.6686998974417848,-0.6830781208937765,0.8203424406873131,1.4827189975213309,-0.6447157310157312,-0.5806850708112826,PFE,Pfizer,,,
2023-10-03,-0.5312607953764689,-0.5776889111402842,-0.5917648109886845,-0.562745066402971,-0.5853935046942111,-0.0018456125280946,-0.0727620734070551,-0.6180570709745311,-0.5783138848888314,PFE,Pfizer,,,
2023-10-04,-0.6067077204624152,-0.6422536192866876,-0.5949994833748988,-0.6408170695609491,-0.5744178650716718,-0.4467258221981983,-1.1074515704071135,-0.6171060477384177,-0.5832055173999484,PFE,Pfizer,,,
2023-10-05,-0.5862469283382307,-0.6247445671172596,-0.6273478525434442,-0.63635571499005,-0.6281990853934531,-0.5948393558063395,0.3087081109865774,-0.6112284308447903,-0.5857412788649404,PFE,Pfizer,,,
2023-10-06,-0.6297256278758492,-0.6619513551583858,-0.6510694689200169,-0.6341250377046004,-0.620516053918913,-0.4444158112970275,-0.645407141644635,-0.6177943386973841,-0.5921077228877044,PFE,Pfizer,,,
2023-10-09,-0.6207742040809019,-0.6542911709248067,-0.6607738974052604,-0.6675843460699655,-0.6710046660926953,-0.8259192651930145,0.1371314702548264,-0.6204594103000698,-0.5970592753920397,PFE,Pfizer,,,
2023-10-10,-0.6246108444673232,-0.6575744052025778,-0.6683217405241609,-0.6408170695609491,-0.6688094544294247,-0.7201801835226235,-0.0552348148481734,-0.6234265905738546,-0.6019190550728072,PFE,Pfizer,,,
2023-10-11,-0.6322824667500858,-0.6641400388606558,-0.6758695836430614,-0.6620078655854361,-0.6512481798170738,-0.4164774117364104,-0.1129421120067948,-0.6275883103161467,-0.6070536183129005,PFE,Pfizer,,,
2023-10-12,-0.6565793464306633,-0.684932325307855,-0.6877305974946479,-0.6675843460699655,-0.6655168462814256,-0.5626750307913496,-0.3635483218590901,-0.6368421866256502,-0.6139908969332046,PFE,Pfizer,,,
2023-10-13,-0.760159238753584,-0.7735717192817644,-0.7125307122176924,-0.7512328297124728,-0.6841759360723184,0.0786834289137707,-1.5666539913874142,-0.669926389191589,-0.6299725804694214,PFE,Pfizer,,,
2023-10-16,-0.6118227802859546,-0.6466309866912276,-0.6122521663056433,-0.6910058193799022,-0.6962489721795864,1.953933302026169,2.306104111401923,-0.6572990888839645,-0.6306457493136052,PFE,Pfizer,,,
2023-10-17,-0.6783180051619405,-0.703535510604052,-0.6909656812074628,-0.731157159601616,-0.6775903010825068,0.5411524617447577,-0.9942920967657374,-0.6646121563935088,-0.6374688273680795,PFE,Pfizer,,,
2023-10-18,-0.849672647458017,-0.8501739790662868,-0.745957168406109,-0.8214976751004717,-0.7280789132562892,-0.0474577175399267,-2.60679203992786,-0.7133472500817829,-0.6596773149348591,PFE,Pfizer,,,
2023-10-19,-0.8778056146949904,-0.874248873618159,-0.8731928257341462,-0.8750326535766941,-0.8553984682161935,-0.2552556272927541,-0.4442575122849359,-0.7569993938870123,-0.6824946596181637,PFE,Pfizer,,,
2023-10-20,-0.9468585076902518,-0.9333420812332524,-0.915245212061335,-0.9229911515683868,-0.8905210174408953,0.5042953586785704,-1.1016521997391695,-0.8071676056064565,-0.7096877102197375,PFE,Pfizer,,,
2023-10-23,-0.9225619044246868,-0.91255000351042,-0.8850538395857324,-0.9174144583547628,-0.9223507491706914,-0.1017520682485477,0.3977010449823924,-0.8386612476610203,-0.7321391972745371,PFE,Pfizer,,,
2023-10-24,-0.9749914749272258,-0.9574169757851254,-0.9238713478634066,-0.940836144393794,-0.9102775037165168,-0.2526182132717323,-0.8453851515060871,-0.8755148194759877,-0.7574469186208559,PFE,Pfizer,,,
2023-10-25,-0.9366283880431736,-0.9245875551485392,-0.9271062259129212,-0.9519893180919478,-0.9563759019106648,-0.1353533291784392,0.6310765804361768,-0.8934720698326816,-0.7768705647232156,PFE,Pfizer,,,
2023-10-26,-0.8816414258363715,-0.8775318991715639,-0.8872102192887756,-0.9207604742829372,-0.9399120237830428,-0.2381336567286954,0.894706847805029,-0.8930611759686634,-0.78939226846364,PFE,Pfizer,,,
2023-10-27,-1.0159116771005272,-0.992435080123982,-0.913088832358292,-0.9742954527591592,-0.8905210174408953,0.1689618077023098,-2.146440088946348,-0.9266431158009802,-0.8133173904241469,PFE,Pfizer,,,
2023-10-30,-0.9596462954566076,-0.9442852910202374,-0.9616107691212092,-0.9642576177037312,-0.9805226021659206,0.1196330709780953,0.934253667266685,-0.937628063132698,-0.8298119318720469,PFE,Pfizer,,,
2023-10-31,-0.958367599604476,-0.9431909491691024,-0.9465150828834082,-1.009985438409974,-0.9750345730077442,0.7007554196513731,0.0232657603823665,-0.9455440279527392,-0.844687530660254,PFE,Pfizer,,,
2023-11-01,-0.9647613552801464,-0.948662449700411,-0.9184800901108496,-0.924106490211112,-0.9454000529412186,-0.4560628741346893,-0.1019401723114577,-0.9530947997292706,-0.8588080225634463,PFE,Pfizer,,,
2023-11-02,-0.966040327547292,-0.9497567915515464,-0.9648456471707232,-0.9531046567346722,-0.950887872752488,-0.0878798768000469,-0.0185113127320096,-0.95908069400818,-0.8717642980952746,PFE,Pfizer,,,
2023-11-03,-0.8688544673150571,-0.8665886893845796,-0.8850538395857324,-0.882839811346673,-0.9080822920532456,-0.1830632393656127,1.5913923527888407,-0.9390401873128156,-0.8744649098848611,PFE,Pfizer,,,
2023-11-06,-0.8790843105471224,-0.875343215469294,-0.8828972542193897,-0.8694561730921647,-0.8619838938590983,-0.2248859564162066,-0.1607994266617161,-0.9265918424890346,-0.8778755484644112,PFE,Pfizer,,,
2023-11-07,-0.8701326103371612,-0.8676830312357149,-0.8850538395857324,-0.8772633308621433,-0.8883258057776252,-0.7884316079700772,0.1455624406063616,-0.9149961548166748,-0.8801399792922399,PFE,Pfizer,,,
2023-11-08,-0.9251195725439632,-0.91473868721269,-0.8947582680709764,-0.915183993798408,-0.9058870803899758,-0.1025887651103891,-0.8750723834060833,-0.9201782206939434,-0.8873347091247117,PFE,Pfizer,,,
2023-11-09,-1.0197275863609416,-1.0394907361009569,-0.9799413334085244,-1.017792808909047,-0.9530830844157588,-0.1426410801054925,-1.5283970605226551,-0.9479440433343712,-0.9027124047282872,PFE,Pfizer,,,
2023-11-10,-1.0456478514154006,-1.061377155674925,-1.0543418832409583,-1.0847114256397776,-1.0343040318346086,0.1669610108587761,-0.4273210257368376,-0.9753107428986004,-0.9191132570988426,PFE,Pfizer,,,
2023-11-13,-1.1104486522590544,-1.1160929958854793,-1.1039421126870477,-1.095864599337931,-1.0793048241971213,0.2685651123858639,-1.0791829107727386,-1.012191633915425,-0.9400759585362204,PFE,Pfizer,,,
2023-11-14,-1.0741597836357872,-1.0854520502267968,-1.066202897092545,-1.0891727802106768,-1.1067443419472829,0.5453056309502748,0.6185330208781403,-1.0306929109785952,-0.9557433326362438,PFE,Pfizer,,,
2023-11-15,-0.9536315047643504,-0.9836805540392676,-0.9971936050126688,-1.064635968258015,-1.0935734906614731,0.7593484520632229,2.0292300397319507,-1.0141472629595871,-0.9587282387858136,PFE,Pfizer,,,
2023-11-16,-1.0080637020391967,-1.0296418681651078,-0.9864108838442536,-1.0356378017344552,-0.9772297846710148,0.0798414658747251,-0.8847565434671346,-1.0154768346734462,-0.9665261273647332,PFE,Pfizer,,,
2023-11-17,-0.9886237105596124,-1.0132271578468148,-1.0338547335872994,-1.0055242965681694,-1.0156451513906224,-0.2474403935614964,0.3237010670397107,-1.0115673163467322,-0.9717992895252824,PFE,Pfizer,,,
2023-11-20,-0.9808476034017736,-1.0066613154643709,-1.01983734003267,-1.0032936192827195,-1.017840363053892,-0.2882748382317994,0.1302738118987551,-1.0066724708497476,-0.9758667319973224,PFE,Pfizer,,,
2023-11-21,-0.9393756768616636,-0.9716432111255144,-0.9961153123294976,-1.0032936192827195,-1.0046693024211764,-0.3093135201925939,0.6830477089599404,-0.9925337301747328,-0.9756906468948576,PFE,Pfizer,,,
2023-11-22,-0.9367840096957352,-0.9694545274232444,-0.9723934902896246,-0.9609118145046508,-0.9640589333852044,-0.7192889194741403,0.0444794687134481,-0.9812755321081744,-0.9752884901842775,PFE,Pfizer,,,
2023-11-24,-0.9134556882222176,-0.9497567915515464,-0.959454183754866,-0.93414432526654,-0.9651565392168402,-1.2102177716492106,0.3809739051887126,-0.9669437633024092,-0.9727438692438286,PFE,Pfizer,,,
2023-11-27,-0.9601120547542388,-0.9891522632949422,-0.9540629260023088,-0.9731801141164343,-0.924545960833962,-0.3045843640169686,-0.7502953089593591,-0.9679711074420144,-0.9747885995224056,PFE,Pfizer,,,
2023-11-28,-1.0184317527779774,-1.0383963942498218,-1.023072012418885,-1.0166774702663222,-0.994791059283366,-0.0965621224968359,-0.9496929673439444,-0.9834616371152756,-0.9820949017811128,PFE,Pfizer,,,
2023-11-29,-0.9678878854970648,-0.995718105677387,-1.0112112042305987,-1.0066396352108942,-1.0321088201713382,-0.297399684442461,0.8400428787788389,-0.9823221497858476,-0.9840158536838984,PFE,Pfizer,,,
2023-11-30,-0.9173434653861242,-0.9530398171049518,-0.9799413334085244,-0.980987484615508,-0.9728395706913804,0.8649662733188542,0.8291914877741884,-0.9687100101688746,-0.9810409808977612,PFE,Pfizer,,,
2023-12-01,-1.1195205929998582,-1.1237531801190583,-1.0996291476176605,-1.16612944472593,-1.1199154025799998,4.397730818801274,-3.262460598464106,-1.0095308624002268,-0.9972212702451392,PFE,Pfizer,,,
2023-12-04,-1.0715681164698594,-1.083263366524527,-1.073750740211445,-1.0858267642825024,-1.114427373421823,0.9894885932355107,0.8185379241979049,-1.0280431897819005,-1.007451536663286,PFE,Pfizer,,,
2023-12-05,-1.0961922715263406,-1.1040554442473602,-1.0780637052808313,-1.080250283797973,-1.0935734906614731,0.5312818639833244,-0.4114106278047557,-1.0481426268541505,-1.0190518424647834,PFE,Pfizer,,,
2023-12-06,-1.1350719780704952,-1.1368848648839465,-1.0996291476176605,-1.1192862853769625,-1.1067443419472829,0.1406717529388899,-0.6552396432656687,-1.0730305291147886,-1.0332292041058593,PFE,Pfizer,,,
2023-12-07,-1.155807803133044,-1.1543941257777406,-1.1535425477964356,-1.1438230973296235,-1.1363790713607151,0.2845108569267543,-0.3519987669384663,-1.0969302242025232,-1.048054581817657,PFE,Pfizer,,,
2023-12-08,-1.136368088068473,-1.1379792067350814,-1.1459947046775365,-1.133785262274195,-1.1550379518047005,0.0485259637630526,0.3364902549632075,-1.1099483681739817,-1.0597163962816831,PFE,Pfizer,,,
2023-12-11,-1.1545125223801067,-1.1532997839266053,-1.16324697628168,-1.1505149164568778,-1.1407692853403495,0.4088634122627474,-0.3078175726307099,-1.124291671752298,-1.0720128593977762,PFE,Pfizer,,,
2023-12-12,-1.1622880767079184,-1.15986562630905,-1.1578555128658228,-1.1605527515123062,-1.1583305599527003,1.0608564103422866,-0.1311933362910921,-1.1370117166524556,-1.0839177519027812,PFE,Pfizer,,,
2023-12-13,-1.411120741608632,-1.3699744610665527,-1.387526712798852,-1.4494188653760922,-1.4151644628419662,7.700664437169042,-4.281605651298568,-1.2093576687122911,-1.1179830451912367,PFE,Pfizer,,,
2023-12-14,-1.4798090432011786,-1.427973326830512,-1.3239088841348334,-1.4215360374952564,-1.3624806390049131,4.2925859131632045,-1.2653370057263678,-1.2809542129412668,-1.155367448298305,PFE,Pfizer,,,
2023-12-15,-1.4150087951875516,-1.3732574866199578,-1.359491720026293,-1.4137288797252785,-1.431628340969589,6.505503600235987,1.2226225303037004,-1.318295894304874,-1.183300485296852,PFE,Pfizer,,,
2023-12-18,-1.3592802114997142,-1.3262018306429826,-1.3260654695011769,-1.3423489084236488,-1.3449193643925623,1.954660864514728,1.032093937687733,-1.3322361367837905,-1.2034887264512375,PFE,Pfizer,,,
2023-12-19,-1.2167202739827645,-1.2058269404348898,-1.2247082195793555,-1.281006559448353,-1.3054063918413197,2.3648424065013653,2.594625031856149,-1.3067088731541878,-1.208525604939784,PFE,Pfizer,,,
2023-12-20,-1.285408575575311,-1.2638258061988492,-1.222551634213012,-1.2430858965120892,-1.2055265639784836,1.5214519697652376,-1.1978087438745582,-1.304900505616083,-1.2195205400469356,PFE,Pfizer,,,
2023-12-21,-1.1972802825031803,-1.1894122301165968,-1.2117689130445977,-1.2241255650439566,-1.2417467190348213,1.210558455383779,1.5718113428401956,-1.2813004526662997,-1.221284153479223,PFE,Pfizer,,,
2023-12-22,-1.1856158453514083,-1.1795633621807469,-1.1654033559847228,-1.1795130829804383,-1.178087046228322,0.2468837502268434,0.2051278750416439,-1.2606562830582742,-1.2217979006332065,PFE,Pfizer,,,
2023-12-26,-1.1843202881834578,-1.1784690203296126,-1.1934383487572815,-1.1717059252104594,-1.1791846520599572,-0.0588865116310211,0.0248393423389923,-1.2448461543398714,-1.222143929647156,PFE,Pfizer,,,
2023-12-27,-1.1584000231289988,-1.156582600755645,-1.171873112083752,-1.165014106083205,-1.1747944380803232,0.2370859087142659,0.4513167269678366,-1.2264462252171608,-1.220037372383442,PFE,Pfizer,,,
2023-12-28,-1.1350719780704952,-1.1368848648839465,-1.1395249485785068,-1.1349006009169202,-1.1594281657843362,-0.0374355442600439,0.403596614717812,-1.2067582278870463,-1.21594332221373,PFE,Pfizer,,,
2023-12-29,-1.1350719780704952,-1.1368848648839465,-1.1567772201826507,-1.1393617427587246,-1.1407692853403495,-0.0440927410303471,0.0023931652861639,-1.1919922298894603,-1.212221458423083,PFE,Pfizer,,,
2024-01-02,-1.0132478656160937,-1.0340192355696478,-1.0047414481315693,-1.1070177730360846,-1.1297936457178102,1.6284279076661767,,-1.0246995275105697,-1.049831610765794,PFE,Pfizer,,,
2024-01-03,-1.0132478656160937,-1.0340192355696478,-1.0306198555377852,-1.0423296208617088,-1.006864514084447,0.7479439100550803,0.0023931652861639,-1.0246995275105697,-1.049831610765794,PFE,Pfizer,,,
2024-01-04,-1.0961919951113273,-1.1040554442473602,-1.040324284023029,-1.0847114256397776,-1.0299136085080676,0.8771893231266241,-1.370367833406542,-1.0456348103828876,-1.0575791567389312,PFE,Pfizer,,,
2024-01-05,-1.0469439614133778,-1.0624714975260603,-1.089924719132418,-1.115940269448788,-1.114427373421823,0.1529372438918257,0.8354015190166534,-1.0489059592329004,-1.060022278963549,PFE,Pfizer,,,
2024-01-08,-1.032687857095678,-1.0504339458879413,-1.0694375694787592,-1.06909711009982,-1.077109612533851,0.1140914700235806,0.2404194507867908,-1.0477610484144253,-1.060911682038586,PFE,Pfizer,,,
2024-01-09,-1.0560156257391684,-1.0701316817596382,-1.0500287125082726,-1.0523674559171374,-1.0507677006153242,0.5315183217921058,-0.3856492614543069,-1.0527903460208865,-1.0638992025813665,PFE,Pfizer,,,
2024-01-10,-1.109151713016036,-1.1149986540343444,-1.1007074403008326,-1.1014412925515549,-1.077109612533851,0.3833623470387987,-0.8869029420714732,-1.0699739859059323,-1.0715784023899932,PFE,Pfizer,,,
2024-01-11,-1.1856161217664218,-1.1795633621807469,-1.1513859624300933,-1.16947524792501,-1.1352814655290802,0.957615293215944,-1.2954292365474598,-1.1021615027557627,-1.0857017890984042,PFE,Pfizer,,,
2024-01-12,-1.1467353095622137,-1.1467337328197955,-1.1492293770637505,-1.1505149164568778,-1.175892043911958,-0.0434621868735971,0.6760227679190866,-1.1164885368656277,-1.094909499190166,PFE,Pfizer,,,
2024-01-16,-1.1959841725052027,-1.1883178882654617,-1.1729514047669238,-1.1750519411386342,-1.160525771615971,0.4690146410042582,-0.8419488513665656,-1.139664335055545,-1.1078803235725838,PFE,Pfizer,,,
2024-01-17,-1.2180163839807416,-1.206921282286024,-1.1934383487572815,-1.2073959108612742,-1.2088193814733894,0.1347360556364063,-0.3804042717154607,-1.1626071629059167,-1.1217299405414929,PFE,Pfizer,,,
2024-01-18,-1.2257922147235678,-1.2134871246684689,-1.236569233430942,-1.2442012351548135,-1.2219902327591994,1.1659649378559276,-0.1335234647661556,-1.1817769207778797,-1.1350468169135544,PFE,Pfizer,,,
2024-01-19,-1.2011680596670864,-1.1926950469456357,-1.2096125333415546,-1.2073959108612742,-1.2230878385908346,0.2703476404828304,0.4337272462747908,-1.189939047645857,-1.1448530045576997,PFE,Pfizer,,,
2024-01-22,-1.1972802825031803,-1.1894122301165968,-1.1837339202720385,-1.2073959108612742,-1.1912581068610384,0.6410771065274249,0.0700366735121879,-1.19507935918863,-1.153404575761735,PFE,Pfizer,,,
2024-01-23,-1.1817280681875024,-1.1762803366273429,-1.1804992478858232,-1.182859098908612,-1.178087046228322,0.1440791705936353,0.2726997059549587,-1.195009179341812,-1.1597260487812118,PFE,Pfizer,,,
2024-01-24,-1.1946880625072256,-1.187223546414327,-1.1664816486678944,-1.162783428797756,-1.167111197258876,0.7051511096864095,-0.221908305625025,-1.1982276758647703,-1.1666833940730503,PFE,Pfizer,,,
2024-01-25,-1.2525701955647022,-1.2813348583682778,-1.2592127627876435,-1.2609308893374962,-1.246137142361362,1.001317546695312,-1.0029217335677076,-1.2152511274542854,-1.1784148384355235,PFE,Pfizer,,,
2024-01-26,-1.2525701955647022,-1.2813348583682778,-1.2602910554708149,-1.270968724392925,-1.2669912344686185,0.9690804654314662,0.0023931652861639,-1.2280187161464222,-1.1890797878559538,PFE,Pfizer,,,
2024-01-29,-1.2512550129307984,-1.2802405165171422,-1.290482633609717,-1.2765454176065485,-1.2790644799227933,2.1822242218733736,0.0256015449955829,-1.237262452641859,-1.1986523494146388,PFE,Pfizer,,,
2024-01-30,-1.3117680640861116,-1.3305789893231563,-1.2106906203614258,-1.3166965450991677,-1.2384541108868212,3.333573670953777,-1.0650623284336984,-1.2594688837935928,-1.213007008759381,PFE,Pfizer,,,
2024-01-31,-1.3038755862076177,-1.3240131469407128,-1.3034217344811745,-1.3356568765672998,-1.317479846642401,3.037680069878084,0.1439873633774144,-1.2741316281765755,-1.225319487945513,PFE,Pfizer,,,
2024-02-01,-1.2762495641052771,-1.3010323855156094,-1.3228305914516625,-1.3412335697809237,-1.3251628781169411,1.3819236735220777,0.4969169589581394,-1.2781558170049478,-1.2339321924346889,PFE,Pfizer,,,
2024-02-02,-1.3236077483563988,-1.3404278572590056,-1.336847985006291,-1.3456947116227282,-1.3163822408107655,1.250689589648476,-0.8388256052451819,-1.2931272697243144,-1.2461855003806166,PFE,Pfizer,,,
2024-02-05,-1.3709659326075203,-1.3798233290024018,-1.3648829777788505,-1.3646550430908604,-1.342724152729292,0.6998580925821519,-0.8500710074942094,-1.316309170361927,-1.2617484478326824,PFE,Pfizer,,,
2024-02-06,-1.2486240948329623,-1.2780518328148722,-1.279699912441302,-1.359078562606331,-1.3734564879743594,1.5684040023601633,2.234427599571182,-1.302816243720626,-1.26446902192653,PFE,Pfizer,,,
2024-02-07,-1.240731064124442,-1.2714859904324285,-1.2883260482433732,-1.2776607562492732,-1.275771871774794,0.3487849397700923,0.1415256572109099,-1.2907043302233023,-1.2662050083374017,PFE,Pfizer,,,
2024-02-08,-1.2394153286605112,-1.2703916485812932,-1.2840128775106878,-1.265392243908395,-1.2746742659431587,-0.1238032746725851,0.0255354819889427,-1.2812883005411144,-1.2676602791584,PFE,Pfizer,,,
2024-02-09,-1.240731064124442,-1.2714859904324285,-1.2947955986791029,-1.2687382598365695,-1.2746742659431587,-0.1229362627070538,-0.0207407559277624,-1.274558372838669,-1.2691061512754642,PFE,Pfizer,,,
2024-02-12,-1.2275756443902242,-1.260542780645444,-1.2484300416192284,-1.2531237315675172,-1.2768692682595226,-0.0464815712011117,0.2337822994953263,-1.2661904698442352,-1.2691917747718122,PFE,Pfizer,,,
2024-02-13,-1.318345635745714,-1.336050698578832,-1.2689171912728874,-1.3267343801545963,-1.2768692682595226,0.4145383996734977,-1.5883773756529072,-1.2828250904202934,-1.2777481490250535,PFE,Pfizer,,,
2024-02-14,-1.29992810340081,-1.320730121387308,-1.340082863055806,-1.3211578996700668,-1.3350411212547515,-0.3528763241949884,0.3334236041652184,-1.2906524297012507,-1.283806348255888,PFE,Pfizer,,,
2024-02-15,-1.2473083593690315,-1.276957490963737,-1.27107377663923,-1.2865832526619774,-1.3086992093362253,0.3044400060924983,0.9432782697556216,-1.2832415936659236,-1.2843987600314708,PFE,Pfizer,,,
2024-02-16,-1.2328377570009088,-1.264919939325618,-1.2624476408371577,-1.2876985913047017,-1.275771871774794,0.2937509005314376,0.2573774747708702,-1.2740310543981634,-1.2835856634847669,PFE,Pfizer,,,
2024-02-20,-1.2367841341476622,-1.2682029648790232,-1.23549094074777,-1.2531237315675172,-1.2691862367849829,0.1904794683014049,-0.0668684069112043,-1.2681192243216346,-1.2832151032791006,PFE,Pfizer,,,
2024-02-21,-1.2262601853413058,-1.2594484387943092,-1.2850911701938594,-1.270968724392925,-1.2702838426166176,-0.2268806902390024,0.1872963715382309,-1.2610290836650284,-1.2818952219507331,PFE,Pfizer,,,
2024-02-22,-1.2420465231733602,-1.2725803322835632,-1.2829345848275164,-1.2899290558610568,-1.271381448448253,0.052576061616024,-0.2741670219038291,-1.2596959849730347,-1.2821698811837887,PFE,Pfizer,,,
2024-02-23,-1.2144207774860325,-1.2495995708584595,-1.240882198500328,-1.234163400099385,-1.253820173835902,0.1268541286770309,0.4884755311125164,-1.2517233612629393,-1.2798391388073926,PFE,Pfizer,,,
2024-02-26,-1.2907198900583858,-1.3130699371537284,-1.2861694628770308,-1.3033129068446594,-1.2626008111420777,0.8849075485260741,-1.3299542042925214,-1.2650019592932211,-1.2848471382873168,PFE,Pfizer,,,
2024-02-27,-1.3288698609670824,-1.3448052246635454,-1.336847985006291,-1.33231107336822,-1.3229676664536705,0.4552152058046131,-0.6780035023067339,-1.284590045374007,-1.2929633319086815,PFE,Pfizer,,,
2024-02-28,-1.3091365931582486,-1.3283903056208866,-1.3325350199369057,-1.3311957347254952,-1.3405291504129282,-0.0048589338348712,0.358127402222043,-1.2943003892243146,-1.2984984682852905,PFE,Pfizer,,,
2024-02-29,-1.3722816680714516,-1.380917670853537,-1.337926277689463,-1.3613092398917803,-1.328455695611847,1.4280147571722102,-1.1296165888059184,-1.3175211045461217,-1.3094285900258136,PFE,Pfizer,,,
2024-03-01,-1.368334738094671,-1.3776346453001318,-1.3691961485115358,-1.365770381733585,-1.3547976075303736,0.9277488530606488,0.0744290383556584,-1.3339404271276565,-1.3189963942241387,PFE,Pfizer,,,
2024-03-04,-1.4604204649140926,-1.4542369050846538,-1.4166399982545823,-1.4661485195587756,-1.4129694605256025,3.3763361562187577,-1.6763776278185882,-1.3694975614448863,-1.3362958313953328,PFE,Pfizer,,,
2024-03-05,-1.435425913739614,-1.4334448273618214,-1.4209529633239686,-1.4572260231460714,-1.4601652552044788,2.580164524990028,0.4703768983930688,-1.3898567318423345,-1.3496879313396044,PFE,Pfizer,,,
2024-03-06,-1.2894044310094686,-1.3119755953025931,-1.3260654695011769,-1.334541537924575,-1.3471145760558323,3.2636731048655925,2.716498125811852,-1.3682699624363368,-1.348223167764941,PFE,Pfizer,,,
2024-03-07,-1.3420244514562614,-1.3557482257261635,-1.3239088841348334,-1.337887553852749,-1.314187029147495,0.9296708306345888,-0.935728638042798,-1.365361295645649,-1.3518066324049207,PFE,Pfizer,,,
2024-03-08,-1.2854580538627156,-1.308692778473555,-1.3260654695011769,-1.327849718797321,-1.3493097877191036,0.8983128873777504,1.025929367916632,-1.3489023109145313,-1.349780641169346,PFE,Pfizer,,,
2024-03-11,-1.1341747349368985,-1.1828461790097866,-1.2085342406583826,-1.2765454176065485,-1.3021137836933203,1.3041411804745178,2.696534434612135,-1.2983738259963882,-1.33380793977001,PFE,Pfizer,,,
2024-03-12,-1.1815329191880206,-1.2222416507531826,-1.2139254984109404,-1.226356242329406,-1.1923557126926738,1.0712059867420205,-0.8068017152423802,-1.2724307734058673,-1.3237108787263807,PFE,Pfizer,,,
2024-03-13,-1.1539074499157058,-1.1992610980524463,-1.1761860771531378,-1.1783977443377136,-1.1945507150090375,0.4961163437030339,0.4804879133953389,-1.2460007540396414,-1.3119513255538593,PFE,Pfizer,,,
2024-03-14,-1.165747134185993,-1.209109965988295,-1.2203950488466693,-1.2252409036866814,-1.1989411383355786,0.3236234037074706,-0.2009832305476348,-1.2291666021733767,-1.3023667297273038,PFE,Pfizer,,,
2024-03-15,-1.1907414089454582,-1.229901834986762,-1.2203950488466693,-1.2152030686312534,-1.2307710794122817,2.7063844907133183,-0.4283201105929102,-1.2228495988463874,-1.2959880960954802,PFE,Pfizer,,,
2024-03-18,-1.2196826136817038,-1.2539769382630006,-1.2473517489360568,-1.2430858965120892,-1.2252830502541048,0.3114064169204386,-0.4997269451774086,-1.2254166708336764,-1.2928926436610173,PFE,Pfizer,,,
2024-03-19,-1.2315225743670033,-1.2638258061988492,-1.2743084490254444,-1.2754300789638238,-1.2626008111420777,-0.125125013193465,-0.2046564634731316,-1.2303304072503114,-1.2911845288699209,PFE,Pfizer,,,
2024-03-20,-1.22231353177954,-1.256165413240904,-1.2786216197581304,-1.2876985913047017,-1.2834549032493343,0.2047881972430404,0.1639595724126682,-1.2316913267194802,-1.2887715100138248,PFE,Pfizer,,,
2024-03-21,-1.2275756443902242,-1.260542780645444,-1.2462734562528852,-1.2408554319557337,-1.253820173835902,-0.0883164142931815,-0.0896937190907137,-1.2340401852548433,-1.2870693736248675,PFE,Pfizer,,,
2024-03-22,-1.2670410743478384,-1.2933722012820308,-1.267838898589715,-1.273199401678374,-1.28455250908097,-0.1370388489435979,-0.6892499914945333,-1.24576299150587,-1.2892083165534518,PFE,Pfizer,,,
2024-03-25,-1.2578325845904008,-1.2857120170484513,-1.3066566125306895,-1.2999668909164852,-1.3097968151678607,0.0012283389860617,0.1655441764331597,-1.2522308528863613,-1.2902926745351535,PFE,Pfizer,,,
2024-03-26,-1.2367841341476622,-1.2682029648790232,-1.290482633609717,-1.2765454176065485,-1.2867475113973337,0.4322909243943065,0.3743664765634251,-1.251769073187783,-1.2893123860521802,PFE,Pfizer,,,
2024-03-27,-1.2117898593881975,-1.24741088715619,-1.2570561774213005,-1.2508930542820678,-1.258210597162443,0.1914252995365299,0.4415364589307823,-1.24511412784114,-1.2860865794026135,PFE,Pfizer,,,
2024-03-28,-1.215735960119937,-1.250693912709595,-1.2376473204508134,-1.2308175969003057,-1.246137142361362,0.5684906222523147,-0.066464672423045,-1.2411189234376845,-1.2835226205571222,PFE,Pfizer,,,
2024-04-01,-1.2196826136817038,-1.2539769382630006,-1.2646040205402007,-1.2464319124402634,-1.2527225680042664,-0.2724564171264066,-0.0665487625672501,-1.2391186642771488,-1.2815603931716004,PFE,Pfizer,,,
2024-04-02,-1.2420465231733602,-1.2725803322835632,-1.277543327074959,-1.265392243908395,-1.2735766601115237,0.0825273840616508,-0.3886925216454411,-1.2432631704321255,-1.2818654913845775,PFE,Pfizer,,,
2024-04-03,-1.2854580538627156,-1.308692778473555,-1.277543327074959,-1.2888137172183318,-1.280162085754428,0.3479118647838231,-0.7614442992462324,-1.2573287170043883,-1.286197785696307,PFE,Pfizer,,,
2024-04-04,-1.3604419838011643,-1.371068802917687,-1.3152827483327607,-1.351271404836352,-1.3021137836933203,0.6567682041973201,-1.3329642397327293,-1.2868039877227735,-1.2971402442510025,PFE,Pfizer,,,
2024-04-05,-1.3591262483372333,-1.3699744610665527,-1.3907613851850664,-1.3836153745589923,-1.3844323369438054,0.5329491946862693,0.0263257069567021,-1.3085783462023677,-1.306965035202751,PFE,Pfizer,,,
2024-04-08,-1.3696504735586017,-1.3787289871512671,-1.3778222843136083,-1.3646550430908604,-1.3800419136172644,-0.4037329421451741,-0.1889651841931265,-1.3275654529290362,-1.316879697573874,PFE,Pfizer,,,
2024-04-09,-1.3433404633352066,-1.3568425675772986,-1.3131261629664184,-1.3501560661936267,-1.361383033173278,0.8510940818703534,0.4822188488726585,-1.3351650778421338,-1.3234354930573309,PFE,Pfizer,,,
2024-04-10,-1.4038532380755049,-1.407181249107679,-1.402622399036653,-1.404806383312574,-1.38882255092344,0.815552654304308,-1.0929594697646403,-1.3561383555393485,-1.335047611969186,PFE,Pfizer,,,
2024-04-11,-1.4012225963926837,-1.404992565405409,-1.417718085274454,-1.4081523992407483,-1.407481431367426,0.1045361493405223,0.0508431021616831,-1.371204333997164,-1.3453583638775084,PFE,Pfizer,,,
2024-04-12,-1.464366842060846,-1.4575197219136935,-1.4317356844923836,-1.441611707606114,-1.418457280336872,0.7241526166792424,-1.1596853136378449,-1.3984415659713088,-1.360629876826098,PFE,Pfizer,,,
2024-04-15,-1.4577892704012436,-1.4520482213823842,-1.447909663413356,-1.4505342040188174,-1.4557750412248445,0.2770715304812515,0.1256907346749915,-1.417209296227,-1.3738986804747542,PFE,Pfizer,,,
2024-04-16,-1.4867301987224757,-1.4761231159342565,-1.467318520383843,-1.4583413617887964,-1.4656532843626553,-0.1336920614962324,-0.5390619818936816,-1.438589848633534,-1.388664508839868,PFE,Pfizer,,,
2024-04-17,-1.5222489751183237,-1.5056697197418036,-1.499666478225788,-1.5051845211377637,-1.4799217414801005,0.7723415055047164,-0.6678174607002587,-1.463590281145883,-1.4054056845254088,PFE,Pfizer,,,
2024-04-18,-1.5261956286800904,-1.508952745295208,-1.5244667986121327,-1.5085305370659383,-1.5172395023680727,0.2848443230673433,-0.0728679921755649,-1.4833367496722003,-1.4209935794408268,PFE,Pfizer,,,
2024-04-19,-1.4459495861309564,-1.4421993534465352,-1.4662402277006716,-1.4951466860823357,-1.512849288388438,0.4415370310197277,1.534462339455136,-1.4778923213442643,-1.4276688667033173,PFE,Pfizer,,,
2024-04-22,-1.4117465451990396,-1.413747091490123,-1.4123268275218963,-1.4304585339079603,-1.445896798087034,0.278193189317778,0.640081976396223,-1.46517607645006,-1.4305425129590266,PFE,Pfizer,,,
2024-04-23,-1.4038532380755049,-1.407181249107679,-1.4155617055714116,-1.4014603673844,-1.409676643030697,-0.4118331378511169,0.1481006016562331,-1.4536466044952936,-1.4324176300616374,PFE,Pfizer,,,
2024-04-24,-1.4104308097351084,-1.412652749638988,-1.4295790991260404,-1.4181900215670824,-1.418457280336872,-0.3966755860061641,-0.1187494949943886,-1.4466596942541363,-1.4347366719140708,PFE,Pfizer,,,
2024-04-25,-1.543296872731035,-1.5231787719112313,-1.419874670640797,-1.5062998597804889,-1.4162620686736016,1.0047067752878434,-2.449329841071949,-1.474955201559753,-1.4492554859665732,PFE,Pfizer,,,
2024-04-26,-1.524879893216159,-1.5078584034440727,-1.5158404571467603,-1.5118763402650184,-1.5194347140313438,0.9358975529324955,0.3558223979202024,-1.491528345423408,-1.460734136653003,PFE,Pfizer,,,
2024-04-29,-1.4933074939670636,-1.481594825189931,-1.482414206621644,-1.473955677328754,-1.491995196281182,0.5399095424934717,0.6049406684315787,-1.495989259487993,-1.468220196760203,PFE,Pfizer,,,
2024-04-30,-1.4959386884799135,-1.483783300167835,-1.4845707919879874,-1.4683791968442248,-1.4843121648066406,0.4200072443791567,-0.0473521652957252,-1.4999990643870575,-1.4752714774163802,PFE,Pfizer,,,
2024-05-01,-1.2907198900583858,-1.3130699371537284,-1.3098912849169038,-1.420420698852532,-1.409676643030697,4.019695412767412,3.885286192626894,-1.4512087366363102,-1.4625129006591238,PFE,Pfizer,,,
2024-05-02,-1.22231353177954,-1.256165413240904,-1.2570561774213005,-1.2977362136310355,-1.3130896326627663,2.3378195230721834,1.2224061064882463,-1.3973500737589797,-1.4445245752767366,PFE,Pfizer,,,
2024-05-03,-1.207843482241443,-1.2441280703271511,-1.2602910554708149,-1.2531237315675172,-1.2417467190348213,1.7872911770427584,0.2556187948625464,-1.353303803895245,-1.4268199511336006,PFE,Pfizer,,,
2024-05-06,-1.161800480624226,-1.2058269404348898,-1.2150037910941125,-1.2040501076621943,-1.2285758677490108,1.7467174422641885,0.8049579705873583,-1.308647745423023,-1.4064241086894138,PFE,Pfizer,,,
2024-05-07,-1.213105318437116,-1.248505229007325,-1.197751519489968,-1.2665075825511192,-1.1945507150090375,2.092715846718558,-0.8807743840969849,-1.2881051568089998,-1.3926746546244853,PFE,Pfizer,,,
2024-05-08,-1.1473298782561034,-1.1937893887967708,-1.2139254984109404,-1.2531237315675172,-1.2593079936471716,0.4848876292962928,1.1505608852847593,-1.2560963478670748,-1.374031277338439,PFE,Pfizer,,,
2024-05-09,-1.1032635203999308,-1.2036382567326198,-1.223629926896184,-1.2754300789638238,-1.2527225680042664,1.0149957214801977,0.7580050466120143,-1.2209672943704106,-1.3529666549207673,PFE,Pfizer,,,
2024-05-10,-1.1259643797929595,-1.2222416507531826,-1.2203950488466693,-1.208511249503999,-1.200038744167214,-0.3177350559976497,-0.382303242838881,-1.2003502516782607,-1.335937412881248,PFE,Pfizer,,,
2024-05-13,-1.0685446890529515,-1.1751859947762076,-1.1804992478858232,-1.180628421623163,-1.2055265639784836,0.5165365975485544,0.9813522980387944,-1.170394611931922,-1.3150928940066544,PFE,Pfizer,,,
2024-05-14,-1.0765568546322608,-1.1817520458830175,-1.1772643698363094,-1.1783977443377136,-1.1660138007741474,-0.4583304438906943,-0.1321424158766549,-1.1499501705450312,-1.2968917221661618,PFE,Pfizer,,,
2024-05-15,-1.017801526547356,-1.1336020480549074,-1.1438381193111928,-1.1460537746150732,-1.1725992264170522,0.441749236745557,0.991063973703086,-1.1197868639393946,-1.2748570549489049,PFE,Pfizer,,,
2024-05-16,-1.0044481936635197,-1.1226588382679237,-1.1395249485785068,-1.1248627658614916,-1.1308910422025389,0.5449115346023061,0.223658065192226,-1.0937939730481598,-1.2535782471612715,PFE,Pfizer,,,
2024-05-17,-1.0418374704552555,-1.1532997839266053,-1.152464255113265,-1.1427077586868983,-1.1275984340545389,-0.3021773447839901,-0.6150053988007484,-1.083736441549802,-1.2377262892610623,PFE,Pfizer,,,
2024-05-20,-1.0565264406839885,-1.1653371268403585,-1.174029697450095,-1.1482844519005226,-1.1539403459730662,-0.5254844615845733,-0.2425329727079818,-1.0799008217012838,-1.2246874681927784,PFE,Pfizer,,,
2024-05-21,-1.0525203578943332,-1.1620543100113196,-1.1783426625194808,-1.1638987674404806,-1.1747944380803232,-0.1800984222247399,0.0694487520026994,-1.0760129626034625,-1.2124597991079498,PFE,Pfizer,,,
2024-05-22,-0.913644203261378,-1.0482452621856708,-1.0748290328946168,-1.1527455937423272,-1.1747944380803232,0.9638480785345884,2.3245218983026903,-1.0380444177892894,-1.188371758670677,PFE,Pfizer,,,
2024-05-23,-1.0351609422208443,-1.1478280746709304,-1.0963942695681468,-1.1248627658614916,-1.0694265810593104,0.6633526447187675,-1.9580812117298487,-1.0402391045210275,-1.1778240302022516,PFE,Pfizer,,,
2024-05-24,-1.0097896373830593,-1.1270362056724634,-1.1438381193111928,-1.1382466168450942,-1.1528427401414307,-0.5154319732010005,0.4247009379217851,-1.035481345766294,-1.1658653336643456,PFE,Pfizer,,,
2024-05-28,-1.0872397420713396,-1.1905065719677317,-1.1556991331627795,-1.1850897761940622,-1.1385742830239856,0.0776587784090519,-1.2782898994211327,-1.051461605484628,-1.162228158036854,PFE,Pfizer,,,
2024-05-29,-1.151335961045758,-1.243033728476016,-1.232256062698256,-1.234163400099385,-1.2088193814733894,-0.4152344924851243,-1.0791972695295318,-1.0796248285852263,-1.1649086576451624,PFE,Pfizer,,,
2024-05-30,-1.1005927985401611,-1.2014495730303498,-1.229021184648741,-1.223010226401232,-1.236258899223551,-0.4724148410650244,0.8734314250126846,-1.08793955876807,-1.162605718881408,PFE,Pfizer,,,
2024-05-31,-1.039167025010499,-1.1511111002243355,-1.1697165267174088,-1.172821263853184,-1.189062895197768,2.861731208061871,1.04259674377385,-1.0786716044665456,-1.1547745530529403,PFE,Pfizer,,,
2024-06-03,-0.9523693938130252,-1.0799805496954882,-1.0856115483997315,-1.128208781789665,-1.1539403459730662,0.4296777624562366,1.4486602827248858,-1.049812723462676,-1.1395478221427635,PFE,Pfizer,,,
2024-06-04,-0.928333726320138,-1.06028281382379,-1.0640463117262018,-1.06909711009982,-1.0836952475236623,0.9227407979310764,0.3940062250875036,-1.0221019067444768,-1.1234602446359534,PFE,Pfizer,,,
2024-06-05,-0.920321560740829,-1.053716971441346,-1.0759071199144885,-1.06909711009982,-1.0551581239418657,-0.2269776985708101,0.1321385743299545,-0.9992965057829658,-1.1080867834024413,PFE,Pfizer,,,
2024-06-06,-1.0204719719921111,-1.1357907317571774,-1.08453325571656,-1.1114789148778887,-1.077109612533851,0.258894594308784,-1.6161045737033173,-1.0074706417410355,-1.1034656392992233,PFE,Pfizer,,,
2024-06-07,-1.0498496360345642,-1.15986562630905,-1.137368568875464,-1.1382466168450942,-1.1440621028352551,-0.216094576346134,-0.4847331273528845,-1.0210162314923217,-1.1020086728865204,PFE,Pfizer,,,
2024-06-10,-1.117951937798637,-1.2156758083707389,-1.2128472057277688,-1.2408554319557337,-1.1879652893661328,0.3569639547456289,-1.135539004132634,-1.0483645963290669,-1.1070453762582966,PFE,Pfizer,,,
2024-06-11,-1.1232936579331898,-1.2200529670509128,-1.2150037910941125,-1.2118572654321729,-1.23186847589701,-0.0919663527774462,-0.0884841516450994,-1.0702241320062988,-1.1121231505062592,PFE,Pfizer,,,
2024-06-12,-1.1727014595089018,-1.260542780645444,-1.2257865122625269,-1.2486625897257126,-1.2077217756417542,0.0859469277578721,-0.8393687073398399,-1.0990894228363508,-1.1213543337075236,PFE,Pfizer,,,
2024-06-13,-1.1740368204387868,-1.2616371224965783,-1.2807782051244738,-1.2888137172183318,-1.2812596915860637,0.173090724824875,-0.020661738542881,-1.1210754390293665,-1.1298710502314089,PFE,Pfizer,,,
2024-06-14,-1.1900603223523645,-1.2747688072614671,-1.226864804945699,-1.2631615666229457,-1.253820173835902,-0.0987326839210331,-0.2743514173248379,-1.1416093187165606,-1.1391102238869983,PFE,Pfizer,,,
2024-06-17,-1.263504897081017,-1.3349563567276963,-1.3066566125306895,-1.3256190415118714,-1.2867475113973337,0.0669514837857773,-1.2716092807628314,-1.1755473025904395,-1.1543696955961995,PFE,Pfizer,,,
2024-06-18,-1.2060852063410088,-1.2879007007507213,-1.3088131978970323,-1.3166965450991677,-1.3383339387496576,-0.0771543931145583,1.0187254737532945,-1.1865079327686214,-1.162878552856808,PFE,Pfizer,,,
2024-06-20,-1.1620188484848366,-1.2517882545607302,-1.2548997977182574,-1.294390410431955,-1.314187029147495,-0.0846967909126068,0.7701345702300973,-1.1836059586120384,-1.1664977800270022,PFE,Pfizer,,,
2024-06-21,-1.1620188484848366,-1.2517882545607302,-1.2624476408371577,-1.2486625897257126,-1.2516249621726314,1.297283904019861,0.0023931652861639,-1.1814294779946035,-1.1697879865453606,PFE,Pfizer,,,
2024-06-24,-1.0792273000770165,-1.1839405208609222,-1.20637765529204,-1.2297022582575805,-1.23186847589701,0.2621504364450799,1.427660692474269,-1.1589003464652317,-1.1650457895186863,PFE,Pfizer,,,
2024-06-25,-1.1286351016527296,-1.224430334455453,-1.2020644845593538,-1.2073959108612742,-1.1824774695548623,-0.3861380559635529,-0.8295738773019784,-1.1544741368903313,-1.1653497261066452,PFE,Pfizer,,,
2024-06-26,-1.2047498454111234,-1.2868063588995864,-1.258134470104472,-1.3033129068446594,-1.236258899223551,-0.0208895606660933,-1.2962287183619583,-1.170366010423063,-1.1727356669799316,PFE,Pfizer,,,
2024-06-27,-1.154006406490515,-1.245222412178286,-1.2689171912728874,-1.3033129068446594,-1.2955281487035089,-0.1631401532206067,0.8861428779343121,-1.169477158662243,-1.1747103762743885,PFE,Pfizer,,,
2024-06-28,-1.129970462582615,-1.225524676306588,-1.2376473204508134,-1.2397400933130085,-1.2505273563409962,0.1272542880457376,0.4152820428961197,-1.162743794108567,-1.1742604458618342,PFE,Pfizer,,,
2024-07-01,-1.0979223530954048,-1.1992610980524463,-1.182655833252167,-1.2062805722185492,-1.23186847589701,-0.2959566855068214,0.5493732741204007,-1.149604756537386,-1.170857906761047,PFE,Pfizer,,,
2024-07-02,-1.1500006001158731,-1.2419393866248811,-1.2203950488466693,-1.234163400099385,-1.2022339558304849,-0.5517676564837215,-0.8788914597481231,-1.1528951438043178,-1.1726291519626022,PFE,Pfizer,,,
2024-07-03,-1.1673597393743491,-1.256165413240904,-1.245195369233014,-1.241970557869364,-1.2351612933919158,-0.9646411796780228,-0.2954802915451959,-1.1597444196351914,-1.175860836576034,PFE,Pfizer,,,
2024-07-05,-1.12062293607342,-1.2178644920730088,-1.240882198500328,-1.2363940773848348,-1.2527225680042664,-0.8380089285445489,0.8081351986620783,-1.1530849033449375,-1.1744331962950958,PFE,Pfizer,,,
2024-07-08,-1.1366472672320382,-1.230996176837897,-1.2376473204508134,-1.223010226401232,-1.2208928362744706,-0.3271569902244724,-0.2704190802259512,-1.152134842972974,-1.1746321230397925,PFE,Pfizer,,,
2024-07-09,-1.1646892939295923,-1.2539769382630006,-1.2570561774213005,-1.2776607562492732,-1.2395517167184569,0.3502885689131116,-0.4770700574903779,-1.158500167638494,-1.1774322816015976,PFE,Pfizer,,,
2024-07-10,-1.080562661006902,-1.1850348627120566,-1.20637765529204,-1.2218951004876015,-1.2450395365297269,-0.0737712275427648,1.4516891692058895,-1.1420404117686271,-1.1721198804561823,PFE,Pfizer,,,
2024-07-11,-1.039167025010499,-1.1511111002243355,-1.117959711904977,-1.1527455937423272,-1.1407692853403495,0.9841652610275632,0.6996910005944857,-1.119247244216962,-1.1634237908481906,PFE,Pfizer,,,
2024-07-12,-1.0044481936635197,-1.1226588382679237,-1.12766414039022,-1.1114789148778887,-1.1275984340545389,-0.1632977917597942,0.5808963276454717,-1.0933892582563356,-1.1522752797969855,PFE,Pfizer,,,
2024-07-15,-0.9804116969255936,-1.1029611023962251,-1.113646541172291,-1.1070177730360846,-1.113329767590188,-0.0337067865061855,0.3993010448992868,-1.0679289035172754,-1.1398950974321094,PFE,Pfizer,,,
2024-07-16,-0.9269980889752404,-1.059188471972655,-1.0823768760135173,-1.0746735905843492,-1.0946708871462016,-0.2533275866980761,0.8789412212075282,-1.035351923947185,-1.1236511918299432,PFE,Pfizer,,,
2024-07-17,-0.8562250653513978,-1.0011896062086956,-1.0025850684285265,-1.0534827945598622,-1.070524186890946,0.867294473282239,1.1480711249010342,-0.9930559206053842,-1.1022733230355442,PFE,Pfizer,,,
2024-07-18,-0.8989560622776851,-1.0362079192719178,-0.9605324764380376,-1.017792808909047,-1.0167427572222576,0.9815642251309694,-0.6771304300102522,-0.9721193168187752,-1.0868302626755308,PFE,Pfizer,,,
2024-07-19,-0.8642366781006794,-1.0077556573155062,-1.0349330262704712,-1.026715305321751,-1.013449939727352,-0.0648222089335046,0.5604599927149375,-0.9476536141464108,-1.0695480902116756,PFE,Pfizer,,,
2024-07-22,-0.913644203261378,-1.0482452621856708,-1.010132911547427,-1.0456756367898832,-0.994791059283366,0.9332722649529496,-0.784875845913961,-0.9417749064465006,-1.058452023310427,PFE,Pfizer,,,
2024-07-23,-0.9269980889752404,-1.059188471972655,-1.073750740211445,-1.051252117274413,-1.0485724889520538,-0.3372276676702591,-0.2130499991683961,-0.9407364261441048,-1.0496120335375048,PFE,Pfizer,,,
2024-07-24,-0.8629015935858074,-1.0066613154643709,-1.0360113189536428,-1.0534827945598622,-1.0606459437531346,-0.0916086345539053,1.03999108460819,-0.9237794678376952,-1.0355886304734143,PFE,Pfizer,,,
2024-07-25,-0.8361946514031247,-0.9847748958904026,-0.9346540690318216,-0.9798721459727836,-1.010157331579353,0.6794135866536796,0.4278048018555025,-0.9043208574661084,-1.020345472143125,PFE,Pfizer,,,
2024-07-26,-0.6994217386073643,-0.9202101877439992,-0.9400455324476792,-0.9754107914018836,-0.9904008453037304,0.276883576838374,2.166594607695374,-0.8552051121169709,-0.9937125349425274,PFE,Pfizer,,,
2024-07-29,-0.7061925243613556,-0.9256818969996746,-0.9346540690318216,-0.9274522934101912,-0.9311313864768668,0.6440964908549395,-0.1012264836995921,-0.8200772644974467,-0.9701332113029182,PFE,Pfizer,,,
2024-07-30,-0.6154615075227593,-0.8523626627685564,-0.86887965500146,-1.0010629419972703,-0.8960088372521646,3.563065068907101,1.3931944748830123,-0.7708306682157199,-0.9402225683135564,PFE,Pfizer,,,
2024-07-31,-0.7305676294907355,-0.9453794241470064,-0.8990712331403617,-0.924106490211112,-0.8751547451449082,0.5995332884307781,-1.7243891845436556,-0.762948762351656,-0.9237827695586224,PFE,Pfizer,,,
2024-08-01,-0.7156716244169425,-0.9333420812332524,-0.94759337556658,-0.9865639651000372,-0.927838778328868,0.5252249062660813,0.2320774441352937,-0.7532775481227217,-0.9074461097501296,PFE,Pfizer,,,
2024-08-02,-0.7454636345645285,-0.9574169757851254,-0.8926016827046332,-0.9754107914018836,-0.9102775037165168,0.6835667558591967,-0.4553267707454003,-0.7535437071127937,-0.8953773772595132,PFE,Pfizer,,,
2024-08-05,-0.8389032421197344,-1.032924893718513,-1.0338547335872994,-1.1047870957506345,-1.1067443419472829,0.4091119961130046,-1.4435776774960276,-0.7773276912471283,-0.8931336972939029,PFE,Pfizer,,,
2024-08-06,-0.8957792245283234,-1.078886207844353,-1.0295417685179138,-1.0601746136871162,-1.0364992434978793,-0.12480973611509,-0.898178923370341,-0.8095213038822606,-0.8964065919249542,PFE,Pfizer,,,
2024-08-07,-0.9594257162758896,-1.1303190225015023,-1.05542017592413,-1.1170556080915126,-1.047475092467325,0.1076646680413206,-1.0198189892668623,-0.8497310295175584,-0.9053269660039488,PFE,Pfizer,,,
2024-08-08,-0.9716136834631004,-1.1401678904373511,-1.1416815339448494,-1.1393617427587246,-1.124305616559634,0.0608763370063202,-0.1965440101692208,-0.8829645937857514,-0.9145748360362558,PFE,Pfizer,,,
2024-08-09,-1.000051812874901,-1.1631486518624543,-1.1697165267174088,-1.149399577814153,-1.1550379518047005,-0.3210212132376355,-0.4632386661121897,-0.91506761413797,-0.9256383053659492,PFE,Pfizer,,,
2024-08-12,-1.0135933843828824,-1.174091652925073,-1.18481221295521,-1.1638987674404806,-1.162720983279242,-0.6031941983832775,-0.2209607078893823,-0.9425628021867908,-0.9369608796602654,PFE,Pfizer,,,
2024-08-13,-0.9594257162758896,-1.1303190225015023,-1.148151084380579,-1.165014106083205,-1.1660138007741474,0.2140464299099375,0.8989717583247115,-0.9495121532459552,-0.942194500308777,PFE,Pfizer,,,
2024-08-14,-0.9553635212385088,-1.1270362056724634,-1.1233509696575343,-1.1248627658614916,-1.1385742830239856,-0.4494299294473379,0.0686980374992617,-0.9536988594726958,-0.9465729006099066,PFE,Pfizer,,,
2024-08-15,-0.978384745632104,-1.1456395996930264,-1.1416815339448494,-1.141592420044174,-1.124305616559634,-0.146333459734923,-0.3729787354047085,-0.9626494974121976,-0.952703603494376,PFE,Pfizer,,,
2024-08-16,-1.0339068473049078,-1.1905065719677317,-1.1804992478858232,-1.2163184072739777,-1.1550379518047005,1.1666803743030094,-0.9082814572923238,-0.9833763778905044,-0.9634631117723534,PFE,Pfizer,,,
2024-08-19,-0.9661967784448944,-1.1357907317571774,-1.1546208404796074,-1.1683599092822852,-1.1879652893661328,-0.2854373445264242,1.1290648650474626,-0.9818313661838336,-0.9669199018633796,PFE,Pfizer,,,
2024-08-20,-0.952654930521899,-1.1248475219701926,-1.1222726769743627,-1.1103637889642584,-1.1385742830239856,-0.5935115542647216,0.2238127060285713,-0.9772546148514092,-0.968797537587038,PFE,Pfizer,,,
2024-08-21,-0.9350503347314963,-1.1106212866298042,-1.1244292623407055,-1.095864599337931,-1.118817796748364,-0.8706886103222672,0.2892457199657777,-0.9693786121965072,-0.9688600901411232,PFE,Pfizer,,,
2024-08-22,-0.96890509274649,-1.1379792067350814,-1.128742433073392,-1.1393617427587246,-1.114427373421823,-0.6577674480458456,-0.5467722399630409,-0.972016626470267,-0.9720792208157256,PFE,Pfizer,,,
2024-08-23,-0.952654930521899,-1.1248475219701926,-1.1492293770637505,-1.128208781789665,-1.1363790713607151,-0.5581035131549118,0.2682803496602441,-0.9698935600662336,-0.973487827543716,PFE,Pfizer,,,
2024-08-26,-0.9499466162203029,-1.1226588382679237,-1.137368568875464,-1.1137095921633382,-1.125403222391269,-0.884251587713131,0.0465229417114679,-0.967617675706277,-0.9745154041338796,PFE,Pfizer,,,
2024-08-27,-0.9634884641432976,-1.1336020480549074,-1.1384466558953352,-1.1371312782023697,-1.118817796748364,-0.9037381363650024,-0.2181076287894338,-0.9693287549887318,-0.9767144653931203,PFE,Pfizer,,,
2024-08-28,-0.9729675641988844,-1.1412622322884864,-1.1341336908259498,-1.128208781789665,-1.1407692853403495,-0.6800429862371884,-0.1524897945122516,-0.9730046103998315,-0.9795990244250103,PFE,Pfizer,,,
2024-08-29,-0.9770305884813058,-1.144545257841892,-1.1546208404796074,-1.140477081401449,-1.1308910422025389,-0.7191070288520008,-0.0641559140457749,-0.9767870183290832,-0.9826008649268286,PFE,Pfizer,,,
2024-08-30,-0.9377586490330926,-1.112809970332074,-1.137368568875464,-1.1248627658614916,-1.1473549203301616,0.3666465988641847,0.6463080248980505,-0.969711499361695,-0.9816615445216704,PFE,Pfizer,,,
2024-09-03,-1.0339068473049078,-1.1905065719677317,-1.1513859624300933,-1.183974437551337,-1.1550379518047005,0.8130061855943559,-1.558322922934953,-0.9886728793526276,-0.9897885127062572,PFE,Pfizer,,,
2024-09-04,-1.0217188801176982,-1.1806577040318824,-1.1923600560741103,-1.1772824056949889,-1.1945507150090375,-0.4595673001212424,0.2051966469343363,-0.9998176443041088,-0.996038226549933,PFE,Pfizer,,,
2024-09-05,-1.005468441478093,-1.1675258105426285,-1.1643252689648516,-1.1605527515123062,-1.1791846520599572,-0.3130422779464523,0.2719375147739123,-1.0040745711406005,-1.0002018830671302,PFE,Pfizer,,,
2024-09-06,-0.9986973793090894,-1.1620543100113196,-1.1675599413510658,-1.1683599092822852,-1.164916194942512,0.0075278175328241,0.1142313482345643,-1.005558235107876,-1.0033545620846052,PFE,Pfizer,,,
2024-09-09,-0.8835915337561268,-1.069037339908504,-1.079141997964003,-1.149399577814153,-1.167111197258876,0.331529582749798,1.9002772422124807,-0.9776180115038664,-0.9954689648659588,PFE,Pfizer,,,
2024-09-10,-0.8389032421197344,-1.032924893718513,-1.060811433676687,-1.0668664328143704,-1.070524186890946,0.0781195679851385,0.7179255040742036,-0.9453834195404328,-0.9841260496633996,PFE,Pfizer,,,
2024-09-11,-0.8497367757411329,-1.0416794198032269,-1.0672809841124162,-1.072443126027994,-1.0419870633091488,0.0517029866297547,-0.1691445838267176,-0.9239418835633476,-0.9748262343121558,PFE,Pfizer,,,
2024-09-12,-0.9174460153561066,-1.0963952600137812,-1.066202897092545,-1.1148249308060627,-1.0529629122785953,0.0861833855666534,-1.0726040204000806,-0.9249506943426424,-0.9726963603337584,PFE,Pfizer,,,
2024-09-13,-0.902550010282314,-1.084357708375662,-1.1082552834197337,-1.0891727802106768,-1.0990613104727427,-0.6731553946788418,0.2429472863187713,-0.9219475175962252,-0.9693687230493924,PFE,Pfizer,,,
2024-09-16,-0.7942146740683287,-0.9968124475285216,-1.01983734003267,-1.0389836049335346,-1.05406051811023,-0.1131202321322624,1.745315084782676,-0.8923510550815108,-0.9562243408255078,PFE,Pfizer,,,
2024-09-17,-0.8267152749325243,-1.023076025782664,-1.01983734003267,-1.0211386121081272,-1.0013766942731772,-0.2446453410012871,-0.5065724761886701,-0.8783569321819454,-0.947310679666133,PFE,Pfizer,,,
2024-09-18,-0.8375490849689362,-1.0318305518673778,-1.01983734003267,-1.0066396352108942,-1.006864514084447,-0.3199783736707027,-0.1686313904188174,-0.8705958177705264,-0.9402193029004624,PFE,Pfizer,,,
2024-09-19,-0.8497367757411329,-1.0416794198032269,-0.9971936050126688,-1.0300611085208309,-1.0189379688855278,-0.5115455769079547,-0.1905213899072161,-0.8678511822359176,-0.934911009982213,PFE,Pfizer,,,
2024-09-20,-0.8822373766053291,-1.0679429980573691,-1.083455168696689,-1.062405290972566,-1.0573531262582292,1.563474766500185,-0.5136081169730308,-0.8739959295714324,-0.9331210663734144,PFE,Pfizer,,,
2024-09-23,-0.8971333816791216,-1.0799805496954882,-1.0920813044987614,-1.0679817714570952,-1.0694265810593104,-0.4828674888173039,-0.2360350705186543,-0.8823642749039544,-0.932885233123969,PFE,Pfizer,,,
2024-09-24,-0.8714038429839295,-1.059188471972655,-1.079141997964003,-1.071327787385269,-1.089183067334932,-0.584726237215387,0.4157705510624561,-0.8821463410769705,-0.9302675253057472,PFE,Pfizer,,,
2024-09-25,-0.9485924590695044,-1.1215644964167883,-1.066202897092545,-1.0980952766233805,-1.0507677006153242,-0.0228964205303651,-1.229751721444889,-0.901465469185864,-0.9350977327908118,PFE,Pfizer,,,
2024-09-26,-0.9431758304663116,-1.1171873377366148,-1.1416815339448494,-1.165014106083205,-1.1736968322486876,0.0739724618003594,0.0905611964462246,-0.9145876461536716,-0.9389828805430332,PFE,Pfizer,,,
2024-09-27,-0.9269253918267076,-1.1040554442473602,-1.117959711904977,-1.0969799379806555,-1.114427373421823,-0.3684704135330758,0.2665410427055381,-0.9203276320024096,-0.9409969315225432,PFE,Pfizer,,,
2024-09-30,-0.947238025503693,-1.1204701545656532,-1.1222726769743627,-1.1125942535206137,-1.1045491302840127,-0.2198233340999923,-0.3264229012562494,-0.9297595753337136,-0.9447252251330336,PFE,Pfizer,,,
2024-10-01,-0.9838013742352965,-1.1500167583732006,-1.1341336908259498,-1.140477081401449,-1.111134765273824,-0.0221446059588554,-0.5925533548228541,-0.946062203421824,-0.9515298484768736,PFE,Pfizer,,,
2024-10-02,-0.9919263171400848,-1.156582600755645,-1.1675599413510658,-1.1572069483132263,-1.160525771615971,-0.3718535791048693,-0.1310582365166595,-0.9603399281587004,-0.9584747946407604,PFE,Pfizer,,,
2024-10-03,-1.0284899422867022,-1.1861292045631917,-1.194516641440453,-1.1705905865677342,-1.171501620585417,-0.3280967584388595,-0.5994202758674663,-0.9802769620687556,-0.9682036733976408,PFE,Pfizer,,,
2024-10-04,-0.9959890650074926,-1.15986562630905,-1.1869687983215529,-1.172821263853184,-1.1945507150090375,-0.1407433546145044,0.5424329893485578,-0.9870264437470612,-0.9740123055861506,PFE,Pfizer,,,
2024-10-07,-0.9120291103379012,-1.0920178926092412,-1.0521852978746151,-1.0757889292270744,-1.0760120067022154,1.232991632114309,1.3857699527259,-0.9708968755987992,-0.9714504493477828,PFE,Pfizer,,,
2024-10-08,-0.9147377010545108,-1.0942065763115112,-1.089924719132418,-1.088057441567952,-1.0935734906614731,-0.1190619924554839,-0.0412876793673947,-0.9594833538122998,-0.9693744899308652,PFE,Pfizer,,,
2024-10-09,-0.7779645118437375,-0.9836805540392676,-0.9885674692105968,-1.0769042678697989,-1.0924758848298382,0.79755760875398,2.20961611362228,-0.9164013551342136,-0.9547117077415624,PFE,Pfizer,,,
2024-10-10,-0.8930709102267271,-1.076697524142083,-1.0263068904683996,-1.0568285977589418,-1.0189379688855278,0.1974943832952491,-1.7930301815164305,-0.9131429672406444,-0.952133626442088,PFE,Pfizer,,,
2024-10-11,-0.9174460153561066,-1.0963952600137812,-1.0953159768849752,-1.0936339220524811,-1.077109612533851,-0.0892925606319965,-0.3888231260748409,-0.916851507100615,-0.952066716815516,PFE,Pfizer,,,
2024-10-14,-0.9282795489775056,-1.1051497860984956,-1.1244292623407055,-1.1047870957506345,-1.0990613104727427,-0.4544925517635522,-0.1725565037736147,-0.9223673199910828,-0.9530178156242604,PFE,Pfizer,,,
2024-10-15,-0.8795287858887189,-1.065754314355099,-1.0629680190430304,-1.080250283797973,-1.1067443419472829,-0.1261375376567079,0.7918302551631129,-0.9141993785631104,-0.9493287979754964,PFE,Pfizer,,,
2024-10-16,-0.8483826185903348,-1.040585077952092,-1.0543418832409583,-1.040098943576259,-1.0617435495847702,-0.1622185740684336,0.5005858262782212,-0.9002120605518901,-0.943065881650966,PFE,Pfizer,,,
2024-10-17,-0.902550010282314,-1.084357708375662,-1.0856115483997315,-1.063520629615291,-1.0639387612480409,-0.4432759633982871,-0.8573147359484469,-0.9033935422531616,-0.9424319242468532,PFE,Pfizer,,,
2024-10-18,-0.9093207960363048,-1.0898294176313377,-1.1028638200038756,-1.0791349451552488,-1.0836952475236623,-0.4150404758215089,-0.1065366752926748,-0.907488614921444,-0.942488036785866,PFE,Pfizer,,,
2024-10-21,-0.9485924590695044,-1.1215644964167883,-1.1190380045881487,-1.1014412925515549,-1.0924758848298382,-0.4665276479284447,-0.6304987993773211,-0.920472174569219,-0.9462072886818284,PFE,Pfizer,,,
2024-10-22,-0.9607798734266878,-1.1314133643526374,-1.1438381193111928,-1.1326699236314703,-1.1275984340545389,-0.1245308371611429,-0.1959849048239709,-0.9332859748112428,-0.9507268141823852,PFE,Pfizer,,,
2024-10-23,-0.9580715591250916,-1.129224680650368,-1.1308988127764352,-1.1248627658614916,-1.1308910422025389,-0.5379560952426005,0.0466147490036707,-0.9422127404358286,-0.9545824987476088,PFE,Pfizer,,,
2024-10-24,-0.9878638456876908,-1.1532997839266053,-1.1449164119943644,-1.1438230973296235,-1.1319886480341743,0.0232371042649333,-0.483720692914295,-0.956427454083808,-0.9608704687794126,PFE,Pfizer,,,
2024-10-25,-1.0135933843828824,-1.174091652925073,-1.171873112083752,-1.1505149164568778,-1.1517451343097955,-0.3031049869569012,-0.420654682905635,-0.9735826821461688,-0.96899011912705,PFE,Pfizer,,,
2024-10-28,-0.9580715591250916,-1.129224680650368,-1.1492293770637505,-1.1371312782023697,-1.160525771615971,0.4142352486365986,0.9213856512509808,-0.972435270937023,-0.9711855032427584,PFE,Pfizer,,,
2024-10-29,-1.0122395036470977,-1.1729975197983036,-1.1244292623407055,-1.1962427371631208,-1.115524979253458,4.31545562738687,-0.8814526733691834,-0.9852468222753784,-0.978240961513312,PFE,Pfizer,,,
2024-10-30,-1.004114007912282,-1.1664314686914936,-1.1858905056383813,-1.1783977443377136,-1.1923557126926738,0.9709114976943364,0.1368384273482284,-0.9928045925728236,-0.9838960379062458,PFE,Pfizer,,,
2024-10-31,-1.0339068473049078,-1.1905065719677317,-1.181577540568995,-1.1672445706395602,-1.1769894403966867,0.4134531189613991,-0.4895250056588067,-1.0059926992609751,-0.991819870328598,PFE,Pfizer,,,
2024-11-01,-1.0623447003016966,-1.2134871246684689,-1.1923600560741103,-1.194012272606766,-1.1736968322486876,0.958215532269004,-0.4708026933636479,-1.023061556660397,-1.001679643284745,PFE,Pfizer,,,
2024-11-04,-1.107032715523076,-1.2495995708584595,-1.23549094074777,-1.2297022582575805,-1.2154048071162944,0.6219118979746665,-0.7467587215671708,-1.0471425542026265,-1.0148172378841709,PFE,Pfizer,,,
2024-11-05,-1.0758865482246909,-1.224430334455453,-1.2505866269855714,-1.2464319124402634,-1.2549177796675373,0.793374124444773,0.5307358176800264,-1.0573419404190574,-1.023851241785267,PFE,Pfizer,,,
2024-11-06,-1.1612001072150542,-1.2933722012820308,-1.251664919668743,-1.302197568201935,-1.2340636875602806,2.101392029394609,-1.43291681933979,-1.086524812231309,-1.040032839411923,PFE,Pfizer,,,
2024-11-07,-1.14765825929206,-1.2824292002194122,-1.2947955986791029,-1.273199401678374,-1.2779668740911578,1.05462968804438,0.2354663643288007,-1.1049939735380754,-1.0534784819861542,PFE,Pfizer,,,
2024-11-08,-1.1916657407503712,-1.3634086186841092,-1.3422394484221485,-1.3434642470663734,-1.324065272285306,1.5073251314457414,-0.752275791470058,-1.1299534307745227,-1.0698123915733475,PFE,Pfizer,,,
2024-11-11,-1.2576764101078124,-1.415935775192393,-1.3767439916304374,-1.3981145641853203,-1.3668710623314548,1.4089829350756875,-1.1431577012887923,-1.1653342635508868,-1.090827245885003,PFE,Pfizer,,,
2024-11-12,-1.2645522335669068,-1.421407275723702,-1.4187963779576254,-1.4282278566225108,-1.4206524920001429,1.3305213837054737,-0.1191127924352157,-1.1936053612760142,-1.1105739075836816,PFE,Pfizer,,,
2024-11-13,-1.1916657407503712,-1.3634086186841092,-1.385370127432509,-1.4248820534234312,-1.4206524920001429,1.0242115130019287,1.2928640343967204,-1.196411971577977,-1.1217173239347344,PFE,Pfizer,,,
2024-11-14,-1.2879311389878816,-1.4400106697442652,-1.374587406264094,-1.440496368963389,-1.364675850668184,0.8592427817422,-1.6681990502695647,-1.2228145300530864,-1.1408395455354543,PFE,Pfizer,,,
2024-11-15,-1.455708694595149,-1.573517453441612,-1.4985881855426164,-1.592179020708446,-1.478824135648465,6.062054263460047,-2.987552064294552,-1.2849638773246654,-1.1738949484576695,PFE,Pfizer,,,
2024-11-18,-1.447457153614209,-1.5669514023348023,-1.547110327968834,-1.56764199602669,-1.5589476865825866,2.0087611985597333,0.1566768746787225,-1.3294931804713968,-1.2031745646868075,PFE,Pfizer,,,
2024-11-19,-1.4144520953505015,-1.5406878240806596,-1.5622060142066354,-1.5776798310821187,-1.5885822066491118,1.290869228079077,0.6180178793860729,-1.3545596076746949,-1.2267095006434183,PFE,Pfizer,,,
2024-11-20,-1.4364555596646442,-1.5581968762500875,-1.5632843068898066,-1.573218689240313,-1.5479718376131402,0.9143313881674966,-0.4041007492768653,-1.3789131514375903,-1.250160170226604,PFE,Pfizer,,,
2024-11-21,-1.4103260484450182,-1.5374050072516208,-1.5503452060183491,-1.558719499613986,-1.5699233262051255,0.8462800434043963,0.4882088460093653,-1.3905831624780995,-1.2690382866468437,PFE,Pfizer,,,
2024-11-22,-1.3388144439052891,-1.4805004833387956,-1.493196927790059,-1.5230295139631715,-1.535898382812059,0.6552100078676589,1.3219274945832098,-1.3812859826274049,-1.2795205402997094,PFE,Pfizer,,,
2024-11-25,-1.2673025629505446,-1.4235959594259722,-1.417718085274454,-1.451649542661542,-1.4733363158371957,1.6138099646669042,1.295181713700985,-1.3562633398405437,-1.2823701656177382,PFE,Pfizer,,,
2024-11-26,-1.322311638358421,-1.4673685898495423,-1.4403618202944557,-1.4661485195587756,-1.4283355234746828,0.1158436830168571,-0.972298514859452,-1.3513807708030985,-1.2900989559647218,PFE,Pfizer,,,
2024-11-27,-1.3140606502075072,-1.4608027474670986,-1.4716314854532289,-1.456110684503347,-1.4722387100055598,-0.172689410882927,0.1508595711274855,-1.3456362762535916,-1.296354430581735,PFE,Pfizer,,,
2024-11-29,-1.2618019041832695,-1.419218800745798,-1.441440112977627,-1.4483035267333677,-1.4645556785310203,-0.5497547335987117,0.9405409812676044,-1.3281376815459,-1.297159903287294,PFE,Pfizer,,,
2024-12-02,-1.3154358148993257,-1.4618970893182333,-1.442518405660799,-1.4527648813042668,-1.4382137666124934,0.7746151382814593,-0.9464820622987647,-1.328551053939264,-1.3029019233398729,PFE,Pfizer,,,
2024-12-03,-1.3511914789616857,-1.4903493512746455,-1.4770229488690858,-1.4761863546142036,-1.4645556785310203,1.0897648932209807,-0.6397402891163817,-1.3378858924159427,-1.3114617638427342,PFE,Pfizer,,,
2024-12-04,-1.3965741251118151,-1.5264617974646366,-1.5201536278794463,-1.5141070175504678,-1.506263653398627,0.6942861765239473,-0.8209210849806934,-1.356341702158394,-1.3234824849208435,PFE,Pfizer,,,
2024-12-05,-1.3319386204461936,-1.4750287740831214,-1.488883757057373,-1.5185683721213663,-1.5304105630007894,0.7613674379689706,1.1903224606464495,-1.3538694142447734,-1.328373017315263,PFE,Pfizer,,,
2024-12-06,-1.32781257354071,-1.4717459572540823,-1.4554575065322566,-1.4683791968442248,-1.4744339216688307,0.0448881513202639,0.0768385431233204,-1.350973774888317,-1.3324335550047088,PFE,Pfizer,,,
2024-12-09,-1.2769295450383171,-1.431256143659551,-1.4187963779576254,-1.46949453548695,-1.4722387100055598,0.386484802718859,0.9193941897673972,-1.3359590557395145,-1.331372131879091,PFE,Pfizer,,,
2024-12-10,-1.3498160378548527,-1.4892550094235104,-1.4543792138490854,-1.477301693256928,-1.4349209491175878,0.7390918997776279,-1.2925277099487844,-1.3430947293697946,-1.3372152960490002,PFE,Pfizer,,,
2024-12-11,-1.3965741251118151,-1.5264617974646366,-1.5190753351962747,-1.5152223561931926,-1.5139468942200736,0.51408713717041,-0.8455420051971503,-1.360248329873783,-1.3468947869265406,PFE,Pfizer,,,
2024-12-12,-1.3773207137662975,-1.5111412202731125,-1.5223102132457895,-1.527490868534071,-1.535898382812059,0.461684448932039,0.356249633047717,-1.3682539263807292,-1.3538959244851367,PFE,Pfizer,,,
2024-12-13,-1.348441149578047,-1.4881606675723758,-1.5029013562753026,-1.5051845211377637,-1.518337108199708,-0.1240942996680082,0.5302386761514499,-1.3669688574899,-1.357563047226832,PFE,Pfizer,,,
2024-12-16,-1.3938235193131645,-1.5242731137623666,-1.493196927790059,-1.5096458757086637,-1.4908975904495465,0.5519567646998401,-0.8202723848440211,-1.3774596669389565,-1.3651358172484749,PFE,Pfizer,,,
2024-12-17,-1.2315471753031988,-1.39514369746956,-1.4166399982545823,-1.4382656916779395,-1.456872647056479,2.44642641355164,2.9824909285105545,-1.3443688636603148,-1.3568624391169584,PFE,Pfizer,,,
2024-12-18,-1.3058091092265676,-1.4542369050846538,-1.4101702421555535,-1.4382656916779395,-1.425042705979777,0.9994743883909656,-1.3004909232852695,-1.338294638589552,-1.3562777561108923,PFE,Pfizer,,,
2024-12-19,-1.322311638358421,-1.4673685898495423,-1.456535799215428,-1.46949453548695,-1.478824135648465,1.1661832066024949,-0.2931732791220419,-1.3379042448648548,-1.357287674594862,PFE,Pfizer,,,
2024-12-20,-1.2411736045609454,-1.4028038817031394,-1.413405120205068,-1.456110684503347,-1.478824135648465,5.168710598863693,1.4623725077130796,-1.317132029272497,-1.350626937959669,PFE,Pfizer,,,
2024-12-23,-1.1930409054421902,-1.3645029605352437,-1.385370127432509,-1.4014603673844,-1.4063838255357912,0.2582882922349859,0.8490969132878253,-1.28940406720391,-1.3400758012868863,PFE,Pfizer,,,
2024-12-24,-1.1889154113667346,-1.3612199349818388,-1.383213542066166,-1.380269571359913,-1.3811395194488996,-0.6896043699409846,0.0740138993899158,-1.2675668117667571,-1.3300985096442337,PFE,Pfizer,,,
2024-12-26,-1.213669205064514,-1.380917670853537,-1.388605005482024,-1.3691163976617595,-1.3756516996376296,0.019138502246058,-0.4268635259006919,-1.2574367828064554,-1.3233404172487768,PFE,Pfizer,,,
2024-12-27,-1.2054176640835736,-1.3743516197467267,-1.374587406264094,-1.3758082167890135,-1.3987007940612506,0.2502790418401128,0.1464532519351982,-1.247756553779278,-1.3164259468254855,PFE,Pfizer,,,
2024-12-26,25.20402717590332,26.559999465942383,26.71999931335449,26.479999542236328,26.63999938964844,31406000.0,-0.0067314244840653,24.99632204500156,24.7501677223423,PFE,Pfizer,0.9971185326576232,0.0027981996536254,8.322821668116376e-05
2024-12-27,25.26096534729004,26.6200008392334,26.850000381469727,26.420000076293945,26.43000030517578,35218300.0,0.0022590902235319,25.062482870573675,24.79660387006482,PFE,Pfizer,0.9999353885650636,8.812384294287767e-06,5.579018034040928e-05
2024-12-30,25.07117462158203,26.420000076293945,26.57999992370605,26.239999771118164,26.479999542236328,32859100.0,-0.0075132016175449,25.064655808325764,24.821564847475475,PFE,Pfizer,0.500000536441803,0.4999987483024597,7.514159392485453e-07
