Date,Adj Close,Close,High,Low,Open,Volume,Daily_Return,EMA_7,EMA_21,Ticker,Company,negative,neutral,positive
2021-01-04,0.0116958019571561,0.0116958019571561,0.0026990920860574,0.0358289160370083,-0.047476977670134,1.1334154624586996,,0.0204872212403417,0.0401752765616849,TSLA,Tesla,,,
2021-01-05,0.0414044590906445,0.0414044590906445,-0.0170739283599615,0.0473438806047467,-0.0241544258078759,-0.0898527143598546,0.1618902209661885,0.0281509514307121,0.0431260264238636,TSLA,Tesla,,,
2021-01-06,0.1575130648053476,0.1575130648053476,0.162563596615421,0.2186364853448499,0.1692570183675127,0.8395415690928221,0.7245381646549144,0.0638504571893894,0.0573407692663694,TSLA,Tesla,,,
2021-01-07,0.4916523067302531,0.4916523067302531,0.3954530014121828,0.3681595157676783,0.2755415095075181,1.3468848258104251,2.087741851743981,0.1768206013248791,0.103450939928139,TSLA,Tesla,,,
2021-01-08,0.8475999858824463,0.8475999858824463,0.7611205881542878,0.7301656233787548,0.7107314303709854,3.1047106742850152,2.059878531160572,0.3533694911038827,0.1807230312041819,TSLA,Tesla,,,
2021-01-11,0.4646696724160153,0.4646696724160153,0.5982768014070958,0.5309734414342516,0.6740813428777933,1.9291330173105856,-2.121802986877845,0.3869993592159607,0.2129366392176147,TSLA,Tesla,,,
2021-01-12,0.677470592763614,0.677470592763614,0.6717897345864879,0.666862034205543,0.5719059422103046,0.9567493605482544,1.2255013602516276,0.4671164945345123,0.2633577410878032,TSLA,Tesla,,,
2021-01-13,0.7051209804253925,0.7051209804253925,0.630997325088923,0.6935586884904473,0.6927393843675997,-0.0102093223560455,0.1227368165863188,0.534337119132181,0.311941423001879,TSLA,Tesla,,,
2021-01-14,0.6527688123702664,0.6527688123702664,0.644702916034061,0.7322284513021846,0.6407078514990918,-0.1628995769406929,-0.3275451390097272,0.5712476725298247,0.3509086376180566,TSLA,Tesla,,,
2021-01-15,0.5479539480552716,0.5479539480552716,0.6279094257900727,0.6196561604215696,0.6885192099150962,0.3976039463032042,-0.628783718298185,0.5718922453049252,0.3759228623126898,TSLA,Tesla,,,
2021-01-19,0.650265374000196,0.650265374000196,0.5742783781219266,0.6992871925788506,0.6096663611098655,-0.6031134460010051,0.5608490120820954,0.5987682230351236,0.4088249336972432,TSLA,Tesla,,,
2021-01-20,0.6830897040756408,0.6830897040756408,0.6257425398220874,0.7238066796351373,0.7259466310714466,-0.580809117443019,0.1530426044498887,0.627392664429164,0.4419961152049019,TSLA,Tesla,,,
2021-01-21,0.6527132935946127,0.6527132935946127,0.6052649962546394,0.7475242180784256,0.7051782481586378,-0.964721160150034,-0.2049021071598259,0.6410250097203546,0.4691346616988623,TSLA,Tesla,,,
2021-01-22,0.6618927374003918,0.6618927374003918,0.5634434523135933,0.6741949600121687,0.5902864008485188,-0.998644036571782,0.0186518677109873,0.6536172242751991,0.4947177965447387,TSLA,Tesla,,,
2021-01-25,0.851939618621612,0.851939618621612,0.8473099778353357,0.732629163362571,0.7051782481586378,0.5763818330854827,1.0438038708503117,0.7120864223936704,0.5368511984740533,TSLA,Tesla,,,
2021-01-26,0.8646799042677099,0.8646799042677099,0.8229321387191953,0.9204209822906376,0.90719704850414,-0.7699220644637755,0.0359341642332108,0.7592248415176407,0.5764196932030506,TSLA,Tesla,,,
2021-01-27,0.7593643522787019,0.7593643522787019,0.7990958971029498,0.8462897756113822,0.7904170277309926,-0.4563332042025487,-0.6058278421889532,0.7674111547626333,0.6019308064323008,TSLA,Tesla,,,
2021-01-28,0.5995268158649851,0.5995268158649851,0.5634434523135933,0.5159640474132082,0.5108229714484855,-0.527671237328794,-0.921159339850531,0.7323187415092618,0.6092472005468632,TSLA,Tesla,,,
2021-01-29,0.3664197759854238,0.3664197759854238,0.5331611093181062,0.3962308641759762,0.566352759997957,0.1150277288947676,-1.3725899499446237,0.6458664726446399,0.5927456016495467,TSLA,Tesla,,,
2021-02-01,0.6238949742578452,0.6238949742578452,0.5309396668254062,0.4847992438581054,0.4791149771793372,-0.6012926844860674,1.5237066444845169,0.6474463097768827,0.603317330442004,TSLA,Tesla,,,
2021-02-02,0.8073763782480967,0.8073763782480967,0.7395057890307423,0.7519928918408487,0.6478711159293735,-0.6792869441341339,1.0150458141474896,0.6959625755381289,0.6311518973834132,TSLA,Tesla,,,
2021-02-03,0.7066785622230883,0.7066785622230883,0.7263958561418071,0.8142081596458666,0.8274555278590134,-1.127216663220862,-0.5871907025580225,0.7063734781416563,0.6464544504418513,TSLA,Tesla,,,
2021-02-04,0.6805302375833522,0.6805302375833522,0.6094906470779938,0.7016935629100715,0.7051782481586378,-1.316068435434148,-0.1803104066489441,0.7074363584601004,0.6577687349849121,TSLA,Tesla,,,
2021-02-05,0.692992420004616,0.692992420004616,0.6542914732368674,0.7334888061203885,0.6496479512156652,-1.1105686347789527,0.0368801687077437,0.7114482989305212,0.6692922282541887,TSLA,Tesla,,,
2021-02-08,0.7552473039887164,0.7552473039887164,0.7247165071174083,0.823889761638893,0.7866411891984371,-0.9915400818085828,0.3170955792732001,0.7305167022665696,0.6859514665924659,TSLA,Tesla,,,
2021-02-09,0.6775816303149214,0.6775816303149214,0.627367828290178,0.7494150125518457,0.7058447520385598,-1.3649454351179249,-0.4651784109638396,0.7247831453868813,0.6933822490906445,TSLA,Tesla,,,
2021-02-10,0.4292308664191918,0.4292308664191918,0.5462164856823266,0.5103498826299937,0.6420957657570519,0.2064612979215336,-1.4365955115208204,0.6564177041431465,0.6754705888181716,TSLA,Tesla,,,
2021-02-11,0.4672846576839586,0.4672846576839586,0.4652823772365209,0.5201463484204347,0.4688418697029198,-0.8825107928956571,0.1934341940699938,0.6149600880765779,0.6629668740491804,TSLA,Tesla,,,
2021-02-12,0.4920974756286135,0.4920974756286135,0.3972950280739127,0.4261930070576942,0.4067593973179684,-0.722410635916202,0.1132302714193461,0.5902676615329159,0.6540643415585172,TSLA,Tesla,,,
2021-02-16,0.3813853967767571,0.3813853967767571,0.4171764176167513,0.4669250733006347,0.4997166070237903,-1.0183590034671317,-0.6845282099386368,0.5431887370182273,0.6349748859118228,TSLA,Tesla,,,
2021-02-17,0.3921224223802339,0.3921224223802339,0.3025467116019461,0.2925959208202088,0.283648860669315,-0.5561392913430853,0.0312335814829795,0.5106492974754225,0.6186872678010685,TSLA,Tesla,,,
2021-02-18,0.332204420439243,0.332204420439243,0.2746474967996771,0.3742892564086935,0.2936998001857584,-1.1560503619656122,-0.3937656949366621,0.4707880986127266,0.5979291127717157,TSLA,Tesla,,,
2021-02-19,0.298378715015769,0.298378715015769,0.2860240201079052,0.3805910304997176,0.3719974832878047,-1.0813394427543186,-0.2396569287544096,0.4321664237196101,0.5756983957238021,TSLA,Tesla,,,
2021-02-22,-0.0732576023776699,-0.0732576023776699,0.132768294595114,-0.0042158031442363,0.1923019873781786,0.2850823771075293,-2.3162951160051786,0.3073317998666121,0.5185766576580678,TSLA,Tesla,,,
2021-02-23,-0.1603808230820788,-0.1603808230820788,-0.1645870836781272,-0.5266874224815983,-0.3658312086720851,2.474264537600501,-0.6186797588207431,0.191231276705161,0.4579944742835602,TSLA,Tesla,,,
2021-02-24,0.0798476458048357,0.0798476458048357,0.0054618840944489,-0.0960494091770653,-0.0897354080705408,0.2475702126174002,1.6162596215161946,0.1661259074597489,0.4267799493516351,TSLA,Tesla,,,
2021-02-25,-0.2528450518736816,-0.2528450518736816,-0.036738827693365,-0.2311929607418399,-0.0103273935621262,0.4159831906117755,-2.185261153939439,0.0614745204015594,0.3653591062995626,TSLA,Tesla,,,
2021-02-26,-0.2902310897909078,-0.2902310897909078,-0.2020205471426907,-0.2946114137124672,-0.1555388124899313,0.5700987134314767,-0.2964831003535278,-0.0266582291943485,0.3058086866970624,TSLA,Tesla,,,
2021-03-01,-0.0513933917014457,-0.0513933917014457,-0.1353876876982263,-0.1482964399877457,-0.2104580204446001,-0.4710933118933136,1.663380870127548,-0.0311465354794967,0.2753939934473501,TSLA,Tesla,,,
2021-03-02,-0.2293672312775423,-0.2293672312775423,-0.1239573518178933,-0.1485830749890556,-0.0540296615056144,-0.725104467501827,-1.2223729556180043,-0.0804234060320501,0.2300673951558498,TSLA,Tesla,,,
2021-03-03,-0.4142954341874661,-0.4142954341874661,-0.2345243326308778,-0.339296577860032,-0.2222303803557161,-0.2418713765824349,-1.3263995227663383,-0.1650856672471269,0.1704937920476185,TSLA,Tesla,,,
2021-03-04,-0.5909897951906998,-0.5909897951906998,-0.4092321796298835,-0.6355355563140804,-0.4009817895338284,2.422969805413283,-1.3316974373564094,-0.2741629460438952,0.0987861754019377,TSLA,Tesla,,,
2021-03-05,-0.7216746262473127,-0.7216746262473127,-0.6292286377155532,-0.9821884652502098,-0.5661285886229143,4.174855792552256,-1.042726533814062,-0.3896827380490267,0.0206174371155576,TSLA,Tesla,,,
2021-03-08,-0.9161161496367864,-0.9161161496367864,-0.6709958731160879,-0.8716215703943159,-0.7077858285846361,1.3683832435339307,-1.5940917374994013,-0.5264812737219714,-0.0697575474375244,TSLA,Tesla,,,
2021-03-09,-0.3009128512920128,-0.3009128512920128,-0.3570094342519861,-0.6629767273132765,-0.6654163142042427,2.542647564333651,5.210724492414267,-0.4703805725442493,-0.0908128510958393,TSLA,Tesla,,,
2021-03-10,-0.3316231384468117,-0.3316231384468117,-0.1416175468522346,-0.3201048828317611,-0.153872806986876,2.026446750574117,-0.2522923325854334,-0.4362271601972825,-0.1130042708963575,TSLA,Tesla,,,
2021-03-11,-0.156152737240786,-0.156152737240786,-0.2247730977907409,-0.1933825784418082,-0.1588705692992905,0.2092819858422156,1.227060491638351,-0.3653472542226213,-0.1157500604902521,TSLA,Tesla,,,
2021-03-12,-0.1888100016427052,-0.1888100016427052,-0.2660530442318923,-0.2566292602085395,-0.3221291949253479,0.0100354562916012,-0.2575103963720637,-0.3206116860989027,-0.1214898469235263,TSLA,Tesla,,,
2021-03-15,-0.1097538118447412,-0.1097538118447412,-0.1669163992992403,-0.154082638220968,-0.1883571381654484,-0.3069710628788118,0.513425274583541,-0.2666664491067435,-0.1188557448742526,TSLA,Tesla,,,
2021-03-16,-0.2825537090071701,-0.2825537090071701,-0.1954115201419154,-0.2287868526567319,-0.136936185891743,-0.093546472351224,-1.2049147534129143,-0.2707834772136807,-0.1336240928588772,TSLA,Tesla,,,
2021-03-17,-0.1438576204930481,-0.1438576204930481,-0.218110010233657,-0.3433068454172491,-0.3950401946866517,0.5166175749988616,0.949898171312064,-0.2380928084924518,-0.1332741665816539,TSLA,Tesla,,,
2021-03-18,-0.4145180186366454,-0.4145180186366454,-0.2966607425020414,-0.3376352487353269,-0.2427765953085515,-0.0167536168175221,-1.884349222313208,-0.2833951376137502,-0.159838826354933,TSLA,Tesla,,,
2021-03-19,-0.4050046981570951,-0.4050046981570951,-0.4700143477671071,-0.494491204964781,-0.4520694898675719,0.7047753684380116,0.0364170674258434,-0.3149178010862913,-0.183043626517496,TSLA,Tesla,,,
2021-03-22,-0.320830084721117,-0.320830084721117,-0.2403750239381201,-0.2416767735939776,-0.2411105898054966,0.4524208073225972,0.5833892068322104,-0.3168458745858976,-0.195778433018086,TSLA,Tesla,,,
2021-03-23,-0.3644472138489751,-0.3644472138489751,-0.3585804141795644,-0.3060692086276121,-0.2900882029129892,-0.2206863686278941,-0.3459131948959198,-0.3295435291286598,-0.2116877094161218,TSLA,Tesla,,,
2021-03-24,-0.5418648469754036,-0.5418648469754036,-0.4115614952509971,-0.4630397664083678,-0.3337348017681081,0.0258104146628232,-1.3193728491453651,-0.3848339302673683,-0.243772321079847,TSLA,Tesla,,,
2021-03-25,-0.4855629509771018,-0.4855629509771018,-0.5335590599285184,-0.5811113582747829,-0.6386509215526394,0.4309820866979422,0.3952286811366632,-0.4117779329504289,-0.2673480825053276,TSLA,Tesla,,,
2021-03-26,-0.6061780004312153,-0.6061780004312153,-0.5426600801877374,-0.6361657337231829,-0.47833538590436,0.0301086057800531,-0.937396756413074,-0.4631001381985421,-0.3007604289026953,TSLA,Tesla,,,
2021-03-29,-0.6474585021892454,-0.6474585021892454,-0.6907691415463101,-0.658336282346956,-0.6239908865553625,-0.3591015544499362,-0.3536883091182069,-0.5122406284712933,-0.3352353882460591,TSLA,Tesla,,,
2021-03-30,-0.5121004163929792,-0.5121004163929792,-0.5760308184504821,-0.6870380704104696,-0.7011223149659206,0.4464660217122684,1.0292062367558763,-0.5141786371055167,-0.3531321033007801,TSLA,Tesla,,,
2021-03-31,-0.332346410570006,-0.332346410570006,-0.3900007566837598,-0.4000222877442397,-0.4519586600843359,-0.0083587122916826,1.3237376466259152,-0.4692622859644075,-0.3515481558372525,TSLA,Tesla,,,
2021-04-01,-0.3667283224431482,-0.3667283224431482,-0.2793794673302643,-0.2951269895702689,-0.2201202931294643,0.1379812634027519,-0.2805245917979939,-0.4444442789617288,-0.3535231146542548,TSLA,Tesla,,,
2021-04-05,-0.2037198489851035,-0.2037198489851035,-0.1941113389642836,-0.150301573766355,-0.1127249621895894,0.626333380548567,1.14870254950992,-0.3837806415306235,-0.3391280581074699,TSLA,Tesla,,,
2021-04-06,-0.2005489119407748,-0.2005489119407748,-0.2570060845289797,-0.1693786672433223,-0.2094028497330994,-0.3863532800751504,-0.0114621985443408,-0.3374649294653154,-0.3257266964147248,TSLA,Tesla,,,
2021-04-07,-0.3154335578582695,-0.3154335578582695,-0.2850134204438659,-0.2468902263168057,-0.227727893479695,-0.532790263555217,-0.8306779609359468,-0.3323641173612088,-0.3249543160665874,TSLA,Tesla,,,
2021-04-08,-0.2440547488440418,-0.2440547488440418,-0.2949270849371316,-0.2250632201008256,-0.2811478489996651,-0.7107697016403712,0.4770634369066133,-0.310125426495652,-0.3171626020908302,TSLA,Tesla,,,
2021-04-09,-0.2817746634350393,-0.2817746634350393,-0.3414075081046064,-0.2377813698341739,-0.2789820926850446,-0.8963679819663096,-0.2982186963128889,-0.3031767454307325,-0.3138256769025329,TSLA,Tesla,,,
2021-04-12,-0.1429117639206741,-0.1429117639206741,-0.2123133794827224,-0.1652540603809159,-0.2349468269983459,-0.3218878754540591,0.9508772531504912,-0.2621437637877424,-0.2969998432255734,TSLA,Tesla,,,
2021-04-13,0.192785314475211,0.192785314475211,0.1029732405590102,-0.0015804919565241,-0.085015482806471,0.8360194402606477,2.2615681232455827,-0.1447716487860065,-0.2483612247936294,TSLA,Tesla,,,
2021-04-14,0.0253816895023456,0.0253816895023456,0.1993470934832707,0.097929582290723,0.237059171836417,1.161711887313796,-1.0873784221063894,-0.0999264805730555,-0.2207713117762816,TSLA,Tesla,,,
2021-04-15,0.0622117756431873,0.0622117756431873,-0.0016346798499132,0.0594315906828827,0.0837960708351839,-0.4179106589549507,0.2079093858032649,-0.0567918100218851,-0.1920315018548966,TSLA,Tesla,,,
2021-04-16,0.0673857180568542,0.0673857180568542,0.0293521862670027,0.0782797433033605,0.0035550535752406,-0.4081651075676205,0.0001236599070423,-0.0231061221208736,-0.1653905109822044,TSLA,Tesla,,,
2021-04-19,-0.0725343302544756,-0.0725343302544756,-0.1007170162420538,-0.1096266771760084,-0.0466996440069755,0.4654049263225623,-0.9411935612401848,-0.0339360321675745,-0.1550686927746258,TSLA,Tesla,,,
2021-04-20,-0.0482779734327712,-0.0482779734327712,-0.0365220894997249,-0.0014087207526281,-0.0588052558580526,0.1611586620314253,0.1294135962585596,-0.0358012254996428,-0.1432760100713677,TSLA,Tesla,,,
2021-04-21,0.0915307826539684,0.0915307826539684,0.0045951793040954,-0.0741078014097827,-0.1290507484931696,-0.1666903427176942,0.8997301729231949,-0.0011346537868953,-0.1186691788941301,TSLA,Tesla,,,
2021-04-22,-0.0443835095919658,-0.0443835095919658,0.0529716896896091,0.0406983018598183,0.0749113860102286,0.1597632423457969,-0.9100643193294689,-0.0101955646797315,-0.1097987334803216,TSLA,Tesla,,,
2021-04-23,0.0096372778121624,0.0096372778121624,-0.0359261834593188,0.0259178486952648,-0.0455890584038552,-0.379025461191262,0.3267506029981581,-0.0030558909775756,-0.0963691911469389,TSLA,Tesla,,,
2021-04-26,0.0585954150272158,0.0585954150272158,0.0287562802265966,0.1241678303704214,0.0721347949040548,-0.1798983258383484,0.2886445021704054,0.014928245443851,-0.0792978523284177,TSLA,Tesla,,,
2021-04-27,-0.1275567476799158,-0.1275567476799158,-0.1083013651142059,-0.0434585737124807,-0.0558064967919048,-0.2994044555995218,-1.2437020763078523,-0.0196039967117663,-0.0822676252955209,TSLA,Tesla,,,
2021-04-28,-0.1850826034754264,-0.1850826034754264,-0.1922693123025537,-0.099314897773879,-0.1754739384544624,-0.8341412185521089,-0.4252290967843642,-0.0603427126704752,-0.0906810534933266,TSLA,Tesla,,,
2021-04-29,-0.2818859556596294,-0.2818859556596294,-0.2261275875088841,-0.2431091618621913,-0.1582597345077363,-0.3435504601994033,-0.7025211167848786,-0.1158684193225113,-0.1079444138617576,TSLA,Tesla,,,
2021-04-30,-0.1014086777134629,-0.1014086777134629,-0.1545107415475305,-0.2566292602085395,-0.3355118912511495,0.5454363494688992,1.2459079680196388,-0.1109562643485865,-0.1057128519288368,TSLA,Tesla,,,
2021-05-03,-0.2379349498580009,-0.2379349498580009,-0.2058127215787672,-0.1743629168635472,-0.1344371776371619,-0.4780405617720306,-0.9570546610682176,-0.1424908558810534,-0.1172443439893101,TSLA,Tesla,,,
2021-05-04,-0.3008015590674222,-0.3008015590674222,-0.3279727159094158,-0.3049806250133043,-0.2724850779379333,-0.2768464143714215,-0.4740006148700832,-0.1823590499029018,-0.1339716122768709,TSLA,Tesla,,,
2021-05-05,-0.3156003688585133,-0.3156003688585133,-0.3179506823193305,-0.2497544783610074,-0.2607127180268178,-0.8616839675342188,-0.138921069319167,-0.2160777387322647,-0.150648080456527,TSLA,Tesla,,,
2021-05-06,-0.3567698330652374,-0.3567698330652374,-0.3411367093546595,-0.3490927814043591,-0.2623787235298717,-0.4227088132750528,-0.3279674096823531,-0.2519869481265425,-0.169897576485358,TSLA,Tesla,,,
2021-05-07,-0.3076446301766588,-0.3076446301766588,-0.2924894002191984,-0.2905439765026547,-0.345451746787605,-0.7447298887489007,0.3218258557028748,-0.2662463772883237,-0.1825178609132453,TSLA,Tesla,,,
2021-05-10,-0.5487079180846401,-0.5487079180846401,-0.427650958341962,-0.4773618133677144,-0.3504495091000195,-0.1534898217343964,-1.754133278490948,-0.339126324588423,-0.217933950626289,TSLA,Tesla,,,
2021-05-11,-0.6145786533381473,-0.6145786533381473,-0.6332373023610647,-0.6607423904320635,-0.7150601769949062,0.9741510648631504,-0.5360391445522168,-0.4107784883851049,-0.2566728680056829,TSLA,Tesla,,,
2021-05-12,-0.7665157151723797,-0.7665157151723797,-0.6694792017290201,-0.7113283543641522,-0.6970129702966534,0.0279296616720129,-1.2149123383127347,-0.5037117303940182,-0.3069808946113999,TSLA,Tesla,,,
2021-05-13,-0.8677699923203385,-0.8677699923203385,-0.7450504037953742,-0.8666947526727987,-0.7022883154606577,0.8011040995705115,-0.8572652034837114,-0.5995315049214186,-0.36277233228967,TSLA,Tesla,,,
2021-05-14,-0.7673502795201641,-0.7673502795201641,-0.8186714580873814,-0.8047658576229799,-0.8029644636934483,-0.0058514341399652,0.809517169220888,-0.6454917794030898,-0.4035178443992919,TSLA,Tesla,,,
2021-05-17,-0.8391740027594684,-0.8391740027594684,-0.835681934509212,-0.8578150992927701,-0.8466110625485678,-0.0790176909185044,-0.617973636940796,-0.6984898383982168,-0.4476929592366053,TSLA,Tesla,,,
2021-05-18,-0.8333880804471968,-0.8333880804471968,-0.800361048472122,-0.845326152662024,-0.8885364952057643,0.2523161319760081,0.0146549623855553,-0.7367458295714131,-0.4872774799832829,TSLA,Tesla,,,
2021-05-19,-0.9135569378177796,-0.9135569378177796,-0.9630967141066976,-0.9392794940247644,-0.9743304404813026,0.457360742252469,-0.6992859315049547,-0.7861184107610474,-0.531226011016271,TSLA,Tesla,,,
2021-05-20,-0.7838179633335406,-0.7838179633335406,-0.8404489348482574,-0.8012711659235616,-0.8496652365063333,-0.1961210124509485,1.0715537965377633,-0.7896800096132133,-0.558293170378996,TSLA,Tesla,,,
2021-05-21,-0.8166422934089864,-0.8166422934089864,-0.7980317328510084,-0.7501127187271915,-0.7324411340099886,-0.5535947025045863,-0.3019503297146736,-0.8008186668487303,-0.5861598864122636,TSLA,Tesla,,,
2021-05-24,-0.6744411365034836,-0.6744411365034836,-0.7016038193704403,-0.7864909750051224,-0.8130154032098919,0.0827390605540497,1.1413770006241626,-0.7724900425037212,-0.5973694339087471,TSLA,Tesla,,,
2021-05-25,-0.6841770414322141,-0.6841770414322141,-0.7042582422820122,-0.6601122130229615,-0.6702475776450496,-0.4061951033055568,-0.1105311762662791,-0.7537550761347228,-0.6085269299053332,TSLA,Tesla,,,
2021-05-26,-0.6038413730613877,-0.6038413730613877,-0.6382755974184648,-0.62694227568925,-0.6688591549935884,-0.3589299252907412,0.6041118260526476,-0.7189802325053688,-0.6106909368509572,TSLA,Tesla,,,
2021-05-27,-0.5386378818088561,-0.5386378818088561,-0.6114057650438803,-0.5426707985656494,-0.5984469092901146,-0.5282234354931602,0.4719435465688593,-0.6760790206332156,-0.6061820163132179,TSLA,Tesla,,,
2021-05-28,-0.5699601488622601,-0.5699601488622601,-0.5872446641213792,-0.5073236940033196,-0.5525791392287573,-0.7993676584717425,-0.2717687677742637,-0.6519830933509382,-0.6051940159149538,TSLA,Tesla,,,
2021-06-01,-0.5773039076455103,-0.5773039076455103,-0.5969415904210053,-0.5178075068554578,-0.5564663159380505,-1.1465137504242586,-0.0898546791588975,-0.6358055649153884,-0.6050252371244456,TSLA,Tesla,,,
2021-06-02,-0.6817848952867338,-0.6817848952867338,-0.6534981077348739,-0.6404623740355981,-0.5990577440816683,-0.7571468853097869,-0.8371800623747575,-0.6506246330798744,-0.6152491561277348,TSLA,Tesla,,,
2021-06-03,-0.8613720901094628,-0.8613720901094628,-0.7553975446759174,-0.8004120476579698,-0.7008444779175783,-0.2490424905818409,-1.457790529222888,-0.7080657607771489,-0.6423807482196473,TSLA,Tesla,,,
2021-06-04,-0.7155548272612704,-0.7155548272612704,-0.7767415450495156,-0.7661535267099489,-0.8235106786462841,-0.7023673349771754,1.1881619717839034,-0.7135311682438357,-0.6525628391095915,TSLA,Tesla,,,
2021-06-07,-0.6817291218377974,-0.6817291218377974,-0.725873289389761,-0.7336135045392274,-0.7562080217921946,-0.8137919699814739,0.2375063812363033,-0.7089044480977524,-0.6584596183519464,TSLA,Tesla,,,
2021-06-08,-0.690296840418256,-0.690296840418256,-0.6549607185656335,-0.661315398188572,-0.5830652097180486,-0.5518933351873495,-0.1014332308763889,-0.7076445611853784,-0.6646712973754428,TSLA,Tesla,,,
2021-06-09,-0.7170568902833135,-0.7170568902833135,-0.716176363090135,-0.649112824313023,-0.6987900597796948,-1.2584681971808545,-0.2462557833356663,-0.7136027450245624,-0.6729761639550611,TSLA,Tesla,,,
2021-06-10,-0.6539676966247117,-0.6539676966247117,-0.690173235505904,-0.632671042023766,-0.6892942859664358,-0.7111204220961174,0.4721748111714317,-0.7017967140101307,-0.674259841244583,TSLA,Tesla,,,
2021-06-11,-0.6552474298708565,-0.6552474298708565,-0.7120050208072916,-0.6268276741379484,-0.6540326211247068,-1.2867720841733072,-0.0435501377159415,-0.6932723143987882,-0.6755539274107845,TSLA,Tesla,,,
2021-06-14,-0.6118526305188958,-0.6118526305188958,-0.6419591547735176,-0.5829447208494968,-0.6429267650935118,-0.9719668955230032,0.3079888562957065,-0.6756847680972986,-0.6724202722379443,TSLA,Tesla,,,
2021-06-15,-0.7138301797900489,-0.7138301797900489,-0.6890897925219117,-0.6456755645123143,-0.6181601214914227,-1.1704522870632748,-0.8258093272430115,-0.6888005287380675,-0.6797002003266567,TSLA,Tesla,,,
2021-06-16,-0.683175666084186,-0.683175666084186,-0.7339992357618078,-0.672773193103717,-0.7245005359165475,-0.8436106708572558,0.2119737820159463,-0.6907296231607777,-0.6832736216948115,TSLA,Tesla,,,
2021-06-17,-0.6179166560560007,-0.6179166560560007,-0.6637368795185978,-0.6278588258535499,-0.7003447271060116,-0.8020241793705859,0.4842996375979634,-0.6753420430454665,-0.6800404727101574,TSLA,Tesla,,,
2021-06-18,-0.5805861369144292,-0.5805861369144292,-0.6264658457071617,-0.5679350645823386,-0.6365962492180058,-0.663265735230154,0.2570724728300664,-0.6541714704389247,-0.6733934710908899,TSLA,Tesla,,,
2021-06-21,-0.5943835713574911,-0.5943835713574911,-0.6099972147694289,-0.5846632196267941,-0.574902189467884,-0.644476073366986,-0.1397178384383713,-0.6418527666472937,-0.6687211434920819,TSLA,Tesla,,,
2021-06-22,-0.5783608017691926,-0.5783608017691926,-0.6252740336263494,-0.5467382357754609,-0.6094976046264415,-1.0663703952175771,0.0903772547831259,-0.6284804593195639,-0.6628821450705789,TSLA,Tesla,,,
2021-06-23,-0.3955466417799148,-0.3955466417799148,-0.4701767774202344,-0.4634407407148665,-0.5331435098790419,-0.1753688084630732,1.3732010693466,-0.5712919650831755,-0.6394163328910855,TSLA,Tesla,,,
2021-06-24,-0.2661970627450998,-0.2661970627450998,-0.2512097017622502,-0.2482077507876049,-0.2944194613454793,0.9352360185500364,0.9119990913385808,-0.4950332069300157,-0.6052364015807292,TSLA,Tesla,,,
2021-06-25,-0.3104264264448459,-0.3104264264448459,-0.2718494269986232,-0.2419634085952876,-0.2134011104223786,-0.0710854389087556,-0.3457222219373177,-0.4492486715149665,-0.5785567252431475,TSLA,Tesla,,,
2021-06-28,-0.2166827190803806,-0.2166827190803806,-0.2670281181190649,-0.2326825186626479,-0.3130220879436681,-0.8821078374784168,0.6361333896344189,-0.3907278750019914,-0.5449915775318129,TSLA,Tesla,,,
2021-06-29,-0.2609676015557798,-0.2609676015557798,-0.3059785009549005,-0.2007729361471411,-0.2407775920622862,-1.199017348863198,-0.342074194362854,-0.3582611325992861,-0.5188763096607396,TSLA,Tesla,,,
2021-06-30,-0.2668648160926409,-0.2668648160926409,-0.2772668899027889,-0.1878830152098954,-0.26787623665385,-1.0838317966313231,-0.0750578187868183,-0.3354323381310676,-0.4957208854766916,TSLA,Tesla,,,
2021-07-01,-0.2767677866948985,-0.2767677866948985,-0.3033781385996367,-0.218475073254603,-0.2448312676431846,-1.1055018435140238,-0.1034063987339173,-0.3208653409087763,-0.4756540915738512,TSLA,Tesla,,,
2021-07-02,-0.2713154863831145,-0.2713154863831145,-0.2383165070669543,-0.2158397620668917,-0.2722631641747099,-0.4771898781134122,0.0051148068672326,-0.3085336020046449,-0.4568700134054593,TSLA,Tesla,,,
2021-07-06,-0.3788008547417048,-0.3788008547417048,-0.3249931857073855,-0.3410725085360376,-0.2571033783658678,-0.7585124564459901,-0.7933081076679513,-0.327012030963054,-0.4504693367677856,TSLA,Tesla,,,
2021-07-07,-0.461862800605066,-0.461862800605066,-0.424129830640037,-0.4160059260744032,-0.353947764780982,-1.0937489771778486,-0.6378556971290934,-0.3622977498762953,-0.4529004928333399,TSLA,Tesla,,,
2021-07-08,-0.4164652505570481,-0.4164652505570481,-0.4851827975272075,-0.5183230827132581,-0.5533010580002975,-0.7966589026114049,0.304486224707119,-0.3770511571688349,-0.4506016185699427,TSLA,Tesla,,,
2021-07-09,-0.3934325988592702,-0.3934325988592702,-0.460913079523684,-0.3795130682451707,-0.4155307405511178,-1.1423648020541548,0.1358434923594176,-0.3821746439100598,-0.4462240632072211,TSLA,Tesla,,,
2021-07-12,-0.2334842795675274,-0.2334842795675274,-0.3074411117856601,-0.279429986241415,-0.3654425418405068,-0.561325476805715,1.1349848266102036,-0.3447565329106974,-0.4263579371437215,TSLA,Tesla,,,
2021-07-13,-0.3289526344032157,-0.3289526344032157,-0.2747205881038338,-0.2557124477981272,-0.2315039862090012,-0.9315146489144912,-0.7016660509373077,-0.341320239608743,-0.4177800160172781,TSLA,Tesla,,,
2021-07-14,-0.4132940588394371,-0.4132940588394371,-0.3541923337030832,-0.3328230325651109,-0.3179644353644625,-0.8811377596220976,-0.6389406251750798,-0.3604999747799418,-0.4183589404284227,TSLA,Tesla,,,
2021-07-15,-0.4287603673047854,-0.4287603673047854,-0.421746206478413,-0.4185266357108128,-0.3865995915848939,-0.9879657180149142,-0.1470869301637241,-0.3788745093390401,-0.4204213938945447,TSLA,Tesla,,,
2021-07-16,-0.4642549467505449,-0.4642549467505449,-0.4728855088723177,-0.3937779455519224,-0.407201221429347,-1.2744073225739152,-0.2953126875954634,-0.4018116935218834,-0.4258217760131703,TSLA,Tesla,,,
2021-07-19,-0.4531282710243627,-0.4531282710243627,-0.5243496705724798,-0.5135682984417498,-0.5448604548985396,-0.906814974265132,0.0494060175773417,-0.4161443125553641,-0.4296260806470727,TSLA,Tesla,,,
2021-07-20,-0.3736824311036916,-0.3736824311036916,-0.4420610724085299,-0.4035169794436566,-0.422138839278216,-1.3403651546662667,0.5565277256362814,-0.4063997006706659,-0.4251937485106717,TSLA,Tesla,,,
2021-07-21,-0.4026680707872685,-0.4026680707872685,-0.4286803407696474,-0.3474314522796546,-0.3798249939861905,-1.4548194174372238,-0.2440941083177981,-0.4065684602975859,-0.4240432933346076,TSLA,Tesla,,,
2021-07-22,-0.4362154183126258,-0.4362154183126258,-0.4432528844893422,-0.3800286441029715,-0.3974278647644958,-1.368825746543202,-0.2791776267003563,-0.4153489997640934,-0.4263294447014006,TSLA,Tesla,,,
2021-07-23,-0.4689282014901987,-0.4689282014901987,-0.5156821267005375,-0.4218492939602198,-0.4534022434306657,-1.4061961304235613,-0.2752905570446197,-0.430373087503456,-0.4316568924865249,TSLA,Tesla,,,
2021-07-26,-0.3897052006919905,-0.3897052006919905,-0.410586421363825,-0.3656491652449177,-0.4278028512737996,-0.6053819357573208,0.5574698761991587,-0.4212045613657398,-0.4286313689691238,TSLA,Tesla,,,
2021-07-27,-0.4611395284818713,-0.4611395284818713,-0.4197958107198635,-0.4794815486976248,-0.3587790282217903,-0.0474603120387041,-0.5548004391739332,-0.4327555703321351,-0.432975957352699,TSLA,Tesla,,,
2021-07-28,-0.4488999305097881,-0.4488999305097881,-0.4822573278814849,-0.4098187535346816,-0.4498483186613335,-1.3015993511002788,0.05761770198231,-0.4382614653466666,-0.4357099108397275,TSLA,Tesla,,,
2021-07-29,-0.2799387237392263,-0.2799387237392263,-0.3266725347317843,-0.3559675632518912,-0.4343555351092805,-0.2279470282755757,1.2198473640803242,-0.3988051703124544,-0.4214136067359154,TSLA,Tesla,,,
2021-07-30,-0.225139145436249,-0.225139145436249,-0.2516972387058359,-0.2402446475718768,-0.3123558382604967,-0.2830325262397956,0.354786175917975,-0.3550766930366313,-0.4029741138259998,TSLA,Tesla,,,
2021-08-02,-0.1001289444673185,-0.1001289444673185,-0.0923743316763679,-0.0718162948759762,-0.1555388124899313,0.0124233402456178,0.8395519168334943,-0.2900323459846946,-0.37379456326606,TSLA,Tesla,,,
2021-08-03,-0.0997395490178936,-0.0997395490178936,-0.1156146672522082,-0.0568640705075272,-0.0500314008163338,-0.8826973463295646,-0.0308504223526376,-0.241148636131551,-0.3472290232369399,TSLA,Tesla,,,
2021-08-04,-0.0931748358067741,-0.0931748358067741,-0.1034257476941381,-0.0114915592982676,-0.0944555875313617,-1.227276463031513,0.0109063578176909,-0.202792401540166,-0.3224265059739691,TSLA,Tesla,,,
2021-08-05,-0.0725343302544756,-0.0725343302544756,-0.1248240566082463,0.0027161483558911,-0.0666904390598754,-1.5319555312893154,0.1058541636763113,-0.1687007417320439,-0.2978286882216847,TSLA,Tesla,,,
2021-08-06,-0.1589342788356897,-0.1589342788356897,-0.1498518623211014,-0.0762275367396931,-0.0894578252189491,-1.3302241099990526,-0.6137160538917693,-0.1654199748014825,-0.2840485288252272,TSLA,Tesla,,,
2021-08-09,-0.0773746506676554,-0.0773746506676554,-0.135225258045099,-0.0332611336155405,-0.0990646830121951,-1.397957930782204,0.5264099816028645,-0.1419200445799301,-0.2634203727273725,TSLA,Tesla,,,
2021-08-10,-0.0983487782204415,-0.0983487782204415,-0.1484435600308532,-0.0518798208873024,-0.0778519641794378,-1.493697153063556,-0.1745104576108848,-0.1297056428640853,-0.2467507146367049,TSLA,Tesla,,,
2021-08-11,-0.1104213105189986,-0.1104213105189986,-0.156081969459313,-0.038531755990964,-0.0849598137181027,-1.7646995954323688,-0.1150885686494148,-0.123659106548349,-0.2327955588785311,TSLA,Tesla,,,
2021-08-12,-0.0301411609238258,-0.0301411609238258,-0.1148020230181611,-0.0660875285414611,-0.1203325625398196,-1.1932118059999952,0.5108371655798708,-0.0984149072411486,-0.2121353966963184,TSLA,Tesla,,,
2021-08-13,-0.0584032738109266,-0.0584032738109266,-0.0763391771259135,0.0195014730529401,-0.0238768429562846,-1.2475063174044472,-0.2212799260301194,-0.0867723332587717,-0.1961605059745885,TSLA,Tesla,,,
2021-08-16,-0.2308695489728674,-0.2308695489728674,-0.1868520973825903,-0.1978512522042323,-0.1273849971868658,-0.8038150923360984,-1.187605802277034,-0.1225302965373122,-0.1987677279537307,TSLA,Tesla,,,
2021-08-17,-0.3446970460933979,-0.3446970460933979,-0.3760241190044707,-0.355738360149288,-0.307358075948084,-0.7259178404736638,-0.8296158740081465,-0.1787120358129299,-0.2124436064091315,TSLA,Tesla,,,
2021-08-18,-0.2151806560583388,-0.2151806560583388,-0.2612314873681318,-0.238239513793268,-0.3235173633800595,-0.9775336499908044,0.9002204832984372,-0.1874379217509083,-0.2120122802515953,TSLA,Tesla,,,
2021-08-19,-0.3015248311906165,-0.3015248311906165,-0.3111789776812252,-0.2483223523389066,-0.2765387535188318,-1.4279407986798247,-0.6349202883631937,-0.2162559266514661,-0.2201961190880786,TSLA,Tesla,,,
2021-08-20,-0.2637493978239673,-0.2637493978239673,-0.2809504472578426,-0.2133190524304816,-0.2507728624903609,-1.388510864889126,0.2357074618999187,-0.2281247714604293,-0.2238840071369106,TSLA,Tesla,,,
2021-08-23,-0.1188777368748661,-0.1188777368748661,-0.1726046609533544,-0.1729305285953336,-0.2363906645414272,-0.9838391560568792,0.9885805046231604,-0.1996548969321303,-0.2128475597249345,TSLA,Tesla,,,
2021-08-24,-0.1066939123517198,-0.1066939123517198,-0.1558652312656743,-0.0475260109222927,-0.0962326770144026,-1.519754936711762,0.0493036288705072,-0.1751595168040971,-0.201604292978295,TSLA,Tesla,,,
2021-08-25,-0.0916169993357949,-0.0916169993357949,-0.1463847951754837,-0.0397346789104606,-0.1165010549188956,-1.5524017876455825,0.0686450927693263,-0.1528986980915639,-0.1898856587272583,TSLA,Tesla,,,
2021-08-26,-0.1474737264357372,-0.1474737264357372,-0.1548901573785012,-0.0762849686384003,-0.1093932053802307,-1.509964612500294,-0.4104074215769833,-0.1506120451854871,-0.1847802067582176,TSLA,Tesla,,,
2021-08-27,-0.0876112432704009,-0.0876112432704009,-0.1570570433464865,-0.0506194660690971,-0.127773664018445,-1.4637366715780045,0.3762552264525457,-0.1334547580825429,-0.1741931715978192,TSLA,Tesla,,,
2021-08-30,0.0180381853923782,0.0180381853923782,-0.0703801167218521,0.0102780150190071,-0.0737982885985394,-1.1077628711329832,0.678722259007284,-0.0933331638753663,-0.1540751869658434,TSLA,Tesla,,,
2021-08-31,0.0447982352574362,0.0447982352574362,-0.0195118610620975,0.0888207258080922,0.0277106081890269,-0.9397752349679172,0.142224719213859,-0.056338869196519,-0.133128224378514,TSLA,Tesla,,,
2021-09-01,0.0357298290029631,0.0357298290029631,-0.0108440692059527,0.116491099909891,0.0337078721245719,-1.5107108262359243,-0.0926382843385693,-0.0309324602094203,-0.1149862314884234,TSLA,Tesla,,,
2021-09-02,0.0262720272990664,0.0262720272990664,-0.0163696532227353,0.1123090611487778,0.0360401273107977,-1.542574152747333,-0.0953153571398749,-0.0143174150553234,-0.0994328869340875,TSLA,Tesla,,,
2021-09-03,0.0328367405101859,0.0328367405101859,-0.0541282239777585,0.0759879745234413,0.0235458486281414,-1.358348905694954,0.0095335424894798,-0.0001626789882224,-0.0846414564663749,TSLA,Tesla,,,
2021-09-07,0.1404889198690205,0.1404889198690205,0.0878047907989098,0.1622645854256507,0.0665818668884578,-1.0006364272459147,0.6708053249588833,0.0382236372414789,-0.060502375283236,TSLA,Tesla,,,
2021-09-08,0.1457741545072779,0.1457741545072779,0.1108283881811101,0.1709152979491885,0.1864158074226211,-1.0936743558042854,0.000205022828399,0.0683767686620522,-0.0380328112156308,TSLA,Tesla,,,
2021-09-09,0.1512819735947156,0.1512819735947156,0.0980978711231452,0.2331305657542053,0.141047788172829,-1.4455365185659843,0.0015795637081835,0.0924124299971007,-0.0170588822482368,TSLA,Tesla,,,
2021-09-10,0.0478581347504567,0.0478581347504567,0.1008606631315363,0.1351097871816533,0.175420781174663,-1.3629679687185048,-0.6910263975169098,0.083759666635398,-0.0082640292834524,TSLA,Tesla,,,
2021-09-13,0.0852999461166193,0.0852999461166193,0.0042700720136376,-0.0119497032573597,0.0677478673831944,-0.7832867524689121,0.2105722127381481,0.0869286908948408,0.0034501207292519,TSLA,Tesla,,,
2021-09-14,0.0935893067989612,0.0935893067989612,0.0567638641256856,0.1458799727889881,0.0808529808574048,-1.1136803460565303,0.0200591553693661,0.0914438062868293,0.0149226713223236,TSLA,Tesla,,,
2021-09-15,0.1566785004575631,0.1566785004575631,0.0697111193772892,0.1571085646015299,0.0943467611631935,-1.3500211604053212,0.3732084084397907,0.1111048117246416,0.0316184641897918,TSLA,Tesla,,,
2021-09-16,0.1631321761173753,0.1631321761173753,0.0808165959513667,0.2101006366187266,0.1378268611467072,-1.457050596506758,0.0074944378266698,0.1275153744401168,0.0474374554619226,TSLA,Tesla,,,
2021-09-17,0.177040648111745,0.177040648111745,0.0923553009285193,0.2237925061689707,0.1618159168888864,-0.3913976849280104,0.0546939930208291,0.1434111657044109,0.0631997863355435,TSLA,Tesla,,,
2021-09-20,0.0139211371023926,0.0139211371023926,-0.0107900086496445,0.0440209601092268,0.0363733792507587,-0.648580248912952,-1.0642342026098544,0.1132542334091244,0.0613276758145257,TSLA,Tesla,,,
2021-09-21,0.0651603829116176,0.0651603829116176,0.0040535818042012,0.1117360533922688,0.0376504637254833,-1.2774145639285048,0.3032979078276398,0.1038543566316536,0.0647149874406638,TSLA,Tesla,,,
2021-09-22,0.1350368742305193,0.1350368742305193,0.0524298442055112,0.1614626368126523,0.0861839951097784,-1.3672885462478035,0.420074492246615,0.1148299886652226,0.074734697124967,TSLA,Tesla,,,
2021-09-23,0.1444946759344159,0.1444946759344159,0.0769703609589816,0.2118765672947312,0.149877058106166,-1.6044949685299252,0.0268800719551458,0.1255014742766271,0.0847829003655338,TSLA,Tesla,,,
2021-09-24,0.2599357829748611,0.2599357829748611,0.1668973685513918,0.1926274403677556,0.0992891085839879,-0.901151212011699,0.7016497685465823,0.1632846067333597,0.1053835756506401,TSLA,Tesla,,,
2021-09-27,0.3543472436868666,0.3543472436868666,0.2979962014723362,0.3344168329235714,0.2504975372505874,-0.4013596382986733,0.5516223906533204,0.2159766065915656,0.1334886819650925,TSLA,Tesla,,,
2021-09-28,0.2775719078097924,0.2775719078097924,0.279793664985489,0.3164852304673941,0.3286838821758961,-0.6020388982216976,-0.4990883691242374,0.2356904211887855,0.1514132299154363,TSLA,Tesla,,,
2021-09-29,0.2984347431379883,0.2984347431379883,0.2682008994520292,0.3422653345879979,0.2875914522702264,-0.9332458647811532,0.0952845907325184,0.255857618826358,0.1697804307298131,TSLA,Tesla,,,
2021-09-30,0.2660000631852494,0.2660000631852494,0.2445273354731146,0.3670140247468879,0.294255474282444,-1.1561324454765316,-0.2327142787629832,0.2626160742185839,0.1832563796725147,TSLA,Tesla,,,
2021-10-01,0.2645535189388598,0.2645535189388598,0.1992930329269626,0.3016476076502462,0.2798176072451411,-1.225127367472898,-0.0424359657708445,0.2673117610704047,0.1953635673839833,TSLA,Tesla,,,
2021-10-04,0.2996587029351967,0.2996587029351967,0.3411717391631191,0.3734301381431008,0.3803270024095755,-0.221328112440536,0.183844386809216,0.2798893599085976,0.2098568502055675,TSLA,Tesla,,,
2021-10-05,0.2944287323993101,0.2944287323993101,0.2888406246884016,0.362431011679275,0.3153568549384632,-1.1205678988363972,-0.0655998784562457,0.2879734208749037,0.2225131060420385,TSLA,Tesla,,,
2021-10-06,0.3064457459222136,0.3064457459222136,0.2311466038342321,0.3568163224038349,0.2676009114140761,-1.404114194101153,0.0403990411599075,0.2971364097885755,0.2352123577502292,TSLA,Tesla,,,
2021-10-07,0.3668649448837842,0.3668649448837842,0.3304999869605233,0.4150218471438597,0.3190218636877824,-1.0636168665331018,0.3369594176683296,0.3195945608967707,0.2527581418440652,TSLA,Tesla,,,
2021-10-08,0.3216894699383817,0.3216894699383817,0.2838025776152051,0.4008715713884091,0.3787164117981393,-1.2469765056521498,-0.3066740293496233,0.324784579464351,0.2642218956577883,TSLA,Tesla,,,
2021-10-11,0.3575739541801313,0.3575739541801313,0.3101305645056917,0.4271669891207014,0.3311826362337272,-1.4363879381671585,0.1857643103057553,0.337933957610243,0.2782076409295446,TSLA,Tesla,,,
2021-10-12,0.4342377431593326,0.4342377431593326,0.3701546449335841,0.4905854420913287,0.4049266387465582,-0.8528711833164264,0.4311039062343521,0.3675724015591859,0.2985364243511814,TSLA,Tesla,,,
2021-10-13,0.4640574378441283,0.4640574378441283,0.3868940746212642,0.5433477865136965,0.4579027667400805,-1.4423725723269123,0.1441349714105597,0.397493608275676,0.3199789149860076,TSLA,Tesla,,,
2021-10-14,0.5043370736006972,0.5043370736006972,0.4131134444307279,0.5867154261904611,0.4857784907980537,-1.5821309428730888,0.2048532970961687,0.4303251633925042,0.3434727783627598,TSLA,Tesla,,,
2021-10-15,0.6418092023176103,0.6418092023176103,0.537494881254077,0.6382751099394443,0.5315908459677933,-1.0838541830433923,0.7727503341923915,0.4904115333605328,0.3784849659187057,TSLA,Tesla,,,
2021-10-18,0.7924667855789816,0.7924667855789816,0.7111190372848867,0.8050993031632352,0.687352955223608,-0.6896593150593934,0.824181144236096,0.5743403720447235,0.4252779748040864,TSLA,Tesla,,,
2021-10-19,0.7599760775040233,0.7599760775040233,0.7256915810045814,0.8683457226838536,0.830287788053556,-1.1990322731379106,-0.2126906226429785,0.6289056050472103,0.4645900025723466,TSLA,Tesla,,,
2021-10-20,0.7684882773088283,0.7684882773088283,0.6798611244338201,0.8389568498047565,0.7626521334562569,-1.448939253200458,0.0137836920932003,0.6720253612140539,0.5011736659701765,TSLA,Tesla,,,
2021-10-21,0.9253766971075488,0.9253766971075488,0.8451430918673504,0.8281864019513083,0.7107314303709854,-0.1468410573499315,0.8361632042836524,0.7448365639669015,0.5500141539865385,TSLA,Tesla,,,
2021-10-22,1.012610955363265,1.012610955363265,0.8993162330037977,1.0313316818004357,0.9300752644464502,-0.7886371049533805,0.4348109451778463,0.8219481648676541,0.6030789567964129,TSLA,Tesla,,,
2021-10-25,1.6534061172248242,1.6534061172248242,1.630759527600624,1.3363359743293235,1.2356573797174022,2.1940762041460813,3.347166760586845,1.045083218806541,0.7149653178297101,TSLA,Tesla,,,
2021-10-26,1.6176331798809476,1.6176331798809476,1.901191260927176,1.6642553321962776,1.6474688254334922,2.1614592017616863,-0.2010010760855106,1.2032064199974095,0.8131271197616351,TSLA,Tesla,,,
2021-10-27,1.7257307828114252,1.7257307828114252,1.7708507636997657,1.832339880238273,1.7305977719763457,0.3788665194015304,0.4759111349557789,1.3496839878088316,0.913101688489494,TSLA,Tesla,,,
2021-10-28,1.9437056455726915,1.9437056455726915,1.8256741194171304,1.9665097119861537,1.889691383844768,-0.4653474661289613,0.9744623619040153,1.515771582889525,1.0256375546805918,TSLA,Tesla,,,
2021-10-29,2.1493298728105663,2.1493298728105663,2.010999658062424,2.075415277717343,1.9649346387922977,-0.2634817263662849,0.8827623287518241,1.693380693147495,1.1483660813145304,TSLA,Tesla,,,
2021-11-01,2.6755740107551187,2.6755740107551187,2.52315101769501,2.3357915757512626,2.315551775569831,1.6863971512474445,2.233621846626292,1.9623389692451576,1.3122055609367795,TSLA,Tesla,,,
2021-11-02,2.472008052988953,2.472008052988953,2.5168670979846928,2.4924185911242263,2.3952932962149576,0.6931195098874682,-0.8418270143985279,2.111545219452569,1.4409317819632492,TSLA,Tesla,,,
2021-11-03,2.7048930177659,2.7048930177659,2.553704655408851,2.5303435749755594,2.495080772607852,0.0879924052528862,0.9201542158175796,2.283525578903895,1.5810864283919142,TSLA,Tesla,,,
2021-11-04,2.794186054839892,2.794186054839892,2.7059307505097543,2.8991670325354617,2.812046835155092,-0.6008449562446894,0.3195519991165647,2.435545135802617,1.7173685863601127,TSLA,Tesla,,,
2021-11-05,2.750680217936624,2.750680217936624,2.686320159716863,2.847607348786479,2.776452172570151,-0.8820630646542791,-0.203247070326368,2.538336913319261,1.8369403315270216,TSLA,Tesla,,,
2021-11-08,2.4216036262007967,2.4216036262007967,2.454080473532612,2.417943317544953,2.3421509235465794,-0.0002697553974515,-1.3257841204724727,2.530541207367236,1.912957077951924,TSLA,Tesla,,,
2021-11-09,1.6458397739923938,1.6458397739923938,2.3321912779519107,1.722002450731096,2.4743683129801632,1.914522152366947,-3.234898258523736,2.324576165133747,1.905012098667441,TSLA,Tesla,,,
2021-11-10,1.893134153111006,1.893134153111006,1.809963824172932,1.583306775568197,1.5681721491018146,0.697962437031708,1.1260839052083875,2.2338951490031858,1.9223513841206672,TSLA,Tesla,,,
2021-11-11,1.8684323727176595,1.8684323727176595,1.955526583732548,1.9692596247251648,2.081048155685523,-0.8247687740325939,-0.14448988765562,2.159512244963411,1.935660918531796,TSLA,Tesla,,,
2021-11-12,1.7010290024180776,1.7010290024180776,1.6821155681881683,1.7660000055708491,1.774133032654727,-0.5877339809096671,-0.7889104053411927,2.0605412145914803,1.931133507734197,TSLA,Tesla,,,
2021-11-15,1.589593651443028,1.589593651443028,1.5601182514948504,1.533408683190031,1.6082645689908508,0.0989692093040061,-0.550990246232066,1.957566759859416,1.9159495979629784,TSLA,Tesla,,,
2021-11-16,1.8195855277271973,1.8195855277271973,1.6967421724641714,1.6684948028560975,1.5287457246991991,-0.5154034835150337,1.0557110777485097,1.9396652812214368,1.924989502829952,TSLA,Tesla,,,
2021-11-17,2.010299652949392,2.010299652949392,2.034998081347594,1.9739575015901936,1.8630368209764008,-0.1495348889355564,0.8342994768364796,1.9754363336167613,1.9521498773849468,TSLA,Tesla,,,
2021-11-18,2.051302051482589,2.051302051482589,1.993610013793826,2.085784489018179,2.102038706558306,-0.9365292052179258,0.1472116490685879,2.012841718946393,1.980913603944845,TSLA,Tesla,,,
2021-11-19,2.2776220483751337,2.2776220483751337,2.1383603771036004,2.1870707561875453,2.05939160932632,-0.8810556761111783,0.9571919625430676,2.0992779118416056,2.029541203781604,TSLA,Tesla,,,
2021-11-22,2.3878334395529754,2.3878334395529754,2.480895997366685,2.41467782894814,2.411785581390144,-0.0281184520111698,0.4316874294289826,2.192535502295106,2.0846946272658937,TSLA,Tesla,,,
2021-11-23,2.121679485148788,2.121679485148788,2.364695063440098,2.015205143690934,2.440550485681513,0.2031481089353355,-1.1376082713965967,2.193820859592925,2.108398921632719,TSLA,Tesla,,,
2021-11-24,2.160456548536749,2.160456548536749,2.1061273903653603,2.0111948761337173,1.9567718727388828,-0.8125607173176841,0.1343198659812428,2.204787919778695,2.1337997303813103,TSLA,Tesla,,,
2021-11-26,1.970855345560456,1.970855345560456,1.9761663089689208,2.1200432722123126,2.062723111938927,-1.624389026721826,-0.8488384351939015,2.1641031461508287,2.138059634137293,TSLA,Tesla,,,
2021-11-29,2.277232907598993,2.277232907598993,2.159758934001913,2.229979989659104,2.0711639692374355,-1.043566103456719,1.325553844468257,2.21262359837699,2.172362580640455,TSLA,Tesla,,,
2021-11-30,2.320460641277427,2.320460641277427,2.2969790089958435,2.332010511296648,2.312053519888868,-0.474391576604799,0.1489795417590765,2.260165087400479,2.20784058115711,TSLA,Tesla,,,
2021-12-01,2.043624670698852,2.043624670698852,2.323198378805307,2.1759567659263053,2.4027341434968323,-0.7934128728614136,-1.1940708728949565,2.2244078051722886,2.2125971585901927,TSLA,Tesla,,,
2021-12-02,1.9857649382295708,1.9857649382295708,1.9990274766979927,1.980545648436416,2.060446525841071,-0.6773915612456333,-0.2870736622992363,2.182664181377165,2.2111745237035123,TSLA,Tesla,,,
2021-12-03,1.5983839544726668,1.5983839544726668,1.8775717575045705,1.6572087791448495,1.9812052644010107,-0.1996356791457667,-1.747592555521556,2.051426556667187,2.1714054181067124,TSLA,Tesla,,,
2021-12-06,1.5652260023967337,1.5652260023967337,1.5041030836966731,1.372427857852058,1.518750200074374,-0.4647654194151697,-0.190268623353931,1.944444817952577,2.1319583419210324,TSLA,Tesla,,,
2021-12-07,1.803006806362513,1.803006806362513,1.699288474263127,1.8095963238579924,1.755808497301632,-1.1009947125508175,1.0974860237221191,1.925547130396493,2.1197144416287776,TSLA,Tesla,,,
2021-12-08,1.8987532644230347,1.8987532644230347,1.778976710071812,1.845058292217736,1.803064181620951,-1.453662786146997,0.4034140606764968,1.9360728949805253,2.1180934386756824,TSLA,Tesla,,,
2021-12-09,1.5362406173864394,1.5362406173864394,1.7253997229599742,1.6695259545717,1.8470997015044,-1.0175754790447198,-1.6610226504491072,1.850452418843385,2.0806139936943207,TSLA,Tesla,,,
2021-12-10,1.6098447615459024,1.6098447615459024,1.5005276474542364,1.555923036467709,1.5589539581401477,-1.0119564896154245,0.3184206959722007,1.8052241973487373,2.053852347738048,TSLA,Tesla,,,
2021-12-13,1.3282239893298002,1.3282239893298002,1.4139593379106248,1.3776984802274803,1.5164176906913975,-0.5410657738833556,-1.362409103014352,1.698655331112247,2.001552188022232,TSLA,Tesla,,,
2021-12-14,1.2842729835281728,1.2842729835281728,1.2049056787617012,1.2549861811486325,1.2049493954648876,-0.7348127082023755,-0.2517452246653407,1.6073909542348372,1.9496412471031217,TSLA,Tesla,,,
2021-12-15,1.381521504610736,1.381521504610736,1.271755276399806,1.2449605122555882,1.250539582674653,-0.6262908446296785,0.4534344981240802,1.5640291783024312,1.91210848737491,TSLA,Tesla,,,
2021-12-16,1.1085244790973126,1.1085244790973126,1.359678075661561,1.2082958832224595,1.4798235264833248,-0.4371928218836345,-1.3758846768874733,1.4610847526095123,1.850872941544946,TSLA,Tesla,,,
2021-12-17,1.1399577837020236,1.1399577837020236,1.1737563829916582,1.1349094555036083,1.0370819285547463,0.0022225984795532,0.1292649352641797,1.391985058526072,1.79832631036127,TSLA,Tesla,,,
2021-12-20,0.9584236116321748,0.9584236116321748,0.9626444549557732,1.0452527544532833,1.0144812954640283,-1.091159615515212,-0.967698320964264,1.2933312135686297,1.7325261459595096,TSLA,Tesla,,,
2021-12-21,1.173115735777957,1.173115735777957,1.059126181008447,1.0036038757999295,1.0487429502891248,-0.7171125183932278,1.1114285552503629,1.2747234244275367,1.694031658199462,TSLA,Tesla,,,
2021-12-22,1.5644472114978856,1.5644472114978856,1.471707915289509,1.4099516051507792,1.31967448970665,-0.1669962903493026,1.967604845216537,1.3617165696444584,1.697904844783369,TSLA,Tesla,,,
2021-12-23,1.8878486637994667,1.8878486637994667,1.7822272870079934,1.642027351673797,1.5481256849605458,-0.1899050520331491,1.5049416017195718,1.5103869924416742,1.7335470923027811,TSLA,Tesla,,,
2021-12-27,2.037727456161991,2.037727456161991,2.020696832346253,2.061150662656703,1.9194557897592697,-0.726365568715042,0.6406490542593214,1.660552971619374,1.7808355312056947,TSLA,Tesla,,,
2021-12-28,2.0072955269053074,2.0072955269053074,2.03153126218618,2.1052625568016468,2.118364238665136,-0.9955472495689168,-0.1669912446039025,1.7653271484661035,1.820802433773398,TSLA,Tesla,,,
2021-12-29,1.994610760034864,1.994610760034864,1.950271798465712,2.023454357415747,2.0581140164580938,-1.099270958821512,-0.089412571433569,1.8406355823482408,1.8558760937818144,TSLA,Tesla,,,
2021-12-30,1.9064306452067723,1.9064306452067723,1.9044954024512588,1.9604943106503272,1.8509314633220748,-1.3259483052938916,-0.4230977423450731,1.8743697130562305,1.8790029348714263,TSLA,Tesla,,,
2022-01-03,2.62656010009113,2.62656010009113,2.4761287490434363,2.4353590818972184,2.3308228995554114,0.0891341122684003,,2.718638723045088,2.897050118104227,TSLA,Tesla,,,
2022-01-04,2.347331728693792,2.347331728693792,2.51367058160482,2.360941502462764,2.5629385951651247,-0.0024785480549168,-1.1504179872848972,2.646608173489432,2.86931634761723,TSLA,Tesla,,,
2022-01-05,2.0053482949849046,2.0053482949849046,2.3096554654975,2.1201004418649068,2.32471455163988,-0.5031506539759861,-1.4611667309798215,2.504366236351446,2.810137043979498,TSLA,Tesla,,,
2022-01-06,1.875052859377716,1.875052859377716,1.8635948718410773,1.7734472706826647,1.9379470781807204,-0.249020104169772,-0.6081584626770166,2.364073400154592,2.743396357038607,TSLA,Tesla,,,
2022-01-07,1.6650895087472402,1.6650895087472402,1.82529470358616,1.713294306308851,1.956660534562145,-0.402538656000969,-0.9799081439397506,2.20469102637495,2.6618688372398527,TSLA,Tesla,,,
2022-01-10,1.838445612359337,1.838445612359337,1.7070350048042036,1.5414286938122408,1.510365266060985,-0.2122466912779167,0.77664730795433,2.1298736824983364,2.604971140396659,TSLA,Tesla,,,
2022-01-11,1.8733837306821464,1.8733837306821464,1.7977749046148612,1.8784002630014565,1.8083951958733249,-0.8527890998055071,0.124981588666674,2.0827734115510874,2.556716116540218,TSLA,Tesla,,,
2022-01-12,2.106046111009913,2.106046111009913,2.008995449731769,2.071863416365332,1.948220185657138,-0.4131274289095613,1.0155537127931753,2.1074664616150955,2.535956614434145,TSLA,Tesla,,,
2022-01-13,1.690681117590743,1.690681117590743,2.0131124834741008,1.80804959628459,2.116032237675662,-0.0780550751995414,-1.8354973977448992,2.018837507104974,2.475829085757106,TSLA,Tesla,,,
2022-01-14,1.7911008303909175,1.7911008303909175,1.6685721589119549,1.7326580347871297,1.620758847673507,-0.6821300184668849,0.4337069260706488,1.9782703476362613,2.4311416727395105,TSLA,Tesla,,,
2022-01-18,1.684839421829535,1.684839421829535,1.7703632267561789,1.7480114957081907,1.6581308539382391,-0.8358724344187709,-0.5193506239774623,1.9204334810692447,2.3799625609851818,TSLA,Tesla,,,
2022-01-19,1.490898586114076,1.490898586114076,1.6830365815190331,1.627361500060546,1.741981210859132,-0.6194928374980876,-0.9366895928550067,1.82702629829974,2.314173330301912,TSLA,Tesla,,,
2022-01-20,1.494347881056521,1.494347881056521,1.6125574870821842,1.6216329959721427,1.5643958021757578,-0.7427151116626992,-0.0168575330566908,1.7578607012143672,2.2547075327344364,TSLA,Tesla,,,
2022-01-21,1.2029914585849717,1.2029914585849717,1.411521653192692,1.315139145522446,1.490041219068124,0.0763141602902738,-1.4369992912905365,1.6308273670913271,2.171709353121725,TSLA,Tesla,,,
2022-01-24,1.12565991625823,1.12565991625823,1.026676952044974,0.8050993031632352,0.9814962167201556,1.2739797438393563,-0.426671848046445,1.515603700595555,2.088575669830214,TSLA,Tesla,,,
2022-01-25,1.0611241783532392,1.0611241783532392,1.1228338187913922,1.1015103150672936,1.0339166706169924,-0.3420654948654992,-0.3665165471518695,1.412538127137557,2.0065897177277194,TSLA,Tesla,,,
2022-01-26,1.1668848992406078,1.1668848992406078,1.3201860953258313,1.117493691151344,1.246208070045412,0.1124159808200619,0.519181570708917,1.362521285184687,1.9425614950776573,TSLA,Tesla,,,
2022-01-27,0.5643105943173419,0.5643105943173419,1.0368611673039836,0.6763721272407863,1.1403122457369856,1.1631371555488497,-3.1184520357313783,1.1695668620620614,1.8245045949330527,TSLA,Tesla,,,
2022-01-28,0.6602796368270432,0.6602796368270432,0.6149081099821605,0.4644615333168195,0.5750157852564394,0.8566820986002474,0.5220288667783668,1.04960749349251,1.7267120634826407,TSLA,Tesla,,,
2022-01-31,1.163045954175456,1.163045954175456,1.0509461740800916,0.8657106737422552,0.8035218870084516,0.1016854273017,2.817441650797532,1.0893330046987069,1.6877459688043883,TSLA,Tesla,,,
2022-02-01,1.1326140249187733,1.1326140249187733,1.0818792276249027,1.1117646625707152,1.1505853532134032,-0.6768095145318417,-0.1893992789790704,1.1112768305668097,1.6492996590255786,TSLA,Tesla,,,
2022-02-02,0.9902460570130258,0.9902460570130258,1.0157879656803326,1.0224520284204075,1.1115478498391176,-0.834641181754981,-0.7671789731450827,1.0910090516533733,1.6002080694503658,TSLA,Tesla,,,
2022-02-03,0.90946521974384,0.90946521974384,1.0455832677006396,0.9715222598344142,0.8551095923505128,-0.534596100795442,-0.4615518362407587,1.0549697615730476,1.5475559649574433,TSLA,Tesla,,,
2022-02-04,1.088496462790184,1.088496462790184,1.0428742882643531,0.9752461546364344,0.9396264531513274,-0.6646910034652076,0.9306839509172434,1.074123705675904,1.5174723169487063,TSLA,Tesla,,,
2022-02-07,0.9995925664923332,0.9995925664923332,1.1039275031357267,1.0986455385308662,1.0871698730686077,-0.9788693725775824,-0.4955861342075492,1.06555526031076,1.4812933535874546,TSLA,Tesla,,,
2022-02-08,1.0811527040069338,1.0811527040069338,0.987563891571808,1.0533304592203128,0.9857718060642774,-1.2342087886355173,0.3979137194629539,1.0801684127030289,1.456504175949895,TSLA,Tesla,,,
2022-02-09,1.1367865919844125,1.1367865919844125,1.09580155676368,1.1976974688190205,1.149419098521915,-1.196144425981022,0.2561026508860402,1.1054797539079817,1.439494278784305,TSLA,Tesla,,,
2022-02-10,0.9840707392513312,0.9840707392513312,1.0824748856811055,1.0642152463789498,1.0015426808614245,-0.8512071266859711,-0.8198736019617608,1.085068241521914,1.4088625551509737,TSLA,Tesla,,,
2022-02-11,0.7362201536830502,0.7362201536830502,0.9316032802983456,0.8006883235456311,1.008539192223351,-0.514940830998943,-1.3484876939450263,1.0058233610807483,1.3563982957371163,TSLA,Tesla,,,
2022-02-14,0.8239000901836925,0.8239000901836925,0.8390759103506726,0.8147237355036673,0.7416615825834741,-0.8106727965665397,0.4558120353264305,0.9690078680211344,1.3174121396643887,TSLA,Tesla,,,
2022-02-15,1.0835445954791312,1.0835445954791312,0.969740770915932,1.0451955848006889,0.9550638218117626,-1.0711088524388288,1.3893812365491185,1.0083748876531586,1.3077588237895412,TSLA,Tesla,,,
2022-02-16,1.088885603566325,1.088885603566325,0.9883222272653412,1.0900522579060357,1.0330834136687157,-1.2201501218562447,-0.0056956028384345,1.039277934103929,1.299513566475808,TSLA,Tesla,,,
2022-02-17,0.8271823194526108,0.8271823194526108,0.9453629317997918,0.9347432914960968,1.028696994541357,-1.123537829504205,-1.3936553145403217,0.9949454910411596,1.2660247499430952,TSLA,Tesla,,,
2022-02-18,0.7194188478691862,0.7194188478691862,0.7740137828495838,0.7256974741085573,0.877321812806402,-0.792136847373486,-0.6236354409511179,0.9338971853040452,1.2248769911984565,TSLA,Tesla,,,
2022-02-22,0.5221952735382431,0.5221952735382431,0.6107365197151142,0.5165367929236034,0.5892868992253864,-0.4243430213560829,-1.1379636356332532,0.8372345985118284,1.1678811212361395,TSLA,Tesla,,,
2022-02-23,0.202354153730414,0.202354153730414,0.494643706901143,0.2842892751966887,0.5687406842725506,-0.1266335893890662,-1.901929812876436,0.6822305280893116,1.0842991477248325,TSLA,Tesla,,,
2022-02-24,0.4066989023954271,0.4066989023954271,0.3168484565716934,-0.0626502687407505,-0.1533730561753107,0.8699423166823956,1.2500789245396702,0.6186908312666407,1.0286116476575642,TSLA,Tesla,,,
2022-02-25,0.4573259136327651,0.4573259136327651,0.4090504712447045,0.4094071578684196,0.4510170851613911,-0.6039417432475546,0.2699362271694525,0.5840959473118705,0.9830150689673228,TSLA,Tesla,,,
2022-02-28,0.7942469518258577,0.7942469518258577,0.7197870771252347,0.5945067582022933,0.483113492065368,-0.0333568724352937,1.963076875217796,0.645062899286312,0.97502760702434,TSLA,Tesla,,,
2022-03-01,0.7605322839536911,0.7605322839536911,0.790320232118392,0.8183327665082729,0.7866966040900553,-0.6362975708244792,-0.2193731782728169,0.6820909810854605,0.9644176395351944,TSLA,Tesla,,,
2022-03-02,0.846876713759252,0.846876713759252,0.771901453406313,0.7638516610624939,0.8003012141790804,-0.6393719714152756,0.4459232185995295,0.7321356985781448,0.963348193365103,TSLA,Tesla,,,
2022-03-03,0.621001885765068,0.621001885765068,0.7716847152126738,0.6969956860450441,0.8371734696322465,-0.9632212705414174,-1.2654792989878323,0.7114019198423138,0.939941427528717,TSLA,Tesla,,,
2022-03-04,0.6154382932286939,0.6154382932286939,0.6048860763920757,0.6543733498209092,0.6724153373747389,-0.8294997691164891,-0.0652973543899186,0.6944163855423666,0.9181099573728724,TSLA,Tesla,,,
2022-03-07,0.4278953597241106,0.4278953597241106,0.6617131444716876,0.5364160972596829,0.7123969274805387,-0.6928307234358216,-1.1071668284958722,0.6332981231318241,0.8796358590458219,TSLA,Tesla,,,
2022-03-08,0.5381622696776056,0.5381622696776056,0.574223821597212,0.4080896333976204,0.3749405732655836,-0.4962034040972692,0.6242432372267084,0.6159041938882136,0.8556114348485913,TSLA,Tesla,,,
2022-03-09,0.7304900048197152,0.7304900048197152,0.6314848620325096,0.6936158581430417,0.6189953818547688,-1.0239033715228636,1.0861439517430602,0.6524721597607804,0.8528735968463572,TSLA,Tesla,,,
2022-03-10,0.6154938120043476,0.6154938120043476,0.5983854184881195,0.5695860345933945,0.6854652901540806,-1.0372232867038624,-0.6759867238047964,0.6502333872634224,0.838962898310852,TSLA,Tesla,,,
2022-03-11,0.3765450763635782,0.3765450763635782,0.5406909016655436,0.474544371862458,0.6229938967407995,-0.8285670019469514,-1.401448703249102,0.5869144084142077,0.8025837283184912,TSLA,Tesla,,,
2022-03-14,0.215317023825692,0.215317023825692,0.3072053428441724,0.2583948317708965,0.2920897179678233,-0.7262088638305596,-1.0063474454953545,0.497834324572534,0.7534981185068652,TSLA,Tesla,,,
2022-03-15,0.4129297389327762,0.4129297389327762,0.3335878862593736,0.2614311172651065,0.2624366502300592,-0.8334397776406165,1.2040187180585369,0.482001003048603,0.7285023040068623,TSLA,Tesla,,,
2022-03-16,0.626231346954389,0.626231346954389,0.5309396668254062,0.5231826339146451,0.4497394922931653,-0.4059190042233737,1.2430991475967297,0.5251499049649989,0.7269645697055095,TSLA,Tesla,,,
2022-03-17,0.8007558915880407,0.8007558915880407,0.7097104870104353,0.6575811442729028,0.5718505273186864,-0.8398646779043923,0.9633621380515764,0.6025324322492319,0.7429009126241781,TSLA,Tesla,,,
2022-03-18,0.9887439939909846,0.9887439939909846,0.8876689109456223,0.8963027317869628,0.8134065818500403,0.001648013903118,1.0016175080660836,0.7090632764406343,0.7760600198361622,TSLA,Tesla,,,
2022-03-21,1.0764794492672805,1.0764794492672805,1.0772741609705785,1.123738295589774,1.0382481832462345,-0.4568406295427772,0.4315764055874021,0.8115938986376523,0.8149188022543238,TSLA,Tesla,,,
2022-03-22,1.481607595410423,1.481607595410423,1.375279753824737,1.2077231377120643,1.121654204247179,0.1373171331780411,2.077218680517881,0.9929998809326852,0.8904834688070095,TSLA,Tesla,,,
2022-03-23,1.5101483208689224,1.5101483208689224,1.6073567623716567,1.520805135007983,1.3989716744318297,0.5056407709477417,0.104318740176083,1.1364168148480067,0.9620133677244544,TSLA,Tesla,,,
2022-03-24,1.5925422587114588,1.5925422587114588,1.5195425801909246,1.5918428865404337,1.5643958021757578,-0.7817122414867325,0.3622942218690239,1.265234091218716,1.0352241530762216,TSLA,Tesla,,,
2022-03-25,1.574294408651206,1.574294408651206,1.50497003647123,1.6406526575504037,1.5547891985792623,-0.953072763736847,-0.1198566848403746,1.3571397808882608,1.0999669831735226,TSLA,Tesla,,,
2022-03-28,2.0260440646395743,2.0260440646395743,1.917117798396608,1.9630727144315567,1.8718660909097384,0.0536814976886105,2.1117322221995654,1.5426036818511073,1.2036931855345836,TSLA,Tesla,,,
2022-03-29,2.069049723215393,2.069049723215393,2.008616033900799,2.074842532206948,2.110034719543365,-0.6649521782726782,0.1555486753130027,1.6927954702982848,1.3022611796888313,TSLA,Tesla,,,
2022-03-30,2.038005559386824,2.038005559386824,2.004174140852212,2.1372298334619733,2.0166331739175964,-1.0069643197240583,-0.1689798308285379,1.797431070315361,1.3887850508470485,TSLA,Tesla,,,
2022-03-31,1.9468213185146488,1.9468213185146488,1.9456126712550792,2.095065378950819,2.035513383367376,-1.277399639653792,-0.4334985989175776,1.852385622675444,1.4583864326651643,TSLA,Tesla,,,
2022-04-01,1.985709419453917,1.985709419453917,1.900161630515288,2.037776666621207,1.9609920471913864,-1.146304810578282,0.1397086497468533,1.9036332227223256,1.525522894940634,TSLA,Tesla,,,
2022-04-04,2.3242995863425784,2.3242995863425784,2.198980115587696,2.07151987395754,2.0066935725778894,-0.4554899826812866,1.4647460404086592,2.029412610911677,1.6201857983895616,TSLA,Tesla,,,
2022-04-05,2.022817354146309,2.022817354146309,2.21501527013815,2.15613463124282,2.26724066634226,-0.5042625124420751,-1.2966346838754603,2.0459759328982354,1.6762988949548472,TSLA,Tesla,,,
2022-04-06,1.7696817886130538,1.7696817886130538,1.8148391936087969,1.814695437275632,1.9183449499594,-0.2736003846214301,-1.1467386553463106,1.9930988496844937,1.7021686434789616,TSLA,Tesla,,,
2022-04-07,1.8336613200683765,1.8336613200683765,1.8017838172445768,1.7794055023658968,1.80128734633466,-0.5198807659288148,0.2601315699503775,1.969945380253298,1.7320412290302951,TSLA,Tesla,,,
2022-04-08,1.6569109309429226,1.6569109309429226,1.6492869233937255,1.7845612609439048,1.7503107299809029,-1.127634542912815,-0.8358048941104916,1.9069852421197373,1.7416427644725014,TSLA,Tesla,,,
2022-04-11,1.3811878826102475,1.3811878826102475,1.432757532453673,1.5107222964623443,1.4015258433812787,-1.0195977182682776,-1.323845071942072,1.788638832130371,1.7229858214074578,TSLA,Tesla,,,
2022-04-12,1.4424969100219736,1.4424969100219736,1.5016653989787403,1.5219506260287734,1.497259898390025,-0.8549605817761909,0.2680080108871985,1.715694476754081,1.7121143542278563,TSLA,Tesla,,,
2022-04-13,1.639553418679391,1.639553418679391,1.5290225203127084,1.5018998127349108,1.4053021903073353,-1.1249630977392588,0.924736421922762,1.7118194709721284,1.7218034253579866,TSLA,Tesla,,,
2022-04-14,1.4316483375206257,1.4316483375206257,1.455726821295363,1.5539750723416943,1.5064226744600735,-1.042849738270514,-1.0094317378513509,1.655281427085278,1.7099619370902532,TSLA,Tesla,,,
2022-04-18,1.53896664020569,1.53896664020569,1.4676990026597938,1.5036757434109165,1.4494485399740205,-1.2096807431453531,0.4894025163924539,1.640562030567533,1.7098561123703009,TSLA,Tesla,,,
2022-04-19,1.671709995407296,1.671709995407296,1.5761534060453049,1.629252294533966,1.5384631580789312,-1.256132548188332,0.6008580521674687,1.6637653388646396,1.722944362540176,TSLA,Tesla,,,
2022-04-20,1.388253538168664,1.388253538168664,1.5710608024473935,1.514216988161761,1.6769556484964014,-0.7371782057443232,-1.3566046902973827,1.6080465814116776,1.7066890555683127,TSLA,Tesla,,,
2022-04-21,1.5639465238238714,1.5639465238238714,1.8864560395701504,1.6354968989723957,1.925341969714828,0.1260716921820942,0.829376855873318,1.6115797785577122,1.7093618399143775,TSLA,Tesla,,,
2022-04-22,1.5431947260469827,1.5431947260469827,1.5756658691017182,1.6216329959721427,1.593160706467127,-0.762415154283336,-0.1322091515949918,1.6088764832919953,1.7097305152133506,TSLA,Tesla,,,
2022-04-25,1.504084040658534,1.504084040658534,1.433569928703516,1.514503360916959,1.3935852452878377,-0.7961290908591074,-0.2202409837639646,1.5967599075445642,1.7061810880395067,TSLA,Tesla,,,
2022-04-26,0.8275719695753176,0.8275719695753176,1.3868730153266042,0.939899050074105,1.484987787667342,0.890127398231192,-3.2866478893850344,1.4131574863820746,1.635761197997792,TSLA,Tesla,,,
2022-04-27,0.8558896012380711,0.8558896012380711,0.9426544483319116,0.953419410666566,0.9471786386099398,-0.5818388923981886,0.1215814417059253,1.282760567790437,1.574555705325729,TSLA,Tesla,,,
2022-04-28,0.8336357404391401,0.8336357404391401,0.8451430918673504,0.6345512151374242,0.9549529920285262,0.6119090690388357,-0.1546405464007864,1.1792222092469071,1.516704030449841,TSLA,Tesla,,,
2022-04-29,0.7960826368483874,0.7960826368483874,1.0314982609245316,0.9112549561554116,0.9675581004944188,-0.3038295030518088,-0.2388662522312089,1.091881134297881,1.4603817157428116,TSLA,Tesla,,,
2022-05-02,0.9751138798947316,0.9751138798947316,0.8795970251298837,0.7853920322771646,0.7372192401709965,-0.6110606222854665,0.9532501492057902,1.072558739749211,1.4269615129939792,TSLA,Tesla,,,
2022-05-03,1.0102190638910675,1.0102190638910675,0.9755917102073772,1.0177541515553803,0.9727223616784356,-0.911337029503051,0.15310353108865,1.0671227775370362,1.4000662590334685,TSLA,Tesla,,,
2022-05-04,1.2515046815749462,1.2515046815749462,1.145803107633081,0.9987916596297136,0.9769425361309404,-0.465242996205973,1.2400715068068164,1.1252885341317418,1.399581214466992,TSLA,Tesla,,,
2022-05-05,0.8101024010673473,0.8101024010673473,1.092172059964935,0.8407899501333564,1.1717421487610409,-0.1947330549026764,-2.257226496957691,1.055047456449855,1.3552989120688614,TSLA,Tesla,,,
2022-05-06,0.7676534582877611,0.7676534582877611,0.7801355208909762,0.7572063445636777,0.8828744866252485,-0.6826598302191823,-0.2667667280602395,0.9914163974629532,1.310826121596945,TSLA,Tesla,,,
2022-05-09,0.3307023574172008,0.3307023574172008,0.550604814143012,0.4022462655118027,0.6021700989363724,-0.2372373892841715,-2.4559637587416216,0.8309759471288192,1.226997063336854,TSLA,Tesla,,,
2022-05-10,0.4026373728810952,0.4026373728810952,0.4407959210393576,0.3627173844344726,0.5069912096308106,-0.3966435674894906,0.4051222859050039,0.7292021717727529,1.1579336226132029,TSLA,Tesla,,,
2022-05-11,0.035229141328949,0.035229141328949,0.3563404369074233,0.0931745357731023,0.3719974832878047,-0.0776894304690827,-2.23745980454101,0.5580941616926819,1.0586566269360995,TSLA,Tesla,,,
2022-05-12,0.0018486048038355,0.0018486048038355,0.0848795691373901,-0.1772271689077488,-0.1499856302775837,0.9940824337418324,-0.2517401130346843,0.4211522154291786,0.9650893611271424,TSLA,Tesla,,,
2022-05-13,0.2332312518854572,0.2332312518854572,0.234884717714,0.2327867611003005,0.2524965404968523,-0.203896559576215,1.4918647452265583,0.3781338853565145,0.9030098049794204,TSLA,Tesla,,,
2022-05-16,-0.0183467318501025,-0.0183467318501025,0.1395943077737322,0.0467137031956452,0.2174016287234781,-0.3544377186022476,-1.6023390773189583,0.2809723613551168,0.8215863909356728,TSLA,Tesla,,,
2022-05-17,0.1888350771854683,0.1888350771854683,0.1109908178342374,0.102627196909638,0.1074518746374029,-0.500255344681741,1.3391695215873207,0.2615464305582802,0.7681430027091687,TSLA,Tesla,,,
2022-05-18,-0.0993501535684696,-0.0993501535684696,0.089430079267,-0.0580098237744304,0.0916815082337572,-0.311821452160408,-1.8494541656162764,0.1726358958398691,0.6909347126242579,TSLA,Tesla,,,
2022-05-19,-0.1015199699380525,-0.1015199699380525,-0.0541282239777585,-0.0963932138309702,-0.1166675537905004,-0.2500125684381601,-0.0481544354325193,0.1053932627625376,0.6205298455560401,TSLA,Tesla,,,
2022-05-20,-0.3547668276958983,-0.3547668276958983,-0.1214110500189377,-0.4464833825678092,-0.0778519641794378,1.1099992754346246,-1.7466926681405457,-0.0103669960097837,0.5313722096381948,TSLA,Tesla,,,
2022-05-23,-0.2935693471820454,-0.2935693471820454,-0.3468790315650822,-0.4174954839952107,-0.4053133021630687,-0.2846667343208257,0.4089014127211978,-0.0814005129301994,0.4563981243405672,TSLA,Tesla,,,
2022-05-24,-0.5536035026001909,-0.5536035026001909,-0.4879455895355994,-0.5176929053041547,-0.4135871521964712,-0.2799655877863556,-1.8825848647503487,-0.2017548053076861,0.3624125196092127,TSLA,Tesla,,,
2022-05-25,-0.3831402328075887,-0.3831402328075887,-0.4045189918629421,-0.5037146629987139,-0.578400699345597,-0.2041801207957545,1.2688737192278026,-0.2480473318211339,0.2939019663765695,TSLA,Tesla,,,
2022-05-26,-0.1109219981930136,-0.1109219981930136,-0.1371754058194456,-0.3281251557000836,-0.369774054469747,0.1406676328510206,1.949564546544161,-0.2125445320909884,0.2586571486564983,TSLA,Tesla,,,
2022-05-27,0.1778196936838758,0.1778196936838758,0.085637904830924,0.0549631791665704,-0.0264312661024834,-0.2749286450708519,1.9245111924219755,-0.1114327993692875,0.2552950663020283,TSLA,Tesla,,,
2022-05-31,0.1701975770025084,0.1701975770025084,0.188566724199652,0.1334484580569488,0.2544955437431171,0.0389661628219833,-0.0816389409405888,-0.0375652228539483,0.2514815770956722,TSLA,Tesla,,,
2022-06-01,0.0706679473257725,0.0706679473257725,0.1516205496944713,0.1144859661312821,0.1507654757493115,-0.5745856948878634,-0.6634306309355478,-0.00783948849228,0.2381291976709361,TSLA,Tesla,,,
2022-06-02,0.2633295591416524,0.2633295591416524,0.2634877116850882,0.0874457694385863,0.0247675182112478,-0.1710034581096367,1.2153829045899025,0.0641543528662307,0.2451263801509272,TSLA,Tesla,,,
2022-06-03,-0.1341772343399717,-0.1341772343399717,-0.0032599683180039,-0.0612178804725369,0.0092747346591944,0.2996260828149615,-2.495055587423493,0.0156077441750325,0.2120059292323702,TSLA,Tesla,,,
2022-06-06,-0.0713661439062036,-0.0713661439062036,-0.0508778950257805,-0.0451770724897796,0.0280438601289878,-0.4015461917325809,0.3949770140486627,-0.0045992837530745,0.1881350077988695,TSLA,Tesla,,,
2022-06-07,-0.0612405888547664,-0.0612405888547664,-0.1300245333345706,-0.11833455935214,-0.1444327022619867,-0.6850104034864174,0.0344960223871238,-0.0171425375489587,0.1674398695831648,TSLA,Tesla,,,
2022-06-08,-0.0115036607408664,-0.0115036607408664,0.0319525486222665,0.0377766179169094,-0.0430346352576563,-0.6003897658659549,0.2995862123741859,-0.0137196976226809,0.1535661233063161,TSLA,Tesla,,,
2022-06-09,-0.0475547013095769,-0.0475547013095769,0.122692200448721,0.0403544972059139,0.1111168833867226,-0.0959268941678843,-0.2719298358708843,-0.0204523972447984,0.1373729329386182,TSLA,Tesla,,,
2022-06-10,-0.1723423178293291,-0.1723423178293291,-0.1380964191503096,-0.1558013992443797,-0.125163825980627,-0.0699288076185288,-0.8662819971348256,-0.057692492535132,0.1102575833309672,TSLA,Tesla,,,
2022-06-13,-0.447620451936926,-0.447620451936926,-0.3472041388555414,-0.3831795311484826,-0.3249055318347711,0.0601810193259493,-1.9297609601347168,-0.1566340990456824,0.05826584402626,TSLA,Tesla,,,
2022-06-14,-0.3616098988051344,-0.3616098988051344,-0.3521338168319174,-0.4338226647331676,-0.4062017198062146,-0.058683366622582,0.604304054380178,-0.2086527755672559,0.0195434436984276,TSLA,Tesla,,,
2022-06-15,-0.1594907399586407,-0.1594907399586407,-0.2004495672151119,-0.3235995745311775,-0.3623883678827398,0.4672256878375,1.43030988597054,-0.195527546481198,0.0044163217719156,TSLA,Tesla,,,
2022-06-16,-0.4916269765142076,-0.4916269765142076,-0.3710401324875829,-0.4861271274425537,-0.3320690504618053,0.1751800181239164,-2.313871836566403,-0.2713624384874798,-0.0423243401268222,TSLA,Tesla,,,
2022-06-17,-0.4305407882249434,-0.4305407882249434,-0.439243971859627,-0.4087301699203718,-0.4870535718577091,-0.191681040723949,0.4250887361541816,-0.3124806395940273,-0.0787485938185806,TSLA,Tesla,,,
2022-06-21,-0.0921176870098095,-0.0921176870098095,-0.071842975536815,-0.2173293199876997,-0.3009721451809598,0.5582936121338072,2.4641531123151523,-0.2560186990088634,-0.0782483892409201,TSLA,Tesla,,,
2022-06-22,-0.1079733909245819,-0.1079733909245819,-0.0189159550216913,-0.0541715896672216,-0.1360477682485981,0.0188930133335315,-0.1404922807196726,-0.2177624263148801,-0.0793684922373009,TSLA,Tesla,,,
2022-06-23,-0.1249417624119725,-0.1249417624119725,-0.1410759493523399,-0.1433696222662276,-0.0793514708108874,0.0958798844384972,-0.1484623731985495,-0.1934474314496457,-0.0820721154847483,TSLA,Tesla,,,
2022-06-24,0.0525869082657636,0.0525869082657636,-0.0313756733297084,-0.0153297934054755,-0.0866258192211571,-0.1138509480977212,1.1746630476030415,-0.1294153815046733,-0.0668972931093994,TSLA,Tesla,,,
2022-06-27,0.0394572271702418,0.0394572271702418,0.0661899916753638,0.0960390500634168,0.1115612193066701,-0.2778314165024533,-0.1189679084732675,-0.0847783141452494,-0.0544060779906018,TSLA,Tesla,,,
2022-06-28,-0.1651098512706685,-0.1651098512706685,0.032060917719086,-0.0796647965404027,0.0302096164436075,-0.2476619951709251,-1.3696482184052872,-0.1040712224449746,-0.0633686225355471,TSLA,Tesla,,,
2022-06-29,-0.2347637581403894,-0.2347637581403894,-0.2734204069262019,-0.2527335942026234,-0.2027393361143825,-0.4340661863313441,-0.5124070449515146,-0.1365090247651159,-0.0784346180503094,TSLA,Tesla,,,
2022-06-30,-0.3018031890887336,-0.3018031890887336,-0.3013196217284709,-0.3113398310030346,-0.3025270667040263,-0.1429607459246545,-0.5028496470430696,-0.1781310599119001,-0.0987895280358321,TSLA,Tesla,,,
2022-07-01,-0.2552371980191614,-0.2552371980191614,-0.2887515343236343,-0.2553689053903347,-0.2610459699667783,-0.6439238752026196,0.2983744377904603,-0.1973352899907763,-0.1126689225718209,TSLA,Tesla,,,
2022-07-05,-0.158378072386022,-0.158378072386022,-0.2413500978252932,-0.3576860620291896,-0.3276821229409449,-0.3921812093504221,0.6483203282606788,-0.186752405388473,-0.1156662251081897,TSLA,Tesla,,,
2022-07-06,-0.1806316785116715,-0.1806316785116715,-0.2183265004430929,-0.1682903458751258,-0.1980748257419309,-0.708762386691526,-0.1862293276612072,-0.1845558458402957,-0.120601338202197,TSLA,Tesla,,,
2022-07-07,0.0331706171839562,0.0331706171839562,-0.0428062571942451,-0.0819563030742092,-0.1457654558250801,-0.4581091928933485,1.4424683872869029,-0.1277553742949666,-0.1038523414756078,TSLA,Tesla,,,
2022-07-08,0.1369841061509224,0.1369841061509224,0.1134828110926811,0.0718633676610334,-0.0056074682980564,0.0374662732133666,0.6456360374145477,-0.0583749960125425,-0.078314924449072,TSLA,Tesla,,,
2022-07-11,-0.1370700681594661,-0.1370700681594661,0.0823335153226378,-0.0576088494679312,0.1571514065164357,-0.0275289431600219,-1.7818032689588663,-0.0770355111724961,-0.0823189450365351,TSLA,Tesla,,,
2022-07-12,-0.158322298937086,-0.158322298937086,-0.1336542781175193,-0.1479528975799532,-0.097010010677562,-0.3088589836299562,-0.1785613364688388,-0.0965131837963071,-0.0880697968592797,TSLA,Tesla,,,
2022-07-13,-0.0920621682341558,-0.0920621682341558,-0.0964916134029036,-0.2052985173160463,-0.2860345273320908,-0.0595340502812004,0.4213098327982941,-0.0940287853783671,-0.0867166959014312,TSLA,Tesla,,,
2022-07-14,-0.0708096827832531,-0.0708096827832531,-0.1518563186359595,-0.1313965137393946,-0.1294950844131176,-0.542013465327606,0.1099451082060542,-0.0866831346148171,-0.0833757457198086,TSLA,Tesla,,,
2022-07-15,-0.0415461945481247,-0.0415461945481247,-0.0710843918590778,-0.0015233223039297,-0.0444784728007367,-0.7627509504643696,0.162954554491833,-0.0736250033944299,-0.077431983883978,TSLA,Tesla,,,
2022-07-18,-0.0335349370906171,-0.0335349370906171,0.0409451997846667,0.0451095437235356,0.0377615477054708,-0.4430132890215499,0.0199010098007871,-0.0617647980852609,-0.0712328627420997,TSLA,Tesla,,,
2022-07-19,0.0496383009973328,0.0496383009973328,-0.013931968504803,-3.376438312173303e-05,0.0388167184169715,-0.4839878852450031,0.5196532437285006,-0.0314140376482887,-0.0573362911927263,TSLA,Tesla,,,
2022-07-20,0.0825181498484322,0.0825181498484322,0.0433288239462913,0.1117934852909755,0.0685254552431048,-0.2856442743145013,0.180742993305127,-0.0001691874419618,-0.0414373225223795,TSLA,Tesla,,,
2022-07-21,0.4865338830922394,0.4865338830922394,0.4106757597127951,0.3074338058834694,0.2071841903354304,1.036847942930798,2.577904829084707,0.1274855046459371,0.0131442980070598,TSLA,Tesla,,,
2022-07-22,0.4954912517954048,0.4954912517954048,0.5328903105681588,0.5797832124442208,0.5589119127160821,0.0777245042506149,0.0192548533238536,0.2255371921694859,0.063653624833783,TSLA,Tesla,,,
2022-07-25,0.4319008611162231,0.4319008611162231,0.4249775046825425,0.5228385670146275,0.4922203448502972,-0.902285456889857,-0.407148935933994,0.2826719987009781,0.103255212917494,TSLA,Tesla,,,
2022-07-26,0.2721193528247256,0.2721193528247256,0.3138686783854586,0.3314377170819554,0.3972082086130911,-0.833947202980845,-0.9857064227389816,0.2843054085871845,0.1233866945023762,TSLA,Tesla,,,
2022-07-27,0.5384964010246588,0.5384964010246588,0.4539058539282927,0.4264222101602974,0.3521731871065091,-0.304404087628244,1.612707565149063,0.3542458514579659,0.1681453812475769,TSLA,Tesla,,,
2022-07-28,0.639973007948515,0.639973007948515,0.5737362846536254,0.6156458928643519,0.6229938967407995,-0.3886516183808913,0.5572149554102958,0.4328783794568404,0.2189140469443996,TSLA,Tesla,,,
2022-07-29,0.9111898672150625,0.9111898672150625,0.8178400310896907,0.7239215434325518,0.6335445870688091,-0.1252381697034377,1.511106820174877,0.561816652421526,0.2920054232970434,TSLA,Tesla,,,
2022-08-01,0.9133041648089916,0.9133041648089916,1.0381615964658186,0.9971877624037168,0.9763319555361376,0.4152668254255706,-0.0221012148405405,0.6590657674013574,0.3586621272321668,TSLA,Tesla,,,
2022-08-02,0.9685489120103292,0.9685489120103292,0.9724497503522188,0.957085611323766,0.855165007242131,-0.1186565645551795,0.2638050799803912,0.7462536966790407,0.4247461990892778,TSLA,Tesla,,,
2022-08-03,1.0822095981306157,1.0822095981306157,1.0003484691860811,1.102885009190687,1.0383590130294709,-0.5038670191621911,0.5714237717964461,0.8409648794111496,0.4961117365548415,TSLA,Tesla,,,
2022-08-04,1.1028498490096312,1.1028498490096312,1.0662770534933204,1.1690533749003271,1.138313242490721,-0.698748198359369,0.0739310839758865,0.9173226846285648,0.5630395473782324,TSLA,Tesla,,,
2022-08-05,0.7613115841991046,0.7613115841991046,0.9200100187964784,0.8346602094923412,0.9995436776151594,0.3190052535292773,-1.803775987320807,0.8864868506130286,0.5899604422141277,TSLA,Tesla,,,
2022-08-08,0.798920206565511,0.798920206565511,0.9296531325239994,0.8955579528265588,0.8717686305940544,-0.0336777443416146,0.175295375225997,0.8730616029249636,0.6181693802612859,TSLA,Tesla,,,
2022-08-09,0.6805862657055715,0.6805862657055715,0.7215745472622499,0.7282753533975614,0.7933601177087717,-0.3508036577097286,-0.685301577381922,0.8324669052222852,0.6320605996961177,TSLA,Tesla,,,
2022-08-10,0.864568357369837,0.864568357369837,0.8046760376444475,0.7973079711514031,0.9061975468810076,-0.1350434181896183,1.0053027393362048,0.8494814286821908,0.6629626151530839,TSLA,Tesla,,,
2022-08-11,0.7356084284577289,0.7356084284577289,0.8164855413715475,0.839644459112566,0.8969793559193409,-0.7510130084029069,-0.7343406320271436,0.8289754490616918,0.6782466828726573,TSLA,Tesla,,,
2022-08-12,0.9592579213066764,0.9592579213066764,0.8477434542226141,0.8258948954175018,0.7787554976031131,-0.5146572697794035,1.214746471729537,0.8712892273809316,0.7143548052046943,TSLA,Tesla,,,
2022-08-15,1.114310656082867,1.114310656082867,1.058584583508552,1.1042602278063065,0.9848282277262644,-0.2733317476766033,0.7932452612352884,0.9430224081877844,0.7625806576087015,TSLA,Tesla,,,
2022-08-16,1.068300871462963,1.068300871462963,1.083504020124587,1.1326751186223962,1.149419098521915,-0.3037474195408894,-0.2714364322656125,0.9849534781187708,0.8018525165604716,TSLA,Tesla,,,
2022-08-17,1.0254627879072356,1.0254627879072356,1.0020823747351937,1.0836933141624172,1.0116490352694858,-0.7855627043625841,-0.257025297382948,1.005351145973582,0.8332994039996349,TSLA,Tesla,,,
2022-08-18,1.0066582220507496,1.0066582220507496,0.9507803947039584,1.1149729815149343,1.0550180512730123,-1.3145163108640372,-0.1324399212518857,1.0157985172566475,0.860019759551266,TSLA,Tesla,,,
2022-08-19,0.9031228363086178,0.9031228363086178,0.8509935351903889,0.9542213592795644,0.938404783568221,-0.9688999570695632,-0.5803498173249948,0.996925761399048,0.8740275575226047,TSLA,Tesla,,,
2022-08-22,0.790408006760706,0.790408006760706,0.7216286078185581,0.8476073000821813,0.820347678320349,-1.1070017331226405,-0.6412838163507085,0.9536949545994984,0.8755667560241278,TSLA,Tesla,,,
2022-08-23,0.8995625038148657,0.8995625038148657,0.8260740985743539,0.8755643091852905,0.8126846630785002,-0.904486787409966,0.5688287509198593,0.9494296558500164,0.8878075681458204,TSLA,Tesla,,,
2022-08-24,0.9103000387649072,0.9103000387649072,0.9044083406333024,1.0229676042782083,0.9144711427176592,-1.0717655205261831,0.0244586801987014,0.9490005670236143,0.900002062232467,TSLA,Tesla,,,
2022-08-25,0.8931646016039899,0.8931646016039899,0.8932485555187134,0.9387535590533146,0.9943789080376404,-1.1720019242542667,-0.1257506209505686,0.944258444009442,0.9093860247048928,TSLA,Tesla,,,
2022-08-26,0.7599760775040233,0.7599760775040233,0.8776468773555375,0.8677729771734585,0.9122499715114204,-1.0741509171010812,-0.7531328955492697,0.9063441590207492,0.9046882297548984,TSLA,Tesla,,,
2022-08-29,0.7053990836502263,0.7053990836502263,0.6458947281148733,0.7514201463304545,0.6690279114770119,-1.4547000232395229,-0.3365446095878704,0.863829607800389,0.894996761989637,TSLA,Tesla,,,
2022-08-30,0.5865644551162728,0.5865644551162728,0.6579214660040189,0.6130680135753479,0.7529896065746422,-1.2388676497249684,-0.7009371375101903,0.8012887736236373,0.8743833372997774,TSLA,Tesla,,,
2022-08-31,0.5516813462225514,0.5516813462225514,0.5404201029155962,0.5986313650646987,0.6322115793089652,-1.1999277296206667,-0.2344336060362986,0.7453846014205713,0.8521791689128811,TSLA,Tesla,,,
2022-09-01,0.5775515676374536,0.5775515676374536,0.480775438318674,0.5013553654525512,0.49827276948071,-1.1457103269688966,0.1166760346657281,0.7101300285989418,0.8345630665990049,TSLA,Tesla,,,
2022-09-02,0.4615539994740579,0.4615539994740579,0.5582972841277805,0.5517118640359239,0.6397083498759594,-1.230204108254302,-0.7030086727108427,0.653766034431234,0.807027213735205,TSLA,Tesla,,,
2022-09-06,0.5318203955889491,0.5318203955889491,0.454934988371774,0.4943088124011231,0.4999387749837643,-1.1065838534306875,0.3825175674629348,0.6296191593788129,0.7889736821748768,TSLA,Tesla,,,
2022-09-07,0.6867060646916133,0.6867060646916133,0.5825124456065898,0.6065370363817206,0.5069357947391923,-1.2516254172251258,0.869425042890804,0.6514637534178036,0.7879450739574909,TSLA,Tesla,,,
2022-09-08,0.7795039154837036,0.7795039154837036,0.674498218054368,0.7352647367963951,0.6435396033001333,-1.159985395731502,0.4897876429021418,0.6917855980312375,0.7962269268594513,TSLA,Tesla,,,
2022-09-09,0.9534162255454685,0.9534162255454685,0.8427054071494177,0.932738157717488,0.8162942569362012,-1.1444392762392066,0.9283286116876478,0.7668898985564881,0.821029358324978,TSLA,Tesla,,,
2022-09-12,1.032528443465652,1.032528443465652,0.934365824322534,1.0899950882534413,0.9670583496828526,-1.285311992630591,0.388829046142472,0.8436261380245001,0.8514346778848817,TSLA,Tesla,,,
2022-09-13,0.827404903901791,0.827404903901791,0.8028880715390259,0.9181294757568312,0.8367845486039167,-0.7989050059556517,-1.1114141602944578,0.8482640625029112,0.8587024135016184,TSLA,Tesla,,,
2022-09-14,1.0023185893115838,1.0023185893115838,0.9426544483319116,0.9394411683611242,0.825789522355959,-0.6894827111419609,0.9243630478622136,0.8968637405765965,0.8826823796619264,TSLA,Tesla,,,
2022-09-15,1.02134573961725,1.02134573961725,0.9933602743385386,1.095494913731467,0.9855496381043034,-0.8843240922732385,0.0671025748350551,0.938221797261227,0.9063721805691786,TSLA,Tesla,,,
2022-09-16,1.0146697341815405,1.0146697341815405,0.9054374750767836,1.0074998040519587,0.9485665528679008,-0.329830076980283,-0.068643741385677,0.9675181783125096,0.9272452830186813,TSLA,Tesla,,,
2022-09-19,1.110138089017228,1.110138089017228,1.0050616569530222,1.0453099241058776,0.9565630742464613,-0.9978555373911328,0.4699749613394521,1.0141177540485364,0.955703024176785,TSLA,Tesla,,,
2022-09-20,1.1044634589295463,1.1044634589295463,1.0617806039200186,1.179021349648551,1.0701778370818555,-0.962743693750614,-0.0628554475259836,1.0476035920380704,0.9810100772629552,TSLA,Tesla,,,
2022-09-21,0.9721092445040814,0.9721092445040814,1.0694190133484789,1.0939481861580649,1.0931673912009032,-0.9400364097753876,-0.7192993320539705,1.038575498712744,0.9908706852875624,TSLA,Tesla,,,
2022-09-22,0.7683212116353018,0.7683212116353018,0.8661081723783849,0.8394152560099629,0.9527313124287864,-0.7413022803232394,-1.117284097604265,0.9792346847240888,0.9795940568102228,TSLA,Tesla,,,
2022-09-23,0.5470080914828981,0.5470080914828981,0.5932387543339003,0.6159899597643695,0.6733594241062532,-0.9103694390258504,-1.2602852878661372,0.877638508583126,0.9473611163643452,TSLA,Tesla,,,
2022-09-26,0.5583578610048265,0.5583578610048265,0.5865754187926131,0.5728515231902072,0.4857784907980537,-1.051441145746736,0.0324612672130847,0.8043691954948751,0.9191857352093542,TSLA,Tesla,,,
2022-09-27,0.6740212978211692,0.6740212978211692,0.6610093653028692,0.6965949739846578,0.6858537027889093,-0.9557193351192154,0.6368941497044369,0.779254081751941,0.9050597798447928,TSLA,Tesla,,,
2022-09-28,0.7553028227643691,0.7553028227643691,0.6663722716823213,0.6976261257002594,0.6731926710378974,-1.136313008658194,0.4260801640645867,0.7813853611648406,0.9002911186876856,TSLA,Tesla,,,
2022-09-29,0.4281734629489444,0.4281734629489444,0.5794245463077394,0.4949964217089327,0.6678621651790249,-0.5653152329122177,-1.8517692348767405,0.6985965951522086,0.8634645368042333,TSLA,Tesla,,,
2022-09-30,0.3787704115088148,0.3787704115088148,0.4481094711615623,0.4381089459319328,0.3911552755891773,-0.8114165229230511,-0.3281478585904276,0.6237608681515279,0.8250789718618068,TSLA,Tesla,,,
2022-10-03,-0.0026023201599198,-0.0026023201599198,0.1164082807384032,0.0692852261259185,0.1970775817306172,-0.0493606696854422,-2.3335623066320785,0.4692540719356043,0.7523039595751406,TSLA,Tesla,,,
2022-10-04,0.1148973110255176,0.1148973110255176,0.1544376502433743,0.0864717873755795,0.1307746806964111,0.2295988984843067,0.7419636186957693,0.3836845157997046,0.6978152611422872,TSLA,Tesla,,,
2022-10-05,-0.0291397855757986,-0.0291397855757986,-0.0215703779332632,-0.063738590108947,0.0389832172885776,-0.3324443124341074,-0.9572384886779484,0.282351127169594,0.6339738991857743,TSLA,Tesla,,,
2022-10-06,-0.073869582276274,-0.073869582276274,-0.05553677425221,-0.0279905112401185,-0.05380749354564,-0.7723198979342673,-0.3306303935012407,0.1948124593685875,0.5714936044622313,TSLA,Tesla,,,
2022-10-07,-0.3252249815626536,-0.3252249815626536,-0.2182181313462733,-0.2570874041676336,-0.1454322038851191,-0.408704868836393,-1.72206717335037,0.0643181005922562,0.489727990354376,TSLA,Tesla,,,
2022-10-10,-0.3270609212584662,-0.3270609212584662,-0.3414075081046064,-0.319990281280459,-0.3121893393888914,-0.8064815627514168,-0.0466501030147407,-0.034026272746533,0.4152132630452571,TSLA,Tesla,,,
2022-10-11,-0.4348801662908273,-0.4348801662908273,-0.361559944381596,-0.3777371375691651,-0.3618332021795554,-0.5804235736796101,-0.8070860282000895,-0.1355979136691143,0.3367636821961439,TSLA,Tesla,,,
2022-10-12,-0.422529276094153,-0.422529276094153,-0.4663846029841588,-0.4377183307390817,-0.4554569157652994,-0.8329547387124568,0.0577780033286441,-0.2085905733901275,0.2666726076064897,TSLA,Tesla,,,
2022-10-13,-0.3477569455864184,-0.3477569455864184,-0.4064150790809806,-0.5286351243614998,-0.5725699342816571,-0.2205047899522241,0.5171331547637106,-0.2440465838801078,0.2103800532938323,TSLA,Tesla,,,
2022-10-14,-0.6269850623104734,-0.6269850623104734,-0.3532715683564206,-0.5640393985764245,-0.3108565858257971,-0.1548006705299867,-2.048148087659502,-0.3426690756070018,0.1314712587265827,TSLA,Tesla,,,
2022-10-17,-0.3873127998732279,-0.3873127998732279,-0.4247797972367514,-0.4731226049540063,-0.543583370423815,-0.520338443686668,1.8369120328040351,-0.354809401883552,0.0835409341295475,TSLA,Tesla,,,
2022-10-18,-0.3732930356542676,-0.3732930356542676,-0.2954146218807177,-0.3390673747574277,-0.2193983743579241,-0.6083145557383475,0.0687634690357262,-0.3602980681026158,0.0413603953517904,TSLA,Tesla,,,
2022-10-19,-0.3424161921725073,-0.3424161921725073,-0.4073904009523574,-0.3299585182747964,-0.3809909944809281,-0.8401482391239318,0.1908443791842828,-0.3564494888839719,0.0060812285217118,TSLA,Tesla,,,
2022-10-20,-0.5887644600454633,-0.5887644600454633,-0.5273292007745096,-0.6011624338147584,-0.5729031862216182,0.4340515125305009,-1.8083544962239948,-0.4171117584507985,-0.0504587647086456,TSLA,Tesla,,,
2022-10-21,-0.469262078163969,-0.469262078163969,-0.5417933753973857,-0.570226571116146,-0.6038890075224757,-0.6127445779488719,0.8888064447610367,-0.4317812843004703,-0.0899894359094311,TSLA,Tesla,,,
2022-10-24,-0.5225040746692503,-0.5225040746692503,-0.5606456304967421,-0.6597686706151691,-0.6138842779505503,0.0024588994958361,-0.4306725089688093,-0.4565178864311238,-0.1312145590089954,TSLA,Tesla,,,
2022-10-25,-0.3360738087372852,-0.3360738087372852,-0.3843124950296462,-0.4636699438174702,-0.5425836146039326,-0.0955164766132877,1.3782998350230675,-0.4269782532538975,-0.1501751497342568,TSLA,Tesla,,,
2022-10-26,-0.2990213928205466,-0.2990213928205466,-0.2827381653790615,-0.3227401940194723,-0.3876547622963946,-0.3814506558320601,0.2330125173684246,-0.395265381154449,-0.1637318971416746,TSLA,Tesla,,,
2022-10-27,-0.2915108230370521,-0.2915108230370521,-0.2305697285416754,-0.2428225268608814,-0.2149003628570782,-0.9628431889153648,0.0200015284253733,-0.3695432790108368,-0.175310241425242,TSLA,Tesla,,,
2022-10-28,-0.2342630704663763,-0.2342630704663763,-0.3110165480280965,-0.354535174983678,-0.2877005328351447,-0.7759514714476674,0.3733815742371262,-0.3354839083646611,-0.1801499963820861,TSLA,Tesla,,,
2022-10-31,-0.2506197167284451,-0.2506197167284451,-0.2949270849371316,-0.2584623605371395,-0.2745397502725669,-0.9649450242707232,-0.1479871663522016,-0.3141587876460203,-0.1861743630908513,TSLA,Tesla,,,
2022-11-01,-0.245946207315509,-0.245946207315509,-0.172225493106587,-0.1666861864030167,-0.1435996995104595,-0.9367257081683084,-0.0006262989080205,-0.2969593552480053,-0.1911868736095379,TSLA,Tesla,,,
2022-11-02,-0.4602494453584332,-0.4602494453584332,-0.3271060111190627,-0.3808305927159699,-0.2770387585271485,-0.9272363568302112,-1.5383063163571524,-0.339342057354792,-0.2170289195741362,TSLA,Tesla,,,
2022-11-03,-0.454741626270996,-0.454741626270996,-0.4355061059640623,-0.4612638357323622,-0.5215933179278993,-1.0896995239724954,0.0075017363934604,-0.369708271165263,-0.2399746360905653,TSLA,Tesla,,,
2022-11-04,-0.5855932683278523,-0.5855932683278523,-0.3932510856357378,-0.582600916195591,-0.3343456365596619,-0.0429258199051913,-1.0057011821101944,-0.4262377954735394,-0.2738309424110668,TSLA,Tesla,,,
2022-11-07,-0.7590051453888857,-0.7590051453888857,-0.6354044363132533,-0.6929386079488822,-0.5667394234144675,-0.1599744190970226,-1.370608578664051,-0.5133687626413183,-0.321833172529482,TSLA,Tesla,,,
2022-11-08,-0.8554748755726012,-0.8554748755726012,-0.8580553173104948,-0.8632574928720891,-0.8104609800636925,0.707795046688195,-0.8165471551071587,-0.6036025956144225,-0.3750532165224907,TSLA,Tesla,,,
2022-11-09,-1.084298565508499,-1.084298565508499,-0.8468414716395977,-1.0287641616250809,-0.8644363554835972,0.6644972383678132,-1.947010032143584,-0.7303059840627482,-0.4461625062512436,TSLA,Tesla,,,
2022-11-10,-0.865155261725678,-0.865155261725678,-0.9263132172388472,-0.9787512054495,-0.8790963904808735,0.8047928828036434,1.940566177371775,-0.7688026917880452,-0.4890413675292033,TSLA,Tesla,,,
2022-11-11,-0.777531353347255,-0.777531353347255,-0.8366026998558742,-0.9347536506097456,-0.9440665379519864,0.3496174283439461,0.7014950420840669,-0.7750715084854621,-0.5193190901719256,TSLA,Tesla,,,
2022-11-14,-0.8613165713338091,-0.8613165713338091,-0.849441833994862,-0.8703040459235166,-0.8312847778681195,-0.2020086388250707,-0.7174367054728248,-0.8013865955491322,-0.5551660830651509,TSLA,Tesla,,,
2022-11-15,-0.8034013200888745,-0.8034013200888745,-0.7667195114594308,-0.771996894595768,-0.7794751587628345,-0.2252109112449317,0.4517172847172058,-0.8061829269407017,-0.5820019479475643,TSLA,Tesla,,,
2022-11-16,-0.9285783320580504,-0.9285783320580504,-0.9007976265982026,-0.8819907816951534,-0.852275328740901,-0.8402452469095637,-1.0634715220874773,-0.8420711956223136,-0.6188311320886752,TSLA,Tesla,,,
2022-11-17,-0.9911668380426382,-0.9911668380426382,-1.004972318604052,-0.9637989810810508,-0.978050864122241,-0.895753599323974,-0.5691413089890632,-0.8851329072024922,-0.658528680250053,TSLA,Tesla,,,
2022-11-18,-1.040903766156538,-1.040903766156538,-1.020736674404558,-1.0385603651694089,-0.9598925734440008,-0.6044093705218828,-0.4678669673505939,-0.930259471160816,-0.699557376134187,TSLA,Tesla,,,
2022-11-21,-1.2465279933944131,-1.2465279933944131,-1.1575775815517215,-1.193411449866367,-1.1131556744452338,-0.1856889444268386,-1.859026534933772,-1.0171478080770084,-0.7572793843072484,TSLA,Tesla,,,
2022-11-22,-1.212479703521759,-1.212479703521759,-1.25265125329835,-1.2166131502057416,-1.2334339508993446,-0.5446277007814304,0.2909833427206855,-1.0735308664967351,-0.8063721624385277,TSLA,Tesla,,,
2022-11-23,-0.990666150368624,-0.990666150368624,-1.0462522650452026,-1.1081659906797587,-1.1511382613047687,0.228559174012662,2.0549348644753054,-1.0585985015334558,-0.828970796272881,TSLA,Tesla,,,
2022-11-25,-0.996340780456305,-0.996340780456305,-1.0205742447514303,-0.9684391638012584,-0.9597260745723964,-1.235611670458502,-0.0830356688469224,-1.0488630716234828,-0.8500786295434901,TSLA,Tesla,,,
2022-11-28,-0.9953394051082772,-0.9953394051082772,-0.966942949099081,-0.996453342556962,-1.0446870170964075,-0.185129284125116,-0.0247232913328307,-1.0413031815413,-0.869168109380878,TSLA,Tesla,,,
2022-11-29,-1.0302220046554331,-1.0302220046554331,-1.0013968823616142,-1.000749982869377,-0.9608920750671328,-0.4226267297641334,-0.338551340605269,-1.0446316791576682,-0.8899868227666604,TSLA,Tesla,,,
2022-11-30,-0.7987280653492213,-0.7987280653492213,-0.8652061897953676,-0.9684391638012584,-1.00353942649587,0.2198458849596202,2.014457834755889,-0.98741121348432,-0.8859202773909057,TSLA,Tesla,,,
2022-12-01,-0.7987280653492213,-0.7987280653492213,-0.7975982564637305,-0.7764653061120783,-0.7594843637099347,-0.5049813650073989,-0.0334837451373988,-0.944495864229308,-0.8822234179584009,TSLA,Tesla,,,
2022-12-02,-0.7960575613056239,-0.7960575613056239,-0.8409907803323559,-0.788324075333722,-0.8477773172400556,-0.6641810907458603,-0.0115417699182138,-0.911620461424674,-0.8785973944607871,TSLA,Tesla,,,
2022-12-05,-1.0031838515655416,-1.0031838515655416,-0.9219251367623652,-0.9698141201707648,-0.8867594057227228,-0.1797192345417972,-1.733922334865973,-0.9403947997432036,-0.8958733924451904,TSLA,Tesla,,,
2022-12-06,-1.0470790839182336,-1.0470790839182336,-1.0457647281016156,-1.0595279908736843,-1.0236967204203753,-0.2038940721970963,-0.4183607080396229,-0.973298893203688,-0.9159386467552736,TSLA,Tesla,,,
2022-12-07,-1.143549068775232,-1.143549068775232,-1.115160131570269,-1.1129782068499747,-1.1268162078193782,-0.4013297897492481,-0.8917116363338329,-1.0228626365925717,-0.943761465308323,TSLA,Tesla,,,
2022-12-08,-1.153563076928796,-1.153563076928796,-1.183093172192366,-1.1672878033379706,-1.1739613165522111,-0.0677424013731324,-0.1255302511625091,-1.062618686327517,-0.9700495570103662,TSLA,Tesla,,,
2022-12-09,-1.0599306617889217,-1.0599306617889217,-1.0644543055636422,-1.0933855375152055,-1.1466405040006729,0.1125378623968815,0.8301416009536426,-1.0682820379377012,-0.984647979564738,TSLA,Tesla,,,
2022-12-12,-1.2473623030689147,-1.2473623030689147,-1.1478265946957873,-1.193754992274159,-1.1089909148843484,0.234971637380844,-1.7081065476305917,-1.1208799540702603,-1.0165355262062188,TSLA,Tesla,,,
2022-12-13,-1.362024619210512,-1.362024619210512,-1.1855308569102987,-1.376104417622907,-1.1294817149455652,1.87833824832624,-1.126496926632783,-1.1899070102894782,-1.0569127982701736,TSLA,Tesla,,,
2022-12-14,-1.431289130630809,-1.431289130630809,-1.4037939054152608,-1.4036030205208097,-1.3896958109667257,1.00326832482744,-0.721927123924057,-1.2595449739850502,-1.1004989611003173,TSLA,Tesla,,,
2022-12-15,-1.4167686787378355,-1.4167686787378355,-1.4150077510861578,-1.4384917188779325,-1.4864847824902223,0.5468889788742592,0.114659717202333,-1.3080277094435284,-1.1386805321584066,TSLA,Tesla,,,
2022-12-16,-1.540944315358983,-1.540944315358983,-1.4140324292147814,-1.494176271735435,-1.3831987962196144,0.9622240819886612,-1.293382821864516,-1.3764224635256197,-1.185724535141511,TSLA,Tesla,,,
2022-12-19,-1.546952822120435,-1.546952822120435,-1.5073183828401917,-1.5667033189425807,-1.4771557617453193,0.9711388487503232,-0.0974658207000796,-1.4292685006816592,-1.229088592872761,TSLA,Tesla,,,
2022-12-20,-1.748404227619388,-1.748404227619388,-1.6175061958064096,-1.7069457216788817,-1.6095950649421251,1.4729103762418876,-2.183808396165115,-1.5208700094619587,-1.288519200530955,TSLA,Tesla,,,
2022-12-21,-1.7522429180112566,-1.7522429180112566,-1.7346824516043735,-1.7373660085196934,-1.7213773234028602,1.121048213480189,-0.0780475520186377,-1.590561380603131,-1.342928295521259,TSLA,Tesla,,,
2022-12-22,-1.9561981438902043,-1.9561981438902043,-1.8099285463802688,-1.9716187911482723,-1.7770184501290691,2.7297084235814246,-2.405182372486069,-1.6954427825409115,-1.412648532833384,TSLA,Tesla,,,
2022-12-23,-1.9929166831331728,-1.9929166831331728,-1.940106365970348,-1.992930221506453,-1.93744494265896,1.65763309911802,-0.5020915175152061,-1.7835758534287929,-1.479677558407269,TSLA,Tesla,,,
2022-12-27,-2.227415003156752,-2.227415003156752,-2.085560756433144,-2.203637368018696,-2.08521065763459,2.693718535111981,-3.0796509572217223,-1.910167514125688,-1.563904088448924,TSLA,Tesla,,,
2022-12-28,-2.1671631245419904,-2.1671631245419904,-2.140817216561483,-2.2125744532974325,-2.2043228064955875,3.002827625580308,0.8499912719135078,-1.9895685126607825,-1.6344892701418048,TSLA,Tesla,,,
2022-12-29,-2.015114770483167,-2.015114770483167,-2.0221783499327595,-2.053426859411115,-2.0370660472786244,3.024039994705156,2.124597060242058,-2.00989643314004,-1.6835557342812004,TSLA,Tesla,,,
2022-12-30,-1.9924159954591587,-1.9924159954591587,-2.007389068019425,-2.0147570965993777,-2.0443960647772625,1.4284857851807042,0.264595852552169,-2.0192869325532863,-1.725907102700974,TSLA,Tesla,,,
2023-01-03,-2.2441052714193086,-2.2441052714193086,-2.0996998237655613,-2.2744460475716,-2.0690513702026143,3.259831098268698,,-2.307164373623272,-2.424404372429222,TSLA,Tesla,,,
2023-01-04,-2.151641169964347,-2.151641169964347,-2.1681204013312443,-2.224948798376877,-2.224979978330034,1.9909244893790023,1.3348621410914787,-2.283312069472941,-2.415220570098516,TSLA,Tesla,,,
2023-01-05,-2.206719106165441,-2.206719106165441,-2.214275717208261,-2.231135839793543,-2.201657299369401,1.4336844075389277,-0.8088285137670334,-2.279630903360135,-2.4123421590168834,TSLA,Tesla,,,
2023-01-06,-2.161321556117424,-2.161321556117424,-2.1713707302832224,-2.323084047377674,-2.326766712165944,2.998862743264993,0.6247010963480012,-2.2651591468831382,-2.405216405528774,TSLA,Tesla,,,
2023-01-09,-2.0493298713560653,-2.0493298713560653,-2.022990994166805,-2.0601296078086384,-2.060888477050824,2.2370506531810235,1.551136613782219,-2.225415634117092,-2.38761510935612,TSLA,Tesla,,,
2023-01-10,-2.064684887596824,-2.064684887596824,-2.0353423433780025,-2.0977682189047737,-2.025737896189081,1.6738707100053325,-0.2385766648629752,-2.199569023462595,-2.373139035698198,TSLA,Tesla,,,
2023-01-11,-1.99174836944826,-1.99174836944826,-1.9834988898389727,-2.001695273335179,-2.0087457331039538,2.076037628064981,0.9482512486706108,-2.161369152579359,-2.352734702531228,TSLA,Tesla,,,
2023-01-12,-1.9860737393605776,-1.9860737393605776,-2.01307732967354,-2.062020140035945,-2.000915964793749,1.7176087844297363,0.0401886471887838,-2.131255405604445,-2.33362168804915,TSLA,Tesla,,,
2023-01-13,-2.00543438433009,-2.00543438433009,-2.03745516878968,-2.086081352010082,-2.1010366931266047,1.9990109588941147,-0.2841468155184309,-2.113664422740237,-2.318169175664584,TSLA,Tesla,,,
2023-01-17,-1.853719779608396,-1.853719779608396,-1.890050506560436,-1.924183976507809,-1.948606594876898,2.1423561301295533,1.949386937966517,-2.061334452103876,-2.289052703229723,TSLA,Tesla,,,
2023-01-18,-1.898950518656169,-1.898950518656169,-1.8091161501304265,-1.8899826252123824,-1.7676894293841658,2.371277092567061,-0.5837708874932241,-2.0337548249761297,-2.2670756308239404,TSLA,Tesla,,,
2023-01-19,-1.9258218607458164,-1.9258218607458164,-1.9178411042816816,-1.9363864192603013,-1.922618408790078,1.739771332377953,-0.3672860770005707,-2.0200019129144464,-2.249765413606628,TSLA,Tesla,,,
2023-01-20,-1.821507684104837,-1.821507684104837,-1.8606346203710984,-1.8841392573265647,-1.8989627320862343,0.9578935549428874,1.2787375897684328,-1.982778045419904,-2.2236680663842154,TSLA,Tesla,,,
2023-01-23,-1.6490971823918317,-1.6490971823918317,-1.66772448486945,-1.765208153825388,-1.7791842064436898,2.5563107378330394,2.0337577332105905,-1.9103846385121293,-2.182818894945412,TSLA,Tesla,,,
2023-01-24,-1.646760555022005,-1.646760555022005,-1.64952244435101,-1.6478239090206697,-1.6604051824242776,1.451414445897501,-0.0074803514528263,-1.8554868202499064,-2.145451203949301,TSLA,Tesla,,,
2023-01-25,-1.6377479222164688,-1.6377479222164688,-1.65098505518177,-1.6998991686274536,-1.678563473102518,2.297998903728178,0.0667166632560196,-1.8119885320096567,-2.1105854149803664,TSLA,Tesla,,,
2023-01-26,-1.3733738793858747,-1.3733738793858747,-1.407044234367239,-1.413055681657346,-1.3777012830956354,3.3447079359383936,2.8947776917360355,-1.7111661313689996,-2.0526308476345205,TSLA,Tesla,,,
2023-01-27,-1.0791246230948317,-1.0791246230948317,-1.09403286939031,-1.3028897611079515,-1.3367201913667033,5.130036735329193,2.903567677935312,-1.5596439508910458,-1.9707191890452929,TSLA,Tesla,,,
2023-01-30,-1.2667230753750685,-1.2667230753750685,-1.1088219033194409,-1.2112853581777248,-1.0765058411487922,3.246797231686358,-1.7204319285057663,-1.494395749000369,-1.914886866435128,TSLA,Tesla,,,
2023-01-31,-1.1572349563204214,-1.1572349563204214,-1.1977197764683687,-1.2752193870061528,-1.3010696054966435,2.399464072740932,1.0174710423752185,-1.4172157291464458,-1.8532555324568736,TSLA,Tesla,,,
2023-02-01,-1.0205416185023573,-1.0205416185023573,-1.0431643657463532,-1.1523355789695215,-1.1458075012491458,2.8221394316348163,1.2289184356181102,-1.324068909753977,-1.7836502688488178,TSLA,Tesla,,,
2023-02-02,-0.906046368034286,-0.906046368034286,-0.8328648339603091,-0.9344098459558406,-0.9219099865844658,2.91272977914032,0.9761751236595472,-1.2246732728289431,-1.7090007566254,TSLA,Tesla,,,
2023-02-03,-0.8775061519223523,-0.8775061519223523,-0.7962980752860986,-0.9158483283366736,-0.9782176171905969,3.291152176132216,0.2090234061018193,-1.142764229333617,-1.6383028667788844,TSLA,Tesla,,,
2023-02-06,-0.7977266900011922,-0.7977266900011922,-0.8097871760218007,-0.8087761251801971,-0.8272867713755885,2.135170091855435,0.6383033460285158,-1.0607523084665778,-1.5661081306297615,TSLA,Tesla,,,
2023-02-07,-0.7635115891282962,-0.7635115891282962,-0.820675914402239,-0.8151350689238156,-0.770312891086287,2.1307475317822666,0.2475551931773804,-0.9904171425060124,-1.4970782094074293,TSLA,Tesla,,,
2023-02-08,-0.6887392586205601,-0.6887392586205601,-0.7312905043097244,-0.7333271317840308,-0.7758101500135157,1.998003570351014,0.5742903509093948,-0.9183772837348104,-1.4268971311637348,TSLA,Tesla,,,
2023-02-09,-0.5880967066979227,-0.5880967066979227,-0.5525196841246953,-0.5535555857242863,-0.581232705343389,2.862561829693904,0.7663650225170242,-0.8383853490249594,-1.353100041226408,TSLA,Tesla,,,
2023-02-10,-0.7621763371064967,-0.7621763371064967,-0.6792844971254657,-0.7577320172890148,-0.6736904184343958,2.5969768990457656,-1.3767285374290277,-0.823297477493111,-1.3033018706703483,TSLA,Tesla,,,
2023-02-13,-0.7997294406972495,-0.7997294406972495,-0.8401781360983106,-0.8484770397075355,-0.8037974664449755,1.7940857428153547,-0.3386036938337852,-0.8216688798856053,-1.2617606895301514,TSLA,Tesla,,,
2023-02-14,-0.5558846111943638,-0.5558846111943638,-0.6204524767625889,-0.8170256011511229,-0.8451118101138687,2.888040054007436,1.970664679688586,-0.7575445218234251,-1.199776604766695,TSLA,Tesla,,,
2023-02-15,-0.4726000808818233,-0.4726000808818233,-0.5417933753973857,-0.5305256565888066,-0.5149298043091824,2.0062815680582715,0.6032345066084172,-0.6879669375610342,-1.13515537605893,TSLA,Tesla,,,
2023-02-16,-0.6762215574236425,-0.6762215574236425,-0.4932003748024346,-0.6039123465537708,-0.5312555906127641,3.2146528313345284,-1.553931272313145,-0.6883105280122831,-1.0966330792402983,TSLA,Tesla,,,
2023-02-17,-0.5715735041088934,-0.5715735041088934,-0.642880168104383,-0.678501959438233,-0.7110065014140078,2.820452988592292,0.7951111122490494,-0.661572909620455,-1.051218861691275,TSLA,Tesla,,,
2023-02-21,-0.7541650796489887,-0.7541650796489887,-0.6222401948838072,-0.6833141756084491,-0.6277113101962996,1.9817112371230885,-1.43571307646128,-0.6886215410458538,-1.0280687334381973,TSLA,Tesla,,,
2023-02-22,-0.6959159517302833,-0.6959159517302833,-0.7477048267069453,-0.7768091107659831,-0.7453243337209745,2.275468223670384,0.4386409553812941,-0.6938819029267342,-1.0012376902258333,TSLA,Tesla,,,
2023-02-23,-0.6757206150763456,-0.6757206150763456,-0.6965114637567323,-0.6986102046308029,-0.645703102002936,1.144494249053689,0.1273606984117369,-0.6926175275154577,-0.9748399734382844,TSLA,Tesla,,,
2023-02-24,-0.7623431481067405,-0.7623431481067405,-0.8179131223938475,-0.7592787448624173,-0.7719786423925908,1.0417182312453444,-0.7192521104825853,-0.7140146424038516,-0.9594456499236806,TSLA,Tesla,,,
2023-02-27,-0.5829227642842553,-0.5829227642842553,-0.6269533826507482,-0.6138805835481072,-0.6770221752437535,1.509350480331828,1.4243855694904224,-0.6837786830391053,-0.927630258245835,TSLA,Tesla,,,
2023-02-28,-0.6149680487875704,-0.6149680487875704,-0.5975374964614119,-0.5710859516278516,-0.5344208485505165,1.313260434882929,-0.2803845141141126,-0.6693682067873084,-0.9018900053617152,TSLA,Tesla,,,
2023-03-01,-0.6640374782272129,-0.6640374782272129,-0.6630326043813721,-0.6609715935346677,-0.6073872632034392,1.4054899652277009,-0.4150799219563769,-0.6712184400039302,-0.883363493303099,TSLA,Tesla,,,
2023-03-02,-0.8621511356815931,-0.8621511356815931,-0.8816205121925897,-0.8759756426054378,-0.9317387581409348,2.018576683042338,-1.5964842937981705,-0.7237120807948202,-0.8861984318050297,TSLA,Tesla,,,
2023-03-03,-0.7471551975395088,-0.7471551975395088,-0.7722453434604175,-0.7579037884929108,-0.7974669505694696,1.3393381175640853,0.930178870167422,-0.7334176301824539,-0.8773539190227436,TSLA,Tesla,,,
2023-03-06,-0.8135823939159664,-0.8135823939159664,-0.8027987331900552,-0.7678720254872478,-0.7351623102245441,0.6903013093459048,-0.5707505795865927,-0.7578325418480931,-0.8759111943729808,TSLA,Tesla,,,
2023-03-07,-0.915392877513592,-0.915392877513592,-0.8743072100545883,-0.8744286527859241,-0.854440830858772,1.1884163895328814,-0.8738425394650293,-0.8024070492250952,-0.884711738581611,TSLA,Tesla,,,
2023-03-08,-1.0106944213490356,-1.0106944213490356,-0.999446734587268,-0.9792667813073008,-0.9600593265123564,1.2822403298927827,-0.8456799126387381,-0.8604221886625468,-0.9021778586418426,TSLA,Tesla,,,
2023-03-09,-1.1622420877338449,-1.1622420877338449,-1.0208993520418892,-1.1079942194758627,-1.0398560078523509,1.7331026689605376,-1.3655514226347143,-0.943027212837846,-0.9331083027100572,TSLA,Tesla,,,
2023-03-10,-1.153563076928796,-1.153563076928796,-1.1328748831293256,-1.1779433873940044,-1.1251502023163238,2.26702108418305,0.0468084685663554,-1.0027421185114749,-0.9603648637392158,TSLA,Tesla,,,
2023-03-13,-1.1362053099919815,-1.1362053099919815,-1.1481514540020428,-1.2557984888752798,-1.2529249951406782,1.6775470563428707,0.1266168723226993,-1.0430506385472502,-0.9834195319039928,TSLA,Tesla,,,
2023-03-14,-0.9896647750205948,-0.9896647750205948,-1.04332679539948,-1.028420356971176,-1.0888336209598433,1.078775205356739,1.3100870520570922,-1.0354800129216388,-0.989823490832865,TSLA,Tesla,,,
2023-03-15,-1.0365643880906552,-1.0365643880906552,-1.0670546679189057,-1.0474974504481442,-1.0306934859790529,1.1354302395449012,-0.4428857975773317,-1.0419004020693767,-1.00030347706776,TSLA,Tesla,,,
2023-03-16,-0.9751440684543392,-0.9751440684543392,-1.010660580258166,-0.9992032552959748,-1.037857004606086,0.5170976391687837,0.5110234441118121,-1.0308715325537845,-1.003730293262998,TSLA,Tesla,,,
2023-03-17,-1.041905141504566,-1.041905141504566,-1.003997244716878,-1.0251548683743623,-0.9687218433773382,0.8170830230294724,-0.6135093542856525,-1.0398217578239888,-1.0134764838273027,TSLA,Tesla,,,
2023-03-20,-0.9898315860208396,-0.9898315860208396,-1.0004218084744412,-1.0419976249701186,-1.0760060903372262,0.7297088567245347,0.4289820273682074,-1.0331013834220597,-1.0171645607329547,TSLA,Tesla,,,
2023-03-21,-0.7506600112576073,-0.7506600112576073,-0.8125499680301922,-0.841086944248316,-0.9060839510924512,1.3193918244106906,2.0544369779217044,-0.9663637189268464,-0.996762144478302,TSLA,Tesla,,,
2023-03-22,-0.8579785686159539,-0.8579785686159539,-0.7693198738146955,-0.7910739880727353,-0.7225012784735321,1.2443973439798577,-0.9024046902758428,-0.9439946726490752,-0.9888736832469468,TSLA,Tesla,,,
2023-03-23,-0.8401198593318429,-0.8401198593318429,-0.7912600282129031,-0.8306031313961777,-0.7898039353276197,1.0906151299620712,0.1159759885770877,-0.9226110042002028,-0.9799285761302416,TSLA,Tesla,,,
2023-03-24,-0.8703292041393463,-0.8703292041393463,-0.9042106331875112,-0.8563829732706693,-0.8499430735546756,0.3970965209629757,-0.2848987280380854,-0.9143661418787716,-0.9747971401815432,TSLA,Tesla,,,
2023-03-27,-0.84696293044108,-0.84696293044108,-0.8224636325234573,-0.8084323205262923,-0.8037974664449755,0.5100036339220595,0.1628288314218804,-0.9021548643237818,-0.9678113924380228,TSLA,Tesla,,,
2023-03-28,-0.8906913517935272,-0.8906913517935272,-0.90437306284064,-0.8859438795997757,-0.8441123084907363,-0.0421199090707107,-0.3981881295249801,-0.9042767148362598,-0.9658039461165512,TSLA,Tesla,,,
2023-03-29,-0.8124139528944108,-0.8124139528944108,-0.8565927064797352,-0.8170256011511229,-0.825287513932574,0.5798591890935194,0.6284074870180859,-0.8856754409496281,-0.9562042569667616,TSLA,Tesla,,,
2023-03-30,-0.7890476791961444,-0.7890476791961444,-0.8234387064106304,-0.7314365995567225,-0.7844729210752471,0.2463563716074417,0.1593152928250955,-0.8656968547207384,-0.945156460858614,TSLA,Tesla,,,
2023-03-31,-0.585760079328096,-0.585760079328096,-0.6534440471785657,-0.6836579802623539,-0.7519878473396909,1.738035141753053,1.6318510251464096,-0.7982722641830144,-0.9149218967154646,TSLA,Tesla,,,
2023-04-03,-0.797559624327667,-0.797559624327667,-0.7363285513829209,-0.769590786510659,-0.7123392549771026,1.7212154841519487,-1.6666825755220973,-0.8023402378645089,-0.90847247348923,TSLA,Tesla,,,
2023-04-04,-0.8341113525703912,-0.8341113525703912,-0.8005234781252494,-0.801901343332665,-0.7554861030206544,0.649600324825516,-0.3337000445771888,-0.814820206517308,-0.9062397849675262,TSLA,Tesla,,,
2023-04-05,-0.9519446057563172,-0.9519446057563172,-0.9315139419493744,-0.9146454054171752,-0.8687676139160883,0.8341315195095033,-1.0123088657307135,-0.8545767861186839,-0.9159136080787984,TSLA,Tesla,,,
2023-04-06,-0.959622241213338,-0.959622241213338,-1.0012344527084864,-0.9837351928236122,-0.9927108991195178,0.5847817123695598,-0.099687887956122,-0.8863747656278607,-0.9254705577132802,TSLA,Tesla,,,
2023-04-10,-0.968801939692399,-0.968801939692399,-1.022199285235318,-1.0461224940786378,-1.0450202690363686,1.0398900075930504,-0.1128369167271138,-0.9125912715424394,-0.9350704479817926,TSLA,Tesla,,,
2023-04-11,-0.9307481484276332,-0.9307481484276332,-0.9557291034281838,-0.8821628151451608,-0.9325717608924624,0.3836273630348509,0.2964497902753422,-0.9224371861121416,-0.9400180082017272,TSLA,Tesla,,,
2023-04-12,-1.0350623250686128,-1.0350623250686128,-0.9168870896891684,-0.973938989279285,-0.8651026051667681,1.241410001658218,-0.9268677097783664,-0.9567308054876978,-0.9548765763356136,TSLA,Tesla,,,
2023-04-13,-0.9456024769943768,-0.9456024769943768,-0.999446734587268,-0.9631113717732416,-0.9947099023657826,0.3130380310233546,0.7592058531024047,-0.9593737016662708,-0.959498954363564,TSLA,Tesla,,,
2023-04-14,-0.9606236165613652,-0.9606236165613652,-1.003022170829705,-0.944721887604082,-0.9782176171905969,-0.0972377429634746,-0.1627460605217297,-0.965230769938253,-0.9651930592898684,TSLA,Tesla,,,
2023-04-17,-0.926575581361994,-0.926575581361994,-0.9476031570561372,-0.9330348895863348,-0.9387355236996128,0.4057973731204236,0.2609372334804732,-0.9608404425710704,-0.9669877688553472,TSLA,Tesla,,,
2023-04-18,-0.9721399424102556,-0.9721399424102556,-0.9801069425443242,-0.9177388605639808,-0.9249087456506132,-0.2059784958986232,-0.4231916645320187,-0.9693016099809428,-0.9731449072985802,TSLA,Tesla,,,
2023-04-19,-1.034227760720828,-1.034227760720828,-1.0482024128195486,-1.0196553051424495,-1.0590138001537237,0.6314150960882086,-0.572380950259079,-0.9916638367824632,-0.9849090478030312,TSLA,Tesla,,,
2023-04-20,-1.327976329337858,-1.327976329337858,-1.2724785822848803,-1.3133735739600894,-1.2744152968250273,2.75160979672217,-2.635622763685452,-1.084211728056213,-1.0247796795139534,TSLA,Tesla,,,
2023-04-21,-1.293093729790702,-1.293093729790702,-1.332610535841186,-1.3003116195728348,-1.2972380978757192,0.576849460359811,0.3088867200671576,-1.1446242313335195,-1.057561067535726,TSLA,Tesla,,,
2023-04-24,-1.335320088121108,-1.335320088121108,-1.3382987974953,-1.3468873159477055,-1.299737106130301,0.9864611041219294,-0.4426855954381283,-1.2008264409956633,-1.0915563735697713,TSLA,Tesla,,,
2023-04-25,-1.3666978739501652,-1.3666978739501652,-1.3737278046450063,-1.3444812078625978,-1.3802000371534666,0.5385512840681514,-0.3422883283660342,-1.2510724016463135,-1.125577729795071,TSLA,Tesla,,,
2023-04-26,-1.4821944997662642,-1.4821944997662642,-1.419233153925309,-1.4408978269630406,-1.3723705230400125,1.318712769911267,-1.1834442715556868,-1.3185507121646876,-1.1679776948064216,TSLA,Tesla,,,
2023-04-27,-1.3747091314076734,-1.3747091314076734,-1.4223210532241592,-1.4541315525541911,-1.499812063924406,0.6633157332863987,1.0848788926477355,-1.3414322119169602,-1.1958473594831482,TSLA,Tesla,,,
2023-04-28,-1.30594530766139,-1.30594530766139,-1.3488624285852795,-1.3690578645714788,-1.362208499543582,0.5513985972165844,0.6532257232700428,-1.3408548240248577,-1.2143535961670249,TSLA,Tesla,,,
2023-05-01,-1.3473371016440114,-1.3473371016440114,-1.3768157039438569,-1.3431062514930914,-1.3243924115556522,0.2155825171500531,-0.4364778430054892,-1.3510993287031088,-1.235288600545988,TSLA,Tesla,,,
2023-05-02,-1.372706380711617,-1.372706380711617,-1.3408989118663606,-1.341387752715793,-1.3458824590432508,0.6942711664194574,-0.2842664093442424,-1.3653270390213688,-1.2568401729746044,TSLA,Tesla,,,
2023-05-03,-1.3676992492981934,-1.3676992492981934,-1.3488624285852795,-1.3245447338739238,-1.377035033412464,0.4820554421435905,0.0164825106941674,-1.374706167815296,-1.2759351887535395,TSLA,Tesla,,,
2023-05-04,-1.3578520521448727,-1.3578520521448727,-1.382178858307512,-1.329013407636348,-1.332055426797501,-0.1303248600013168,0.0645980654770644,-1.379200303260324,-1.2923162418685616,TSLA,Tesla,,,
2023-05-05,-1.2099762651516883,-1.2099762651516883,-1.2547640787100272,-1.262673270722812,-1.3110651301214689,0.1805676812951663,1.4340242119762865,-1.3444244437599624,-1.292520656927262,TSLA,Tesla,,,
2023-05-08,-1.1811021723659845,-1.1811021723659845,-1.2058457228404156,-1.165053466456759,-1.1486395072469378,0.2960343073674616,0.2381317889628627,-1.310894105551157,-1.2898386302845328,TSLA,Tesla,,,
2023-05-09,-1.225164470392203,-1.225164470392203,-1.270528186526331,-1.2102542064621231,-1.2281031908437217,-0.2831369961627838,-0.443799039973243,-1.2971127883552562,-1.2917768192891912,TSLA,Tesla,,,
2023-05-10,-1.235345544219294,-1.235345544219294,-1.1956071990408947,-1.20819190303092,-1.1681305514882714,0.4848587184104411,-0.1297712705077908,-1.2894031393907333,-1.2945500230301197,TSLA,Tesla,,,
2023-05-11,-1.1762618519528047,-1.1762618519528047,-1.2095835887359805,-1.2063013708036128,-1.232267950404607,0.0881018499341119,0.527322808567003,-1.2683795043723356,-1.2912027539189492,TSLA,Tesla,,,
2023-05-12,-1.2446920536986006,-1.2446920536986006,-1.1476639170584562,-1.198739241894384,-1.1094906656959147,1.430284160283573,-0.6696429908367525,-1.2702642287291086,-1.2949564678095993,TSLA,Tesla,,,
2023-05-15,-1.271897017788736,-1.271897017788736,-1.271503508397707,-1.2447991001653411,-1.2495932383313202,0.1304519668102434,-0.2925668041487416,-1.278695642366551,-1.3010710108013848,TSLA,Tesla,,,
2023-05-16,-1.269059702744895,-1.269059702744895,-1.2754038039463995,-1.2482363599660509,-1.2830780678867593,-0.0512187418871614,-0.0061981667205451,-1.2842872806883894,-1.306347875901501,TSLA,Tesla,,,
2023-05-17,-1.1465531948193164,-1.1465531948193164,-1.1944694475163906,-1.199426588956081,-1.237098959648664,0.6249702967914825,1.1434206157332378,-1.2568788801552069,-1.2989773248489356,TSLA,Tesla,,,
2023-05-18,-1.095981702357632,-1.095981702357632,-1.1528646417689838,-1.1090253711914642,-1.1403099881251668,0.2281512438371841,0.4318392543649734,-1.2232770128752934,-1.2872539168067267,TSLA,Tesla,,,
2023-05-19,-1.0417383305043224,-1.0417383305043224,-1.0733928961697343,-1.0426852342779285,-1.0911658761460692,0.8916944470760153,0.4570759042106205,-1.1840828370222534,-1.271208664351794,TSLA,Tesla,,,
2023-05-22,-0.8960323598807212,-0.8960323598807212,-0.9536162780165068,-0.9773762490799938,-1.032359491482107,0.7873414309063722,1.2604606580147062,-1.1171004760868644,-1.2421501322470163,TSLA,Tesla,,,
2023-05-23,-0.947772038690678,-0.947772038690678,-0.8944593983473743,-0.8888655635426836,-0.940734781142628,1.4079599326926366,-0.4717208888518176,-1.0802106209579203,-1.2208722196155226,TSLA,Tesla,,,
2023-05-24,-0.9956732817820472,-0.9956732817820472,-1.036501030205065,-1.0098588393520085,-1.0068711833052288,0.9267266945847336,-0.4459796277719795,-1.064899971324112,-1.2062863528626833,TSLA,Tesla,,,
2023-05-25,-0.9694694383666578,-0.9694694383666578,-0.994896224457658,-0.969298544312964,-0.935070769147044,-0.0864922651704,0.1957084001154703,-1.046657365682348,-1.19042383238264,TSLA,Tesla,,,
2023-05-26,-0.8242641554170705,-0.8242641554170705,-0.8027987331900552,-0.9014116798260255,-0.967056092071034,1.5350500813869314,1.2257463419384824,-0.9955178412302688,-1.1615811500047988,TSLA,Tesla,,,
2023-05-30,-0.6909088203168611,-0.6909088203168611,-0.7072377724840433,-0.6779863835804322,-0.7091739970393491,0.7081756156933664,1.0708978093662125,-0.9227624741202776,-1.1221152915847548,TSLA,Tesla,,,
2023-05-31,-0.6446769605943415,-0.6446769605943415,-0.7158512557996762,-0.7194060591311824,-0.7145050112917223,1.2527375261650842,0.334177754180057,-0.8562698459848052,-1.0816453562814363,TSLA,Tesla,,,
2023-06-01,-0.5847587039800684,-0.5847587039800684,-0.6207775840530476,-0.646363173820123,-0.6676931544988498,1.1860309929579835,0.4365472419603817,-0.7909436899813608,-1.038903251236683,TSLA,Tesla,,,
2023-06-02,-0.4771065246212333,-0.4771065246212333,-0.4997010327063912,-0.4679665841298854,-0.541750866049155,1.5931776440134038,0.79638858351447,-0.7141788087994004,-0.9893544658925988,TSLA,Tesla,,,
2023-06-05,-0.4163539583324575,-0.4163539583324575,-0.4340434951333027,-0.3859866135400913,-0.4143090709680114,1.263468079683446,0.4207298864546152,-0.6409332421005024,-0.9382759947577692,TSLA,Tesla,,,
2023-06-06,-0.3546000166956555,-0.3546000166956555,-0.4239671530027074,-0.4201879648355168,-0.4419631354595107,1.1582146322728093,0.4204936806112673,-0.5700688436141963,-0.8857074406772778,TSLA,Tesla,,,
2023-06-07,-0.3001895791688185,-0.3001895791688185,-0.2790002994834964,-0.2368073877711672,-0.2443869317232366,2.1232978313215587,0.359821383740926,-0.5028846726172447,-0.8325136438319398,TSLA,Tesla,,,
2023-06-08,-0.1284468308033534,-0.1284468308033534,-0.2074920706031665,-0.2400728763679799,-0.307358075948084,1.595448621148838,1.1899348591430374,-0.4081932936466309,-0.7670976595685721,TSLA,Tesla,,,
2023-06-09,0.0307782163651936,0.0307782163651936,0.0718780053452746,0.0866438208255869,0.1066191260826263,2.4847538153443427,1.0510691889127497,-0.2961006107095651,-0.6918138901681593,TSLA,Tesla,,,
2023-06-12,0.1214065054609834,0.1214065054609834,0.0483128104631796,0.130813146869238,0.087794331524464,1.2434397030191322,0.5597297409142677,-0.1886523657648497,-0.6143726356734299,TSLA,Tesla,,,
2023-06-13,0.2696159144546552,0.2696159144546552,0.1898666573930806,0.2468224353044499,0.1805850423586817,1.5430793411823125,0.9155455296753162,-0.0698336588864464,-0.5292509075109232,TSLA,Tesla,,,
2023-06-14,0.2375708846246229,0.2375708846246229,0.2205829727442526,0.2323857867938013,0.2915345522646389,1.7468255395587766,-0.2316345787011167,0.0110139436968432,-0.4550503234367685,TSLA,Tesla,,,
2023-06-15,0.2227163013845964,0.2227163013845964,0.1780030931096725,0.1772168097940998,0.0954573467663134,1.4880311539048738,-0.1260240178598302,0.0678177148428767,-0.3890706472316966,TSLA,Tesla,,,
2023-06-16,0.3001593906092108,0.3001593906092108,0.2535742951760262,0.3477074659212036,0.2707107544602118,1.680663742378686,0.4506449427577357,0.1303979840628042,-0.3213972515134673,TSLA,Tesla,,,
2023-06-20,0.5323210832629632,0.5323210832629632,0.4347828000789881,0.4149069833464452,0.3136908494354088,1.623344577965813,1.3920075298813968,0.2372222804273422,-0.2368170110286969,TSLA,Tesla,,,
2023-06-21,0.2821336156515727,0.2821336156515727,0.4711868811158676,0.3575039317116445,0.5407536220378418,2.7721630103805444,-1.491796659685842,0.2528014277714914,-0.1847752271363644,TSLA,Tesla,,,
2023-06-22,0.3680883953344269,0.3680883953344269,0.2763268458240759,0.193716023982064,0.1349394402572965,1.6548024616808628,0.4964823143878634,0.2866589291624868,-0.1289272368655382,TSLA,Tesla,,,
2023-06-23,0.2343996929070119,0.2343996929070119,0.234884717714,0.2719149301172442,0.2768745172673621,1.9180890540232591,-0.8417173513747187,0.2775653350453157,-0.0914346857042471,TSLA,Tesla,,,
2023-06-26,-0.0251340295104022,-0.0251340295104022,0.1685767175757906,0.0639574340979007,0.1232781643261679,1.9810147709698336,-1.6515099777264552,0.2037950778988653,-0.0831281891998892,TSLA,Tesla,,,
2023-06-27,0.1277488888962055,0.1277488888962055,0.0388866829135009,0.066535575633017,0.0094969026191688,1.6073507302321397,0.9811288475291252,0.187905500067928,-0.0603920545393459,TSLA,Tesla,,,
2023-06-28,0.2283909314722773,0.2283909314722773,0.193117234329262,0.2047154126920025,0.1171141473222672,1.4780716879133295,0.6099786821465684,0.2019502259336772,-0.0297267820855691,TSLA,Tesla,,,
2023-06-29,0.2494208324739998,0.2494208324739998,0.2070936240243473,0.2858360027700921,0.2558839663945793,0.7694820488336233,0.0978084000065363,0.2179087037617615,0.0002394889966215,TSLA,Tesla,,,
2023-06-30,0.3206880945903536,0.3206880945903536,0.2673885032021871,0.3937678486843866,0.2986978166949215,0.3052724334145633,0.4092690039532832,0.2482618689633904,0.0345600244787655,TSLA,Tesla,,,
2023-07-03,0.6219477423374425,0.6219477423374425,0.5891757811478768,0.6553468073916908,0.5634096700201779,0.4810082555345894,1.807583003143813,0.3487405434987445,0.0956824919369047,TSLA,Tesla,,,
2023-07-05,0.6663439170374315,0.6663439170374315,0.5826751232439208,0.6981417015580602,0.6022255138279906,0.7756383121525722,0.2203300442704924,0.4355521136429484,0.1556579280859466,TSLA,Tesla,,,
2023-07-06,0.567203682810119,0.567203682810119,0.5196177000418927,0.6170211114799712,0.5900642328885448,0.4970816994000635,-0.5949331738071023,0.4750862927904555,0.2003341566861994,TSLA,Tesla,,,
2023-07-07,0.5319869519159101,0.5319869519159101,0.532781693487136,0.6323168782562121,0.5957282448841289,0.3365736122451305,-0.2372064772548779,0.4956523184948485,0.2374510822597917,TSLA,Tesla,,,
2023-07-10,0.4515397366472107,0.4515397366472107,0.4798003644315009,0.4833096859372974,0.5630766722769676,0.4745286329302007,-0.5024351771103329,0.4903244439636294,0.2632034914781239,TSLA,Tesla,,,
2023-07-11,0.4545443720378608,0.4545443720378608,0.3722129138205466,0.5051364299071657,0.4328028711980315,-0.2083315565449771,-0.0156556792439186,0.4871036224068233,0.2869132016740625,TSLA,Tesla,,,
2023-07-12,0.4912626566075463,0.4912626566075463,0.4635484716874073,0.5926159637288733,0.5607441628939912,-0.1163059912879445,0.1842395740440829,0.4941599599775159,0.3121144500292542,TSLA,Tesla,,,
2023-07-13,0.5899022031608447,0.5899022031608447,0.5111668943635904,0.5778357728104331,0.531757599036149,0.306782272539655,0.5466746362386435,0.52489755279133,0.3448218412285403,TSLA,Tesla,,,
2023-07-14,0.6479845200793058,0.6479845200793058,0.6062400701418125,0.6759708906881733,0.5720726952786603,0.4903732379167482,0.3008681737140989,0.5629338280469904,0.3803247371494684,TSLA,Tesla,,,
2023-07-17,0.7981969344423167,0.7981969344423167,0.7188660637943698,0.8007454931982255,0.7323325618385709,0.7766009278715351,0.8205224453539401,0.6302102586542604,0.4275196290842836,TSLA,Tesla,,,
2023-07-18,0.8475999858824463,0.8475999858824463,0.768109278970237,0.8426807446067766,0.7909721934341771,0.2928231009251331,0.238683270574478,0.6934117341009183,0.4753309304370413,TSLA,Tesla,,,
2023-07-19,0.8128844520088171,0.8128844520088171,0.8336043868901978,0.9030052179383732,0.889094172717518,1.044884664863535,-0.2228057048415528,0.7318575222470227,0.5153477024888141,TSLA,Tesla,,,
2023-07-20,0.3395481792224932,0.3395481792224932,0.5352193782050687,0.4162822019620645,0.6145530394422901,1.8608171498136428,-2.6332682561323484,0.6385886842175855,0.5047134567866713,TSLA,Tesla,,,
2023-07-21,0.2914801251308793,0.2914801251308793,0.3250825240563566,0.3234746138662273,0.4219745980184296,1.528448577205723,-0.325976013272045,0.5562372829397403,0.4902717023573053,TSLA,Tesla,,,
2023-07-24,0.4423602928414298,0.4423602928414298,0.3551486248266109,0.2946010545988181,0.2195673850380982,0.8994500951683317,0.894785255634793,0.5333952117108481,0.4921286898972239,TSLA,Tesla,,,
2023-07-25,0.3792710991828288,0.3792710991828288,0.4047166993087337,0.4815909249138861,0.4949412668681022,0.3086677059116806,-0.4085899670364042,0.4999889893953593,0.4875506589688357,TSLA,Tesla,,,
2023-07-26,0.3637492719418268,0.3637492719418268,0.3257327386372742,0.4257346008524878,0.3428441663616067,-0.1117267263302939,-0.1270860975547633,0.4709302676958374,0.4818471398378222,TSLA,Tesla,,,
2023-07-27,0.2195453643402677,0.2195453643402677,0.3434472422121273,0.3148813332413968,0.4271388592024465,0.0833111577513661,-0.9061458740788648,0.4119369738501425,0.4623393727313547,TSLA,Tesla,,,
2023-07-28,0.3986318714889826,0.3986318714889826,0.3128936044982864,0.3652380940708822,0.28636978268712,0.2760507035272854,1.0868916629198506,0.4138896712149316,0.4623924295191777,TSLA,Tesla,,,
2023-07-31,0.4151550740780128,0.4151550740780128,0.3426343499938788,0.4606232992096107,0.4133120811534483,-0.3921538481801156,0.0657234620419408,0.4196165668511307,0.4640817952946611,TSLA,Tesla,,,
2023-08-01,0.3090052124145033,0.3090052124145033,0.3002171479966297,0.3999547589779963,0.3929880341605875,-0.4273801112600977,-0.6684603803164966,0.3965290165697084,0.4550744706949742,TSLA,Tesla,,,
2023-08-02,0.1928408332508642,0.1928408332508642,0.1872662950378169,0.2322140155899058,0.2149028746656471,0.0349465581660554,-0.7452942932380694,0.349247258264287,0.4353482112379032,TSLA,Tesla,,,
2023-08-03,0.2797972429550289,0.2797972429550289,0.2030306508383239,0.2581656286682928,0.1560962358049345,-0.0691204094049294,0.5139458441741241,0.336217463764057,0.4260520105309624,TSLA,Tesla,,,
2023-08-04,0.188668266185225,0.188668266185225,0.2725887319443081,0.2772427221452616,0.3048615795020718,-0.0200991417322641,-0.5956553344744985,0.3029372263221176,0.4085497250987155,TSLA,Tesla,,,
2023-08-07,0.1484446585508749,0.1484446585508749,0.0918677639849332,0.0993617083128253,0.1462674642484651,0.2673921368148566,-0.2869587662754502,0.2676008513359068,0.3886434313269339,TSLA,Tesla,,,
2023-08-08,0.1192366890914005,0.1192366890914005,0.0475001662291343,0.1380314711245626,0.0796313112742984,-0.0921759264567832,-0.2193061841873411,0.2335639987307299,0.3676457805129012,TSLA,Tesla,,,
2023-08-09,-0.0061071338780188,-0.0061071338780188,0.0504256358748563,0.0845812551482718,0.1366051915636008,0.0310513224660659,-0.8365156946259762,0.1757023080960429,0.3361074955550557,TSLA,Tesla,,,
2023-08-10,0.0464671092797222,0.0464671092797222,0.0618019111988816,0.1034865774213436,0.0454802320356884,0.2276114825684116,0.313784636322491,0.1458682422994615,0.3126581534959505,TSLA,Tesla,,,
2023-08-11,0.0015702469057193,0.0015702469057193,-0.0683759083911977,0.0178975758269428,-0.0149919039345783,-0.0325683732546444,-0.3262331776686185,0.1119109698844857,0.2868812834144483,TSLA,Tesla,,,
2023-08-14,-0.0466646181861379,-0.0466646181861379,-0.1192441640509533,-0.0554891141380208,-0.116112388087316,-0.0435949248881397,-0.3514852744028569,0.074000211774619,0.2586569386704027,TSLA,Tesla,,,
2023-08-15,-0.1601582386328986,-0.1601582386328986,-0.1218445264062161,-0.0750817834727894,-0.0656355225451253,-0.3022251435202039,-0.7907404987556056,0.0162900041574882,0.2217259283905032,TSLA,Tesla,,,
2023-08-16,-0.2829986232322481,-0.2829986232322481,-0.2279693661864107,-0.1993405478789275,-0.2440536797832761,0.3018821356756835,-0.8770286807618167,-0.0586809086119024,0.1759514199397843,TSLA,Tesla,,,
2023-08-17,-0.3894826162428103,-0.3894826162428103,-0.3454704812906298,-0.3119125765134298,-0.2767055065871885,0.5066904449358615,-0.7885649258234091,-0.1423780086757523,0.1237619318777953,TSLA,Tesla,,,
2023-08-18,-0.4517372455536274,-0.4517372455536274,-0.494337878342736,-0.4231096487784251,-0.475614463886555,0.8936818629919104,-0.4877807784086178,-0.2212102160106234,0.0701336326592146,TSLA,Tesla,,,
2023-08-21,-0.188198021744101,-0.188198021744101,-0.2578727893193341,-0.281836094326523,-0.3518376775547302,0.879406794229305,1.922956353072055,-0.2123510393543904,0.0475561122827082,TSLA,Tesla,,,
2023-08-22,-0.1563195482410297,-0.1563195482410297,-0.1166438016956886,-0.1276726189373746,-0.0403137132398513,0.7485731399612656,0.1870158852214783,-0.1974831946333212,0.0301973560663634,TSLA,Tesla,,,
2023-08-23,-0.0950662942782398,-0.0950662942782398,-0.1465474728128157,-0.1321412926997986,-0.2220638814841105,0.0181492869770201,0.3867274927987147,-0.1705312464552387,0.0205005191687479,TSLA,Tesla,,,
2023-08-24,-0.2088940460720532,-0.2088940460720532,-0.1475225466999883,-0.1512183861767669,-0.0668015230398634,-0.0141916163251919,-0.8022686674320567,-0.1796806178346405,0.0003795109471213,TSLA,Tesla,,,
2023-08-25,-0.0661922014925358,-0.0661922014925358,-0.1462223655223564,-0.1139233174884237,-0.1892455558085947,0.1558157716843132,0.9588886287652494,-0.1497308702726939,-0.0037387542435602,TSLA,Tesla,,,
2023-08-28,-0.0623532564273846,-0.0623532564273846,-0.0587871032041881,-0.0279905112401185,-0.0014981236287892,0.1822193010300277,-0.0077437718417292,-0.1262782543490377,-0.007101336548256,TSLA,Tesla,,,
2023-08-29,0.2440798243868059,0.2440798243868059,0.1541127909371187,0.0136009355145275,-0.0681342766029558,0.838238182434588,2.019158984094269,-0.0296404381770252,0.0202775914580531,TSLA,Tesla,,,
2023-08-30,0.2394065696471527,0.2394065696471527,0.203356006112986,0.2339325143672042,0.1920798194182046,0.5382801597442057,-0.0625527858762652,0.0416323977892001,0.0447033648148445,TSLA,Tesla,,,
2023-08-31,0.2591009639537939,0.2591009639537939,0.214244496509221,0.3105846929289815,0.2217328871559682,0.2117693649609829,0.0891547915454839,0.100167447064705,0.0688647175981301,TSLA,Tesla,,,
2023-09-01,0.040959290192285,0.040959290192285,0.1801154225529432,0.0864717873755795,0.2430566899687125,0.800778252905953,-1.385658236255222,0.0877962837563381,0.0691631209928101,TSLA,Tesla,,,
2023-09-05,0.2325634985379165,0.2325634985379165,0.162563596615421,0.1354535918355581,0.0388167184169715,0.7243659663774226,1.2175518540601145,0.1279446810379168,0.088465081661022,TSLA,Tesla,,,
2023-09-06,0.1562891050081392,0.1562891050081392,0.1201461466339687,0.1388908516362663,0.2077393560386139,0.413199813377875,-0.5092096131516743,0.1383800182237667,0.0984365249776177,TSLA,Tesla,,,
2023-09-07,0.149112411898416,0.149112411898416,0.078216233596102,0.1081270223876632,0.0399829731084597,0.3722351666708968,-0.0790570114040182,0.1443552008261119,0.1067886635040323,TSLA,Tesla,,,
2023-09-08,0.099208418110989,0.099208418110989,0.1385106168055362,0.166561225738066,0.1424359566275406,0.4482196239909993,-0.350924730113915,0.1359632107655633,0.1094249075259232,TSLA,Tesla,,,
2023-09-11,0.5178001220234237,0.5178001220234237,0.4364080885470787,0.4061416692716059,0.3598362023483589,1.8486190426152085,2.661230069240429,0.2376503317487137,0.1533972332662033,TSLA,Tesla,,,
2023-09-12,0.4159898930990799,0.4159898930990799,0.4939399277323237,0.509089527811789,0.4679537062565249,0.8867992849702814,-0.628810656683393,0.2876524145545519,0.1832599880711131,TSLA,Tesla,,,
2023-09-13,0.4797463307586569,0.4797463307586569,0.438520913958756,0.5348693696862805,0.4564589291970011,0.2817144657807184,0.3478288370033601,0.3416007697242219,0.2167404210103926,TSLA,Tesla,,,
2023-09-14,0.5588585486788407,0.5588585486788407,0.4666363709862576,0.5747423176636282,0.4772827270014282,0.1831172448919028,0.4330061180844843,0.4024700501755489,0.2550348328191618,TSLA,Tesla,,,
2023-09-15,0.5313197079149351,0.5313197079149351,0.5035284849351301,0.5847102924118524,0.581068209886852,0.829400524425608,-0.1930797618310819,0.4410180123621968,0.2871126970468912,TSLA,Tesla,,,
2023-09-18,0.3792710991828288,0.3792710991828288,0.3809890747735109,0.4602797568018187,0.4746172198752414,0.0297330115331192,-0.9199507447485332,0.4307060898838709,0.301172483650351,TSLA,Tesla,,,
2023-09-19,0.3996332468370107,0.3996332468370107,0.3226448393384238,0.4162822019620645,0.3611692101082028,0.0834778121523236,0.0893075275077712,0.4282248258899306,0.3159765353087034,TSLA,Tesla,,,
2023-09-20,0.3343742368088259,0.3343742368088259,0.4214561289964138,0.437936912481924,0.4059820636548099,0.5513687486671591,-0.4252181292370192,0.4095294769621314,0.3229530502242283,TSLA,Tesla,,,
2023-09-21,0.2193782986667411,0.2193782986667411,0.2090437717986935,0.2961480444183333,0.252885461525182,0.4876147344740353,-0.7340557012116246,0.3658432840607476,0.3178736069088473,TSLA,Tesla,,,
2023-09-22,0.038789728495984,0.038789728495984,0.1591508380103152,0.1289226146419298,0.2453886909581878,0.6759740056218053,-1.1633003718342052,0.2864934951610971,0.2953193513973231,TSLA,Tesla,,,
2023-09-25,0.0740062047169106,0.0740062047169106,-0.0145819351015178,0.0228815632010543,0.0118291578053942,0.1066751098139471,0.1965761925753723,0.2360656964463469,0.2783132851549606,TSLA,Tesla,,,
2023-09-26,0.0261049616255399,0.0261049616255399,0.0252351525246711,0.0804566482858639,0.0051653899899267,0.0409336797049282,-0.3437366305786281,0.1858881056973853,0.2580955347497483,TSLA,Tesla,,,
2023-09-27,-0.034313727989465,-0.034313727989465,-0.0433478546941398,-0.0412242368312686,0.0264889386059214,0.9016564004466784,-0.4294118893836294,0.1326691346052196,0.2337148024302144,TSLA,Tesla,,,
2023-09-28,0.0638251308898192,0.0638251308898192,-0.0072686329635159,0.0287249310868735,-0.0441452208607762,0.4156648060845733,0.6193075404793789,0.1180710870970374,0.2212979359936224,TSLA,Tesla,,,
2023-09-29,0.1279156998964493,0.1279156998964493,0.1100700524875753,0.1610616625061527,0.1221119096346798,0.7008129735018153,0.3826539839984403,0.1236555380094254,0.2163755365154726,TSLA,Tesla,,,
2023-10-02,0.1509483515942276,0.1509483515942276,0.1021065357686567,0.0969556002277163,0.0356514604792175,0.5836002072881453,0.1137713543185961,0.1337854449218946,0.2141882975676969,TSLA,Tesla,,,
2023-10-03,0.0663285692598895,0.0663285692598895,0.0328735619531309,0.1284070387841295,0.0989558566440274,0.0407272272380705,-0.5715176964411326,0.1195541139588025,0.2037952166856114,TSLA,Tesla,,,
2023-10-04,0.3105072754365455,0.3105072754365455,0.225295664542787,0.1825448640682289,0.0911260883338223,0.730634161756716,1.5509950800973795,0.171869653375018,0.2185994975724043,TSLA,Tesla,,,
2023-10-05,0.2919808128048933,0.2919808128048933,0.2535742951760262,0.3312085139793522,0.2887022920700964,0.4679072297160422,-0.1469676481233693,0.2063271686326666,0.2302178328213731,TSLA,Tesla,,,
2023-10-06,0.2999923249356842,0.2999923249356842,0.2218829059376812,0.2349636660828058,0.188414810668885,0.4421031587379506,0.0158002699606675,0.2342369776660302,0.2415756823609902,TSLA,Tesla,,,
2023-10-09,0.2856389387162369,0.2856389387162369,0.2171697181707403,0.2590250091799984,0.2105713620364049,0.0256188864706782,-0.1216180652405179,0.2514666938669683,0.2504753802378432,TSLA,Tesla,,,
2023-10-10,0.3515651927453967,0.3515651927453967,0.3403593429132771,0.3552695948304325,0.2512194560221276,0.5548859027410961,0.372664914394956,0.2813955061214864,0.2651140011426426,TSLA,Tesla,,,
2023-10-11,0.3410502422445355,0.3410502422445355,0.334833758896494,0.4111259188918308,0.3919885325374551,0.0835350218720552,-0.0972920650916151,0.3011296485979888,0.2773774629939906,TSLA,Tesla,,,
2023-10-12,0.2722864184982521,0.2722864184982521,0.2829901813653631,0.3377394911729794,0.3373469074343785,0.2775953659600398,-0.4517657920042365,0.2981917427490589,0.2816962425638868,TSLA,Tesla,,,
2023-10-13,0.1429368394634372,0.1429368394634372,0.188566724199652,0.2275735706235852,0.2703772483235003,0.0429285577581796,-0.8328240819936915,0.2626209258864937,0.2727750310257002,TSLA,Tesla,,,
2023-10-16,0.1896696415332527,0.1896696415332527,0.120308576287097,0.1976688596405739,0.122944912386207,-0.2843259633815546,0.2642231906180468,0.2479981405636492,0.2693064759570975,TSLA,Tesla,,,
2023-10-17,0.2051917234475371,0.2051917234475371,0.1492369255328468,0.1736077787894941,0.1237779151377337,-0.1687697916609837,0.0643078408904803,0.2410351722306694,0.2676949422039171,TSLA,Tesla,,,
2023-10-18,0.0020709345797329,0.0020709345797329,0.1077947974227708,0.087674972541189,0.1670912620528921,0.6168664156225387,-1.3085071333973504,0.1834153261577431,0.2460553665350925,TSLA,Tesla,,,
2023-10-19,-0.3746282876760656,-0.3746282876760656,-0.2825757357259328,-0.3471450795244575,-0.2785380109618471,1.7517306511809856,-2.516669312672527,0.0430260324966679,0.1889681673500728,TSLA,Tesla,,,
2023-10-20,-0.5101531844725761,-0.5101531844725761,-0.4735354754690321,-0.4564516195621461,-0.4274698535305887,0.936800580015741,-1.0184644777900007,-0.0972263278623446,0.1236099883182741,TSLA,Tesla,,,
2023-10-23,-0.5086511214505343,-0.5086511214505343,-0.5040891131828739,-0.5923973819860309,-0.5442496201069865,1.252033597874473,-0.0221487537707786,-0.2020281216570505,0.0643426511750244,TSLA,Tesla,,,
2023-10-24,-0.4345462896170575,-0.4345462896170575,-0.4216918979379015,-0.3930331665915184,-0.4359658715239657,0.4448218641147632,0.5254949205247635,-0.2615131725700182,0.0178235602758898,TSLA,Tesla,,,
2023-10-25,-0.5029764913628528,-0.5029764913628528,-0.4533830391920438,-0.4258595615174385,-0.4462943938920014,0.1670811117132102,-0.5390734458794765,-0.3237794113753179,-0.0312632081695828,TSLA,Tesla,,,
2023-10-26,-0.6141337391130678,-0.6141337391130678,-0.5395181203325798,-0.5516650534969786,-0.5222595676110712,0.367252946296006,-0.8706097040327517,-0.3991535321288793,-0.0869280028757435,TSLA,Tesla,,,
2023-10-27,-0.588430583371693,-0.588430583371693,-0.5783601340715963,-0.5363690244746252,-0.5342540954821617,-0.1359786727382748,0.1663523492034815,-0.4490536631024947,-0.1349794498354649,TSLA,Tesla,,,
2023-10-30,-0.754331890649232,-0.754331890649232,-0.6032255101313222,-0.7271399592443073,-0.5562441479780765,0.897950205559715,-1.313745950233684,-0.5292751372002538,-0.1951403817209039,TSLA,Tesla,,,
2023-10-31,-0.6962498284040536,-0.6962498284040536,-0.7345408332617025,-0.7374517386464362,-0.7754771522703049,0.4407724109094101,0.4373106838788133,-0.574458227824517,-0.2440632593537054,TSLA,Tesla,,,
2023-11-01,-0.6158026131353557,-0.6158026131353557,-0.682697255730571,-0.672486558102407,-0.643537599885065,0.5301538921631931,0.6072966790223188,-0.5875931519832016,-0.2805483522622298,TSLA,Tesla,,,
2023-11-02,-0.4013328187654691,-0.4013328187654691,-0.4680098914522494,-0.4387494824546842,-0.4947722561879277,0.6377554254619463,1.634780036372956,-0.5421191033502993,-0.2924148574656272,TSLA,Tesla,,,
2023-11-03,-0.3771317260461365,-0.3771317260461365,-0.351483850235203,-0.3193029342187622,-0.3585014453701967,0.4772498256861321,0.1436951929663226,-0.5017705837586247,-0.3007988668539495,TSLA,Tesla,,,
2023-11-06,-0.3886480518950264,-0.3886480518950264,-0.3522962464850451,-0.3777371375691651,-0.3113563366373647,0.4225523588644399,-0.1172402691439742,-0.474479978428957,-0.3095645284049675,TSLA,Tesla,,,
2023-11-07,-0.3400795648026807,-0.3400795648026807,-0.4043025016535071,-0.3653627924897201,-0.3779924896115313,0.4117148480439709,0.3208591876730952,-0.4414831585473355,-0.312709348841782,TSLA,Tesla,,,
2023-11-08,-0.3412477511509521,-0.3412477511509521,-0.3875630719658265,-0.3323646263599045,-0.3251833688831134,0.155134229805771,-0.041894899506036,-0.417036892328692,-0.315684304162768,TSLA,Tesla,,,
2023-11-09,-0.5437007866712171,-0.5437007866712171,-0.4420067638680185,-0.5207294530444789,-0.3818239972324553,1.038793073401674,-1.4916418112220966,-0.450927556923931,-0.3384970307878663,TSLA,Tesla,,,
2023-11-10,-0.46575726444587,-0.46575726444587,-0.5300919927829012,-0.5377439808441312,-0.5437498692954202,0.7622835736639108,0.560330388105923,-0.4562390213813552,-0.3514942968240082,TSLA,Tesla,,,
2023-11-13,-0.3145432200615486,-0.3145432200615486,-0.3672482060357096,-0.4359995697156709,-0.4509589042644534,0.9974304460356932,1.0934792966842184,-0.4212150122129473,-0.3482909764193819,TSLA,Tesla,,,
2023-11-14,-0.0858865957991785,-0.0858865957991785,-0.160199003201645,-0.1075643737448047,-0.1272739132068788,1.229353675069553,1.6016256041447376,-0.33596208835726,-0.3226680288538551,TSLA,Tesla,,,
2023-11-15,0.0047414386233303,0.0047414386233303,-0.0210828409896767,-0.0090854512131586,-0.0563065018002215,1.2438401710572538,0.577193828359303,-0.2486437284198276,-0.290373001322092,TSLA,Tesla,,,
2023-11-16,-0.1496435428053197,-0.1496435428053197,-0.1156687278085155,-0.1034395046362854,-0.0529744907941123,0.9071186849914912,-1.0505125590278783,-0.2229805499702086,-0.2763478488354571,TSLA,Tesla,,,
2023-11-17,-0.1377933402826604,-0.1377933402826604,-0.1723879227597152,-0.1794043361363665,-0.17775077874907,1.049297275420228,0.0476721285989546,-0.2006762539869214,-0.2624207137787412,TSLA,Tesla,,,
2023-11-20,-0.1160959406066805,-0.1160959406066805,-0.1771008625424533,-0.1024083529206843,-0.1437664525788153,0.3972880491551208,0.1146601706091921,-0.1783509087029633,-0.2476046333379438,TSLA,Tesla,,,
2023-11-21,-0.0226305911403318,-0.0226305911403318,-0.0711387003995892,-0.0625356671894484,-0.1271074143352736,0.5457323475840326,0.601150878049783,-0.1374963107880839,-0.2248522201180637,TSLA,Tesla,,,
2023-11-22,-0.1392954033047026,-0.1392954033047026,-0.06480047214876,-0.0958776379731689,-0.010494146630482,0.437844765686621,-0.8072521873072112,-0.1369505510748821,-0.215755695103131,TSLA,Tesla,,,
2023-11-24,-0.1185996336500332,-0.1185996336500332,-0.1502853387083798,-0.0798939996430059,-0.1485974618228721,-0.8761232033186628,0.1078756116974477,-0.131202491339441,-0.2054305631310994,TSLA,Tesla,,,
2023-11-27,-0.108084683149172,-0.108084683149172,-0.1571111039027947,-0.0838468353015169,-0.0962880919060213,0.290621770405024,0.0379588083252944,-0.1241789798234745,-0.1949997041853288,TSLA,Tesla,,,
2023-11-28,0.0694997609775006,0.0694997609775006,-0.016207223569608,-0.0510207026217086,-0.0997866017837353,1.198965364375573,1.1698723037904395,-0.0731011549119958,-0.167878903872037,TSLA,Tesla,,,
2023-11-29,0.0264388382993102,0.0264388382993102,0.0772411597089299,0.0993617083128253,0.1089513812688521,0.8719098335653405,-0.3126914494830811,-0.0459009050393877,-0.1475005664039302,TSLA,Tesla,,,
2023-11-30,-0.0413236100989449,-0.0413236100989449,-0.0451355728153582,-0.0011795176500259,0.0411489736031973,0.7960920306461955,-0.4774996995229155,-0.0429809126915349,-0.1357051676829035,TSLA,Tesla,,,
2023-12-01,-0.0621864454271409,-0.0621864454271409,-0.1268825734794126,-0.0872843573483383,-0.1587594853193025,0.5219455410712611,-0.1725000592697647,-0.046172755120301,-0.1270542351596701,TSLA,Tesla,,,
2023-12-04,-0.1164298172804503,-0.1164298172804503,-0.1402092445619868,-0.0633950477011545,-0.1152793853357888,0.0933228587044044,-0.3968178966613793,-0.0625594123349819,-0.1245773598278349,TSLA,Tesla,,,
2023-12-05,-0.0640223851229534,-0.0640223851229534,-0.0217328075863919,-0.0563484946497264,-0.1465984585766073,0.9358305021594218,0.3223956838208744,-0.0613302341094244,-0.1171203970479485,TSLA,Tesla,,,
2023-12-06,-0.0531738126216047,-0.0531738126216047,-0.0231954184171506,0.0376620163656083,0.0041658883667948,0.6489138081887362,0.0392158869083387,-0.0576098216401377,-0.109263828337241,TSLA,Tesla,,,
2023-12-07,0.001403435905475,0.001403435905475,-0.0636627206242568,2.3405269472170944e-05,-0.018656912683897,0.1690013683928985,0.3312620982047038,-0.0407406091130796,-0.0967007227673519,TSLA,Tesla,,,
2023-12-08,0.0214317068858871,0.0214317068858871,-0.0443229285813134,0.039380777389019,-0.0399804612998908,0.0691206598787989,0.0985635433226998,-0.0229221496349687,-0.0832904518285669,TSLA,Tesla,,,
2023-12-11,-0.0469982401866259,-0.0469982401866259,-0.0740639220611085,0.0081011100365023,0.001167383497398,-0.0605439262034199,-0.4824251755784308,-0.0272106899507068,-0.0778959569446799,TSLA,Tesla,,,
2023-12-12,-0.092562855908169,-0.092562855908169,-0.1463847951754837,-0.0534268107068176,-0.068634027414522,-0.1248576006982663,-0.3375271770514771,-0.042181073819019,-0.0775174802742861,TSLA,Tesla,,,
2023-12-13,-0.0545090646434031,-0.0545090646434031,-0.1250948553581942,-0.1508745815228621,-0.1412674443242337,1.1426610506431576,0.2233663296170259,-0.04359239685402,-0.073393797822488,TSLA,Tesla,,,
2023-12-14,0.1417686531151653,0.1417686531151653,0.0956058778647006,0.0655041616713031,-0.0241544258078759,1.5043981085063625,1.2787007054936474,0.0059814724916134,-0.050150124249432,TSLA,Tesla,,,
2023-12-15,0.1826597594237728,0.1826597594237728,0.099668851050724,0.1945754044937696,0.1422694577559354,0.8851302535815886,0.2270818399955426,0.0537102612733137,-0.0249580888118873,TSLA,Tesla,,,
2023-12-18,0.1589596090517361,0.1589596090517361,0.1745898385361602,0.2471662399583548,0.1850830538595272,0.3996858826256124,-0.1830458480471714,0.0833930942636897,-0.004410205984235,TSLA,Tesla,,,
2023-12-19,0.2447475777343466,0.2447475777343466,0.1680891806322041,0.2755239611218508,0.1800852915471141,0.1589299703410098,0.5109391946081935,0.127785328846489,0.0227903969852572,TSLA,Tesla,,,
2023-12-20,0.0765096430869805,0.0765096430869805,0.1924670197483444,0.1722328224199877,0.2288964057830019,0.6156028270302051,-1.0798111908586194,0.1176803658346494,0.0308083389837238,TSLA,Tesla,,,
2023-12-21,0.1993500276863296,0.1993500276863296,0.1105575894311623,0.1988720448061848,0.1537639806187092,0.2299894170059531,0.7616616556549911,0.1417899006323164,0.0502982399058657,TSLA,Tesla,,,
2023-12-22,0.1666369898354739,0.1666369898354739,0.1661390328578579,0.2473380111622503,0.2347271708469417,-0.173565458601967,-0.2391113962191969,0.151433302894837,0.0647671779976155,TSLA,Tesla,,,
2023-12-26,0.2345662492339728,0.2345662492339728,0.1620760596718345,0.2738054623445505,0.1969110828590125,-0.3346904157783542,0.3968200140676591,0.1761890806911965,0.0846676888462663,TSLA,Tesla,,,
2023-12-27,0.3151805301761988,0.3151805301761988,0.2493486443526718,0.3530352579492204,0.2612149806469528,0.1528856390824054,0.4690750267008681,0.215551404587097,0.1107659061855762,TSLA,Tesla,,,
2023-12-28,0.1773187513365789,0.1773187513365789,0.2784396712357531,0.2703682025438418,0.3496744330486789,0.330123838190167,-0.877052070023154,0.2095099286181752,0.1207987271929009,TSLA,Tesla,,,
2023-12-29,0.0988745414372182,0.0988745414372182,0.1168958176819907,0.1796229178792078,0.207073106355442,0.0135227618161129,-0.5291392514400235,0.1847431288276262,0.1221281674631187,TSLA,Tesla,,,
2024-01-02,0.0978731660891905,0.0978731660891905,0.0528633205927895,0.1277196917224317,0.1234446631977732,0.1071128885388501,,0.1094094588571673,0.13432851567048,TSLA,Tesla,,,
2024-01-03,-0.0685288288623629,-0.0685288288623629,-0.037659841024229,-0.0113195258482578,0.03848346647701,0.5157494796864118,-1.1050533823632172,0.0664839241647714,0.117800987635022,TSLA,Tesla,,,
2024-01-04,-0.0772078396674116,-0.0772078396674116,-0.0860904119660509,0.0129133262067179,-0.056972751483393,0.0567459487629317,-0.0917103319452323,0.0320509106876266,0.1019139376608432,TSLA,Tesla,,,
2024-01-05,-0.0845513437773786,-0.0845513437773786,-0.1280203250039167,-0.0357246735993553,-0.096787842717587,-0.1954842433965441,-0.0828582298347397,0.0043317992498584,0.0867417868621999,TSLA,Tesla,,,
2024-01-08,-0.0351482923372494,-0.0351482923372494,-0.1096556068481459,-0.0288498917518237,-0.1087823705886775,-0.3776176046100397,0.2992959825283607,-0.0037133818372618,0.0778557766390842,TSLA,Tesla,,,
2024-01-09,-0.126777702107785,-0.126777702107785,-0.1468723321190707,-0.0848782492632308,-0.07596404491316,-0.090596440716366,-0.6431028069326995,-0.0333842523479726,0.0606766871918032,TSLA,Tesla,,,
2024-01-10,-0.1438018470441121,-0.1438018470441121,-0.2031039901266839,-0.0977681702004766,-0.1261076585153911,-0.2168856533344177,-0.1493934465717266,-0.0600290023647134,0.0433684457721605,TSLA,Tesla,,,
2024-01-11,-0.2559604701423562,-0.2559604701423562,-0.277375258999609,-0.1995125813289363,-0.2015730814228943,0.1374439895130982,-0.8004506142974431,-0.1089453241765617,0.0164937615899502,TSLA,Tesla,,,
2024-01-12,-0.3949904353302479,-0.3949904353302479,-0.3682232799228827,-0.3407861357808385,-0.3763264841084765,0.5645319589636755,-1.0123205286017718,-0.1814971331188648,-0.0217466282552623,TSLA,Tesla,,,
2024-01-16,-0.3779662903939218,-0.3779662903939218,-0.3982891327089338,-0.4262033661713433,-0.4592884233862243,0.3732823532798979,0.0909355718855429,-0.2315193926918835,-0.0548197316469754,TSLA,Tesla,,,
2024-01-17,-0.4507358702055997,-0.4507358702055997,-0.5253790530001635,-0.4291250501142511,-0.4632866840755035,0.0700559144274554,-0.5628464082471316,-0.2878079363730174,-0.0921138746819577,TSLA,Tesla,,,
2024-01-18,-0.511989124168389,-0.511989124168389,-0.4964507037544132,-0.485324916583442,-0.4296353556484597,0.2051454743677057,-0.4880838760253553,-0.3458254087711492,-0.1321014916491858,TSLA,Tesla,,,
2024-01-19,-0.5068151817547217,-0.5068151817547217,-0.5656836775699385,-0.5056051952260221,-0.5444161189785912,0.0475675198146805,0.0055805544076031,-0.3880038280821122,-0.1679399797661435,TSLA,Tesla,,,
2024-01-22,-0.5633951809778578,-0.5633951809778578,-0.4907624421002992,-0.5277757438497948,-0.5066002851874116,0.4378920258898776,-0.4600499493623495,-0.4342331810398327,-0.2061401128862267,TSLA,Tesla,,,
2024-01-23,-0.5577205508901764,-0.5577205508901764,-0.5257041602906218,-0.5023397066292075,-0.5225928195510322,0.1556590667998309,0.0099928455698995,-0.467441351945636,-0.2403038859378334,TSLA,Tesla,,,
2024-01-24,-0.5795847615664005,-0.5795847615664005,-0.5731596573452715,-0.5191824632249642,-0.512930546866168,0.5726433022699755,-0.2007256579306058,-0.4979876344643482,-0.2735334781619737,TSLA,Tesla,,,
2024-01-25,-1.0001794708481744,-1.0001794708481744,-0.89380943175066,-0.9782356295916992,-0.8824281472902322,2.430887133148319,-3.270940597041113,-0.6293951608775995,-0.3455168829255219,TSLA,Tesla,,,
2024-01-26,-0.9898315860208396,-0.9898315860208396,-0.994896224457658,-0.9431748977845682,-0.9523960570737572,0.1739985130425019,0.0571579211501338,-0.7252814357122682,-0.4099285599131536,TSLA,Tesla,,,
2024-01-29,-0.8616504480075795,-0.8616504480075795,-0.9185123781572596,-0.9161921329905786,-0.9502303007591364,0.6135159159495593,1.085512333841166,-0.7641301687512221,-0.4557533080644069,TSLA,Tesla,,,
2024-01-30,-0.8506348098327037,-0.8506348098327037,-0.839203062211137,-0.7969173559585525,-0.7886376806361325,0.2396429353658889,0.0588124784251083,-0.7904250929911991,-0.4963180649354927,TSLA,Tesla,,,
2024-01-31,-0.9224030142963549,-0.9224030142963549,-0.8780450759501529,-0.8787252930983394,-0.9274074997084446,0.0714737205251527,-0.6327332403590291,-0.8286598175228495,-0.5403233425431033,TSLA,Tesla,,,
2024-02-01,-0.8961991708809645,-0.8961991708809645,-0.9445152577572868,-0.9057083201384408,-0.902418942343132,-0.2115427629873056,0.1903362317464187,-0.8505762425051785,-0.5777254987543775,TSLA,Tesla,,,
2024-02-02,-0.9120548747957382,-0.9120548747957382,-0.9638550498002306,-0.9448936588079788,-0.9600593265123564,0.2553233733305978,-0.1677892969699791,-0.8711037439868146,-0.6133022933770633,TSLA,Tesla,,,
2024-02-05,-1.0263833142635652,-1.0263833142635652,-1.029025298413936,-1.0650278163517102,-0.973053356006578,0.8443770340997057,-1.0067973627925817,-0.9159918614358568,-0.6570002656439728,TSLA,Tesla,,,
2024-02-06,-0.958954487865797,-0.958954487865797,-0.9996091642403954,-1.0289359328289769,-1.0904993722661471,0.5553833785648495,0.5622764947346299,-0.9322638165517714,-0.6900284686671614,TSLA,Tesla,,,
2024-02-07,-0.9175626938831748,-0.9175626938831748,-0.9459781165722496,-0.9332069230363436,-0.9077499565955056,0.2782694457012258,0.3242469790842018,-0.933790237291378,-0.715942954930985,TSLA,Tesla,,,
2024-02-08,-0.8845160340318327,-0.8845160340318327,-0.916237123092454,-0.8833657380646589,-0.8940894232213613,-0.4306634516968705,0.2483477077904535,-0.9264102419246184,-0.7362192888482809,TSLA,Tesla,,,
2024-02-09,-0.8175878953080781,-0.8175878953080781,-0.8756073912322202,-0.8163382540894265,-0.8744318801084224,-0.3947879826668902,0.5313367901109024,-0.9036102712535322,-0.7480048231215852,TSLA,Tesla,,,
2024-02-12,-0.9083829954041122,-0.9083829954041122,-0.8656937267389555,-0.8541486363894577,-0.8422798041160763,-0.1206215940590057,-0.7838490936029043,-0.909932057035001,-0.7677369774705681,TSLA,Tesla,,,
2024-02-13,-0.9769800081501522,-0.9769800081501522,-0.9870953853760692,-0.9430031265806712,-0.9775511133106743,-0.3379961426271959,-0.6167885606617082,-0.9323688780345416,-0.792488553567528,TSLA,Tesla,,,
2024-02-14,-0.8987026092510353,-0.8987026092510353,-0.9606047208482524,-0.921691696222492,-0.9557278138831152,-0.4762073633614991,0.6470031634599666,-0.9290038320132076,-0.8072152484344963,TSLA,Tesla,,,
2024-02-15,-0.70275902283952,-0.70275902283952,-0.7657444375722577,-0.8269938381454592,-0.8914239160951755,0.5095111328565436,1.627573300877012,-0.8759338793535562,-0.801141468407889,TSLA,Tesla,,,
2024-02-16,-0.7111041569707983,-0.7111041569707983,-0.728527712301333,-0.6802207204616437,-0.6765224244321882,0.2735807360623495,-0.1000839695515944,-0.8382841495346794,-0.7964487130911457,TSLA,Tesla,,,
2024-02-20,-0.8144169582637489,-0.8144169582637489,-0.8027987331900552,-0.8223533931791397,-0.7753103992019491,0.1044165695741064,-0.8600566418199465,-0.8366977179691002,-0.8024438985103399,TSLA,Tesla,,,
2024-02-21,-0.797559624327667,-0.797559624327667,-0.789147202801225,-0.7738874268230743,-0.8214560063116492,0.0784110208873946,0.1056950913808465,-0.8311593282040719,-0.8062197478482077,TSLA,Tesla,,,
2024-02-22,-0.7534973263014489,-0.7534973263014489,-0.8073492433196647,-0.7840274350213067,-0.810794232003653,-0.1892508713249134,0.3284203478893806,-0.8156390994195992,-0.8052759431118578,TSLA,Tesla,,,
2024-02-23,-0.844292426397482,-0.844292426397482,-0.8195381628777348,-0.7816213269361991,-0.7889709325760944,-0.534936871734713,-0.769253074471476,-0.8274206916160275,-0.8134359710884274,TSLA,Tesla,,,
2024-02-26,-0.7202838554498606,-0.7202838554498606,-0.7511178332962548,-0.7730280463113687,-0.8392812992466795,0.2835402020538936,0.999912216841363,-0.8042672800142316,-0.8085372879469807,TSLA,Tesla,,,
2024-02-27,-0.7147760363624239,-0.7147760363624239,-0.6890354839814004,-0.6654402672970903,-0.643537599885065,0.2063891639270893,0.0107041130075204,-0.7854814085432661,-0.8035368870942747,TSLA,Tesla,,,
2024-02-28,-0.6762215574236425,-0.6762215574236425,-0.6939111014014686,-0.6623465499041736,-0.7038432369837256,-0.0134752511389869,0.2753181595338846,-0.761446381248957,-0.7951617256360661,TSLA,Tesla,,,
2024-02-29,-0.6788918067939567,-0.6788918067939567,-0.6942362086919274,-0.6621747787002776,-0.6412053446988392,-0.3592010496146869,-0.0546265645793129,-0.7441089359453531,-0.7878131593926895,TSLA,Tesla,,,
2024-03-01,-0.6662072945967954,-0.6662072945967954,-0.7065875579031258,-0.661315398188572,-0.7021772314806717,-0.4503361331472008,0.0670307947280718,-0.7278337189109874,-0.7798727821404654,TSLA,Tesla,,,
2024-03-04,-0.9082161844038684,-0.9082161844038684,-0.7841091557280284,-0.8637730687298898,-0.7319970522867916,0.8453844226428063,-1.944016857074134,-0.7780566117352243,-0.7966912811542884,TSLA,Tesla,,,
2024-03-05,-1.0317240676774748,-1.0317240676774748,-1.030487909244695,-1.0210299992658431,-0.993210649931084,0.4803839233757788,-1.0836594463677776,-0.8475842282776667,-0.8242479863554184,TSLA,Tesla,,,
2024-03-06,-1.10182339811884,-1.10182339811884,-1.079406017130104,-1.087542169629388,-1.0441872662848417,0.1883681022116204,-0.6539354806508838,-0.917812964518742,-0.8562620050439667,TSLA,Tesla,,,
2024-03-07,-1.066606921897914,-1.066606921897914,-1.1044340708271618,-1.087542169629388,-1.1381442318105464,0.0443015910317391,0.2856341930803419,-0.9613999737395592,-0.8818678559927156,TSLA,Tesla,,,
2024-03-08,-1.1218516690992515,-1.1218516690992515,-1.0607164396680782,-1.070355608379727,-1.0190322100479237,-0.3682153115410995,-0.528177479708785,-1.0083413236979812,-0.9106329705894866,TSLA,Tesla,,,
2024-03-11,-1.0812941847911317,-1.0812941847911317,-1.0584411846032726,-1.0686368473563157,-1.1198194422607008,-0.3720234889719321,0.3365475371824745,-1.0330850114800572,-0.9327547879732176,TSLA,Tesla,,,
2024-03-12,-1.0851331298562832,-1.0851331298562832,-1.114347735320427,-1.109712718253161,-1.081170351521244,-0.3222709318383493,-0.0680300689645551,-1.05263308256881,-0.953246826190718,TSLA,Tesla,,,
2024-03-13,-1.2196566513047655,-1.2196566513047655,-1.1692789641662051,-1.1657410757645683,-1.159801032366501,0.1536343401971543,-1.2456172430274637,-1.1019962083488772,-0.9852372175706968,TSLA,Tesla,,,
2024-03-14,-1.3361546524688923,-1.3361546524688923,-1.2485882801123267,-1.314232954471795,-1.2477607339566603,0.6461652542624985,-1.1331184923652848,-1.1690707103640177,-1.0258903104040118,TSLA,Tesla,,,
2024-03-15,-1.318295943184781,-1.318295943184781,-1.3459372069237605,-1.3099363141593796,-1.3245589104272577,-0.0796246114234836,0.1423268837074864,-1.2147697031348283,-1.0610738888006426,TSLA,Tesla,,,
2024-03-18,-1.1475545701673444,-1.1475545701673444,-1.190894011273954,-1.2215973998259666,-1.2102778979086917,0.1956685599252024,1.6363895574564469,-1.204999014639741,-1.0761004324385943,TSLA,Tesla,,,
2024-03-19,-1.188946364149966,-1.188946364149966,-1.2217725082940505,-1.19547375329757,-1.1712958094260244,-0.574001160794953,-0.4144731471750639,-1.208348543865752,-1.093872079503078,TSLA,Tesla,,,
2024-03-20,-1.1165106610120576,-1.1165106610120576,-1.166028635214227,-1.1370392877010551,-1.1606340351180278,-0.4104485215986489,0.6428997802128678,-1.1921749695658748,-1.1028335984809623,TSLA,Tesla,,,
2024-03-21,-1.163910961756131,-1.163910961756131,-1.134662601250544,-1.1201965311052988,-1.1041599056402915,-0.6758195376425723,-0.4651584838053618,-1.1922723060327656,-1.1156883690556303,TSLA,Tesla,,,
2024-03-22,-1.1971246872810006,-1.1971246872810006,-1.24810074316874,-1.2147226179784345,-1.2657525257632956,-0.61605776693507,-0.34093197591234,-1.2009132160435156,-1.13067340752893,TSLA,Tesla,,,
2024-03-25,-1.167082153473742,-1.167082153473742,-1.1824429576114484,-1.1729594000198924,-1.231268448781475,-0.6496871326208035,0.2478493589834672,-1.199644040579224,-1.1413122583170667,TSLA,Tesla,,,
2024-03-26,-1.0829633134867005,-1.0829633134867005,-1.0360134932614786,-1.024295487862657,-1.0676765712154552,0.3193360749520734,0.7460329432802607,-1.1769926223546614,-1.142629014057735,TSLA,Tesla,,,
2024-03-27,-1.0469122729179898,-1.0469122729179898,-1.0740428627664496,-1.048013026305945,-1.0205314624826232,-0.4612582148577078,0.2911189577662451,-1.1507042291194138,-1.1402453709786888,TSLA,Tesla,,,
2024-03-28,-1.1143410993157574,-1.1143410993157574,-1.112072232271419,-1.0600435667314851,-1.0865013657736176,-0.5644645492535993,-0.633318847614214,-1.148382067163846,-1.144775649035377,TSLA,Tesla,,,
2024-04-01,-1.1238544197953078,-1.1238544197953078,-1.1579026888421802,-1.1475231005531927,-1.1078249143896108,-0.4672751849460059,-0.1200575296407348,-1.149094529065604,-1.1498389741727828,TSLA,Tesla,,,
2024-04-02,-1.2672237630490826,-1.2672237630490826,-1.3051447974261954,-1.2640482270923183,-1.2980711006272465,0.4055088371426465,-1.3424276702262568,-1.18661284145614,-1.168681855391702,TSLA,Tesla,,,
2024-04-03,-1.238015793589608,-1.238015793589608,-1.2867800792704245,-1.2666261063813222,-1.3102321273699418,-0.4327503627775162,0.2469282476779629,-1.2072170043835222,-1.1829107272964876,TSLA,Tesla,,,
2024-04-04,-1.1924514325413471,-1.1924514325413471,-1.1507518163573065,-1.1853337450993373,-1.2094448951571646,0.5674720410820584,0.3994118749681608,-1.2109162136438003,-1.19132048109895,TSLA,Tesla,,,
2024-04-05,-1.2960981105080691,-1.2960981105080691,-1.253626327185523,-1.314232954471795,-1.225937434529101,1.064838420154286,-1.0024941024735805,-1.2404276141695698,-1.2092602000428354,TSLA,Tesla,,,
2024-04-08,-1.1612407123858168,-1.1612407123858168,-1.1944694475163906,-1.1891148095539517,-1.2216061760966104,0.1013695301536165,1.274801856612126,-1.22777296431841,-1.2121746081205218,TSLA,Tesla,,,
2024-04-09,-1.0961485133578757,-1.0961485133578757,-1.1177604939255328,-1.1181342276740955,-1.1621332875527264,0.0647652590418374,0.5684954565420605,-1.2014906070405638,-1.208358924296158,TSLA,Tesla,,,
2024-04-10,-1.1816028600399986,-1.1816028600399986,-1.187481252668848,-1.1509606226000153,-1.1599677854348565,-0.3933925629812617,-0.8063491036756367,-1.20382288683646,-1.2133776940060208,TSLA,Tesla,,,
2024-04-11,-1.1342023046226426,-1.1342023046226426,-1.1720417561745966,-1.1767404644745068,-1.1681305514882714,-0.1450625812800129,0.4079950392739246,-1.1933445137953342,-1.21323225148896,TSLA,Tesla,,,
2024-04-12,-1.1934528078893756,-1.1934528078893756,-1.2056832931872878,-1.1449452212641886,-1.1716290613659854,-0.886134904271701,-0.576354209688999,-1.200770163352363,-1.2189849625916362,TSLA,Tesla,,,
2024-04-15,-1.3531787974052196,-1.3531787974052196,-1.2563891191939147,-1.2992804678572332,-1.2066128891593726,-0.0025531694284798,-1.52731288222197,-1.2475427737503413,-1.240079147799709,TSLA,Tesla,,,
2024-04-16,-1.426115188217142,-1.426115188217142,-1.459537778495084,-1.430414014110903,-1.431509905447185,-0.0832760839698339,-0.7560438262503736,-1.3014371115930627,-1.266499933364826,TSLA,Tesla,,,
2024-04-17,-1.4538210946545742,-1.4538210946545742,-1.4572625234302792,-1.429898438253102,-1.4165168727066977,-0.4454459457997043,-0.315592755879947,-1.3490049598660667,-1.2932706601962338,TSLA,Tesla,,,
2024-04-18,-1.5459514467724067,-1.5459514467724067,-1.5568867053065176,-1.5172062008709135,-1.5229681169150588,-0.1056923445881646,-0.98159748039522,-1.4084470552872903,-1.326758337968434,TSLA,Tesla,,,
2024-04-19,-1.594019246190738,-1.594019246190738,-1.5773640008897625,-1.5598287993411613,-1.5609507037745938,-0.330160898403079,-0.5463618339367033,-1.4654283339127272,-1.3619759144393273,TSLA,Tesla,,,
2024-04-22,-1.6774705875035216,-1.6774705875035216,-1.6830013037263705,-1.6873530523441127,-1.7010532764099993,0.1678895099268095,-0.9413392027043838,-1.5296916396404292,-1.402280521941841,TSLA,Tesla,,,
2024-04-23,-1.6335753551508296,-1.6335753551508296,-1.6371710951398124,-1.6476521378167737,-1.6549076693002986,0.6018749816737284,0.4608548623835967,-1.5665657792146184,-1.4345612726198638,TSLA,Tesla,,,
2024-04-24,-1.342329970230588,-1.342329970230588,-1.3005942872965854,-1.365792638220778,-1.3298899246796312,2.010549910626076,3.186836032002463,-1.519090891150662,-1.434980074528762,TSLA,Tesla,,,
2024-04-25,-1.2079735144556325,-1.2079735144556325,-1.2533012198950644,-1.351183956260121,-1.3945268202107823,0.6486974062054035,1.2922111019981817,-1.4488257493783083,-1.4220161312556576,TSLA,Tesla,,,
2024-04-26,-1.2395181112849332,-1.2395181112849332,-1.2331490316022784,-1.2135196950589369,-1.2297689421500255,0.2354989617540226,-0.330011196929691,-1.4042642274959534,-1.41336382898972,TSLA,Tesla,,,
2024-04-29,-0.8095766378505701,-0.8095766378505701,-0.7984109006977759,-0.9012399086221295,-0.9037516959062256,3.5699301656262943,4.053467646371933,-1.2599341535381552,-1.3627950674135894,TSLA,Tesla,,,
2024-04-30,-0.9893308983468256,-0.9893308983468256,-0.9271258614728924,-0.9304570102973302,-0.927740751648406,0.6637286382201141,-1.5153669088897084,-1.1980565213828327,-1.3346771796979964,TSLA,Tesla,,,
2024-05-01,-1.0442417688743928,-1.0442417688743928,-1.0098479360241193,-0.996281571353066,-1.010702690926153,-0.1870072553597853,-0.5127663650676292,-1.1658132625271664,-1.3145693702744992,TSLA,Tesla,,,
2024-05-02,-1.043908146873905,-1.043908146873905,-1.030325231607365,-1.0476692216520402,-0.9963759078688366,-0.2785850923754397,-0.0305185401835186,-1.1415447562996823,-1.2962564072226137,TSLA,Tesla,,,
2024-05-03,-1.0242134978939814,-1.0242134978939814,-1.0274000099458451,-1.006421579551299,-1.009036685423099,-0.6182740217298917,0.1415412406793133,-1.1182628886319834,-1.2776521294216288,TSLA,Tesla,,,
2024-05-06,-0.96462937262676,-0.96462937262676,-0.9822197679560024,-0.9414563990072692,-0.9807163712484278,-0.39692712870903,0.4925877400202284,-1.085430996457601,-1.2548210817265697,TSLA,Tesla,,,
2024-05-07,-1.0806266861168736,-1.0806266861168736,-1.052102956352443,-1.023951945454865,-1.004039177307436,-0.6293577830831185,-1.0378414496465576,-1.0907300761820526,-1.2455867729237218,TSLA,Tesla,,,
2024-05-08,-1.132199553926586,-1.132199553926586,-1.1691165345130774,-1.1485545145149072,-1.1841233400486415,-0.5068891847914934,-0.4974789911772417,-1.1080082705051213,-1.2423143133241754,TSLA,Tesla,,,
2024-05-09,-1.1780977916486173,-1.1780977916486173,-1.176267406997951,-1.1275868888106315,-1.1271494597593392,-0.8555998382097141,-0.4537280261595215,-1.1328069569646662,-1.2438980959427963,TSLA,Tesla,,,
2024-05-10,-1.236513730567566,-1.236513730567566,-1.217872212745358,-1.1898021566156485,-1.159801032366501,-0.6895200218287424,-0.5768930770017041,-1.1664751145403622,-1.2511399385481887,TSLA,Tesla,,,
2024-05-13,-1.1794330436704157,-1.1794330436704157,-1.1798428432403878,-1.1683189550535722,-1.2106111498486527,-0.8290197049465671,0.5085359114678999,-1.1770015354227847,-1.2520540126986586,TSLA,Tesla,,,
2024-05-14,-1.0849660641827563,-1.0849660641827563,-1.1133724134490508,-1.0811829636396566,-1.1356454777527154,-0.3467542045043755,0.8456963446361841,-1.1605273787867392,-1.2435022552218766,TSLA,Tesla,,,
2024-05-15,-1.1443833784497337,-1.1443833784497337,-1.1050840374238762,-1.097682177827621,-1.0456867729162906,-0.5145130017905151,-0.568837383089111,-1.1634992216904458,-1.2416294299673414,TSLA,Tesla,,,
2024-05-16,-1.1301968032305298,-1.1301968032305298,-1.1735046149895594,-1.12655573709503,-1.1423089913714315,-1.0082776558987676,0.0969535211675504,-1.1620684943370088,-1.2385178098193168,TSLA,Tesla,,,
2024-05-17,-1.086468127204799,-1.086468127204799,-1.1110971583842455,-1.1038693503673431,-1.1514715132447295,-0.5696631716118229,0.3666212420185012,-1.1497150744469626,-1.231345805489951,TSLA,Tesla,,,
2024-05-20,-1.128360863534717,-1.128360863534717,-1.1416507960980866,-1.0906356247761928,-1.084668861398958,-0.960639371016137,-0.4111312848956659,-1.1512567796478568,-1.228986709446983,TSLA,Tesla,,,
2024-05-21,-0.9339190854719618,-0.9339190854719618,-0.9932709359895676,-1.0701835749297182,-1.1188199406375685,0.3710810227597888,1.7444847844966072,-1.1022543011831836,-1.2075295561839323,TSLA,Tesla,,,
2024-05-22,-1.0422390181783363,-1.0422390181783363,-1.04332679539948,-1.0115776003754198,-0.9965424067404428,-0.2993422711215526,-0.962118969422532,-1.0934449620780224,-1.1987817026262912,TSLA,Tesla,,,
2024-05-23,-1.1485559455153729,-1.1485559455153729,-1.0742055404037794,-1.0951042985386168,-1.014034447735511,-0.7057302715457487,-0.9777903208798152,-1.1142637764968395,-1.2013888135978037,TSLA,Tesla,,,
2024-05-24,-1.0567594700713103,-1.0567594700713103,-1.1037838562462443,-1.0870265937715873,-1.1299814657571312,-0.8646986710261647,0.8117456663013856,-1.1061978058764654,-1.1946414226991249,TSLA,Tesla,,,
2024-05-28,-1.0983183297274586,-1.0983183297274586,-1.13352484972604,-1.0968227973159153,-1.1039934067686863,-1.0101581145125558,-0.4044010528667653,-1.110868970247629,-1.192635177267733,TSLA,Tesla,,,
2024-05-29,-1.1076648392067652,-1.1076648392067652,-1.1351501381941305,-1.0835893339708775,-1.140809738936733,-1.133382876056286,-0.1180775294012095,-1.1167833958515685,-1.1917396401734397,TSLA,Tesla,,,
2024-05-30,-1.0642702945280873,-1.0642702945280873,-1.0616915135552507,-1.058668610361979,-1.0676765712154552,-0.5653699552528306,0.3605217685183494,-1.1100250341577869,-1.1866154436950391,TSLA,Tesla,,,
2024-05-31,-1.076120242377464,-1.076120242377464,-1.0998833127133487,-1.085479603952072,-1.0690093247785486,-0.8216645248923723,-0.1395120104241239,-1.1080131093372767,-1.1831340543977424,TSLA,Tesla,,,
2024-06-03,-1.105995965184479,-1.105995965184479,-1.062179050498837,-1.0739646393843325,-1.0751730875856989,-0.7904653286056744,-0.3018647007344114,-1.1142109926513806,-1.1829364983452564,TSLA,Tesla,,,
2024-06-04,-1.1313649895788018,-1.1313649895788018,-1.1414883664449589,-1.082386148805267,-1.1309809673802638,-1.0022059634698568,-0.26369392803644,-1.1254036712502813,-1.185276626904939,TSLA,Tesla,,,
2024-06-05,-1.1275262991869328,-1.1275262991869328,-1.1676539236823176,-1.1145249344233772,-1.1214851935670047,-1.0545031094419386,0.0016532496220574,-1.13280794064351,-1.1870227466581598,TSLA,Tesla,,,
2024-06-06,-1.0784568697472907,-1.0784568697472907,-1.1094721179003584,-1.1042131550212482,-1.133979472249661,-0.7576791844412031,0.4150771239792736,-1.1257030522829603,-1.1837364104159591,TSLA,Tesla,,,
2024-06-07,-1.0861345052043114,-1.0861345052043114,-1.1156476685138557,-1.0552313505612692,-1.108491164072782,-1.0970099312025523,-0.1025080943004177,-1.1223549308206908,-1.1815113970018296,TSLA,Tesla,,,
2024-06-10,-1.147721635840871,-1.147721635840871,-1.1283241250155125,-1.0966510261120193,-1.1096574187642705,-1.2330770311364785,-0.5886064442472978,-1.1357310321432532,-1.185605669704368,TSLA,Tesla,,,
2024-06-11,-1.1999620023248414,-1.1999620023248414,-1.1904064743303673,-1.195645524501466,-1.1453077504375797,-0.8851598516571443,-0.5143561699952784,-1.1592391825326251,-1.1945164002838349,TSLA,Tesla,,,
2024-06-12,-1.0893056969219224,-1.0893056969219224,-1.096145446817784,-1.1545696536046208,-1.1919531083588464,-0.2477067679950629,1.0037886980418982,-1.148325078196167,-1.191626359735909,TSLA,Tesla,,,
2024-06-13,-1.0028499748917712,-1.0028499748917712,-0.9250130360612152,-0.95812738439913,-0.9042514467177916,0.4635518288790807,0.7466300244921937,-1.1178371345398392,-1.1804120174607984,TSLA,Tesla,,,
2024-06-14,-1.077288683399019,-1.077288683399019,-1.0075726809593148,-1.0322014214257904,-0.9473982947613444,-0.4554327729615549,-0.686096833900271,-1.114173599012636,-1.1776106289490214,TSLA,Tesla,,,
2024-06-17,-0.9198993212530016,-0.9198993212530016,-0.9619049020258854,-1.030826465056284,-1.078671597463413,0.2347626975348675,1.3809395927909325,-1.0708253372184184,-1.1594315448753272,TSLA,Tesla,,,
2024-06-18,-0.9629602439311916,-0.9629602439311916,-0.9880704592632432,-0.9385347150643604,-0.934737517207084,-0.7801825033286905,-0.4009940111412108,-1.0494222596837557,-1.147182040352306,TSLA,Tesla,,,
2024-06-20,-1.017871114458759,-1.017871114458759,-1.0204115671140994,-0.9851101491931188,-0.9660565904479016,-1.1057605309423757,-0.5086699276848432,-1.0475349167935837,-1.141500033831147,TSLA,Tesla,,,
2024-06-21,-0.993837342086234,-0.993837342086234,-1.0408891106815472,-0.9674080120856569,-1.0057049286137405,-0.9554183622458444,0.1782676388613389,-1.0399195889443205,-1.1339474694839995,TSLA,Tesla,,,
2024-06-24,-1.0010140351959589,-1.0010140351959589,-0.9620673316790124,-0.9354409976714428,-0.961225327007094,-0.95405527848876,-0.096217024734383,-1.036059413344416,-1.1277943118389029,TSLA,Tesla,,,
2024-06-25,-0.9214013842750444,-0.9214013842750444,-0.9755564324147142,-0.944721887604082,-0.9707211008203528,-0.9313305828597024,0.6640694030951008,-1.012627174441808,-1.1142931731154218,TSLA,Tesla,,,
2024-06-26,-0.7708553479115454,-0.7708553479115454,-0.8164505115630869,-0.8699602412696118,-0.935070769147044,-0.1146891948607457,1.2519924516088936,-0.956217709013594,-1.08706674232958,TSLA,Tesla,,,
2024-06-27,-0.7533305153012043,-0.7533305153012043,-0.8008485854157086,-0.737795543300341,-0.7913031877623193,-0.686552578540053,0.1092830380695128,-0.9093898539838724,-1.060574824488752,TSLA,Tesla,,,
2024-06-28,-0.7456528798441837,-0.7456528798441837,-0.7280401753577463,-0.7169999510460734,-0.7183365189126467,-0.1221264584258599,0.0287297741235678,-0.8722884179034384,-1.0357286978274007,TSLA,Tesla,,,
2024-07-01,-0.5457035373672724,-0.5457035373672724,-0.5650337109732247,-0.620926874353424,-0.6938477123589009,0.8791257203888844,1.5829819521282038,-0.7928828364043972,-0.9932817622093184,TSLA,Tesla,,,
2024-07-02,-0.1885318984178704,-0.1885318984178704,-0.2713618900550362,-0.3251463021045814,-0.3961507802897712,2.604284818896704,2.6891907425348784,-0.6411916324317044,-0.9192183173777329,TSLA,Tesla,,,
2024-07-03,0.0639919418900629,0.0639919418900629,0.0057329308285991,-0.0468958335131903,-0.1351036815170844,1.6469821417314583,1.7133448773098292,-0.4622814571377885,-0.826806513861977,TSLA,Tesla,,,
2024-07-05,0.1496130995724291,0.1496130995724291,0.0710653611112293,0.0942059497348163,0.1189466516969258,1.3469967578707698,0.5224287608866718,-0.3060117468702042,-0.7342916420549265,TSLA,Tesla,,,
2024-07-08,0.1733132499444663,0.1733132499444663,0.1859663618443883,0.1304696044614456,0.0839628239035396,1.414613671835339,0.1172557286364502,-0.1826957055736142,-0.6478332455693087,TSLA,Tesla,,,
2024-07-09,0.3300346040696602,0.3300346040696602,0.2862402623331379,0.2289485269930916,0.1387709478782214,1.4890186434150243,0.9577112080247006,-0.0497803857125748,-0.5536686845560176,TSLA,Tesla,,,
2024-07-10,0.3455569406572278,0.3455569406572278,0.3184191885150695,0.3588786258350381,0.3353473957946126,0.7007308899908959,0.0611743116090628,0.0539102905386067,-0.4665228147580427,TSLA,Tesla,,,
2024-07-11,-0.0254679061841726,-0.0254679061841726,0.3738382022886373,0.0459114923365345,0.3436769149163834,3.018667255808618,-2.28806829448921,0.035967666736849,-0.4241505590287507,TSLA,Tesla,,,
2024-07-12,0.094701974371579,0.094701974371579,0.0624518777955964,-0.0668323075018637,-0.1144463825842616,1.3831781745323584,0.7640938689849318,0.053510065078702,-0.3736947060011951,TSLA,Tesla,,,
2024-07-15,0.1683061185310427,0.1683061185310427,0.2860780806642133,0.2535251837019723,0.2215663882843635,1.1582469682013532,0.4408635544225141,0.0856539994432989,-0.3205151719493611,TSLA,Tesla,,,
2024-07-16,0.2337319395594703,0.2337319395594703,0.172639690761814,0.151609001369617,0.2105713620364049,0.6463343960425746,0.3807977116523963,0.1266393821919552,-0.2656718589767276,TSLA,Tesla,,,
2024-07-17,0.099208418110989,0.099208418110989,0.1702020060438813,0.1581397163171315,0.1675910128644579,0.378998350494825,-0.8722823697287105,0.1226763467899458,-0.2291755674565852,TSLA,Tesla,,,
2024-07-18,0.1113922426341358,0.1113922426341358,0.1485872069203357,0.1756700822206973,0.1402702003129205,0.2616985260119983,0.0449504902944318,0.1228470444702495,-0.1947869878843407,TSLA,Tesla,,,
2024-07-19,-0.0560111276654454,-0.0560111276654454,0.0234474344034527,-0.0025544740195313,0.0852953232698825,-0.3219674715858597,-1.1079983240260067,0.0797912153883749,-0.1801516303536505,TSLA,Tesla,,,
2024-07-22,0.149446033898904,0.149446033898904,0.0847171394842623,0.1163764983585893,0.0256561900511438,0.0218256333145581,1.3405852469426098,0.1004996607853021,-0.1464401595847783,TSLA,Tesla,,,
2024-07-23,0.0638251308898192,0.0638251308898192,0.1261592675943392,0.1486873174267082,0.1820845489901295,0.2880448456379811,-0.5780779068064964,0.0939439817320989,-0.1242974840200069,TSLA,Tesla,,,
2024-07-24,-0.4433921114223489,-0.4433921114223489,-0.3576594008486999,-0.3827211249432771,-0.2873672808951842,1.6813427968781094,-3.3268268167599,-0.0418159885288718,-0.1545460643586183,TSLA,Tesla,,,
2024-07-25,-0.3722916603062394,-0.3722916603062394,-0.3574969711955726,-0.3565977406609941,-0.4309681092115531,0.0071774576841376,0.4931238587800924,-0.125294690436901,-0.1749828710470118,TSLA,Tesla,,,
2024-07-26,-0.3798022300897334,-0.3798022300897334,-0.4179540320423369,-0.3720655408872434,-0.3578349414902752,-0.1428712002763789,-0.0880350814393113,-0.1898411649369509,-0.1943077577596352,TSLA,Tesla,,,
2024-07-29,-0.1745118795256292,-0.1745118795256292,-0.2230937487663425,-0.2110275458966757,-0.2960300519569155,0.7177047650973638,1.4606492872762071,-0.1852937346465223,-0.1914858044544926,TSLA,Tesla,,,
2024-07-30,-0.3327358060194304,-0.3327358060194304,-0.2533222791897251,-0.29180433132086,-0.1735860191881846,0.005282074795637,-1.1240333656408836,-0.2226990586843514,-0.2046356509516178,TSLA,Tesla,,,
2024-07-31,-0.1750125671996428,-0.1750125671996428,-0.2164306612092581,-0.1751076958239512,-0.2460529372262905,-0.8171275453797407,1.0999077327853326,-0.2100663137819241,-0.2009245280151501,TSLA,Tesla,,,
2024-08-01,-0.4288716595293751,-0.4288716595293751,-0.2620984401426885,-0.3892521021369044,-0.2495511929072544,-0.4100704399725963,-1.783419609612439,-0.2660779728511885,-0.2227648001121614,TSLA,Tesla,,,
2024-08-02,-0.5822552656099975,-0.5822552656099975,-0.517903073224831,-0.5361972532707288,-0.462953432135543,-0.4344915281606533,-1.164966435177244,-0.3476539910068892,-0.2578540968794283,TSLA,Tesla,,,
2024-08-05,-0.728962611581627,-0.728962611581627,-0.7169887593399771,-0.9448936588079788,-0.9570605674462088,-0.0009736836880626,-1.1636088602307206,-0.4466810513189747,-0.3043248560404025,TSLA,Tesla,,,
2024-08-06,-0.6995878311219089,-0.6995878311219089,-0.7329157927778146,-0.7615130817436293,-0.6983457238597468,-0.6607485075619615,0.2027989590373174,-0.5133737441446543,-0.3436534124681581,TSLA,Tesla,,,
2024-08-07,-0.8477974947888625,-0.8477974947888625,-0.7233269875908049,-0.7819651315901045,-0.6980124719197863,-0.7260198230175333,-1.2151842714310408,-0.60162585263003,-0.3941272585919411,TSLA,Tesla,,,
2024-08-08,-0.7296303649291671,-0.7296303649291671,-0.7686699072179802,-0.7723406992496719,-0.7824739178289822,-0.8783941804540973,0.952312372912972,-0.6373322031002996,-0.4282758717026019,TSLA,Tesla,,,
2024-08-09,-0.7102695926230139,-0.7102695926230139,-0.7657444375722577,-0.7195778303350778,-0.7599841145215008,-1.0372282614621,0.1222803498122828,-0.6591176057379016,-0.4573970974657073,TSLA,Tesla,,,
2024-08-12,-0.7521620742796491,-0.7521620742796491,-0.7920726724469466,-0.7271399592443073,-0.7271657888459842,-0.9029943599387056,-0.3685683827916911,-0.6862633621382833,-0.4880318216664613,TSLA,Tesla,,,
2024-08-13,-0.5795847615664005,-0.5795847615664005,-0.6420675238703372,-0.6860640883474629,-0.7363283107192817,-0.5994719229711298,1.364451341220586,-0.6621041421088333,-0.4987406924607278,TSLA,Tesla,,,
2024-08-14,-0.687236940925235,-0.687236940925235,-0.642880168104383,-0.6570187578761567,-0.5877297200905002,-0.7486499982400779,-0.8621182429007522,-0.6717549912661226,-0.5191683557589154,TSLA,Tesla,,,
2024-08-15,-0.4742692095773926,-0.4742692095773926,-0.5219660464108544,-0.5526962052125801,-0.6272115593847343,-0.261161001648475,1.6583040305703505,-0.6240553628567282,-0.5165863869294837,TSLA,Tesla,,,
2024-08-16,-0.4412225497260494,-0.4412225497260494,-0.458258656612112,-0.4499206423685188,-0.5250918278056134,-0.2881092670211996,0.213391871781142,-0.5797558306282176,-0.5109568525801871,TSLA,Tesla,,,
2024-08-19,-0.3310666773238616,-0.3310666773238616,-0.4065777567183126,-0.3933769712454232,-0.4264700977107067,-0.5948006249860849,0.7818982743380541,-0.5181150574569507,-0.4948980938246226,TSLA,Tesla,,,
2024-08-20,-0.3581048304137535,-0.3581048304137535,-0.3214177494649487,-0.2993664602300898,-0.2963630497001264,-0.6553434327368802,-0.2276913478707164,-0.4788593169054953,-0.4829847298954977,TSLA,Tesla,,,
2024-08-21,-0.3218869788447993,-0.3218869788447993,-0.3792744479564501,-0.3113970006556285,-0.3331796360649237,-0.7512368725235958,0.228565163316128,-0.4400746508822115,-0.4685571371468314,TSLA,Tesla,,,
2024-08-22,-0.5323512718225719,-0.5323512718225719,-0.3769991928916443,-0.4581701183394445,-0.3140215895668005,-0.5182067597818845,-1.5414668266968734,-0.4652781225178496,-0.4763450668179146,TSLA,Tesla,,,
2024-08-23,-0.3711232192846847,-0.3711232192846847,-0.4309555958344529,-0.3913144055681076,-0.4699501976942205,-0.468193027840831,1.190870089740975,-0.4425898765398143,-0.467411365791238,TSLA,Tesla,,,
2024-08-26,-0.4897910368183946,-0.4897910368183946,-0.4697976095734674,-0.4463116113639122,-0.3984830354759969,-1.0209881631956683,-0.8951269012982614,-0.4561855817749027,-0.4710762507004394,TSLA,Tesla,,,
2024-08-27,-0.5565521098686217,-0.5565521098686217,-0.5255414826532921,-0.5162607792820549,-0.4901077458154761,-0.933427443456823,-0.534398875204216,-0.4836042381081182,-0.4810388673683464,TSLA,Tesla,,,
2024-08-28,-0.6143005501133125,-0.6143005501133125,-0.5876238319681457,-0.591022425616525,-0.548914130479438,-0.901215883868787,-0.4750605272097865,-0.5190651832213471,-0.4958315339353367,TSLA,Tesla,,,
2024-08-29,-0.60545472830802,-0.60545472830802,-0.5380555095018202,-0.5329317646739151,-0.5475813769163447,-0.946177748819624,0.0352938153709973,-0.5433789985555555,-0.5084008199935733,TSLA,Tesla,,,
2024-08-30,-0.4747698972514062,-0.4747698972514062,-0.5432559862281444,-0.5147140517086525,-0.5670724211576784,-0.9197667573365532,0.9799992953426678,-0.5279025271486558,-0.5068474478016648,TSLA,Tesla,,,
2024-09-03,-0.5333526471705996,-0.5333526471705996,-0.4566336161282242,-0.4698571163571927,-0.4566231704567866,-0.5878608372447243,-0.4711884615208517,-0.5314073473673853,-0.5112538996400194,TSLA,Tesla,,,
2024-09-04,-0.3863114245252002,-0.3863114245252002,-0.41892910592951,-0.4538734780270292,-0.5344208485505165,-0.4899177970641443,1.0834544715336196,-0.496104788054137,-0.5006552048860163,TSLA,Tesla,,,
2024-09-05,-0.2067242297024703,-0.2067242297024703,-0.2112299364987306,-0.2531345685091226,-0.3195191026907789,0.4727775180305885,1.2759012720235547,-0.4233010419952889,-0.4731829075661827,TSLA,Tesla,,,
2024-09-06,-0.5311830854742995,-0.5311830854742995,-0.2339824871467808,-0.4549048919887427,-0.1677552541242452,0.2942334448854741,-2.288550191605849,-0.4523965671600853,-0.480434285002534,TSLA,Tesla,,,
2024-09-09,-0.4387188566826966,-0.4387188566826966,-0.4571211530718111,-0.4005952955007478,-0.4409636338363783,-0.8184582932082812,0.6684495102958738,-0.4503658740352276,-0.4778426313301571,TSLA,Tesla,,,
2024-09-10,-0.2734853027526974,-0.2734853027526974,-0.350996313291616,-0.3151780651102435,-0.3764929829800817,-0.5337130812082795,1.1887390526130908,-0.4062187338880075,-0.4590751074476731,TSLA,Tesla,,,
2024-09-11,-0.2407722649018417,-0.2407722649018417,-0.3173547762789253,-0.3468012748705527,-0.3018605628241053,-0.4178633987516941,0.1979007781150013,-0.3646696299418615,-0.438764568444305,TSLA,Tesla,,,
2024-09-12,-0.212732736463923,-0.212732736463923,-0.2689242053371034,-0.2259797702651247,-0.3000280584494466,-0.7077350991154752,0.1631403426450317,-0.3262746450055547,-0.4175154749112366,TSLA,Tesla,,,
2024-09-13,-0.204721479006414,-0.204721479006414,-0.249096876350573,-0.1831851383448681,-0.2443869317232366,-1.0156676592606253,0.0222836290006805,-0.2954117994094452,-0.3974024158627786,TSLA,Tesla,,,
2024-09-16,-0.2633042289256064,-0.2633042289256064,-0.2931393668159127,-0.2311357910892455,-0.2227301311672823,-1.1448148704861405,-0.4404356745491652,-0.287376838986269,-0.3849364251042707,TSLA,Tesla,,,
2024-09-17,-0.2451118976410074,-0.2451118976410074,-0.2182181313462733,-0.1792323026863576,-0.2202313771094513,-0.8354197314191553,0.0948473890009122,-0.2766576728426056,-0.3717967912050849,TSLA,Tesla,,,
2024-09-18,-0.2562943468161265,-0.2562943468161265,-0.2001787684651646,-0.173560706004436,-0.2095696028014542,-0.5556244038655005,-0.1119889072916383,-0.2715029548169645,-0.3609623427147745,TSLA,Tesla,,,
2024-09-19,0.0227669589076851,0.0227669589076851,-0.0610623582689926,-0.0833312594437156,-0.1444327022619867,0.0583702073274868,1.9314129663578816,-0.1956494634811932,-0.3233956670467371,TSLA,Tesla,,,
2024-09-20,-0.0718668315802177,-0.0718668315802177,-0.0651253314550159,-0.0181943076957899,-0.0191566634954637,-0.0116619517614055,-0.6541344497085121,-0.1631713483200952,-0.2986434458409925,TSLA,Tesla,,,
2024-09-23,0.1242438205048241,0.1242438205048241,0.0325484546626726,0.0849250598021761,-0.0009983728172225,-0.3338248078450233,1.2833067998514125,-0.0882234970665043,-0.2566631486654072,TSLA,Tesla,,,
2024-09-24,0.1955113372944602,0.1955113372944602,0.1493996031701778,0.2074653254310154,0.1900808161719398,-0.2949271731857407,0.4225532160664791,-0.0136282360994966,-0.2114207459852893,TSLA,Tesla,,,
2024-09-25,0.241409320343209,0.241409320343209,0.1471241001211696,0.2629778448385089,0.1644257549267054,-0.8783842309376222,0.2552828126528065,0.0541581846467538,-0.1657325684073161,TSLA,Tesla,,,
2024-09-26,0.1946767729466763,0.1946767729466763,0.2235081944057719,0.2500879239012631,0.2986978166949215,-0.825952766493127,-0.3243551171658392,0.0929427385786109,-0.128839473462202,TSLA,Tesla,,,
2024-09-27,0.2988238839141295,0.2988238839141295,0.2064439054118362,0.2946010545988181,0.2450556932149774,-0.7302906529644567,0.6218853167740432,0.1488972407366681,-0.0849561035701187,TSLA,Tesla,,,
2024-09-30,0.3183517218938098,0.3183517218938098,0.2740513427750677,0.322959038008426,0.2727097577064767,-0.4885770997191287,0.0864555704286324,0.1959005743094287,-0.0431225695205808,TSLA,Tesla,,,
2024-10-01,0.2580995886057657,0.2580995886057657,0.2597500937737269,0.19852824015228,0.3331821478734931,-0.322124176470342,-0.4018953516940335,0.2156102618051718,-0.01107650038815,TSLA,Tesla,,,
2024-10-02,0.1078874289160372,0.1078874289160372,0.051400709762029,0.077706735546852,0.0812973167773528,-0.1582979255709735,-0.96480639017306,0.1916433689577051,0.0031367830204305,TSLA,Tesla,,,
2024-10-03,-0.031643223945869,-0.031643223945869,0.0291354480733635,0.0142882825762238,0.0301539473552392,-0.4879925656262184,-0.929846525628904,0.1376744729138353,0.0021993612352623,TSLA,Tesla,,,
2024-10-04,0.1255790725266226,0.1255790725266226,0.0481503808100518,0.1306413756653415,0.066970533720037,-0.3426301299254594,1.0116181652324103,0.1377553142906313,0.0169629334106747,TSLA,Tesla,,,
2024-10-07,-0.0288059089020273,-0.0288059089020273,0.0297856626542811,0.0639574340979007,0.1054528713911381,-0.8017978278707781,-1.0210688044479046,0.0979903538197731,0.0150503992097201,TSLA,Tesla,,,
2024-10-08,0.0324473450607619,0.0324473450607619,-0.0290461097243925,0.0615513260127916,0.0148276626747905,-1.0955597891763111,0.3733968712941415,0.08396769810391,0.0193955823260955,TSLA,Tesla,,,
2024-10-09,-0.0251340295104022,-0.0251340295104022,-0.0092190287220653,0.043505384251427,0.0191591753040326,-0.8471626482388555,-0.4102322952558634,0.0585968501928117,0.0176265999186027,TSLA,Tesla,,,
2024-10-10,-0.0631878207751695,-0.0631878207751695,-0.0846278011352913,-0.0797222284391094,-0.0143256542514073,-0.4293426533848051,-0.2860290014573292,0.0297522493932541,0.0122388213421719,TSLA,Tesla,,,
2024-10-11,-0.413182766614847,-0.413182766614847,-0.4007270654110698,-0.3883927216251988,-0.3754934813569493,1.0516876467533636,-2.378416703514154,-0.0821668987677831,-0.0274216707810584,TSLA,Tesla,,,
2024-10-14,-0.3904839915908394,-0.3904839915908394,-0.4239671530027074,-0.3993921103351369,-0.3754934813569493,-0.3496271273865517,0.1332382750222976,-0.1602508189423657,-0.0612221555497721,TSLA,Tesla,,,
2024-10-15,-0.3836409204816023,-0.3836409204816023,-0.3857753538446077,-0.3413017116386398,-0.3774927387999637,-0.9292635708120068,0.0164665638404204,-0.2170485008719953,-0.0912701953359098,TSLA,Tesla,,,
2024-10-16,-0.3542661400218842,-0.3542661400218842,-0.4091778710893726,-0.3101940777361314,-0.3543366858093113,-1.2614779259145628,0.1805341252113654,-0.2520691599108323,-0.115669006877449,TSLA,Tesla,,,
2024-10-17,-0.3616098988051344,-0.3616098988051344,-0.421204360994315,-0.3278962148435927,-0.3511714278715583,-1.2326492019280502,-0.0865632106203232,-0.2802290712161184,-0.1385791480322155,TSLA,Tesla,,,
2024-10-18,-0.3647810905227455,-0.3647810905227455,-0.4179540320423369,-0.305038056912011,-0.3658312086720851,-1.2619977881503852,-0.0564502479951855,-0.3021670543833099,-0.1597215210271066,TSLA,Tesla,,,
2024-10-21,-0.3956579340045063,-0.3956579340045063,-0.4472074885785465,-0.3651910212858246,-0.3959842814181655,-1.3187821660527232,-0.2572934910598288,-0.3265856206416454,-0.1820086376267042,TSLA,Tesla,,,
2024-10-22,-0.4103454515710062,-0.4103454515710062,-0.4839366769058842,-0.3732687260528528,-0.4224720912181779,-1.4197772204120305,-0.1408456630253124,-0.3486883793877157,-0.2037284594967109,TSLA,Tesla,,,
2024-10-23,-0.4824475327084268,-0.4824475327084268,-0.4758107305338375,-0.4274062890908404,-0.4254705960875742,-0.4827765316141635,-0.5626589647322303,-0.3838651075809184,-0.2306351396105697,TSLA,Tesla,,,
2024-10-24,0.2991580152611827,0.2991580152611827,0.2295213153661414,0.0974711760855176,0.0334857041645979,2.5904549909963577,5.818905098150314,-0.2086224504047459,-0.1774644313574281,TSLA,Tesla,,,
2024-10-25,0.4445301092110136,0.4445301092110136,0.3492976855351659,0.3152251378953016,0.2222328921642855,1.5238668248689538,0.8593180804130789,-0.0396898562589925,-0.1146886464887794,TSLA,Tesla,,,
2024-10-28,0.3330392394603103,0.3330392394603103,0.4151181487297887,0.4341558480273095,0.455292674505513,0.1817193378271555,-0.6960492204302172,0.0582490856149998,-0.0686933472126281,TSLA,Tesla,,,
2024-10-29,0.2831349909996009,0.2831349909996009,0.2760019865178204,0.3184903642460034,0.3638347172343896,-0.4931513899185418,-0.3376003102043659,0.1188298493119388,-0.0318360732585908,TSLA,Tesla,,,
2024-10-30,0.2502551421485015,0.2502551421485015,0.2495113219900029,0.3238184185201321,0.256050719462935,-1.15300829730336,-0.2361621246649028,0.1557836422060447,-0.0015951823803817,TSLA,Tesla,,,
2024-10-31,0.1217403821347533,0.1217403821347533,0.1910044089175848,0.210902585231725,0.2552174625146573,-0.8400537187174186,-0.8317355349764316,0.1503469517038415,0.0131320784590518,TSLA,Tesla,,,
2024-11-01,0.1072196755684966,0.1072196755684966,0.0975560256390468,0.1658738786763692,0.1560962358049345,-1.0646764900376966,-0.1264567376914276,0.1425236308177388,0.0250782587761538,TSLA,Tesla,,,
2024-11-04,0.0047414386233303,0.0047414386233303,0.0146712734504888,0.0326780289914963,0.0314867009183321,-0.7846572983633529,-0.6919228487692104,0.1102205609614203,0.0257599874324603,TSLA,Tesla,,,
2024-11-05,0.1482778475506311,0.1482778475506311,0.1183584285127503,0.1586555544210451,0.0777988068996393,-0.7727153912141512,0.91207885020416,0.1230203212725153,0.0406361925696223,TSLA,Tesla,,,
2024-11-06,0.7673198362872735,0.7673198362872735,0.6759608288851277,0.6641121214665302,0.6996809892314095,1.6138303528365283,3.905046278046257,0.2923099839942138,0.1156450584762036,TSLA,Tesla,,,
2024-11-07,0.9071843658229496,0.9071843658229496,0.8410801186813269,0.8342589729397292,0.7699821509548954,0.4218907160188478,0.741986323972725,0.4553570852257415,0.1977266866914748,TSLA,Tesla,,,
2024-11-08,1.3129247465379794,1.3129247465379794,1.3117347936791224,1.0429040782668824,0.9407372929511972,2.597690776852852,2.1526253298021967,0.6823083605784187,0.3126456583340503,TSLA,Tesla,,,
2024-11-11,1.7932706467605004,1.7932706467605004,1.7981543204458317,1.701836773639819,1.726377089130341,2.740436489720668,2.3587297386340937,0.9764332197798684,0.4648267966186695,TSLA,Tesla,,,
2024-11-12,1.4342628134420037,1.4342628134420037,1.5901297957403902,1.4837392694222415,1.6670709536548127,1.3774621773174311,-1.674392021145807,1.1044161763797542,0.5675155882835827,TSLA,Tesla,,,
2024-11-13,1.4634707829014777,1.4634707829014777,1.5699776074476042,1.469818196769395,1.5522904445214314,0.6232788789907208,0.1087581895367259,1.2079379651951871,0.6637700553641,TSLA,Tesla,,,
2024-11-14,1.1453543105648711,1.1453543105648711,1.3323750148839015,1.2613451248922507,1.4163526314469113,0.5068819731280065,-1.5744918401559398,1.2035170714742864,0.7196778670549362,TSLA,Tesla,,,
2024-11-15,1.304579612406701,1.304579612406701,1.2462396857591618,1.2415806843535857,1.1311499780604382,0.3505302964805337,0.7850730906437717,1.2412756155889646,0.7863178685024818,TSLA,Tesla,,,
2024-11-18,1.60533806313321,1.60533806313321,1.6341722862057295,1.5988894395918616,1.6335866324928747,0.6401930569983382,1.4666853666282669,1.3471790340917569,0.8767718883169011,TSLA,Tesla,,,
2024-11-19,1.7265095737102734,1.7265095737102734,1.615157849437448,1.6459804495784207,1.5507911920867328,-0.2859352976713971,0.5387618737585236,1.457864347507973,0.9710379207617176,TSLA,Tesla,,,
2024-11-20,1.6602491883340602,1.6602491883340602,1.6024813929357913,1.672619409718505,1.7047205427711372,-0.8458891101300466,-0.339839669850114,1.5237856139880877,1.0501531405290454,TSLA,Tesla,,,
2024-11-21,1.6203597120467637,1.6203597120467637,1.62507126594651,1.689462428560374,1.6848962465898416,-1.0530629169321724,-0.2200540669582503,1.56293656042165,1.1181141292862666,TSLA,Tesla,,,
2024-11-22,1.8359976927649195,1.8359976927649195,1.8451220325726905,1.731054137561133,1.6395836422316692,-0.2787666710511098,0.9821914131264928,1.647926360691308,1.2013146350665185,TSLA,Tesla,,,
2024-11-25,1.6028346247631398,1.6028346247631398,1.8516226904766475,1.7396474181859634,1.9569386258072383,-0.1108636057760817,-1.0914581272145052,1.6515212987942551,1.253793027353567,TSLA,Tesla,,,
2024-11-26,1.5968263726749707,1.5968263726749707,1.60833183625883,1.6959934057540014,1.6380843897969706,-0.946498620725945,-0.0618709380026908,1.652667596473243,1.3009038997082512,TSLA,Tesla,,,
2024-11-27,1.5077004012745057,1.5077004012745057,1.5366609297411684,1.5401111693414415,1.6514114170344034,-1.055930865056111,-0.4550254636335374,1.6305361291613727,1.3348797158987027,TSLA,Tesla,,,
2024-11-29,1.7124898094913137,1.7124898094913137,1.583791815473765,1.6786348110543314,1.5561216979456052,-1.5715347078271402,0.950652320722324,1.6667655903218352,1.386107098616534,TSLA,Tesla,,,
2024-12-02,1.91160458762044,1.91160458762044,1.820256656512964,1.9622130716737385,1.827664326351435,-0.5562139127166483,0.889366972582367,1.7453019040240607,1.4524541029380584,TSLA,Tesla,,,
2024-12-03,1.81697105180582,1.81697105180582,1.7502110384633929,1.9115130306825736,1.81800179946982,-1.046707663283722,-0.4574348859281713,1.7797922016562484,1.503370284578225,TSLA,Tesla,,,
2024-12-04,1.9256243518394,1.9256243518394,1.7893781594928673,1.9183875502839929,1.8379928487194703,-1.2321741125163657,0.4611284901475669,1.83368844101322,1.5604494828500537,TSLA,Tesla,,,
2024-12-05,2.1185638122068307,2.1185638122068307,2.0710232425219104,2.105720963006853,1.9524403601096407,-0.471217680849252,0.8288420807425445,1.9238818357254883,1.6315029690497054,TSLA,Tesla,,,
2024-12-06,2.4478629883918392,2.4478629883918392,2.2995248148263925,2.299928895331133,2.244806786319898,-0.4699192689492555,1.3922433124284674,2.0764738393705207,1.7288039952355871,TSLA,Tesla,,,
2024-12-09,2.4573765635446723,2.4573765635446723,2.548341253060993,2.423844379575591,2.5811523007349835,-0.0992152093628946,0.0056180799460606,2.193371991168977,1.8182043894216928,TSLA,Tesla,,,
2024-12-10,2.6443072624773687,2.6443072624773687,2.6284634612253623,2.6445197630821715,2.4990233642087643,-0.0692572152564616,0.7336981621390707,2.3292667829216405,1.9180439734110075,TSLA,Tesla,,,
2024-12-11,3.041201821387106,3.041201821387106,2.8746795371046985,2.842680793311074,2.782560520485684,0.0979941566894493,1.5499140598810566,2.5335719326644552,2.048227948572779,TSLA,Tesla,,,
2024-12-12,2.929878017309929,2.929878017309929,2.946512625291285,3.05957511236304,3.0347780951282832,-0.3133039301151933,-0.4527429806759194,2.658083387975359,2.1555200142891944,TSLA,Tesla,,,
2024-12-13,3.232472662405533,3.232472662405533,3.0602758744999403,3.071777423992476,2.954148411036761,-0.2822614387129778,1.1243054422541672,2.829525159828109,2.283112832308543,TSLA,Tesla,,,
2024-12-16,3.679604582429902,3.679604582429902,3.4972895084534508,3.4230707778949254,3.305487466585835,0.3416627899221284,1.6062319719346616,3.0734499180477832,2.443516740417196,TSLA,Tesla,,,
2024-12-17,3.9606686388497696,3.9606686388497696,3.835328679143233,3.790175998923642,3.88538854717204,0.7679796718458878,0.9375939851982618,3.3288975748284857,2.6172545711009643,TSLA,Tesla,,,
2024-12-18,3.297564606760192,3.297564606760192,3.909275088709903,3.265985880808981,3.728793689361448,1.2186380458259036,-2.244111189312817,3.3494271041611805,2.709336640737525,TSLA,Tesla,,,
2024-12-19,3.2314712870575053,3.2314712870575053,3.386288803268984,3.145851461019137,3.485238631583829,0.4531545841626336,-0.2737125133184329,3.3477746293177724,2.7864830332165864,TSLA,Tesla,,,
2024-12-20,2.9792810687500584,2.9792810687500584,3.235471258442532,3.1049478858184134,3.0459398744445965,0.7926843212534843,-0.9584392853064492,3.281479562956555,2.8315678544683074,TSLA,Tesla,,,
2024-12-23,3.1385063705918883,3.1385063705918883,3.0311853435852645,3.066621665414468,3.13739783171572,-0.6877564700335365,0.5714621334547557,3.272832477590995,2.888368773698475,TSLA,Tesla,,,
2024-12-24,3.667253946906511,3.667253946906511,3.490626172912163,3.4057127076874814,3.2190270174303737,-1.0147547911240375,1.930883948664318,3.40274440109527,2.992522713520664,TSLA,Tesla,,,
2024-12-26,3.531228362435986,3.531228362435986,3.532068301022239,3.678634859758629,3.706470639122323,-0.5965119418197968,-0.5042051229473502,3.465088794785419,3.073697658382016,TSLA,Tesla,,,
2024-12-27,3.1561980142024733,3.1561980142024733,3.282927003481384,3.2572205667341416,3.4459230369644507,-0.4397971078209839,-1.354580546452701,3.4151031884640703,3.110243962534444,TSLA,Tesla,,,
2024-12-26,454.1300048828125,454.1300048828125,465.3299865722656,451.0199890136719,465.1600036621094,76366400.0,-0.0176299946309711,443.2697962858384,409.6139544144427,TSLA,Tesla,0.4999118447303772,0.5000021457672119,8.602601155871525e-05
2024-12-27,431.6600036621094,431.6600036621094,450.0,426.5,449.5199890136719,82666800.0,-0.0494792261667481,440.3673481299061,411.6181407096851,TSLA,Tesla,0.6261476874351501,0.2209744155406952,0.1528778374195099
2024-12-30,417.4100036621094,417.4100036621094,427.0,415.75,419.3999938964844,64941000.0,-0.0330120925707874,434.62801201295696,412.1446737053601,TSLA,Tesla,0.5017241835594177,0.2186097502708435,0.2796660363674164
