Date,Adj Close,Close,High,Low,Open,Volume,Daily_Return,EMA_7,EMA_21,Ticker,Company,negative,neutral,positive
2021-01-04,-0.6704189204818266,-0.6027729764452544,-0.5925182093034481,-0.6463595141645105,-0.5185123962850412,0.8526029824539176,,-0.6732253975767499,-0.6779246020190288,V,VISA Inc.,,,
2021-01-05,-0.7703547061511764,-0.7100690062996383,-0.6520845317621846,-0.6660614611385236,-0.6486041634509024,-0.1178780308961605,-1.0763408650492394,-0.6986784093154034,-0.6875323070165954,V,VISA Inc.,,,
2021-01-06,-0.8284712480466747,-0.7724657542800973,-0.7282900619598868,-0.717614104089113,-0.7314796504148993,-0.0231825425842944,-0.6495310656749242,-0.7325700833009102,-0.7018538380047937,V,VISA Inc.,,,
2021-01-07,-0.7918790455754007,-0.7331788196708947,-0.7599034903409869,-0.7133457330430927,-0.7843089632333495,1.035408893917181,0.3562647862963972,-0.7486690365509724,-0.7113554817497485,V,VISA Inc.,,,
2021-01-08,-0.7414508429260643,-0.6790356124484652,-0.729954033511066,-0.6952856984904692,-0.7192630796504199,-0.218258062637149,0.501003333645231,-0.7478995076244362,-0.7151452335746885,V,VISA Inc.,,,
2021-01-11,-0.8201681912632086,-0.7635517892097036,-0.7718833746275195,-0.7041516247329079,-0.7261966183695211,0.0181570331453136,-0.8639256407104129,-0.7673711710513711,-0.7261582527224232,V,VISA Inc.,,,
2021-01-12,-0.9440867009471154,-0.8965988259286465,-0.8407678362182952,-0.8686610281130062,-0.7796864361480592,0.5749327348541605,-1.3559283658207075,-0.8135361782894186,-0.7480834632530603,V,VISA Inc.,,,
2021-01-13,-0.9290207801355724,-0.8804217046906966,-0.9003341586770317,-0.8305708645186227,-0.8764295043679291,-0.1688700739336349,0.1293114543793751,-0.8443227390964171,-0.7665670535068555,V,VISA Inc.,,,
2021-01-14,-1.1593315518660054,-1.1276979671534733,-0.8933456812712095,-1.0571412505544635,-0.8381282777654341,1.5756093675084384,-2.532033748704668,-0.9260713547539904,-0.8055121151066273,V,VISA Inc.,,,
2021-01-15,-1.167634123090595,-1.136611932223867,-1.157901416951089,-1.0998284683039388,-1.1362830381284346,0.4126699753872305,-0.1278297801259655,-0.9894974288097188,-0.8417149156696543,V,VISA Inc.,,,
2021-01-19,-1.1654811550334097,-1.1343006990086697,-1.1276188611472384,-1.1116490352387562,-1.086425241903885,0.6988670381306712,-0.0102062436117719,-1.0365186370216226,-0.8744195688122856,V,VISA Inc.,,,
2021-01-20,-1.0317232802816558,-0.990689392072642,-1.0271209711753635,-1.0407231284232283,-1.0870857468639736,1.5160060854149668,1.471384087716428,-1.037717259540453,-0.8912917521260905,V,VISA Inc.,,,
2021-01-21,-1.058473689890706,-1.0194115527086187,-1.0277866613504003,-0.9579756525902312,-0.98737065823254,-0.2181173561166261,-0.3292478726147552,-1.0454293863525457,-0.9092018524673172,V,VISA Inc.,,,
2021-01-22,-1.1544118693320826,-1.1224155801668605,-1.0890169553603162,-1.0548424729562536,-1.0553880584093691,0.0077728919307286,-1.0961955453938876,-1.0756483282099665,-0.9347071418609196,V,VISA Inc.,,,
2021-01-25,-1.1863902913614566,-1.1567505918237069,-1.2118106423540789,-1.2535018509524638,-1.1759047708334385,3.375217623691358,-0.3938219258392078,-1.1064572361816027,-0.960968135217792,V,VISA Inc.,,,
2021-01-26,-1.154718742541856,-1.1227460442011143,-1.150247249370231,-1.082096615819063,-1.129018995020454,0.6519554841883589,0.3233097997358247,-1.1214973742449263,-0.9817969013242982,V,VISA Inc.,,,
2021-01-27,-1.3711920574175995,-1.3551655302945218,-1.276368879466353,-1.3122785077241026,-1.2650537953741163,1.8246317675297468,-2.467271451786277,-1.1879118602134249,-1.0215436246845264,V,VISA Inc.,,,
2021-01-28,-1.2712582139837565,-1.247869500440138,-1.1998307580675454,-1.174038199962245,-1.1871308360666186,1.056064611129933,1.1291991130386636,-1.2122702076262284,-1.048069491284055,V,VISA Inc.,,,
2021-01-29,-1.4240820435694022,-1.411949931010257,-1.1648893865840868,-1.3500404892507405,-1.259110258368649,4.00012342263736,-1.784790506375091,-1.2694622297816271,-1.0868762127383669,V,VISA Inc.,,,
2021-02-01,-1.2669537345460122,-1.2432475377658865,-1.292674480458561,-1.277472168972497,-1.3475992817669038,1.5990229325234375,1.8114690287343973,-1.2723366611489069,-1.1070489257286151,V,VISA Inc.,,,
2021-02-02,-1.1362699330396484,-1.1029373448793849,-1.1216286651175595,-1.113947812836965,-1.1590651691660054,1.1303013713577792,1.4612524729996623,-1.241208148022442,-1.1128239738429766,V,VISA Inc.,,,
2021-02-03,-1.1747067736817065,-1.1442050486695323,-1.1495820669680192,-1.081768433751316,-1.085764736943796,1.7363243552496177,-0.4651429562921025,-1.227651383077072,-1.1217692887362138,V,VISA Inc.,,,
2021-02-04,-0.932095338939836,-0.8837233224963674,-0.9442605703185968,-1.0121552552067783,-1.0801517043272055,2.0391810700229613,2.7009194521736104,-1.155692213344098,-1.1065770246571254,V,VISA Inc.,,,
2021-02-05,-0.9468548721004804,-0.8995699797000631,-0.9292853341308104,-0.8295858172740564,-0.8576093954555589,0.8429505151460513,-0.1945873237815135,-1.1054819956715096,-1.094184839077375,V,VISA Inc.,,,
2021-02-08,-1.0046630841095787,-0.961636767402412,-0.9119814517624588,-0.9198854889958497,-0.8569488904954692,0.3794913778479467,-0.6630893312748952,-1.0825477179291056,-1.0884768270801255,V,VISA Inc.,,,
2021-02-09,-1.0160402141384304,-0.9738518465223288,-1.0124788339615085,-0.99245380927409,-0.9969462167919944,0.093097325975774,-0.1592977243465292,-1.0682446925917894,-1.0843815087205326,V,VISA Inc.,,,
2021-02-10,-1.0185000554053916,-0.9764930400156352,-1.0011646398500118,-0.9189004417512796,-0.9239757851409992,0.3317918673907065,-0.0614936552329814,-1.058143929581863,-1.080894978180331,V,VISA Inc.,,,
2021-02-11,-0.8786828914372151,-0.8371732317196068,-0.8807006145824642,-0.8778551364231919,-0.9451074095048462,0.3158920305716265,1.5031528186474292,-1.0149578110930464,-1.064283552716491,V,VISA Inc.,,,
2021-02-12,-0.9002402488650237,-0.8602830450908576,-0.896007934198531,-0.8617656974010293,-0.8780805148593152,-0.1062556723009745,-0.2664152628230024,-0.9880587446452936,-1.0512547549880231,V,VISA Inc.,,,
2021-02-16,-0.9636824005149716,-0.9282926440921858,-0.8986701871258524,-0.8726012170912796,-0.8351567611715354,0.6652944623339234,-0.719382178807954,-0.9840427590695442,-1.0455096447847656,V,VISA Inc.,,,
2021-02-17,-0.9756931848773,-0.941168147524465,-0.9908487271146574,-0.9477964970354794,-1.0134553140705518,0.3052264763159958,-0.1654074441123492,-0.9840898406031646,-1.0414415195409803,V,VISA Inc.,,,
2021-02-18,-0.9190270073450862,-0.8804217046906966,-0.94359488014356,-0.9510798208369295,-0.9929836908491296,0.0112624136396948,0.5845457292647319,-0.9696926351903502,-1.032295406414611,V,VISA Inc.,,,
2021-02-19,-1.0613093537278635,-1.032947480453264,-0.9492519771993084,-0.990483714784952,-0.878741019819404,2.173330666689429,-1.5750269809425126,-0.9951331437116584,-1.0376596100051632,V,VISA Inc.,,,
2021-02-22,-0.9507466264934342,-0.9144262523132852,-0.9119814517624588,-1.0118270731390286,-1.0699161446253274,0.2952363133588747,1.189689723099971,-0.98605389864544,-1.0319067924775132,V,VISA Inc.,,,
2021-02-23,-0.8340265271495774,-0.7893027960742627,-0.8034968030086226,-0.8988703127095199,-0.9427963978710336,0.923913047054889,1.2355926832925213,-0.9495165947055888,-1.0154556298426431,V,VISA Inc.,,,
2021-02-24,-0.6085946510074641,-0.5476393846323571,-0.5832005779442361,-0.7432268355718586,-0.7790259311879704,1.3368304021811923,2.374668961902892,-0.8646975455077488,-0.9788272808079074,V,VISA Inc.,,,
2021-02-25,-0.7835206350800449,-0.735159588851836,-0.5858628308715575,-0.70086779989013,-0.5502100847396445,1.1582175450295091,-1.8414725539856216,-0.8456357989849042,-0.9623459532333478,V,VISA Inc.,,,
2021-02-26,-0.8254034870666792,-0.7800588707257625,-0.7602360815420923,-0.7612863690831565,-0.7232251017756206,1.249873772498082,-0.4786077993539961,-0.8420067862588871,-0.951389494661732,V,VISA Inc.,,,
2021-03-01,-0.6948250518364564,-0.640078638117368,-0.6740477375829672,-0.6282999806532127,-0.6928484232411948,-0.0862753463867324,1.35915957152625,-0.8060275261857209,-0.9288754256874237,V,VISA Inc.,,,
2021-03-02,-0.7213108318579589,-0.6684708384752365,-0.6697220208772926,-0.6273144323673198,-0.6271420346981763,-0.3189476487232877,-0.3115923182319247,-0.7857888415737083,-0.910954400963382,V,VISA Inc.,,,
2021-03-03,-0.7496441634035034,-0.6988438080140471,-0.6943469718525707,-0.6916736915799435,-0.6869053900533928,-0.2262501930028458,-0.3321062503023871,-0.777826148230598,-0.8973864923707855,V,VISA Inc.,,,
2021-03-04,-0.8528128000707645,-0.8094414556741016,-0.7000040689083199,-0.8292576352063068,-0.6598302286840798,0.9484522642340708,-1.1229238240210366,-0.7981305266381522,-0.8949705373779938,V,VISA Inc.,,,
2021-03-05,-0.7323975976788291,-0.6803559573170459,-0.7306192159132777,-0.7977346202561524,-0.7337911658663779,0.0825724782406662,1.2560993440542303,-0.7826898209575612,-0.8811976434215041,V,VISA Inc.,,,
2021-03-08,-0.582723588523262,-0.519907104830705,-0.3968469352143415,-0.594806871213924,-0.6264820335557544,2.0998537216724067,1.5405639164124212,-0.7329882694177441,-0.8542873533695158,V,VISA Inc.,,,
2021-03-09,-0.5799539606932684,-0.5169359510592885,-0.4344505596251214,-0.4509839610110783,-0.4587495447474916,0.5459471916264571,-0.0059509369539487,-0.6950066990940224,-0.8295571846681826,V,VISA Inc.,,,
2021-03-10,-0.4934137733012448,-0.4241662335400215,-0.4614051723266155,-0.4769248745615708,-0.5029938045377839,0.1503648798285667,0.855751727317557,-0.6444792836624414,-0.7987553446647101,V,VISA Inc.,,,
2021-03-11,-0.4016392612235058,-0.3257841687560305,-0.3269647000202516,-0.3321169171141617,-0.3771945638860026,0.7780566678809211,0.8977082157445543,-0.5832093350503319,-0.7619305818626619,V,VISA Inc.,,,
2021-03-12,-0.4567662171180837,-0.384879298930816,-0.3832035871494548,-0.3449230323348702,-0.3524309179681664,0.2487187376740264,-0.5870031725544209,-0.5512973601507248,-0.7337533633222345,V,VISA Inc.,,,
2021-03-15,-0.4903343589082181,-0.4208646157343507,-0.364900915632135,-0.4000876821959835,-0.3871001230166712,0.5677567023074961,-0.3735984679899276,-0.5359129721103162,-0.7113649104651346,V,VISA Inc.,,,
2021-03-16,-0.4462951399522664,-0.3736546044013727,-0.4151496067316603,-0.381699465575613,-0.4042692214376505,0.467348529262403,0.4126568125882989,-0.513158170902606,-0.6867778945078404,V,VISA Inc.,,,
2021-03-17,-0.4980328948907844,-0.4291181564923802,-0.3931864009108767,-0.399431318060487,-0.3600249616473563,0.3903257799282047,-0.5563788593011958,-0.5092693485358519,-0.6694000667101957,V,VISA Inc.,,,
2021-03-18,-0.5707147463964376,-0.5070316013984258,-0.5169783692807838,-0.4710140900528382,-0.4795511685401252,0.5721748870519131,-0.7731843119574311,-0.5248643390611126,-0.6605895863242185,V,VISA Inc.,,,
2021-03-19,-0.9944794577984865,-0.961306807124304,-0.5951804622307696,-0.8880342919779457,-0.5558231173562341,7.013128429200974,-4.387624455707529,-0.6444907703405364,-0.6933202831183136,V,VISA Inc.,,,
2021-03-22,-0.9606020150041932,-0.924991026286515,-0.8574065361844349,-0.9093781513733472,-0.9708615609539826,1.149015338587316,0.3367018910946597,-0.7255822236587824,-0.7198185258378713,V,VISA Inc.,,,
2021-03-23,-0.9559828934146564,-0.9200391033341564,-0.9349424311865586,-0.8676759808684381,-0.8883160745611952,0.4311588121839306,0.0158859158844484,-0.7852243526304932,-0.7434637606643998,V,VISA Inc.,,,
2021-03-24,-0.958447104711501,-0.9226797930713148,-0.8956753429974256,-0.8535566363354118,-0.8982216336918629,0.7916207764593222,-0.0612879035159721,-0.830583568371277,-0.7651963349682155,V,VISA Inc.,,,
2021-03-25,-0.9615270046634058,-0.9259814108769866,-0.972878646798444,-0.9241543610831928,-0.9338813442716668,0.3101793458383995,-0.0680056555996612,-0.8653874111902827,-0.7852493185377998,V,VISA Inc.,,,
2021-03-26,-0.7902951525211512,-0.742422745019394,-0.8104852804144428,-0.861108832224209,-0.9147307309704203,0.0313271634662507,1.8318776236190355,-0.847878624937529,-0.7870172814080028,V,VISA Inc.,,,
2021-03-29,-0.7601147550104427,-0.7100690062996383,-0.757574336387597,-0.7488089369715196,-0.7760544145940709,0.1417536407725694,0.2859312181567873,-0.8270602791277989,-0.7857230136378606,V,VISA Inc.,,,
2021-03-30,-0.8404951424986603,-0.7962359919637134,-0.7955105519994814,-0.7392861455522632,-0.7575643062529112,-0.5038922992984983,-0.8838426146117316,-0.831918895432455,-0.7922740793532075,V,VISA Inc.,,,
2021-03-31,-0.8457299527432547,-0.8018483392284375,-0.796841424576729,-0.7346890913971685,-0.772752393611293,1.6579226820142954,-0.0904508943234684,-0.8368961306793413,-0.7987328619357402,V,VISA Inc.,,,
2021-04-01,-0.6877422045089437,-0.6324855216717018,-0.6760443003352509,-0.7100619082003158,-0.7321401553749881,-0.3236753878128549,1.6569445081500094,-0.8003905781408567,-0.7894157323284321,V,VISA Inc.,,,
2021-04-05,-0.6206044642520401,-0.5605148880646371,-0.583866268119271,-0.5455525048202186,-0.5729922157772154,0.8869916560696978,0.6673126256875304,-0.7559118564620874,-0.7744910737375379,V,VISA Inc.,,,
2021-04-06,-0.632616219732121,-0.5733903914969163,-0.6208042023550151,-0.6102399461005882,-0.6053504091919065,0.1518282276420042,-0.1587573415561436,-0.7256121332559852,-0.7620779978670784,V,VISA Inc.,,,
2021-04-07,-0.6135221024834064,-0.5529212678628231,-0.566229286776991,-0.5018802398261722,-0.5558231173562341,-0.4711639626248876,0.163497018871051,-0.6980241901070013,-0.7489576982092583,V,VISA Inc.,,,
2021-04-08,-0.5694819124097005,-0.5057112565298452,-0.5069950477465338,-0.5192834092019745,-0.5277574504556201,1.056261600258665,0.4208231949532725,-0.6661164752303185,-0.7327961827074095,V,VISA Inc.,,,
2021-04-09,-0.5134319090914186,-0.4456252380084393,-0.5143161163534623,-0.4733128676510451,-0.493748750367205,-0.4400396802852371,0.5412230571636755,-0.6279101081799716,-0.7127153166775301,V,VISA Inc.,,,
2021-04-12,-0.5457686735714471,-0.4802902099433923,-0.5372776035503881,-0.4828351580289804,-0.5188423968562517,-0.2739215621559814,-0.3638590803210583,-0.6074913020236655,-0.6975688011662756,V,VISA Inc.,,,
2021-04-13,-0.5596265238989396,-0.4951464825566164,-0.5469283338835299,-0.4499989137665102,-0.493748750367205,-0.710449471426016,-0.1762883249297464,-0.5957067041261307,-0.6851315185017502,V,VISA Inc.,,,
2021-04-14,-0.530062300602162,-0.4634531681492269,-0.4976774163873226,-0.4549241499893508,-0.493748750367205,-0.6517467110638904,0.2687545329233192,-0.5793384352530078,-0.6709826293947639,V,VISA Inc.,,,
2021-04-15,-0.3976358282890217,-0.3214921663598882,-0.3469308353159225,-0.3304750046927704,-0.3983261882498495,0.3966575733517322,1.3178240664770826,-0.5333340497277087,-0.6453886828033327,V,VISA Inc.,,,
2021-04-16,-0.3936314242367852,-0.3172001639637468,-0.3412737382601742,-0.2680863410106059,-0.2900265504079258,-0.1292189764503008,0.0056614084740298,-0.4978108642306307,-0.621736480089662,V,VISA Inc.,,,
2021-04-19,-0.4127274837210046,-0.33766928759784,-0.3485948068671017,-0.2904147466092516,-0.336912326220909,-0.210209649663243,-0.2256371371253911,-0.4760321205273178,-0.6020703495769816,V,VISA Inc.,,,
2021-04-20,-0.4900270001395688,-0.4205346554562425,-0.4218049851635509,-0.3974607225300278,-0.3689400152467238,-0.4191588326396488,-0.8104794824292695,-0.4793857600608216,-0.5916235306890988,V,VISA Inc.,,,
2021-04-21,-0.3616034752020364,-0.282865656063048,-0.3389445843067842,-0.3629830668874939,-0.4174768015510979,0.6196774083804212,1.26931262758159,-0.4491923311872695,-0.5697799409751928,V,VISA Inc.,,,
2021-04-22,-0.3579083721539559,-0.278903613945012,-0.2371158217576617,-0.2309812246607924,-0.2857340238938477,0.0040582397889258,0.00237258427344,-0.4256061401860329,-0.5495668894274208,V,VISA Inc.,,,
2021-04-23,-0.2830711247967361,-0.1986794395799169,-0.20749844835602,-0.2040552638657309,-0.2424802696348528,-0.5468922119702758,0.7109783450814589,-0.3888559239610334,-0.5239966259977005,V,VISA Inc.,,,
2021-04-26,-0.2726000476309187,-0.1874547450504718,-0.1698953317180662,-0.1446217419172726,-0.1711608484752466,-0.4611175170595573,0.0687446217567785,-0.3586263447491771,-0.4997442553358598,V,VISA Inc.,,,
2021-04-27,-0.2858426948622318,-0.2016505933513334,-0.2294616541768045,-0.162024911293074,-0.1625762992647555,-0.1819276390381537,-0.16477231004073,-0.3393269787273315,-0.4789697776563313,V,VISA Inc.,,,
2021-04-28,-0.1768221026186947,-0.0847806778703394,-0.0594141202119433,-0.1068602614319607,-0.1652178152874446,0.7943786242615697,1.0404156654358352,-0.2970855997699276,-0.4496027815945264,V,VISA Inc.,,,
2021-04-29,-0.0718039721918883,0.0277977389706601,-0.0184830604716301,-0.0254265159526045,-0.0238999828884069,0.0345634134382758,0.9852534365189062,-0.2386571127888666,-0.4128091970006819,V,VISA Inc.,,,
2021-04-30,-0.1734343583392653,-0.0811490997865623,-0.0707288220962652,-0.0536657060599828,-0.0209279624768395,0.8362528847691645,-1.0070574059716648,-0.2207203633019467,-0.389131105561884,V,VISA Inc.,,,
2021-05-03,-0.202691708426269,-0.1125124539158417,-0.0770511015542234,-0.0832181254796761,-0.0628612106333219,0.2492815637561177,-0.3184021275093696,-0.2147194629735597,-0.3704183339756285,V,VISA Inc.,,,
2021-05-04,-0.2205534772471208,-0.1316607289252092,-0.1885305944364904,-0.1213082890740606,-0.1437556865347213,-0.395126158934349,-0.2085133114484869,-0.21476806713129,-0.355123932192428,V,VISA Inc.,,,
2021-05-05,-0.3074000522900422,-0.2247604067225843,-0.1399453671153201,-0.1728609320246509,-0.0694647487812127,-0.2153876496184832,-0.8828770067020087,-0.2369237929327788,-0.3495692547645944,V,VISA Inc.,,,
2021-05-06,-0.2424186790024586,-0.1551005025745691,-0.2154852071379845,-0.1728609320246509,-0.20880157011765,-0.3276995942998079,0.6081757114817369,-0.2369902430202808,-0.3382723177460828,V,VISA Inc.,,,
2021-05-07,-0.2177809360638717,-0.1286895751537945,-0.1609102915599595,-0.10554653107832,-0.1193225450057605,-0.7766659599840608,0.2069779599519271,-0.2307650034848505,-0.3256337323343485,V,VISA Inc.,,,
2021-05-10,-0.407182886913379,-0.3317264762988609,-0.2015087600991663,-0.2877877869432969,-0.1437556865347213,0.6581747123954681,-1.884046680652111,-0.2743355512737901,-0.3323529826362004,V,VISA Inc.,,,
2021-05-11,-0.4222721145509826,-0.3479035975368136,-0.387196712654024,-0.3902372097503032,-0.4032787159063494,0.0970089672463087,-0.18581600937667,-0.3108565928380354,-0.3399120520109691,V,VISA Inc.,,,
2021-05-12,-0.571637308261268,-0.5080219859888956,-0.4344505596251214,-0.4470437720328076,-0.4069107374603396,0.1217733148583272,-1.5360237523965463,-0.3762897429523409,-0.361143721483376,V,VISA Inc.,,,
2021-05-13,-0.4658505381333958,-0.4053479188087613,-0.4377785027274788,-0.4279986902356141,-0.4769096525174343,-0.1796763347097884,1.052401711335642,-0.3984213851108269,-0.3702750276519637,V,VISA Inc.,,,
2021-05-14,-0.3671582687460628,-0.2997026978572143,-0.3509244685933159,-0.2956686659411648,-0.3346008107694314,-0.7067348192842132,0.9639683458245238,-0.389883820713151,-0.3690880602246837,V,VISA Inc.,,,
2021-05-17,-0.3825786475372508,-0.3162097793732734,-0.3625712539059218,-0.2825338676113819,-0.3227147443938293,-0.4937051472126453,-0.1882532984955943,-0.3874081202391467,-0.3694914954061103,V,VISA Inc.,,,
2021-05-18,-0.4094101454786281,-0.3449319400092482,-0.2953512716391505,-0.2789223617421819,-0.2497443127428323,-0.1093512157524769,-0.3026570833437451,-0.3923851574913435,-0.3724378022698192,V,VISA Inc.,,,
2021-05-19,-0.4396356999648256,-0.3772861824851508,-0.4394419665058338,-0.3984462708159207,-0.4356369093210406,0.569388897945561,-0.3377489258531409,-0.4038161927463424,-0.3780221111348152,V,VISA Inc.,,,
2021-05-20,-0.3825786475372508,-0.3162097793732734,-0.3479291166920658,-0.2851608272773375,-0.3471478859227881,0.0534743697965445,0.5405808707543421,-0.3978573992640405,-0.3776133598698667,V,VISA Inc.,,,
2021-05-21,-0.3723998768149233,-0.3053150451219373,-0.2910250471606517,-0.2421454274601143,-0.2996016051497161,-0.4740906582517625,0.0672931557925369,-0.3907958357092526,-0.3762631931622826,V,VISA Inc.,,,
2021-05-24,-0.2937548767503368,-0.2211288286388053,-0.2644030256602602,-0.2066822235316875,-0.2642723989587894,-0.9141643718389724,0.7505293305012181,-0.365469279568181,-0.3674749341417001,V,VISA Inc.,,,
2021-05-25,-0.3030072011368249,-0.2310331782996716,-0.2617407727329397,-0.1807418110225189,-0.1998870203359475,-0.7315273082003362,-0.1257762495304621,-0.3488308708906829,-0.3603751149829319,V,VISA Inc.,,,
2021-05-26,-0.3631485235461878,-0.295410695461071,-0.289693666810577,-0.2477275288597753,-0.2609703779760115,-0.8422633398518051,-0.6288457500203395,-0.35166967833847,-0.3597026475853873,V,VISA Inc.,,,
2021-05-27,-0.3696244222784151,-0.3023438913505208,-0.3206419127894653,-0.2480562119688479,-0.2705459365354659,-0.371177909141363,-0.0990053398306582,-0.3554481543209684,-0.3597138986225652,V,VISA Inc.,,,
2021-05-28,-0.3560549939234,-0.2878175790154058,-0.2870319216560807,-0.2224439815274261,-0.2761589691520565,-0.4246182456359347,0.1009346355230454,-0.3548259638380187,-0.3584195784849833,V,VISA Inc.,,,
2021-06-01,-0.3767184374600782,-0.309937007796187,-0.2654013070364034,-0.2510113537025523,-0.2150751076943284,-0.6182867004835609,-0.2402204608408063,-0.3596221691875633,-0.359229482166946,V,VISA Inc.,,,
2021-06-02,-0.2832682617004821,-0.209904134109363,-0.1645708258634223,-0.1689207430463766,-0.2223391508023069,0.5044387680722217,0.8988810292606942,-0.3394181552331424,-0.3509815718996428,V,VISA Inc.,,,
2021-06-03,-0.3310725041826926,-0.2610761875603732,-0.2550853943010491,-0.2020851693765956,-0.2296031939102855,-0.2550106057977128,-0.5055983725999917,-0.3364405825938002,-0.3480793134396919,V,VISA Inc.,,,
2021-06-04,-0.2684650282409774,-0.1940574769056663,-0.2447694815656946,-0.170562655467766,-0.2180466242882298,-0.6199188961216258,0.5867825693415417,-0.3182616754713016,-0.3394218899981772,V,VISA Inc.,,,
2021-06-07,-0.2320704482323283,-0.1551005025745691,-0.1123255720116143,-0.1262335252969003,-0.1024829433383276,-0.5254766795467007,0.3234944724815989,-0.2953580260800873,-0.3280525743540886,V,VISA Inc.,,,
2021-06-08,-0.2095575109361049,-0.1310003046128448,-0.1732227670475994,-0.1236065656309455,-0.1255960825824389,-0.8774399699825132,0.1858365366402324,-0.2724463864768038,-0.3155524664243301,V,VISA Inc.,,,
2021-06-09,-0.201538506095232,-0.1224168035767099,-0.1066679671830408,-0.0592478074596438,-0.1140395129603833,-0.7399978407358108,0.043766534372545,-0.2532202670239639,-0.3034177945616007,V,VISA Inc.,,,
2021-06-10,-0.1509583235176352,-0.0682735963542804,-0.1263020190504306,-0.0589191243505712,-0.0942283946990489,-0.7981096337117404,0.4583655491835099,-0.2259182252449793,-0.2875235573957498,V,VISA Inc.,,,
2021-06-11,-0.119808750489982,-0.0349289692879052,-0.0870344230884733,-0.0070377982909092,-0.0516351454001427,-0.5375774403116643,0.2669196383349261,-0.1975080949239872,-0.2700795687817763,V,VISA Inc.,,,
2021-06-14,-0.1469490638766373,-0.0639815939581371,-0.0943554916954009,-0.0773073409709426,-0.0413995856982636,-0.4172733652646428,-0.2959065591532779,-0.1831129631291949,-0.2568306340640447,V,VISA Inc.,,,
2021-06-15,-0.1808740914408023,-0.1002973747959278,-0.108331938734219,-0.0428296853284087,-0.0499841349087537,-0.0548133683978271,-0.3624951447193469,-0.180957103963961,-0.2480476588831353,V,VISA Inc.,,,
2021-06-16,-0.2851192121366577,-0.2118849032903051,-0.128964271977754,-0.1945329734877974,-0.0770592962780677,0.4549944967604984,-1.0472237015525785,-0.2058907816698718,-0.2500851352219357,V,VISA Inc.,,,
2021-06-17,-0.2064722698365644,-0.127699190563322,-0.1569171660553894,-0.1548008974720255,-0.2226691513735184,-0.1159081396088408,0.7408730802209615,-0.2045601617992419,-0.2443763649739051,V,VISA Inc.,,,
2021-06-18,-0.2601372079548256,-0.1851435118352744,-0.1955190718423126,-0.1544727154042777,-0.1817269125660021,0.436590083876112,-0.5576868182825672,-0.2172303167867525,-0.2443458557792244,V,VISA Inc.,,,
2021-06-21,-0.1395452621319419,-0.0560580134782148,-0.1013439691012211,-0.1157261876743977,-0.1487087180088871,0.0027637398001157,1.1502004457736317,-0.1960189281085407,-0.2327245570132444,V,VISA Inc.,,,
2021-06-22,-0.0898920114490606,-0.0029056946024085,-0.0654043162416213,-0.0224708731775753,-0.0546066619940432,0.4417680838313522,0.4451841321896017,-0.1674640180940582,-0.2173861367686158,V,VISA Inc.,,,
2021-06-23,-0.1284444151036602,-0.0441733983925561,-0.0710614132973706,0.0005143975978879,-0.0166359397804274,-0.133355748153672,-0.40431702076207,-0.1558668886501377,-0.2071484996049183,V,VISA Inc.,,,
2021-06-24,-0.080331842735047,0.0073291190927148,0.0064749894775792,0.0487837167470233,0.0345423625466338,-0.7533649601854798,0.4295888051768537,-0.1349150740712386,-0.193216072485166,V,VISA Inc.,,,
2021-06-25,-0.0470210471493089,0.0429844756181394,0.0141286492856112,0.0786648192757911,0.0147312442852994,0.1510121298229717,0.2847054598211706,-0.1107171644513145,-0.1773477702389328,V,VISA Inc.,,,
2021-06-28,-0.1466407339902328,-0.0636516336800289,0.0104681149821484,-0.0677850505930082,0.0675605571037488,0.5665184849268952,-0.9845869325645747,-0.1179412356052086,-0.1724993565644831,V,VISA Inc.,,,
2021-06-29,-0.0892753516762553,-0.0022452702900442,-0.0510947702288735,0.0074097283098657,-0.0456916083946757,1.29706673948144,0.5202258024694498,-0.1087486893775955,-0.1625766696212452,V,VISA Inc.,,,
2021-06-30,-0.1549670975997577,-0.0725650949942739,-0.0550884035062669,-0.0034257913803845,-0.0278620050136057,0.1431044233695886,-0.6646332802146808,-0.1185855513822375,-0.1598715697553402,V,VISA Inc.,,,
2021-07-01,-0.1139490259716829,-0.0286567014669677,-0.0600798103869793,0.0041264045084126,-0.0579086829768211,-0.5512822554105882,0.3626180148408104,-0.1155161548004648,-0.153468960495732,V,VISA Inc.,,,
2021-07-02,-0.0066196352940413,0.0862329485892301,0.0241119708198612,0.062246697144556,-0.0040888646270706,-0.8174708509356822,0.998660667022767,-0.0858779912519422,-0.137329889424616,V,VISA Inc.,,,
2021-07-06,0.0232971037468773,0.1182567270308757,0.0850096736286724,0.1078890566277367,0.1170878489394212,0.2139079444966777,0.2493153920351951,-0.0560297646129506,-0.1197818476945381,V,VISA Inc.,,,
2021-07-07,0.0356327269974001,0.131462190741264,0.099318711868595,0.1436804426239113,0.1421814954284707,-0.8224237204580859,0.082080259210017,-0.0305017895105866,-0.1026431506556694,V,VISA Inc.,,,
2021-07-08,-0.0689197524671054,0.0195441982126306,-0.0327920987115537,0.0205445266396478,0.0335518570153337,-0.2534346927678571,-1.0204990544839845,-0.037984662595589,-0.0971140653130397,V,VISA Inc.,,,
2021-07-09,-0.0115533990353745,0.0809505616026153,0.0464077678417492,0.1147843873397135,0.0926542035927982,-0.4707137017592145,0.514327514635804,-0.0289859704787638,-0.0865724925821014,V,VISA Inc.,,,
2021-07-12,-0.0300590189261031,0.0611418622808845,0.0151269306617563,0.109859151116872,0.0536929758478804,-0.0781987921087218,-0.2101009708631535,-0.0269502155852963,-0.0787683524541289,V,VISA Inc.,,,
2021-07-13,0.1081111293339154,0.2090456753692005,0.1472382490147284,0.1420385302025228,0.0758151057430275,0.2224910422485705,1.280314298512791,0.0097676623455015,-0.058390169453861,V,VISA Inc.,,,
2021-07-14,0.2203747693117657,0.3292172086558663,0.291329451654236,0.2921004069818479,0.239915572997302,0.3953349320588176,1.0140519486097086,0.0658989089550392,-0.0290716586138986,V,VISA Inc.,,,
2021-07-15,0.299329070380511,0.4137333854171037,0.3575516603176911,0.3738623345289492,0.3089234787054305,0.8010481133343519,0.6920422652466997,0.1281065043941949,0.0051721036224502,V,VISA Inc.,,,
2021-07-16,0.2860689430296501,0.399537033360095,0.412792266070753,0.4464306548071923,0.4634488912179175,0.3900162255830545,-0.1552084698821245,0.1713849305107672,0.0350279840340798,V,VISA Inc.,,,
2021-07-19,0.0482795934875838,0.1449981184859065,0.2127947675031457,0.1633818885565995,0.2653397238752279,1.1780008818150194,-2.2036784261449065,0.1432803086374316,0.0393089143832715,V,VISA Inc.,,,
2021-07-20,0.1189055887112975,0.2206003301767529,0.2048085164940074,0.1834120175983603,0.1547285705818256,-0.0608637487803089,0.6304931285594311,0.1401898359570303,0.0499905666060065,V,VISA Inc.,,,
2021-07-21,0.1485139978658118,0.2522941483402903,0.2943242957826657,0.2750254196737924,0.2422265846311137,1.1123753606431703,0.2416811547973628,0.145413055754848,0.0625476760133067,V,VISA Inc.,,,
2021-07-22,0.1633177168841927,0.2681408055439869,0.2427447321058918,0.3029359266720982,0.2584056813384598,0.8456520803400897,0.1030657740766407,0.1531008840884985,0.0753864415776726,V,VISA Inc.,,,
2021-07-23,0.3138249450713636,0.4292500823426902,0.3978170298829683,0.4214747885012698,0.3567997600497177,-0.1470605632525959,1.3609278599169743,0.1971999932288664,0.1015276286656741,V,VISA Inc.,,,
2021-07-26,0.3517592322765265,0.4698573618204745,0.4094643229683956,0.452340938274602,0.4376947397687802,-0.6780869717057646,0.310351074614621,0.2399359478058094,0.1289393004763814,V,VISA Inc.,,,
2021-07-27,0.3727319768173598,0.4923067508793629,0.4863350355683076,0.4694159255826575,0.4370342348086914,-0.0704317921758615,0.1552421852039815,0.2773295389572902,0.1558752962976652,V,VISA Inc.,,,
2021-07-28,0.2496748485798781,0.3605805627851475,0.44740053858028,0.3935642815029612,0.4654299022805169,0.491887746441585,-1.1444665600224788,0.2740328610525191,0.1685320024498721,V,VISA Inc.,,,
2021-07-29,0.2798994319483224,0.3929343015049014,0.4101300131434315,0.4326394923419138,0.4013745242288883,0.058173967582007,0.2425877532611074,0.2792583626022495,0.1829438536696044,V,VISA Inc.,,,
2021-07-30,0.2327113636800436,0.3424226723662527,0.3462374662061944,0.3965194232366675,0.3716583506545503,-0.417582919609793,-0.4652716145919848,0.2711589866082666,0.1915089330537683,V,VISA Inc.,,,
2021-08-02,0.028848012819893,0.124199034573706,0.3252725417615541,0.1459787191807953,0.3396306616287365,0.7600743745581031,-1.907247905948594,0.2131617501704173,0.1796961940298291,V,VISA Inc.,,,
2021-08-03,-0.0541145767720976,0.0353908554163253,0.1109660049540232,0.0034695393315923,0.1543985700106142,0.7177217118807306,-0.8176001647059157,0.1485337766567668,0.1609814178200821,V,VISA Inc.,,,
2021-08-04,-0.0670688020309315,0.0215249673935727,-0.016819088920451,0.0369626487708829,0.0345423625466338,0.248549889849399,-0.1581249061129851,0.0967634373843602,0.1427225814270377,V,VISA Inc.,,,
2021-08-05,0.0421105679651323,0.1383953866307147,0.0730297893421378,0.082276325144991,0.0216652868220666,-0.5490590923863274,1.0097182687721042,0.0857429770591377,0.1366200112139607,V,VISA Inc.,,,
2021-08-06,0.0788115356246801,0.1776818174837703,0.1512318822921237,0.1949049035067539,0.1335969462179786,-0.7820128077639285,0.3113757611295545,0.0868251358589601,0.1346006065448787,V,VISA Inc.,,,
2021-08-09,0.0356327269974001,0.131462190741264,0.1372549274804804,0.1354713815582937,0.1913787866929298,-0.5801833747259779,-0.4393151938814694,0.0766393858433475,0.1286136259256187,V,VISA Inc.,,,
2021-08-10,-0.0238895078447735,0.0677450978922279,0.109302033402845,0.053708952969864,0.1504360440677494,-0.0289515099257305,-0.5958136507516564,0.0538401370585445,0.117448520942294,V,VISA Inc.,,,
2021-08-11,-0.1167239949493159,-0.0316278552383852,0.0101355237810439,0.0215295738842159,0.0702020731264379,0.0245169678729456,-0.9170828964300524,0.013096344504788,0.0983734307202399,V,VISA Inc.,,,
2021-08-12,-0.2078323202488745,-0.1395843094051314,-0.131293425931143,-0.0953673755235672,-0.0681442426787001,0.7256012770300093,-0.91176358208334,-0.0406662133953632,0.0722733959250031,V,VISA Inc.,,,
2021-08-13,-0.1812712786015543,-0.1111921090472629,-0.1592463200087812,-0.0828899434119274,-0.1305486102389407,-0.5186946252575003,0.2245672518304579,-0.0742232027181326,0.0510996378340971,V,VISA Inc.,,,
2021-08-16,-0.0975759806653402,-0.021723505577517,-0.0857035505112266,-0.1222933363186278,-0.1236145677021736,0.0808558586902876,0.7787160129407041,-0.0780742823497538,0.0398971310838492,V,VISA Inc.,,,
2021-08-17,-0.1232091193001915,-0.0491253213449139,-0.0793807632804404,-0.0231277383543966,-0.0314940265675959,-0.1232811612842372,-0.280632026388468,-0.087491190154741,0.0272486952378491,V,VISA Inc.,,,
2021-08-18,-0.2127723962555987,-0.1448661926355965,-0.1233066671491805,-0.0805911658137196,-0.0671537371474,-0.6450209393828991,-0.8976579982862194,-0.1173650704645085,0.0071396125821001,V,VISA Inc.,,,
2021-08-19,-0.2146238322506497,-0.1468469618165396,-0.1871997218592427,-0.1649805540681031,-0.228282687807774,-0.4297962455911749,-0.0525200594555795,-0.1402420297200352,-0.0113193664571952,V,VISA Inc.,,,
2021-08-20,-0.2211104132781522,-0.1537801577059893,-0.1961842542445253,-0.1190095114758508,-0.1348411367530188,-0.4970821037051932,-0.0977690020968422,-0.1590518402712987,-0.0287238685107558,V,VISA Inc.,,,
2021-08-23,-0.135254378342732,-0.062000824777194,-0.1133238533877557,-0.0631879964379163,-0.1074359748124935,-0.2663796926559576,0.8043603173635958,-0.1512922097940607,-0.0362920482339234,V,VISA Inc.,,,
2021-08-24,-0.1321657383310579,-0.0586992069715213,-0.0620763731392639,0.0008425796656357,-0.0301735204650844,-0.6210164069817038,-0.004634914856267,-0.1446858298848379,-0.0428752735210515,V,VISA Inc.,,,
2021-08-25,-0.1831241712732331,-0.113172878228206,-0.1016765603023284,-0.0605610367719597,-0.0314940265675959,-0.5660564400654856,-0.5261949492818243,-0.1527098351147559,-0.0537591056031429,V,VISA Inc.,,,
2021-08-26,-0.2470528529171594,-0.1815119337514945,-0.180543835654526,-0.1239352487400153,-0.1262560837248627,-0.393831658945539,-0.6557325476200795,-0.1750100694056331,-0.0697995241755372,V,VISA Inc.,,,
2021-08-27,-0.1800345601438065,-0.1098712604225353,-0.1665673886157078,-0.1213082890740606,-0.1629062998359678,-0.2587815405477247,0.6227016396338806,-0.1746661103665138,-0.0779386656475734,V,VISA Inc.,,,
2021-08-30,-0.2251259851845428,-0.1580721601021345,-0.145935563144999,-0.1314874446288134,-0.1077659753837049,-0.2365499103051171,-0.4724775006939264,-0.185892641490982,-0.0896729199783006,V,VISA Inc.,,,
2021-08-31,-0.2909065883823946,-0.2283919848063642,-0.2068332659538083,-0.1728609320246509,-0.166538321389958,0.5956165933710169,-0.6774901018807519,-0.2110664428947467,-0.1066644911736572,V,VISA Inc.,,,
2021-09-01,-0.2594054707283511,-0.1947179012180307,-0.2421072286383732,-0.1692489251141253,-0.2263011729275086,0.2501820854874639,0.2763490785148886,-0.221923658770728,-0.1190828949057609,V,VISA Inc.,,,
2021-09-02,-0.442855926431957,-0.3908221102297961,-0.2497608884464061,-0.3928636683749349,-0.1823874175260908,3.495212144393229,-1.836420144973265,-0.2767902399940753,-0.148009056736081,V,VISA Inc.,,,
2021-09-03,-0.414133176667681,-0.3601186766567275,-0.3579124382263138,-0.3472213088917552,-0.3946941666958602,1.1941539903710403,0.2551561896687357,-0.3106246734414757,-0.1715441972309474,V,VISA Inc.,,,
2021-09-07,-0.3783081572208424,-0.3218221266379964,-0.3346183598282835,-0.2648025161678299,-0.3042241322350046,0.6680804514402755,0.3252753503103865,-0.3268760929458749,-0.1894956056620622,V,VISA Inc.,,,
2021-09-08,-0.291216374945425,-0.2287224488406194,-0.2607424913567974,-0.2260559884379518,-0.2830925078711586,0.9466793620754832,0.8355744513820876,-0.3168829321617105,-0.1974421697535365,V,VISA Inc.,,,
2021-09-09,-0.3406302451023268,-0.2815448074383185,-0.2680635599637249,-0.2240853929074917,-0.2193676342084083,-0.4039906697272875,-0.5220095300502916,-0.3219734613753897,-0.2094169083593677,V,VISA Inc.,,,
2021-09-10,-0.4203094855732741,-0.366721408511924,-0.2667326873864772,-0.298951989742617,-0.2015375270096724,-0.1613000631295065,-0.8261613856411537,-0.3460851562425115,-0.227963299721541,V,VISA Inc.,,,
2021-09-13,-0.4289572891588615,-0.3759653338604232,-0.3612403813286722,-0.3452512144026199,-0.3441763693288876,-0.1352130742245734,-0.121364593859967,-0.3663714682014639,-0.2456550448336993,V,VISA Inc.,,,
2021-09-14,-0.4783711593157616,-0.428788196214272,-0.4074959469236293,-0.3823563307524333,-0.3616759721387452,-0.2006134649635858,-0.5316898973148005,-0.3941716019724801,-0.2664890389128772,V,VISA Inc.,,,
2021-09-15,-0.4542825834661855,-0.4030371893497138,-0.4397750654797634,-0.4125656153489461,-0.4435609535714447,-0.2118418453013078,0.2096825774650666,-0.4088864945795009,-0.2831131871192983,V,VISA Inc.,,,
2021-09-16,-0.4382222380761315,-0.3858696835212885,-0.4277951811932308,-0.3669232558657663,-0.3993166937811487,-0.3827439851283398,0.1277500462540382,-0.4158321957705537,-0.2966820270350169,V,VISA Inc.,,,
2021-09-17,-0.5179019641059559,-0.4710462845948912,-0.4777112810916498,-0.4802081983630238,-0.4458724690229215,1.828852963145432,-0.8373185563111077,-0.4413353932894771,-0.3166776480872238,V,VISA Inc.,,,
2021-09-20,-0.57040447427453,-0.527170260998262,-0.5841988593203783,-0.5783887490826888,-0.6271420346981763,0.4316934969619174,-0.5696315294938405,-0.473834848281766,-0.3399030129367412,V,VISA Inc.,,,
2021-09-21,-0.5666986889311726,-0.5232087226363757,-0.528625662366211,-0.4907160370268512,-0.5020032990064838,-0.0717544334687761,0.0036137444983142,-0.4972655994669525,-0.3606607112819259,V,VISA Inc.,,,
2021-09-22,-0.4870194484602253,-0.4380321215627731,-0.4644000164550433,-0.4211028584823133,-0.4805416740714244,-0.3609626157514054,0.7835781188933695,-0.4945448648989801,-0.3718710807843037,V,VISA Inc.,,,
2021-09-23,-0.3153064074716334,-0.2544734557051823,-0.3113242814302532,-0.3140568825615353,-0.3616759721387452,0.1868922925562939,1.7080289169734235,-0.4487700898540918,-0.3655540426824366,V,VISA Inc.,,,
2021-09-24,-0.2140076580367161,-0.1461870412603241,-0.2031727316503455,-0.1741746623782898,-0.2319147093617632,-0.2328352581633144,0.9684569388640312,-0.3886388585920317,-0.3500725420938632,V,VISA Inc.,,,
2021-09-27,-0.2754658161184051,-0.2118849032903051,-0.1572497572564957,-0.1692489251141253,-0.1397936644095196,-0.1146699222282399,-0.6343021743251014,-0.3591934388079079,-0.3419069632869725,V,VISA Inc.,,,
2021-09-28,-0.4002355105123362,-0.3452624040435071,-0.3056671843745049,-0.3258779505376785,-0.2338957204243636,-0.0948865854427297,-1.2627960580223427,-0.3688874249929426,-0.3464789166316585,V,VISA Inc.,,,
2021-09-29,-0.3656462384054947,-0.3082867026495009,-0.3006752697209683,-0.2572503202790326,-0.3022431211724052,-0.2408555298331158,0.3121739868399701,-0.3673482460723515,-0.347309867264802,V,VISA Inc.,,,
2021-09-30,-0.4870194484602253,-0.4380321215627731,-0.3083294373018264,-0.3708634448440389,-0.2764889697232688,-0.0450483358735425,-1.2447503714388397,-0.3971068498530294,-0.3597339498596483,V,VISA Inc.,,,
2021-10-01,-0.2489047744710857,-0.1834927029324367,-0.2161508973130233,-0.3432811199134818,-0.3890811340792706,0.1792097165357473,2.381848559086122,-0.3587795031513113,-0.3481365149874697,V,VISA Inc.,,,
2021-10-04,-0.4258696202649399,-0.3726642198109021,-0.2570819570533336,-0.4306256499015725,-0.1965849993531706,0.8427816673214239,-1.7701498059475214,-0.3751058186693113,-0.3546065776126911,V,VISA Inc.,,,
2021-10-05,-0.4397668008614067,-0.3875204924241244,-0.3552501852989924,-0.3285049102036351,-0.3458273798202775,-0.4149657783280684,-0.174233660908312,-0.3908900791979446,-0.3618245107819526,V,VISA Inc.,,,
2021-10-06,-0.3708970720930027,-0.3138990499142211,-0.3805413342221333,-0.4161776222594718,-0.4594100497075785,-0.5255892447631191,0.6596447522177564,-0.3851875908139382,-0.3617652161716161,V,VISA Inc.,,,
2021-10-07,-0.2461254354635658,-0.180521549161022,-0.2294616541768045,-0.1784430334243091,-0.2325747105041879,-0.204496964930016,1.2106671208795712,-0.349132178827722,-0.3497159184507466,V,VISA Inc.,,,
2021-10-08,-0.2547732390491542,-0.189765474509524,-0.1772164003249947,-0.1229502014954481,-0.1635668047960557,-0.9999672080537956,-0.1192384427407155,-0.324293160646672,-0.3395934007601356,V,VISA Inc.,,,
2021-10-11,-0.414133176667681,-0.3601186766567275,-0.257414548254439,-0.2973105783625533,-0.1962549987819573,-0.4695036256827181,-1.5987680890412208,-0.3462518639309221,-0.3457117827073624,V,VISA Inc.,,,
2021-10-12,-0.4468690705439656,-0.3951136088697896,-0.3938520910859146,-0.3613411544661054,-0.3431858637975893,-0.5179066687425724,-0.3631619172611856,-0.3710585162551892,-0.3544211371722697,V,VISA Inc.,,,
2021-10-13,-0.4959750963733383,-0.4476060071893815,-0.4058319753724472,-0.50220842189392,-0.4234198347388971,0.5030035615628887,-0.5298712802349528,-0.4021704992994821,-0.3670597257925554,V,VISA Inc.,,,
2021-10-14,-0.4119719541095969,-0.357807947197678,-0.4128204527782694,-0.3567441003110144,-0.3907321445706595,-0.4778615930017744,0.8190918981137046,-0.4041094182215319,-0.3704733917899401,V,VISA Inc.,,,
2021-10-15,-0.2325375558712578,-0.1659952368259051,-0.2317913159030178,-0.2362351439927065,-0.2883755399165368,-0.2626931818182594,1.7667330871094238,-0.3598628025003057,-0.3563261195073989,V,VISA Inc.,,,
2021-10-18,-0.2430382521285222,-0.1772204351114991,-0.1762181189488496,-0.1899359193327046,-0.1906419661653696,-0.4807601473245447,-0.1372086976562329,-0.3293523015475137,-0.3444744870651897,V,VISA Inc.,,,
2021-10-19,-0.1544014215089552,-0.0824694446551402,-0.1469338445211413,-0.106532079364213,-0.1321996207303297,-0.8101541118684948,0.8341944416814171,-0.2838941863916511,-0.3251788385651164,V,VISA Inc.,,,
2021-10-20,-0.219257035047599,-0.1517993885250472,-0.1416093386664983,-0.0858450851456346,-0.0823418245057799,-0.5309642338470912,-0.6622305527330068,-0.266318914076723,-0.3138724798051767,V,VISA Inc.,,,
2021-10-21,-0.2556987142672411,-0.1907558590999937,-0.240443257087194,-0.2503544885257319,-0.1734723639267233,-0.3676321048241876,-0.3903952832820212,-0.2624189247606389,-0.3070974305997712,V,VISA Inc.,,,
2021-10-22,-0.2251259851845428,-0.1580721601021345,-0.1742210484237407,-0.1712190196032606,-0.1870099446113803,-0.9851085994865844,0.2656956954099363,-0.2517072522865752,-0.2979990699348457,V,VISA Inc.,,,
2021-10-25,-0.1432840654788828,-0.0705843258133308,-0.1063353759819335,-0.0536657060599828,-0.0826723288946573,-0.6612866131553384,0.7655920549014381,-0.2228288792688557,-0.2818596502562069,V,VISA Inc.,,,
2021-10-26,-0.2069034461186532,-0.1385934210585101,-0.0364526330150175,-0.0851882199688124,-0.0139944237577383,0.1480010102837831,-0.6493164596003588,-0.2173735528669853,-0.2733037404961513,V,VISA Inc.,,,
2021-10-27,-0.7022778950276496,-0.6681408781971282,-0.4427699096081913,-0.5997321074367645,-0.369930520778024,4.409607538662907,-4.8646540478745655,-0.3394507931053742,-0.3131503382795426,V,VISA Inc.,,,
2021-10-28,-0.8857268940546242,-0.8642450872088927,-0.6011701504876225,-0.818093432406983,-0.5515305908421562,4.477512505467225,-1.956157704573647,-0.4777320215942149,-0.3670110819315506,V,VISA Inc.,,,
2021-10-29,-0.8261211430857405,-0.8005274906037088,-0.8114835617905851,-0.8335265072936519,-0.883033042515817,1.9814913966086,0.6076175163134196,-0.5662617356591687,-0.4102449698740774,V,VISA Inc.,,,
2021-11-01,-0.80481093512593,-0.7777476375105624,-0.7589052089648446,-0.7379729162399454,-0.7417152101167774,1.6664494971579789,0.193007785997995,-0.6272314461933757,-0.4474997668690655,V,VISA Inc.,,,
2021-11-02,-0.90734543190084,-0.8873549005801464,-0.8221320657270458,-0.8571681422046117,-0.7526112747787481,2.082490537039889,-1.1253285619497009,-0.6990736160942034,-0.4912253060626745,V,VISA Inc.,,,
2021-11-03,-0.9394636948865678,-0.9216894084808442,-0.9286201517285986,-0.892960029242112,-0.8671844501973484,1.1814059796116718,-0.3815869277647005,-0.7611355617044032,-0.5340636070137158,V,VISA Inc.,,,
2021-11-04,-0.9184647301664174,-0.8992400194219549,-0.8550768744582178,-0.855526730824548,-0.8846840530072078,1.1480585342477605,0.1936384757044117,-0.8023337175796522,-0.5709887020178421,V,VISA Inc.,,,
2021-11-05,-0.6747913781622434,-0.6387582932487891,-0.6797048346387156,-0.7409280579736489,-0.7925635118726283,1.9656759837018336,2.6037114987827445,-0.7711702748603151,-0.5811305102407115,V,VISA Inc.,,,
2021-11-08,-0.556816109123343,-0.5126439486631451,-0.5472609250846343,-0.5179701798896587,-0.5805867632740703,1.7480029964530124,1.196311332452474,-0.7177501389080133,-0.5790083368897772,V,VISA Inc.,,,
2021-11-09,-0.7760891564794047,-0.7470447076936445,-0.5871937034488071,-0.6897035970908082,-0.537002504626199,1.1949982294941774,-2.2823627801663373,-0.7335324934974387,-0.5981597327127207,V,VISA Inc.,,,
2021-11-10,-0.6973528713460876,-0.6754040343646881,-0.7023337306345351,-0.6762406166932774,-0.739734199054178,0.7809270808995868,0.7995806806345667,-0.7253156262356121,-0.608000481775219,V,VISA Inc.,,,
2021-11-11,-0.8563734033101305,-0.8450968121995273,-0.7079908276902834,-0.780331450880351,-0.6433211314055224,1.7611731267739494,-1.6990290931167784,-0.7596544982384642,-0.6322346579962534,V,VISA Inc.,,,
2021-11-12,-0.8047075110852939,-0.789963220386627,-0.814478405919012,-0.7386297814167658,-0.8074215986597968,0.1046634019627508,0.5195803095324087,-0.7722496766796587,-0.6492986311912688,V,VISA Inc.,,,
2021-11-15,-0.7982107333213888,-0.7830300244971773,-0.720636402151853,-0.726151848263805,-0.7374231874203663,0.6495916146435753,0.0346662286914774,-0.7800413723567503,-0.6641867417761502,V,VISA Inc.,,,
2021-11-16,-0.7091087372983973,-0.687949577518859,-0.7455944521010625,-0.7310770844866457,-0.785629469335863,0.402707953734214,0.9125608473993252,-0.7631914299908398,-0.669155230136791,V,VISA Inc.,,,
2021-11-17,-1.0222024418366171,-1.022052746201928,-1.0231278456707964,-1.1316791642805162,-0.990672679215318,8.74941875114862,-3.3176055941754203,-0.8302969570087866,-0.7037724860367538,V,VISA Inc.,,,
2021-11-18,-1.0757246256452644,-1.0791671071957685,-1.0044925829523703,-1.072245642332058,-0.9725125714453716,3.096562430447941,-0.6233933953157098,-0.8942578635441039,-0.740388276387119,V,VISA Inc.,,,
2021-11-19,-1.1521413960268496,-1.1607121301855914,-1.1499146581691264,-1.118873049059807,-1.119773940849877,3.0235076049924863,-0.8824722947862315,-0.9616914109311976,-0.7810219739706782,V,VISA Inc.,,,
2021-11-22,-1.3154935987257044,-1.3350268706946835,-1.2098140796017944,-1.2912633314377755,-1.1871308360666186,3.9108592060176752,-1.8695124793637543,-1.0538713430253797,-0.8336661813171482,V,VISA Inc.,,,
2021-11-23,-1.2254651563668737,-1.2389555353697432,-1.3023252107917047,-1.298487345258824,-1.2871759252692634,2.097686841256355,1.004208680238084,-1.1000766179575274,-0.8728693265815454,V,VISA Inc.,,,
2021-11-24,-1.078200004796265,-1.081808300689076,-1.134939929754166,-1.191441369338048,-1.2475541925642588,1.333397163080435,1.639642380146926,-1.0972230726493877,-0.8943506568260112,V,VISA Inc.,,,
2021-11-26,-1.2514527529813708,-1.2666878151713965,-1.293340170633598,-1.3585777323841035,-1.4076921338756665,1.0409527308257809,-1.9578468548880703,-1.1392092914595169,-0.9305354475493672,V,VISA Inc.,,,
2021-11-29,-1.293528371841866,-1.3115870970453238,-1.2247888080167548,-1.266307966173173,-1.1541126415095035,2.0669565371741685,-0.5147966718896975,-1.1814153492352508,-0.967475810712508,V,VISA Inc.,,,
2021-11-30,-1.3714921328031064,-1.3947824251818346,-1.3442545519081612,-1.358249550316358,-1.3433067552528266,2.45797995770712,-0.9306699167603076,-1.232926768756546,-1.008553300284006,V,VISA Inc.,,,
2021-12-01,-1.483176986600497,-1.5139635738780275,-1.372540544959729,-1.4390264306188918,-1.318213108763778,1.6649298667363324,-1.3350008174289747,-1.3000057583841191,-1.0566337187522798,V,VISA Inc.,,,
2021-12-02,-1.231652147567747,-1.2455587709810876,-1.2850208206505285,-1.381563003159569,-1.451276392523538,1.882011886598958,2.950107392752618,-1.2862532169545915,-1.0761618977021614,V,VISA Inc.,,,
2021-12-03,-1.292600468829398,-1.3105962086987024,-1.317299939206665,-1.309652049099471,-1.2442521715814818,0.948902525099744,-0.7280055938119127,-1.2914619623354875,-1.0997742852015155,V,VISA Inc.,,,
2021-12-06,-1.0958350176219205,-1.1006266154203352,-1.1259548895960592,-1.18815754449527,-1.2277430743029245,0.9662375684281568,2.2270809021035083,-1.2452536070208984,-1.102323300638996,V,VISA Inc.,,,
2021-12-07,-0.9507344875215268,-0.9457901101987174,-1.0021629212261542,-0.9205423541726682,-0.9890216687239288,1.2969260329609171,1.5809353967624855,-1.1736411544080991,-1.0906907987549874,V,VISA Inc.,,,
2021-12-08,-0.9006151003174693,-0.8923068235325032,-0.9509159487504883,-0.9264526376400768,-0.9342113448428802,1.2552769028861588,0.5109013673880688,-1.10716672442267,-1.0752973800588868,V,VISA Inc.,,,
2021-12-09,-0.8263653792004821,-0.8130730337578806,-0.8604013803128617,-0.8785120016000122,-0.9058156773710538,0.8127830371459561,0.7672033005131832,-1.0383999681722411,-1.0541650850985782,V,VISA Inc.,,,
2021-12-10,-0.7641798539222074,-0.7467147474155362,-0.792182608897124,-0.757346180104884,-0.7942145223640164,0.4486064207287618,0.6293266013216571,-0.9709866415032844,-1.0289754670262463,V,VISA Inc.,,,
2021-12-13,-0.8378109730308826,-0.8252881128777974,-0.8231303471031871,-0.7862422353890837,-0.7760544145940709,0.4378001599526083,-0.8130012934955522,-0.9391800262488784,-1.0131546205516828,V,VISA Inc.,,,
2021-12-14,-0.8699870175228794,-0.8596231245346441,-0.8214668833248341,-0.8364816490273562,-0.8328457495377227,0.7158362445057247,-0.3785075067104851,-0.9235200995763791,-1.001865398666362,V,VISA Inc.,,,
2021-12-15,-0.7979014323172338,-0.7827000642190719,-0.8507506499797172,-0.8558549128922949,-0.8767600087568036,1.014190350622338,0.7401682934144712,-0.8934154125222681,-0.9846722491126324,V,VISA Inc.,,,
2021-12-16,-0.7341698875770543,-0.7146909689738907,-0.7249621188575294,-0.7327189969080313,-0.6822828629681043,0.3545300411071962,0.6428811291362745,-0.8546048763842029,-0.9629150398865798,V,VISA Inc.,,,
2021-12-17,-0.8112042888491989,-0.7968959125199289,-0.8267908814066509,-0.8581536904905046,-0.7644978449720142,1.2072115554755594,-0.845300677017223,-0.845117148442767,-0.9505417525021552,V,VISA Inc.,,,
2021-12-20,-0.908350538774628,-0.9005603642905328,-0.9412652184173448,-0.8886911571547651,-0.8869955684586827,0.6038619954736548,-1.0690104429060614,-0.8627438871368824,-0.9486328318462472,V,VISA Inc.,,,
2021-12-21,-0.7029207749797721,-0.6813463419075155,-0.7286226531609941,-0.7737643022361191,-0.8368077716629215,-0.0829828138064981,2.1861785701885643,-0.8236422812603864,-0.9271476815679444,V,VISA Inc.,,,
2021-12-22,-0.6231012079935946,-0.5961697408339129,-0.6361115219710819,-0.6591656293852228,-0.7298286399235113,-0.3616661483540195,0.8017714325455285,-0.7739865386213824,-0.8999419705919525,V,VISA Inc.,,,
2021-12-23,-0.664558710404654,-0.6404091021516249,-0.650087969009901,-0.5682095935279331,-0.5782752478225927,-0.7008251454222543,-0.4636381162649855,-0.7473036949649876,-0.8791951799731583,V,VISA Inc.,,,
2021-12-27,-0.6333100833662481,-0.6070644750852499,-0.6633992336465074,-0.6253443378781834,-0.6033693981293062,-0.6951406019931319,0.2910474723949048,-0.7193327348066857,-0.8573302561970076,V,VISA Inc.,,,
2021-12-28,-0.6203165278384389,-0.5931985870624982,-0.6098225994446256,-0.6023590671027192,-0.6585097225815664,-0.8467096659003267,0.1002660802372068,-0.6950451383803531,-0.8362038681247818,V,VISA Inc.,,,
2021-12-29,-0.6166039446708134,-0.589237048700612,-0.6361115219710819,-0.5448956396433963,-0.6007278821066152,-1.1440788263732802,0.0039657319126043,-0.6758838696387813,-0.816641137551992,V,VISA Inc.,,,
2021-12-30,-0.6258863737076275,-0.5991413983614774,-0.6291235523380849,-0.5508064241521289,-0.59379383956985,-0.978129556068652,-0.130455730770101,-0.6638770939746994,-0.7997492384793565,V,VISA Inc.,,,
2022-01-03,-0.5157465682543891,-0.4816110585681209,-0.5322861966696767,-0.5554034783072208,-0.6086519263570194,0.1142314453583034,,-0.515649123151257,-0.514354470090774,V,VISA Inc.,,,
2022-01-04,-0.4838798247665483,-0.4476060071893815,-0.374884237166385,-0.3977894056391022,-0.4607305558100901,0.9401224382191192,0.2902755271730551,-0.5075328653899738,-0.511290840094636,V,VISA Inc.,,,
2022-01-05,-0.5599877797028519,-0.5288210699010979,-0.4254655194670156,-0.4598498872535162,-0.4395989314462431,0.6489443646491703,-0.8064161819157215,-0.5208298862163666,-0.5158226482215382,V,VISA Inc.,,,
2022-01-06,-0.5677227326011334,-0.5370746106591274,-0.5372776035503881,-0.5376716258223468,-0.5994068721864396,0.16573003186966,-0.1137855917670822,-0.5327726953555982,-0.5206861027639852,V,VISA Inc.,,,
2022-01-07,-0.6540390773512158,-0.629183903866031,-0.5941821808546274,-0.600388972613583,-0.6155859688937875,0.9606093076072436,-0.920756996695208,-0.5637140285954582,-0.5334057735725138,V,VISA Inc.,,,
2022-01-10,-0.8084205798117956,-0.7939247587485142,-0.7938465804483031,-0.9005122251309083,-0.7255366172270992,1.319833054502034,-1.6400412334554209,-0.6262400195379975,-0.5598111607214942,V,VISA Inc.,,,
2022-01-11,-0.7338591298962696,-0.7143605049396337,-0.7688885304990937,-0.8269588576080971,-0.8100631146824859,0.4262059426615269,0.7592515838998896,-0.6541441836326651,-0.5766478109379105,V,VISA Inc.,,,
2022-01-12,-0.6927123851659949,-0.6704516076561786,-0.6813688061898947,-0.6604793597388645,-0.7090275199485417,-0.1027942918961129,0.3986291424140964,-0.6645924913941392,-0.5879980585501817,V,VISA Inc.,,,
2022-01-13,-0.7146776120498343,-0.6938918850616883,-0.5848645494954161,-0.6325683516992348,-0.6307740562521665,0.4443852251130769,-0.2642177721938223,-0.6780231264016132,-0.6004281756920574,V,VISA Inc.,,,
2022-01-14,-0.7248874585402402,-0.7047866193130253,-0.6590730091680067,-0.6637626835403148,-0.7192630796504199,0.4360553990981252,-0.1416044169106019,-0.6906964859016159,-0.6127098444197934,V,VISA Inc.,,,
2022-01-18,-0.6927123851659949,-0.6704516076561786,-0.7036646032117846,-0.6434043724308071,-0.6628017452779803,0.5095604854192527,0.3037421533060944,-0.6920067180958522,-0.6207817253518911,V,VISA Inc.,,,
2022-01-19,-0.724578157536085,-0.704456659034918,-0.6597386993430446,-0.7163008747767962,-0.7578943068241244,0.5941251042534749,-0.3677814780569647,-0.7011054026652718,-0.6311833355605857,V,VISA Inc.,,,
2022-01-20,-0.7347875184676138,-0.7153508895301062,-0.6141483161503002,-0.6562104876515176,-0.7011029718804734,0.3501118563627793,-0.1417590389693131,-0.7105296756679612,-0.6416208603952975,V,VISA Inc.,,,
2022-01-21,-0.9952859710918988,-0.9933305855659512,-0.7472579158794174,-0.9228406307295522,-0.6766693265338487,2.507846348580411,-2.7766604163845745,-0.7839451866240355,-0.6761535240272911,V,VISA Inc.,,,
2022-01-24,-1.1215128276733843,-1.1280279274315823,-1.175870989494478,-1.2567856757952398,-1.1151514137645877,2.466703761979535,-1.4175439867432131,-0.8711560008454972,-0.719682151209369,V,VISA Inc.,,,
2022-01-25,-1.1168728270521668,-1.1230760044792236,-1.087352983809137,-1.2127847276921229,-1.1996779112199754,1.3611726302316425,0.0174163889821369,-0.9353823327374744,-0.7588075464443627,V,VISA Inc.,,,
2022-01-26,-0.997142262675711,-0.9953113547468944,-0.9049929743566368,-0.9934388565186582,-1.04581300366758,0.9931125138480178,1.30298153660369,-0.9530574651370792,-0.7828653365981888,V,VISA Inc.,,,
2022-01-27,-0.9884798923238376,-0.9860674293983924,-0.9016650312542792,-0.921855583484985,-0.8734579877740267,1.328613141382659,0.0604902563574263,-0.9641075635650448,-0.8039032651602726,V,VISA Inc.,,,
2022-01-28,-0.3124833681652531,-0.2647077656441531,-0.3306252343237144,-0.5852840797946647,-0.505635320560473,5.385322834576434,7.364663862376366,-0.8002231036199927,-0.7580391703648103,V,VISA Inc.,,,
2022-01-31,-0.3691000186920918,-0.3251237444436672,-0.3885275852312717,-0.3899085266412306,-0.3435158643687989,1.4329610970023912,-0.5947621644623672,-0.6917296610096046,-0.7217875947166614,V,VISA Inc.,,,
2022-02-01,-0.1775931701141417,-0.1207659946738713,-0.1146547259650033,-0.2464142995474594,-0.2989416040072923,1.3954205973268996,1.876139605178011,-0.5615839974897235,-0.6704203811414269,V,VISA Inc.,,,
2022-02-02,-0.0829247271340961,-0.0197427363965748,-0.0733905672507615,-0.1285323028951072,-0.153661245665388,0.9292036122265476,0.8848585358951534,-0.4398632969371976,-0.6146216051828335,V,VISA Inc.,,,
2022-02-03,-0.2029631358380784,-0.1478378501631609,-0.1519252514018518,-0.1108004504102332,-0.0962099095793142,0.7540239941756214,-1.1849765493063915,-0.3791457940428966,-0.5754357919689475,V,VISA Inc.,,,
2022-02-04,-0.3004182012087873,-0.251832262211873,-0.2607424913567974,-0.2946836186965967,-0.246112291188843,1.0016956115999105,-0.984175943899112,-0.358428854860615,-0.5491815369733652,V,VISA Inc.,,,
2022-02-07,-0.3384714503386248,-0.2924395416896582,-0.2707258128910464,-0.2598772799449883,-0.2626213884674004,-0.3669848548297826,-0.4104054834594182,-0.3525830720444226,-0.5289724255629716,V,VISA Inc.,,,
2022-02-08,-0.3143406308668179,-0.2666885348250962,-0.3179796598621439,-0.3012507673408258,-0.3200732283711383,0.0713159565988396,0.2052423401534424,-0.3420527680279795,-0.5082805984374551,V,VISA Inc.,,,
2022-02-09,-0.2236921298230463,-0.1699572789439421,-0.1632399532861746,-0.1249202959845843,-0.1922924728390925,0.1362660864721789,0.8628911100506766,-0.3110674408567981,-0.4807550097660863,V,VISA Inc.,,,
2022-02-10,-0.3756885670836026,-0.3442720194530327,-0.2697275315149041,-0.2973105783625533,-0.2616308829361003,-0.1390121502786899,-1.5199936520189068,-0.3265409754887005,-0.4703445001177613,V,VISA Inc.,,,
2022-02-11,-0.4035785833751537,-0.37398456467948,-0.2980130167936468,-0.3409828433565978,-0.2873850343852366,0.0694023479197291,-0.3129631326994047,-0.3452495369907501,-0.463561712713262,V,VISA Inc.,,,
2022-02-14,-0.3834361445126651,-0.3525255602110622,-0.3592438185763857,-0.364953161376632,-0.4181373065111848,0.2792239113233764,0.1674960480369338,-0.3541508064966452,-0.4554590727493231,V,VISA Inc.,,,
2022-02-15,-0.3065857700546102,-0.2706500731869825,-0.2916907373356867,-0.2959968480089145,-0.2867245294251488,0.6115445714942015,0.7338289016633354,-0.3412534549281021,-0.4407047348025851,V,VISA Inc.,,,
2022-02-16,-0.2755969170149861,-0.2376359101548643,-0.2720566854682941,-0.2733397593011971,-0.2791304857459579,0.6395733103823497,0.2719739269066871,-0.3236877766280868,-0.424312469630339,V,VISA Inc.,,,
2022-02-17,-0.4060578469971632,-0.3766257581727865,-0.3076637471267914,-0.3202958491380175,-0.2494143121716199,0.237124520382945,-1.318849371074339,-0.3437410905891878,-0.4219527656621,V,VISA Inc.,,,
2022-02-18,-0.4655558038955256,-0.4400128907437162,-0.4098251008770164,-0.3968043583945313,-0.3748830484345258,0.2343103899724884,-0.6311933388829305,-0.3739348288945638,-0.4255276415138643,V,VISA Inc.,,,
2022-02-22,-0.5080087020028503,-0.4852421328957501,-0.4564137654459031,-0.4598498872535162,-0.4930882454071171,0.7429926029666313,-0.46390929493957,-0.4073926169266724,-0.432858898689351,V,VISA Inc.,,,
2022-02-23,-0.6744174978275485,-0.6625285309324062,-0.4584103281981886,-0.6076129864346325,-0.4329953932983524,0.3887217255942444,-1.7282765708722347,-0.4748692244170366,-0.4555220173592061,V,VISA Inc.,,,
2022-02-24,-0.6325832017285375,-0.6179592093365868,-0.6720511748306817,-1.0663353588646485,-1.0758596816307944,1.7376751378466366,0.4019546629562373,-0.5148217497457813,-0.472102954121489,V,VISA Inc.,,,
2022-02-25,-0.5715353408972588,-0.5529212678628231,-0.5782091710635245,-0.6460313320967637,-0.6162464738538744,0.3306662152265239,0.5984304183426832,-0.5292376401912738,-0.4813074658381047,V,VISA Inc.,,,
2022-02-28,-0.6691491840204954,-0.656916183667684,-0.6457622523042246,-0.6791957584269808,-0.6588397231527796,0.3154136284018489,-1.0373231764282442,-0.5649111857019032,-0.4990596800249859,V,VISA Inc.,,,
2022-03-01,-0.8907160115078491,-0.8929672478448685,-0.7622331520672021,-0.8748999946894875,-0.7090275199485417,0.5710492348877304,-2.343976721332882,-0.648098012661964,-0.5364992221168489,V,VISA Inc.,,,
2022-03-02,-0.905899923126315,-0.9091443690828211,-0.9156419860659236,-0.910691380685662,-0.959305495149591,0.4438223990309855,-0.198138968128674,-0.7143553790148632,-0.5719949322853993,V,VISA Inc.,,,
2022-03-03,-0.94463538247725,-0.9504120728729688,-0.8836954587108921,-0.8985421306417739,-0.8387887827255228,0.3718650844356092,-0.45301193770242,-0.7739140799730853,-0.6079877397040728,V,VISA Inc.,,,
2022-03-04,-1.1596947499054224,-1.179530444916851,-1.0544086828507893,-1.2170535997794678,-1.022039863281044,1.019762328835042,-2.3723122754756982,-0.8733573646520779,-0.6613840199768137,V,VISA Inc.,,,
2022-03-07,-1.4568732911575784,-1.496136147493388,-1.2603958696752502,-1.4406683430402794,-1.1924138681119958,1.7233230727533078,-3.3769485809718347,-1.0236293206519715,-0.7384964767923582,V,VISA Inc.,,,
2022-03-08,-1.425574165996044,-1.462791520427013,-1.385518710622403,-1.551655008980653,-1.5169827810665546,1.0643944371448846,0.3352854980767848,-1.128361598683717,-0.8055896504010466,V,VISA Inc.,,,
2022-03-09,-1.1761197500115224,-1.19702791102338,-1.2497468579659643,-1.2702481551514455,-1.3026945170165207,0.3289777369802499,2.896839426741477,-1.1433763471961669,-0.8426012001618378,V,VISA Inc.,,,
2022-03-10,-1.2315875682372082,-1.2561230411981674,-1.2683821206843886,-1.2354418163998402,-1.2894874407207402,-0.0638748683194975,-0.6599785973564082,-1.1687647106171049,-0.881580672223391,V,VISA Inc.,,,
2022-03-11,-1.2706328141511771,-1.2977207052664224,-1.2384326638544667,-1.230187897067927,-1.1623671901487824,-0.5224374187034077,-0.4787579083077964,-1.1977505600521516,-0.9207703184121632,V,VISA Inc.,,,
2022-03-14,-1.1584556036532945,-1.1782095962921229,-1.1189669199630632,-1.1743663820299943,-1.23929964392498,0.1987116402802118,1.2502153289740636,-1.1909191220082012,-0.9456126887874166,V,VISA Inc.,,,
2022-03-15,-0.978412314584166,-0.9863973896765008,-1.0530773025007172,-1.0679772712860358,-1.1181229303584872,0.2783515308961349,1.9901681312880863,-1.139939657923845,-0.9508875188238128,V,VISA Inc.,,,
2022-03-16,-0.8008497458136794,-0.7972263765541859,-0.8114835617905851,-0.8840941029996732,-0.8569488904954692,0.5469884198783261,1.9059945329738184,-1.0564809980593912,-0.9386121692599518,V,VISA Inc.,,,
2022-03-17,-0.7518879309705432,-0.7450639385127014,-0.8158097862690857,-0.8276157227849184,-0.859260405946947,-0.1744983347545482,0.4861432971825461,-0.9814167389848976,-0.922745631182328,V,VISA Inc.,,,
2022-03-18,-0.5764933825824051,-0.558203654849436,-0.6254630180346201,-0.7760630798343289,-0.8008180605119071,2.0633825915528887,1.8166591285256604,-0.8804466639396334,-0.8914592869053636,V,VISA Inc.,,,
2022-03-21,-0.6406410512795094,-0.6265432141288734,-0.6653957963987939,-0.6361803586097576,-0.6476136579195995,-0.3340595290274399,-0.6939777672072728,-0.8210571126397729,-0.8691842346641698,V,VISA Inc.,,,
2022-03-22,-0.5963274915584901,-0.5793326990397466,-0.6151465975264415,-0.5498213769075617,-0.5980863660839271,-0.2894837033258066,0.4254963445275579,-0.7652285661319512,-0.8446739353880933,V,VISA Inc.,,,
2022-03-23,-0.7137730158634251,-0.704456659034918,-0.6910195365230384,-0.6476732445181522,-0.6819523585792269,-0.3603716483652095,-1.2454897032673953,-0.7532697875349023,-0.8336829151301973,V,VISA Inc.,,,
2022-03-24,-0.6322729296066273,-0.6176292490584814,-0.6787065532625751,-0.6542403931623813,-0.692187918281105,-0.5069878427500006,0.8207701123392536,-0.723543147739612,-0.8158557592739764,V,VISA Inc.,,,
2022-03-25,-0.5975666378106173,-0.5806535476644752,-0.6364446209450133,-0.5987470601921946,-0.5789357527826814,-0.629571363429492,0.3253308506766045,-0.6924086951600096,-0.796312633230123,V,VISA Inc.,,,
2022-03-28,-0.5250537607938908,-0.503400023314646,-0.5682258495292765,-0.5389853561759856,-0.5762942367599924,-0.8362973833816371,0.713399279751132,-0.6505892851572292,-0.7715748551258675,V,VISA Inc.,,,
2022-03-29,-0.2972882886926358,-0.2607462272822669,-0.3076637471267914,-0.3331019643587279,-0.3669590041841226,0.209349053231738,2.289678224937701,-0.5612143042995492,-0.7271888702209296,V,VISA Inc.,,,
2022-03-30,-0.4265110435404364,-0.3984152266754613,-0.3958486538382011,-0.3675801210425876,-0.3339408096270076,-0.0575712162000746,-1.3105632097910076,-0.5270952859767629,-0.6992612934792102,V,VISA Inc.,,,
2022-03-31,-0.4940644221953886,-0.4703858602825279,-0.4038354126201636,-0.4427748999454607,-0.3976656832897626,0.9767624161632648,-0.7139828334313945,-0.5187114399774196,-0.6803670870869649,V,VISA Inc.,,,
2022-04-01,-0.3518286894647282,-0.3188509728665799,-0.3802082352482018,-0.3839982431738228,-0.425070845230286,-0.205144214924421,1.4103835294122729,-0.4761970150989905,-0.6495161653139054,V,VISA Inc.,,,
2022-04-04,-0.3090645481177453,-0.2732912666802889,-0.2933542011140388,-0.2943549355875242,-0.3365823256496958,0.3468756063907541,0.391138737714764,-0.4334194404549862,-0.6173585802085731,V,VISA Inc.,,,
2022-04-05,-0.3601963255787332,-0.3277649379369737,-0.3016735510971087,-0.2828625507204563,-0.301252615641105,-0.7402792537768564,-0.5402357018756216,-0.4143591993850062,-0.5930401588834605,V,VISA Inc.,,,
2022-04-06,-0.5795927048893562,-0.5615052726551069,-0.5053315839681807,-0.5025371050029925,-0.4349764043609537,0.0397976960017252,-2.220506618549296,-0.4559428870039676,-0.5920250044413967,V,VISA Inc.,,,
2022-04-07,-0.6682198243313996,-0.6559257990772115,-0.6447639709280831,-0.6647482318262077,-0.5825677743366726,-0.0825888355490342,-0.9460758851003044,-0.509703418784041,-0.5996226403349587,V,VISA Inc.,,,
2022-04-08,-0.6424987995399505,-0.6285239833098174,-0.6204711033810864,-0.684449677758895,-0.6981314552865748,-0.5206082339366108,0.2336158633518521,-0.5434728354903011,-0.6040567939877591,V,VISA Inc.,,,
2022-04-11,-0.711604024363324,-0.7021454258197178,-0.6906864375491069,-0.6736136570273227,-0.6836033690706158,-0.097334878899827,-0.7519228304962712,-0.5864005611543349,-0.6147315351045352,V,VISA Inc.,,,
2022-04-12,-0.8154155409827077,-0.8127430734797725,-0.7010023502844603,-0.7626000994367982,-0.6423306258742222,0.0444691524830832,-1.1234457360105583,-0.6450364912698364,-0.6344161582722129,V,VISA Inc.,,,
2022-04-13,-0.7574665168995056,-0.7510062460555317,-0.8054933657609061,-0.8785120016000122,-0.8427513086683894,0.2150898792690695,0.5830715282023541,-0.6742541894008838,-0.646740121484062,V,VISA Inc.,,,
2022-04-14,-0.772340641954941,-0.7668534070153753,-0.7356111305668144,-0.7025097123115186,-0.7159610586676429,0.2541218680621032,-0.1915664528787834,-0.6999558084562278,-0.6593737047125041,V,VISA Inc.,,,
2022-04-18,-0.7605653536475805,-0.7543078638612024,-0.7396042560713835,-0.7356741386417376,-0.8018085660432072,-0.7159651670305109,0.0902090820148641,-0.7162329313861606,-0.6697267184655626,V,VISA Inc.,,,
2022-04-19,-0.6821650752566101,-0.6707820716904357,-0.7169758678483882,-0.705464854045223,-0.7545922858413475,-0.635931298157124,0.7940698076778082,-0.7084727191691336,-0.6716012416535299,V,VISA Inc.,,,
2022-04-20,-0.6173983189923192,-0.6017825918547848,-0.5735498476110924,-0.5429255451542601,-0.571011204714616,-0.0310339664294685,0.6419647741552572,-0.6861568773394565,-0.6670787563964796,V,VISA Inc.,,,
2022-04-21,-0.6589233140871731,-0.6460214494163471,-0.4703902124847222,-0.6099112629915174,-0.5429460416316642,0.4394886381988823,-0.463973575300914,-0.6799961492492049,-0.6669595687322358,V,VISA Inc.,,,
2022-04-22,-0.9155062199335718,-0.9193786790217928,-0.7153118962972128,-0.8528997711585914,-0.6509151750847114,-0.3060307901392917,-2.7048928743304748,-0.7407256444175402,-0.6915187850922854,V,VISA Inc.,,,
2022-04-25,-0.860347702712041,-0.8606135091251147,-0.915974577267029,-0.9389305707930397,-0.9774650991018732,-0.1264048460398441,0.5624550078206173,-0.7722242407642147,-0.7085424725996363,V,VISA Inc.,,,
2022-04-26,-1.1345937837989168,-1.152788549705671,-0.9815310957554472,-1.0778277437317187,-0.9566639791269036,0.2439065746721455,-2.977093702744064,-0.8656969281369912,-0.7503842371381231,V,VISA Inc.,,,
2022-04-27,-0.7314361911039013,-0.7232744700100265,-0.54093813785385,-0.685434725003463,-0.6136049578311853,2.4390690013488507,4.481771179893899,-0.8331197579154311,-0.7496631238344863,V,VISA Inc.,,,
2022-04-28,-0.528462384104997,-0.5070316013984258,-0.4367802213513375,-0.4811932456075929,-0.5135598686285394,0.987906372588673,2.101127107671931,-0.7569907369950756,-0.7294939111238963,V,VISA Inc.,,,
2022-04-29,-0.7618040143408332,-0.7556282087297813,-0.5609047809223481,-0.7084199957789282,-0.5723322146347917,0.1903536729611556,-2.4166698055540023,-0.7593246068247024,-0.7335914439916288,V,VISA Inc.,,,
2022-05-02,-0.8113858878689083,-0.8084510710836301,-0.8623979430651463,-0.8854073323119891,-0.7985065450604303,0.4263747904861543,-0.5585247278653113,-0.7737031983934334,-0.7420832149431049,V,VISA Inc.,,,
2022-05-03,-0.9034211450631826,-0.9065031755895148,-0.8134801245428687,-0.9080644210197064,-0.7377531879915767,-0.1890192476725044,-1.014608140887968,-0.8079279392383413,-0.7586511645074531,V,VISA Inc.,,,
2022-05-04,-0.7187305719896934,-0.709738542265384,-0.7738799373798051,-0.9389305707930397,-0.8784105154305285,-0.027431879504084,1.960471709357663,-0.7865569755149439,-0.7559570095696129,V,VISA Inc.,,,
2022-05-05,-1.0063028164345924,-1.016109934902946,-0.7812010059867326,-1.0131403024513457,-0.7819974477818729,0.1297373039199195,-3.05434800294968,-0.843771582250798,-0.7811546239462818,V,VISA Inc.,,,
2022-05-06,-1.0812939859555777,-1.0960041489899348,-1.0760387896976402,-1.1067237990159158,-1.0633126064774376,0.4324533121727407,-0.8575682771016799,-0.9057823132771156,-0.8112711060193317,V,VISA Inc.,,,
2022-05-09,-1.38559956039298,-1.4202034717682863,-1.2414275079828945,-1.3740108072707706,-1.1854798255752297,0.8514210476815258,-3.414414679986756,-1.029795064255852,-0.8679052942361012,V,VISA Inc.,,,
2022-05-10,-1.3676265985894724,-1.40105519675892,-1.3412597077797324,-1.4104590584437655,-1.2957604744797535,1.0490855677120003,0.1753326647258172,-1.1182270279373596,-0.9176630211797135,V,VISA Inc.,,,
2022-05-11,-1.2703230275881443,-1.297390744988315,-1.3222913460873766,-1.3963397139107383,-1.402079101259076,0.6018639628822307,1.0978982051986623,-1.1597683973665462,-0.953542671323267,V,VISA Inc.,,,
2022-05-12,-1.3440604840907149,-1.38817969332664,-1.3974985949089385,-1.4439521678830562,-1.3677404005994505,0.5684602349101103,-0.87886062003609,-1.2097048876465646,-0.9932495645564328,V,VISA Inc.,,,
2022-05-13,-1.1807524672495964,-1.2145253771299136,-1.248415985388717,-1.228874667755611,-1.2861854197379634,-0.1699957260978175,1.8585749346207616,-1.2055637376608608,-1.0136465059271111,V,VISA Inc.,,,
2022-05-16,-1.2248387854165428,-1.2614054281847842,-1.2683821206843886,-1.2492329788651186,-1.2756193556472069,-0.5986440702185736,-0.5319986231358567,-1.213686381219759,-1.0364275849576634,V,VISA Inc.,,,
2022-05-17,-1.0326545822062585,-1.0570476784149874,-1.106653936702598,-1.1090225766141235,-1.0930287800517755,-0.006466607946182,2.150054691231849,-1.1708302643915205,-1.03866130103907,V,VISA Inc.,,,
2022-05-18,-1.1571557625416364,-1.189434290821566,-1.0846907308818154,-1.1425151850120905,-1.0940192855830748,0.41075636670812,-1.406684062168731,-1.1703978389631975,-1.052661344212354,V,VISA Inc.,,,
2022-05-19,-1.2384999843991638,-1.2759317405198982,-1.2524091108932858,-1.333622367119505,-1.3076470446730226,0.4851056921523845,-0.9489922561347158,-1.190791378064018,-1.0732089908322515,V,VISA Inc.,,,
2022-05-20,-1.1869613085998985,-1.2211281089851065,-1.211144952179044,-1.3103084132349674,-1.1980269007285864,-0.0906091072188356,0.552679973899126,-1.1929599580466483,-1.086933803913348,V,VISA Inc.,,,
2022-05-23,-0.9221253585342858,-0.9395173386216328,-1.0014972310511172,-1.088663764463293,-1.1580746636347043,1.3785920974723689,2.9574158008918974,-1.1271343536996747,-1.0739499002896835,V,VISA Inc.,,,
2022-05-24,-1.075189539763665,-1.102276920567021,-1.1109801611810988,-1.1457990098548672,-1.0580295744320611,0.0478179676715266,-1.6925650548908422,-1.116749628076808,-1.0768617559287876,V,VISA Inc.,,,
2022-05-25,-1.0376218495100529,-1.0623300654016012,-1.1016625298218867,-1.0985147379502982,-1.1676502221941596,-0.5153739513731614,0.3824117692483654,-1.0993928310599734,-1.0758971853281705,V,VISA Inc.,,,
2022-05-26,-0.8913875394336697,-0.9068331358676202,-0.9422634997934852,-0.960602612256188,-1.0184078417270537,0.5413601590574129,1.5785828176815546,-1.0491302805905849,-1.0609615140894375,V,VISA Inc.,,,
2022-05-27,-0.7569518244907051,-0.7638817494878107,-0.8261256990044411,-0.7974064381884046,-0.8569488904954692,-0.6729652543587334,1.4149481221739433,-0.977193442494356,-1.0344591448696918,V,VISA Inc.,,,
2022-05-31,-0.778995711912494,-0.7873220268933205,-0.7888546657947665,-0.814809607564207,-0.8444018153421124,0.6466367777125959,-0.2672817709513208,-0.9288552524494292,-1.0124853544928183,V,VISA Inc.,,,
2022-06-01,-0.8485423097543562,-0.861273933437479,-0.796841424576729,-0.8243318979421413,-0.7892614908898504,-0.5747802443379012,-0.7714669766559216,-0.9103146879627608,-0.9991953068300952,V,VISA Inc.,,,
2022-06-02,-0.6895785881788317,-0.6922410761588524,-0.7589052089648446,-0.7501221662838355,-0.7945445229352287,-0.5491435162986411,1.6681274831051305,-0.8559222113947293,-0.9718308662905736,V,VISA Inc.,,,
2022-06-03,-0.7640934244422392,-0.7714753696896248,-0.7935134814743716,-0.7438831997073551,-0.7595453173155133,-0.8262509378163069,-0.8135420741636558,-0.8341063108789407,-0.9541178679756064,V,VISA Inc.,,,
2022-06-06,-0.7550892206415026,-0.7619009803068677,-0.6813688061898947,-0.7169577399536166,-0.6769998309227261,-0.9352703499173972,0.0607533047593085,-0.8154510718056939,-0.9371494890227609,V,VISA Inc.,,,
2022-06-07,-0.706655208296826,-0.7103989665777474,-0.7682228403240567,-0.7619432342599778,-0.8199686738131536,-0.7866279816370774,0.4769668221494045,-0.7891238062785036,-0.9170673028823524,V,VISA Inc.,,,
2022-06-08,-0.7377032995193514,-0.7434131296098655,-0.7482561972555587,-0.6926587388245126,-0.732800660335075,-1.024984827402755,-0.3599081569801107,-0.777286109346763,-0.9017956957895708,V,VISA Inc.,,,
2022-06-09,-0.9671434641847112,-0.9873877742669712,-0.8101521814405113,-0.916273482085324,-0.7714318875087804,-0.6050321462503101,-2.4507793191563865,-0.8268447935941738,-0.9099705152416766,V,VISA Inc.,,,
2022-06-10,-1.1720580500118902,-1.2052814517814097,-1.152576911096448,-1.140873773632027,-1.1326510165744443,-0.5983063745693187,-2.2698658583629645,-0.9162042541109552,-0.9371024085690972,V,VISA Inc.,,,
2022-06-13,-1.3971529482939054,-1.444634133764266,-1.403155691964685,-1.406847051533241,-1.4185881985376334,-0.0476654771552672,-2.5712457255703907,-1.0405540946145344,-0.983408116136888,V,VISA Inc.,,,
2022-06-14,-1.3580319551952422,-1.403035965939864,-1.454735763414282,-1.384846828002345,-1.427503252137002,-0.2384635189842277,0.4230620361176435,-1.1238526057946272,-1.0217431691870478,V,VISA Inc.,,,
2022-06-15,-1.276066217976149,-1.3158785956853192,-1.3053200549201316,-1.369085571047931,-1.319864119255168,-0.2247305625811992,0.917884022964014,-1.1654503349809615,-1.0487131310386526,V,VISA Inc.,,,
2022-06-16,-1.49681487875706,-1.550609314993923,-1.536930981868839,-1.5234158188732754,-1.4707570063959978,0.7312858204591317,-2.56475027222962,-1.2528719178189405,-1.0944537861818469,V,VISA Inc.,,,
2022-06-17,-1.4670093326987987,-1.5189160005865316,-1.5555662445872651,-1.5766103742452553,-1.6186788807605903,2.1952246012827823,0.3200377392466861,-1.3108468211183482,-1.1331707309684709,V,VISA Inc.,,,
2022-06-21,-1.3310222571462915,-1.3743138053038884,-1.3752027978870496,-1.3198312046542255,-1.3287786690368686,-0.2946335619769423,1.5747295611284189,-1.319692951625888,-1.155294321302455,V,VISA Inc.,,,
2022-06-22,-1.348718450390353,-1.3931316162789975,-1.3865169919985454,-1.4084889639546294,-1.476040038441374,-0.6050602875544147,-0.239139527556754,-1.3308346578597112,-1.1771079666665316,V,VISA Inc.,,,
2022-06-23,-1.261163444947017,-1.3000319384816226,-1.35090993034005,-1.3290253129644105,-1.3145810872097887,-0.7136012974857274,0.9812497034382432,-1.3168912321152364,-1.1885211215300464,V,VISA Inc.,,,
2022-06-24,-0.9857724160300012,-1.0071964735887011,-1.0787010426249617,-1.195710241425391,-1.2620822787802168,0.131200651733357,3.114469451717359,-1.2362933117324733,-1.1724209579810525,V,VISA Inc.,,,
2022-06-27,-1.046315295630002,-1.0715739907501052,-1.0304489142777211,-1.0282451952702638,-0.9972762173632076,-0.3285156921188403,-0.696843210495849,-1.1912647594747954,-1.163604964540023,V,VISA Inc.,,,
2022-06-28,-1.215214037371991,-1.2511711182458096,-1.040432235811971,-1.1960384234931407,-1.0550580578381588,-0.8257725356465292,-1.9000504263432525,-1.2005107852046704,-1.171828144842429,V,VISA Inc.,,,
2022-06-29,-1.1723683221337995,-1.205611412059519,-1.2450880422863584,-1.2019487069605497,-1.2756193556472069,-0.8341023616614809,0.4518013183970081,-1.1965327721633918,-1.1751846283000094,V,VISA Inc.,,,
2022-06-30,-1.2534017863105422,-1.291778397723593,-1.3046543647450957,-1.3487267588970986,-1.3400052380877137,-0.0684900421926464,-0.947736007260431,-1.2141879725411615,-1.1860264356761798,V,VISA Inc.,,,
2022-07-01,-1.1823033423002616,-1.2161761860327485,-1.2730409363639947,-1.2876513245272498,-1.2931194622747304,-0.8883587959750849,0.7774808445570676,-1.2093210493858646,-1.189047306187894,V,VISA Inc.,,,
2022-07-05,-1.1400791424236412,-1.171276904158822,-1.2474171962397482,-1.306368224256694,-1.3116095706158892,-0.8944373176616713,0.4421975293547538,-1.1949166207073771,-1.1877341688401115,V,VISA Inc.,,,
2022-07-06,-1.1220717059399206,-1.1521286291494557,-1.1828594669002983,-1.1576200778310095,-1.1871308360666186,-0.8941559046206257,0.1674467389500094,-1.1795269191632387,-1.1848091945529955,V,VISA Inc.,,,
2022-07-07,-1.069911514779086,-1.096664573302299,-1.1522443198953425,-1.1126345835246492,-1.1032648435713197,-0.7423335689764897,0.5486808762269065,-1.1546997726354782,-1.1771355096233589,V,VISA Inc.,,,
2022-07-08,-1.046004052390342,-1.0712435267158462,-1.1299480151006294,-1.0988429200180458,-1.110528382861632,-1.031879446908374,0.2306106666796207,-1.1299903334699406,-1.1678609980316286,V,VISA Inc.,,,
2022-07-11,-0.9997443726934068,-1.022052746201928,-1.0420956995903232,-1.0482753243120246,-1.1210944469523887,-0.5445283424254923,0.4764908317108692,-1.099676206629345,-1.154982274463585,V,VISA Inc.,,,
2022-07-12,-1.007195273649096,-1.0299758229256986,-0.9961732329693004,-1.0233199590474222,-1.079821703755995,-0.1432614871984794,-0.1161507163044758,-1.0788383087873978,-1.1439906645111186,V,VISA Inc.,,,
2022-07-13,-1.0279980725832518,-1.052095755462629,-1.0810301965783518,-1.1303659349682005,-1.1729332542395388,0.0868780977686648,-0.2628196791903959,-1.068508226554918,-1.1359982476381296,V,VISA Inc.,,,
2022-07-14,-0.9733537622116428,-0.9939905061221678,-1.0640589054111067,-1.180277166538727,-1.1871308360666186,-0.4736403973860894,0.567385466316204,-1.0468431050793008,-1.123478976518977,V,VISA Inc.,,,
2022-07-15,-0.8451273741778581,-0.8576423553537,-0.8767069813050699,-0.8781838195322644,-0.8777505142881048,-0.0120667274629907,1.365727899091395,-0.9979358149698676,-1.099770291824477,V,VISA Inc.,,,
2022-07-18,-0.9329916806253492,-0.9510719934291824,-0.8367742029409019,-0.8959151709758155,-0.8074215986597968,-0.742840112450372,-0.975030013337738,-0.98363382981466,-1.0866641097560017,V,VISA Inc.,,,
2022-07-19,-0.7327355466566833,-0.7381307426232525,-0.796841424576729,-0.854541683579979,-0.9157212365017204,-0.6645510044314681,2.138544541895172,-0.921903371804444,-1.055497017405583,V,VISA Inc.,,,
2022-07-20,-0.7417392648985427,-0.7477051320060087,-0.7961757344016931,-0.7458532941964904,-0.7909125013812394,-0.7959146119915842,-0.1292033944266263,-0.8778987183144195,-1.0280289036179522,V,VISA Inc.,,,
2022-07-21,-0.6541847450140836,-0.6546049504524839,-0.7039977021857133,-0.6959425636672903,-0.7529417791676226,-0.6999527649950127,0.8881810151576218,-0.8225956464458255,-0.9946405059336758,V,VISA Inc.,,,
2022-07-22,-0.7314930014924198,-0.7368103977546718,-0.6650626974248605,-0.7159726927090493,-0.5951148494900275,-0.6239149613044742,-0.8384864482995759,-0.800808265893246,-0.9717197389667076,V,VISA Inc.,,,
2022-07-25,-0.7137963226894839,-0.7179920830234136,-0.7738799373798051,-0.7323908148402845,-0.705725498965763,-0.8249282965233923,0.151743775613742,-0.779960498456874,-0.9491813408915992,V,VISA Inc.,,,
2022-07-26,-0.7690602061871559,-0.7767572529200899,-0.7622331520672021,-0.7281219427529394,-0.7298286399235113,-0.3229437139061361,-0.6143672901451199,-0.7784000340324444,-0.9340048907017632,V,VISA Inc.,,,
2022-07-27,-0.8317764473171456,-0.8434460032966914,-0.7056611659640682,-1.0745444199302658,-0.8315247396175452,2.8545472151486697,-0.698081901596624,-0.7932031151617822,-0.9262375810146865,V,VISA Inc.,,,
2022-07-28,-0.8044555060285326,-0.8143933786264604,-0.8430969901716852,-0.8538848184031596,-0.8358172661316223,0.053052250234976,0.2574173924608362,-0.7973469552800821,-0.9165497882935484,V,VISA Inc.,,,
2022-07-29,-0.7808583157616991,-0.7893027960742627,-0.7951774530255528,-0.7911674716119234,-0.7909125013812394,-0.3458225941431486,0.2165869139730282,-0.7944447804436556,-0.90547409880341,V,VISA Inc.,,,
2022-08-01,-0.8041447483477479,-0.8140634183483513,-0.8008345500812982,-0.8657058863793037,-0.9081271928225304,0.2081952597634507,-0.2812984758211535,-0.798199056228152,-0.8976440195083919,V,VISA Inc.,,,
2022-08-02,-0.9624879256794554,-0.9824358513146124,-0.9722134643962322,-0.9849016133852928,-0.9295888177575888,0.7459755812017154,-1.7189123121178973,-0.8413437675804275,-0.9057486862622404,V,VISA Inc.,,,
2022-08-03,-0.8935609009636568,-0.9091443690828211,-0.9226299556989196,-0.8880342919779457,-0.9233152801809096,0.6279790930912683,0.7169256528400366,-0.8561470243991934,-0.9064900047296734,V,VISA Inc.,,,
2022-08-04,-0.738634115885076,-0.744403514200337,-0.7712176844524836,-0.8331978241845793,-0.8394492876856116,-0.1403910741798136,1.6364307065264705,-0.8277905959709757,-0.8922694577505482,V,VISA Inc.,,,
2022-08-05,-0.664120736298298,-0.6651697244257135,-0.7356111305668144,-0.7691672480810272,-0.8335057506801447,-0.4882175929122548,0.750387968009727,-0.7875451887458875,-0.8721780620007712,V,VISA Inc.,,,
2022-08-08,-0.7432915966258374,-0.7493554371526948,-0.7129822345709949,-0.7182709692659334,-0.6842638740307055,-0.9076074479826084,-0.8590788923840538,-0.7775254500808683,-0.8615245470813461,V,VISA Inc.,,,
2022-08-09,-0.8382965319071104,-0.8503791991861401,-0.8188046303975126,-0.79379443127788,-0.7909125013812394,-0.7575017318888511,-1.0358320404512753,-0.794207801452904,-0.8609731925511981,V,VISA Inc.,,,
2022-08-10,-0.7811685878836057,-0.7896327563523718,-0.7725490648025565,-0.7425699703950401,-0.6974709503264842,-0.4339892999027553,0.5764555937501373,-0.7921694394178361,-0.8549797500405912,V,VISA Inc.,,,
2022-08-11,-0.8012299384137627,-0.8233073436968533,-0.8171406588463335,-0.766212106347322,-0.7483192520823342,-0.1826311716407679,-0.2471212871057179,-0.795750166827451,-0.8514598398025182,V,VISA Inc.,,,
2022-08-12,-0.7934532274521257,-0.8150538029388238,-0.8264582902055455,-0.7823015453694864,-0.7578943068241244,-0.2377599863816135,0.048239540383299,-0.7964550333509317,-0.8475122778622666,V,VISA Inc.,,,
2022-08-15,-0.6351430681240016,-0.6470118340068186,-0.7093217002675302,-0.7734361201683723,-0.8447323197309898,-0.5622573640113692,1.6469164348495309,-0.7566630882060555,-0.82870383884164,V,VISA Inc.,,,
2022-08-16,-0.6127486071935792,-0.6232415963232016,-0.6803705248137515,-0.7156440095999768,-0.7067160044970631,-0.2037934323274018,0.1977989954329728,-0.7211154019676096,-0.8094522816525164,V,VISA Inc.,,,
2022-08-17,-0.694237525596221,-0.709738542265384,-0.7279574707587815,-0.6952856984904692,-0.6918579177098946,-0.6714737652411915,-0.8767669958259258,-0.7152093487545489,-0.7997851116202412,V,VISA Inc.,,,
2022-08-18,-0.6715327925438892,-0.6856383443036589,-0.7339471590156351,-0.7057935371542955,-0.7291686387810875,-0.7801273403889225,0.2031023454759287,-0.7049970571204014,-0.7888139697812054,V,VISA Inc.,,,
2022-08-19,-0.7471114883051081,-0.7658625186687539,-0.7595708991398825,-0.7071067664666114,-0.7212440907130193,-0.8751323830459388,-0.8225352437402018,-0.716587253581932,-0.7861062484442366,V,VISA Inc.,,,
2022-08-22,-0.8780536071336242,-0.904852366686676,-0.8920148086939619,-0.8446907100929738,-0.8589299015580696,-0.604778874513369,-1.4154167985239066,-0.7586300293660895,-0.7962332997826795,V,VISA Inc.,,,
2022-08-23,-0.934348332125525,-0.9646079211738268,-0.9569056370073412,-0.8995271778863402,-0.9229852796096992,-1.0589795227610712,-0.6401394062660462,-0.8045000211575464,-0.8108518165447008,V,VISA Inc.,,,
2022-08-24,-0.9383915808878606,-0.96889992356997,-0.9885190653884424,-0.9274381859259698,-0.9682200449312934,-0.8604989049115642,-0.0783355312417836,-0.8399323048558995,-0.8245300902603159,V,VISA Inc.,,,
2022-08-25,-0.8404189097550938,-0.8649050077651081,-0.9366064027377398,-0.9005122251309083,-0.943126398442246,-0.7861495794672997,1.0295506470080968,-0.841553498731507,-0.8275459109957496,V,VISA Inc.,,,
2022-08-26,-1.05595995158848,-1.0936934195308845,-0.924959617425134,-1.0252900535365603,-0.8645429341746601,-0.6270949286682902,-2.340130168953853,-0.8976663325192096,-0.8510094200575535,V,VISA Inc.,,,
2022-08-29,-1.0733774340375877,-1.1121812702278866,-1.1346068307802344,-1.0935895017274575,-1.1458580928702249,-0.7914401446389582,-0.2271342260515532,-0.9441870803386948,-0.8740143784388679,V,VISA Inc.,,,
2022-08-30,-1.102924662773699,-1.143544624357169,-1.119632102365276,-1.1070519810836634,-1.057699573860848,-0.9484686215424388,-0.3622247257217764,-0.9866031332462974,-0.8977686116337938,V,VISA Inc.,,,
2022-08-31,-1.1859678551391388,-1.2316923792021863,-1.1608962610795177,-1.1586051250755778,-1.1541126415095035,-0.2053130627490484,-0.9600096888501588,-1.0395657481282234,-0.9273470406880426,V,VISA Inc.,,,
2022-09-01,-1.1418028764342438,-1.1848123281473164,-1.2520765196921804,-1.2236207484236998,-1.2293940847943123,-0.4728524408711616,0.4644017242632151,-1.0680391689006208,-0.949990554260708,V,VISA Inc.,,,
2022-09-02,-1.215516054993002,-1.2630562370876164,-1.1838577482764436,-1.2173817818472177,-1.1065663607364316,-0.7824630686296015,-0.861153594233835,-1.1081685142495017,-0.977662262013776,V,VISA Inc.,,,
2022-09-06,-1.1881451011401367,-1.2340036124173863,-1.2650546853548563,-1.232158492598387,-1.256469246163625,-0.7712909709000886,0.2761942550468278,-1.1312943146490615,-1.0001869497274325,V,VISA Inc.,,,
2022-09-07,-1.1327836203083432,-1.175238442520708,-1.2284493423202187,-1.2052325318033266,-1.2297240853655238,-0.8977861328501148,0.5910893506790429,-1.1345384463729449,-1.0153415530632048,V,VISA Inc.,,,
2022-09-08,-1.123762907505816,-1.16566405313795,-1.22944762369636,-1.2137697749366918,-1.2729783434421829,-0.8191874704860607,0.0665692297294168,-1.1346740267412432,-1.028251224819294,V,VISA Inc.,,,
2022-09-09,-0.984112290232184,-1.0174307835276757,-1.053410401474646,-1.0696186826661012,-1.118782931500911,-0.6762296456348632,1.5272175561278665,-1.0992075841744842,-1.0265614494034636,V,VISA Inc.,,,
2022-09-12,-0.9396365538465034,-0.9702202684385488,-1.0271209711753635,-0.9514085039460022,-0.9725125714453716,-0.9782702625891748,0.4520231786579173,-1.061280063847028,-1.0207494466829723,V,VISA Inc.,,,
2022-09-13,-1.1561098687222453,-1.199999064794797,-1.1509129395452686,-1.1510529291867804,-1.1194434364609998,-0.5827160920953889,-2.3858525748593844,-1.087968806022447,-1.0362772892913863,V,VISA Inc.,,,
2022-09-14,-1.1641958806880377,-1.2085825658309357,-1.2371012835043935,-1.1776502068727712,-1.1871308360666186,-0.7473708624112071,-0.1253470090440473,-1.110044818694762,-1.051170889209185,V,VISA Inc.,,,
2022-09-15,-1.2898512344722055,-1.3419600665841345,-1.2560696451967517,-1.2935621090359837,-1.2501957085869468,-0.3346786377177403,-1.448778575703492,-1.158605451060131,-1.0767908785211584,V,VISA Inc.,,,
2022-09-16,-1.3542334281065274,-1.410299122107421,-1.4720396457826337,-1.500758730165559,-1.5100487385297894,0.5936748433878019,-0.7740977835321441,-1.2114236623345662,-1.1062714037578445,V,VISA Inc.,,,
2022-09-19,-1.359520193150879,-1.415911469372143,-1.4663825487268842,-1.418996301577131,-1.464813973208194,0.2377999116814546,-0.0958392383864381,-1.2523838263672662,-1.1335801444129054,V,VISA Inc.,,,
2022-09-20,-1.3924886697288774,-1.4509064015852045,-1.4983290760819168,-1.4327879650837343,-1.480992566097876,-0.5617226792333824,-0.4175989046803464,-1.291500811594105,-1.161575821557804,V,VISA Inc.,,,
2022-09-21,-1.5495562838927364,-1.6176280256486315,-1.4963325133296312,-1.5408189882490786,-1.4337767897136804,-0.1639734870194403,-1.869902673365319,-1.3608426771671462,-1.202126726709524,V,VISA Inc.,,,
2022-09-22,-1.5878139533094675,-1.6582358088825635,-1.6920032796459128,-1.617655679573343,-1.6378289902441718,-0.1924524867732615,-0.493593441598526,-1.4225930624699723,-1.2426692317873855,V,VISA Inc.,,,
2022-09-23,-1.6447316503395648,-1.718651283925928,-1.7795230039551118,-1.6974480136726338,-1.7329215517903152,0.9757211879113956,-0.7220600321232749,-1.4834024284334122,-1.2849980528145395,V,VISA Inc.,,,
2022-09-26,-1.7495463315972324,-1.829909355898347,-1.7821852568824332,-1.7739565229291476,-1.7471196374350608,0.7389965377837829,-1.3132869488358183,-1.5557050884540164,-1.3335555552937082,V,VISA Inc.,,,
2022-09-27,-1.8341457401609795,-1.9197079196462008,-1.770537963797006,-1.868524565696961,-1.7646192402449166,0.7066340380635315,-1.0859038501689051,-1.631479017081231,-1.385832023704275,V,VISA Inc.,,,
2022-09-28,-1.793401523739096,-1.8764594466751103,-1.9286056134753315,-1.9404360207983828,-1.937964761669772,0.6929573642687122,0.4796843158305527,-1.6779321696531395,-1.4294389864391135,V,VISA Inc.,,,
2022-09-29,-1.766031055445108,-1.8474068220048785,-1.857391997931166,-1.8123748685912788,-1.8861259543826217,0.5112208223614222,0.3084006068755832,-1.705800949138741,-1.466450316271786,V,VISA Inc.,,,
2022-09-30,-1.840987750285881,-1.926971075813759,-1.8347636097081736,-1.8494794838997688,-1.8455137161463169,0.6145275497292856,-0.9688007420202176,-1.7457935292446412,-1.5073032253146064,V,VISA Inc.,,,
2022-10-03,-1.7165778550192337,-1.794914423685286,-1.820121472494317,-1.8314199503884705,-1.8692868565328529,0.437237333870517,1.537376072440149,-1.7441015518601282,-1.5324816173807525,V,VISA Inc.,,,
2022-10-04,-1.5921679597525862,-1.6628577715568134,-1.725280679578192,-1.6698651877007509,-1.6807527439319536,-0.0583028901067933,1.5027638879910823,-1.7111461563578063,-1.543410448559002,V,VISA Inc.,,,
2022-10-05,-1.5293400400810633,-1.596169021180214,-1.63842664544403,-1.6931791415852868,-1.737214078304392,-0.3288815290721996,0.725126922318922,-1.6704277364661122,-1.5473055497780863,V,VISA Inc.,,,
2022-10-06,-1.594033962513923,-1.6648385407377566,-1.6640503855682764,-1.5982824157084017,-1.6279239349311685,-0.5981656680487959,-0.8081731264815066,-1.656366053898622,-1.5570661459764048,V,VISA Inc.,,,
2022-10-07,-1.6487744135430231,-1.7229432863220715,-1.7785247225789684,-1.707298987159639,-1.733582056750404,-0.4722896147890702,-0.6964699023556814,-1.659761838190891,-1.57120209569184,V,VISA Inc.,,,
2022-10-10,-1.7000941022891105,-1.7774169575787562,-1.772867625523221,-1.7411202786666764,-1.7111294224663791,-0.7161340148551384,-0.6610421791576299,-1.6753794761374303,-1.5889867715845816,V,VISA Inc.,,,
2022-10-11,-1.7946455255799874,-1.877779791543689,-1.877358640999665,-1.83010622003483,-1.8352781564444376,-0.2797468121056267,-1.199337312615537,-1.7111743533361734,-1.6142447177010957,V,VISA Inc.,,,
2022-10-12,-1.822637023676669,-1.9074923367701355,-1.9123000124831224,-1.8291211727902617,-1.8775414051721315,-0.6765954825882226,-0.3851634050787563,-1.74514976853646,-1.6398975555111512,V,VISA Inc.,,,
2022-10-13,-1.6229591903295888,-1.6955414705546772,-1.7532340814286544,-1.9479882166871805,-2.012585699994492,0.3201976500996252,2.479980936164011,-1.7197746502989326,-1.644021532896619,V,VISA Inc.,,,
2022-10-14,-1.6864086253626782,-1.76289064524364,-1.6946655325732345,-1.7027014319632212,-1.6233014078458798,-0.2361559320476532,-0.805658701700793,-1.7169034809124115,-1.653870554830725,V,VISA Inc.,,,
2022-10-17,-1.6046084637203746,-1.6760632352672016,-1.6467459954270998,-1.6770892015218013,-1.6493855598662277,1.8752016910056528,0.9709068134564696,-1.6939161207246416,-1.6549600429933988,V,VISA Inc.,,,
2022-10-18,-1.544892976445461,-1.6126761026962728,-1.5928367700241115,-1.5821924756449133,-1.5341518794875355,-0.5851643855524862,0.6890569143541506,-1.6614664441399276,-1.650209512394143,V,VISA Inc.,,,
2022-10-19,-1.5685299825401495,-1.637766685248471,-1.6776942414059892,-1.6143723557718872,-1.6662246577159954,-0.6645791457355726,-0.3178995996902275,-1.643149382465753,-1.6481632812565028,V,VISA Inc.,,,
2022-10-20,-1.5433367602471555,-1.611025293793437,-1.5665478474976555,-1.5595358879785226,-1.6341969686901816,-0.4451613976322682,0.268887627976657,-1.6229950320352282,-1.6438810253536005,V,VISA Inc.,,,
2022-10-21,-1.4453640891143933,-1.5070308817447249,-1.5675461288737969,-1.6048495643526308,-1.6559890980141174,0.082713184761189,1.1400884978456864,-1.5829262503141766,-1.6305690918903784,V,VISA Inc.,,,
2022-10-24,-1.4347881312313102,-1.495805683459131,-1.4950011329795585,-1.471862674881362,-1.4707570063959978,0.0029888702329523,0.090238845116759,-1.550181034525779,-1.6174505744570078,V,VISA Inc.,,,
2022-10-25,-1.3206419794903306,-1.3746437655819956,-1.4251188977854683,-1.418668119509383,-1.488587113594731,1.2997401633713737,1.3089409561350136,-1.4965498206985046,-1.5945507771935723,V,VISA Inc.,,,
2022-10-26,-1.0422744746620494,-1.0791671071957685,-1.0544086828507893,-1.228874667755611,-1.3000530009938316,2.2967302851879534,3.1798179316076123,-1.3854279696884084,-1.546970866024645,V,VISA Inc.,,,
2022-10-27,-1.0124169738040312,-1.047473792788379,-1.0560721466291425,-1.0617383047095543,-1.0775101883045173,0.18520381431002,0.2951324043797351,-1.2944820650432796,-1.5008459374743912,V,VISA Inc.,,,
2022-10-28,-0.8553488740812935,-0.8807521687249518,-0.883029768535856,-1.0052599244948024,-1.022039863281044,0.3284149108981586,1.691212125377697,-1.186268386237748,-1.443813848000394,V,VISA Inc.,,,
2022-10-31,-0.9231518299986278,-0.95272280233202,-0.9462571330708814,-0.9103631986179144,-0.8926086010752733,0.3899036603666362,-0.7614149972827768,-1.1223771106245513,-1.3984849877244487,V,VISA Inc.,,,
2022-11-01,-0.9303055689220666,-0.9603164225338332,-0.9346098399854532,-0.9389305707930397,-0.8929386016464865,-0.3852767024977508,-0.1119599356829991,-1.0762806659154016,-1.357964684695389,V,VISA Inc.,,,
2022-11-02,-1.1162993820193448,-1.1577409764141775,-1.0334437584061489,-1.0949027310397734,-0.9969462167919944,-0.085262259438968,-2.051845756107929,-1.089079778721543,-1.3390092647593823,V,VISA Inc.,,,
2022-11-03,-1.3091347196826486,-1.3624286864620798,-1.3046543647450957,-1.305054994944378,-1.2439221710102697,0.2666728896927398,-2.1882961859846133,-1.1477930526452524,-1.3403160198571975,V,VISA Inc.,,,
2022-11-04,-1.2397750620081334,-1.2888072439521794,-1.2181334295848645,-1.2669648313499935,-1.2861854197379634,0.6730051796585746,0.7649121280998354,-1.1741625425177782,-1.3348358258303912,V,VISA Inc.,,,
2022-11-07,-1.1427361205943505,-1.185802712737789,-1.251743420718249,-1.206874444224715,-1.242601161090092,0.1499146189628936,1.0712526084327556,-1.1692244560703342,-1.320524625349641,V,VISA Inc.,,,
2022-11-08,-1.0904836732470329,-1.1303391606467816,-1.1292828326984177,-1.1224850559703294,-1.1323205121855695,-0.0970534658587813,0.5516518854887167,-1.1522125237986371,-1.3024909563008538,V,VISA Inc.,,,
2022-11-09,-1.3211571574580083,-1.3895005419513684,-1.2221265550894334,-1.332965501942683,-1.1640182006401714,0.0088985440949112,-2.6003250512472795,-1.1982046502190042,-1.3082733801808613,V,VISA Inc.,,,
2022-11-10,-0.958314061579416,-1.0052152006516102,-1.0747079171203908,-1.1132909476601458,-1.0851047358013723,0.2139642271048868,4.155602790031076,-1.1402849063194502,-1.2786468348326774,V,VISA Inc.,,,
2022-11-11,-0.9760826030960325,-1.0240335153828692,-1.0524121200985046,-1.043350088089183,-0.9890216687239288,0.6507454081118625,-0.2280225643916297,-1.101370633394804,-1.2534218577788845,V,VISA Inc.,,,
2022-11-14,-0.918102988803629,-0.9626271519928828,-0.961231861485842,-1.0085432482962526,-1.0715671551167163,-0.4200030717627858,0.5989317756460872,-1.0574178881131786,-1.224915970792949,V,VISA Inc.,,,
2022-11-15,-0.8205343026558822,-0.8592926605003851,-0.8094869990383015,-0.8673477988006885,-0.8572788910666796,0.007744750626624,1.021829341466886,-0.9996032026711366,-1.1896213931525272,V,VISA Inc.,,,
2022-11-16,-0.8158578851189497,-0.8543407375480283,-0.9039946929804954,-0.8440338449161535,-0.9038346663084526,-0.3273618986505531,0.0154198117443203,-0.9550511346576708,-1.1570858283799528,V,VISA Inc.,,,
2022-11-17,-0.7893619083610447,-0.8262784974682671,-0.8910165273178196,-0.8735862643358469,-0.9243057857122108,-0.535523125112031,0.247916418808663,-0.9148887261605212,-1.1249607512140731,V,VISA Inc.,,,
2022-11-18,-0.7952847555332505,-0.8325512690453544,-0.7948448618244455,-0.7941226133456267,-0.7522812742075348,0.2082234010675553,-0.0973184391836124,-0.8862754314543322,-1.0963255509387293,V,VISA Inc.,,,
2022-11-21,-0.9349353728068804,-0.9804545783775216,-0.915308887091992,-0.9205423541726682,-0.8470433313648016,0.8899183516965726,-1.518057176829941,-0.9003835882676701,-1.0837193913370562,V,VISA Inc.,,,
2022-11-22,-0.8099355235056193,-0.8480679659709419,-0.9176385488182092,-0.93827370561622,-0.938173870785745,-0.5671820922296682,1.3223418106973128,-0.8791280358571694,-1.0602419126260136,V,VISA Inc.,,,
2022-11-23,-0.766294462828172,-0.8018483392284375,-0.8394364558682215,-0.788212329878219,-0.8569488904954692,-0.9796773277944032,0.4302123884770062,-0.8520712697639758,-1.0347031516182097,V,VISA Inc.,,,
2022-11-25,-0.7020807581239009,-0.7338392439832572,-0.8005019588801938,-0.7399430107290816,-0.8004875561230297,-1.490104301643029,0.6447372680031094,-0.8154238712571604,-1.0053126686154017,V,VISA Inc.,,,
2022-11-28,-0.7809452308005417,-0.8173650361540221,-0.7848615402901964,-0.7642420118581856,-0.7823279521707474,0.827585363104958,-0.8605665604137492,-0.808024604136444,-0.98617598227495,V,VISA Inc.,,,
2022-11-29,-0.8495236242432073,-0.8899960940734557,-0.9286201517285986,-0.8726012170912796,-0.8784105154305285,0.47792965960572,-0.7614216555968498,-0.8199416363138843,-0.9753720381054616,V,VISA Inc.,,,
2022-11-30,-0.6020177560289818,-0.6278635589974522,-0.7006697590833558,-0.8509296766694533,-0.9157212365017204,1.8656336476101,2.616856859357351,-0.7658412332129759,-0.9417553572645878,V,VISA Inc.,,,
2022-12-01,-0.6020177560289818,-0.6278635589974522,-0.6457622523042246,-0.611553175412905,-0.6258215285956648,1.1180317627681882,-0.0344526244679311,-0.7252659308872959,-0.9111947383183412,V,VISA Inc.,,,
2022-12-02,-0.5814441408844063,-0.6060740904947801,-0.6514193493599748,-0.6463595141645105,-0.6677547767521481,-0.6066643418883749,0.1778702389768492,-0.6895944846538875,-0.881434435098082,V,VISA Inc.,,,
2022-12-05,-0.7055083182311809,-0.7374708220670362,-0.7036646032117846,-0.685434725003463,-0.6703962927748354,0.483389072602006,-1.3109315709407572,-0.694439260277933,-0.8663069932426468,V,VISA Inc.,,,
2022-12-06,-0.8489011377638863,-0.8893356697610895,-0.8627305342662517,-0.8630789267133452,-0.7909125013812394,-0.3665627352682141,-1.5372809506798362,-0.7345940850557896,-0.8663403848005674,V,VISA Inc.,,,
2022-12-07,-0.8884882673837238,-0.9312637978636032,-0.9662232683665544,-0.9454977194372688,-0.896570623200474,0.1787594556700742,-0.4584737128044451,-0.7747927948567771,-0.8701765992997752,V,VISA Inc.,,,
2022-12-08,-0.8482757379313081,-0.8886752454487261,-0.923628237075062,-0.8594669198028205,-0.8731279872028134,-0.6731622434874655,0.3988993628890509,-0.7946999506130836,-0.8697980833089162,V,VISA Inc.,,,
2022-12-09,-0.8607453754316702,-0.9018812129152624,-0.9163071684681354,-0.8670191156916186,-0.9259567962036016,-0.6641851674781087,-0.1680031495414495,-0.812806255134187,-0.8706527936595182,V,VISA Inc.,,,
2022-12-12,-0.6771424542409292,-0.7074278128063318,-0.7732142472047682,-0.8029885395880656,-0.8569488904954692,-0.379029332986537,1.9357141752176683,-0.7796234822146135,-0.8537784413304456,V,VISA Inc.,,,
2022-12-13,-0.7254589613375583,-0.7585998662573458,-0.6015032494615558,-0.6995545705778142,-0.5419555361003658,2.053308004683453,-0.5386864075881683,-0.7670423109046398,-0.8430832113118947,V,VISA Inc.,,,
2022-12-14,-0.7167300694196419,-0.7493554371526948,-0.7246295276564231,-0.7320621317312119,-0.7628468344806262,-0.0807315094781328,0.057305354675292,-0.7553832389288182,-0.8325210898692895,V,VISA Inc.,,,
2022-12-15,-0.8853709793983523,-0.9279621800579316,-0.8730464470016062,-0.8900043864670819,-0.8701559667912497,0.9971085790308662,-1.8048762346352647,-0.7895907067527732,-0.8391320934469387,V,VISA Inc.,,,
2022-12-16,-0.9171673168491412,-0.961636767402412,-0.9868556016100872,-0.9399156180376076,-0.939824377459467,1.458935520690906,-0.3769423570710601,-0.8233446334102505,-0.8481989579446336,V,VISA Inc.,,,
2022-12-19,-0.9816932359108248,-1.0299758229256986,-1.0178033398161517,-0.9842447482084724,-0.9682200449312934,-0.6739783413064979,-0.7329111030642317,-0.8650944213599299,-0.862645005483553,V,VISA Inc.,,,
2022-12-20,-0.9648608519075722,-1.0121483965410598,-1.0490841769961463,-0.9973790454969308,-1.0590200799633596,-0.6370288090172022,0.1495903092849033,-0.8921196607123428,-0.8741595310292285,V,VISA Inc.,,,
2022-12-21,-0.919660176119686,-0.9642779608957214,-1.0014972310511172,-0.930721509727422,-0.9702010559938936,-0.9009942415180352,0.4584657263905902,-0.900876264349406,-0.8802817434805246,V,VISA Inc.,,,
2022-12-22,-0.974211744745936,-1.022052746201928,-1.045091051491576,-1.0440064522246797,-0.9972762173632076,-0.449776571505417,-0.6251724433323632,-0.9213376561432358,-0.8910919126830649,V,VISA Inc.,,,
2022-12-23,-0.9502100839352026,-0.9966316996154732,-1.0587343995564629,-0.9983640927414996,-1.050765531324081,-1.1376344677333343,0.2276710253972989,-0.9305706289773464,-0.8986118487260353,V,VISA Inc.,,,
2022-12-27,-0.9358700736436169,-0.9814454667241428,-1.037436883910718,-0.9629008888130728,-0.991663184746618,-1.2336244560340106,0.121569687799743,-0.9338430487937924,-0.9040695230554306,V,VISA Inc.,,,
2022-12-28,-0.9763938463356944,-1.0243634756609756,-0.9825293771315876,-0.9563337401688428,-0.9665695382575704,-1.1676893805170114,-0.4743765247150245,-0.9466185119326708,-0.9129269514373366,V,VISA Inc.,,,
2022-12-29,-0.8806955329791704,-0.9230102571055738,-0.9825293771315876,-0.9333484693933786,-0.990672679215318,-1.0167675666042215,1.0110315845190427,-0.9318263549112692,-0.9117788394986832,V,VISA Inc.,,,
2022-12-30,-0.8900469113764095,-0.9329146067664356,-0.998835485896622,-0.9267813207491497,-0.9787861090220518,-0.8805917960422246,-0.1351070554979574,-0.9231139740027752,-0.9116341315284514,V,VISA Inc.,,,
2023-01-03,-0.9015813624811602,-0.945129685886353,-0.8560751558343611,-0.9116764279302322,-0.8807220308820053,-0.8683784700608428,,-0.9087278378822544,-0.9223850410707936,V,VISA Inc.,,,
2023-01-04,-0.7388632996746556,-0.7727957145582037,-0.8271239803805824,-0.798063303365225,-0.869495965648826,-0.1920303672116931,1.722636750262682,-0.8672845777431067,-0.9067415242389666,V,VISA Inc.,,,
2023-01-05,-0.785621162778599,-0.8223169591063808,-0.7951774530255528,-0.7704804773933431,-0.7314796504148993,-0.5748083856420058,-0.5269646835416015,-0.848111064264068,-0.8970153894420722,V,VISA Inc.,,,
2023-01-06,-0.5786380961386958,-0.6031029367233636,-0.6627335434714705,-0.6841214956911462,-0.7248761122670095,-0.1291345525379871,2.16124179705494,-0.7810136528597981,-0.8682743482057446,V,VISA Inc.,,,
2023-01-09,-0.5521421193807907,-0.5750406966436042,-0.5272942820161373,-0.5114025302041066,-0.5574736240299571,-0.2797468121056267,0.2380480713117972,-0.7239422368195448,-0.8395988378909995,V,VISA Inc.,,,
2023-01-10,-0.4745240763394223,-0.4928357530975641,-0.5213045937592835,-0.5169851326450914,-0.5601151400526453,1.004200187665217,0.7607144580807618,-0.6613698507646961,-0.806068087809667,V,VISA Inc.,,,
2023-01-11,-0.4430389821282943,-0.4594911260311909,-0.5282930711651056,-0.4670739010745656,-0.4841736956254147,-0.529163190384399,0.2844673954680811,-0.6064215071161552,-0.7725586490372931,V,VISA Inc.,,,
2023-01-12,-0.3956581469861528,-0.4093099609267983,-0.4740507467881878,-0.4371927985457988,-0.4574285348273131,-0.8510434267324299,0.4432965605746744,-0.5531426507214448,-0.737540386964712,V,VISA Inc.,,,
2023-01-13,-0.4131159308219855,-0.4277978116238023,-0.4757147183393633,-0.4526258734324668,-0.4637020724039924,-0.8457528615607715,-0.2092859883010654,-0.5176298954120977,-0.7073839733865653,V,VISA Inc.,,,
2023-01-17,-0.4149848469365815,-0.4297785808047435,-0.4544172026936185,-0.379401189018729,-0.4481834806567333,-0.3341720942438581,-0.0532161328439702,-0.4914713300290396,-0.680148727276136,V,VISA Inc.,,,
2023-01-18,-0.5253339282654723,-0.5466484962857358,-0.4347831508262259,-0.475611144207931,-0.3920526506731711,-0.2055944757900941,-1.142631087586338,-0.4999576181897766,-0.6659982392188792,V,VISA Inc.,,,
2023-01-19,-0.4957206635221967,-0.5152851421564554,-0.5502557692130631,-0.5393135382437353,-0.5895013130557728,-0.6853755694688473,0.2677350608458285,-0.4987800233145039,-0.6502871758788834,V,VISA Inc.,,,
2023-01-20,-0.3741498310048431,-0.3865301078336547,-0.4534189213174772,-0.4437599471900307,-0.4891262232819155,-0.584657842078604,1.2007663535802542,-0.4669335059971959,-0.6243167189125742,V,VISA Inc.,,,
2023-01-23,-0.378201819826948,-0.3908221102297961,-0.3945177812609515,-0.3537889585773072,-0.3748830484345258,-0.5029073536548385,-0.07490699734488,-0.4440806339018531,-0.60109676586116,V,VISA Inc.,,,
2023-01-24,-0.3872424405434023,-0.4003959958564045,-0.2680635599637249,-0.5678809104188605,-0.4600700508500022,-0.5666755487557861,-0.1247649927667614,-0.429243568674566,-0.5808568719225974,V,VISA Inc.,,,
2023-01-25,-0.3557583174500268,-0.3670518725461782,-0.4354488410012637,-0.4188045819254284,-0.4732776309634468,-0.7201300800379868,0.2804692275992539,-0.4100969629842376,-0.5594301230057304,V,VISA Inc.,,,
2023-01-26,-0.3616806790633545,-0.3733241403671157,-0.3652335068332414,-0.3367139712692527,-0.3286577775816303,-0.0689965856665286,-0.0934253684254946,-0.397245396714395,-0.5405206290029979,V,VISA Inc.,,,
2023-01-27,-0.1518935099132475,-0.1511389642126829,-0.173555866021529,-0.2191601566846501,-0.2626213884674004,1.1521108820388182,2.056298659831384,-0.3341752585654369,-0.5031614963897951,V,VISA Inc.,,,
2023-01-30,-0.2248351354176843,-0.2283919848063642,-0.2540871129249067,-0.1968317510860062,-0.1899814612052808,-0.4534067997349061,-0.7402546667803355,-0.3054504250464417,-0.4762111678007974,V,VISA Inc.,,,
2023-01-31,-0.190234695456687,-0.1917462436904662,-0.2414415384633363,-0.1797567637779507,-0.2358767314869658,1.1272339692103814,0.303769775549462,-0.2750942869660988,-0.4483844248303046,V,VISA Inc.,,,
2023-02-01,-0.1687263794753772,-0.1689668943534696,-0.1795455542783856,-0.2011001221320265,-0.2173866231458061,-0.420959876102341,0.1747793681001977,-0.2468491515328323,-0.4210196024035446,V,VISA Inc.,,,
2023-02-02,-0.210496096243849,-0.2132057519150347,-0.1249706387003587,-0.1823837234439073,-0.0658327272272224,-0.0277414338492342,-0.4395724428221337,-0.236303782300392,-0.4001581809202585,V,VISA Inc.,,,
2023-02-03,-0.1927285258449859,-0.1943874371837736,-0.2394449757110507,-0.2063540414639397,-0.2398387536121646,-0.5754837769405153,0.1388789453242305,-0.2238694677135846,-0.3794850996711542,V,VISA Inc.,,,
2023-02-06,-0.2142368418262957,-0.2171672902769191,-0.2594116187795478,-0.1932197441754815,-0.2395087530409532,-1.0936214681137926,-0.2437573542049114,-0.2200217636464851,-0.3627591728073725,V,VISA Inc.,,,
2023-02-07,-0.155633769936817,-0.1551005025745691,-0.1971825356206656,-0.1961748859091859,-0.2619608835073126,-0.9134608392363582,0.5375487800787454,-0.2022101543062655,-0.341919756629291,V,VISA Inc.,,,
2023-02-08,-0.1905469098141012,-0.1920767077247232,-0.2061675757787714,-0.1291886670306037,-0.1853589341199904,-0.6500582328176164,-0.3724564343346178,-0.1977436029306146,-0.3263313396742324,V,VISA Inc.,,,
2023-02-09,-0.2030398541405222,-0.2201384440483347,-0.1855357503080645,-0.157427857137982,-0.1170110295542856,-0.5769471247539528,-0.1559887487626951,-0.1975755632037507,-0.3133611080200474,V,VISA Inc.,,,
2023-02-10,-0.2701907044870849,-0.2911191968210775,-0.2710584040921537,-0.2549515426808266,-0.2309237000127971,-0.7820128077639285,-0.688861005105698,-0.21455242974032,-0.3080257894885794,V,VISA Inc.,,,
2023-02-13,-0.2177187845277148,-0.2356551409739212,-0.2737206570194733,-0.251339535770301,-0.2996016051497161,-0.6590353088269731,0.4817434395743886,-0.2139208139222125,-0.2981309132907269,V,VISA Inc.,,,
2023-02-14,-0.2017905111519934,-0.2188180991797549,-0.2208097129926274,-0.2217871163506067,-0.2404992585722534,-0.6920450585416296,0.1210926774200163,-0.2093902717000842,-0.2876042464455332,V,VISA Inc.,,,
2023-02-15,-0.2164704126569366,-0.2343347961053424,-0.2990112981697881,-0.2339363663944968,-0.2761589691520565,-0.8108295031670044,-0.1774884212204449,-0.2097312429822129,-0.2794458572059838,V,VISA Inc.,,,
2023-02-16,-0.3129805804545086,-0.3363484389731114,-0.322638475541749,-0.2710414827443121,-0.3263462621301526,-0.9631865235891272,-0.9767444713473018,-0.2345675000042054,-0.2813075099734879,V,VISA Inc.,,,
2023-02-17,-0.3838794597666605,-0.4112907301077433,-0.4421042194331553,-0.4000876821959835,-0.3887511335080592,-0.7790579708329489,-0.7361564242287818,-0.2712521883445121,-0.2898160536848073,V,VISA Inc.,,,
2023-02-21,-0.4757054410852813,-0.5083524500231525,-0.5196406222081043,-0.4575511096553065,-0.5214839128789436,-0.0035117710152025,-0.9525051993476388,-0.322153200527869,-0.3063791316842638,V,VISA Inc.,,,
2023-02-22,-0.4944446147954737,-0.5281606455887345,-0.5426021094050292,-0.4752829621401832,-0.5132293642396648,-0.7504664058627094,-0.2242987217214571,-0.3651017085383118,-0.3232380367097789,V,VISA Inc.,,,
2023-02-23,-0.4597757110329303,-0.4915149044728365,-0.5312879152935316,-0.4923579494482387,-0.475258642026049,-0.4938177124290635,0.3177349441503996,-0.3884831393083596,-0.3352312877257901,V,VISA Inc.,,,
2023-02-24,-0.5091240307415398,-0.5436773425143211,-0.5928508005045526,-0.5406267675560512,-0.576954741720082,-0.8088314705755802,-0.5332461036491555,-0.4185879169036335,-0.3508785306862081,V,VISA Inc.,,,
2023-02-27,-0.484138627647575,-0.5172659113373975,-0.5529180221403835,-0.478894969050707,-0.5026638039665734,-0.8536042854059455,0.2199074732344636,-0.4348028761591154,-0.3627012307213448,V,VISA Inc.,,,
2023-02-28,-0.4969433007725331,-0.530801839082041,-0.5419364192299932,-0.4736410497187948,-0.52676694492432,-0.5355794077202402,-0.164335403968109,-0.4502253647564741,-0.3746801655588709,V,VISA Inc.,,,
2023-03-01,-0.5462911349222664,-0.5829642771235246,-0.5918525191284122,-0.5744485601044144,-0.544596548305389,-0.7023729171480054,-0.5359399386476513,-0.4743608120534607,-0.3903143471305307,V,VISA Inc.,,,
2023-03-02,-0.5244278754024344,-0.5598544637522748,-0.6141483161503002,-0.5527765186412652,-0.596435355592539,-0.4922699407033123,0.1893359294040595,-0.4868939637817107,-0.4024253322652455,V,VISA Inc.,,,
2023-03-03,-0.3773205304665985,-0.4043575342182917,-0.4670622693823648,-0.4605067524303356,-0.5201634067764301,-0.347032670219645,1.466501138924204,-0.4588265184211699,-0.3992925973662908,V,VISA Inc.,,,
2023-03-06,-0.2842456917183251,-0.3059754694343007,-0.3539193127217447,-0.3360571060924323,-0.3970056821473379,-0.4364657346639571,0.8952124329024682,-0.4140703623940426,-0.3874965546514247,V,VISA Inc.,,,
2023-03-07,-0.3960601897356681,-0.4241662335400215,-0.3552501852989924,-0.3560872351341922,-0.3038941316637941,-0.8165984705084406,-1.1366183171079005,-0.408981689922112,-0.387522589424411,V,VISA Inc.,,,
2023-03-08,-0.426668850175208,-0.4565199722597753,-0.5033350212158961,-0.4184763998576806,-0.4620510619126016,-0.8706016330851035,-0.3410049213784108,-0.4129610175442114,-0.3904889368204832,V,VISA Inc.,,,
2023-03-09,-0.4947573147117642,-0.5284911096229887,-0.4554154840697618,-0.4683871303868834,-0.4805416740714244,-0.6252657439014934,-0.719380922387633,-0.4332872139889862,-0.3997315585144983,V,VISA Inc.,,,
2023-03-10,-0.6156289424473513,-0.6562557593553198,-0.6301218337142281,-0.6056428919454971,-0.5587946339501347,-0.1828281607694998,-1.2623951678067993,-0.4793170994534153,-0.4197543932863791,V,VISA Inc.,,,
2023-03-13,-0.6677876769315575,-0.711389351168219,-0.672383766031789,-0.7034947595560866,-0.704074488474374,-0.1344532590137501,-0.5738240859796498,-0.5271240129150817,-0.4429714477045014,V,VISA Inc.,,,
2023-03-14,-0.5369222764054841,-0.5730599274626621,-0.6051637837650187,-0.5872546753251249,-0.5928033340385498,0.1961507816066963,1.3293587758481602,-0.5296486092391116,-0.4514966202260278,V,VISA Inc.,,,
2023-03-15,-0.6084465555502151,-0.6486626429096545,-0.7036646032117846,-0.6650764138939554,-0.7113385315823544,0.3049450632749502,-0.7655584754680511,-0.5497588374327842,-0.466123034348226,V,VISA Inc.,,,
2023-03-16,-0.5747142948599145,-0.613007286384229,-0.6813688061898947,-0.8263024934726005,-0.686244885093305,1.7971095721154808,0.3140006477480836,-0.5562501153991981,-0.4761767959062135,V,VISA Inc.,,,
2023-03-17,-0.5765875810043921,-0.6149880555651721,-0.6454291533302958,-0.6256730209872561,-0.6961504442239727,3.239801668340184,-0.0537075046501939,-0.5615956879918992,-0.485496674594356,V,VISA Inc.,,,
2023-03-20,-0.5528515208989571,-0.5898974730129753,-0.5825348877691992,-0.5609855797068827,-0.6258215285956648,0.7116431901941443,0.2095896912014137,-0.5595594432428135,-0.4916873356078457,V,VISA Inc.,,,
2023-03-21,-0.4341658792241388,-0.4644435527396975,-0.5173114682547124,-0.5005670105138563,-0.4825226851340248,0.4735677574695122,1.1815628504000546,-0.5278037783564614,-0.4859049158863783,V,VISA Inc.,,,
2023-03-22,-0.4938201860806469,-0.5275007250325191,-0.4377785027274788,-0.4598498872535162,-0.4442214585315326,-0.1654649761369823,-0.6351874374965655,-0.5191806038704605,-0.4863832632574661,V,VISA Inc.,,,
2023-03-23,-0.4141749347310346,-0.443314508549387,-0.4261312096420516,-0.4486856844541924,-0.5122388587083628,-0.2422625950383442,0.7745582120695126,-0.4924280818630543,-0.4791611268198582,V,VISA Inc.,,,
2023-03-24,-0.4625875824851564,-0.494486562000401,-0.5565785564438473,-0.5146863550468826,-0.5046448150291728,-0.7027106127972602,-0.5205790412620022,-0.4846940851538379,-0.4772498813668037,V,VISA Inc.,,,
2023-03-27,-0.438537365786804,-0.46906551541395,-0.4650657066300793,-0.4115805681043789,-0.4412499419376312,-0.0218599012913798,0.208736551683103,-0.4727681497335788,-0.4732002268915666,V,VISA Inc.,,,
2023-03-28,-0.4847625708035273,-0.517926335649761,-0.4900237565792887,-0.5015520577584235,-0.4336553944407761,-0.2448797363200688,-0.5002465259297594,-0.4755969651520971,-0.473962757863047,V,VISA Inc.,,,
2023-03-29,-0.3919999464126655,-0.4198742311438782,-0.4827026879723612,-0.4270136429910459,-0.4511555010682997,-0.7895265359598477,0.9065600644052572,-0.4540925237289139,-0.4657378818484224,V,VISA Inc.,,,
2023-03-30,-0.4213587783047995,-0.4509076249950522,-0.4597412007754354,-0.4174908515717876,-0.3973356827185493,-0.5360015272818086,-0.3283164428093311,-0.4454417012214328,-0.461083244257939,V,VISA Inc.,,,
2023-03-31,-0.3245373672675666,-0.3485635180930271,-0.4064976655474842,-0.3491919044222153,-0.4079012429916407,0.6248554083356614,0.9387668538098802,-0.4142937840983195,-0.4475434627344575,V,VISA Inc.,,,
2023-04-03,-0.2139712411210018,-0.231693602612035,-0.2960164540413632,-0.321937761559406,-0.3540819284595562,-0.2440073558928273,1.061643687781202,-0.3627723541173904,-0.4246048774267656,V,VISA Inc.,,,
2023-04-04,-0.2558235028984303,-0.2759324601735992,-0.2663995884125457,-0.2329513191499286,-0.2296031939102855,-0.5723600921849085,-0.4429408276113648,-0.3347907876652437,-0.407775243646764,V,VISA Inc.,,,
2023-04-05,-0.2398952295227107,-0.259095418379431,-0.3189779412382862,-0.2421454274601143,-0.302903626132494,-0.696491384590151,0.1219262314199598,-0.3097477824675863,-0.3909442517268884,V,VISA Inc.,,,
2023-04-06,-0.3079832085003898,-0.3310660519864956,-0.3768807999186705,-0.3035495449390346,-0.323374745536254,-0.8451900354786801,-0.7014252357334808,-0.3083071056287784,-0.3821892455435469,V,VISA Inc.,,,
2023-04-10,-0.29424092118544,-0.3165402434075304,-0.3852001499017403,-0.3153701118738521,-0.3431858637975893,-0.657487537101222,0.1014619062204714,-0.3037265244474343,-0.3729089822096759,V,VISA Inc.,,,
2023-04-11,-0.2311493430441256,-0.2498514930309299,-0.2966821442163982,-0.2536383133685089,-0.2956395830245154,-0.780999720816164,0.5883257578623626,-0.2842220631539086,-0.3584068315219324,V,VISA Inc.,,,
2023-04-12,-0.2511388308606029,-0.2709805372212414,-0.2151526159368781,-0.2165331970186935,-0.1988965148046483,-0.8204819704748707,-0.2300245743677761,-0.2746849131415928,-0.3471448232379452,V,VISA Inc.,,,
2023-04-13,-0.0987214140543576,-0.1098712604225353,-0.173555866021529,-0.1682638778695562,-0.2144146027342396,0.0919998151156959,1.4609491539728572,-0.2287122997977553,-0.3222534086467035,V,VISA Inc.,,,
2023-04-14,-0.0571813666343416,-0.0659623631390811,-0.1020091515034329,-0.0553071174400456,-0.0978604162530362,0.7014841794123958,0.3645588238695393,-0.1836528527759704,-0.2956312402457021,V,VISA Inc.,,,
2023-04-17,-0.0740472542000528,-0.0837902932798688,-0.1332899886834285,-0.0979943351895228,-0.063851716164623,-0.6820267542804038,-0.1955365901763312,-0.1541539022646669,-0.2730507349080983,V,VISA Inc.,,,
2023-04-18,-0.0702987396755856,-0.0798282511618328,-0.1239723573242164,-0.0733671519926701,-0.0727667697639896,-0.7013879715043456,0.0014317682607025,-0.1310749664703261,-0.2521626251516157,V,VISA Inc.,,,
2023-04-19,-0.1024689574610714,-0.1138327987844215,-0.132957397482325,-0.0681132326607578,-0.0645122211247109,-0.9721917409025884,-0.3422587214591193,-0.121959315367625,-0.2362662401102544,V,VISA Inc.,,,
2023-04-20,-0.039066136080097,-0.0468140881297147,-0.1126581632127197,-0.0796061185691514,-0.1153600190628948,-0.6649449826889321,0.5748751206801428,-0.0989742799509742,-0.2157195107779341,V,VISA Inc.,,,
2023-04-21,-0.0562442380032234,-0.0649719785486086,-0.0827081986099727,-0.0178738190224834,-0.0314940265675959,-0.1455127915268447,-0.1981128904906779,-0.0861106571631701,-0.1986921477753378,V,VISA Inc.,,,
2023-04-24,-0.0965344568758362,-0.107560530963483,-0.096685153421616,-0.0792779365014018,-0.0569181774455218,0.5165395288371852,-0.4192100943785392,-0.0867246036700846,-0.1870861795477554,V,VISA Inc.,,,
2023-04-25,-0.195544281768221,-0.2122153673245603,-0.1010108701272925,-0.1475773846923008,-0.096869910721738,-0.3410948550535815,-0.9852018796414522,-0.1124022389429366,-0.186053983594509,V,VISA Inc.,,,
2023-04-26,-0.2405196582375375,-0.2597558426917943,-0.1758850199749209,-0.2365633260604534,-0.1563027616880771,0.3128809110324379,-0.4722951519861278,-0.1431154089651539,-0.1894395016790719,V,VISA Inc.,,,
2023-04-27,-0.2136590267635876,-0.2313636423339259,-0.2803760354513639,-0.2401753329709771,-0.2404992585722534,-0.0451327597858562,0.2286903808245692,-0.1593090537478657,-0.189934896922025,V,VISA Inc.,,,
2023-04-28,-0.0974720710658278,-0.1085509155539574,-0.1492629984745313,-0.192562878998663,-0.2411597635323412,1.2211415010073197,1.0995106806964634,-0.141862205505094,-0.1792151834972664,V,VISA Inc.,,,
2023-05-01,-0.1043437002821794,-0.1158140717215125,-0.1153204161400402,-0.0792779365014018,-0.1018229421959038,-0.7647340470437246,-0.1004464698720781,-0.1305272297679047,-0.1701306195575777,V,VISA Inc.,,,
2023-05-02,-0.2770628192623127,-0.2983823529886364,-0.1891962846115273,-0.2533096302594363,-0.1321996207303297,-0.5753712117240971,-1.69478442334381,-0.1660164637770961,-0.1784769312865573,V,VISA Inc.,,,
2023-05-03,-0.3082959084166794,-0.3313965160207545,-0.3123225628063955,-0.2628324216786946,-0.2963000879846051,-0.899193198055343,-0.3420080979912459,-0.2005882592993288,-0.189067198642312,V,VISA Inc.,,,
2023-05-04,-0.3201639384693974,-0.3439415554187776,-0.3991765969405594,-0.3429529378457349,-0.3669590041841226,-0.4614833540129167,-0.1518354998083742,-0.2295398180378105,-0.1998356924081382,V,VISA Inc.,,,
2023-05-05,-0.1271431173153762,-0.1399142696832387,-0.1901945659876687,-0.2178469273723342,-0.2513953232342203,-0.2957873554452295,1.8778698987857223,-0.2020923063021063,-0.1910684449982031,V,VISA Inc.,,,
2023-05-08,-0.1130886156430112,-0.1250579970700164,-0.1532566317519265,-0.087815179634769,-0.1553122561567769,-1.2241971191589809,0.1010774122085312,-0.1779270799284443,-0.1817470373675885,V,VISA Inc.,,,
2023-05-09,-0.0809188834164053,-0.0910534494474239,-0.1319591161061799,-0.1019345241677953,-0.1609252887733666,-0.8263635030327251,0.275164669314053,-0.1516097330739122,-0.1701802714653604,V,VISA Inc.,,,
2023-05-10,-0.1430728473677253,-0.1567513114774059,-0.1079993475331155,-0.1649805540681031,-0.0546066619940432,-0.5750897986830514,-0.6300114552974225,-0.1477019439440425,-0.1656404363041267,V,VISA Inc.,,,
2023-05-11,-0.1371266933694598,-0.1653353162696897,-0.21748176989027,-0.1856670472453604,-0.1718213534353344,-0.9766662082552144,0.0230136398448706,-0.1432566543289694,-0.1609416574103365,V,VISA Inc.,,,
2023-05-12,-0.1255470852892201,-0.153119733393626,-0.1772164003249947,-0.1347707684302656,-0.1305486102389407,-1.0850946529701089,0.0773657856060511,-0.1369734342707343,-0.155556790784261,V,VISA Inc.,,,
2023-05-15,-0.0807970081384725,-0.1059097220606509,-0.1738884572226354,-0.1108004504102332,-0.1572932672193773,-1.250987640666528,0.3969851372259907,-0.1208634579691503,-0.1463592394484817,V,VISA Inc.,,,
2023-05-16,-0.15402511337988,-0.1831627426543294,-0.1649034170645296,-0.1410097350067469,-0.1120585018977848,-0.8439236767939746,-0.7361120588525241,-0.127431710410479,-0.1450378901982157,V,VISA Inc.,,,
2023-05-17,-0.085804091270115,-0.1111921090472629,-0.1386144945380715,-0.1108004504102332,-0.1064454692811942,-0.6468219828455912,0.6258667376574748,-0.114982437438832,-0.1372779774400091,V,VISA Inc.,,,
2023-05-18,-0.0560747779554205,-0.0798282511618328,-0.1299625533538953,-0.0917553686130415,-0.1173415339431602,-0.1876121824672761,0.2506045831904555,-0.0980736148780408,-0.1273653712396031,V,VISA Inc.,,,
2023-05-19,-0.065149873352086,-0.0894026405445918,-0.1236397661231101,-0.0651580909270525,-0.0645122211247109,-0.5316396251456008,-0.1211145960365927,-0.0877033672843971,-0.119226379701274,V,VISA Inc.,,,
2023-05-22,-0.1286769978053726,-0.1564213511992977,-0.1392801847131084,-0.0901139572329778,-0.0872948559799486,-0.9288822738856608,-0.6418543740958753,-0.0961056378841225,-0.117934717034746,V,VISA Inc.,,,
2023-05-23,-0.3383471472663109,-0.377616142763259,-0.285034851130969,-0.3370421533370023,-0.220688140310919,0.3513782150474848,-2.056767327566104,-0.1558090001067209,-0.1369179116360832,V,VISA Inc.,,,
2023-05-24,-0.4112615814736781,-0.4545392030788321,-0.4976774163873226,-0.4562378803429915,-0.4425704480401436,-0.1569663022974033,-0.7587095703057438,-0.219157366415226,-0.1611852663765918,V,VISA Inc.,,,
2023-05-25,-0.3758992996358848,-0.4172330376505708,-0.4447664723604758,-0.4411329875240713,-0.4458724690229215,-0.129725519924183,0.3204822814239766,-0.2576620919040646,-0.1798468111533633,V,VISA Inc.,,,
2023-05-26,-0.324890368570582,-0.3634202944623982,-0.39418468228702,-0.3475499920008259,-0.4006371998836612,-0.625096896076866,0.4749393899835851,-0.2735489843066928,-0.1919079152102578,V,VISA Inc.,,,
2023-05-30,-0.4303508431336304,-0.4746778626786702,-0.4188101410351241,-0.4654319886531772,-0.361345971567532,-0.1048486070957462,-1.0799865168533016,-0.3123242686219048,-0.2130113971364757,V,VISA Inc.,,,
2023-05-31,-0.449440590352459,-0.4948165222785082,-0.5499231780119567,-0.5839708504823479,-0.5280874510268315,3.70677846865136,-0.2265857429263083,-0.3462677695837811,-0.234031645806532,V,VISA Inc.,,,
2023-06-01,-0.2782616641277149,-0.3142290101923302,-0.3775459823208804,-0.3774310945295928,-0.4366274148523436,-0.080196824700146,1.6931716410518978,-0.3281272068342008,-0.2366840288196475,V,VISA Inc.,,,
2023-06-02,-0.2065994862621347,-0.2386267985014857,-0.2590785198056192,-0.2135780552849891,-0.2358767314869658,-0.3915803546171736,0.6713316382285276,-0.2962698818904459,-0.2322057714043934,V,VISA Inc.,,,
2023-06-05,-0.2698129396813819,-0.3053150451219373,-0.3236367569178922,-0.2828625507204563,-0.2655929050613029,-0.6837433738307824,-0.6507959799475386,-0.2884769544516319,-0.2342118928976931,V,VISA Inc.,,,
2023-06-06,-0.2244360060214246,-0.2574446094765951,-0.2930216099129344,-0.2549515426808266,-0.3058751427263945,-0.356966550568557,0.4119222688388592,-0.2710750412314598,-0.231673156447368,V,VISA Inc.,,,
2023-06-07,-0.3167533729227853,-0.3548362896701145,-0.349593088243244,-0.4237298181482699,-0.2956395830245154,0.3457499542265715,-0.936812723787396,-0.2815362550405465,-0.238240493694513,V,VISA Inc.,,,
2023-06-08,-0.3862266513743373,-0.4281277719019077,-0.4297917439455154,-0.3780874586650902,-0.3587044555448438,-0.2927762359060409,-0.7224148843276244,-0.3070765694599946,-0.250889876852899,V,VISA Inc.,,,
2023-06-09,-0.370266816671664,-0.4112907301077433,-0.4284608713682677,-0.3665950737980167,-0.4065807368891282,-0.254278931890994,0.1251633591334589,-0.3221669364459286,-0.2608549569730319,V,VISA Inc.,,,
2023-06-12,-0.2885895014250428,-0.3251237444436672,-0.3861984312778816,-0.3380272005815686,-0.3811565860112051,0.374988769191216,0.7805473150236008,-0.3126820167365198,-0.2620617628807521,V,VISA Inc.,,,
2023-06-13,-0.3752738998033056,-0.4165731170943553,-0.3629043528798504,-0.3708634448440389,-0.3412048527349871,-0.1181594439372061,-0.8894330379248673,-0.3276462942681976,-0.2714925918862844,V,VISA Inc.,,,
2023-06-14,-0.374022614579271,-0.4152522684696276,-0.4188101410351241,-0.3725053572654273,-0.4032787159063494,0.5268392461394565,-0.0219579952276161,-0.338550807994508,-0.2799457757594644,V,VISA Inc.,,,
2023-06-15,-0.2885895014250428,-0.3251237444436672,-0.3642352254570981,-0.4122374332811993,-0.4600700508500022,1.4761298574987962,0.8184816473789116,-0.3249699203979545,-0.2794170526865994,V,VISA Inc.,,,
2023-06-16,-0.2028432027956524,-0.2346647563834515,-0.2747189383956155,-0.2575785023467813,-0.3137996907944618,1.784248996139694,0.8112751792211862,-0.2929452154520665,-0.2706928503917719,V,VISA Inc.,,,
2023-06-20,-0.2792012205532124,-0.3152193947828018,-0.2823725982036485,-0.2542951785453292,-0.2956395830245154,1.4137405862989725,-0.7785676243935847,-0.288374590306983,-0.27010272443746,V,VISA Inc.,,,
2023-06-21,-0.2547921758453288,-0.2894683879182417,-0.3136534353836432,-0.2936985714520295,-0.3246957554564296,-0.0721765530303446,0.205978297655698,-0.278729792338185,-0.2672195903995407,V,VISA Inc.,,,
2023-06-22,-0.2191162229734916,-0.251832262211873,-0.3036706216222203,-0.2766235841439731,-0.3167712073883614,-0.2850936598854943,0.3157520394681619,-0.2624097545930782,-0.2611687166984119,V,VISA Inc.,,,
2023-06-23,-0.1828158413868295,-0.2135357121931401,-0.2687292501387628,-0.2473993467920275,-0.2883755399165368,-0.5246042991194593,0.3201029298574547,-0.2409242489764538,-0.252178047849222,V,VISA Inc.,,,
2023-06-26,-0.2845214891600215,-0.3208317420475239,-0.2647356168613675,-0.2536383133685089,-0.2150751076943284,-0.5974902767502863,-1.0228190866394105,-0.2507139041723404,-0.2537825699213627,V,VISA Inc.,,,
2023-06-27,-0.2519759343632157,-0.2864972341468261,-0.3143191255586792,-0.2431304747046834,-0.2797909907060477,-0.7485809384877035,0.2863643674131795,-0.2497669988663422,-0.252112336260055,V,VISA Inc.,,,
2023-06-28,-0.2325730016692232,-0.2660281105127319,-0.3326217970760008,-0.2595485968359186,-0.2791304857459579,-0.5527174619199211,0.1559363395858167,-0.2441150158041855,-0.2487285676507226,V,VISA Inc.,,,
2023-06-29,-0.0335424183041508,-0.0560580134782148,-0.1116598818365774,-0.1748310265137863,-0.2365372364470527,-0.0477499010675809,1.91319944624419,-0.1891841993413495,-0.2265178559362363,V,VISA Inc.,,,
2023-06-30,0.0653460168691792,0.0482663588486035,0.0074732708537215,0.0665150681905762,0.0104392215888855,-0.1151483243980175,0.906973639363392,-0.1227998287942654,-0.1968192858385969,V,VISA Inc.,,,
2023-07-03,0.0806799661803999,0.0644434800865562,0.0114663963582916,0.0487837167470233,0.0345423625466338,-1.1822665760431768,0.109585408724419,-0.0691060911009112,-0.1683463984960581,V,VISA Inc.,,,
2023-07-05,0.126994514030347,0.1133043003223691,0.064710439359068,0.0021563100192773,-0.0509746404400558,0.0879756086287429,0.3997029921964108,-0.0170397657933463,-0.1380093311060802,V,VISA Inc.,,,
2023-07-06,0.1091575087121808,0.0944864893472596,0.0513996824952858,0.0908140693196812,0.0764756107031153,-0.2382946711596003,-0.200624430204632,0.0174670058906159,-0.1121450069500748,V,VISA Inc.,,,
2023-07-07,0.0331126764297868,0.0142618112260148,0.0127977767083645,0.0724258526993098,0.0256273089472654,-0.438745180296427,-0.7445863222644163,0.0239789474464441,-0.0959428427600427,V,VISA Inc.,,,
2023-07-10,0.0866261201786627,0.0707162516636408,0.0347609825291461,0.0845751027431999,0.0348723631178471,-0.6837433738307824,0.4704106873378705,0.0424924388472952,-0.0760688851319744,V,VISA Inc.,,,
2023-07-11,0.1614182105603962,0.1496200811601589,0.0880045177570983,0.1377696581151778,0.0943052140841834,-0.9658318061749565,0.6660939901359981,0.075426629176319,-0.0508112302387384,V,VISA Inc.,,,
2023-07-12,0.2133666980511964,0.2044237126949509,0.196156067537006,0.2398903978131124,0.18477524854504,-0.3299790399322777,0.4472929874535465,0.1133582227086599,-0.02285546132803,V,VISA Inc.,,,
2023-07-13,0.2477894234634922,0.240738989776589,0.206805079246291,0.3029359266720982,0.2587356819096712,-0.4133898652982127,0.2825795782953186,0.1505741680288837,0.005868233037801,V,VISA Inc.,,,
2023-07-14,0.2430955258070147,0.2357870668242312,0.2224454978362903,0.2638612168744705,0.2897728654041849,-0.6605830805527243,-0.0774878309648366,0.177290621011367,0.0315294168443681,V,VISA Inc.,,,
2023-07-17,0.2690704978907273,0.2631888825916301,0.2434099145081035,0.2980106904492566,0.2362835514433137,-0.8331174160178211,0.2038414137053371,0.2039436216441721,0.0573549680121432,V,VISA Inc.,,,
2023-07-18,0.1683034354252821,0.1568832373277159,0.1705323274127597,0.1233216304730789,0.2359535508721004,0.1084624780168673,-0.9557434346954878,0.1982686394444494,0.0711451188624098,V,VISA Inc.,,,
2023-07-19,0.1886444678681453,0.1783422417961337,0.1508987833181941,0.2034421466401183,0.1748696894143723,-0.690328438991251,0.154008079765078,0.1991931349425743,0.0856371817770907,V,VISA Inc.,,,
2023-07-20,0.1323147826371571,0.1189166475870912,0.1182870735609517,0.1689644909975844,0.1718981728204699,-0.7298669712581668,-0.5549448807092534,0.1855396924613304,0.093396316937549,V,VISA Inc.,,,
2023-07-21,0.1207356601157936,0.1067015684671754,0.0763577324444953,0.1577997871569367,0.1250123970074894,-0.5237600599963222,-0.1422486646306219,0.1723504814222403,0.0993368734054624,V,VISA Inc.,,,
2023-07-24,0.1673643645586617,0.1558928527372462,0.1073054706505594,0.1400684357133866,0.1230308821272222,-0.3598088222831181,0.4003094421658568,0.1743346088752005,0.1092202062697836,V,VISA Inc.,,,
2023-07-25,0.1032118402727942,0.0882137177701732,0.0913324608594567,0.1522176857572748,0.1342574511780665,-0.6447395263418534,-0.6289031261922632,0.1594834627931245,0.1120375085981715,V,VISA Inc.,,,
2023-07-26,0.053453708872649,0.0357213194505805,0.0264416325460763,-0.2050408121516238,-0.1496992235401873,0.0739612391846688,-0.499481619738498,0.1356720222712429,0.1098150062437097,V,VISA Inc.,,,
2023-07-27,-0.0297880770731707,-0.0520964751163286,0.0201188453152901,-0.0316649814877619,0.0484099438025022,0.2452573572691647,-0.8176298851866824,0.0966122861513343,0.0997917854080267,V,VISA Inc.,,,
2023-07-28,0.0112066877288451,-0.0088480021452378,-0.0723922858746183,-0.0070377982909092,-0.0453616078234643,-0.1389558676704808,0.3556212877581847,0.0777585910456573,0.0946209533398873,V,VISA Inc.,,,
2023-07-31,0.0731688559240558,0.056519899606633,0.0121320865333276,0.0681569806119647,0.0015241679895189,-0.7004311671647904,0.5518544660564574,0.0793996915629497,0.0958771644714437,V,VISA Inc.,,,
2023-08-01,0.1373218657687987,0.124199034573706,0.0890027991332396,0.100993224874435,0.0391648896319233,-0.7489186341369583,0.5675290692159112,0.0969698822914865,0.1031867670021656,V,VISA Inc.,,,
2023-08-02,0.0678490728761247,0.05090755234191,0.0244445620209666,0.0940973931211333,0.0883621808963843,-0.6811262325490578,-0.6807792126889749,0.0924532449440279,0.1031528303228782,V,VISA Inc.,,,
2023-08-03,0.1054017108045739,0.0905244472292255,0.0330970109779679,0.043529797415112,0.0015241679895189,-0.6345242329518958,0.3181758350692595,0.0986301860012218,0.1067322437747143,V,VISA Inc.,,,
2023-08-04,0.1125991500268731,0.0981180674310396,0.1282703950951979,0.128575549804993,0.0675605571037488,-0.59628020067379,0.0327934088946464,0.1050960339842377,0.1106782090645397,V,VISA Inc.,,,
2023-08-07,0.1914602237913794,0.1813133955675503,0.1372549274804804,0.1735615451526772,0.1078427947688423,-0.4611737996677665,0.7016412488072568,0.1300308360495025,0.1218470580410179,V,VISA Inc.,,,
2023-08-08,0.1219879164575798,0.1080219133357542,0.1099677235778819,0.1137993400951454,0.147464527473847,-0.6213541026309586,-0.6761449411497842,0.1310377808733553,0.1253215739025487,V,VISA Inc.,,,
2023-08-09,0.1366959803773451,0.1235386102613436,0.1302669578474843,0.1827556534628638,0.1501060434965361,-0.909971317527392,0.1026611771011688,0.1355390402286836,0.1298942400785415,V,VISA Inc.,,,
2023-08-10,0.16334636485789,0.136744577727877,0.196156067537006,0.2024570993955511,0.1540680656217368,-0.7065096888513767,0.2135047155577617,0.1457026689013547,0.1366133449092673,V,VISA Inc.,,,
2023-08-11,0.1595837691260141,0.1327825356098428,0.0886702079321352,0.1476206316021838,0.1335969462179786,-1.036016218611745,-0.0693362160580523,0.1523670811006386,0.1423598906465527,V,VISA Inc.,,,
2023-08-14,0.2492524123575615,0.2272030620319475,0.1755242420662972,0.208039200795213,0.1573700866045147,-0.8266449160737708,0.7972944935636739,0.180203425829402,0.1562046575346792,V,VISA Inc.,,,
2023-08-15,0.1529995907643865,0.1258498434765419,0.1535610362455146,0.1781585993077691,0.1999633359034218,-0.9901458929213016,-0.9167608065263376,0.1765657002641191,0.1595371799445299,V,VISA Inc.,,,
2023-08-16,0.1360686383092601,0.1080219133357542,0.1003175010175634,0.0688138457887841,0.0190237707993765,-1.1453451850579857,-0.1916380270355374,0.169525199719834,0.1609390245762316,V,VISA Inc.,,,
2023-08-17,0.0758719621880083,0.0446347807648255,0.0773560138206385,0.084246920675453,0.1335969462179786,-0.8754700786951936,-0.5945742170522692,0.148913112115835,0.1564261934923907,V,VISA Inc.,,,
2023-08-18,0.1009539914983429,0.0710462119417499,0.0330970109779679,0.0451717098365005,-0.0123434132663493,-0.8284178182323585,0.2008198656286846,0.1398422804392048,0.154734975599348,V,VISA Inc.,,,
2023-08-21,0.1413991036524709,0.1136347643566261,0.08234742070135,0.1259485901390374,0.1131258268142205,-1.045443555486775,0.3436531495431699,0.1433402706173989,0.1570858487232268,V,VISA Inc.,,,
2023-08-22,0.1762015361059756,0.1502805054725232,0.1122968775312709,0.1558296926678014,0.1335969462179786,-0.9681112518074264,0.2891491886998784,0.1548277224008095,0.162568869674574,V,VISA Inc.,,,
2023-08-23,0.2304408903748105,0.2073948664663656,0.149234811767014,0.2231440936141304,0.17718120486585,-0.6587538957859275,0.4675515433490512,0.1772577312847515,0.1727679397864072,V,VISA Inc.,,,
2023-08-24,0.1417122891276368,0.1139647246347334,0.1831779018743283,0.1784867813755188,0.2078878839714872,-0.7648466122601429,-0.8498035389686496,0.1714816251087477,0.1735095618006595,V,VISA Inc.,,,
2023-08-25,0.2389066093818122,0.2163088315367594,0.1781864949936168,0.2063977894151475,0.1791622159284503,-1.0544769141043406,0.8692470330565482,0.1919043233352524,0.1835279074756318,V,VISA Inc.,,,
2023-08-28,0.2784107084338141,0.2579064956050143,0.2387510988284965,0.2848763931607975,0.2329815304605367,-0.9981943058952076,0.3281570518222766,0.2172827908629132,0.1964333705324477,V,VISA Inc.,,,
2023-08-29,0.3257541555424852,0.3077577004312996,0.2587177418969955,0.3111449877377158,0.2491606271678809,-0.9323155129864178,0.3978691208310826,0.24837471767161,0.2127171511507798,V,VISA Inc.,,,
2023-08-30,0.3536572819236943,0.3371402853796368,0.3385832986253344,0.398161335658056,0.3455736948165366,-0.7641149383534241,0.2187795075092474,0.27880041236307,0.2302031607404223,V,VISA Inc.,,,
2023-08-31,0.3364136295522774,0.3189823949607429,0.3315953289923384,0.3784593886840439,0.3181685328760122,-0.4941554080783183,-0.190380101155856,0.2972278343229192,0.2444417493092269,V,VISA Inc.,,,
2023-09-01,0.4126007305854084,0.3992070730819887,0.3598808142710811,0.4218034716103396,0.3802428998650405,-0.893677502450848,0.6560192283784437,0.330452772949806,0.2647104560502006,V,VISA Inc.,,,
2023-09-05,0.3257541555424852,0.3077577004312996,0.3538911260142273,0.3702503276184263,0.4092990722969538,-0.7961116011203162,-0.8138209976453229,0.3332522042367792,0.2747872288941914,V,VISA Inc.,,,
2023-09-06,0.3514630413620286,0.3348295559205855,0.2863380447735246,0.3377427664650286,0.3125555002594217,-0.7790298295288444,0.1988658889451414,0.341899668111533,0.2864195525222499,V,VISA Inc.,,,
2023-09-07,0.3821887214907382,0.3671832946403412,0.3109629957488053,0.3672951858847229,0.3151970162821108,-0.9232258717606427,0.2434664488504137,0.356210902167413,0.2999483217354725,V,VISA Inc.,,,
2023-09-08,0.3868918447658649,0.372135217592699,0.3355884544969085,0.4109674508787664,0.390808460138131,-1.119877304843353,0.007919248065635,0.368142183423653,0.3126993553950827,V,VISA Inc.,,,
2023-09-11,0.3846971186453248,0.3698244881336486,0.342909523103837,0.4053853494791045,0.375620372779751,-1.2080440106029595,-0.054213587421312,0.3765316615216479,0.3240802058742362,V,VISA Inc.,,,
2023-09-12,0.387205030241029,0.3724656816269561,0.3229428800353399,0.3968476053044171,0.3627432970551828,-1.066268120524154,-0.011865395777477,0.3834625192965205,0.3346675411558854,V,VISA Inc.,,,
2023-09-13,0.4038218261032408,0.3899631477334866,0.3994810014341438,0.4165495522784282,0.3696768357742849,-0.4591476257722377,0.1151563043773106,0.3928928553032679,0.3458899099742694,V,VISA Inc.,,,
2023-09-14,0.2053588610644776,0.1809834352894411,0.2490670115638519,0.158456652333758,0.2986879190035533,1.325855293580411,-1.8174879831772857,0.3494183469352216,0.3370120751484123,V,VISA Inc.,,,
2023-09-15,0.1918778044249348,0.1667875869885823,0.2011479821905427,0.2004870049064139,0.1963313143494316,1.6291904105235329,-0.1587440376359325,0.3133789259056592,0.3276452638119532,V,VISA Inc.,,,
2023-09-18,0.3044342364051511,0.2853083113724084,0.2387510988284965,0.224786006035518,0.1646341297124932,-0.7083107323140689,1.005135809511686,0.3150167705637448,0.3299510193767589,V,VISA Inc.,,,
2023-09-19,0.2699454749856894,0.2489925305346186,0.2350905645250337,0.2474430947432353,0.2986879190035533,-0.7259271886835275,-0.3483219917637881,0.3074610849335047,0.3287314531853642,V,VISA Inc.,,,
2023-09-20,0.2166456771423493,0.1928685541312506,0.2154570204304672,0.2543384254552122,0.253453153681959,-0.4311188868840895,-0.5217049693051237,0.2882191997360113,0.3224985788501715,V,VISA Inc.,,,
2023-09-21,0.0520436458960903,0.0195441982126306,0.0906667706844198,0.0770229068544017,0.1590210970959027,-0.1145573570118216,-1.5497765528477363,0.2318646908678962,0.3010076901862158,V,VISA Inc.,,,
2023-09-22,0.0040738278370857,-0.030967430926019,-0.0088328379113126,0.0313805473712219,0.0262878139073551,-0.3807740938410202,-0.4858606671727993,0.177381200339476,0.276858758655723,V,VISA Inc.,,,
2023-09-25,-0.0498533120743348,-0.0877518316417532,-0.0860361417123311,-0.0562921646846146,-0.0189469514142391,-0.3846857351115549,-0.54522337650378,0.1227836814164313,0.2497206948354206,V,VISA Inc.,,,
2023-09-26,-0.1661728253453042,-0.2102345981436172,-0.1792129630772783,-0.141994782251316,-0.1328601256904184,-0.3082539531635525,-1.1442929226963543,0.0522096988198983,0.2138669110655064,V,VISA Inc.,,,
2023-09-27,-0.1708744919438005,-0.2151865210959759,-0.2454351717407315,-0.197159933153754,-0.1880004501426786,-0.3607374853185688,-0.0800373913148095,-0.0019182728355208,0.1808205496702053,V,VISA Inc.,,,
2023-09-28,-0.103153109917673,-0.1438758080451268,-0.183539187555779,-0.139696505694431,-0.1744628694580235,-0.8680689157156926,0.6225655824430859,-0.0252660444396308,0.1572890543237514,V,VISA Inc.,,,
2023-09-29,-0.1548850381496764,-0.1983494793018078,-0.1672330787907447,-0.1403533708712504,-0.1028134477272031,-0.3499030832383108,-0.5316650144146573,-0.0559526676564924,0.1309233411086559,V,VISA Inc.,,,
2023-10-02,-0.1153809390976755,-0.1567513114774059,-0.2224736845438066,-0.1692489251141253,-0.2216786458422172,-0.5947324289480388,0.3479578290929273,-0.0689061912113555,0.1107523869926801,V,VISA Inc.,,,
2023-10-03,-0.1925090532329308,-0.2379663741891233,-0.2098281100822361,-0.2017569873088469,-0.1810664076059133,-0.4792123755987936,-0.7770061308148544,-0.0982653761123866,0.0850001528072018,V,VISA Inc.,,,
2023-10-04,-0.1169478375912552,-0.1584021203802408,-0.2114920816334153,-0.1656369182035996,-0.2137546015918178,-0.5227751143526624,0.7008367392854544,-0.101039801676769,0.068853394274198,V,VISA Inc.,,,
2023-10-05,-0.046091201901336,-0.0837902932798688,-0.1286311730038225,-0.1216364711418074,-0.1830474186685155,-0.327108626913612,0.6478694591201055,-0.0850738844593077,0.0609865937345478,V,VISA Inc.,,,
2023-10-06,0.0028191437009175,-0.0322882795507476,-0.0487656162754816,-0.0385608132410636,-0.0919173830652362,-0.2496918993219497,0.4319762099452526,-0.0606422912597687,0.0585371380732553,V,VISA Inc.,,,
2023-10-09,-0.0159928638407087,-0.0520964751163286,-0.0960194632465801,-0.0730389699249223,-0.1041339538297156,-0.5392940598620429,-0.2126608370860756,-0.0471098955486642,0.0545017966536577,V,VISA Inc.,,,
2023-10-10,0.0517304604209235,0.0192142379345214,0.0054767081014369,0.0116786003972099,-0.0347960475503729,-0.7442190363514957,0.6087398013159666,-0.0197118969528013,0.0573441425547323,V,VISA Inc.,,,
2023-10-11,0.0228853498198349,-0.011159235360438,0.0151269306617563,0.0317087294389697,0.0527024703165802,-0.7113218518532576,-0.3059038239396591,-0.0065100650062659,0.0571549594917566,V,VISA Inc.,,,
2023-10-12,0.0573731401215478,0.0251565454773517,-0.0108294006635982,0.0317087294389697,0.0249673078048435,-0.7923969489785134,0.2913667949789747,0.0121751307398971,0.0602985891409178,V,VISA Inc.,,,
2023-10-13,0.0852777231793847,0.0545391304256908,0.0197857463413615,0.075709176500761,0.0144012437140871,-0.6533789067019552,0.2279480017035059,0.0332961481407706,0.0658391469835227,V,VISA Inc.,,,
2023-10-16,0.1605233255515115,0.1337734239564642,0.0883376167310298,0.1446654898684794,0.1005787516608637,-0.2986577684638953,0.6704693844855429,0.0683014896017717,0.0781100385271053,V,VISA Inc.,,,
2023-10-17,0.1959526145142241,0.1710790856285757,0.1139608490824491,0.1433517595148387,0.1213803754534992,-0.7769755143292111,0.2941408448008478,0.1035791112304387,0.0926715232648928,V,VISA Inc.,,,
2023-10-18,0.0790072158518001,0.0479363985704972,0.092330742235599,0.1006650428066882,0.1322764401154671,0.6302866800278427,-1.113996220548472,0.1002520750020832,0.0946662481413464,V,VISA Inc.,,,
2023-10-19,-0.0357449133667096,-0.0728955590285328,-0.004506613432812,-0.0168887717779171,0.0500609542938911,-0.3830535394734901,-1.1103883049268628,0.068530157218833,0.0854475041303186,V,VISA Inc.,,,
2023-10-20,-0.0492264555651278,-0.0870914073293898,-0.076052820178083,-0.0421728201515883,-0.0602196946106328,-0.4334546151247685,-0.1628366076833926,0.0413050554590974,0.0757707286717594,V,VISA Inc.,,,
2023-10-23,-0.107229376683591,-0.1481678104412682,-0.1196461328457157,-0.0868301323902009,-0.1516802346027867,-0.6238586786962651,-0.5878289459307484,0.0061132524501527,0.0613973297188279,V,VISA Inc.,,,
2023-10-24,-0.0094081999202068,-0.0451637829830267,-0.0507621790277672,-0.0339637590859707,-0.1011624372358151,-0.1250822047469295,0.9062664775192696,0.0046338344351015,0.0577350124648866,V,VISA Inc.,,,
2023-10-25,0.0595678662420897,0.0274677786925509,0.0141286492856112,-0.0865019503224531,-0.122294061599662,0.8658293953830638,0.6200512119904581,0.0210920381651101,0.061036908327893,V,VISA Inc.,,,
2023-10-26,-0.1150672680636325,-0.1564213511992977,-0.081377326032724,-0.1170394169867136,-0.0456916083946757,-0.2459772471801469,-1.676148009595113,-0.0110427718191951,0.0472494222349543,V,VISA Inc.,,,
2023-10-27,-0.1780860123735112,-0.2227796375416421,-0.2218079943687697,-0.1935479262432293,-0.157953772179466,-0.4918196798376393,-0.641141454620029,-0.0511943543993144,0.0286567984677413,V,VISA Inc.,,,
2023-10-30,-0.0586322165565024,-0.0969957569902552,-0.1555857857053165,-0.1278754377182887,-0.1242750726622623,-0.5961113528491625,1.125624940352227,-0.0508839160144046,0.0232385560007268,V,VISA Inc.,,,
2023-10-31,0.0047001987874183,-0.0303070066136556,-0.0777167917292612,-0.0306799342431929,-0.0787098029517906,-0.6923264715826752,0.5705473804031944,-0.0345207221078653,0.0244015824836745,V,VISA Inc.,,,
2023-11-01,0.1138081916286761,0.0845821396863943,0.0327639120040364,0.0576491419481383,0.0061466950748084,-0.6451053632952127,0.9988756021504196,0.0055407881418081,0.0359483891358448,V,VISA Inc.,,,
2023-11-02,0.2602270140780234,0.2387582205956478,0.1728619891389758,0.1732328620436047,0.1306254296240762,-0.2819418338257828,1.332008323888981,0.072878867668743,0.0605220137622293,V,VISA Inc.,,,
2023-11-03,0.2712006446807321,0.2503133791593481,0.2417464507297504,0.2737116893201536,0.302649941128754,-0.6356498851160783,0.0659931743130752,0.1261773415348674,0.0839166640250574,V,VISA Inc.,,,
2023-11-06,0.267751234424022,0.246681801075571,0.223776370413537,0.2852045752285472,0.2656697244464384,-0.5725289400095359,-0.0659810183654203,0.1652726539864323,0.1048529057898148,V,VISA Inc.,,,
2023-11-07,0.3078831611029841,0.2889398894561883,0.2334271007466806,0.3104886236022193,0.2461891105739785,-0.8636225896671711,0.3325280509975185,0.2048154859035821,0.1277440875134075,V,VISA Inc.,,,
2023-11-08,0.2972003802671358,0.2605476890983198,0.2227780890373947,0.2914435418050276,0.2488306265966704,-0.6109699614163736,-0.1316289402590745,0.2317517732142522,0.1475272231482643,V,VISA Inc.,,,
2023-11-09,0.2258776080560368,0.1856053979636917,0.213793048879287,0.231353154679748,0.2765657891084062,-0.6815764934147308,-0.6841472875974551,0.2337885302865023,0.1586550072545131,V,VISA Inc.,,,
2023-11-10,0.3393022193069463,0.304786546659884,0.2400824791785703,0.2641893989422182,0.2650092194863487,-0.8988836437101928,1.008463013719502,0.2642046282832045,0.1796756789219007,V,VISA Inc.,,,
2023-11-13,0.321078223564428,0.2856382716505175,0.2537258272434579,0.3344589416222526,0.2986879190035533,-0.9005439806523623,-0.1995519514633445,0.2823751654736651,0.1970333476318541,V,VISA Inc.,,,
2023-11-14,0.3924019668932785,0.3605805627851475,0.3285999770910864,0.3827282607713889,0.3373191461772579,1.9145713754479408,0.6132328479324523,0.3141687741148038,0.2196700244738807,V,VISA Inc.,,,
2023-11-15,0.4291616871768506,0.3992070730819887,0.3389163975992678,0.3748473817735201,0.3584507705411029,1.680126170952798,0.2962909625913443,0.3473764485606678,0.2437828564425887,V,VISA Inc.,,,
2023-11-16,0.4436158038043487,0.414393809729468,0.3791817671645422,0.4382215937415747,0.417223116547357,-0.0666889987299541,0.0949842540407543,0.3759635763653517,0.2670932139864655,V,VISA Inc.,,,
2023-11-17,0.4747202198565154,0.4470775087273271,0.4054711974638264,0.4838639532247545,0.4456187840191816,-0.0141773252708332,0.2435724870870912,0.405326020009932,0.2912747888800758,V,VISA Inc.,,,
2023-11-20,0.4876035535194222,0.4606134364719734,0.4284321768879243,0.3833851259482084,0.4509018160645607,0.3702328887975443,0.0802475333988326,0.4306291562399937,0.3144966268265636,V,VISA Inc.,,,
2023-11-21,0.5586111980198487,0.5352252635723455,0.5086308325901966,0.5288494475311167,0.4647693973204281,-0.0210719447764519,0.5966905385794523,0.4676917057910182,0.3424339772536314,V,VISA Inc.,,,
2023-11-22,0.6054263570711867,0.5844165478424163,0.5485636109543656,0.6152089302746356,0.5628334754604728,-0.4466528867498102,0.3779301007584837,0.507412142494566,0.3723323210548542,V,VISA Inc.,,,
2023-11-24,0.6236488961370754,0.6035648228517827,0.5538881168090085,0.6427912552051945,0.6021252075942661,-1.5893305399157305,0.1251223891090495,0.5418436353229825,0.4012645263641498,V,VISA Inc.,,,
2023-11-27,0.618622390650383,0.5982824358651679,0.5632057481682198,0.6106118761195437,0.6057572291482554,-0.5092672883824705,-0.0783694103815071,0.566387035828586,0.4270832890612346,V,VISA Inc.,,,
2023-11-28,0.5809182583525504,0.5586655409778561,0.5355854452916907,0.5807307735907796,0.5908991423610859,-0.5779320703976126,-0.3640825546539612,0.5751915824835009,0.4469300620500854,V,VISA Inc.,,,
2023-11-29,0.6214497999866475,0.6012535896365816,0.599478500001753,0.6434481203820139,0.5932101539948986,-0.6566714392821895,0.3215771800881488,0.59211811945156,0.4688692361099573,V,VISA Inc.,,,
2023-11-30,0.6984283619880262,0.6821381883140419,0.6227720706269572,0.6319552344736203,0.6041062186568664,-0.1164709656909322,0.6382974108109621,0.6244189744310694,0.4962145652112786,V,VISA Inc.,,,
2023-12-01,0.6912017892331533,0.6745455756245265,0.6274313940793893,0.6559255524936537,0.6549540165950504,-0.9425026650722708,-0.097006043306824,0.6468040533493301,0.5203792013800886,V,VISA Inc.,,,
2023-12-04,0.6280475739968076,0.6081867855260332,0.6434049116433181,0.6707022632448233,0.6589165425379152,-0.5743862660804373,-0.58160759046208,0.6475078838590701,0.5362754829314811,V,VISA Inc.,,,
2023-12-05,0.633389692753046,0.6137991327907563,0.5578817500864038,0.598133942966582,0.6021252075942661,-0.8694196983127118,0.0121960064747663,0.6493963605581289,0.5512402327839685,V,VISA Inc.,,,
2023-12-06,0.6233347395441572,0.6032343588175257,0.6247686333792417,0.6437763024497627,0.6552845209839278,-0.9609070779566572,-0.1221961954583761,0.6482517851759192,0.56387787984843,V,VISA Inc.,,,
2023-12-07,0.6714074960849198,0.6537464917123241,0.601808161727969,0.6427912552051945,0.6252378430207134,-1.0410253707423578,0.3855775487487187,0.6596371802960147,0.5799883063053854,V,VISA Inc.,,,
2023-12-08,0.6688942433415727,0.6511052982190177,0.5984802186256106,0.6549405052490846,0.6288698645747026,-1.000783305872828,-0.0562805454897837,0.6675361170782315,0.5943925274742082,V,VISA Inc.,,,
2023-12-11,0.6934008853835821,0.6768558013274271,0.6513911626524564,0.6920456215988999,0.6288698645747026,-0.2277416821203879,0.1784572640204881,0.6797020061978244,0.6098433127780647,V,VISA Inc.,,,
2023-12-12,0.7889166286026432,0.7772191390485081,0.720940806645442,0.7380161631498284,0.7048113090019342,-0.3776504090854133,0.7928500887948028,0.7131536779552389,0.6330722487235095,V,VISA Inc.,,,
2023-12-13,0.8775194701008743,0.8703193206020349,0.8127867554331416,0.8132114430940273,0.7658951704596632,-0.6834619607897368,0.7239862675081025,0.7608090144006131,0.66270763273552,V,VISA Inc.,,,
2023-12-14,0.7628396891549222,0.7498178270372637,0.8384099877845618,0.7380161631498284,0.8992889586083005,0.2476775094221574,-1.005559119936197,0.7673423027695128,0.6786237161409214,V,VISA Inc.,,,
2023-12-15,0.7408453287385083,0.7267075099098613,0.6760161136277345,0.6739855870462763,0.6126907678673584,1.712516811977154,-0.2233279339467661,0.7666404447335703,0.6909783717890557,V,VISA Inc.,,,
2023-12-18,0.7515261673388535,0.7379322044393055,0.7166145821669413,0.7889129430062471,0.7510375874901607,-0.351056876706598,0.0575172988722465,0.768834393158722,0.7032367197679716,V,VISA Inc.,,,
2023-12-19,0.8024268187747577,0.7914149873493689,0.7415726321161508,0.7642857598093944,0.7480650632609281,0.4059723450103437,0.4032629779232344,0.7834439280556895,0.7192741992533396,V,VISA Inc.,,,
2023-12-20,0.7119385521601408,0.6963340366149008,0.7575461496800796,0.7603445687484723,0.8104699346388348,-0.0134175100600099,-0.8077496648672563,0.7713542907639446,0.7251542940624512,V,VISA Inc.,,,
2023-12-21,0.7882873442990542,0.7765592184922955,0.7299253390307225,0.7590318404774812,0.7117458553563674,-0.2931983554676094,0.6253194310724195,0.7817326166528243,0.7378399148992253,V,VISA Inc.,,,
2023-12-22,0.7534135346907442,0.7399129736202487,0.7705238075699294,0.7977783682073603,0.7939608373602772,-0.6126584396626477,-0.3329949077713046,0.7806342226104068,0.7460195717991793,V,VISA Inc.,,,
2023-12-26,0.7763484226504054,0.7640136753381227,0.7216059890476527,0.807957523762114,0.745424051055905,-1.4643268670832463,0.1627280510127,0.7856517978003222,0.7556605557855843,V,VISA Inc.,,,
2023-12-27,0.7691218498955343,0.7564200551363076,0.722604270423795,0.8007335099410627,0.769197191442441,-0.915684002260619,-0.0964074500130596,0.7875744168763876,0.7637303327590165,V,VISA Inc.,,,
2023-12-28,0.8153086957610358,0.8049509150940133,0.7625375565607911,0.8082862068711867,0.7457545554447824,-1.201093108489132,0.3618679945011585,0.8007798783342552,0.7755068408816485,V,VISA Inc.,,,
2023-12-29,0.8137383983553207,0.8033006099473272,0.7788431575529993,0.845391323221002,0.8127814500903124,-0.9043711980105832,-0.0478509851447072,0.8102840296227656,0.7860617908723253,V,VISA Inc.,,,
2024-01-02,0.7672373958969019,0.7544392859553646,0.7332532821330809,0.7797188346960614,0.7810832578180431,-0.5114904514067312,,0.791422440106109,0.8424352422003882,V,VISA Inc.,,,
2024-01-03,0.7392740602150407,0.7250572047631753,0.6923217146199426,0.7531205549274229,0.7460840521983279,-0.8837154807978315,-0.2744563304236108,0.7843003555935869,0.8397468810874996,V,VISA Inc.,,,
2024-01-04,0.7904878971261108,0.7788694441951961,0.7648672182870072,0.7905543543863108,0.7302359636975251,-0.9696308822290728,0.406621890931066,0.7920026321444914,0.842226552487704,V,VISA Inc.,,,
2024-01-05,0.793001149869457,0.7815111414446533,0.7788431575529993,0.8151815375831635,0.8197149888094136,-0.9962525559119928,-0.0129433657527199,0.7984194491155218,0.8447224202799349,V,VISA Inc.,,,
2024-01-08,0.8825469467053192,0.8756017075886497,0.8174450633399215,0.8545854315311877,0.8249980208547919,-0.7399978407358108,0.7316742395816491,0.8260388092240744,0.8556002150966274,V,VISA Inc.,,,
2024-01-09,0.9073687164579968,0.9016821709751672,0.8507224632722008,0.8936606423701393,0.8599972264745072,-0.0655070639575624,0.1756096075984898,0.8530752768706911,0.8678754542573536,V,VISA Inc.,,,
2024-01-10,0.9460143474168308,0.9422899542090986,0.9089579131536896,0.9501380205022444,0.9580613046145516,-0.8253222747808562,0.2916173142352533,0.8831954250765958,0.8827501065855428,V,VISA Inc.,,,
2024-01-11,0.929361620197781,0.92479248810257,0.9362456248291152,0.93503362872465,0.974239897504232,-0.4754695821528862,-0.1743056638831049,0.9015441920663876,0.894671544833662,V,VISA Inc.,,,
2024-01-12,0.9337627258518942,0.9294149545329702,0.9149476014105432,0.978049028541874,0.96334433665993,-0.7408139385548431,0.0025829648703297,0.9164267010476028,0.9059323329179112,V,VISA Inc.,,,
2024-01-16,0.967377966853026,0.9647393432679888,0.9186086434868332,0.9333922173445864,0.9101845194526024,-0.3073534314322063,0.2482718142087872,0.9361501717885784,0.9194011414168866,V,VISA Inc.,,,
2024-01-17,1.01105301665181,1.0106295134885368,0.9665281806329676,1.0003784362231676,0.9399017006622712,-0.6106322657671188,0.331399179974086,0.9620665334435868,0.9358443789956332,V,VISA Inc.,,,
2024-01-18,1.0584969744478607,1.060481222070971,1.0224339687882402,1.0670359719926763,1.054144371691996,-0.16723787829557,0.3608981694542008,0.9935874802833572,0.9553539812456188,V,VISA Inc.,,,
2024-01-19,1.14521390527083,1.1515996269312532,1.101301244140438,1.0877219641286069,1.0640494270049978,-0.0174698578510674,0.6840907531304414,1.0393144435345634,0.9814268436465444,V,VISA Inc.,,,
2024-01-22,1.1546415164116357,1.1615044803482684,1.1412345302774338,1.1964098524707716,1.198103216296058,-0.3670411374379917,0.0428694348337853,1.0760108188275457,1.0060358049083495,V,VISA Inc.,,,
2024-01-23,1.156526455969145,1.1634852495292116,1.125261012713505,1.1816341438022495,1.175320581440822,-0.3955482784959175,-0.0190100959817266,1.1040131824656725,1.0285888036722062,V,VISA Inc.,,,
2024-01-24,1.1687780775340817,1.1763602492053418,1.1582053136718529,1.220051988423056,1.2089997847756917,-0.6379293307485483,0.0658976341059431,1.128135365620034,1.050269385830896,V,VISA Inc.,,,
2024-01-25,1.198942937160751,1.2080535636127314,1.1555435685173574,1.2108578801128704,1.1885286653719336,-0.1107864222618097,0.2122662537670139,1.1539098017053044,1.072879018924925,V,VISA Inc.,,,
2024-01-26,1.052212871471743,1.0538779864596275,1.0919836127812257,1.0401100111976147,0.9900889936403664,0.365251877971036,-1.2303337386178743,1.1358694102474698,1.0793267806118676,V,VISA Inc.,,,
2024-01-29,1.231933749447056,1.242719039303835,1.2317490987150597,1.076557761329285,1.0240976937287816,-0.2009511606128406,1.455840458451549,1.168112886141652,1.1024665289666855,V,VISA Inc.,,,
2024-01-30,1.341587510465193,1.3579381458819912,1.3505496602042533,1.3221732291623165,1.2756961750323443,-0.2081271931595051,0.8558197057440592,1.2202236115804783,1.1340446431735312,V,VISA Inc.,,,
2024-01-31,1.2193626301415628,1.2295135755934476,1.3954733376763089,1.2890083017907736,1.3592321669564318,-0.3234221160759137,-1.014293234450199,1.2281767526644294,1.1510014682521092,V,VISA Inc.,,,
2024-02-01,1.3384440023005053,1.3546365280763195,1.3022970240841871,1.2949185852581824,1.2360749461450056,-0.0629180639799422,0.9337775172768504,1.264470879850162,1.1778651021960598,V,VISA Inc.,,,
2024-02-02,1.3425285235673192,1.358928530472463,1.3458903367518211,1.3710989124469493,1.3754107598461118,-0.6866137868494482,-0.0016964042870575,1.2927317769397446,1.2026792685109495,V,VISA Inc.,,,
2024-02-05,1.2922566708761276,1.306105668118614,1.3292516367856817,1.3530393789356503,1.3684772211270106,-0.6724305695807468,-0.437423608774764,1.30112352723706,1.2204045266944532,V,VISA Inc.,,,
2024-02-06,1.3293329755469991,1.345063146205861,1.291981111348833,1.3169193098304033,1.2826297137514455,-0.8128838183666378,0.2644705240992179,1.3168604399636437,1.2400828686482552,V,VISA Inc.,,,
2024-02-07,1.4119673273386593,1.4318905561822997,1.3804991170341745,1.4164130898623803,1.4338536090988176,-0.7042865258271159,0.6289360375179027,1.3497095706047588,1.265916636592793,V,VISA Inc.,,,
2024-02-08,1.3146992021352972,1.3127089037299575,1.3844922425387434,1.3579646151584912,1.439136641144196,-0.4095063653317825,-0.8079705601641718,1.3495728430739222,1.2800506408167718,V,VISA Inc.,,,
2024-02-09,1.3351606531794646,1.3341679081983744,1.301963925110256,1.3188894043195396,1.2892337557170013,-0.7514513515063693,0.1300888288684221,1.3546816994288795,1.2948668746055518,V,VISA Inc.,,,
2024-02-12,1.2923498981803632,1.2892691300805974,1.2849931417158371,1.32381464054238,1.336449532101196,-1.0165705774754896,-0.3779072335199272,1.3476097135079126,1.3042204040856538,V,VISA Inc.,,,
2024-02-13,1.315644099708433,1.3136992883204273,1.3292516367856817,1.2752176403668198,1.2479610125206075,-0.5050742340708901,0.1533519896699464,1.3482386096793373,1.3149630889329529,V,VISA Inc.,,,
2024-02-14,1.37072978309853,1.3714740736266338,1.317272260271974,1.3392477154290472,1.3377705420213737,-0.8639884266205304,0.40847255831245,1.3627402565218556,1.330025036730775,V,VISA Inc.,,,
2024-02-15,1.4783869260176254,1.4843829545018914,1.4330769620870885,1.4328312119936155,1.3767317697662893,-0.690525428119983,0.8257240609719034,1.401036084186256,1.354067743447948,V,VISA Inc.,,,
2024-02-16,1.4022085650442673,1.404488236658752,1.4330769620870885,1.4430103675483712,1.4860219131395134,-0.1851357477060743,-0.6357064109867303,1.4103558088154302,1.3686010544984093,V,VISA Inc.,,,
2024-02-20,1.2948680065124716,1.2919098198177552,1.2906497309987592,1.2942622211226869,1.2750361738899214,-0.3183848226411964,-0.8890208931493692,1.3900066417933874,1.3714935645906994,V,VISA Inc.,,,
2024-02-21,1.3455486997774455,1.345063146205861,1.29497595547726,1.300501187699168,1.2770171849525218,-0.7087328518756374,0.3740310408195204,1.3876528181517709,1.3789954994860494,V,VISA Inc.,,,
2024-02-22,1.565581646774801,1.5758318233964306,1.53091259913164,1.479459119762691,1.427249567133262,-0.6158384070264636,1.7286842029369085,1.4419284486005723,1.4069691404519218,V,VISA Inc.,,,
2024-02-23,1.5608600722623784,1.5708799004440728,1.5938073724655628,1.6278785830793028,1.6101706471175716,-0.6137278092186211,-0.0713548516547484,1.4814326163095517,1.431945796711952,V,VISA Inc.,,,
2024-02-26,1.5781731595530957,1.589037287106818,1.5738407293970649,1.6002962581487457,1.5547003220940985,-0.965719240958538,0.1009321685727139,1.515470275784262,1.4563163070316147,V,VISA Inc.,,,
2024-02-27,1.5473236619109476,1.556684052143214,1.5345736412079318,1.563519824908003,1.5920110431652912,-0.884587861225073,-0.2752224316324845,1.5331413487039158,1.4755054831964889,V,VISA Inc.,,,
2024-02-28,1.6247596203737311,1.6378986110987803,1.5997970607224166,1.5812506753102291,1.5236631385995836,-0.8244780356577192,0.5720002644007425,1.56611710162925,1.5003947877514483,V,VISA Inc.,,,
2024-02-29,1.5306398589238193,1.5391865860366831,1.5841566421324191,1.5845345001530062,1.635924798566708,-0.1842915085829373,-0.765219153379776,1.5668772091216885,1.5139728687595218,V,VISA Inc.,,,
2024-03-01,1.5470080486414006,1.556353588108957,1.5591985921832097,1.5822357225547974,1.5599833541394763,-0.9379156325032264,0.0939780240199013,1.5716161640059434,1.52789019663655,V,VISA Inc.,,,
2024-03-04,1.464220260244853,1.4695261781325184,1.495638636447078,1.4515481117230613,1.5471057745972403,-0.3850515720649142,-0.682842238404602,1.5540848547413717,1.5325831955112952,V,VISA Inc.,,,
2024-03-05,1.428020874904446,1.4315600921480425,1.428750737608588,1.43677140097189,1.4632392782842774,-0.2984889206392679,-0.3206222702441288,1.5317166185894795,1.533369393205655,V,VISA Inc.,,,
2024-03-06,1.4610728676091556,1.466224560326847,1.4623612365147989,1.4902946394529386,1.454324728502576,-0.774836775217264,0.2279112229507457,1.523358574706454,1.537261696797941,V,VISA Inc.,,,
2024-03-07,1.392766387137175,1.3945843907540385,1.434741441411094,1.386860670442689,1.48338090093449,-0.4559113758002125,-0.5746333664489927,1.4996928137878769,1.5342332525789617,V,VISA Inc.,,,
2024-03-08,1.4487959969826554,1.4533495606507163,1.4513801413772336,1.4745328814572007,1.421306533945461,-0.9454856433073549,0.4120956547492193,1.4962138799034026,1.5368667400771203,V,VISA Inc.,,,
2024-03-11,1.4651661289357416,1.470516562722988,1.4214296690016603,1.4469505565266436,1.4361651245502955,-0.7526614275828656,0.0951858137334271,1.4977740484300568,1.54083462421475,V,VISA Inc.,,,
2024-03-12,1.5709325055908123,1.5814446744173023,1.544889553943286,1.5224745195799152,1.497578482761568,0.1970231620339378,0.8015804905663519,1.5258822011639157,1.554610042542501,V,VISA Inc.,,,
2024-03-13,1.6093353571115334,1.6217219936169789,1.5987987793462743,1.6383864217431292,1.6081896360549712,-0.4234644521676474,0.2655113563416817,1.556744278799832,1.5708251535932731,V,VISA Inc.,,,
2024-03-14,1.6493123905089797,1.6636496179633409,1.6966344163908276,1.662356238721837,1.7501674695964329,-0.5076913753526148,0.2764712457693276,1.590072734267347,1.5894095070522822,V,VISA Inc.,,,
2024-03-15,1.5432313717021142,1.552392049747071,1.583158360756277,1.59963989401325,1.571538916126201,0.7194101901270047,-0.8558459399538829,1.588050912165614,1.5961058735891531,V,VISA Inc.,,,
2024-03-18,1.6065026066276304,1.6187498323332643,1.6031250038247749,1.6196695220136852,1.5821049802169576,-0.898545948060938,0.4612944197406529,1.6026493284420424,1.6082762991736426,V,VISA Inc.,,,
2024-03-19,1.6789023484261971,1.6946830118145155,1.6640221988607573,1.685342010538626,1.6742260251692012,-0.1951259106631954,0.5288186521383217,1.632037896393832,1.626300745632444,V,VISA Inc.,,,
2024-03-20,1.7396564461373574,1.7584001046635518,1.7242542114945325,1.733611329687763,1.7065842185838933,-0.33307458338378,0.4344320205188779,1.6695530063023838,1.6485274311783185,V,VISA Inc.,,,
2024-03-21,1.77396506521374,1.7943854214670845,1.760526455555239,1.7723578574176422,1.783516168542425,-0.6278266025750089,0.2285659431687824,1.7064275267436175,1.6720318978952784,V,VISA Inc.,,,
2024-03-22,1.5501564123948506,1.5596552059146287,1.7448860369652412,1.6078489550788675,1.7845066740737252,0.4096025732398327,-1.7437862308959968,1.6770807705324966,1.6718829029891344,V,VISA Inc.,,,
2024-03-25,1.4856246666266495,1.4919755671914068,1.5122773364132176,1.5142654585142976,1.553709816562798,0.3463127803086628,-0.5396834137789275,1.6386348763923368,1.6655434494518695,V,VISA Inc.,,,
2024-03-26,1.4664237264251672,1.4718374113477186,1.533242260857858,1.460742220033247,1.5906900332451137,0.4119383014805117,-0.1858761846845503,1.6049100979132258,1.6579343548135357,V,VISA Inc.,,,
2024-03-27,1.416689872968834,1.4196744695500845,1.4374031865655892,1.4137866312377505,1.4625792771418549,-0.590370526811831,-0.4275192091945641,1.5669496165321093,1.6462356438140713,V,VISA Inc.,,,
2024-03-28,1.4185767547618486,1.4216552387310273,1.3891505504455233,1.4183831843515184,1.404466932278026,-0.4064108218802802,-0.0194553976848738,1.5389598323397466,1.6357818545191185,V,VISA Inc.,,,
2024-04-01,1.3933947003230114,1.3952443113102526,1.4254238100518817,1.4075476646612692,1.466210794878178,-0.6203972982914033,-0.2345604777019448,1.5115537844023088,1.6238574375916777,V,VISA Inc.,,,
2024-04-02,1.3984328592227333,1.4005266982968676,1.373510131855526,1.4137866312377505,1.388288339388346,-0.1058898353476152,0.0056979284722806,1.4922824356154374,1.613501421041246,V,VISA Inc.,,,
2024-04-03,1.3518434850488386,1.351665374304905,1.411779954214169,1.3999949677311452,1.4701738246387106,-0.7744427969598,-0.405523470504162,1.4659629054634442,1.599607814720721,V,VISA Inc.,,,
2024-04-04,1.2586686211720644,1.2539437338332793,1.3651907818724562,1.3014862349437344,1.400174405763948,-0.9202147522214542,-0.7805291610823806,1.4224922100759347,1.5780195453282997,V,VISA Inc.,,,
2024-04-05,1.3575109282521514,1.357608689360034,1.3279202564356076,1.3497555540928736,1.325553971256894,-0.8151069813908985,0.765554674389912,1.4150636982020308,1.567896425175376,V,VISA Inc.,,,
2024-04-08,1.37702651060543,1.3780773092379792,1.328586454383471,1.353695743071146,1.330506498913395,-0.4913975602760708,0.1217124454934954,1.414462809534095,1.5605697930458575,V,VISA Inc.,,,
2024-04-09,1.3442891600525149,1.3437422975811324,1.3292516367856817,1.293605856987191,1.3760717686238666,0.0071256419363235,-0.2958344982568219,1.4056741471657497,1.5507618892812012,V,VISA Inc.,,,
2024-04-10,1.2737772711647153,1.2697908947931238,1.2899845485965484,1.3198744515641077,1.3031018407905357,-0.5663659944106358,-0.5995501994877808,1.381123718826039,1.5350666858161623,V,VISA Inc.,,,
2024-04-11,1.3115508383818475,1.3094072859242858,1.2786703544850515,1.2561720575283033,1.2562155611598862,0.2289916834967253,0.2707434740825747,1.3723315859297722,1.524429823881576,V,VISA Inc.,,,
2024-04-12,1.3203647031031034,1.3186512112727868,1.2959742368534022,1.3179043570749696,1.3073933596692815,0.4924224312195718,0.0364500823006846,1.367982321785812,1.5156073036397466,V,VISA Inc.,,,
2024-04-15,1.1730490534093645,1.164145170085426,1.3262567926572546,1.195753488335276,1.3846568216520228,0.8383071999687979,-1.2183237955989403,1.3272000106184243,1.4934240831412646,V,VISA Inc.,,,
2024-04-16,1.1752525195896804,1.1664564033006262,1.200468261535065,1.1901718879769398,1.1419728901301616,0.2669261614296809,-0.0164394524713031,1.2971744861249437,1.4734693576127758,V,VISA Inc.,,,
2024-04-17,1.217432048049688,1.2106952608621886,1.1961420370565643,1.2338436519296594,1.2331024219157731,-0.3792544634193736,0.3102729294949374,1.2853982015399288,1.4593837866532329,V,VISA Inc.,,,
2024-04-18,1.1758808327755168,1.1671163238568407,1.1678560440049963,1.1799917303395364,1.2089997847756917,0.2654346723121389,-0.3723743894345025,1.2659831567055364,1.4425840387989384,V,VISA Inc.,,,
2024-04-19,1.1258303949318844,1.114623925537249,1.1295872371920057,1.1284395884302718,1.1726795692357987,0.173581455714834,-0.4434755905866488,1.238674343519372,1.4224997524739411,V,VISA Inc.,,,
2024-04-22,1.206099103878571,1.19880963826423,1.188155786047426,1.1635736082083012,1.1555104708148185,-0.2321317255607002,0.6253866802388915,1.238636665474408,1.4119582465001494,V,VISA Inc.,,,
2024-04-23,1.2621306559595564,1.2575748081609084,1.225759410458206,1.2735752269041067,1.2565460655487637,-0.2393640407155738,0.4218351718721541,1.2528792884202276,1.4077618645817327,V,VISA Inc.,,,
2024-04-24,1.2907757163036382,1.287617817421612,1.495638636447078,1.3320237016079977,1.539181730346841,0.4273597361298141,0.1973009966547267,1.2708569710963695,1.4067008732221429,V,VISA Inc.,,,
2024-04-25,1.2951836197820186,1.2922402838520122,1.2700179055280505,1.2006787245581168,1.2222068610714711,0.2183824118493038,0.001091634889654,1.2854628982051348,1.406160106106676,V,VISA Inc.,,,
2024-04-26,1.2750358397718933,1.271110735905553,1.2883200692725432,1.3103516601448495,1.2895642601058783,-0.1260671503905893,-0.1968367318191536,1.2912858315595888,1.403731516550413,V,VISA Inc.,,,
2024-04-29,1.1906748406163732,1.1826330207824285,1.2117824556465615,1.2203806715321288,1.2007452361364128,-0.8892593177064311,-0.7159582342683017,1.2741668193301512,1.3934133439151186,V,VISA Inc.,,,
2024-04-30,1.089000754170136,1.075996911484259,1.132248982346501,1.1379613777668804,1.1416423857412843,-0.2566990840439868,-0.8639186496991759,1.2354318142198226,1.3742583638519754,V,VISA Inc.,,,
2024-05-01,1.0483934653513485,1.0334093665816824,1.0933149931312995,1.076557761329285,1.0630589214736976,-0.3288815290721996,-0.3697139676230738,1.1960381410819507,1.3529408102095482,V,VISA Inc.,,,
2024-05-02,1.0575229433421514,1.0429827484521408,1.0453954559851653,1.0745876668401488,1.1026811579963682,-0.6266728091067217,0.0412857847722649,1.1688181064578302,1.3344389129095366,V,VISA Inc.,,,
2024-05-03,1.085223106113097,1.0720353731223726,1.0447302735829544,1.069662430617308,1.0911245883743117,-0.9642840344492052,0.1950996642284473,1.155458136528468,1.320282066262187,V,VISA Inc.,,,
2024-05-06,1.216802763746099,1.210035340305974,1.1555435685173574,1.1704699410029278,1.11258621330937,-0.9370713933800896,1.0523791174226755,1.1789506646155672,1.320062114069878,V,VISA Inc.,,,
2024-05-07,1.336103608517094,1.335158292788846,1.3252585112811124,1.2775154158823792,1.2469705069893071,-0.2565020949152548,0.9358513114327668,1.2269552303380795,1.331331595779618,V,VISA Inc.,,,
2024-05-08,1.3590821967756188,1.35925899450672,1.3475538005301742,1.3461440482236735,1.3816842974227903,0.4899741377624745,0.1498759840256633,1.2688111555410682,1.3437857127049169,V,VISA Inc.,,,
2024-05-09,1.4015792807406784,1.403828316102539,1.3555410670849648,1.394741048399234,1.3486661028656752,0.4672078227418803,0.305550807897499,1.3110268376045346,1.3591932551946528,V,VISA Inc.,,,
2024-05-10,1.470830658785795,1.4764588702658197,1.4300821179586618,1.4879958618547315,1.4394661378977414,0.4777889530851972,0.5169165734056977,1.3603264865864944,1.3798578553381446,V,VISA Inc.,,,
2024-05-13,1.4283355170562404,1.4318905561822997,1.4673526433955102,1.4833993087409636,1.5025310104180707,0.9117278623776116,-0.3701412830820839,1.386477979836826,1.394558424180563,V,VISA Inc.,,,
2024-05-14,1.3763952840663365,1.377416381169465,1.3954733376763089,1.3247996877869483,1.435834620161418,3.1623849407485216,-0.4467349322678273,1.3928627513581011,1.4029291067890477,V,VISA Inc.,,,
2024-05-15,1.4947551157352068,1.501549956574165,1.453376704129518,1.4167417729714549,1.360222672487732,3.93973218402896,0.9106253284081964,1.427796829578364,1.4219177886433396,V,VISA Inc.,,,
2024-05-16,1.458803365421675,1.446746325039373,1.4750068109763692,1.4886532280728768,1.5117760645886495,0.859131765006177,-0.3176852451528801,1.4448407051132244,1.4357238691042202,V,VISA Inc.,,,
2024-05-17,1.467001541487876,1.4553303298316596,1.4260889924540925,1.4505630644784933,1.455975235176299,-0.3125877139956557,0.0303967960345167,1.4597116352911876,1.4490630140263985,V,VISA Inc.,,,
2024-05-20,1.417806658384154,1.403828316102539,1.4047909690355207,1.453189523103125,1.4285705770534396,-0.5143327231212925,-0.4232340774217488,1.458335207738507,1.4564599731276275,V,VISA Inc.,,,
2024-05-21,1.3361269153431543,1.3183217547508297,1.343560675025605,1.344830317870033,1.388288339388346,-0.1999099323609716,-0.6835732511059422,1.4364995737812836,1.4553318901584158,V,VISA Inc.,,,
2024-05-22,1.3244569933119368,1.306105668118614,1.331913381940177,1.352710695826578,1.3067333585268588,-0.8684628939731565,-0.1280656308024677,1.4171505930750623,1.4531844280629966,V,VISA Inc.,,,
2024-05-23,1.281884162162186,1.2615373540350945,1.3106163740672572,1.284083065567933,1.2971577999674029,-0.3300071812363823,-0.3764191099963068,1.391795827055922,1.4471392895399515,V,VISA Inc.,,,
2024-05-24,1.2900833093461397,1.2701203513150812,1.237405687997982,1.2945909042317594,1.2895642601058783,-0.8298530247416913,0.0317312762221329,1.3748680234059247,1.442431965111551,V,VISA Inc.,,,
2024-05-28,1.1793914234506315,1.1542413241807103,1.21144935667263,1.1921419824660762,1.263810108656742,-0.3029352466877894,-0.927116410821658,1.3339796483181845,1.4275107958644873,V,VISA Inc.,,,
2024-05-29,1.1125328795475569,1.0842504522422884,1.1009691607121586,1.1274545411857038,1.0911245883743117,-0.5118562883600907,-0.5806106023446544,1.2862849192707086,1.4075183973811016,V,VISA Inc.,,,
2024-05-30,1.1894813368986097,1.1648050906416405,1.1176078606782982,1.1290959525657656,1.08121953306131,-0.6716426130658188,0.5990849769503102,1.2701121572747744,1.396741220854964,V,VISA Inc.,,,
2024-05-31,1.2260643137512337,1.2031016406603736,1.1548783861151466,1.1520817243825563,1.1716890637044983,0.4562889967493084,0.2640361092128235,1.2673000383102482,1.3904608305902957,V,VISA Inc.,,,
2024-06-03,1.160469194044101,1.1344326248589798,1.1671908616027855,1.120886891500148,1.226168883196672,-0.6893997759558003,-0.5673792708025067,1.2484842874968975,1.3784451497942227,V,VISA Inc.,,,
2024-06-04,1.2248028317908,1.2017817995479445,1.1625315381503536,1.1619321968282357,1.111926212166947,-0.8724026765477958,0.4922459835897917,1.250757844510205,1.3737067613741043,V,VISA Inc.,,,
2024-06-05,1.290398922615687,1.2704508153493383,1.2270897752626275,1.25091813819639,1.240696969412629,-0.5402790055057027,0.4985601651210473,1.269169921197682,1.375705464000636,V,VISA Inc.,,,
2024-06-06,1.3705025415444565,1.354307071554362,1.3009656437341135,1.318560721210467,1.2826297137514455,-0.6827584281871226,0.611511550766418,1.3033808631758632,1.385223530974518,V,VISA Inc.,,,
2024-06-07,1.4219057464172546,1.4081203184986826,1.4067875317878054,1.4098454401768283,1.3787127808288897,-0.780352470821759,0.3762678091513595,1.3421311404154226,1.398818160786606,V,VISA Inc.,,,
2024-06-10,1.307428443522688,1.288278745490126,1.3478868995041038,1.2955759514763276,1.3929113702913014,-0.5838698855636761,-0.9437958198762686,1.3420372042574011,1.400171206367717,V,VISA Inc.,,,
2024-06-11,1.2957594926092226,1.2760636663702103,1.2247601135364117,1.257485787881944,1.2740456683586212,-0.2937893228538053,-0.1283675472903677,1.3389947442381245,1.400279409043761,V,VISA Inc.,,,
2024-06-12,1.158577456662324,1.1324518556780363,1.3159408799219,1.1813054606931772,1.3476755973343753,0.069796326177193,-1.140018670945024,1.3017735034116242,1.3871892608733174,V,VISA Inc.,,,
2024-06-13,1.1860125042868503,1.1611740163140114,1.1249279137395736,1.1622608799373102,1.134708847022183,0.0204364787777835,0.1902075758767423,1.2808451056815997,1.377926698313918,V,VISA Inc.,,,
2024-06-14,1.1692976255316436,1.1436765502074808,1.114612001004219,1.1606184664745969,1.1274448039142044,0.3514063563515893,-0.1708883943132972,1.260891633616775,1.3678992387637925,V,VISA Inc.,,,
2024-06-17,1.185382248865509,1.1605140957577968,1.1239296323634311,1.1517530412734838,1.0911245883743117,0.5542770176414088,0.0970957642030533,1.250023181270914,1.3603297225876316,V,VISA Inc.,,,
2024-06-18,1.2626463194861086,1.2413981906791065,1.192814093954206,1.2272760022441056,1.1670660328015432,-0.1635232261537673,0.5962644759313811,1.2615505115022372,1.3608764181079165,V,VISA Inc.,,,
2024-06-20,1.3635629340854332,1.347043915386804,1.330583017135755,1.2863818431661418,1.2294709041794498,0.8092935154369898,0.7819671332248479,1.2958988318314744,1.3710754147344897,V,VISA Inc.,,,
2024-06-21,1.313105597903523,1.2942210530329552,1.3139443171696157,1.334978843341702,1.3608836812654868,2.0560377111815966,-0.4379358880492743,1.3088089080880716,1.3754963228621149,V,VISA Inc.,,,
2024-06-24,1.3471636685997734,1.3298759058022311,1.408785110085742,1.357635932049419,1.2997998198077576,4.744911177068816,0.2394767934380633,1.3271658402045907,1.382789631782036,V,VISA Inc.,,,
2024-06-25,1.2598077422956908,1.2384270369076915,1.3269219750594654,1.300501187699168,1.3503176171747302,3.1060179086270754,-0.7343110166252236,1.3186845380681789,1.3810216200137575,V,VISA Inc.,,,
2024-06-26,1.2620170351825195,1.240738270122892,1.21144935667263,1.242052712995277,1.220225850008871,1.3742583366402656,-0.0165734683895111,1.3128862543731807,1.3796267353215748,V,VISA Inc.,,,
2024-06-27,1.040946934425545,1.0093086648638083,1.0826659814220136,1.069662430617308,1.0749459954846317,0.9119248515063436,-1.823049695581617,1.2522323869274088,1.357105247474608,V,VISA Inc.,,,
2024-06-28,0.9110152636184544,0.8732904743734496,1.0164442805313865,0.8972721482393392,1.0316922412256375,1.8766650388190904,-1.1133241981530324,1.1736492126171811,1.3241396946684356,V,VISA Inc.,,,
2024-07-01,0.9352990341362736,0.8987110172037527,0.9222686700174708,0.8989135596194029,0.9191000768696358,0.1877646729835355,0.1703498084770311,1.1208967544516262,1.2965056224884164,V,VISA Inc.,,,
2024-07-02,1.0926657525678904,1.0634523758423855,1.0041318050437475,0.93503362872465,0.9009394652820234,0.3965731494394185,1.288851394888547,1.1214127174432098,1.2865127837746944,V,VISA Inc.,,,
2024-07-03,1.1166319675806575,1.0885424546384317,1.0547130873443773,1.123842033233854,1.0934361038257894,-0.6390268416086263,0.1633311824980533,1.1279037328778836,1.279732467732888,V,VISA Inc.,,,
2024-07-05,1.159837967505007,1.1337716967904656,1.0813346010719398,1.1267971749675585,1.0911245883743117,0.1963759120395328,0.3211022455508515,1.143776289020536,1.277722316389598,V,VISA Inc.,,,
2024-07-08,1.0349531956574105,1.0030358932867218,1.1109519744735814,1.052259261241505,1.1323973315707052,0.3581039867284761,-1.0569582296225997,1.1238733456057084,1.2638886358654624,V,VISA Inc.,,,
2024-07-09,1.004678599724714,0.9713425788793324,0.981502401275102,0.9849453613365008,1.0250881992600818,-0.2412495080905798,-0.2860133338136217,1.101235390182882,1.2484019997968223,V,VISA Inc.,,,
2024-07-10,0.9277311134914138,0.8907879404799802,0.8460641553654209,0.8073011596266185,0.7649046649283631,0.6604541580279379,-0.6761447707509693,1.0646588861636306,1.22692560191047,V,VISA Inc.,,,
2024-07-11,0.9135372564215728,0.8759311641106072,0.8510555622461323,0.8811827092171767,0.8642897529885852,0.4263466491820498,-0.1539183324452452,1.0336114226400763,1.2060370236609017,V,VISA Inc.,,,
2024-07-12,1.0141382577513505,0.981246424784048,0.9765109943943904,0.9764076171618103,0.9372596808219162,-0.1859518455251067,0.8137292586961387,1.0359482629521104,1.1967190650932074,V,VISA Inc.,,,
2024-07-15,1.099603417791409,1.0707155320099435,1.037741288404306,1.0286171252892202,0.981174443858665,-0.1247726504017793,0.6774668964619777,1.0594683282162949,1.1964647103015382,V,VISA Inc.,,,
2024-07-16,1.1248320858823635,1.0971264594307184,1.070020406960443,1.098229802792433,1.075275492238177,0.1635912927577129,0.1735790971598553,1.0835339591595985,1.1986589321664662,V,VISA Inc.,,,
2024-07-17,1.2336341766316,1.2110257248964456,1.159869792995858,1.1267971749675585,1.0726344800331538,-0.552661179311712,0.8600470807100001,1.1292943858612208,1.2111137801104823,V,VISA Inc.,,,
2024-07-18,1.1216788665401514,1.093824841625047,1.1834964625949935,1.1373050136313831,1.1997547306051126,-0.4890336907312873,-0.9432313707463926,1.1351003973954763,1.211673121680481,V,VISA Inc.,,,
2024-07-19,1.0053098262638078,0.9720024994355468,1.0946463734813734,0.9977509755158844,1.134708847022183,-0.1262641395193213,-0.9915182531949708,1.109816448427296,1.200994035890184,V,VISA Inc.,,,
2024-07-22,1.076265515964478,1.0462843662578123,1.0097883943266697,1.0210644283590982,1.0326827467569375,-0.5557848640673189,0.5572272072649446,1.1089254515211588,1.1981073698670406,V,VISA Inc.,,,
2024-07-23,0.9841802462059536,0.9498835744109154,0.9864948237014656,0.9829742647647148,1.0425878020699395,0.2309334334799404,-0.795872601963492,1.0848036687898015,1.18663016209039,V,VISA Inc.,,,
2024-07-24,0.6492635835346301,0.5992728204556395,0.637082124412533,0.6306420051613045,0.6641995745832953,1.625813454030985,-2.834296495708005,0.9814111787123896,1.143997855862696,V,VISA Inc.,,,
2024-07-25,0.635702895239388,0.5850769721547815,0.671024706747023,0.6165221595869533,0.6417469402992708,0.3615372258292332,-0.1525543024441554,0.9004129897223861,1.1039375057430472,V,VISA Inc.,,,
2024-07-26,0.8160904455517598,0.7739175212428383,0.7701917241416502,0.7114188854638405,0.6483504784471615,-0.0637060204948701,1.5392267399560409,0.8856079146898008,1.0848612455238864,V,VISA Inc.,,,
2024-07-29,0.8835782737584216,0.8445683137374748,0.8204399074683484,0.8095989351421777,0.8045269014510337,-0.3434587245983651,0.5413235760323066,0.8916928308740416,1.074007388575344,V,VISA Inc.,,,
2024-07-30,0.9308833617158736,0.894089558285652,0.8733508514951942,0.8893917702827941,0.900609968528478,-0.3790011916824325,0.3658318932625919,0.9083048243422758,1.0686880995684356,V,VISA Inc.,,,
2024-07-31,1.0119328493355315,0.9789361990811474,0.9419022141120372,0.99578088102675,0.943863722787472,0.0995979672239289,0.6474589792287997,0.9414066106716156,1.0716443815421286,V,VISA Inc.,,,
2024-08-01,1.0201329676372377,0.9875191963611344,0.9632002375306092,0.9934821034285412,1.002965565547269,-0.0053128144778947,0.0338718363455932,0.9683214686205218,1.0751202600182983,V,VISA Inc.,,,
2024-08-02,1.0406284078027408,1.0089782008295511,0.9951462571128148,0.9507953867203895,0.9204200791544814,-0.076172618213193,0.1361510943909808,0.9937276708992449,1.0802505562546243,V,VISA Inc.,,,
2024-08-05,0.7208500142155163,0.6742151115902695,0.8274288926469966,0.6759556815354145,0.8418376225222267,0.6592722232555461,-2.689793605232312,0.9313367908477884,1.054171355742341,V,VISA Inc.,,,
2024-08-06,0.7782469578564494,0.7343011301116763,0.7465640389968622,0.7173296699725721,0.678397156410375,4.023705835476987,0.4609994956630734,0.8991622688723336,1.035981064056171,V,VISA Inc.,,,
2024-08-07,0.7233739492541422,0.6768558013274271,0.797811519245355,0.7350610214161222,0.7827347721270981,1.581547182674502,-0.5047800286715902,0.8610555695984168,1.014169010882317,V,VISA Inc.,,,
2024-08-08,0.8277584253474727,0.786132600362754,0.7452336741924407,0.787927895761679,0.7322169747601255,0.263155226679669,0.8663161487043142,0.8590616101600446,1.004375268322472,V,VISA Inc.,,,
2024-08-09,0.8419785025966298,0.7838223746598535,0.7808397203052838,0.8237192817578537,0.7665561792374179,-0.0170195969853944,0.0866940116534771,0.8611879042040063,0.9968389669425874,V,VISA Inc.,,,
2024-08-12,0.8460873018072549,0.7881143770559967,0.7835024810054314,0.831270976605326,0.8104699346388348,5.482157062000247,0.0004912696056826,0.8638291098758029,0.9903827988332788,V,VISA Inc.,,,
2024-08-13,0.8536707603361539,0.7960374537797692,0.7861642261599268,0.8322560238498942,0.7982533638743553,1.3274593479143717,0.0300097590545812,0.8677414729925884,0.9852426195854934,V,VISA Inc.,,,
2024-08-14,0.8855865452704945,0.8293820808461443,0.780174537903073,0.814852854474091,0.8226865054033141,0.3556275519672743,0.2365938271670798,0.878804493637314,0.9836380741414478,V,VISA Inc.,,,
2024-08-15,1.064440215092868,1.0162413569971092,0.9761789109661112,0.949481656366749,0.8877323889862438,0.0307361960800548,1.4785967039113754,0.932654656183701,0.9993741709482374,V,VISA Inc.,,,
2024-08-16,1.082768120434898,1.0353901357626254,1.0111197746767435,1.033214680485638,1.020135671603581,-0.6127710048790659,0.1173067977328113,0.977710279517518,1.015441736048346,V,VISA Inc.,,,
2024-08-19,1.0540133237847873,1.005347126501922,1.006793550198241,1.0279607611537247,1.0389562843336162,-0.20618544317629,-0.2720327094113186,1.0041783324088949,1.0272841622034488,V,VISA Inc.,,,
2024-08-20,1.1036248164043132,1.0571796042652992,0.9978090178129624,1.0460202946650234,1.0250881992600818,-0.1364794329092789,0.3768510376785257,1.0366651050689586,1.04281959277781,V,VISA Inc.,,,
2024-08-21,1.1086804554235792,1.0624619912519142,1.0387395697804485,1.0988871690105786,1.0765965021583526,-0.1826030303366633,0.0072156055218226,1.0623178238059647,1.0574287544737415,V,VISA Inc.,,,
2024-08-22,1.1004647992378338,1.0538779864596275,1.0463937373613077,1.071961208215517,1.0891435773117113,-0.805792209732287,-0.1021251061912118,1.0794648872561527,1.069919967358486,V,VISA Inc.,,,
2024-08-23,1.084664713405437,1.0373709049435684,1.0367430070281638,1.0305872197783548,1.08121953306131,-1.0106046210053217,-0.1647244504407804,1.0883010030407456,1.0797566143830293,V,VISA Inc.,,,
2024-08-26,1.1089960686931262,1.0627914477738716,1.075344912815086,1.1080812773207642,1.0488613396466178,-0.7531679710567478,0.1665346481316031,1.1011251319858508,1.0910382077001592,V,VISA Inc.,,,
2024-08-27,1.1883111400069046,1.145657319388424,1.0946463734813734,1.1153052911418135,1.075275492238177,-0.1954354650083456,0.6188424641142312,1.1309442750734109,1.1089194562014468,V,VISA Inc.,,,
2024-08-28,1.139964042701073,1.0951456902497751,1.128922054789795,1.1080812773207642,1.1624440095339197,-0.5159649187593573,-0.4289814224612452,1.1409949328768103,1.1205271054710164,V,VISA Inc.,,,
2024-08-29,1.3020707868824093,1.264508507806509,1.2623637379471917,1.1993659962871257,1.1565009763461187,-0.4850094842443342,1.295912300453393,1.1898204873860243,1.1466642592999432,V,VISA Inc.,,,
2024-08-30,1.3668491965597314,1.3321871390174311,1.2956411378794708,1.3244720067605251,1.2892337557170013,-0.2792965512399536,0.4872240449070199,1.2429383039853414,1.1766530258264087,V,VISA Inc.,,,
2024-09-03,1.4354207921781317,1.403828316102539,1.4653560806432255,1.3937560011546657,1.3344685210385956,-0.002892662324902,0.5136754008288547,1.3002414175900172,1.2105079307286422,V,VISA Inc.,,,
2024-09-04,1.4970401558067266,1.46820532950779,1.4507139434293703,1.470265011452505,1.4117309753860048,-0.3323710507811659,0.4542653064889523,1.3589128144878633,1.2472091277460586,V,VISA Inc.,,,
2024-09-05,1.4379486116877644,1.406469005839697,1.445722536548659,1.4279059757707768,1.4873429230596908,-0.2367187581297445,-0.4998635693494113,1.387866120087886,1.2748928630606733,V,VISA Inc.,,,
2024-09-06,1.4616487404363598,1.4312296281137855,1.4051240680094523,1.4285623399062723,1.38069379189149,-0.0283886838436392,0.153464804065167,1.4156173719924725,1.3023383967436135,V,VISA Inc.,,,
2024-09-09,1.658829344483011,1.6372376830302666,1.627749954800053,1.5671313307772028,1.5233326342107063,1.0258408505216283,1.5247876721980549,1.4866514620702396,1.3462455855795197,V,VISA Inc.,,,
2024-09-10,1.650299046145471,1.6283242217160223,1.6087815931076972,1.6301773606775116,1.6501223803937877,-0.5555597336344823,-0.1004337169701279,1.5377544166624946,1.3853411192773728,V,VISA Inc.,,,
2024-09-11,1.6066900323538538,1.5827645155297316,1.5678510411402111,1.4571297120813975,1.6200757024305734,-0.2833207577269066,-0.3720835519619975,1.564974692960245,1.4166899959535937,V,VISA Inc.,,,
2024-09-12,1.6512458859541117,1.629314606306494,1.5954708362439158,1.561221047309794,1.5863975067310356,-0.8801978177847607,0.3121854669996055,1.596737993933132,1.449472520373367,V,VISA Inc.,,,
2024-09-13,1.7138140316268509,1.6946830118145155,1.6866505870837525,1.695192482984307,1.6686124887349456,-0.6475255154482055,0.4499133613348416,1.636496180135352,1.485290040795909,V,VISA Inc.,,,
2024-09-16,1.8127214035963537,1.7980175033070134,1.758529892802954,1.767103938085729,1.7201207916332184,-0.7963085902490482,0.725954350494398,1.691505901069037,1.5273602575523555,V,VISA Inc.,,,
2024-09-17,1.846848423653028,1.833672356076287,1.8307422974960872,1.843940629409992,1.8142228476480624,-0.6058482440693426,0.2250912264824821,1.7414551276588306,1.5688868393880222,V,VISA Inc.,,,
2024-09-18,1.749522031384519,1.7319891772427771,1.7958004182398024,1.779910554347764,1.8452600311425769,-0.3935783872085979,-0.7719004944839738,1.7541286318370035,1.5972814363336392,V,VISA Inc.,,,
2024-09-19,1.6471380578612391,1.6250226039103508,1.7778313534692414,1.6071915888607229,1.8204963852247409,0.870557134472631,-0.8185046559714627,1.737557210289418,1.6132516354812665,V,VISA Inc.,,,
2024-09-20,1.6322867540729862,1.6095059069847633,1.6287482361761951,1.6196695220136852,1.635924798566708,5.775248744249306,-0.1494751281512401,1.7213461111038968,1.6263422120430644,V,VISA Inc.,,,
2024-09-23,1.754262057134238,1.736941100195135,1.6913099105361846,1.6646550163200455,1.6161136803053726,-0.2203405191408869,0.9117982786212152,1.740254123961716,1.6499692936085182,V,VISA Inc.,,,
2024-09-24,1.253406134071526,1.2136664146336031,1.4290838365825194,1.2735752269041067,1.460267761690377,1.8014996155557927,-3.867992229869346,1.6268703018113038,1.623296778838421,V,VISA Inc.,,,
2024-09-25,1.1538665644451789,1.1096720025848912,1.204461387039634,1.1264694939411355,1.262489098736565,1.2333548269887016,-0.8405952702537226,1.5164803371768447,1.589479424869679,V,VISA Inc.,,,
2024-09-26,1.2189625296275526,1.1776810978300705,1.1708508881334234,1.184589285535954,1.140651880209984,0.6370968756211478,0.4989001423620394,1.4502673937945334,1.5649946227986438,V,VISA Inc.,,,
2024-09-27,1.328930932797484,1.2925707478862691,1.328586454383471,1.2758740045023154,1.2284803986481496,-0.2192148669767042,0.8597232041123821,1.428615942139494,1.553307940477941,V,VISA Inc.,,,
2024-09-30,1.3219787008076789,1.2853075917187111,1.2523809241857684,1.289665668008919,1.2892337557170013,-0.3710934852290493,-0.0902677306977131,1.4106066639373656,1.5420153046872418,V,VISA Inc.,,,
2024-10-01,1.4057181846016296,1.3727949222513642,1.3645255994702434,1.3277548295206527,1.354279639299931,-0.4240835608579479,0.6383770762620763,1.418427621504374,1.5397998843663971,V,VISA Inc.,,,
2024-10-02,1.386757110484999,1.3529862229296334,1.317272260271974,1.3609197568921956,1.3410725630041511,-0.7167531235454389,-0.1853466539681648,1.4194640741784332,1.535962971267825,V,VISA Inc.,,,
2024-10-03,1.3823326980048287,1.3483637564992332,1.318935724050327,1.3763528317788625,1.3443745839869292,-1.196534217224192,-0.0697387914208685,1.419114543844108,1.5320495108114107,V,VISA Inc.,,,
2024-10-04,1.416144104791956,1.3836891527465516,1.3438937739995365,1.3520543316910825,1.3668267144532875,-0.8524786332417628,0.2353410070591056,1.427463947281851,1.5317424070500778,V,VISA Inc.,,,
2024-10-07,1.285321919005867,1.2470110416999782,1.316606062324111,1.29097839627991,1.3750812630925664,-0.8299655899581097,-1.0743120994459243,1.4004064176085405,1.5188861358392327,V,VISA Inc.,,,
2024-10-08,1.3222933429594732,1.2856370482406687,1.2660247800234812,1.3162629456949078,1.279658197157545,-0.8210729378610666,0.2638638603541747,1.389529657902653,1.5107530043298265,V,VISA Inc.,,,
2024-10-09,1.3845449042449147,1.3506749897144334,1.3122798378456104,1.3297259260924386,1.2892337557170013,-0.8928614046318156,0.4657078814297036,1.397227166557209,1.5093440378693594,V,VISA Inc.,,,
2024-10-10,1.4016093853910043,1.368502919855221,1.3182705416481164,1.3602633927567,1.3480061017232523,-0.9074667414620856,0.1016767154140221,1.407346513330431,1.5097037177504635,V,VISA Inc.,,,
2024-10-11,1.413300672012776,1.3807179989751368,1.355873150513244,1.3609197568921956,1.3235729601942936,-0.7154304822525243,0.0586313454941504,1.4179137200745693,1.5111546855497415,V,VISA Inc.,,,
2024-10-14,1.503043605752386,1.4744781010848762,1.4413963120701585,1.4469505565266436,1.423947546150484,-0.9264058391244588,0.6791133705176974,1.4486960820339088,1.521101523784305,V,VISA Inc.,,,
2024-10-15,1.4591218920444793,1.428588938376628,1.4836592599333704,1.4745328814572007,1.4873429230596908,-0.416935669615388,-0.380150307527023,1.4605962711685532,1.525921523813011,V,VISA Inc.,,,
2024-10-16,1.7191852839156656,1.700294855323088,1.6487148792446933,1.4587721255441108,1.4087594587921042,0.6061977237143339,2.022633175471693,1.535757912004921,1.555305520500134,V,VISA Inc.,,,
2024-10-17,1.8098779708171733,1.7950463495355986,1.7595281741790962,1.7628350659983838,1.7372908976895305,0.4297798882828069,0.6623870557826813,1.615227995649191,1.5907373294749014,V,VISA Inc.,,,
2024-10-18,1.8171448449587733,1.802638962225114,1.7631892162553862,1.778268140885051,1.781865661868702,-0.5452881576363156,0.0208307531035411,1.6766813852067446,1.6236466933561635,V,VISA Inc.,,,
2024-10-21,1.698013945794456,1.678175930298457,1.7432225731868882,1.7208047134257278,1.7712995977779455,-0.2745125295421773,-0.94003415806303,1.6924295417875148,1.642111197000499,V,VISA Inc.,,,
2024-10-22,1.6329199228475868,1.6101668350532774,1.613107817586198,1.6288636303238708,1.6210662079618734,-0.4367752890091074,-0.535772474572458,1.687661623804643,1.6526390491371443,V,VISA Inc.,,,
2024-10-23,1.600371940256398,1.5761622874306878,1.5974673989961985,1.6288636303238708,1.653754905765443,-0.5738797226065551,-0.2869331695436076,1.6757959202707204,1.659080700311094,V,VISA Inc.,,,
2024-10-24,1.5833074591103102,1.5583343572899,1.516270461917787,1.5697587914844842,1.53323869715904,-0.7341163081779564,-0.1673053618403303,1.6625504273379732,1.6632961883513369,V,VISA Inc.,,,
2024-10-25,1.5362228148826669,1.50914357677598,1.5651882804400634,1.5385639586020776,1.5863975067310356,-0.7947045359150878,-0.4017213952641942,1.6406241469303178,1.662601789724829,V,VISA Inc.,,,
2024-10-28,1.6139588487309582,1.5903581357315466,1.550214059797929,1.5631911417989304,1.5216821275369834,-0.8392803616167211,0.5751094877359796,1.6439783121605471,1.6694439660796387,V,VISA Inc.,,,
2024-10-29,1.5409638117501383,1.5140954997283378,1.585488022482493,1.5572808583315216,1.5953120565127372,0.0692897827033108,-0.6018837855473025,1.627902562425703,1.6686464722465697,V,VISA Inc.,,,
2024-10-30,1.8026091544400693,1.7874527293337836,1.9209237669597807,1.7864772019506685,1.8617691284211344,0.6523776037499274,2.01613048851412,1.6824851619653425,1.6930757431614876,V,VISA Inc.,,,
2024-10-31,1.7928134896710843,1.777218419394811,1.9395590296782057,1.828836237632397,1.8535145797818555,0.1861887599536798,-0.1090330746632489,1.7209272178372002,1.714342427958239,V,VISA Inc.,,,
2024-11-01,1.820937059782099,1.8066005005870005,1.8174315406323056,1.74904440457443,1.734648877849175,-0.511574875319045,0.1798984989711877,1.756921654947991,1.7363795436296705,V,VISA Inc.,,,
2024-11-04,1.856012861882919,1.843246745459047,1.8334040426505824,1.8662700370912848,1.8356844725831205,-0.8462031224264445,0.2320683850605973,1.7928510674488294,1.7597854301408629,V,VISA Inc.,,,
2024-11-05,1.901515555291818,1.8907872208262813,1.887646367027502,1.8931949958036969,1.8409675046284988,-0.9947610667944506,0.3099813821620155,1.831387374677166,1.7854380824392635,V,VISA Inc.,,,
2024-11-06,2.3473877623284403,2.356616577603564,2.36085103468634,2.2622750627300645,2.3233638510783203,0.8532220911442181,3.324019923058456,1.9738504326201176,1.8516242876219693,V,VISA Inc.,,,
2024-11-07,2.296828458782523,2.3037937152497148,2.3152611592664214,2.314813253966547,2.3623250788232366,-0.2958436380534386,-0.3978031890698186,2.067820591645126,1.906932855054882,V,VISA Inc.,,,
2024-11-08,2.3622390661166914,2.3721332745291512,2.4323972414316097,2.3565149234301304,2.342184463808356,-0.2949149750179879,0.4380881754328334,2.15495787837092,1.963501867208578,V,VISA Inc.,,,
2024-11-11,2.458617647458807,2.472827076284492,2.475325371697033,2.475053284217976,2.447842081809924,-0.7357485038160212,0.6571263822783496,2.244857857738763,2.024193961589829,V,VISA Inc.,,,
2024-11-12,2.4434215968684354,2.437501680037173,2.412430598363112,2.4359780733790246,2.4131733805790865,-0.751986036284356,-0.1424245221171911,2.3084125044125208,2.07790766300719,V,VISA Inc.,,,
2024-11-13,2.431707003420605,2.425286600917257,2.425742370772545,2.4271126481779115,2.428030963548589,-0.9123914696803848,-0.1178167996953037,2.353094856652618,2.125612073880218,V,VISA Inc.,,,
2024-11-14,2.392765181547273,2.384678817683324,2.437056564884042,2.4267839650688385,2.4217574259719106,-0.8084374923181163,-0.3119043540019632,2.37668838541154,2.165235900693565,V,VISA Inc.,,,
2024-11-15,2.436773324735148,2.430568987903872,2.418088203191686,2.3883661204480324,2.364306089885835,-0.614121787476085,0.2803466574564184,2.405592127356798,2.205488450842686,V,VISA Inc.,,,
2024-11-18,2.516555503687856,2.513764316040381,2.4743270903208905,2.455352339326613,2.4277014667950434,-0.7606535579485625,0.5336837027966547,2.4475899495520217,2.249751839988404,V,VISA Inc.,,,
2024-11-19,2.5067413876815743,2.503530006101409,2.4683374020640367,2.449113372750132,2.444870565216024,-0.6762577869389678,-0.1037756769430814,2.4765887230022754,2.2890477674790786,V,VISA Inc.,,,
2024-11-20,2.365538924239524,2.356287121081606,2.470333964816321,2.3739180928059334,2.5062839234272984,-0.2641565296316968,-1.0328426872326488,2.4623744298553905,2.311196304671599,V,VISA Inc.,,,
2024-11-21,2.4450045188049323,2.439151985183859,2.424744089396403,2.38803743733896,2.355721036857681,-0.4309781803635667,0.535571354338241,2.4719530936929224,2.3389710641821098,V,VISA Inc.,,,
2024-11-22,2.445638658697284,2.439812913252373,2.447039378645465,2.429082742667048,2.3778436705704937,-0.3853611264100645,-0.0299406437148523,2.479298602985785,2.3642818109939783,V,VISA Inc.,,,
2024-11-25,2.5491646666974472,2.5477688636629714,2.51592384023624,2.4934415008383475,2.5062839234272984,1.9419528643416843,0.7020996291574173,2.5111751535856555,2.397244445432752,V,VISA Inc.,,,
2024-11-26,2.505791634519676,2.502539621510937,2.543876734313876,2.548607152782111,2.58354738541004,-0.0610888792131454,-0.3398150922955728,2.524035729911744,2.4230406461317724,V,VISA Inc.,,,
2024-11-27,2.596970851415163,2.5976205722454058,2.606105309699934,2.481292250794457,2.4702942122762828,-0.58654330945361,0.6103037039045379,2.556903931281685,2.4552575967925048,V,VISA Inc.,,,
2024-11-29,2.6090020292502927,2.610165107887279,2.6021121841953647,2.6195335606389647,2.58651890200394,-0.9667323279063024,0.0498449665901288,2.5846193471129464,2.4857023965742253,V,VISA Inc.,,,
2024-12-02,2.658707720291805,2.661997585650656,2.6410471889562186,2.619861241665388,2.6726959061330504,-0.4758917017144547,0.3133949820967809,2.618065633719468,2.5181581320218807,V,VISA Inc.,,,
2024-12-03,2.543466147726058,2.541826556120142,2.63771924585386,2.5889950918920537,2.679299948098606,-0.6412500046328871,-0.8369311676314684,2.61379904994137,2.5365841613142024,V,VISA Inc.,,,
2024-12-04,2.4450045188049323,2.439151985183859,2.4889692275347457,2.458635162086741,2.524775039403788,-0.3677446700406059,-0.7280581633243153,2.5855215587574056,2.543869115675386,V,VISA Inc.,,,
2024-12-05,2.419042656810876,2.41208012969457,2.4304006786793253,2.459620209331309,2.444210564073601,-0.5877252442260017,-0.2191743602304599,2.557701118530304,2.5479958595936543,V,VISA Inc.,,,
2024-12-06,2.480146356912919,2.4757982300559056,2.4793184972016,2.458635162086741,2.407559844144831,-0.840265307260381,0.4014609411152392,2.5523985138196874,2.55762188045172,V,VISA Inc.,,,
2024-12-09,2.39434810348377,2.38632912283001,2.4942937333893886,2.420546000575007,2.5052934178959982,-0.423042332606079,-0.6427386725337361,2.52656928847977,2.558124268677332,V,VISA Inc.,,,
2024-12-10,2.523520360208443,2.5210274722079395,2.493295452013246,2.3877097563125367,2.3577020479202813,-0.7736266991407676,0.8893931963794256,2.5400967252431417,2.570999449044282,V,VISA Inc.,,,
2024-12-11,2.568160701053164,2.567577562984702,2.5788175980245085,2.537770631009212,2.5452461588075463,-0.8348903181764088,0.2806471094879056,2.5616119149313694,2.586995826593009,V,VISA Inc.,,,
2024-12-12,2.582091385212091,2.582103875319818,2.5788175980245085,2.6106671333552023,2.6040185048137974,-1.1453733263620902,0.0634370981251978,2.581296364232865,2.602877267048153,V,VISA Inc.,,,
2024-12-13,2.5982371889643603,2.5989404133578344,2.6254067703662214,2.6405482358839683,2.6373661961244577,-0.7334690581835513,0.0788436835960361,2.6001719351768693,2.618867178142406,V,VISA Inc.,,,
2024-12-16,2.6346463357392973,2.63690750685461,2.6457054968629965,2.632667857927423,2.6013764849734424,-0.2043281171053886,0.220619103483444,2.623601792497336,2.636903792083836,V,VISA Inc.,,,
2024-12-17,2.710946086431712,2.716470753151191,2.68830052815449,2.666817832543534,2.6370366993709125,0.43768759473619,0.4981348952959673,2.660607248799521,2.660636079164916,V,VISA Inc.,,,
2024-12-18,2.441204535039585,2.4351904468219727,2.7808116593444003,2.4835910283926643,2.7255252189515007,0.897882340758165,-1.903046699212444,2.6196598761004464,2.6562782606271007,V,VISA Inc.,,,
2024-12-19,2.602671312622057,2.603562879788235,2.6227440096660737,2.5384279972273576,2.5052934178959982,0.289439204713334,1.1148478308235257,2.6300739122928407,2.667839827201788,V,VISA Inc.,,,
2024-12-20,2.6922666364632946,2.696992517863717,2.726902433941412,2.5729056528698915,2.562745761617404,4.811718633013056,0.5929465649787657,2.6607038010320374,2.6869639278322786,V,VISA Inc.,,,
2024-12-23,2.6767540014856235,2.680815900381915,2.659349352700711,2.6080406747305704,2.631423162936657,0.1958693685656506,-0.1421136351129697,2.679725247695725,2.70285810798338,V,VISA Inc.,,,
2024-12-24,2.78534633080033,2.7940542377791284,2.778149914189905,2.7370868741822427,2.714629658107199,-1.2957604554968931,0.7203655070767518,2.7216491112786323,2.727747297250856,V,VISA Inc.,,,
2024-12-26,2.793578495987867,2.802638242571415,2.775155070061478,2.808669646174592,2.767457963290317,-1.2473855537411436,0.0221565203926599,2.755188689306588,2.751165263306397,V,VISA Inc.,,,
2024-12-27,2.722344095492243,2.7283563757491494,2.776818533839831,2.7462809824924266,2.75094886601176,-1.069194816151029,-0.5239047946610106,2.7622004221330942,2.7656059346535224,V,VISA Inc.,,,
2024-12-26,319.2779541015625,320.9100036621094,321.45001220703125,319.4599914550781,319.7699890136719,2856000.0,0.0008109150291721,316.174260200656,312.3191272562537,V,VISA Inc.,0.0,1.0,0.0
2024-12-27,317.0393981933594,318.6600036621094,321.5,317.5599975585937,319.2699890136719,3489200.0,-0.0070113074812896,316.39054469883183,312.7482427959906,V,VISA Inc.,0.999957263469696,2.7694443360815058e-06,3.992591155110858e-05
2024-12-30,313.7064208984375,315.3099975585937,317.1099853515625,313.2300109863281,314.67999267578125,3478500.0,-0.0105128173782651,315.7195137487332,312.835349896213,V,VISA Inc.,0.0,1.0,0.0
