Date,Adj Close,Close,High,Low,Open,Volume,Daily_Return,EMA_7,EMA_21,Ticker,Company,negative,neutral,positive
2021-01-04,-2.1256556295376945,-2.230142547123199,-2.225401134434262,-2.22181340093658,-2.227254039326924,0.7985733182711986,,-2.1119412752945417,-2.078198435171619,XOM,Exxon Mobil Corporation,,,
2021-01-05,-2.056827525222732,-2.143390635423919,-2.1155358012430465,-2.185575443420849,-2.210361718452725,2.6611012139575974,2.6862225340232344,-2.0947765987377305,-2.071994398090153,XOM,Exxon Mobil Corporation,,,
2021-01-06,-2.018627922551007,-2.0952432979562365,-2.1026104969301085,-2.1039311152848583,-2.099045494264015,1.7967927537598751,1.3894021949955444,-2.072376694639801,-2.062911123368932,XOM,Exxon Mobil Corporation,,,
2021-01-07,-2.00658259825762,-2.0800617795953187,-2.0823607494155367,-2.0676933243191664,-2.0734903981334143,1.0004356997279171,0.3787805421476248,-2.052572846909178,-2.0535678578063057,XOM,Exxon Mobil Corporation,,,
2021-01-08,-1.98937581102492,-2.0583738016704984,-2.071589635095728,-2.049355998459991,-2.0648276228770137,0.8974210932444755,0.5660673610125623,-2.033428851536557,-2.0435229922808698,XOM,Exxon Mobil Corporation,,,
2021-01-11,-1.941884460447576,-1.9985149362674763,-2.014718164635472,-2.0580880504619774,-2.071757810036395,1.9984261884303207,1.6661507948338872,-2.0072272385074146,-2.030110514494161,XOM,Exxon Mobil Corporation,,,
2021-01-12,-1.9060936997115567,-1.9534039024719767,-1.970341226231192,-1.963782255250608,-1.96693870859716,1.846050654826466,1.1998786129596637,-1.978650360393092,-2.01469124038298,XOM,Exxon Mobil Corporation,,,
2021-01-13,-1.887510522361708,-1.929981012067438,-1.947075579855406,-1.929727435647904,-1.920593050988414,0.940016642830528,0.5750522383616081,-1.952583341588036,-1.9989986654818448,XOM,Exxon Mobil Corporation,,,
2021-01-14,-1.822467490868908,-1.8480003165200607,-1.844965297768624,-1.8943626999873755,-1.921892409446831,1.6811746266921164,2.162414853549676,-1.9168123402002497,-1.978869830629317,XOM,Exxon Mobil Corporation,,,
2021-01-15,-1.905749761412964,-1.9529702157185824,-1.9311342123270927,-1.947191373101837,-1.904133794524122,2.47521931818272,-2.8208997398871447,-1.9107534137112527,-1.9680777985484448,XOM,Exxon Mobil Corporation,,,
2021-01-19,-1.873056515363308,-1.9117630245681965,-1.9156239457640645,-1.900911780626376,-1.9240580619537573,0.4743732215696147,1.0645508395097718,-1.8980560232913248,-1.9553199520087023,XOM,Exxon Mobil Corporation,,,
2021-01-20,-1.849310760459289,-1.881833674599756,-1.9026984770969648,-1.87296918091001,-1.895471019267721,0.1778642386677247,0.7380363141108536,-1.88261115237169,-1.94158151159622,XOM,Exxon Mobil Corporation,,,
2021-01-21,-1.8981791380765567,-1.9434274524824968,-1.9177781357571937,-1.9301639633004848,-1.8859419499628105,0.9450763668071568,-1.7095680039417516,-1.883214525165101,-1.9334969248183216,XOM,Exxon Mobil Corporation,,,
2021-01-22,-1.921580317759208,-1.972923115697543,-1.993175935995854,-1.975570500470784,-1.986429911616888,0.2834544964967354,-0.8782675423726639,-1.8895029510745835,-1.928256639209968,XOM,Exxon Mobil Corporation,,,
2021-01-25,-1.939819556810464,-1.995912319348688,-2.018595772364769,-1.996527325345529,-1.991194281040648,0.6418706904067877,-0.70899468650388,-1.898767857774544,-1.9251367942268487,XOM,Exxon Mobil Corporation,,,
2021-01-26,-1.9752663792478888,-2.040589666390792,-1.983697302801091,-2.01006201427611,-1.9756014838535607,0.3649595524098485,-1.325940776815695,-1.914556433190514,-1.925495682044418,XOM,Exxon Mobil Corporation,,,
2021-01-27,-1.9931616800005512,-2.0631451832885417,-2.0353986844070047,-2.0676933243191664,-2.0734903981334143,1.3303709134256343,-0.7182679868405757,-1.9308606790688745,-1.9274349927638244,XOM,Exxon Mobil Corporation,,,
2021-01-28,-1.9687274115765696,-2.0323481288810306,-2.038414583268218,-2.0170476225676914,-2.032775569225634,0.4783340009721339,0.8254458605891882,-1.9369953306312264,-1.926995543079272,XOM,Exxon Mobil Corporation,,,
2021-01-29,-2.0107125647625383,-2.085266847966756,-2.0621110019009645,-2.0685665461743694,-2.0496678900998333,2.08026321718353,-1.5847475223801784,-1.952066774385228,-1.930380506846901,XOM,Exxon Mobil Corporation,,,
2021-02-01,-2.0079594660668505,-2.081796857541178,-2.0819298128044137,-2.07817165348152,-2.048368366412721,0.4148241624600621,0.032096670973187,-1.962683776492007,-1.933209587448839,XOM,Exxon Mobil Corporation,,,
2021-02-02,-1.983525356873564,-2.050999803133667,-2.02118073461486,-2.034948254224246,-2.038406232697904,1.2765798659908425,0.8340109402930831,-1.9645530349353737,-1.933579033828436,XOM,Exxon Mobil Corporation,,,
2021-02-03,-1.9219245745191889,-1.9733569679170784,-1.9918834548708089,-2.028835867787868,-2.046202713905795,0.8780865371437384,2.1735436355321074,-1.950592685773153,-1.928362314427538,XOM,Exxon Mobil Corporation,,,
2021-02-04,-1.890607718586683,-1.9338846892464112,-1.9612933652933893,-1.9489378168122429,-1.9487468640358483,0.5141756203631392,1.02755990206469,-1.932312478992968,-1.920796999201149,XOM,Exxon Mobil Corporation,,,
2021-02-05,-1.8348570719222763,-1.8636156871005136,-1.886326501665852,-1.8707862095470231,-1.892439072712285,1.624544639107542,1.8470526155629423,-1.9046989652819888,-1.9088941804894863,XOM,Exxon Mobil Corporation,,,
2021-02-08,-1.7608668677452268,-1.7703574813034726,-1.7898172450445355,-1.797873933413019,-1.817073308007596,1.8556206304926688,2.391707843465947,-1.865536804685669,-1.8914040970612176,XOM,Exxon Mobil Corporation,,,
2021-02-09,-1.7818657339506163,-1.834120023885468,-1.8501355509771285,-1.838914361307305,-1.827901735770923,0.93734941277045,-0.7397362073023563,-1.8414019803126875,-1.8773968198917104,XOM,Exxon Mobil Corporation,,,
2021-02-10,-1.7647164289983757,-1.8128658981801824,-1.8303167400736795,-1.8118451499961816,-1.829634158639247,0.5649445702191304,0.4835557573469357,-1.8190240876599089,-1.863117125160224,XOM,Exxon Mobil Corporation,,,
2021-02-11,-1.809514551620898,-1.8683870687185569,-1.8514280321021737,-1.882137927114617,-1.8183726664660125,0.7078531542106057,-1.501933989044908,-1.8134126348083888,-1.8541736037999432,XOM,Exxon Mobil Corporation,,,
2021-02-12,-1.7857156136651522,-1.8388914055035104,-1.860906665296937,-1.8546320216008727,-1.8816106449489576,-0.1181296139650513,0.7103472756248429,-1.8032689540253428,-1.843897937911234,XOM,Exxon Mobil Corporation,,,
2021-02-16,-1.7325179127143355,-1.772959932756121,-1.782492966197063,-1.758143255026517,-1.772027008857267,0.8323887586036895,1.650753590064336,-1.7823945004283506,-1.829761281821945,XOM,Exxon Mobil Corporation,,,
2021-02-17,-1.7041691169141375,-1.737825514416243,-1.7506103954945986,-1.750284424879733,-1.7551346879830676,0.5404358167486282,0.8202282274425879,-1.7596689041254734,-1.81435446865267,XOM,Exxon Mobil Corporation,,,
2021-02-18,-1.7332175723828636,-1.7738274717290503,-1.764828345286744,-1.7476647593141252,-1.7352102553247366,-0.018434735882565,-0.9680917410879476,-1.749868947424161,-1.802966648514883,XOM,Exxon Mobil Corporation,,,
2021-02-19,-1.7209682735707266,-1.758645953368133,-1.7812003207178564,-1.7450452602985569,-1.7655298861077924,0.2081767931702421,0.3148445336249383,-1.7394641921156175,-1.7915099557813972,XOM,Exxon Mobil Corporation,,,
2021-02-22,-1.6534213394180262,-1.6749303453410365,-1.6842602918395788,-1.7157929110744077,-1.7447393246296472,1.7911034261209964,2.037702262207493,-1.7148154533216078,-1.775006225779003,XOM,Exxon Mobil Corporation,,,
2021-02-23,-1.627172637238269,-1.6423983784538063,-1.6648724175472525,-1.6655837369755138,-1.6412195816488286,1.4583063775948693,0.7199797208306461,-1.6897828743510024,-1.7576368257602002,XOM,Exxon Mobil Corporation,,,
2021-02-24,-1.5694250784430002,-1.5708279851154443,-1.5899053895655535,-1.6162479512818615,-1.6321237419825207,0.9089142219153696,1.6442160178607488,-1.656607082152613,-1.736641204752995,XOM,Exxon Mobil Corporation,,,
2021-02-25,-1.6023238913183435,-1.6116014895124358,-1.579134275245745,-1.5952911264071177,-1.5545921595422094,1.0167825002677944,-1.0180722669057043,-1.639929698779382,-1.7205197142596826,XOM,Exxon Mobil Corporation,,,
2021-02-26,-1.650971415963321,-1.6718940416688528,-1.6734891775197702,-1.692653114836676,-1.6659083837309194,1.6601344170336472,-1.4955813538915668,-1.639553609879039,-1.7102488110419685,XOM,Exxon Mobil Corporation,,,
2021-03-01,-1.5799247503917355,-1.5838407387771083,-1.5636238443285546,-1.5612361402543733,-1.5766820794787717,1.855574841135414,2.065356600095039,-1.62155359140032,-1.694507612239108,XOM,Exxon Mobil Corporation,,,
2021-03-02,-1.5914740710739568,-1.598154883631237,-1.5916288073017215,-1.566038777182968,-1.5688855982708805,1.089095342712055,-0.4045558062042597,-1.6109338014837278,-1.6812384657566748,XOM,Exxon Mobil Corporation,,,
2021-03-03,-1.5757247223815478,-1.578635670405671,-1.5485443500224871,-1.5721511636193468,-1.5788478972143931,1.6679071604276083,0.3890553218131163,-1.599041312353465,-1.6677559883713715,XOM,Exxon Mobil Corporation,,,
2021-03-04,-1.499077913309249,-1.4836423866627702,-1.4834867274925123,-1.5188859628523033,-1.5485282664313371,3.588610434505923,2.146039547710221,-1.5710074035620103,-1.6485903901879957,XOM,Exxon Mobil Corporation,,,
2021-03-05,-1.4213816147341587,-1.387347711727405,-1.415413370455486,-1.431129081729894,-1.43114798390306,3.5075976141832963,2.09258955978977,-1.5306057033935938,-1.6241637195234682,XOM,Exxon Mobil Corporation,,,
2021-03-08,-1.4234817083545996,-1.3899503286461936,-1.3912860152116169,-1.4001304553453788,-1.3553489895597686,1.987940425619028,-0.1262591604409565,-1.5008281594973167,-1.6021469538090116,XOM,Exxon Mobil Corporation,,,
2021-03-09,-1.4563800435378615,-1.4307236675770447,-1.4007646484063798,-1.415411421436326,-1.3973633421546612,1.7007610242577536,-0.9531059572083416,-1.4866993432215705,-1.5850971068871968,XOM,Exxon Mobil Corporation,,,
2021-03-10,-1.3919830109697813,-1.3509119021950615,-1.3779299386417172,-1.3909618756908102,-1.4012615827586068,1.235220629050663,1.6859430408493987,-1.4600430959826618,-1.563792617518946,XOM,Exxon Mobil Corporation,,,
2021-03-11,-1.4080821894964546,-1.3708648021740224,-1.3507866845366343,-1.3372599807211456,-1.3466863795320625,0.4594916804618834,-0.4958287029538216,-1.4440657994566557,-1.5458760498676258,XOM,Exxon Mobil Corporation,,,
2021-03-12,-1.3849830704399306,-1.3422366779319057,-1.3585418999952297,-1.3267814850087538,-1.3566485132468804,-0.0418903341362124,0.5457180628868129,-1.426322260048157,-1.5275061495405442,XOM,Exxon Mobil Corporation,,,
2021-03-15,-1.4402807057804945,-1.4107707675980838,-1.380514900891808,-1.397947483982392,-1.3592472301637142,1.1968148056534025,-1.5280735960858227,-1.4268049900218258,-1.5157906659705604,XOM,Exxon Mobil Corporation,,,
2021-03-16,-1.485078828403017,-1.466291938136458,-1.4753007397769562,-1.4603814309540435,-1.4437089997634067,1.1259786699806014,-1.2821192781275847,-1.438339004140142,-1.5091782456661915,XOM,Exxon Mobil Corporation,,,
2021-03-17,-1.4759792719448068,-1.4550142624206537,-1.4722848409157427,-1.4525226008072594,-1.4805257532959373,0.5479681660170029,0.1816179144108495,-1.4447202245171238,-1.5023467374156796,XOM,Exxon Mobil Corporation,,,
2021-03-18,-1.565575198728464,-1.5660566034974015,-1.50502895613213,-1.544208730453021,-1.4753279890048794,2.041536868285488,-2.5359446693032144,-1.4718499936565888,-1.5042122852736572,XOM,Exxon Mobil Corporation,,,
2021-03-19,-1.5767746895764212,-1.5799368961319953,-1.5696556420509815,-1.5752073568375362,-1.5662868813540465,7.286318532258435,-0.3920783323302542,-1.4949903022432784,-1.506917739109806,XOM,Exxon Mobil Corporation,,,
2021-03-22,-1.5970735776518947,-1.6050950299485338,-1.5959371872879804,-1.5712779417641445,-1.5753827210203546,0.9760528669898652,-0.6571203617596646,-1.5174077659174423,-1.5112069465471658,XOM,Exxon Mobil Corporation,,,
2021-03-23,-1.621222663903292,-1.6350243799169748,-1.6204953147888113,-1.6345851105909983,-1.642952169745848,1.45434559819235,-0.7757412189147621,-1.5402432764472271,-1.517282979675461,XOM,Exxon Mobil Corporation,,,
2021-03-24,-1.582024366320095,-1.5864433556958977,-1.577841794120699,-1.56341911161736,-1.593574400352971,1.0294775995666203,1.0900257795094257,-1.547594453427397,-1.5192733846463953,XOM,Exxon Mobil Corporation,,,
2021-03-25,-1.587624191359421,-1.593383502013194,-1.611447618205171,-1.6324021392280117,-1.6312574479340107,1.225696442741715,-0.2323535610133261,-1.5545043468834197,-1.5215876015062535,XOM,Exxon Mobil Corporation,,,
2021-03-26,-1.5340766605743397,-1.52701834251241,-1.5562995654810818,-1.544208730453021,-1.540731785223446,1.5382774900399547,1.487573419795145,-1.5463328317553733,-1.5188647603607552,XOM,Exxon Mobil Corporation,,,
2021-03-29,-1.5449261623573387,-1.5404647829274687,-1.554576147744914,-1.5346034565958315,-1.5389991971264267,0.0407251136903237,-0.3771444108074052,-1.5429098952213736,-1.5173674041042602,XOM,Exxon Mobil Corporation,,,
2021-03-30,-1.5697750675079585,-1.5712618373349798,-1.5743949586483632,-1.5455184799608053,-1.559789758604572,-0.0555470099373843,-0.7773425665409766,-1.5465396297254477,-1.5182460051552602,XOM,Exxon Mobil Corporation,,,
2021-03-31,-1.5998739678636384,-1.608565020374112,-1.605846592739705,-1.5756440510401573,-1.5818798437698294,0.3317279263823531,-0.9375325147928044,-1.556768136018616,-1.521757792180812,XOM,Exxon Mobil Corporation,,,
2021-04-01,-1.5452763106529908,-1.5408986351470035,-1.5705173509190655,-1.5607996126017916,-1.583179202228246,0.2754070169592468,1.5280737412980416,-1.5508236950485612,-1.520028994746553,XOM,Exxon Mobil Corporation,,,
2021-04-05,-1.576424700511463,-1.5795032093786006,-1.5761183763845312,-1.5607996126017916,-1.540731785223446,0.2834544964967354,-0.9568326849607288,-1.5541332963672023,-1.5212650185411372,XOM,Exxon Mobil Corporation,,,
2021-04-06,-1.582024366320095,-1.5864433556958977,-1.566639743189768,-1.555560448020615,-1.5606560526530815,-0.2131883196255136,-0.2318890219011123,-1.558011968367378,-1.5228934199788282,XOM,Exxon Mobil Corporation,,,
2021-04-07,-1.5732746396961488,-1.5755993667334875,-1.599814795017278,-1.5564335033257788,-1.58014725567281,0.1827408052153352,0.1838393417477883,-1.5587389243661112,-1.5235851008669137,XOM,Exxon Mobil Corporation,,,
2021-04-08,-1.593923835297968,-1.6011911873034206,-1.6295430113724516,-1.5966008759149015,-1.6000715231024456,0.1385884174826277,-0.6661980885955625,-1.5644337349387636,-1.5260751816919431,XOM,Exxon Mobil Corporation,,,
2021-04-09,-1.5984740116038074,-1.606830107894393,-1.6140327448094232,-1.5874322962603329,-1.5970395765470091,-0.0879086381770431,-0.2027109213168456,-1.569839587248379,-1.5287490359471354,XOM,Exxon Mobil Corporation,,,
2021-04-12,-1.61142328854586,-1.6228791652282406,-1.5989530861491938,-1.5970374035674832,-1.56412122884712,-0.0629419911339954,-0.4486758889660837,-1.577123328103262,-1.5323470362390474,XOM,Exxon Mobil Corporation,,,
2021-04-13,-1.6040735181817454,-1.6137702542116898,-1.633851555712872,-1.6066426774246725,-1.6273592073300651,-0.1623277910550134,0.1464615657462449,-1.5807532134232491,-1.5349554509889043,XOM,Exxon Mobil Corporation,,,
2021-04-14,-1.547725915646308,-1.5439349388191872,-1.5463901600293577,-1.555996975673197,-1.5792809616243004,0.831358498065462,1.5828448607458874,-1.5694233971230285,-1.5322476692202336,XOM,Exxon Mobil Corporation,,,
2021-04-15,-1.5596253846241808,-1.5586827704267103,-1.5718099963982723,-1.5328571794354655,-1.5355341861610836,0.2817946322962577,-0.4091670829363824,-1.5638935804700658,-1.5308586453929411,XOM,Exxon Mobil Corporation,,,
2021-04-16,-1.5708253531642191,-1.572563063061304,-1.5606079454673412,-1.5477016178738316,-1.5381329030779172,0.2247525404963921,-0.3911309095038583,-1.5625393188415342,-1.5306054407553005,XOM,Exxon Mobil Corporation,,,
2021-04-19,-1.577124678641379,-1.5803707483515304,-1.5838735918431264,-1.5686584427485757,-1.564554293257027,0.0383097250951458,-0.2516099773231983,-1.5630945780520435,-1.5309430641826016,XOM,Exxon Mobil Corporation,,,
2021-04-20,-1.6187727404485874,-1.6319880762447914,-1.612740099330216,-1.6201773663552534,-1.5766820794787717,0.1137247964934027,-1.2748987024633427,-1.5738974121077862,-1.5350040732631094,XOM,Exxon Mobil Corporation,,,
2021-04-21,-1.593923835297968,-1.6011911873034206,-1.6273888213793222,-1.6411341912299982,-1.6620101431269738,-0.4765572552144173,0.6644651702486792,-1.5758026007450194,-1.5364560656884845,XOM,Exxon Mobil Corporation,,,
2021-04-22,-1.619472877809197,-1.632855615217721,-1.6334206191017493,-1.609698870642862,-1.5974726409569169,0.0928906389425788,-0.8154576444697523,-1.5836030326773296,-1.5400790018910917,XOM,Exxon Mobil Corporation,,,
2021-04-23,-1.6089736835525428,-1.619842861556057,-1.6355749734490403,-1.6027132623512803,-1.628658565788482,-0.6239646435561529,0.2404760521503015,-1.5868350181539828,-1.5424262024490485,XOM,Exxon Mobil Corporation,,,
2021-04-26,-1.605123485376619,-1.615071479938014,-1.6204953147888113,-1.5913617113337255,-1.619995790532081,-0.538578939615716,0.0432813116673827,-1.5882988267214575,-1.5442129714482653,XOM,Exxon Mobil Corporation,,,
2021-04-27,-1.5795744428653902,-1.5834070520237138,-1.605846592739705,-1.5752073568375362,-1.5966065121371025,-0.1728593432235617,0.6798686635381378,-1.583025142692678,-1.543534363813469,XOM,Exxon Mobil Corporation,,,
2021-04-28,-1.5200772572067198,-1.509667893986098,-1.5270021213828695,-1.532420485232845,-1.5576241060976457,0.4511580174415538,1.6535719498356458,-1.564232191519778,-1.53755448232255,XOM,Exxon Mobil Corporation,,,
2021-04-29,-1.491028801737994,-1.47366593667329,-1.4830559552355511,-1.4730427314793828,-1.4705636195811191,0.7474838429144255,0.7469189683688366,-1.5428932376142572,-1.5294998527692512,XOM,Exxon Mobil Corporation,,,
2021-04-30,-1.5505258281659706,-1.5474049292447654,-1.508475791604466,-1.5162662972866952,-1.4961185504830246,1.113798700950889,-1.7194599375316046,-1.541726670626732,-1.52754041337278,XOM,Exxon Mobil Corporation,,,
2021-05-03,-1.495228033594713,-1.4788710050447271,-1.5041672472640455,-1.490943363135938,-1.5112784484889,-0.0319425962726596,1.5086969364074168,-1.5270613211463453,-1.5207746646595028,XOM,Exxon Mobil Corporation,,,
2021-05-04,-1.4822787566526603,-1.46282194771088,-1.482194246367467,-1.457325237735854,-1.4670984433870808,0.3129199478900434,0.2898072593397418,-1.512832957413384,-1.513456760314786,XOM,Exxon Mobil Corporation,,,
2021-05-05,-1.4199814992436337,-1.3856126337815455,-1.415413370455486,-1.4184676146545154,-1.433746866048589,1.2291649865537475,1.6499258710903086,-1.4866257013922002,-1.501188761291676,XOM,Exxon Mobil Corporation,,,
2021-05-06,-1.3996826111681602,-1.3604546654311471,-1.3899935340865712,-1.3909618756908102,-1.3865349143913337,0.6923534567799378,0.4741011942626018,-1.4619080271421658,-1.488206330957079,XOM,Exxon Mobil Corporation,,,
2021-05-07,-1.368883891913257,-1.3222837779529448,-1.3542333556548092,-1.355160612377701,-1.3774390747250256,1.467773327207249,0.7477327536391695,-1.4356890419091148,-1.473627982392958,XOM,Exxon Mobil Corporation,,,
2021-05-10,-1.3636342151695835,-1.3157773183890429,-1.2874526440969891,-1.2818116420410752,-1.2834482358204224,1.278434334959652,0.0674713181712902,-1.4147156138931865,-1.4599017421633524,XOM,Exxon Mobil Corporation,,,
2021-05-11,-1.4332810837120316,-1.4020955433349278,-1.3576801911271454,-1.3752442153972424,-1.353183337052842,1.5768893655448608,-1.8885455734603849,-1.416354406714179,-1.45370118091802,XOM,Exxon Mobil Corporation,,,
2021-05-12,-1.421918381402936,-1.4259522859590017,-1.3882701163504032,-1.4031866485635682,-1.423351667923864,1.5611721686672335,0.2365091426468714,-1.4147498171555857,-1.44704009424363,XOM,Exxon Mobil Corporation,,,
2021-05-13,-1.4481944712620254,-1.458050566092837,-1.4412639790813622,-1.446846742023462,-1.4670984433870808,0.3983170991697939,-0.7748118371893196,-1.420099229930096,-1.4433530386851967,XOM,Exxon Mobil Corporation,,,
2021-05-14,-1.3959972167603123,-1.3942878580447016,-1.4227376493029584,-1.395327818416784,-1.4268166788892074,-0.0060945041024617,1.3477653925059696,-1.4110940925448163,-1.4352962067295805,XOM,Exxon Mobil Corporation,,,
2021-05-17,-1.3455752252637017,-1.3326940801619604,-1.3637119888495723,-1.3734977716868373,-1.4003952887100972,0.5144274618280392,1.266421142692166,-1.391765765982234,-1.42342686967611,XOM,Exxon Mobil Corporation,,,
2021-05-18,-1.4080700879637262,-1.4090356896522247,-1.361557798856443,-1.3748075211946216,-1.337157310227152,0.501640783814704,-1.6884482653431567,-1.3928547840191536,-1.418269733746344,XOM,Exxon Mobil Corporation,,,
2021-05-19,-1.4595571735711208,-1.4719308587274305,-1.466683815450277,-1.461254652809246,-1.462767138373228,0.9273673328889565,-1.4422011344478425,-1.4065116392521098,-1.4182223783208423,XOM,Exxon Mobil Corporation,,,
2021-05-20,-1.46452835583135,-1.4780034660717978,-1.4972737406735348,-1.4691133164059909,-1.4692640958940073,-0.011005412668013,-0.2056890493952685,-1.4179940175030992,-1.4186274210405836,XOM,Exxon Mobil Corporation,,,
2021-05-21,-1.46168783948477,-1.4745334756462194,-1.4679762965753225,-1.4424807992974888,-1.4489067640544644,0.0004648213242536,0.0078160982934367,-1.4258974198574563,-1.4187396028439023,XOM,Exxon Mobil Corporation,,,
2021-05-24,-1.4371868534000891,-1.444603960211638,-1.469268942054529,-1.4494664075890702,-1.4636332671930423,-0.2734013244152573,0.5998134826272876,-1.4257148004126103,-1.416633113066371,XOM,Exxon Mobil Corporation,,,
2021-05-25,-1.485123572227973,-1.503161599888336,-1.480470828631299,-1.4743526475372064,-1.445441587860426,0.5526157857783406,-1.3651499070329074,-1.437532520358861,-1.4190390488783062,XOM,Exxon Mobil Corporation,,,
2021-05-26,-1.4609776705904516,-1.47366593667329,-1.4985663861527414,-1.4839577548443563,-1.4995837266770629,0.1041777155058274,0.597584421518637,-1.440374191738382,-1.4190497966681677,XOM,Exxon Mobil Corporation,,,
2021-05-27,-1.4744704018904211,-1.490148680760532,-1.473577322040788,-1.47871859026318,-1.457136309672263,1.461523079942002,-0.438644199551962,-1.4458703261009491,-1.4202757770457572,XOM,Exxon Mobil Corporation,,,
2021-05-28,-1.4812176433092217,-1.4983902182702933,-1.5123533993337637,-1.474789175189788,-1.4787931651989177,-0.176499597125299,-0.2555108415745883,-1.4516750856901863,-1.421998488431684,XOM,Exxon Mobil Corporation,,,
2021-06-01,-1.4070048346222486,-1.4077344639259004,-1.4304928647615536,-1.4162846432915286,-1.4476072403673526,0.8797921907014707,1.9778338333325085,-1.4375211159087735,-1.4168751853909147,XOM,Exxon Mobil Corporation,,,
2021-06-02,-1.3899609403892992,-1.3869140249740104,-1.4042113195245547,-1.3848494892544316,-1.391299449043789,0.2506578693631582,0.3841017459043037,-1.4226551520209076,-1.4106813323022969,XOM,Exxon Mobil Corporation,,,
2021-06-03,-1.381438754426784,-1.3765037227649948,-1.3999029395382958,-1.3769906591076475,-1.39996222430019,-0.0590498957673579,0.1553006468966981,-1.4093803762645551,-1.4042823828031843,XOM,Exxon Mobil Corporation,,,
2021-06-04,-1.3718514743534846,-1.364792194829655,-1.387408407482319,-1.3582168055958896,-1.360546753850826,-0.0413065198312167,0.182456572802572,-1.3970333734251938,-1.3976009764231565,XOM,Exxon Mobil Corporation,,,
2021-06-07,-1.3860550114705477,-1.3821426433559671,-1.3861159263572738,-1.3477383098834983,-1.3661774173230958,-0.6079383685170576,-0.442214203026945,-1.3913152662232944,-1.392807250994634,XOM,Exxon Mobil Corporation,,,
2021-06-08,-1.3477060504080445,-1.3352965316146088,-1.3538025833978478,-1.3630194425244846,-1.3588141657538069,0.9346478406924312,0.941782415335579,-1.3774630414431808,-1.384992614889032,XOM,Exxon Mobil Corporation,,,
2021-06-09,-1.329241340694377,-1.3127410147168592,-1.3133032527228654,-1.2966560804794414,-1.3081372031312084,0.9552072620997276,0.4087298741223198,-1.362469056655398,-1.3762240257176903,XOM,Exxon Mobil Corporation,,,
2021-06-10,-1.3256906554534786,-1.3084034853183513,-1.2891758974789962,-1.2940364149138333,-1.2674222089947325,0.7669786617655536,0.0213447519364682,-1.35033808146978,-1.3679325288645423,XOM,Exxon Mobil Corporation,,,
2021-06-11,-1.3462855533887137,-1.3335616191348898,-1.3232126581745904,-1.298839051842428,-1.2934105347639353,-0.3613855743798904,-0.5985499484289234,-1.346375902646553,-1.3622511901797705,XOM,Exxon Mobil Corporation,,,
2021-06-14,-1.3498362386296126,-1.3378991485333978,-1.3408772790849095,-1.3237252917905644,-1.3241632299568982,-0.4340189423249329,-0.1619231614163947,-1.3442897551239132,-1.357406388981906,XOM,Exxon Mobil Corporation,,,
2021-06-15,-1.2695877904944015,-1.2398693956521731,-1.2710803399575537,-1.2896704721878598,-1.316366748749007,1.1365445641670906,2.0123805129762684,-1.3227124088394753,-1.3457685786616953,XOM,Exxon Mobil Corporation,,,
2021-06-16,-1.277754732779064,-1.2498460111077936,-1.2538464913041951,-1.2368416325233582,-1.2366695138017696,0.4595603644977652,-0.2744107856131065,-1.3085661096264514,-1.3359249040586458,XOM,Exxon Mobil Corporation,,,
2021-06-17,-1.352677232668274,-1.341369138958976,-1.2684953777074628,-1.3368232865185248,-1.2565937812314052,0.8818069224206713,-1.952485968222593,-1.316640910821821,-1.3337294835083309,XOM,Exxon Mobil Corporation,,,
2021-06-18,-1.4091355005358976,-1.410336915378549,-1.393871141815869,-1.381793129486203,-1.3804710212804616,2.152335665502204,-1.5368283277510706,-1.3367768402498874,-1.3368226897161637,XOM,Exxon Mobil Corporation,,,
2021-06-21,-1.33137216583872,-1.3153436316356482,-1.3443239502030846,-1.3529774744646743,-1.3835029678358977,1.4145203047201982,2.0036872508361827,-1.3324858009625156,-1.3326252532597742,XOM,Exxon Mobil Corporation,,,
2021-06-22,-1.2887618729489188,-1.2632924515228523,-1.2878832519997894,-1.2949096367690358,-1.3003407219233174,0.4981607926633575,1.0265455054250054,-1.3186411661335218,-1.3249685895267893,XOM,Exxon Mobil Corporation,,,
2021-06-23,-1.2720733816245162,-1.2429056993243566,-1.258155199998777,-1.2359684106681557,-1.2483640703849117,-0.0099637047904718,0.3514262656819771,-1.304095835509818,-1.3165037166194151,XOM,Exxon Mobil Corporation,,,
2021-06-24,-1.2628411859983764,-1.231628189074692,-1.264186997721204,-1.2259266091583847,-1.2440327653710586,-0.1396849538926345,0.1614594583599752,-1.2908844691503905,-1.3079762047005268,XOM,Exxon Mobil Corporation,,,
2021-06-25,-1.2578695260460655,-1.2255552507980445,-1.248245630192891,-1.2019135910654508,-1.224108497941423,-0.2690513354760743,0.0541709998937962,-1.279736088425448,-1.2997757849730658,XOM,Exxon Mobil Corporation,,,
2021-06-28,-1.3164586190580327,-1.2971258096025466,-1.264186997721204,-1.2722063681838864,-1.2262743156770446,-0.0250284033272214,-1.5293325269191869,-1.2859860266153678,-1.2976019696281846,XOM,Exxon Mobil Corporation,,,
2021-06-29,-1.3303069124972424,-1.314042405909324,-1.2982235940626363,-1.2791919764754678,-1.2847477595075345,-0.1384371939074478,-0.423916908333678,-1.294127032845282,-1.2968740332283877,XOM,Exxon Mobil Corporation,,,
2021-06-30,-1.3139733463893053,-1.2940893404642229,-1.321489240438422,-1.2853043629118468,-1.3068376794440963,-0.3334769611332373,0.3501702779698393,-1.296159445936507,-1.2947399956488943,XOM,Exxon Mobil Corporation,,,
2021-07-01,-1.3075818263404393,-1.2862818206401367,-1.270218795443631,-1.271333146328684,-1.236236284163167,0.1993737892380533,0.0932573321829379,-1.2960898084068606,-1.2922238417772829,XOM,Exxon Mobil Corporation,,,
2021-07-02,-1.310777745595566,-1.29018566328525,-1.3176116327091243,-1.2866142789696702,-1.2934105347639353,-0.7135515210246955,-0.1513057707363417,-1.296834593643358,-1.2902245033737034,XOM,Exxon Mobil Corporation,,,
2021-07-06,-1.3746924683921462,-1.3682623507213736,-1.3417389879529935,-1.3529774744646743,-1.30467202693717,0.1513522008173357,-1.6995411821175286,-1.3133325369222797,-1.2941680770328934,XOM,Exxon Mobil Corporation,,,
2021-07-07,-1.4087804160887385,-1.4099032286251545,-1.3826690908849375,-1.4088625073473653,-1.3726745400725704,0.1010525918732038,-0.9645531614782176,-1.3342070071947838,-1.3008257680880242,XOM,Exxon Mobil Corporation,,,
2021-07-08,-1.41836737770065,-1.421614756560494,-1.4300620925045922,-1.4223970297279074,-1.4476072403673526,-0.2120893750514042,-0.3255388140779075,-1.3522537015018592,-1.3077423653589169,XOM,Exxon Mobil Corporation,,,
2021-07-09,-1.3796631729602944,-1.374334958065741,-1.3981795218021278,-1.381793129486203,-1.3934651015507156,-0.0804335256052365,0.9666048235147184,-1.3561364855133289,-1.3105414561586468,XOM,Exxon Mobil Corporation,,,
2021-07-12,-1.381793998104637,-1.3769375749845296,-1.3960253318089983,-1.3852860169070134,-1.405593053001155,0.1168499201260263,-0.1259868108190104,-1.359579968724019,-1.3132781527667292,XOM,Exxon Mobil Corporation,,,
2021-07-13,-1.392091128610867,-1.3895164764266588,-1.395594559552037,-1.370005050816066,-1.3804710212804616,-0.4168364860151601,-0.3410619687349882,-1.3647305279956308,-1.3166942229321514,XOM,Exxon Mobil Corporation,,,
2021-07-14,-1.440027688208057,-1.4480741161033563,-1.3861159263572738,-1.4202140583649203,-1.3731077697111729,0.0898570940244644,-1.3381265428228262,-1.3805480922695248,-1.3241206534303769,XOM,Exxon Mobil Corporation,,,
2021-07-15,-1.4606224269125985,-1.473232084453755,-1.473577322040788,-1.4459735201682595,-1.459735191817792,-0.565216898198555,-0.6271385796792183,-1.397547278331232,-1.332728325257733,XOM,Exxon Mobil Corporation,,,
2021-07-16,-1.5185008733381653,-1.5439349388191872,-1.4925345884303145,-1.5167028249392769,-1.4593019621791894,0.716701947500049,-1.6512762997124928,-1.424730667221144,-1.345770536785291,XOM,Exxon Mobil Corporation,,,
2021-07-19,-1.588452190967146,-1.629385624792143,-1.6243729225181087,-1.628036196502038,-1.612632538962792,1.966705611192226,-2.035476198118696,-1.4625629976674428,-1.3639323741562404,XOM,Exxon Mobil Corporation,,,
2021-07-20,-1.5667926766132083,-1.6029262652492795,-1.607139238218912,-1.60926234299028,-1.6186964320736643,0.6831154539538307,0.5603280524981571,-1.4855356938836353,-1.3784907871350038,XOM,Exxon Mobil Corporation,,,
2021-07-21,-1.5028776353552409,-1.524849577813156,-1.5338956279733809,-1.5306740415224398,-1.559789758604572,0.0137437349280754,1.76963820211626,-1.4868257822748316,-1.3859645252931918,XOM,Exxon Mobil Corporation,,,
2021-07-22,-1.5259576467285092,-1.553043849835738,-1.558022818863089,-1.5380963440166422,-1.5221068762522274,-0.8350650278389786,-0.7135144717744392,-1.4935491504182523,-1.3948392219319137,XOM,Exxon Mobil Corporation,,,
2021-07-23,-1.5284432378586237,-1.5560801535079214,-1.5774108575095769,-1.5463917018160078,-1.5411648496333532,-0.7670220429587056,-0.1400354544337368,-1.4992115449389547,-1.4031311745203958,XOM,Exxon Mobil Corporation,,,
2021-07-26,-1.477311555159776,-1.4936188366522505,-1.518815969313152,-1.5232519055782765,-1.5467956783343182,-0.2748551365080895,1.3738484526344332,-1.490706881174062,-1.406060398627988,XOM,Exxon Mobil Corporation,,,
2021-07-27,-1.5003917257637382,-1.5218131086748323,-1.5463901600293577,-1.5140833259237083,-1.509979090030483,-0.4495644291128554,-0.7055951651778211,-1.490084224910116,-1.410803733209836,XOM,Exxon Mobil Corporation,,,
2021-07-28,-1.4865432730938344,-1.504896512368055,-1.519677678181236,-1.4961826942671532,-1.5104121544403903,-0.4502627168109874,0.3157547202821902,-1.4861636404149832,-1.4138675818359352,XOM,Exxon Mobil Corporation,,,
2021-07-29,-1.461332436576223,-1.4740996234266843,-1.4895185252149397,-1.455142099822828,-1.4670984433870808,-0.2496480953394554,0.6275035235658122,-1.476936004991522,-1.4143804409382372,XOM,Exxon Mobil Corporation,,,
2021-07-30,-1.5096239213898783,-1.533090949856777,-1.5089065638614274,-1.5092806889951136,-1.4722960424494431,0.9002371387156308,-1.3897915796741875,-1.48205843616486,-1.4191995809495197,XOM,Exxon Mobil Corporation,,,
2021-08-02,-1.509268996173413,-1.5326570976372422,-1.5011513484028325,-1.5057878015743034,-1.5299033574601186,0.0097486135076153,-0.0600071971682441,-1.4858117466241154,-1.4235486250257017,XOM,Exxon Mobil Corporation,,,
2021-08-03,-1.4872534419881531,-1.505764051340985,-1.5291563113759992,-1.526308098796466,-1.529037063411609,-0.2953916632367588,0.5458778855356423,-1.4831363869613787,-1.4255178604240228,XOM,Exxon Mobil Corporation,,,
2021-08-04,-1.5355449268018084,-1.5647553777710774,-1.551991021140662,-1.5315472633776424,-1.5454963198759015,0.0091190098453651,-1.406346410859689,-1.4931730249552602,-1.4316609788862318,XOM,Exxon Mobil Corporation,,,
2021-08-05,-1.5227617274733825,-1.5491400071906247,-1.559746236599257,-1.5306740415224398,-1.548095036792735,-0.6420170976537624,0.2922874427758623,-1.497512569044842,-1.436093378264065,XOM,Exxon Mobil Corporation,,,
2021-08-06,-1.499326153960873,-1.520511882948508,-1.5438050334251054,-1.500112109340545,-1.5251388228076634,-0.6754089864316487,0.5899531977576938,-1.4949227535024574,-1.4380103933129833,XOM,Exxon Mobil Corporation,,,
2021-08-09,-1.5227617274733825,-1.5491400071906247,-1.567501452057852,-1.5306740415224398,-1.548095036792735,-0.3388915526285888,-0.7222995482411675,-1.49882486545524,-1.4418655731974754,XOM,Exxon Mobil Corporation,,,
2021-08-10,-1.4879636108824716,-1.5066315903139145,-1.5313105013691286,-1.510153910850316,-1.5355341861610836,-0.5092279616155444,0.9098953887358376,-1.493073331345618,-1.442233644790209,XOM,Exxon Mobil Corporation,,,
2021-08-11,-1.481927652972846,-1.4992577572432233,-1.5252787036467017,-1.4918165849911404,-1.502182608822592,-0.2873327363599566,0.0971585822997093,-1.4872544051748844,-1.4420241853293654,XOM,Exxon Mobil Corporation,,,
2021-08-12,-1.4866133345991035,-1.5426337130928631,-1.5558686288699597,-1.5289277643620738,-1.536400314980898,-0.1789378803991043,-0.1992741876594338,-1.4840587478814506,-1.4422561262490528,XOM,Exxon Mobil Corporation,,,
2021-08-13,-1.5075200062327865,-1.567791681443261,-1.58688949070434,-1.5538140043102102,-1.5524265070352827,-0.0830664136473736,-0.6483250200388814,-1.4868758090694774,-1.4443514700580444,XOM,Exxon Mobil Corporation,,,
2021-08-16,-1.53743770205893,-1.6037938042222095,-1.6291122391154904,-1.5987838472778884,-1.5961732824984998,-0.438334589246175,-0.9060733991835668,-1.4964496207372917,-1.448953053424919,XOM,Exxon Mobil Corporation,,,
2021-08-17,-1.5511353632618117,-1.6202765483094517,-1.6200645425318498,-1.6105720924980644,-1.6186964320736643,-0.5202746440532064,-0.4584375772422471,-1.5070459666996605,-1.4543709926903234,XOM,Exxon Mobil Corporation,,,
2021-08-18,-1.593308727127844,-1.6710265026959232,-1.6411758345603444,-1.640697497027377,-1.6221616082677026,0.1261337123093879,-1.2742625819582287,-1.5255106181187812,-1.4630978204633929,XOM,Exxon Mobil Corporation,,,
2021-08-19,-1.6531449149336006,-1.7430305827876795,-1.7316532934592337,-1.737186430151773,-1.7066232126387002,1.1601718725104426,-1.81540842299048,-1.55428133678521,-1.4764248227382832,XOM,Exxon Mobil Corporation,,,
2021-08-20,-1.6527842574121585,-1.742596730568145,-1.7562114209600643,-1.7367497359491515,-1.7585996989484107,-0.4430508930433945,-0.0590849330418013,-1.575769433315092,-1.4885077703548195,XOM,Exxon Mobil Corporation,,,
2021-08-23,-1.5745650452386506,-1.6484709857981736,-1.6734891775197702,-1.6564151573209454,-1.685832651160555,0.0966110242195117,2.2831678415712813,-1.572378830483691,-1.492441734141842,XOM,Exxon Mobil Corporation,,,
2021-08-24,-1.558344373692613,-1.6289517725726077,-1.639452581178338,-1.6101355648454827,-1.6277922717399724,-0.3288865780684679,0.3987528098077909,-1.565790690956054,-1.4945559637467385,XOM,Exxon Mobil Corporation,,,
2021-08-25,-1.5547397092465187,-1.6246142431740995,-1.6428992522965125,-1.6162479512818615,-1.629957924246899,-0.8606498312049629,0.0333718351414006,-1.5599506381273296,-1.4961530729233707,XOM,Exxon Mobil Corporation,,,
2021-08-26,-1.5817743741308394,-1.6571462100613297,-1.652808657748237,-1.6267262804442144,-1.631690512343918,-1.0240834945857935,-0.8433455064305986,-1.5623126304588622,-1.5000418446779809,XOM,Exxon Mobil Corporation,,,
2021-08-27,-1.5435653768481807,-1.611167637292901,-1.6239421502611475,-1.5931079884940913,-1.623027737087517,-0.568490837242256,1.0381324772572846,-1.5545553851549054,-1.500133003904104,XOM,Exxon Mobil Corporation,,,
2021-08-30,-1.565553543354108,-1.6376269968357635,-1.6183411247956818,-1.6053329279168882,-1.5866442131935894,-0.767262437084292,-0.6954785136455376,-1.554220963615759,-1.5021978482880385,XOM,Exxon Mobil Corporation,,,
2021-08-31,-1.588622567809505,-1.6653875821049509,-1.6627180631999616,-1.6341485829384166,-1.643385234155755,0.7229521947652962,-0.7334856906667739,-1.5597232093421391,-1.5061543784280416,XOM,Exxon Mobil Corporation,,,
2021-09-01,-1.6156573919245196,-1.6979195489921808,-1.6864146461868696,-1.671696289961932,-1.662443207536881,0.0979274682405802,-0.8566847058112087,-1.570591965299701,-1.5121880926839288,XOM,Exxon Mobil Corporation,,,
2021-09-02,-1.5684370519880124,-1.641096987261342,-1.6485002777619782,-1.6424439407377824,-1.671105982793282,0.2867169882011226,1.3234030602165103,-1.566967501677173,-1.5134169340017276,XOM,Exxon Mobil Corporation,,,
2021-09-03,-1.576006719940256,-1.650206063744033,-1.6622872909430002,-1.628036196502038,-1.6351556885379566,-0.7954343391351587,-0.2879841658631862,-1.5661369133768104,-1.5152163782377577,XOM,Exxon Mobil Corporation,,,
2021-09-07,-1.587541391398648,-1.6640863563786263,-1.6644414809361296,-1.6337118887357958,-1.6546468915576849,-0.7365492257057973,-0.4034693432573009,-1.5683905428016085,-1.5178919504278476,XOM,Exxon Mobil Corporation,,,
2021-09-08,-1.605564235937039,-1.6857743343034464,-1.668319088665427,-1.6537956583053768,-1.6494491272666272,-0.2326030071014462,-0.5941362060297976,-1.5745753866560916,-1.5219488344087502,XOM,Exxon Mobil Corporation,,,
2021-09-09,-1.60412240200474,-1.6840392563575872,-1.6760743041240225,-1.684794284689892,-1.7001262551179208,-0.1920679785918488,-0.0276127447586003,-1.5788544482156952,-1.5255069465308126,XOM,Exxon Mobil Corporation,,,
2021-09-10,-1.608087246280195,-1.68881063797563,-1.666164898672298,-1.6564151573209454,-1.6321237419825207,-0.6484848443659686,-0.1862361104344934,-1.5830525159092348,-1.529098977590142,XOM,Exxon Mobil Corporation,,,
2021-09-13,-1.5579843530939463,-1.628518085819213,-1.636005745706001,-1.6271629746468352,-1.6555130203774993,0.1446555073188566,1.4027072747084188,-1.5737061713940717,-1.527848278931952,XOM,Exxon Mobil Corporation,,,
2021-09-14,-1.5864600557570971,-1.662784965186162,-1.6428992522965125,-1.6363315543014034,-1.610466886455866,-0.0971122989852092,-0.8858951121999595,-1.5737978177435354,-1.5292780269335091,XOM,Exxon Mobil Corporation,,,
2021-09-15,-1.520135694871342,-1.582973365270319,-1.610155137080125,-1.5970374035674832,-1.624327260774629,0.2807185824007756,1.858065173315253,-1.5573262712677305,-1.524599443530248,XOM,Exxon Mobil Corporation,,,
2021-09-16,-1.541763203855827,-1.608998872593647,-1.6131710359413387,-1.5887420457681176,-1.577115309117374,-0.3298481545708136,-0.6781296888191054,-1.5503661813797576,-1.5222956492541049,XOM,Exxon Mobil Corporation,,,
2021-09-17,-1.565553543354108,-1.6376269968357635,-1.600676503885362,-1.606206149772091,-1.625626619233046,1.0545014833062365,-0.7461423555399685,-1.5510790607843978,-1.5223457076971298,XOM,Exxon Mobil Corporation,,,
2021-09-20,-1.6185407413277302,-1.7013897048838995,-1.7118344825557843,-1.6996387231282577,-1.6931960679585387,0.7745796950698102,-1.5940409488450027,-1.5648279171245127,-1.527167382671463,XOM,Exxon Mobil Corporation,,,
2021-09-21,-1.6203429143200836,-1.7035584695831532,-1.6971857605066782,-1.6869772560528788,-1.6676409718279386,-0.1249865702139214,-0.1231931193453355,-1.5755889937613974,-1.5317131680729177,XOM,Exxon Mobil Corporation,,,
2021-09-22,-1.5637513703617547,-1.6354582321365096,-1.6368674545740856,-1.6380779980118088,-1.66504208968241,0.561144053567002,1.603967662911559,-1.5695467356888289,-1.5307446439258083,XOM,Exxon Mobil Corporation,,,
2021-09-23,-1.4963458330651425,-1.5543450755620625,-1.579565047502706,-1.5983473196253064,-1.6221616082677026,0.2610863954778838,1.8671353279351952,-1.5482051320351802,-1.5237883578874571,XOM,Exxon Mobil Corporation,,,
2021-09-24,-1.477962171774616,-1.5322234108838475,-1.554576147744914,-1.5372231221614394,-1.5667199457639538,0.1762845058424425,0.4410574446521483,-1.52761432532942,-1.5158073925129223,XOM,Exxon Mobil Corporation,,,
2021-09-27,-1.4163241294378934,-1.458050566092837,-1.469268942054529,-1.443790548805273,-1.4735955661365556,1.3946935130289748,1.6281882387699766,-1.4967996352356123,-1.5029960311537918,XOM,Exxon Mobil Corporation,,,
2021-09-28,-1.393975464641218,-1.4311575197965796,-1.4399714979563167,-1.41366514427596,-1.428116037347624,1.9266628182731151,0.5280131496191776,-1.4681152024661963,-1.4893348720046993,XOM,Exxon Mobil Corporation,,,
2021-09-29,-1.3954171393428232,-1.4328924322762986,-1.4524660300122938,-1.4337487472955015,-1.430714919493153,0.3015412926122858,-0.1081104409086083,-1.446961409510693,-1.4770455862860692,XOM,Exxon Mobil Corporation,,,
2021-09-30,-1.4336264550868694,-1.4788710050447271,-1.4533277388803776,-1.4442270764578544,-1.4185871332714086,1.2020805817376767,-1.0823442819234077,-1.440624883766072,-1.46931762488908,XOM,Exxon Mobil Corporation,,,
2021-10-01,-1.3575694365043816,-1.387347711727405,-1.4179983327055767,-1.4180310870019337,-1.4493398284643717,0.4142403481550665,1.981614139469565,-1.4169050322417325,-1.4554365674927447,XOM,Exxon Mobil Corporation,,,
2021-10-04,-1.3290930969184556,-1.3530806668943156,-1.3714672043081677,-1.3507945031016877,-1.3666106469616983,1.5062478346403916,0.6715798642993656,-1.3920135800238416,-1.4402506202124048,XOM,Exxon Mobil Corporation,,,
2021-10-05,-1.3326979205952438,-1.3574183617589637,-1.3443239502030846,-1.3477383098834983,-1.3146341606519878,1.013428429848898,-0.1626040130398866,-1.3742439787531209,-1.4267701456835822,XOM,Exxon Mobil Corporation,,,
2021-10-06,-1.373429609759671,-1.4064330727334358,-1.4123974715942726,-1.4031866485635682,-1.4034272352655333,0.5147021979715666,-1.1187030149309152,-1.371074638125865,-1.418186647408627,XOM,Exxon Mobil Corporation,,,
2021-10-07,-1.3673017757397266,-1.3990592396627444,-1.4141207249762793,-1.386159238762216,-1.3973633421546612,-0.1459580958365089,0.0907911134762011,-1.367169444570148,-1.409831115617577,XOM,Exxon Mobil Corporation,,,
2021-10-08,-1.3125120863123636,-1.333127766915355,-1.3563877100021,-1.3376965083737271,-1.3696425935171344,0.1600636260350154,1.3631231684202696,-1.350576838815528,-1.397296537105644,XOM,Exxon Mobil Corporation,,,
2021-10-11,-1.3348605918783454,-1.3600208132116125,-1.3288135192858943,-1.3267814850087538,-1.2925442407154255,0.1525770661238951,-0.6401873309044267,-1.3437057599889235,-1.3879159183828298,XOM,Exxon Mobil Corporation,,,
2021-10-12,-1.3463955817981252,-1.3739011058462058,-1.3753448120374652,-1.355160612377701,-1.3557822191983708,-0.0675438215380784,-0.3672310944301452,-1.3414291009384396,-1.380427825679486,XOM,Exxon Mobil Corporation,,,
2021-10-13,-1.3525234158180697,-1.3812751043830376,-1.4007646484063798,-1.3831030455440263,-1.390000090585372,-0.6635953322599728,-0.2286963534632207,-1.3412497947358517,-1.3741728202175385,XOM,Exxon Mobil Corporation,,,
2021-10-14,-1.3190008963151372,-1.3409354522055812,-1.3650044699746178,-1.3411893957945376,-1.3497183260874988,-0.2511705914681694,0.8009801447980911,-1.3327553114144193,-1.3654647941673994,XOM,Exxon Mobil Corporation,,,
2021-10-15,-1.297733248698625,-1.3153436316356482,-1.328382747028933,-1.2857410571144678,-1.3055383209856797,-0.5375715737561158,0.4743098658150936,-1.321080622875904,-1.3556313807191165,XOM,Exxon Mobil Corporation,,,
2021-10-18,-1.2988150620322574,-1.3166448573619725,-1.3253668481677194,-1.2931631930586307,-1.289945358569897,-0.2868519481087837,-0.0973598384028932,-1.312594394172136,-1.3467894265861942,XOM,Exxon Mobil Corporation,,,
2021-10-19,-1.2649317257771897,-1.2758715184311211,-1.3051171006531477,-1.2756992556046969,-1.2994744278748074,-0.2123984532128725,0.7893881114840129,-1.2977797367951796,-1.3356971056672289,XOM,Exxon Mobil Corporation,,,
2021-10-20,-1.2523158779079402,-1.260690000070204,-1.2939152140763777,-1.2735161176916707,-1.2986081338262978,-0.7421813166481078,0.2452809163720218,-1.283522544251073,-1.324476008538168,XOM,Exxon Mobil Corporation,,,
2021-10-21,-1.294129061944612,-1.3110061022371404,-1.3038246195281022,-1.2896704721878598,-1.2734861021056043,-0.4835401321957373,-1.1089481802969816,-1.2832572184494968,-1.3180439736502705,XOM,Exxon Mobil Corporation,,,
2021-10-22,-1.278629068518683,-1.2923544279845038,-1.3219200126953834,-1.2896704721878598,-1.3038057328886603,-0.7465770949445454,0.3223477461694348,-1.2791927627953084,-1.3107995286791183,XOM,Exxon Mobil Corporation,,,
2021-10-25,-1.2342928741388557,-1.2390020221453837,-1.270218795443631,-1.2359684106681557,-1.2626576743422773,-0.3261163219545671,1.044509973680953,-1.265087652255585,-1.3002172876608524,XOM,Exxon Mobil Corporation,,,
2021-10-26,-1.1805845203530434,-1.174371940590459,-1.2047302363025338,-1.2019135910654508,-1.2293062622324806,0.5490671105911124,1.254286483628721,-1.2411147773339788,-1.2857558976132393,XOM,Exxon Mobil Corporation,,,
2021-10-27,-1.2422231996125408,-1.2485447853814693,-1.234458617011869,-1.2185044732142214,-1.2002858246791466,0.1117100647742022,-1.5552957428499017,-1.238506865046061,-1.2781651750905396,XOM,Exxon Mobil Corporation,,,
2021-10-28,-1.2357350265325424,-1.2407371000912428,-1.2680644410963402,-1.2337854393051688,-1.2583263693284243,-0.4764656764999082,0.0905831888504795,-1.2349328796943075,-1.270679686419146,XOM,Exxon Mobil Corporation,,,
2021-10-29,-1.2299673723419584,-1.2337967883078058,-1.2297193004144873,-1.203223340573235,-1.205050359331602,0.3637575817819163,0.0723578736466213,-1.230814025936058,-1.263354811115514,XOM,Exxon Mobil Corporation,,,
2021-11-01,-1.1881545067666743,-1.1834808516070094,-1.198698438580107,-1.1730981025939615,-1.2041842305117874,-0.1296112952966317,0.9590746055519024,-1.217297396430267,-1.2529268997701155,XOM,Exxon Mobil Corporation,,,
2021-11-02,-1.217351683703403,-1.218615269946888,-1.2258418570393512,-1.1888154297874514,-1.2059168186088065,-0.5138297920196274,-0.775777090804208,-1.214441253686338,-1.246078759493697,XOM,Exxon Mobil Corporation,,,
2021-11-03,-1.2494320508126484,-1.257219844178485,-1.2689263143185856,-1.2324756897973843,-1.2487973000235135,-0.391022735862903,-0.8551693768769807,-1.2202994995472245,-1.2427448419428655,XOM,Exxon Mobil Corporation,,,
2021-11-04,-1.232130202855754,-1.2363992397604546,-1.249969047929059,-1.225053387303182,-1.221076551385987,-0.3512661264266331,0.3594569267327414,-1.220378367677484,-1.2381544514679563,XOM,Exxon Mobil Corporation,,,
2021-11-05,-1.2101423548112145,-1.2099402111498725,-1.2310117815395327,-1.1931817056135032,-1.205050359331602,-0.2545361092263795,0.4716865300665584,-1.2149540857557577,-1.2319994255633688,XOM,Exxon Mobil Corporation,,,
2021-11-08,-1.184910022149941,-1.179576843495756,-1.18577329862133,-1.1573804423003935,-1.183393503804947,-0.3540249352012202,0.5457762901413596,-1.2045933164528844,-1.2241295520154365,XOM,Exxon Mobil Corporation,,,
2021-11-09,-1.16184083846385,-1.151816258226569,-1.18620390652413,-1.160436635518583,-1.1738647649574268,-0.2297869616302909,0.4869957066346248,-1.1910696378852894,-1.2148957082826772,XOM,Exxon Mobil Corporation,,,
2021-11-10,-1.2089645253692245,-1.2459420029965402,-1.217224768358511,-1.2276730528687898,-1.19335580274846,-0.0699935521511973,-1.196617412196126,-1.1926788057625424,-1.210748946225399,XOM,Exxon Mobil Corporation,,,
2021-11-11,-1.2045812228304804,-1.2407371000912428,-1.25255401017915,-1.2167581960538554,-1.2423001772740394,-0.8550406349412796,0.0369697142397061,-1.1927925530556955,-1.206584059813152,XOM,Exxon Mobil Corporation,,,
2021-11-12,-1.2224811412732628,-1.261991225796528,-1.272372821082599,-1.2359684106681557,-1.2522624762175525,-0.301035201518383,-0.5056922158920246,-1.197341829423236,-1.2044112647354372,XOM,Exxon Mobil Corporation,,,
2021-11-15,-1.202389253099721,-1.2381343177063138,-1.2551393011375636,-1.2516860709617237,-1.260925251473953,-0.2220142182363297,0.422935250733001,-1.195743177074423,-1.2006249511184923,XOM,Exxon Mobil Corporation,,,
2021-11-16,-1.1786449312719465,-1.2099402111498725,-1.2292883638033647,-1.2027869794706925,-1.2358033849819552,-0.4304130304411365,0.5075558356422304,-1.1886227170954224,-1.1950425789015566,XOM,Exxon Mobil Corporation,,,
2021-11-17,-1.2045812228304804,-1.2407371000912428,-1.2348895536229916,-1.209772421212235,-1.2340707968849358,-0.6057519267081525,-0.6944349943157899,-1.1897504865553554,-1.1923055440642043,XOM,Exxon Mobil Corporation,,,
2021-11-18,-1.2301522391774526,-1.2711001368130783,-1.2654794788462491,-1.2564887078903182,-1.243599535732456,-0.4396281385886162,-0.692437330210296,-1.196973334043257,-1.1921222543449446,XOM,Exxon Mobil Corporation,,,
2021-11-19,-1.337551272142066,-1.3986255529093496,-1.3731906220443353,-1.3743709935420398,-1.3419218448796073,1.2874662856781136,-2.71322908322684,-1.2291741459161376,-1.2016363760514892,XOM,Exxon Mobil Corporation,,,
2021-11-22,-1.3068659251411443,-1.3621897433770065,-1.3512174567935955,-1.3783004086154318,-1.4099243580150078,0.1380274978562593,0.7218847033904734,-1.2456722985814963,-1.2075196575975968,XOM,Exxon Mobil Corporation,,,
2021-11-23,-1.2476867231779791,-1.291920575764969,-1.3150265061048725,-1.3084443256996172,-1.3289277646093538,0.0454757595054841,1.4363013155263815,-1.2432875251996065,-1.2075337923653406,XOM,Exxon Mobil Corporation,,,
2021-11-24,-1.2349009761584524,-1.2767390574040511,-1.294776922944462,-1.2796285041280495,-1.3120352785064588,-0.5630876930862181,0.2471371040577982,-1.2383103754021632,-1.206394158740441,XOM,Exxon Mobil Corporation,,,
2021-11-26,-1.316363399103144,-1.3734674190928111,-1.3994721672813344,-1.4123552282181366,-1.4012615827586068,0.4797534710470252,-2.078986050994403,-1.2548929954474526,-1.2127009991946618,XOM,Exxon Mobil Corporation,,,
2021-11-29,-1.3039434049872607,-1.358719587485288,-1.3253668481677194,-1.3359500646633222,-1.312468508145061,-0.2108874044234721,0.2475206035652789,-1.264232603900726,-1.2173149753881811,XOM,Exxon Mobil Corporation,,,
2021-11-30,-1.3678713439314254,-1.4346275102221575,-1.4093815727330594,-1.4071160636369602,-1.4038604649041355,1.624510297089601,-1.694926994870082,-1.2871799604973089,-1.2272718445054709,XOM,Exxon Mobil Corporation,,,
2021-12-01,-1.3696977199892353,-1.4367962749214118,-1.3731906220443353,-1.4031866485635682,-1.3848023262943143,1.1266426156607925,-0.1177193197679178,-1.304845948200907,-1.2364881698379284,XOM,Exxon Mobil Corporation,,,
2021-12-02,-1.3152677326991518,-1.3721661933664866,-1.392578496336662,-1.4298193322221098,-1.435046224507006,0.9647085537300484,1.3552766331314587,-1.3045214326025134,-1.2399604297732731,XOM,Exxon Mobil Corporation,,,
2021-12-03,-1.3295144213342327,-1.389082789673264,-1.3645736977176564,-1.3769906591076475,-1.3406224864211906,0.1403513077369282,-0.4339066693859715,-1.307830952159973,-1.2444011996834332,XOM,Exxon Mobil Corporation,,,
2021-12-06,-1.3043085209681289,-1.3591532742386827,-1.36758959657887,-1.330274372429564,-1.3492850964488965,-0.1806549812961502,0.5781399573318337,-1.3040271257766485,-1.2461662503431088,XOM,Exxon Mobil Corporation,,,
2021-12-07,-1.279102461371331,-1.3292239242702415,-1.330106164765101,-1.300585495552833,-1.322430641859879,-0.1131271266849909,0.5708823282917614,-1.2948882502280363,-1.2454988146041313,XOM,Exxon Mobil Corporation,,,
2021-12-08,-1.2725273483325208,-1.3214162389800153,-1.3232126581745904,-1.2901069998404413,-1.3107359200480422,-0.2946819281993131,0.0953714286286036,-1.2863943609346982,-1.2442993864029483,XOM,Exxon Mobil Corporation,,,
2021-12-09,-1.2666826264861415,-1.3144760926627186,-1.3413080513418711,-1.3132467960781726,-1.3349916577202257,-0.4439666801884857,0.0765847737561239,-1.278566359725579,-1.2426821647918804,XOM,Exxon Mobil Corporation,,,
2021-12-10,-1.2520705034088044,-1.2971258096025466,-1.3163191515840793,-1.2949096367690358,-1.2821488773620056,-0.3258186911324125,0.2954390521046305,-1.2690513188015542,-1.2398948537785937,XOM,Exxon Mobil Corporation,,,
2021-12-13,-1.3024821449103188,-1.3569845095394288,-1.3434622413350006,-1.333330565647754,-1.3167998131589145,-0.3428408846917944,-1.3224767967983084,-1.2744869305016733,-1.2419049461128786,XOM,Exxon Mobil Corporation,,,
2021-12-14,-1.3057697810450706,-1.360888352184542,-1.3542333556548092,-1.3390062578815116,-1.369209529107227,0.2017548358152903,-0.1534513036880861,-1.2793835254475523,-1.244028644176027,XOM,Exxon Mobil Corporation,,,
2021-12-15,-1.3156330079107137,-1.3725998801198815,-1.3960253318089983,-1.391835097546013,-1.3722414756626633,-0.0946396736934631,-0.3208547772237911,-1.28551570958873,-1.2468483316712566,XOM,Exxon Mobil Corporation,,,
2021-12-16,-1.3119799373337062,-1.3682623507213736,-1.3550950645228932,-1.3355135370107405,-1.361413047899336,0.0456932589524433,0.0234058929025452,-1.2892038277628912,-1.2490824029642875,XOM,Exxon Mobil Corporation,,,
2021-12-17,-1.3609304779889722,-1.4263861381785363,-1.405503965003761,-1.4058063141291763,-1.382636673787388,2.695786652077925,-1.3186755700912576,-1.304177432581722,-1.2555256873963785,XOM,Exxon Mobil Corporation,,,
2021-12-20,-1.392711491393886,-1.4641231734372042,-1.492965360687276,-1.4813382558287878,-1.476194283053389,0.1179832067180766,-0.8987747771249162,-1.3233333348791432,-1.2642479000317706,XOM,Exxon Mobil Corporation,,,
2021-12-21,-1.3437612692000076,-1.405999385980041,-1.4313545736296376,-1.4044963980713523,-1.4346131600970986,-0.1132988367746955,1.2254416813018765,-1.3254928248333997,-1.2677649024219442,XOM,Exxon Mobil Corporation,,,
2021-12-22,-1.325861509987919,-1.384745094808616,-1.4016263572744638,-1.393581374706379,-1.4090580639664982,-0.7704447974134837,0.3932562432729102,-1.3226485161111157,-1.2693487263778056,XOM,Exxon Mobil Corporation,,,
2021-12-23,-1.324765684353233,-1.3834438690822914,-1.381376609759892,-1.3486115317387009,-1.3731077697111729,-0.8293985948787271,-0.0418078982821437,-1.3202420024157062,-1.2706897906567265,XOM,Exxon Mobil Corporation,,,
2021-12-27,-1.2929845117176253,-1.345706833823624,-1.3766372931625104,-1.373934465889458,-1.3835029678358977,-0.9381025290010476,0.7454580392585891,-1.3105113787511509,-1.2690442443149506,XOM,Exxon Mobil Corporation,,,
2021-12-28,-1.3002904936409467,-1.3543820580867805,-1.3611268622453203,-1.3311474277347275,-1.3410555508310975,-0.9166616624666007,-0.2547480595854504,-1.305035411156478,-1.268206840693115,XOM,Exxon Mobil Corporation,,,
2021-12-29,-1.3200166289108457,-1.377804948491319,-1.3917169518227397,-1.352104419159511,-1.3596804598023164,-0.922087701301266,-0.5705444877042464,-1.3058478319046098,-1.2692236417524825,XOM,Exxon Mobil Corporation,,,
2021-12-30,-1.3331673326805469,-1.393420319071772,-1.3917169518227397,-1.3586533332484716,-1.370941951975551,-1.012899444076368,-0.4066210389124242,-1.309736731858567,-1.271333386287134,XOM,Exxon Mobil Corporation,,,
2022-01-03,-1.2327093248890804,-1.2741364404852622,-1.3055480372642707,-1.3394429520841324,-1.3700756579270414,0.3999426213523308,,-1.2211926687802612,-1.192824757510475,XOM,Exxon Mobil Corporation,,,
2022-01-04,-1.145402339328703,-1.170467932479205,-1.1939591219827252,-1.2132653086330452,-1.2448992246482633,2.037095300631796,2.081219584532219,-1.1994196418574743,-1.1849550685036558,XOM,Exxon Mobil Corporation,,,
2022-01-05,-1.1154475427509054,-1.1348996619197915,-1.1327792715362095,-1.1093540730144476,-1.1422456104872591,1.5161612304860033,0.6413643760832369,-1.1756196035285476,-1.1751007362188564,XOM,Exxon Mobil Corporation,,,
2022-01-06,-1.0580951945376318,-1.0667994244731485,-1.0952956753682794,-1.0835947777611477,-1.077275043907295,1.1309811572606618,1.2752114814389153,-1.1434667762862027,-1.160972618515335,XOM,Exxon Mobil Corporation,,,
2022-01-07,-1.037638508844609,-1.0425089950956798,-1.0651366867561445,-1.0438639328246064,-1.0547520595608255,0.3659440235908215,0.3988308590283431,-1.114250571307843,-1.1462849476153103,XOM,Exxon Mobil Corporation,,,
2022-01-10,-1.0526151109800388,-1.0602929649092463,-1.0655676233672673,-1.0451740154324691,-1.035260691312402,0.2257026696594242,-0.4103375122969904,-1.096073353093993,-1.1342824825362527,XOM,Exxon Mobil Corporation,,,
2022-01-11,-0.9474091623610418,-0.9353703311979044,-0.9694891390029122,-1.0176679433686855,-1.0387258675064406,1.390561023536751,2.3355895194263754,-1.0562036848713412,-1.1138880824588753,XOM,Exxon Mobil Corporation,,,
2022-01-12,-0.9550804194959251,-0.9444792422144552,-0.951824682446754,-0.9277282574333292,-0.941270017636494,0.2583046920246694,-0.2382595940227594,-1.0282145279093284,-1.0960391915771135,XOM,Exxon Mobil Corporation,,,
2022-01-13,-0.9737104106697504,-0.96660107235881,-0.9617339235443172,-0.9421361682191132,-0.9421361464563084,0.0291404063049206,-0.4799228832289637,-1.0118686950588596,-1.0814921998318974,XOM,Exxon Mobil Corporation,,,
2022-01-14,-0.928412940591492,-0.9128146488340146,-0.9371757960434864,-0.9294747011437344,-0.9624936435245464,0.2546186487656775,0.934112346558326,-0.98831282416452,-1.0641846323277246,XOM,Exxon Mobil Corporation,,,
2022-01-18,-0.8842114553786133,-0.8603297819678241,-0.8626398690270715,-0.8679138094772464,-0.8685029698486384,1.379697498528107,0.8929149934477194,-0.9596227466006736,-1.0444662405309393,XOM,Exxon Mobil Corporation,,,
2022-01-19,-0.8831154705132335,-0.8590285562414998,-0.8635014135409942,-0.8443373190368942,-0.8282212053507648,0.6459688378810706,-0.0464579987291513,-0.9378318665643928,-1.0264416397728782,XOM,Exxon Mobil Corporation,,,
2022-01-20,-0.87727058943616,-0.8520885753903431,-0.8415282482902542,-0.8569987861122729,-0.8823633441674018,0.685233211726854,0.0552242107493625,-0.9200310825883674,-1.0095287923937075,XOM,Exxon Mobil Corporation,,,
2022-01-21,-0.9174538880911628,-0.8998020606384909,-0.8927988576392065,-0.910264153429356,-0.8529100074328557,1.7407465804802964,-0.9285343115606184,-0.916701594726186,-0.9977755242651416,XOM,Exxon Mobil Corporation,,,
2022-01-24,-0.8948055511287684,-0.8729088488760933,-0.8971072376254654,-0.96396621494906,-0.9525316750384236,2.3717010287694773,0.421366670437202,-0.9085563299755556,-0.9850492561622612,XOM,Exxon Mobil Corporation,,,
2022-01-25,-0.8166304458574408,-0.7800843298324464,-0.8040449808306468,-0.8949831873384089,-0.8784652687921513,2.116585624825708,1.6114477375311027,-0.882951705770601,-0.9664333631910682,XOM,Exxon Mobil Corporation,,,
2022-01-26,-0.8443935911658663,-0.8130501489392111,-0.7713007012600982,-0.8032970576926471,-0.7554541575629092,1.655715744058582,-0.6500104895560803,-0.8706719414463291,-0.9520123423157696,XOM,Exxon Mobil Corporation,,,
2022-01-27,-0.8096898983763751,-0.771842792322685,-0.7708697646489755,-0.7814670109627002,-0.7541547991044923,0.9599808025935151,0.6625801046133024,-0.8528075479808699,-0.935774197130585,XOM,Exxon Mobil Corporation,,,
2022-01-28,-0.8038448580686078,-0.7649028114715285,-0.7876726766912111,-0.7832134546731053,-0.7753784249925448,1.1226474942403324,0.0518785775695568,-0.8379515892232613,-0.9204853859194536,XOM,Exxon Mobil Corporation,,,
2022-01-31,-0.7790045513754534,-0.7354071482564821,-0.7532053080928172,-0.7692422380899424,-0.7753784249925448,1.7510835278805128,0.4466550437405213,-0.8206148275742674,-0.9043474076740922,XOM,Exxon Mobil Corporation,,,
2022-02-01,-0.601102784889253,-0.5241661241331149,-0.5339052496131858,-0.6819220511701545,-0.7112743176897852,4.606919950490036,3.5966802645731977,-0.7632462766114594,-0.873640784598114,XOM,Exxon Mobil Corporation,,,
2022-02-02,-0.6087735643320551,-0.5332750351496657,-0.5640645669336436,-0.5561807688216098,-0.5549117943507464,1.088717580514705,-0.2185089015062018,-0.7221328384652294,-0.8464171024775327,XOM,Exxon Mobil Corporation,,,
2022-02-03,-0.6431116634485967,-0.5740485395466569,-0.5856067955732608,-0.5618567941554461,-0.5536124358923297,0.8861111220025997,-0.7367492207168514,-0.6998611566071807,-0.8247634728248711,XOM,Exxon Mobil Corporation,,,
2022-02-04,-0.5799145933889435,-0.4990079903165765,-0.4899592478200286,-0.4810853547745797,-0.5198274636865404,1.3060109753662097,1.171766347138325,-0.6673970124788803,-0.7993818888133007,XOM,Exxon Mobil Corporation,,,
2022-02-07,-0.5441153934261538,-0.4564997389060064,-0.4662626648331205,-0.4911273228343897,-0.5081329071033985,1.621007411259627,0.6185026531534278,-0.6341211314261026,-0.7730808483469775,XOM,Exxon Mobil Corporation,,,
2022-02-08,-0.6219241088710624,-0.5488904057301185,-0.491251728945074,-0.5225626434215259,-0.4591885325778192,1.5531361364690588,-1.5484458988243477,-0.6285685242593706,-0.7561843441953312,XOM,Exxon Mobil Corporation,,,
2022-02-09,-0.6359602945289486,-0.6035442027617033,-0.5976703910181148,-0.5753913165359882,-0.5757021906001966,2.211335252324702,-0.3437284141697617,-0.6279044789175031,-0.7420890814984377,XOM,Exxon Mobil Corporation,,,
2022-02-10,-0.6640304366150078,-0.6365100218684681,-0.6127498853241824,-0.6155585225750718,-0.612952008542634,0.8859165172342678,-0.6201104160480126,-0.634406709041669,-0.7318053966264004,XOM,Exxon Mobil Corporation,,,
2022-02-11,-0.5912683787791864,-0.5510593358955126,-0.5851758589621381,-0.5963479748606935,-0.6172833135564869,2.4283768057113067,1.3700491798490626,-0.6211376372358972,-0.7158979558752357,XOM,Exxon Mobil Corporation,,,
2022-02-14,-0.6366988064867624,-0.6044115762684926,-0.6058565430878327,-0.6478668984673714,-0.5757021906001966,1.5870774975339998,-0.9469386103705744,-0.6225154872373497,-0.705531660208404,XOM,Exxon Mobil Corporation,,,
2022-02-15,-0.6732639060866982,-0.6473540108308781,-0.6769456346319114,-0.6753729705311547,-0.6917829494413618,0.490685680091551,-0.7867926594889632,-0.632667651350801,-0.6994036650060732,XOM,Exxon Mobil Corporation,,,
2022-02-16,-0.6599687800777264,-0.6317386402504253,-0.6105955309768916,-0.6046434992100984,-0.609920061987198,0.1081957316049148,0.1940216662854013,-0.6369661733453558,-0.6926343623898973,XOM,Exxon Mobil Corporation,,,
2022-02-17,-0.6643998518246085,-0.6369435431557225,-0.6368770762138904,-0.6085730808335296,-0.623347206667359,0.3377148848433865,-0.1575061634334072,-0.6412951063659843,-0.6868798594718757,XOM,Exxon Mobil Corporation,,,
2022-02-18,-0.6965338796776622,-0.6746807438805302,-0.6778075078541568,-0.6548526733089921,-0.680521292039432,0.2983360376044667,-0.7059615201958158,-0.652555541219105,-0.6845449945808704,XOM,Exxon Mobil Corporation,,,
2022-02-22,-0.7297751977753552,-0.7137191703316622,-0.6080105687268007,-0.7238357009196433,-0.571804115224946,1.7353205416456312,-0.7352773608789784,-0.6692907436986738,-0.68541870061214,XOM,Exxon Mobil Corporation,,,
2022-02-23,-0.7183255555074486,-0.7002727299166035,-0.7079664964662918,-0.6880344376065334,-0.7108410880511828,0.5261609846245198,0.1619306316489794,-0.6789867798879485,-0.6851809294014897,XOM,Exxon Mobil Corporation,,,
2022-02-24,-0.7541518246881832,-0.7423471291076387,-0.6407548482973493,-0.7797205672522951,-0.6008242223208897,2.9089132154192647,-0.7925273156029689,-0.6951933306354147,-0.6881940869073905,XOM,Exxon Mobil Corporation,,,
2022-02-25,-0.6788051342307077,-0.65386047039478,-0.6855627233127519,-0.6823584122726971,-0.7008787891076699,0.8610300015664156,1.4691993596994524,-0.6885579314507364,-0.6841417107128319,XOM,Exxon Mobil Corporation,,,
2022-02-28,-0.657382873610522,-0.6287023365782417,-0.6450632282836082,-0.684978244388344,-0.7086752703155612,1.306823736457478,0.35619572692692,-0.6782389978963272,-0.6785267696960935,XOM,Exxon Mobil Corporation,,,
2022-03-01,-0.6296805544271254,-0.5961703696910118,-0.5709579091699932,-0.5919820321347198,-0.6107865212644026,2.199452914117144,0.4770433037018698,-0.6635912630063818,-0.6709252424268516,XOM,Exxon Mobil Corporation,,,
2022-03-02,-0.5794490028402917,-0.537179043260919,-0.5063312232511415,-0.5269285861474997,-0.5315223507270724,2.693874946412547,0.9124851387258864,-0.6400784811162044,-0.6594869846232677,XOM,Exxon Mobil Corporation,,,
2022-03-03,-0.5606120117645351,-0.5150572131165643,-0.5227035273905772,-0.5352241104969045,-0.5635744043784523,1.0769611630395972,0.2922527906416338,-0.6177462372178526,-0.647390637159967,XOM,Exxon Mobil Corporation,,,
2022-03-04,-0.4479601174423722,-0.3827607463345308,-0.4145614475813682,-0.490253934429148,-0.5120309824786491,2.519966967559736,2.0824544052451626,-0.572903394751999,-0.6262397257882573,XOM,Exxon Mobil Corporation,,,
2022-03-07,-0.3360460981552476,-0.2513313221270064,-0.2874621013826329,-0.3487953248871135,-0.3444071321950708,3.940089540791909,1.9907990920839624,-0.5113616181091722,-0.5969239033624687,XOM,Exxon Mobil Corporation,,,
2022-03-08,-0.311669152781032,-0.2227033633510299,-0.1030606768208403,-0.2819954351894883,-0.1655212940521726,5.87175936593269,0.3633181510785567,-0.4591260482725446,-0.568075863266094,XOM,Exxon Mobil Corporation,,,
2022-03-09,-0.4959751777716021,-0.4391492903796944,-0.3158980009669225,-0.4492136730849009,-0.3829563085959251,5.114449186299557,-3.321005373097756,-0.4659124747451819,-0.5584633739604827,XOM,Exxon Mobil Corporation,,,
2022-03-10,-0.4010517104350061,-0.3276730970834111,-0.3542431416487754,-0.3924554183470075,-0.3838224374157396,2.7308269577169755,1.7053879668420568,-0.4473298336086119,-0.5411685228360257,XOM,Exxon Mobil Corporation,,,
2022-03-11,-0.4173040688891085,-0.3467586235555824,-0.3305465586618674,-0.3457391316689241,-0.3812237204989059,1.6615538871085385,-0.3647480884135553,-0.4374459423905211,-0.5269108882141331,XOM,Exxon Mobil Corporation,,,
2022-03-14,-0.529587184924446,-0.4786215690503613,-0.4503216260131303,-0.4972397092707686,-0.4249706611908178,1.908724837568642,-2.117261342468653,-0.4580347158544159,-0.5240703930661877,XOM,Exxon Mobil Corporation,,,
2022-03-15,-0.7017037818437456,-0.6807533512248973,-0.6347230505749223,-0.6775557753441025,-0.6086207035287811,3.110157440553047,-3.324758237983446,-0.5163995428669926,-0.5370023941061349,XOM,Exxon Mobil Corporation,,,
2022-03-16,-0.7124158675380012,-0.6933324181331666,-0.6584193048535076,-0.6827951064753179,-0.6523676442206929,1.94875618314844,-0.2847328722418368,-0.562844593467574,-0.5497243261334771,XOM,Exxon Mobil Corporation,,,
2022-03-17,-0.6366988064867624,-0.6044115762684926,-0.635584595088845,-0.6469938431622081,-0.636341452166308,1.5171457016669765,1.4540464832694864,-0.5787957044111076,-0.5544647240795328,XOM,Exxon Mobil Corporation,,,
2022-03-18,-0.6481484487546688,-0.6178583476158317,-0.6252444173801591,-0.6020240001945298,-0.5982255054040561,2.366492489381772,-0.2944061355835504,-0.5936144032891596,-0.5598062261786607,XOM,Exxon Mobil Corporation,,,
2022-03-21,-0.5177674905241637,-0.4647412764157677,-0.4903901844311513,-0.5304214735683099,-0.5523127469765226,1.4080983473652466,2.496243539946516,-0.572213410515768,-0.5529098405305908,XOM,Exxon Mobil Corporation,,,
2022-03-22,-0.531064527301461,-0.4803566469962205,-0.5041771976121735,-0.48457824219539,-0.4869092812153461,0.2682753245668494,-0.3204123101529846,-0.5594787435426549,-0.5478389691522266,XOM,Exxon Mobil Corporation,,,
2022-03-23,-0.4834176083362813,-0.4244016242383114,-0.414992384192491,-0.3859063377080077,-0.4128428749690735,0.793032806043397,0.8315335200449157,-0.5380453304364841,-0.5389342815818693,XOM,Exxon Mobil Corporation,,,
2022-03-24,-0.4741844573259786,-0.4135576352759014,-0.3986200800530553,-0.3990044989860072,-0.4076451106780159,-0.1049766210936796,0.1020417456009521,-0.5196676639570088,-0.5300068520346298,XOM,Exxon Mobil Corporation,,,
2022-03-25,-0.4069617168658411,-0.3346134088668481,-0.3624292937184932,-0.3972580552756021,-0.4310345543016899,0.1842633013440492,1.1784137787510955,-0.4891200907334956,-0.5158316744169553,XOM,Exxon Mobil Corporation,,,
2022-03-28,-0.4952366658137885,-0.4382819168729049,-0.4563534237355574,-0.4308765137757642,-0.4202061265383625,0.0874302580899728,-1.6742162969755483,-0.4882238330034427,-0.5109020887330308,XOM,Exxon Mobil Corporation,,,
2022-03-29,-0.5114880688837281,-0.4573671124127959,-0.4916826655561967,-0.5295480851630683,-0.5224265110607643,0.7151908987106486,-0.3738084864320212,-0.4916044910820414,-0.5078855183950731,XOM,Exxon Mobil Corporation,,,
2022-03-30,-0.4594100781716663,-0.3962071867495894,-0.4261941064150996,-0.4007509426964123,-0.4249706611908178,0.1477119469155983,0.9090284312543492,-0.4811525302399424,-0.5004489686738566,XOM,Exxon Mobil Corporation,,,
2022-03-31,-0.5033622081180645,-0.4478246801089906,-0.409391194372864,-0.4077363844379547,-0.4332000415799212,0.8096543427268016,-0.8822467756231599,-0.4842745486116473,-0.4976502320284421,XOM,Exxon Mobil Corporation,,,
2022-04-01,-0.4837876604686571,-0.424835145525566,-0.4205932453037952,-0.4321862632835486,-0.4713163187995634,-0.2424019295539216,0.2970465420165454,-0.4817344695804536,-0.493341512733609,XOM,Exxon Mobil Corporation,,,
2022-04-04,-0.4823096811688669,-0.4231000675797067,-0.4412736007211671,-0.4295664311679017,-0.403313805664163,0.0092449305778151,-0.0424043547014879,-0.4794608248739554,-0.4892912728925604,XOM,Exxon Mobil Corporation,,,
2022-04-05,-0.4981910321064308,-0.4417517418323431,-0.3805246868857743,-0.4073000233354121,-0.4059125225809967,0.1104050680924473,-0.365639416677828,-0.4817161573779953,-0.4870407520565828,XOM,Exxon Mobil Corporation,,,
2022-04-06,-0.4642108835895366,-0.4018459418744217,-0.3964660544140873,-0.3907089746366023,-0.4093776987750351,0.4555537957379914,0.5660444392746391,-0.4749335274094455,-0.4819319167488503,XOM,Exxon Mobil Corporation,,,
2022-04-07,-0.4125019896256878,-0.3411195374984698,-0.3645833193574613,-0.4007509426964123,-0.3916189186236309,0.6105278753660427,0.887216263717797,-0.4569511476160114,-0.4726265776573789,XOM,Exxon Mobil Corporation,,,
2022-04-08,-0.3463881317171275,-0.2634768677480211,-0.2883239746048783,-0.2933471527570827,-0.3335787044317434,0.466806530283299,1.133713484778618,-0.4269765777561052,-0.4582077985156988,XOM,Exxon Mobil Corporation,,,
2022-04-11,-0.4568244901658495,-0.3931708830774059,-0.3434720273289668,-0.3662594288910867,-0.3071573142526334,0.1157853175698578,-2.039066976098245,-0.4320367891409094,-0.4550543450618117,XOM,Exxon Mobil Corporation,,,
2022-04-12,-0.3921876561729164,-0.3172629603405361,-0.3051268866471139,-0.2841785731025143,-0.3101892608080694,0.1895176300890098,1.123664247382394,-0.4197125098395863,-0.44636132541077,XOM,Exxon Mobil Corporation,,,
2022-04-13,-0.3474960588845418,-0.2647780934743454,-0.2926323545911372,-0.2924737643518409,-0.2712068547686128,-0.1696311935371154,0.7384779912102506,-0.3993238995146645,-0.4344301629638927,XOM,Exxon Mobil Corporation,,,
2022-04-14,-0.3098230321171916,-0.2205344331856357,-0.2344684030058352,-0.2470672271815418,-0.2686081378517791,0.4324530650030669,0.6020223766964822,-0.3746373650677336,-0.4201878752086494,XOM,Exxon Mobil Corporation,,,
2022-04-18,-0.2832283216398218,-0.1893036920247301,-0.2159420732274314,-0.1807040316865374,-0.1893439673144489,-0.2010541399530558,0.3989139592609776,-0.3494901501798752,-0.4048431432349065,XOM,Exxon Mobil Corporation,,,
2022-04-19,-0.3124076647388457,-0.2235707368578193,-0.2258513143249946,-0.201661023111321,-0.2105675932025014,-0.0464807172009818,-0.5801703740756369,-0.3379066209130241,-0.3935235585147271,XOM,Exxon Mobil Corporation,,,
2022-04-20,-0.3050206343923834,-0.2148956780608035,-0.2327449852696671,-0.2003509405034584,-0.2123001812995206,-0.0113602801867358,0.0603964883410285,-0.3273767615719679,-0.3825671737991156,XOM,Exxon Mobil Corporation,,,
2022-04-21,-0.3393705165802658,-0.2552353302382598,-0.1767350593233331,-0.2226176814360262,-0.1698529295234157,0.9412300607977738,-0.6746120470093778,-0.3280457023355813,-0.3757030584368865,XOM,Exxon Mobil Corporation,,,
2022-04-22,-0.4095476233330455,-0.3376497125390316,-0.24911696070078,-0.3007692887012458,-0.2690410370329912,0.3208644013737092,-1.3184945991742074,-0.3460485050414056,-0.3757885872098637,XOM,Exxon Mobil Corporation,,,
2022-04-25,-0.5155506808051723,-0.4621384940308387,-0.4843580580004016,-0.5500683823852309,-0.454856897106576,1.9357062163308905,-1.997985377987444,-0.3859861483899984,-0.385421258734005,XOM,Exxon Mobil Corporation,,,
2022-04-26,-0.5144433905605331,-0.4608372683045144,-0.3956041811918418,-0.4238907389341436,-0.4392639346907934,0.933285607314108,-0.0490940764116403,-0.4156632396493639,-0.3940784237673281,XOM,Exxon Mobil Corporation,,,
2022-04-27,-0.4276454655282131,-0.3589038382443167,-0.3628599016212932,-0.4195247962081699,-0.410677057233452,1.3718904131162049,1.5632823767504869,-0.4162749830812104,-0.3941247705583128,XOM,Exxon Mobil Corporation,,,
2022-04-28,-0.3330920503239929,-0.2478614971675683,-0.2482554161868573,-0.3413731889429504,-0.34613972029209,1.4761527795848333,1.6598146996824643,-0.3931536150062728,-0.3856440353313972,XOM,Exxon Mobil Corporation,,,
2022-04-29,-0.4051152777406131,-0.3324444787014539,-0.2482554161868573,-0.3138674499792453,-0.2049369297302316,1.5875010490886046,-1.348841957198379,-0.3937740803421137,-0.3844263155588527,XOM,Exxon Mobil Corporation,,,
2022-05-02,-0.3622701195774664,-0.2821282110683771,-0.2956482534523507,-0.3169236431974347,-0.34050872636243,1.7796675341466706,0.7082601857931853,-0.3835545021733946,-0.3794573148566825,XOM,Exxon Mobil Corporation,,,
2022-05-03,-0.2965259953398943,-0.2049190626051829,-0.220681389824813,-0.2518698641101364,-0.2863665875457931,1.5018291616653263,1.1081439915515836,-0.3594942394548507,-0.3690139886276679,XOM,Exxon Mobil Corporation,,,
2022-05-04,-0.1668832306058152,-0.0526696958441882,-0.0871196380008513,-0.1300581633850229,-0.1460302562611394,2.9075967713981963,2.2062670011886647,-0.309118119652064,-0.3478342984312791,XOM,Exxon Mobil Corporation,,,
2022-05-05,-0.2182223908986758,-0.1129622480006052,-0.0797950304450561,-0.1527615985202116,-0.0360133905308463,2.315196961917353,-0.9368220191414826,-0.2841392311941706,-0.3332076508693384,XOM,Exxon Mobil Corporation,,,
2022-05-06,-0.1672523273540283,-0.053103217131444,-0.0897046002509415,-0.1108479487707227,-0.0819258185009895,1.0108756731819564,0.8039625023498029,-0.2526939105405805,-0.3153163519805202,XOM,Exxon Mobil Corporation,,,
2022-05-09,-0.4342936654554742,-0.3667115235345431,-0.1870755657403418,-0.3435563268559763,-0.1486289731779731,2.8690421325898585,-4.579543378101559,-0.2957059456336883,-0.3231221434701849,XOM,Exxon Mobil Corporation,,,
2022-05-10,-0.4136102352544897,-0.3424210941570745,-0.3021109877859004,-0.3653863735859233,-0.3132212073635055,1.5676628100580674,0.3092503434244228,-0.3228068407944703,-0.3283539516910375,XOM,Exxon Mobil Corporation,,,
2022-05-11,-0.3482355262265182,-0.2656454669811349,-0.2137877188801406,-0.2448844223685941,-0.2790033359765041,1.4002340252567762,1.12067678987138,-0.3268290595764777,-0.32721738651801,XOM,Exxon Mobil Corporation,,,
2022-05-12,-0.3336821592751912,-0.2868995926864199,-0.3240841530366404,-0.3706253716170605,-0.2997940626833444,0.9962459735391253,0.1897058346757439,-0.3262163365250059,-0.3248723320706657,XOM,Exxon Mobil Corporation,,,
2022-05-13,-0.2381593476071569,-0.1758572516096715,-0.2133571109773407,-0.2418282291504046,-0.2387215714786306,0.5734842853471054,1.6265575811605792,-0.3019348659354863,-0.3141302161269401,XOM,Exxon Mobil Corporation,,,
2022-05-16,-0.1601748414763003,-0.0852016627314181,-0.082810929306269,-0.1274386643694543,-0.1685532406076086,0.6081468287888058,1.2751741592825834,-0.2642756198619686,-0.2973352780972829,XOM,Exxon Mobil Corporation,,,
2022-05-17,-0.1168911619824467,-0.0348853950983419,-0.0625615105000193,-0.033569396810666,-0.0494405352110074,0.2669588805457809,0.659483175556269,-0.225236897623112,-0.2781656423929559,XOM,Exxon Mobil Corporation,,,
2022-05-18,-0.1713681223271995,-0.0982142509269425,-0.0423117629854475,-0.0898909573459392,-0.0156558934626077,0.533739123250149,-0.9764252744367102,-0.2095435766814884,-0.2656491525468111,XOM,Exxon Mobil Corporation,,,
2022-05-19,-0.1530855725272316,-0.0769601252216574,-0.0690239161252475,-0.12612891486167,-0.1676871117877942,0.4119623276316522,0.239181720480655,-0.1932141976690902,-0.2526225704392849,XOM,Exxon Mobil Corporation,,,
2022-05-20,-0.1262188960248627,-0.0457293840607518,-0.0134452554983584,-0.0650047173978028,-0.0407779251833016,0.9165152552196262,0.3818787111047129,-0.1742670251899541,-0.2383585109072494,XOM,Exxon Mobil Corporation,,,
2022-05-23,-0.0504728549873534,0.0423237533648522,0.0373944172394711,0.0288645501609842,-0.0091587707131339,0.7384289975173367,1.193895943252801,-0.1411667416583449,-0.2185635770519042,XOM,Exxon Mobil Corporation,,,
2022-05-24,-0.0314431947721069,0.064445583509207,0.0382562904617165,0.0188225821011747,-0.0022287487824473,0.4011903813375175,0.2407106756491346,-0.1115958227922181,-0.1988528845224799,XOM,Exxon Mobil Corporation,,,
2022-05-25,0.0394523608710685,0.1468599658099783,0.1132231540892541,0.1126918496599624,0.0740034751994461,1.048480182827262,1.081137076071971,-0.0717373663442256,-0.1745436798400072,XOM,Exxon Mobil Corporation,,,
2022-05-26,0.0521392256297495,0.1616076319513619,0.1519992313822298,0.1882236248095357,0.1614970261258803,0.40365155928995,0.1319854536184293,-0.0386796139707522,-0.1513008325049369,XOM,Exxon Mobil Corporation,,,
2022-05-27,0.0875868442206435,0.2028146576356076,0.173541460021847,0.1489298071756926,0.1333430478497517,0.549490662145717,0.4922573173057838,-0.0050462057511484,-0.1269757889979506,XOM,Exxon Mobil Corporation,,,
2022-05-31,0.0282584430973941,0.1338470466821748,0.2532476402467662,0.166830272282209,0.2463918601354808,2.758747018302942,-1.0017171101773004,0.0053832545439765,-0.1102098646182536,XOM,Exxon Mobil Corporation,,,
2022-06-01,0.0969152151858347,0.2136586465980176,0.2071472841063182,0.2065611172187507,0.1796887054584967,0.5754303330304241,1.0262090039786238,0.0303272986851977,-0.0887795216683695,XOM,Exxon Mobil Corporation,,,
2022-06-02,0.0905714643451065,0.2062848135273267,0.1808657388693194,0.2139832531629132,0.1913835924990288,-0.1945520512229085,-0.1693138151803054,0.0474532973529749,-0.0698692055949471,XOM,Exxon Mobil Corporation,,,
2022-06-03,0.1435573884731782,0.2678785914100675,0.2480777157465847,0.2624459835514018,0.2178049826781388,0.0285680393392386,0.7615503935917486,0.0735116754628438,-0.047901956687772,XOM,Exxon Mobil Corporation,,,
2022-06-06,0.1342286990465994,0.2570346024476575,0.2532476402467662,0.2960641089514864,0.2732464799531927,-0.0121959359566315,-0.2142303845490249,0.0907290265755463,-0.0287726010920894,XOM,Exxon Mobil Corporation,,,
2022-06-07,0.3032590866587957,0.4535279604296423,0.4105059750576367,0.331865372264595,0.2957694642996625,1.948515789022853,2.5511912907066607,0.1457956334241263,0.0038538063762998,XOM,Exxon Mobil Corporation,,,
2022-06-08,0.3487812312459966,0.5064463485830869,0.5027066873385326,0.4842393382716819,0.4599284688465913,1.2391241717566142,0.6050330280707231,0.1984481152033998,0.0376174580977041,XOM,Exxon Mobil Corporation,,,
2022-06-09,0.2644536111971871,0.4084169266341419,0.4596222300592982,0.448438074958572,0.4568965222911565,0.6660474710371942,-1.3057018219602057,0.2169074578071367,0.0607105523845428,XOM,Exxon Mobil Corporation,,,
2022-06-10,0.1946761734858287,0.3273037700596951,0.4070591395853005,0.3449635335425951,0.3927924149883957,1.1632626541251252,-1.1150616165932146,0.2133505389732047,0.0754146662384801,XOM,Exxon Mobil Corporation,,,
2022-06-13,0.0226618026719445,0.1273405871182727,0.1666477890771746,0.08867866501699,0.2013455609851515,1.4460691718685887,-2.6943233579989827,0.1677850965603411,0.0732769875837446,XOM,Exxon Mobil Corporation,,,
2022-06-14,0.0319895367143605,0.1381845760806827,0.2054238663701507,0.1476197245678306,0.1965813567900864,1.199150062873385,0.0792189917855829,0.1359372089621939,0.0721744279191858,XOM,Exxon Mobil Corporation,,,
2022-06-15,-0.0131596895879762,0.0856997092144921,0.1149465718254223,0.0602995376480427,0.1350756359467697,1.011047383271661,-0.7900207848240104,0.1007917667375654,0.0671024338151807,XOM,Exxon Mobil Corporation,,,
2022-06-16,-0.143757520023428,-0.0661161362592474,-0.0332640664018082,-0.0702440485290182,-0.0199871984764613,1.7065762726290823,-2.1793988736064644,0.0418635835261006,0.0507196849805156,XOM,Exxon Mobil Corporation,,,
2022-06-17,-0.3403985099393958,-0.2947072779766463,-0.1099543477655133,-0.2719534671296783,-0.0827922777781943,5.016402725078235,-3.3677925122607566,-0.0513718093336316,0.0181014245022126,XOM,Exxon Mobil Corporation,,,
2022-06-21,-0.1403990262299381,-0.0622121281479941,-0.0591146750276837,-0.1470859062864535,-0.1858787911204105,1.735744093200236,3.489497400004696,-0.071421541540118,0.0064760412507694,XOM,Exxon Mobil Corporation,,,
2022-06-22,-0.2754737868520844,-0.2192332074593114,-0.1784584770595012,-0.1903093055437266,-0.2309250902707393,1.0232273523013735,-2.333039653521571,-0.1201444201562174,-0.0162678762271164,XOM,Exxon Mobil Corporation,,,
2022-06-23,-0.3743538184680582,-0.3341795566473132,-0.209048402282759,-0.3653863735859233,-0.1824136149263721,1.7135019129138342,-1.7948753361102072,-0.1813457467287889,-0.0458570266585859,XOM,Exxon Mobil Corporation,,,
2022-06-24,-0.3112943237278424,-0.2608740853630921,-0.237053365255926,-0.2654047195907568,-0.2564803516300348,0.6697106196175588,1.0643321239814765,-0.21152066810404,-0.0670721889610058,XOM,Exxon Mobil Corporation,,,
2022-06-27,-0.2318162336892039,-0.16848341853898,-0.1663948816146472,-0.1841969191073477,-0.2192305336875974,0.5368871415613999,1.3318559351969257,-0.2143312390204217,-0.0791946931936274,XOM,Exxon Mobil Corporation,,,
2022-06-28,-0.1396522342760471,-0.0613447546412046,-0.0285247498044266,-0.0671878553108288,-0.0758619253901168,1.4089683451530832,1.5167129144117586,-0.1934548753133717,-0.0819076604010671,XOM,Exxon Mobil Corporation,,,
2022-06-29,-0.2657718606792539,-0.2079553662773665,-0.0302481675405935,-0.1802673374839166,0.0047016036056295,0.5279811115753884,-2.1825391423987983,-0.2092499084802388,-0.0957421823621498,XOM,Exxon Mobil Corporation,,,
2022-06-30,-0.3583090968386624,-0.3155278823946768,-0.2715210625626427,-0.3151771994870296,-0.2915643518368507,2.1932484562091514,-1.6794635840863217,-0.2441735547859458,-0.1166601545593279,XOM,Exxon Mobil Corporation,,,
2022-07-01,-0.2870406229106229,-0.2326796478743701,-0.2594574671177886,-0.3134307557766245,-0.2655761912963431,0.6340979470128264,1.205552811991998,-0.2525930221000083,-0.1292524854689409,XOM,Exxon Mobil Corporation,,,
2022-07-05,-0.3892791483200866,-0.3515300051736252,-0.3102971398556183,-0.3876527814184129,-0.2829017418091449,1.5800144891774843,-1.859778437189442,-0.2844043471832317,-0.1499156492112965,XOM,Exxon Mobil Corporation,,,
2022-07-06,-0.4463700397341515,-0.4178951646744094,-0.3736310159411019,-0.4749729683382008,-0.394650865179067,1.44088352715951,-1.101690126486047,-0.3225004361643049,-0.1738464101020468,XOM,Exxon Mobil Corporation,,,
2022-07-07,-0.3471154975263756,-0.3025149632668727,-0.3077118488972047,-0.2876711274232463,-0.3244828647654352,0.3467124935439072,1.7567578158063202,-0.326319938075795,-0.1866550277732955,XOM,Exxon Mobil Corporation,,,
2022-07-08,-0.3418911384630149,-0.2964423559225055,-0.2844462025214194,-0.3038254819194353,-0.2564803516300348,-0.3565662445288481,0.0232369929669459,-0.3278816892605332,-0.1978283116643763,XOM,Exxon Mobil Corporation,,,
2022-07-11,-0.3583090968386624,-0.3155278823946768,-0.3352858752592489,-0.3287117218675717,-0.3335787044317434,-0.5935261683211855,-0.3622665728327973,-0.3331473903711665,-0.2094657266522615,XOM,Exxon Mobil Corporation,,,
2022-07-12,-0.4008469397627878,-0.3649764455886838,-0.3813862313996969,-0.3942018620574126,-0.3937847363592525,0.0256833098322014,-0.831235251869873,-0.3477049536542192,-0.2238794767271443,XOM,Exxon Mobil Corporation,,,
2022-07-13,-0.3881600750041067,-0.3502287794473008,-0.3271000518978539,-0.3749913143430342,-0.4111102868720543,-0.098451637684905,0.1601828784792224,-0.3554592160790292,-0.2358393155351242,XOM,Exxon Mobil Corporation,,,
2022-07-14,-0.4515928064905742,-0.4239677720187765,-0.4563534237355574,-0.4889441849213637,-0.4773802119104355,0.635826495249186,-1.215895364770745,-0.3770940659880343,-0.2524296044970917,XOM,Exxon Mobil Corporation,,,
2022-07-15,-0.3993539927777811,-0.3632413676428246,-0.3887108389554921,-0.3924554183470075,-0.3496045660287382,-0.4058012509168116,0.893092275172591,-0.3802926422219909,-0.2628029760356228,XOM,Exxon Mobil Corporation,,,
2022-07-18,-0.3411456203546744,-0.2955749824157161,-0.2568721761593751,-0.2680242186063253,-0.2725062132270296,-0.1594430615479762,0.9853714687067808,-0.3681752965559395,-0.2669865195623571,XOM,Exxon Mobil Corporation,,,
2022-07-19,-0.2601755387151919,-0.2014492376457448,-0.2318834407557444,-0.2461941718763784,-0.2794365656151065,-0.2907325961361075,1.3714404115942291,-0.3388945873046637,-0.2634912486559,XOM,Exxon Mobil Corporation,,,
2022-07-20,-0.2239808097090194,-0.1593745075224293,-0.1831977936568829,-0.2025340784164844,-0.2291925021737201,-0.4812735590116367,0.5585388421792508,-0.3079076435154691,-0.2570512042159374,XOM,Exxon Mobil Corporation,,,
2022-07-21,-0.2795774802925273,-0.2240045890773542,-0.2629039738818021,-0.2916007090466775,-0.2573464804498493,0.0672028095227718,-1.0248093508651546,-0.2985323950197515,-0.2562079986593307,XOM,Exxon Mobil Corporation,,,
2022-07-22,-0.3045782915250254,-0.2530664000728657,-0.2340374663947124,-0.2296034562776469,-0.2304918606321369,-0.6077552110880394,-0.506616608857358,-0.2977357786061011,-0.2576949746959622,XOM,Exxon Mobil Corporation,,,
2022-07-25,-0.19636861509831,-0.1272760619224539,-0.1625174382395117,-0.1951119424723212,-0.2040704704530269,-0.3722948887457888,1.834663692862126,-0.2701524779574689,-0.2492929524775747,XOM,Exxon Mobil Corporation,,,
2022-07-26,-0.2094293535260179,-0.1424579112156521,-0.1129702466267268,-0.12612891486167,-0.0754290262089059,-0.6464815599860818,-0.292410117513222,-0.2527221508834926,-0.2428320210877822,XOM,Exxon Mobil Corporation,,,
2022-07-27,-0.1370405324364482,-0.0583084509690211,-0.0819493847923464,-0.1086648108576967,-0.1122456145127404,-0.3138447742103456,1.1679313367027966,-0.2215967407153343,-0.2304334536399096,XOM,Exxon Mobil Corporation,,,
2022-07-28,-0.097115665197472,-0.0118961914471976,-0.0280938131933032,-0.0383720337392606,-0.0299494974199742,-0.0498576822985054,0.5983247245051374,-0.1882960318120767,-0.215563275542946,XOM,Exxon Mobil Corporation,,,
2022-07-29,0.0629599066571723,0.1741866988596311,0.1558766747573659,0.0965374951637735,0.0683724812697873,1.034514428864622,2.578458378391961,-0.123400100715261,-0.1876160180264949,XOM,Exxon Mobil Corporation,,,
2022-08-01,-0.0284579377248687,0.0679157394009255,0.0623834813514245,0.0585534270377158,0.0830993148657549,0.0005220580208218,-1.5154729800638154,-0.0975263646339456,-0.1704496544458604,XOM,Exxon Mobil Corporation,,,
2022-08-02,-0.0437565043231487,0.0501314386550786,0.0559207470178754,0.0843127222910157,0.0787680098519014,-0.4654647834195006,-0.3181169573843971,-0.0819362911057786,-0.1562228536612224,XOM,Exxon Mobil Corporation,,,
2022-08-03,-0.1575634580980889,-0.0821653590592351,0.0223149229334042,-0.0479773075964504,0.0670731228113705,0.3196280887278361,-1.9242104598988568,-0.0986254496637472,-0.1535477451690302,XOM,Exxon Mobil Corporation,,,
2022-08-04,-0.3004733242390321,-0.2482950184548228,-0.1534697416558705,-0.2383353417295943,-0.1109462560543229,1.2629689795469252,-2.476413443301414,-0.146781853529479,-0.1639974574202344,XOM,Exxon Mobil Corporation,,,
2022-08-05,-0.2534585511282121,-0.1936415523555184,-0.1814743759207147,-0.2448844223685941,-0.2820352825319402,-0.3869932724245019,0.7565269537538462,-0.1711743910604598,-0.1692593717807916,XOM,Exxon Mobil Corporation,,,
2022-08-08,-0.2348021276592173,-0.1719535744306985,-0.1853521480041737,-0.1601837344643747,-0.1845794326619937,-0.7246325454802985,0.2533490646261607,-0.1848161675274953,-0.1723612750398031,XOM,Exxon Mobil Corporation,,,
2022-08-09,-0.1736075428047095,-0.1008170333118715,-0.098752296834582,-0.084651959314802,-0.122207582998863,-0.195204549563786,0.9845065762919204,-0.1797865063270954,-0.1696652212332687,XOM,Exxon Mobil Corporation,,,
2022-08-10,-0.1415180995459179,-0.0635136848065981,-0.0909970813759869,-0.1178333905122651,-0.0949200639999385,-0.2846540589605649,0.4729860017333784,-0.1680116440550761,-0.164321780601479,XOM,Exxon Mobil Corporation,,,
2022-08-11,-0.0428062155425899,0.0119607166430158,0.0171449984332214,-0.0195981802275043,-0.0446763310159423,-0.2278867033042267,1.5844685355772214,-0.1345632631835034,-0.1505664019971513,XOM,Exxon Mobil Corporation,,,
2022-08-12,-0.012289016154314,0.047095134982895,0.0050810742800452,0.0096540024466064,-0.0169552519210252,-0.6559828516164026,0.4271498776615773,-0.1018664547334608,-0.1353107488640658,XOM,Exxon Mobil Corporation,,,
2022-08-15,-0.0755851277055068,-0.0257764840817911,-0.0504975863468432,-0.0973130932901024,-0.101417186749413,-0.0038279309183611,-1.0920665097106297,-0.0931289305639391,-0.1271473668495604,XOM,Exxon Mobil Corporation,,,
2022-08-16,-0.1079860262013583,-0.0630798325870639,-0.0436042441104935,-0.0261472608665034,-0.0364466201694486,-0.7727457126155253,-0.6026802781195597,-0.0946560759812327,-0.1226466670933471,XOM,Exxon Mobil Corporation,,,
2022-08-17,-0.0801060055636884,-0.0309817179193682,-0.0298172309294714,-0.0423016153626917,-0.0693651330980332,-0.8139790288232547,0.3927836372115852,-0.0888485842951404,-0.1160420687465893,XOM,Exxon Mobil Corporation,,,
2022-08-18,0.0020280524474235,0.0635778790701366,0.060660063615257,0.0524407075012586,0.0120648551749184,-0.3455081147518724,1.2822889178283603,-0.064009987623644,-0.1026344774755565,XOM,Exxon Mobil Corporation,,,
2022-08-19,-0.0092747791208054,0.0505652908746128,0.0559207470178754,0.0834396669858516,0.0558117958668304,-0.5334505316032055,-0.2517243486021265,-0.0481997934472519,-0.0914645743162208,XOM,Exxon Mobil Corporation,,,
2022-08-22,-0.0119125947941865,0.0475289872024305,0.0253308217946164,-0.001261020918367,0.0237594117580609,-0.5458937894371316,-0.112497046256602,-0.0369999787010575,-0.0815478846886264,XOM,Exxon Mobil Corporation,,,
2022-08-23,0.1384155109092024,0.2205989583814545,0.1942221441475415,0.1554785547146153,0.1160178277943388,0.3406797457256191,2.357360636243825,0.0088894127979128,-0.0589824169452246,XOM,Exxon Mobil Corporation,,,
2022-08-24,0.1602667390184675,0.2457570921979923,0.2183493350372496,0.2388694931110497,0.2225695173305947,-0.4279404051493903,0.2685225703252461,0.0487558185191739,-0.0364987263720573,XOM,Exxon Mobil Corporation,,,
2022-08-25,0.1794823806840647,0.2678785914100675,0.2566944757191025,0.2711778690033493,0.2619848225512635,-0.6276506868151448,0.2259481971685107,0.0834477099568499,-0.0143269455322931,XOM,Exxon Mobil Corporation,,,
2022-08-26,0.1335175747681182,0.2149602032566229,0.2588488300663933,0.2414889921266189,0.2554876998017884,-0.6018140419842605,-0.7740660870444924,0.0980037089269566,0.0016860369044966,XOM,Exxon Mobil Corporation,,,
2022-08-29,0.2182884930684485,0.3125561039183127,0.3299379216104726,0.2729243127137544,0.2299327688998831,0.2599187668678926,1.2448462296797365,0.1300612786893655,0.0238843862944487,XOM,Exxon Mobil Corporation,,,
2022-08-30,0.074742341075107,0.147293487097234,0.2032698407311827,0.1716329092108036,0.2377292501077744,-0.4237621262999119,-2.2462807812008565,0.1183062411037057,0.0311257212381911,XOM,Exxon Mobil Corporation,,,
2022-08-31,0.0476154816190797,0.1160627459363278,0.1265792306591536,0.0742707542312056,0.0501808019371704,-0.2802010439675592,-0.4974849381156175,0.1027249390452277,0.0352635884370069,XOM,Exxon Mobil Corporation,,,
2022-09-01,-0.0171872707567859,0.0414563798580633,0.0503198859065705,0.0175128325933904,0.0670731228113705,-0.4997495646638508,-1.0989901169977638,0.0748781471543014,0.0331840865327074,XOM,Exxon Mobil Corporation,,,
2022-09-02,0.0476154816190797,0.1160627459363278,0.1244252050201855,0.1406342828262883,0.1506685983625529,-0.2955519259871497,0.9779720263669353,0.0701538685831744,0.0371348296138395,XOM,Exxon Mobil Corporation,,,
2022-09-06,0.0235028591965611,0.0883021606671414,0.1158081163393449,0.1144382933703682,0.1424392179734495,-0.1816852418343778,-0.4528399009845302,0.0605973404019108,0.0385529473748594,XOM,Exxon Mobil Corporation,,,
2022-09-07,-0.0070146586531022,0.0531677423272621,0.029639201780876,0.0179495267960107,0.013797443271937,-0.5167259688659782,-0.5578146790201618,0.0458193420502013,0.0370913531411191,XOM,Exxon Mobil Corporation,,,
2022-09-08,0.0219958999105006,0.0865674136535619,0.0653993802126387,0.0799467795650419,0.0774686513934851,-0.2323168236186052,0.3978400680541875,0.0419706329037238,0.0383775888064921,XOM,Exxon Mobil Corporation,,,
2022-09-09,0.081900716145282,0.1555350246069947,0.133472901603826,0.1498028624808566,0.1580318499318419,-0.4156116207086006,0.8881538919207168,0.0540234460265471,0.0449466024767448,XOM,Exxon Mobil Corporation,,,
2022-09-12,0.1237207471017869,0.2036823620746774,0.2278279682320122,0.2179125016862655,0.2069765549148114,-0.5345609235166285,0.5878935397064002,0.0734923319922581,0.0546880127568194,XOM,Exxon Mobil Corporation,,,
2022-09-13,0.0378199277982988,0.1047852356866627,0.1670787256882973,0.1319023973743408,0.1619302557644827,-0.2929991693202081,-1.4057936448625794,0.0666716459022689,0.0558009004837488,XOM,Exxon Mobil Corporation,,,
2022-09-14,0.1259815044922653,0.2062848135273267,0.2006845497727691,0.1860408199965874,0.1437385764318657,0.2137287527373572,1.3338676082887615,0.0835422802161355,0.0647593368584532,XOM,Exxon Mobil Corporation,,,
2022-09-15,0.0189816628769919,0.0830972577618428,0.1136540907003769,0.0943546903508251,0.1450379348902832,0.0347610499079175,-1.732885491690141,0.0695111319118602,0.0632586035667637,XOM,Exxon Mobil Corporation,,,
2022-09-16,-0.0420533728223348,0.0128280901498058,0.0619525447403018,0.0048513655180118,0.0952271010874991,1.9558993228801504,-1.0469273018282577,0.0437665662521285,0.0563927161777118,XOM,Exxon Mobil Corporation,,,
2022-09-19,-0.0424304311052375,0.0123942379302716,-0.0177536354846179,-0.0388087279418821,-0.0806264600425721,-0.6234838553049801,-0.0760773057779928,0.0243641094383159,0.0501170130384017,XOM,Exxon Mobil Corporation,,,
2022-09-20,-0.0710636129245501,-0.020571250244214,-0.0418808263743254,-0.0108662947755562,-0.0061268241576978,-0.6955563036236543,-0.5362853310303868,0.002671589199065,0.0418308867068527,XOM,Exxon Mobil Corporation,,,
2022-09-21,-0.1272013494055678,-0.0852016627314181,-0.0009507234423823,-0.0444844201756395,0.0302565345075348,-0.3956474609456133,-0.9917688211458092,-0.0275976938863106,0.0292378936174775,XOM,Exxon Mobil Corporation,,,
2022-09-22,-0.1415184180073055,-0.1016844068186609,-0.0535134852080567,-0.0597657193666656,-0.0290833686001591,-0.5322142189573325,-0.3088875009749269,-0.0538701141438871,0.0164992041936834,XOM,Exxon Mobil Corporation,,,
2022-09-23,-0.3231165658192255,-0.310756500776634,-0.2758294425489015,-0.3073183693402456,-0.2326576783677585,0.7956084573889659,-3.113511349521452,-0.1188622300331868,-0.0114503412427844,XOM,Exxon Mobil Corporation,,,
2022-09-26,-0.3898023803798917,-0.3875317970202933,-0.3309774952729901,-0.3492320190897344,-0.3452732610148853,0.1436366941199427,-1.250410123954427,-0.1842367392065023,-0.042869953986859,XOM,Exxon Mobil Corporation,,,
2022-09-27,-0.3234933056407406,-0.3111903529961689,-0.2990950889246869,-0.3090648130506507,-0.3145205658219223,-0.3985207431133369,1.128606752031451,-0.2167311519797621,-0.0654562618506599,XOM,Exxon Mobil Corporation,,,
2022-09-28,-0.2059434751774933,-0.1758572516096715,-0.1982772879629504,-0.2606020826621621,-0.2924304806566652,-0.142558236060358,2.011174753438552,-0.2117868316532314,-0.0753935463020968,XOM,Exxon Mobil Corporation,,,
2022-09-29,-0.212726065810316,-0.1836649368998979,-0.1956923257128596,-0.2077734095476999,-0.2032043416332124,-0.3311302565739412,-0.1858001636036308,-0.2097700657789902,-0.0850388113401738,XOM,Exxon Mobil Corporation,,,
2022-09-30,-0.2643419690489894,-0.2430901155495255,-0.2094793388938817,-0.1999145794009158,-0.2036375712718147,0.0651308411070031,-0.953453452115521,-0.2211297082256753,-0.0984597954485253,XOM,Exxon Mobil Corporation,,,
2022-10-03,-0.0906556759502748,-0.0431269326081025,-0.0664389538751561,-0.0946935942745338,-0.1226408126374654,0.3540273433653228,2.9497256659265583,-0.1863347349258739,-0.0950049312472873,XOM,Exxon Mobil Corporation,,,
2022-10-04,0.0355591704078204,0.1021824533017343,0.0628144179625473,0.0358499919025271,0.0159629305501684,0.1539736415201592,2.0143491851401665,-0.1287624526034161,-0.0804873745243424,XOM,Exxon Mobil Corporation,,,
2022-10-05,0.18061260014861,0.2691801480686728,0.2622953368304062,0.1646474674692613,0.1246804378220452,1.6105330957876471,2.24121626292183,-0.0494091339362493,-0.0542147497940405,XOM,Exxon Mobil Corporation,,,
2022-10-06,0.2913795215176471,0.3967052332326634,0.3566504034585936,0.2812198370631587,0.2424937847602297,0.9542571329366956,1.626374632648509,0.0377294311805457,-0.0203462215840346,XOM,Exxon Mobil Corporation,,,
2022-10-07,0.2525734091332626,0.3520280516566986,0.405766658460255,0.3619909433439475,0.403620842751723,0.4257220294866469,-0.6471037664349635,0.0934057040914637,0.0069454388497324,XOM,Exxon Mobil Corporation,,,
2022-10-10,0.1700626113006361,0.2570346024476575,0.3501876691250438,0.2982472468645117,0.3733010467399722,-0.4581842756160258,-1.3096387794026152,0.1145859777181101,0.024318669662703,XOM,Exxon Mobil Corporation,,,
2022-10-11,0.1384155109092024,0.2205989583814545,0.2523860957328442,0.2122368094525081,0.1883516459435927,-0.3416503614031759,-0.5559612162305265,0.1225788801122881,0.0372599051923473,XOM,Exxon Mobil Corporation,,,
2022-10-12,0.154615323234353,0.2392506326340909,0.2157643727871588,0.2331938008772916,0.200479432165337,-0.9332831991500056,0.180986312748869,0.13261354234134,0.050484885664024,XOM,Exxon Mobil Corporation,,,
2022-10-13,0.2842221018316348,0.3884640266551825,0.3682830622923255,0.2406159368214548,0.2026452499009579,0.1408549906667283,1.9288069674332409,0.1724614873848633,0.0741901087213313,XOM,Exxon Mobil Corporation,,,
2022-10-14,0.1832500973606035,0.2722164517408551,0.3592353657086837,0.3122184634476747,0.3572751851429787,-0.637232109820661,-1.574503481652968,0.1771665725216609,0.08663888315013,XOM,Exxon Mobil Corporation,,,
2022-10-17,0.2371264395283671,0.3342440818431326,0.3476027068749531,0.3759621599271104,0.3551093674073565,-0.7446997312971085,0.754556221911016,0.1941313221243113,0.1028122639125244,XOM,Exxon Mobil Corporation,,,
2022-10-18,0.2439074378542525,0.3420517671333578,0.363974682306066,0.3205139877970795,0.3754668644755944,-0.7696320363222153,0.0323609486800123,0.2085459615999581,0.1181265638875277,XOM,Exxon Mobil Corporation,,,
2022-10-19,0.3565599690991901,0.4717457824627431,0.4346331659473441,0.4078341747168675,0.3629058486152478,0.0152318890388486,1.626498602715475,0.2474507595875819,0.1422029440445448,XOM,Exxon Mobil Corporation,,,
2022-10-20,0.3618340081390149,0.4778183898071103,0.4781485598377019,0.5030131917834394,0.4958789283306125,-0.3594051846786308,0.0071969607337965,0.2779446227535018,0.1645659544214927,XOM,Exxon Mobil Corporation,,,
2022-10-21,0.4345486152280853,0.5615339978342065,0.5384668657702948,0.5248432385133864,0.5015095918028829,0.2318613382101622,0.9920951362638816,0.3189489310363113,0.1914503230552198,XOM,Exxon Mobil Corporation,,,
2022-10-24,0.4624295912499186,0.5936321125019015,0.5936149184943833,0.5776719116278494,0.5539194729798903,-0.4309281607102503,0.3298541253240255,0.3566552512556792,0.2184037974071742,XOM,Exxon Mobil Corporation,,,
2022-10-25,0.4353024133325037,0.5624013713409953,0.5785354241883152,0.5754887737148227,0.5864047562698724,-0.5802472547173637,-0.4562185811340181,0.3781698881315735,0.2404617626352118,XOM,Exxon Mobil Corporation,,,
2022-10-26,0.4827738600731232,0.6170551683725807,0.6000776528279324,0.6160926739565272,0.5799076335203985,-0.3897635285384027,0.6106372125949175,0.4061445185757015,0.2647934460568014,XOM,Exxon Mobil Corporation,,,
2022-10-27,0.4982214666007938,0.634839469118427,0.6754754530665927,0.6780899267255585,0.6730321783764915,-0.2947277175565677,0.1489232025218101,0.4309778882205856,0.2883055767284553,XOM,Exxon Mobil Corporation,,,
2022-10-28,0.6169008796058113,0.7714734652989695,0.7457030000967494,0.7086521920075312,0.7185113767080324,0.8449007004734975,1.6050901705015854,0.4791997459707691,0.3203777821385482,XOM,Exxon Mobil Corporation,,,
2022-10-31,0.6210456545652528,0.7762448469170125,0.8189467746964416,0.7662835020505868,0.7202439648050516,0.6425575307656061,-0.0131025616517002,0.5163997827679638,0.3499079348036006,XOM,Exxon Mobil Corporation,,,
2022-11-01,0.6624892641616302,0.8239586630974399,0.8042978882931741,0.8191121751650497,0.8445544344927112,0.1630628289351889,0.4977847936129416,0.5546352127592387,0.3804891778861724,XOM,Exxon Mobil Corporation,,,
2022-11-02,0.5758336913695615,0.724193832270356,0.7840481407786022,0.7606074767167518,0.8103365631057086,-0.0153897436251369,-1.245333378277256,0.561701210711594,0.4004793360876328,XOM,Exxon Mobil Corporation,,,
2022-11-03,0.6319714278505792,0.7888239138252809,0.7719845453337483,0.7169473832568578,0.6803954299457798,-0.4218275259559069,0.7074937286086878,0.5810006020817992,0.4237123581496548,XOM,Exxon Mobil Corporation,,,
2022-11-04,0.6775588570222348,0.8413087806914722,0.8443664467111951,0.8256612558040489,0.8718419534916351,-0.3717110744407932,0.5529195083392774,0.6068439532291902,0.4489424532233458,XOM,Exxon Mobil Corporation,,,
2022-11-07,0.7276681194362359,0.89899888139524,0.865477738739689,0.8837289269496483,0.8462870225897298,-0.5472560228154547,0.6073248275905425,0.6387229502630416,0.4763956588400598,XOM,Exxon Mobil Corporation,,,
2022-11-08,0.7412317083949433,0.9146142519756928,0.894344574935102,0.9042492241718116,0.8926326801984753,-0.7014516833701786,0.1112390209234444,0.666014749682746,0.5025757151284865,XOM,Exxon Mobil Corporation,,,
2022-11-09,0.5490842086578246,0.6933969433289854,0.8348878135164318,0.7282991008244516,0.876173258505488,-0.1449049406196541,-2.628444658321812,0.6385649515234063,0.5090559486853836,XOM,Exxon Mobil Corporation,,,
2022-11-10,0.6093660831755093,0.7627984065019532,0.7237298348460101,0.6846390073645576,0.7501305311781995,-0.0734849906418573,0.770327062819963,0.6330109804555955,0.5203807659517382,XOM,Exxon Mobil Corporation,,,
2022-11-11,0.7393476908259795,0.9124453218102992,0.8874509039904296,0.8994465872432165,0.8536502741590181,-0.0308779937164912,1.7156313442188973,0.6612609271596913,0.5423923543057643,XOM,Exxon Mobil Corporation,,,
2022-11-14,0.7518813756572319,0.8872875189260412,0.8934827017128566,0.8994465872432165,0.8558157614372495,0.0079742759140011,0.0970265998971448,0.6855740964940787,0.5635326521708156,XOM,Exxon Mobil Corporation,,,
2022-11-15,0.7807457604439325,0.9202530071005244,0.8887433851154749,0.9160376359420276,0.9064930545172382,-0.1619614761969769,0.3134514462476703,0.7110073096078021,0.5853528866395553,XOM,Exxon Mobil Corporation,,,
2022-11-16,0.7344109023956102,0.8673346189470799,0.8771107262817442,0.871940848279512,0.8909000921014555,-0.8239382140261211,-0.6812766157984724,0.718527014492719,0.6010129256565966,XOM,Exxon Mobil Corporation,,,
2022-11-17,0.740107539696762,0.8738407475787021,0.8314409780440962,0.8234781178910235,0.7977755472453626,-0.9573111643693348,0.0060364507884955,0.7255874473747516,0.6157628090352699,XOM,Exxon Mobil Corporation,,,
2022-11-18,0.7028876834839478,0.8313324961681308,0.8004204449180379,0.7737056379947507,0.780883226371163,-0.6151387449453368,-0.5656613262495407,0.7216007091385327,0.6258168654345054,XOM,Exxon Mobil Corporation,,,
2022-11-21,0.6607310388407643,0.7831851587004487,0.7452720634856272,0.6807097588412047,0.7414675906931034,0.0211043741067456,-0.6363229413354274,0.7080974330324976,0.6311569953052486,XOM,Exxon Mobil Corporation,,,
2022-11-22,0.7826447456981117,0.9224219372659191,0.8861584228653842,0.8531669947677545,0.8376240821046337,-0.3513805998197695,1.584391083831198,0.7283733898908651,0.6470007332089088,XOM,Exxon Mobil Corporation,,,
2022-11-23,0.7609960590313524,0.8976976556689156,0.8637543210035221,0.8824191774418647,0.842388616757089,-1.0579561716148531,-0.3554434257995379,0.7381815061756911,0.6594527590231389,XOM,Exxon Mobil Corporation,,,
2022-11-25,0.7458044954593015,0.8803472071426036,0.8921902205878112,0.924332827191354,0.9099579002538865,-1.5628639667215498,-0.2712909793249846,0.7417490497747247,0.6694034432553686,XOM,Exxon Mobil Corporation,,,
2022-11-28,0.6166747720206247,0.7328688910673725,0.756474114416558,0.7741423321973722,0.770488028246438,0.2549162795878321,-1.7875133819618587,0.712221729362726,0.666810007155664,XOM,Exxon Mobil Corporation,,,
2022-11-29,0.6443997019625405,0.7645334844478123,0.7711230008198249,0.7815644681415347,0.7683222105108165,-0.7252392544639215,0.3102554074665087,0.6969904125552276,0.6669514115016002,XOM,Exxon Mobil Corporation,,,
2022-11-30,0.6747831475680293,0.7992340505681561,0.7754313808060844,0.7811277739389139,0.80860397500869,0.271240185449082,0.3439601344763974,0.6931440915981758,0.6698186680830175,XOM,Exxon Mobil Corporation,,,
2022-12-01,0.6542739157460548,0.7758113256297566,0.7827556596535569,0.7985918779428871,0.8129352800225429,-0.7315238437471095,-0.3473153518024912,0.6851446621328678,0.6705766010318691,XOM,Exxon Mobil Corporation,,,
2022-12-02,0.6185737572748046,0.7350378212327661,0.7672452287363666,0.7558048397881572,0.7206771944436546,-0.6342100122418602,-0.5551192795505197,0.6702420165105794,0.6680476852178042,XOM,Exxon Mobil Corporation,,,
2022-12-05,0.5042556729727876,0.6044761014643115,0.7521657344302991,0.613473174940958,0.7722202858860676,-0.1718176353460205,-1.6368683068273118,0.6305558504535638,0.6554442517214477,XOM,Exxon Mobil Corporation,,,
2022-12-06,0.3914569679509477,0.4756494596417155,0.566040892132339,0.4916614742158451,0.5643146711046153,0.0467464141692981,-1.659596926499464,0.572660954025542,0.6338191198040312,XOM,Exxon Mobil Corporation,,,
2022-12-07,0.3827218905508295,0.4656731751183759,0.4716858255041522,0.457606654613141,0.4724894847069385,-0.0832152290584509,-0.1965589173304455,0.5270613869955032,0.6133725453684877,XOM,Exxon Mobil Corporation,,,
2022-12-08,0.4119658813115334,0.4990725155123959,0.5557007144236525,0.5161110199613607,0.5807737623402124,0.038939328757396,0.3549194240444436,0.5001547157601163,0.5974207492664423,XOM,Exxon Mobil Corporation,,,
2022-12-09,0.3785439956070794,0.4609017935003331,0.5190786627696462,0.4982105548548442,0.5075734849137544,0.0583311215547012,-0.5519089700492948,0.4716398051943279,0.579906529941126,XOM,Exxon Mobil Corporation,,,
2022-12-12,0.475391288186087,0.5715102823575466,0.5315731948256217,0.5108716888301452,0.4746553024425595,-0.0429778313710081,1.3385539802065425,0.4744058558534436,0.5727141468785001,XOM,Exxon Mobil Corporation,,,
2022-12-13,0.5194478734676131,0.6218265499906235,0.6306675780511908,0.6606258227215847,0.6466107881973808,0.4025640620551542,0.5553957965145695,0.4874674324140969,0.5701467953320012,XOM,Exxon Mobil Corporation,,,
2022-12-14,0.4894440338361271,0.5875595051575344,0.6203274003425042,0.6051776505915537,0.6548401685864843,-0.3653234591037824,-0.4912006508183424,0.4897811161102263,0.5651083491798282,XOM,Exxon Mobil Corporation,,,
2022-12-15,0.4507051168045247,0.5433161758011044,0.5285572959644095,0.5156743257587404,0.5396258690225239,-0.620850967262843,-0.6178801793855774,0.4818554854489406,0.5570360897846055,XOM,Exxon Mobil Corporation,,,
2022-12-16,0.4225999439658315,0.5112177302011303,0.5031376239496548,0.4907880858106027,0.4685914093316874,3.8701119555676313,-0.4713166217487108,0.4689022621884641,0.5471643242388569,XOM,Exxon Mobil Corporation,,,
2022-12-19,0.440450341662843,0.5316044823996259,0.5298497770894548,0.5453632026354702,0.536593922467089,-0.8216372988240795,0.1867927650951968,0.4636389609241591,0.5397989935138362,XOM,Exxon Mobil Corporation,,,
2022-12-20,0.4981791112362447,0.5975361206131543,0.5862906396469115,0.5754887737148227,0.5326955166344483,-0.699276688900587,0.7566245769626277,0.4740881572017945,0.5383068020375715,XOM,Exxon Mobil Corporation,,,
2022-12-21,0.5502109250471064,0.6569609683305028,0.6328216036901588,0.6667385422580417,0.6678344140854339,-0.8268687328904127,0.6644416321082451,0.4949009929981413,0.5416403150823853,XOM,Exxon Mobil Corporation,,,
2022-12-22,0.4674154227339768,0.5624013713409953,0.6155880837451226,0.5331384297627131,0.650508863572632,-0.8672091566316783,-1.2236993892900134,0.4898626878457011,0.5372077491739912,XOM,Exxon Mobil Corporation,,,
2022-12-23,0.5737576415838834,0.6838541800928998,0.6392843380237079,0.6553868246904474,0.6097938694361568,-1.0587918273847488,1.4424626068061306,0.5126040819610691,0.5427636332715491,XOM,Exxon Mobil Corporation,,,
2022-12-27,0.6311071236446688,0.7493519660868939,0.7138205937484462,0.7396508183920453,0.7102816658615387,-1.0104039241059946,0.7246742038182639,0.5439622112686486,0.552983812455204,XOM,Exxon Mobil Corporation,,,
2022-12-28,0.5623640485201927,0.670841260965095,0.6935708462338743,0.6990469181503414,0.7380027449564559,-1.1546403994578522,-1.0093603157541848,0.5503373366721903,0.5560785117316827,XOM,Exxon Mobil Corporation,,,
2022-12-29,0.5935070245350765,0.7064095315245098,0.6815072507890203,0.7029761666736937,0.6548401685864843,-1.1738833768440802,0.3627619478074437,0.5628852626412376,0.5616990445422538,XOM,Exxon Mobil Corporation,,,
2022-12-30,0.6352843816656443,0.7541233477049367,0.7151130748734916,0.7300455445348567,0.6816947884041974,-1.0290058504906587,0.5061567495498146,0.5827148410420814,0.5705743529561853,XOM,Exxon Mobil Corporation,,,
2023-01-03,0.4913430190903069,0.5897284353229291,0.6944323907477971,0.5938259330239588,0.7323717510267959,-0.6459091930203998,,0.4986164787156059,0.5166067685766589,XOM,Exxon Mobil Corporation,,,
2023-01-04,0.5031165365893898,0.6031748757379871,0.5712111453408434,0.5619542513342812,0.5166696550374522,-0.3125397775285907,0.0965157505910078,0.5015526139153047,0.5176680115074443,XOM,Exxon Mobil Corporation,,,
2023-01-05,0.5938866305090794,0.7068433837440441,0.6914164918865842,0.6296271963370699,0.5833724792570462,-0.5542846891540294,1.2096356102185233,0.5263913884977823,0.5268146249499736,XOM,Exxon Mobil Corporation,,,
2023-01-06,0.6440197775271483,0.7640996322282775,0.77930882418122,0.7763251370103199,0.7453659965257442,-0.5083236218097669,0.6213165842790779,0.5575229095629116,0.539648636542975,XOM,Exxon Mobil Corporation,,,
2023-01-09,0.5657827315159359,0.674745269076349,0.7642293298751531,0.6951173365269109,0.8129352800225429,-0.3232773818047845,-1.135813483386879,0.5613604276465739,0.5442637782542467,XOM,Exxon Mobil Corporation,,,
2023-01-10,0.6273091531363092,0.7450141057561062,0.7077887960260186,0.7038495550789367,0.7328049806653982,-0.6506712861748738,0.7841984450110475,0.579582314774281,0.5540052386361012,XOM,Exxon Mobil Corporation,,,
2023-01-11,0.6759229208742022,0.8005356072267614,0.7560431778054358,0.751002202859562,0.784781301746413,-0.466849911476451,0.5950086943268649,0.6053722602932944,0.5672430661565591,XOM,Exxon Mobil Corporation,,,
2023-01-12,0.7461841014333049,0.8807810593621385,0.8547066244198803,0.866701517148296,0.8207317612304342,-0.6217438597293069,0.8800593486813565,0.6422367832871376,0.5856106667155057,XOM,Exxon Mobil Corporation,,,
2023-01-13,0.7435255857697307,0.8777447556899549,0.8439355101000717,0.8850390095575116,0.8766064881440904,-1.0047603858243703,-0.1052950688529465,0.6692221823854526,0.602068851756926,XOM,Exxon Mobil Corporation,,,
2023-01-17,0.7351697958822294,0.8682019924538693,0.8693555108231479,0.9073054173900016,0.8896007336430393,-0.4861043362019926,-0.1811375495512649,0.6873774255049768,0.6162776628263829,XOM,Exxon Mobil Corporation,,,
2023-01-18,0.6470578991647259,0.767569788119996,0.8710789285593172,0.8081971518000762,0.8831036108935655,-0.5024167947239289,-1.2448342261001102,0.6790200983895849,0.6212525215998149,XOM,Exxon Mobil Corporation,,,
2023-01-19,0.6740232986972473,0.7983666770613667,0.7853406219036471,0.7723958884869657,0.7449327668871425,-0.8998340736755508,0.297165536408431,0.6794768612867256,0.6282057313563065,XOM,Exxon Mobil Corporation,,,
2023-01-20,0.7511212083250624,0.8864198144869707,0.8417814844611037,0.8173657314546446,0.8008074938007986,-0.4891493284594207,0.9729666279890036,0.6990464729827366,0.6414762930588858,XOM,Exxon Mobil Corporation,,,
2023-01-23,0.7287139466330708,0.8608281593831784,0.8913283473655658,0.9059956678822167,0.899562702129162,-0.4812735590116367,-0.3676115542547393,0.7081356533861762,0.6515206912418359,XOM,Exxon Mobil Corporation,,,
2023-01-24,0.7685923185094599,0.906372714465932,0.866770219864735,0.5667568882628758,0.7055174616664737,-0.8248540011712122,0.46260903859282,0.7248975947335671,0.6642465244562452,XOM,Exxon Mobil Corporation,,,
2023-01-25,0.7458044954593015,0.8803472071426036,0.8508291810447448,0.8514205510573494,0.8818042524351479,-1.0158299629406595,-0.3714435890155821,0.7317861161931318,0.67376141183092,XOM,Exxon Mobil Corporation,,,
2023-01-26,0.918610879744114,1.0777079386313777,1.028767871272987,0.9802176935240052,0.94634158937651,0.0264502815662153,2.228590490074819,0.7800477766217894,0.6979877549484275,XOM,Exxon Mobil Corporation,,,
2023-01-27,0.8369554691985448,0.9844495673681952,1.024028554675606,1.0260609248969252,1.0429309799692523,-0.6421315710468988,-1.114084223571194,0.7958804113938099,0.7126514366719924,XOM,Exxon Mobil Corporation,,,
2023-01-30,0.7590964368543974,0.8955287255035221,0.9301044246585408,0.9282624088147846,0.9623674509735048,-0.2422874561607852,-1.084054194322164,0.7883380355848528,0.7189639883132228,XOM,Exxon Mobil Corporation,,,
2023-01-31,0.852146077386433,1.001800015894508,0.9693114385626396,0.8095069013078605,0.8328595474521784,0.8096886847447425,1.1639180376411076,0.8058864109724951,0.7330899928496019,XOM,Exxon Mobil Corporation,,,
2023-02-01,0.8039128710067055,0.9467123666433872,1.011534022619628,0.9365576000641112,0.9944198350822742,-0.1515329500822513,-0.6960104915357204,0.8070190685224026,0.7415841638011147,XOM,Exxon Mobil Corporation,,,
2023-02-02,0.667566812525314,0.7909928439906752,0.9120090314912604,0.7833109118519392,0.9519722528487796,0.4319608294125804,-1.859316167526348,0.7738659399807746,0.7370161577237649,XOM,Exxon Mobil Corporation,,,
2023-02-03,0.696810803286018,0.8243921843846951,0.870647991948194,0.8588426870015132,0.8241969374244726,-0.0643385665302594,0.3262516838401687,0.7562940976116959,0.7354994237655325,XOM,Exxon Mobil Corporation,,,
2023-02-06,0.6895951051660768,0.8161509778072136,0.826701661446714,0.804704264379266,0.8441212048541081,-0.7936943435594855,-0.1670203044611323,0.7413157310809038,0.733470165128452,XOM,Exxon Mobil Corporation,,,
2023-02-07,0.8107496000754185,0.9545200519336148,0.9223492091999468,0.8789262900210544,0.845420563312525,-0.5466493138318318,1.562906080990333,0.7602960342722812,0.7425460249836706,XOM,Exxon Mobil Corporation,,,
2023-02-08,0.7727698949918217,0.9111440960839748,0.9447533110618084,0.9588243409966792,0.9606351933338751,-0.2666016048629555,-0.5675943775732707,0.7650597040808522,0.7473733868183142,XOM,Exxon Mobil Corporation,,,
2023-02-09,0.7891009134086586,0.9297957703366106,0.9624177676179666,0.9732322517824628,0.9420102843626575,-0.3834102552193328,0.1459310292425725,0.7727051626632935,0.7532339451489932,XOM,Exxon Mobil Corporation,,,
2023-02-10,0.9721611174509892,1.1388678642945842,1.1084740514979057,1.0596793833970874,1.0238731718168217,0.4727705940657052,2.3407037043517755,0.8240916717593699,0.7750624311616604,XOM,Exxon Mobil Corporation,,,
2023-02-13,0.9545565719451936,1.0794430165772355,1.0460017199263454,1.048327665829493,1.0762827225364386,-0.7157379628336007,-0.2923869079946007,0.8582412491767926,0.7933196684241371,XOM,Exxon Mobil Corporation,,,
2023-02-14,0.9017413431208684,1.0195839857080746,1.030060352398033,1.0535666638606302,1.0455300273434762,-0.99702198444835,-0.7399131797305325,0.8706821219289569,0.8051564905244152,XOM,Exxon Mobil Corporation,,,
2023-02-15,0.888346538697582,1.004402467347156,0.9559550332844174,0.9714858080720578,0.9896553004298196,-0.8156503403630461,-0.2418679126591882,0.8766723171305015,0.8147098551749777,XOM,Exxon Mobil Corporation,,,
2023-02-16,0.8753342064007873,0.9896548012057732,0.9856834139937526,1.000301629643625,0.971896520278416,-1.079259670077536,-0.2374622638086551,0.8779198868678877,0.8222218247415585,XOM,Exxon Mobil Corporation,,,
2023-02-17,0.7050255147788177,0.7966315991155074,0.8740948274205296,0.8335200859508336,0.9233853753914376,-0.0034730633996382,-2.268993777451798,0.8363831811872607,0.8136995798426323,XOM,Exxon Mobil Corporation,,,
2023-02-21,0.700816092157696,0.7918602174974652,0.7961117362234557,0.8260976169065927,0.7769848205385229,-0.7233847854951119,-0.1264631809633569,0.8041808863041338,0.8055726549679587,XOM,Exxon Mobil Corporation,,,
2023-02-22,0.645705075190258,0.7293990661079338,0.7353628223880635,0.731355294042641,0.7626915470385467,-0.7801177991335091,-0.8107290149395522,0.7662853203798565,0.793216937059699,XOM,Exxon Mobil Corporation,,,
2023-02-23,0.6843583261085996,0.7732085432448276,0.7724154819448703,0.7863671050701293,0.7735199748018741,-1.0874101756688477,0.4564514677998248,0.7475031755515633,0.7854685982525116,XOM,Exxon Mobil Corporation,,,
2023-02-24,0.6847417536192546,0.7736423954643631,0.7349318857769408,0.7479460096413725,0.7128807132357621,-0.7369384352424609,-0.0647628422310143,0.7335121878873473,0.7784592153237427,XOM,Exxon Mobil Corporation,,,
2023-02-27,0.677087534168607,0.7649673366673466,0.7478573544440408,0.7889866040856979,0.7765519213573095,-1.0392054298191116,-0.1732136203889833,0.7211101018720841,0.7713971119450302,XOM,Exxon Mobil Corporation,,,
2023-02-28,0.6525933950037595,0.7372067513981602,0.7521657344302991,0.7566782281933983,0.7956097295097404,-0.3069763706221619,-0.4010290798532716,0.7057000736671107,0.7627691618978845,XOM,Exxon Mobil Corporation,,,
2023-03-01,0.6900995480040142,0.7797150028087303,0.7737079630699163,0.757551283498561,0.7120142539585586,-0.8686973107424515,0.4399936258764905,0.7034960134512803,0.7583063056953897,XOM,Exxon Mobil Corporation,,,
2023-03-02,0.7096186833719814,0.801836832953085,0.7668142921252445,0.7981551837402668,0.7687554401494194,-1.1961026624518545,0.193098352298438,0.7067107421238661,0.7560085821868645,XOM,Exxon Mobil Corporation,,,
2023-03-03,0.763581010114394,0.8629967586162922,0.8387655855998913,0.7885499098830776,0.7440666380673273,-0.8908250176357165,0.6539172893229641,0.7225791676162238,0.7587838062228606,XOM,Exxon Mobil Corporation,,,
2023-03-06,0.8018524258290197,0.906372714465932,0.8590150044061399,0.8723775424821335,0.8280950127997225,-0.737350539457752,0.4370218570956302,0.7440247924904014,0.7647564512693567,XOM,Exxon Mobil Corporation,,,
2023-03-07,0.7176550564877332,0.8109457439696358,0.8301484969190508,0.8418152772001608,0.863612242645142,-1.060405902227972,-1.175449550784731,0.739111474949715,0.7625967345896429,XOM,Exxon Mobil Corporation,,,
2023-03-08,0.6552722921961392,0.7402430550703437,0.797835153959625,0.7501291475543985,0.7951768303285288,-0.8332334535487963,-0.905168850232912,0.7198691794639699,0.7550102896490957,XOM,Exxon Mobil Corporation,,,
2023-03-09,0.6227414614541518,0.7033732278523249,0.7896493305982293,0.7483827038439934,0.7795838679127468,-0.8960335570234226,-0.511941713363457,0.6973247661902281,0.7451812530501404,XOM,Exxon Mobil Corporation,,,
2023-03-10,0.5710749228548533,0.6448157536417678,0.738378721249277,0.6663018480554209,0.7228426817218859,-0.5715587241783113,-0.7774114130151969,0.6675316116980342,0.7315886397093828,XOM,Exxon Mobil Corporation,,,
2023-03-13,0.5236181253380623,0.5910296610492528,0.6013701339529783,0.5165477141639815,0.5400587682037366,-0.0049268754924705,-0.7279064858160627,0.6333517463340577,0.7149540511845167,XOM,Exxon Mobil Corporation,,,
2023-03-14,0.5389268827007451,0.6083801095755642,0.6509173255657632,0.5706861367862281,0.5838057088956485,-0.2890612845963161,0.144783366686066,0.6115346172646785,0.7012116008452739,XOM,Exxon Mobil Corporation,,,
2023-03-15,0.3353220976224176,0.3776200376927725,0.4436808625309859,0.3637373870543526,0.4309083617506482,0.5660893041504943,-2.915009817501595,0.5443958510025361,0.6703659082055513,XOM,Exxon Mobil Corporation,,,
2023-03-16,0.3127415929355789,0.3520280516566986,0.3351081748189763,0.267684981582539,0.2702145333977566,0.7642885370268483,-0.4019841938587521,0.488410543784029,0.6402890048220062,XOM,Exxon Mobil Corporation,,,
2023-03-17,0.2671984298967973,0.3004105582972974,0.3320922759577628,0.3165844061736484,0.3347518703391186,2.565447246652825,-0.7435622327743454,0.4350637950469422,0.6088411895227605,XOM,Exxon Mobil Corporation,,,
2023-03-20,0.3670870287272578,0.4136218295394405,0.369575872125693,0.3323020664672165,0.2927375177442252,1.2882218100728138,1.425117497554201,0.4199644223428565,0.5892560387081941,XOM,Exxon Mobil Corporation,,,
2023-03-21,0.5427538331953751,0.6127176389740727,0.5763810698410249,0.5344481792704967,0.4893818055811387,1.2367316778400634,2.492324331665289,0.4524485071951291,0.587285634599411,XOM,Exxon Mobil Corporation,,,
2023-03-22,0.4489886099254321,0.5064463485830869,0.572072689854766,0.5532220327822555,0.6032970771440713,-0.6680597945922923,-1.3789418840856134,0.4534279581992856,0.5770425356160018,XOM,Exxon Mobil Corporation,,,
2023-03-23,0.4038285559359179,0.4552630383755009,0.5358815748118813,0.4606628478313291,0.5409252274809413,-0.7329433138220008,-0.7151599128522405,0.442900319666802,0.563659984325493,XOM,Exxon Mobil Corporation,,,
2023-03-24,0.4084204506835307,0.4604679412807982,0.4286013682249177,0.3938629581337045,0.3724349179201583,-0.8456194746861543,-0.0035816199158999,0.4361497390889008,0.5519079334437167,XOM,Exxon Mobil Corporation,,,
2023-03-27,0.4952973541399722,0.5589315463815572,0.5419137012426309,0.5248432385133864,0.5140706076632283,-0.684864488704715,1.1840234085432946,0.4527525746792305,0.5490551730312256,XOM,Exxon Mobil Corporation,,,
2023-03-28,0.5458161578984093,0.6161877948657919,0.5923224373693379,0.5807281048460375,0.5443904036749792,-1.1150898421292277,0.6435944234235842,0.4778033183930492,0.5510154253178601,XOM,Exxon Mobil Corporation,,,
2023-03-29,0.6162352953057544,0.6959993947816341,0.6573800598993124,0.6811461199437466,0.6578721151419216,-0.7520374757971514,0.912411959518568,0.5141528320551514,0.5591449226911442,XOM,Exxon Mobil Corporation,,,
2023-03-30,0.6365193749267051,0.7189885984327777,0.6750445164554706,0.7261159629114255,0.7224097825406726,-1.0543502597310566,0.2082482711423193,0.5464735065337974,0.5683637439921261,XOM,Exxon Mobil Corporation,,,
2023-03-31,0.6430258595364906,0.7263627624357502,0.7008951250813473,0.7492560922492345,0.7280404460129429,-0.7292687179023225,0.0188641237781401,0.5723366301440672,0.577330973029136,XOM,Exxon Mobil Corporation,,,
2023-04-03,0.8906426453020831,1.0070049187998042,0.988699312854966,0.926952659307001,0.8887342743658345,0.8355482242542541,3.304314536209723,0.6534858121622668,0.6078027151322785,XOM,Exxon Mobil Corporation,,,
2023-04-04,0.8481614885049475,0.958857581332122,0.982236578521417,0.9727955575798428,1.013044744053494,-0.5063317847691936,-0.616571959190262,0.7037535478789484,0.6316751265401992,XOM,Exxon Mobil Corporation,,,
2023-04-05,0.9235562666319488,1.044308267305077,0.9951620471885158,0.9789079440162216,0.9736291083754344,-0.4932818179516445,0.9095836406272592,0.7602566542410638,0.6601732635529821,XOM,Exxon Mobil Corporation,,,
2023-04-06,0.8493101787299729,0.9601591379907262,1.0029172626471108,0.9989915470357628,1.0390329045940012,-0.5735849032368255,-1.0182907926754865,0.784118145212062,0.6793882568101929,XOM,Exxon Mobil Corporation,,,
2023-04-10,0.8297907249006174,0.938037307846372,0.9598328053678764,0.9727955575798428,0.9489403062933436,-0.8908364649750302,-0.3234652048711897,0.7971464101864518,0.6950969852993077,XOM,Exxon Mobil Corporation,,,
2023-04-11,0.8607910302138624,0.9731717261862504,0.9606943498817996,0.9819641372344098,0.9567367875012348,-1.0337107069485647,0.334503495277851,0.8146486109426561,0.7121719573228731,XOM,Exxon Mobil Corporation,,,
2023-04-12,0.8561981800820868,0.9679668232809532,0.9774972619240349,1.005977321877383,1.0087134390396406,-1.1298111204865682,-0.1294359040483284,0.8266298749301491,0.7272806682090625,XOM,Exxon Mobil Corporation,,,
2023-04-13,0.8768653687523044,0.991389548219352,0.9473382733118996,0.9710491138694364,0.9411438250854522,-0.9603103672695082,0.1980796518971255,0.8407699036904421,0.7428787618031197,XOM,Exxon Mobil Corporation,,,
2023-04-14,0.887581275983211,1.003535093840366,0.980513489493571,1.014272846226789,0.9974517816377108,-1.0597762985657218,0.0683811181508528,0.8540473086346059,0.7580247588003926,XOM,Exxon Mobil Corporation,,,
2023-04-17,0.8359141004611361,0.9449772886975292,0.9740507551600218,0.983710580944816,0.979693001486306,-0.8617831177970132,-0.73523322784929,0.851120358967042,0.7671366640451733,XOM,Exxon Mobil Corporation,,,
2023-04-18,0.921642950615328,1.042139668071963,1.0042097437721562,0.9784715829136778,0.932047985419144,-0.3837765700773692,1.0469501792162217,0.870304610804908,0.7831476530894106,XOM,Exxon Mobil Corporation,,,
2023-04-19,0.9074825650162824,1.026090445271976,0.9908536672022568,1.0426516404956567,1.0052482628456014,-1.1568726306240118,-0.2508864065850035,0.8811614160843191,0.7964267069010105,XOM,Exxon Mobil Corporation,,,
2023-04-20,0.871889728032649,0.9857507930945196,0.9382905767282592,0.9317552962355948,0.9641000390705232,-0.4292682965097725,-0.5262062854546153,0.8804277108582048,0.8052903019938314,XOM,Exxon Mobil Corporation,,,
2023-04-21,0.8860497951703064,1.001800015894508,0.9899917939800108,1.0203852326631675,1.0230067125396156,-0.7410251353774303,0.1130428565112937,0.8834087361182079,0.8146244777831306,XOM,Exxon Mobil Corporation,,,
2023-04-24,0.9698646923851012,1.096793134171269,1.0765916451496031,1.0474542774242508,0.998317910457526,-0.5674834713826556,1.0096845056246992,0.9065466585607252,0.8306650108068955,XOM,Exxon Mobil Corporation,,,
2023-04-25,0.9055682936154984,1.023921515106582,1.0270444535368184,1.0365392540592773,1.068919470967149,-0.9854830664202014,-0.8827950850979492,0.9078655618907588,0.8394517559686276,XOM,Exxon Mobil Corporation,,,
2023-04-26,0.864617980708493,0.9775092555847592,0.999039490563652,0.99506229851241,1.0030824451099805,-0.5978418152424276,-0.5951098474879501,0.8986423576447373,0.8437485212094143,XOM,Exxon Mobil Corporation,,,
2023-04-27,0.9174335279942052,1.0373682864539202,0.9955929837996392,1.0037941839643567,0.9853239954159672,-0.5162108385968645,0.6136811723558874,0.9048963441905228,0.8524153664539801,XOM,Exxon Mobil Corporation,,,
2023-04-28,0.9752224867698612,1.102865741515635,1.1209685835538836,1.088931566071197,1.0559252254682006,0.411332723969402,0.6692190979247018,0.923998516592234,0.8655033057471557,XOM,Exxon Mobil Corporation,,,
2023-05-01,0.8347663656202735,0.9436760629712048,1.0080875158556146,0.9850203304526004,1.0013498570129606,-0.3930603622607309,-1.8435331518337656,0.903297537419447,0.8647409793166974,XOM,Exxon Mobil Corporation,,,
2023-05-02,0.6598651423279154,0.7454479579756411,0.8633237131007209,0.7597344214115878,0.9125569476281103,0.4047161618461184,-2.349169417798303,0.8441541128959282,0.8482826848998325,XOM,Exxon Mobil Corporation,,,
2023-05-03,0.5768151893661033,0.6513222132056699,0.6853846941641571,0.6929345317139631,0.7020522854724347,-0.5238691085976892,-1.1971282672548564,0.7790851564033874,0.825834631046173,XOM,Exxon Mobil Corporation,,,
2023-05-04,0.5044824174807494,0.5693416831244329,0.6397152746348312,0.6121634254331744,0.6509420932112344,-0.4134137315603818,-1.0714083431363353,0.7122447519856181,0.7989073680747121,XOM,Exxon Mobil Corporation,,,
2023-05-05,0.6055193880748483,0.6838541800928998,0.6690127187330436,0.6828925636541524,0.6790960714873631,-0.666285456998678,1.3538868662646897,0.6873115238756347,0.7835353223765154,XOM,Exxon Mobil Corporation,,,
2023-05-08,0.6219758802783938,0.7025058543455361,0.7353628223880635,0.7488193980466142,0.7635576758583612,-1.0990406724115052,0.1563364553656852,0.672715600262567,0.7710440929234166,XOM,Exxon Mobil Corporation,,,
2023-05-09,0.623124252042031,0.7038070800718604,0.7034804160397603,0.7125814405308835,0.6699999013636653,-1.078092041467545,-0.0542091769291452,0.6620550439073811,0.7597919418753477,XOM,Exxon Mobil Corporation,,,
2023-05-10,0.5695440789647237,0.643080675695908,0.6940017828449977,0.6470913003410426,0.730639162929776,-0.6758325379862534,-0.8035477466355095,0.6406975509324785,0.7447330966799689,XOM,Exxon Mobil Corporation,,,
2023-05-11,0.4949142450907048,0.5584976941620229,0.5565622589375758,0.5693763872784439,0.5898696020065199,-0.4147072809028231,-1.105033999810538,0.6060678920243092,0.7243162432373847,XOM,Exxon Mobil Corporation,,,
2023-05-12,0.4945320914256019,0.558063841942488,0.5647484110072942,0.562827306639444,0.5820731207986299,-0.9358588504955744,-0.0753348952457813,0.580000344563776,0.7057210207611521,XOM,Exxon Mobil Corporation,,,
2023-05-15,0.502252550844867,0.5272669530011174,0.5182171182557229,0.554095421187496,0.5474223502304164,-0.8096748292413263,0.0391281219639367,0.5623750484705757,0.6895121808826725,XOM,Exxon Mobil Corporation,,,
2023-05-16,0.4038129513279256,0.4166581332116235,0.4699624077679847,0.4423253554221148,0.509306073010773,-0.6860893540112744,-1.457920710443329,0.5246067458196934,0.665903709815813,XOM,Exxon Mobil Corporation,,,
2023-05-17,0.4926015784940509,0.5164229640387074,0.4880581296435878,0.4785633129378456,0.455597163832739,-0.7697121676974108,1.213108751800313,0.5184230445105154,0.6524447048119418,XOM,Exxon Mobil Corporation,,,
2023-05-18,0.5292749549657657,0.5576299897229531,0.5173555737418002,0.5344481792704967,0.5058412272741248,-1.0054243315045617,0.4483856873561123,0.522931047736825,0.6435149155423264,XOM,Exxon Mobil Corporation,,,
2023-05-19,0.5481909244656443,0.5788844463605192,0.5664718287434611,0.6082338438097432,0.593334778200559,-0.8504273571978829,0.1950104464489053,0.5310294036483547,0.6371019755434429,XOM,Exxon Mobil Corporation,,,
2023-05-22,0.4983918434431527,0.5229294236026094,0.566040892132339,0.5671932493654172,0.5617156237303913,-0.905099849759825,-0.7642331013591711,0.52468404140381,0.6267832337128875,XOM,Exxon Mobil Corporation,,,
2023-05-23,0.5535955326743791,0.5849570537048857,0.6168805648701686,0.6051776505915537,0.5682127464798652,-0.7319702899803414,0.7091686657050514,0.533691975527592,0.6223785170124921,XOM,Exxon Mobil Corporation,,,
2023-05-24,0.5995339062951552,0.6365742161320065,0.629375096926146,0.6479646887462842,0.6284187784073743,-0.5092165142762307,0.5696909376177716,0.5519042539184191,0.6225150285082004,XOM,Exxon Mobil Corporation,,,
2023-05-25,0.5250285908236846,0.5528589390371906,0.5397593468953401,0.5597711134212546,0.5660472592016339,-0.7408877673056666,-1.0958454110542994,0.546982976519754,0.6159233595506793,XOM,Exxon Mobil Corporation,,,
2023-05-26,0.4983918434431527,0.5229294236026094,0.5621631200488807,0.5650104445524694,0.5890034731867061,-0.9636758850277184,-0.4434138694550508,0.536649221057361,0.6075299464467389,XOM,Exxon Mobil Corporation,,,
2023-05-30,0.4624907358363352,0.4825897714251531,0.4402343557669724,0.4680849837754929,0.4512658588188861,-1.0131627328805817,-0.5766194372256143,0.5199457172961717,0.5966635119494674,XOM,Exxon Mobil Corporation,,,
2023-05-31,0.3906882021613133,0.4019104670702405,0.3937030630154011,0.4301005825493564,0.4079521477655766,0.4736291445142281,-1.0923648462986153,0.4895116357270924,0.580312788531783,XOM,Exxon Mobil Corporation,,,
2023-06-01,0.4362406005803343,0.4530941082101067,0.5031376239496548,0.4091439242246524,0.3845627041419026,-0.8284141236977541,0.5905111856342237,0.4780461460360739,0.5695545028353319,XOM,Exxon Mobil Corporation,,,
2023-06-02,0.5288889797640106,0.5571964684356991,0.5268338782282401,0.5519122832744706,0.5322626174532354,-0.7642975762020593,1.2580036450049206,0.4925521175687945,0.568125395387149,XOM,Exxon Mobil Corporation,,,
2023-06-05,0.5107455975904187,0.536809716237203,0.5725036264658881,0.5763618290199861,0.6201893980182708,-1.163122877889259,-0.324086833569199,0.4989069141897371,0.5651907961337681,XOM,Exxon Mobil Corporation,,,
2023-06-06,0.5439439234007868,0.5741130647424757,0.5328656759506677,0.5278994317315758,0.4885156767613235,-0.9820488646261096,0.3971766098655655,0.5119521663762401,0.5655154138636569,XOM,Exxon Mobil Corporation,,,
2023-06-07,0.635821626026503,0.6773477205289977,0.6457470723572583,0.6479646887462842,0.6028638475054696,-0.5450695810065496,1.2123450900784192,0.5446489993702984,0.5740922058176932,XOM,Exxon Mobil Corporation,,,
2023-06-08,0.6226959214757275,0.662600054387614,0.6565181866770669,0.6117267312305534,0.688624810334884,-0.8323977977789007,-0.2491071565881331,0.5658982741458451,0.5807061628600602,XOM,Exxon Mobil Corporation,,,
2023-06-09,0.5918134468758897,0.6278991573349907,0.6336834769124042,0.6667385422580417,0.6751976656547228,-0.9772638767930084,-0.4928179523769303,0.5741336133799106,0.5839351623606226,XOM,Exxon Mobil Corporation,,,
2023-06-12,0.5543674830778889,0.5858244272116757,0.5669024366462623,0.5968821262421494,0.5604162652719751,-0.7642975762020593,-0.5865130957260485,0.5709716671340678,0.5834953070451335,XOM,Exxon Mobil Corporation,,,
2023-06-13,0.5551394334813985,0.5866921316507443,0.6220504893703502,0.628317446829285,0.6284187784073743,-0.8304860921135229,-0.059190505845351,0.5687927200740848,0.58316502074757,XOM,Exxon Mobil Corporation,,,
2023-06-14,0.5057266461220502,0.5311709611123707,0.612141248272787,0.5457998968380917,0.6314507249628115,-0.4763168610888308,-0.7576824285301954,0.5548357163325072,0.5784107838910809,XOM,Exxon Mobil Corporation,,,
2023-06-15,0.5339066573868275,0.5628352235605308,0.5656099555212163,0.5916431282110111,0.5469891205918134,-0.5225183225586798,0.327057170001898,0.5513956273497194,0.5766288440952,XOM,Exxon Mobil Corporation,,,
2023-06-16,0.5045687205167854,0.5298694044537654,0.554407904590285,0.5706861367862281,0.5842389385342509,2.5573654250973963,-0.4803941714325619,0.5414991278526329,0.5723644318596026,XOM,Exxon Mobil Corporation,,,
2023-06-20,0.411534047669967,0.4253335229409197,0.468238990031816,0.4466916312481674,0.5114718907463952,-0.3748476454127304,-1.3809633963829482,0.5108753286972342,0.5601017213966951,XOM,Exxon Mobil Corporation,,,
2023-06-21,0.4559272466381728,0.4752159383544622,0.4622071923093884,0.4558602109027345,0.4170479874318847,-0.8588869409506624,0.5703207627914666,0.498978464202279,0.5529553230350167,XOM,Exxon Mobil Corporation,,,
2023-06-22,0.4339237939856407,0.4504916567574575,0.4303247859610858,0.4698314274858981,0.4317744905704627,-0.9539456466111248,-0.3837665715667012,0.4845684912610664,0.5444752470267145,XOM,Exxon Mobil Corporation,,,
2023-06-23,0.3991806119840886,0.4114532303063261,0.3842244298206378,0.4248615845182205,0.4209460628071353,-0.3268260569920128,-0.5682043778217005,0.4650965933273615,0.5336344013275294,XOM,Exxon Mobil Corporation,,,
2023-06-26,0.4721417081871518,0.4934337603875631,0.4742711164625657,0.4501841855688995,0.4040537419329364,-0.7446768366184813,0.9856275465129942,0.4686880514006703,0.5303556643251537,XOM,Exxon Mobil Corporation,,,
2023-06-27,0.4821789742011111,0.5047116015695073,0.4613456477954663,0.4969004722469822,0.48418437174747,-0.8655492924312006,0.0726456345586495,0.4738847855892492,0.528279734779917,XOM,Exxon Mobil Corporation,,,
2023-06-28,0.5149913248097246,0.5415810978552458,0.5134778016583413,0.4938442790287934,0.4954456986920107,-0.8819647770069596,0.3950135422528401,0.485965234639279,0.5293501702498625,XOM,Exxon Mobil Corporation,,,
2023-06-29,0.5651760625725832,0.59796964190041,0.5526848155624396,0.5781082727303907,0.5539194729798903,-1.0788246711836178,0.6354452512617694,0.507540877497792,0.5348468521613977,XOM,Exxon Mobil Corporation,,,
2023-06-30,0.5864088386671549,0.6218265499906235,0.6022316784669004,0.6514572430670169,0.6258200614905411,-0.8292383321283362,0.2248687859668088,0.529017739264872,0.5417577185932989,XOM,Exxon Mobil Corporation,,,
2023-07-03,0.5945152732881757,0.6309354610071742,0.6272207425788545,0.6628089606346106,0.6331833130598296,-1.5329864111129508,0.0420394215351484,0.5471470064045807,0.5487710233531979,XOM,Exxon Mobil Corporation,,,
2023-07-05,0.5732834525777661,0.6070788838492405,0.6039550962030698,0.6204586166825009,0.6392472061707016,-0.949836051797528,-0.3626442404834405,0.5554490653943653,0.5532329581936961,XOM,Exxon Mobil Corporation,,,
2023-07-06,0.4192541886278444,0.4340085817379361,0.5091694216720823,0.4602261536287089,0.5292303404404092,-0.323643696662821,-2.2043486557731824,0.5232630669363337,0.5434053517311755,XOM,Exxon Mobil Corporation,,,
2023-07-07,0.4285195042382935,0.4444190494130909,0.4350641025584674,0.4222417524025736,0.3919259557111921,0.1305638326237664,0.0634318467055917,0.5014341961020065,0.5353063223238348,XOM,Exxon Mobil Corporation,,,
2023-07-10,0.4875826270256825,0.5107842089138745,0.4673774455178933,0.4741973702118718,0.4374054845001227,-0.6766567464168355,0.7782634187817646,0.4997919824860521,0.5332674081579831,XOM,Exxon Mobil Corporation,,,
2023-07-11,0.5369960513078066,0.5663053794522493,0.5281266880616089,0.564137056147229,0.536593922467089,-0.9400714713629936,0.6293142309917753,0.5108832745594759,0.5358678838223996,XOM,Exxon Mobil Corporation,,,
2023-07-12,0.5570696279515625,0.588860730883858,0.5923224373693379,0.6217683661902846,0.6119596871717777,-0.8643244271246412,0.2106938483491597,0.5242077866235407,0.5400413474055328,XOM,Exxon Mobil Corporation,,,
2023-07-13,0.4817929989993553,0.504277749349973,0.5311425869228223,0.4990836101600083,0.5673466176600513,0.6912087228485738,-1.117173085651459,0.5154283306942019,0.5370501101310952,XOM,Exxon Mobil Corporation,,,
2023-07-14,0.3428189971475974,0.3481243744777249,0.4372184569057576,0.3772719094348947,0.48418437174747,0.8463316178877025,-2.039384026251164,0.4741857481584245,0.5218039459293515,XOM,Exxon Mobil Corporation,,,
2023-07-17,0.3598047721773121,0.3672095700176158,0.3346772382078542,0.3637373870543526,0.3399496346301762,-0.3133525386198591,0.1793592432025852,0.4474898037679879,0.5094748627680851,XOM,Exxon Mobil Corporation,,,
2023-07-18,0.3420470467440866,0.3472566700386563,0.3575119479725169,0.3689763850854898,0.3486122446578826,0.4383369974102776,-0.3294314537247536,0.4230393403393638,0.4966659570646412,XOM,Exxon Mobil Corporation,,,
2023-07-19,0.3690697693263735,0.3776200376927725,0.3661290366533568,0.3890603212051093,0.3542432385875413,-0.598940759816537,0.326747650693381,0.4114405464934907,0.4874572751986918,XOM,Exxon Mobil Corporation,,,
2023-07-20,0.43817047658911,0.4552630383755009,0.4204155448635226,0.4571699604105195,0.4187805755289039,-0.5779119974973813,0.9374508347470788,0.4199741106718724,0.4853143552329086,XOM,Exxon Mobil Corporation,,,
2023-07-21,0.4567001524258453,0.4760833118612511,0.4514360779895797,0.4964641111444403,0.4889489063999259,-0.419789899558079,0.1955228796916017,0.4309953015658564,0.4850364766282781,XOM,Exxon Mobil Corporation,,,
2023-07-24,0.519623345692174,0.5467860007605432,0.5281266880616089,0.5270260433263342,0.4976115164276317,-0.6522395716608425,0.8273480244689748,0.4549532767875346,0.4904556391166335,XOM,Exxon Mobil Corporation,,,
2023-07-25,0.5258008596885818,0.5537263125439801,0.5251104604920726,0.5523489774770914,0.527930981981993,-0.7638282352902002,0.0167937850316036,0.4744623357153902,0.4959389800712891,XOM,Exxon Mobil Corporation,,,
2023-07-26,0.5030245012483773,0.5281343265079068,0.5091694216720823,0.5567149202030651,0.5300967997176139,-0.6443752495523721,-0.3892264376076601,0.4834140544586857,0.4988708169720425,XOM,Exxon Mobil Corporation,,,
2023-07-27,0.5157635936746225,0.5424484713620359,0.5638865377850476,0.5610808629290382,0.5686459761184682,-0.356096903616989,0.1096483348738638,0.4933047783351555,0.5026844013011,XOM,Exxon Mobil Corporation,,,
2023-07-28,0.4671233936415603,0.4877950052627308,0.4850422307823743,0.4554235167001143,0.5300967997176139,-0.368860686951697,-0.7534795780943571,0.4885926992591163,0.5017669591418176,XOM,Exxon Mobil Corporation,,,
2023-07-31,0.5860219080812363,0.621392697771088,0.6013701339529783,0.5807281048460375,0.5335619759116517,0.3901665935784826,1.6211610984980973,0.5147101110154667,0.5116502113734187,XOM,Exxon Mobil Corporation,,,
2023-08-01,0.562088260958542,0.5944998169409719,0.578104487577193,0.5955723767343646,0.6097938694361568,-0.7568110162909392,-0.4005692635630624,0.5283294842823316,0.5184776517712851,XOM,Exxon Mobil Corporation,,,
2023-08-02,0.5107455975904187,0.536809716237203,0.5376049925480487,0.5536587269848757,0.5799076335203985,-0.8361754197524016,-0.7833367087925118,0.5257399392248907,0.5200564837557095,XOM,Exxon Mobil Corporation,,,
2023-08-03,0.5813908425829497,0.6161877948657919,0.6022316784669004,0.5855307417746322,0.5638814414660129,-0.5160734705251008,0.924069408610598,0.541415624082195,0.5278596163161522,XOM,Exxon Mobil Corporation,,,
2023-08-04,0.5929707355583799,0.6292003830613156,0.6608265666633252,0.6741606782022044,0.6535408101280681,-0.7451118355123996,0.0902132864218379,0.556060235929974,0.5359971631662691,XOM,Exxon Mobil Corporation,,,
2023-08-07,0.584478007274217,0.61965761982523,0.625497324842687,0.6383594148890956,0.6509420932112344,-0.9590397126056942,-0.1870633964867048,0.564925738269809,0.5426294143262476,XOM,Exxon Mobil Corporation,,,
2023-08-08,0.6049388329652783,0.642647154408654,0.5966308173555968,0.5654468056550127,0.5703785642154874,-0.7696091416435881,0.2128256308435044,0.5766774820234815,0.5505030342674868,XOM,Exxon Mobil Corporation,,,
2023-08-09,0.675582485650872,0.7220249021049625,0.711666239401156,0.7169473832568578,0.6860260934180502,-0.0994818982231326,0.901534003267478,0.6031087363921238,0.5640285578065467,XOM,Exxon Mobil Corporation,,,
2023-08-10,0.6972009184858106,0.7463156624147115,0.7637983932640298,0.7662835020505868,0.7501305311781995,-0.566808078363151,0.2223879228948472,0.6283234836846011,0.5782731335525748,XOM,Exxon Mobil Corporation,,,
2023-08-11,0.7632131872117314,0.8204885072057209,0.7827556596535569,0.7929161857091285,0.7579270123860921,-0.771738346755925,0.8181426073752998,0.6636969943803469,0.5971729707751207,XOM,Exxon Mobil Corporation,,,
2023-08-14,0.7666872824889147,0.8243921843846951,0.7788782162784207,0.8247878673988078,0.814667868119562,-0.8946369816271585,-0.023913624191878,0.6910935136313561,0.6146677894527385,XOM,Exxon Mobil Corporation,,,
2023-08-15,0.6557652704241229,0.6612988286612904,0.7306235057906818,0.7021031113685309,0.7743861036216886,-0.6729935978364708,-1.538198346152153,0.6839786497056345,0.6205738665726749,XOM,Exxon Mobil Corporation,,,
2023-08-16,0.5849305409059771,0.5823542713199567,0.6647043387467841,0.628317446829285,0.6674011844468315,-0.8120215338006224,-1.032274081070213,0.6609774035682513,0.6195581170522879,XOM,Exxon Mobil Corporation,,,
2023-08-17,0.6651060613834305,0.6717089654041655,0.700033580567424,0.6780899267255585,0.6301513665043947,-0.4669529375302737,1.0379435807726092,0.6637210175651861,0.6258615804290817,XOM,Exxon Mobil Corporation,,,
2023-08-18,0.7289349588360554,0.7428455065229924,0.7021876062063928,0.6868221452775842,0.6396804358093047,-0.5225297698979935,0.7953016228400204,0.6816966788862701,0.6373454195701985,XOM,Exxon Mobil Corporation,,,
2023-08-21,0.6771712895135423,0.6851554058192241,0.7357937589991862,0.7095252473126941,0.757493782747489,-1.1099614341167172,-0.7611662688863807,0.6822693574233457,0.6431193926289112,XOM,Exxon Mobil Corporation,,,
2023-08-22,0.6534299930689499,0.6586960462763614,0.6815072507890203,0.7012297229632898,0.7059503608476865,-1.1756233724197531,-0.3908463989484083,0.6767781500930564,0.6462284628195198,XOM,Exxon Mobil Corporation,,,
2023-08-23,0.6164559890473527,0.6174890205921156,0.5772429430632697,0.6038679010837694,0.613692275268797,-1.0706741655923064,-0.5725322519570735,0.6634389934740141,0.6457221224335014,XOM,Exxon Mobil Corporation,,,
2023-08-24,0.5853197007216081,0.5827881235394915,0.5974923618695195,0.6191488671747166,0.5868376554510851,-1.1413156964967757,-0.4969314340409161,0.645669711900731,0.6424552459755516,XOM,Exxon Mobil Corporation,,,
2023-08-25,0.6592680272261908,0.6652025058402634,0.6474704900934264,0.6431620518176903,0.6305845961429964,-0.8252775527258169,0.9517989732728868,0.6507843323828201,0.6461509226560751,XOM,Exxon Mobil Corporation,,,
2023-08-28,0.6946857104466511,0.7046747845109302,0.6952942639700425,0.7226234085906929,0.6747644360161211,-1.1912718852614983,0.410836094395866,0.6634529262603327,0.6527031127040493,XOM,Exxon Mobil Corporation,,,
2023-08-29,0.7199833276923799,0.7328688910673725,0.6944323907477971,0.7217500201854524,0.7271743171931284,-1.2733607554796071,0.27059978648536,0.6792632105069444,0.6609399291949554,XOM,Exxon Mobil Corporation,,,
2023-08-30,0.7616278864243246,0.7792811505891948,0.7426871012355358,0.7898599924909396,0.7609589589415269,-1.0149828598314503,0.4873312179482689,0.7015064397263681,0.6721817071180639,XOM,Exxon Mobil Corporation,,,
2023-08-31,0.7736937514772114,0.7927279219365337,0.7547506966803905,0.8178024256572661,0.7904122956760742,-0.3787740827973088,0.0899648543405058,0.7211979038493819,0.6834890998245575,XOM,Exxon Mobil Corporation,,,
2023-09-01,0.8643772238994775,0.8937936475576622,0.8581534598922171,0.8867851201678391,0.837190852466032,-0.6805602891227865,1.1284861113780469,0.758581573047679,0.7019425869809857,XOM,Exxon Mobil Corporation,,,
2023-09-05,0.8647663837151084,0.8942274997771972,0.9447533110618084,0.943543374905732,0.9194869695587976,-0.2844251121742921,-0.0648994542533436,0.7867163754525969,0.7187535625366134,XOM,Exxon Mobil Corporation,,,
2023-09-06,0.902908504106374,0.9367360821200482,0.8913283473655658,0.9317552962355948,0.8926326801984753,-0.8543308999038339,0.4237391028500342,0.8173295387349965,0.7374743272523203,XOM,Exxon Mobil Corporation,,,
2023-09-07,0.8811130067399371,0.9124453218102992,0.9456148555757315,0.95227526035768,0.943309642821074,-0.8631453511753363,-0.3496230475032886,0.8348539474946752,0.7525285987436637,XOM,Exxon Mobil Corporation,,,
2023-09-08,0.9457205422852116,0.9844495673681952,0.9542319442565717,0.9793446382188418,0.9381118785300162,-0.7446997312971085,0.7632004855215624,0.8641093853196062,0.7720379029758206,XOM,Exxon Mobil Corporation,,,
2023-09-11,0.8892866367137375,0.9215545637591296,0.9813750340074936,0.9465995681239212,1.009579567859455,-0.7332066026262145,-0.7872229479148178,0.8719772107408273,0.7846867869961907,XOM,Exxon Mobil Corporation,,,
2023-09-12,1.018890230697144,1.0659962452298968,1.024028554675606,1.0208215937657097,0.973195878736832,-0.0735880166956801,1.5982734142939314,0.9101992339844824,0.8078679989516941,XOM,Exxon Mobil Corporation,,,
2023-09-13,0.9780246285192368,1.0204516901471432,1.0365230867315822,1.048327665829493,1.0628555778562776,-0.8374689690948429,-0.581035481147389,0.9286744952339469,0.8252582787631954,XOM,Exxon Mobil Corporation,,,
2023-09-14,1.0589784686279522,1.1106734268058616,1.06668240405204,1.110761612801144,1.068919470967149,-0.6385256591631023,0.9516680412425642,0.9627195907834076,0.8483646523594544,XOM,Exxon Mobil Corporation,,,
2023-09-15,0.9881431021870304,1.0317292003968088,1.060219669718491,1.0745236552854138,1.08407920374433,1.577415943153288,-0.9481626401897346,0.970588155413612,0.8629854785883285,XOM,Exxon Mobil Corporation,,,
2023-09-18,1.0247279463929968,1.0725027047937994,1.0485866821764356,1.083255540737362,1.068053011689945,-0.7719329515242569,0.390720653046163,0.985613279501398,0.8795748284877299,XOM,Exxon Mobil Corporation,,,
2023-09-19,1.0126627182628851,1.0590562643787402,1.0744372908023123,1.0793262922140083,1.115265128575896,-0.9416283095096486,-0.2206420389864117,0.9938732391975904,0.8935685184854576,XOM,Exxon Mobil Corporation,,,
2023-09-20,0.9764676707953248,1.0187166122012845,1.0391080489816729,1.0666648251386297,1.0251725302752377,-1.0198136370218065,-0.5232390455832479,0.9910417176995976,0.9030275007074188,XOM,Exxon Mobil Corporation,,,
2023-09-21,0.9126378179585368,0.947580071082458,1.0111034147168294,0.9915694110915996,1.0442306688850589,-0.7312605549428958,-0.875720688633077,0.9729998874945232,0.905873071448621,XOM,Exxon Mobil Corporation,,,
2023-09-22,0.9196442869468336,0.9553877563726834,0.9813750340074936,1.0007379907461684,0.9892220707912172,-0.8690063889039197,0.0197764024431105,0.9612158210492264,0.9090915040006776,XOM,Exxon Mobil Corporation,,,
2023-09-25,0.969850998545435,1.0113427791305931,0.9800825528824484,1.001611379151409,0.9623674509735048,-1.0843651834114194,0.5719201894027358,0.9648985572248108,0.9165428912129272,XOM,Exxon Mobil Corporation,,,
2023-09-26,0.9768561936881808,1.0191504644208194,0.9835293883547844,1.0251878695917624,0.9801262311249088,-1.0283419048104676,0.0186256535681117,0.9694075978874088,0.9239483148256886,XOM,Exxon Mobil Corporation,,,
2023-09-27,1.1243640053431017,1.1835450458705483,1.1459576476658364,1.113817806019334,1.0836459741057276,0.3648908683739666,1.7920324241572212,1.0095755706216665,0.9439765974139795,XOM,Exxon Mobil Corporation,,,
2023-09-28,1.0959521541881618,1.151880783422388,1.1545744076383548,1.148309319824659,1.1741718020449874,-0.4556658609670252,-0.4172672158033315,1.032616069026124,0.9596231357139487,XOM,Exxon Mobil Corporation,,,
2023-09-29,1.022393305960599,1.06990025334115,1.0890861772055798,1.084565623345224,1.1360555248253452,-0.2260894710319853,-0.9746768358355288,1.0315519910930098,0.9672168039178348,XOM,Exxon Mobil Corporation,,,
2023-10-02,0.946498543455086,0.9853169408749842,1.0291988078841097,0.9893866062786512,1.068053011689945,-0.7319016059444596,-1.0184122179479531,1.011826939611347,0.9672791261645728,XOM,Exxon Mobil Corporation,,,
2023-10-03,0.9542836505360316,0.9939923306042804,0.9710348562988071,1.0103432646033572,0.9775275142080746,-0.8575819442689075,0.0289963300005395,0.9989746376404004,0.9680375177994732,XOM,Exxon Mobil Corporation,,,
2023-10-04,0.7857589796073232,0.806174362351593,0.8697861187259485,0.81256309452605,0.9173214822805656,-0.1335262853418964,-2.207850138931189,0.9473079356545504,0.953536464900296,XOM,Exxon Mobil Corporation,,,
2023-10-05,0.688069038196761,0.6973006205079578,0.7323469235268499,0.7339747930582102,0.7332382103039999,-0.0755340643789988,-1.3573640239982672,0.8841955318506161,0.9315481002359216,XOM,Exxon Mobil Corporation,,,
2023-10-06,0.6172346271400028,0.6183563940989056,0.6190345905091367,0.5772352174252279,0.5569514195353263,0.5241577002446328,-1.024941216316007,0.8191962102239722,0.9051737959807687,XOM,Exxon Mobil Corporation,,,
2023-10-09,0.7631851626096238,0.7810162285350553,0.7827556596535569,0.7697760563713195,0.7609589589415269,0.1810122569789756,1.9312156144662949,0.8068445503777192,0.89435286507897,XOM,Exxon Mobil Corporation,,,
2023-10-10,0.7448921035838655,0.7606294763365596,0.7560431778054358,0.7959723789273191,0.7860806602048305,-0.7894817226920662,-0.3122763076651509,0.7930187963466655,0.8828667529115447,XOM,Exxon Mobil Corporation,,,
2023-10-11,0.5907685750632169,0.588860730883858,0.571641753243644,0.5650104445524694,0.6102270990747586,4.252727824786717,-2.120395374240519,0.7442134299807491,0.8585324250635982,XOM,Exxon Mobil Corporation,,,
2023-10-12,0.5899902554319555,0.5879933573770693,0.6005082607307329,0.6200219224798801,0.637514618073683,1.189877718029337,-0.0806766360155628,0.7074153041939224,0.836340152556805,XOM,Exxon Mobil Corporation,,,
2023-10-13,0.7223189235089406,0.7354716734523016,0.7021876062063928,0.6964270860346945,0.6565727566835041,1.0861075871511952,1.756372874521302,0.7128174558331061,0.8280932189526508,XOM,Exxon Mobil Corporation,,,
2023-10-16,0.7254318835726017,0.7389414984117397,0.7228682903320868,0.7527486465699665,0.7635576758583612,-0.2674830499901057,-0.028303392894529,0.7176453941926536,0.8208766030052653,XOM,Exxon Mobil Corporation,,,
2023-10-17,0.7814775847126069,0.8014029807335502,0.7711230008198249,0.7767618312129401,0.7302062637485646,-0.1159889615134007,0.6790856757628807,0.7352432886617964,0.8193678981287248,XOM,Exxon Mobil Corporation,,,
2023-10-18,0.842192248256022,0.8690693659606593,0.8396271301138134,0.864955073437892,0.8207317612304342,0.296676173403989,0.7309941884062954,0.7635830180292748,0.8234690548883556,XOM,Exxon Mobil Corporation,,,
2023-10-19,0.8449173223496013,0.8721056696328423,0.864616194225767,0.8488010520417801,0.8597141672698908,0.0210471374101774,-0.0344848891606938,0.785517406856448,0.8274430123166928,XOM,Exxon Mobil Corporation,,,
2023-10-20,0.7694120381211081,0.7879565403184909,0.8366112312526,0.8252245616014287,0.8683767772975972,0.1896435508214598,-1.0516164342584586,0.783138335370597,0.8242497952500497,XOM,Exxon Mobil Corporation,,,
2023-10-23,0.7059719820227256,0.7172535204869197,0.7349318857769408,0.7331017377530461,0.7691883393306304,-0.2980474459575231,-0.9091560656239256,0.7655330520196219,0.8156285021897007,XOM,Exxon Mobil Corporation,,,
2023-10-24,0.6647169015677996,0.6712751131846305,0.6858156307752793,0.7086521920075312,0.7289065748327581,-0.4581842756160258,-0.623808858935751,0.7420407033975192,0.8040723069587624,XOM,Exxon Mobil Corporation,,,
2023-10-25,0.6725010532645825,0.6799501719816464,0.6720286175942571,0.7090885531100726,0.6777963825715566,0.1440831403531746,0.0355916939129671,0.7263626903130419,0.7942683238610461,XOM,Exxon Mobil Corporation,,,
2023-10-26,0.6339700915190742,0.6370080683515414,0.6220504893703502,0.6379227206864742,0.6314507249628115,-0.231275115741064,-0.5913328785923067,0.7049951479341782,0.7818825028537161,XOM,Exxon Mobil Corporation,,,
2023-10-27,0.5541840493186388,0.5480875574191473,0.6875390485114473,0.5706861367862281,0.6938225746259415,0.2636734941627663,-1.1595249931746636,0.669072072475653,0.7634309003888451,XOM,Exxon Mobil Corporation,,,
2023-10-30,0.567027278618625,0.5624013713409953,0.5393284102842181,0.5816011601512016,0.5573843187165378,-0.1612631884988449,0.108861611324101,0.6453326708443946,0.7478143810892878,XOM,Exxon Mobil Corporation,,,
2023-10-31,0.565859799171732,0.5611001456146716,0.5281266880616089,0.5523489774770914,0.5504542967858512,0.1598690212666835,-0.0861393567914793,0.6272369681023667,0.7335123109403391,XOM,Exxon Mobil Corporation,,,
2023-11-01,0.5576858507365428,0.5519912345981208,0.571641753243644,0.5925161835161751,0.5916021901035399,0.9382537525762276,-0.1834088327691385,0.6116267333187504,0.7197736445046157,XOM,Exxon Mobil Corporation,,,
2023-11-02,0.6927395929071077,0.7025058543455361,0.6586725410243571,0.5942626272265802,0.5634482118274099,0.5064372189871189,1.808627368197216,0.6335993950119058,0.7194574404301054,XOM,Exxon Mobil Corporation,,,
2023-11-03,0.6409759235845947,0.6448157536417678,0.6410077557598767,0.6396691643968794,0.6725989487378892,1.1180571111755628,-0.7670579077311398,0.6371698238280356,0.7145041014746099,XOM,Exxon Mobil Corporation,,,
2023-11-06,0.566638118802994,0.5619678500537421,0.6190345905091367,0.6060507058967172,0.6626366497943769,-0.1936133693991901,-1.0834263375011106,0.6213089338524864,0.7033003948447439,XOM,Exxon Mobil Corporation,,,
2023-11-07,0.5020309017191066,0.4899636044958446,0.4721167621152749,0.497773860652224,0.502376051080087,-0.0590842377852989,-0.9666547681987973,0.593301214535053,0.6872916328285397,XOM,Exxon Mobil Corporation,,,
2023-11-08,0.4522133499361355,0.4344424339574704,0.473840179851443,0.4803097566482507,0.4703239974287072,-0.183677078874951,-0.7723953667387172,0.5598716895436155,0.6682477515168476,XOM,Exxon Mobil Corporation,,,
2023-11-09,0.453380510921641,0.4357436596837947,0.433771621433422,0.4790000071404665,0.4677249500544839,-0.2756678975993579,-0.0532744597685978,0.535090617899224,0.6510403378591456,XOM,Exxon Mobil Corporation,,,
2023-11-10,0.4841273209703675,0.4700107045168839,0.4527288878229485,0.4811831450534924,0.478986607456413,-0.3392006307900571,0.3688759634358974,0.5241725983493364,0.638168694703868,XOM,Exxon Mobil Corporation,,,
2023-11-13,0.5265505177949611,0.5172903375454968,0.4841803575601289,0.520476962687335,0.48418437174747,-0.6273416086536766,0.5309089912285285,0.5265637801531757,0.6302911488446188,XOM,Exxon Mobil Corporation,,,
2023-11-14,0.5422608549673907,0.4934337603875631,0.4703933443791068,0.5230967948029819,0.4950127995107974,-0.2894047047757253,0.150257555779235,0.5322750843224346,0.6245458440390346,XOM,Exxon Mobil Corporation,,,
2023-11-15,0.5175167236132883,0.4661070273379109,0.4846112941712516,0.5069424403067924,0.4802859659148298,-0.0745266985193985,-0.4154176952540326,0.5303877545272425,0.6170924497736716,XOM,Exxon Mobil Corporation,,,
2023-11-16,0.470386030557386,0.4140556817589748,0.4036123041129643,0.4043412872960572,0.4343735379446866,0.192368017578106,-0.7319812137352345,0.5172185831511096,0.6060683639476675,XOM,Exxon Mobil Corporation,,,
2023-11-17,0.56857595634646,0.5224955713830746,0.4966748896161057,0.4741973702118718,0.4413035598753738,0.2514133937578585,1.3254898260383223,0.5318287703907791,0.6048971247039955,XOM,Exxon Mobil Corporation,,,
2023-11-20,0.5505086864445001,0.5025426714041138,0.5160627639084315,0.5475463405484968,0.5417913563007551,-0.3811780240531731,-0.320584194709883,0.538280710028417,0.6022038117094295,XOM,Exxon Mobil Corporation,,,
2023-11-21,0.5489380348809222,0.5008075934582545,0.4652230911706031,0.4947176674340345,0.4911143936781573,-0.6639044104214411,-0.0918223976047737,0.5427279682782862,0.5996137697452507,XOM,Exxon Mobil Corporation,,,
2023-11-22,0.531263746331245,0.4812885456988294,0.4402343557669724,0.4388328011013822,0.4205131636259225,-0.3109829393819358,-0.3163059887857214,0.541655714712563,0.5956660587025666,XOM,Exxon Mobil Corporation,,,
2023-11-24,0.5532582820649241,0.5055789750762975,0.4983983073522738,0.5248432385133864,0.4828846828316636,-1.294446754495331,0.2379805250122174,0.54633662536508,0.5940597769524526,XOM,Exxon Mobil Corporation,,,
2023-11-27,0.5292994764926099,0.4791196155334346,0.4522979512118258,0.4929712237236294,0.486349859025702,-0.3176796328804148,-0.403557149678838,0.5438723486715105,0.5904399187220779,XOM,Exxon Mobil Corporation,,,
2023-11-28,0.5269434991472431,0.476517164080786,0.4742711164625657,0.5235331559055232,0.4924137521365735,-0.0182172364356059,-0.1029357089150268,0.541436596433795,0.586936775104424,XOM,Exxon Mobil Corporation,,,
2023-11-29,0.4656724835597139,0.4088504479213971,0.4600531666704203,0.4257346398233833,0.4937131105949909,0.6883812300381049,-0.9286219980154172,0.5243297280489511,0.5782292439043271,XOM,Exxon Mobil Corporation,,,
2023-11-30,0.4813828207321442,0.4262008964477085,0.455744786684162,0.4331567757675471,0.4434693776109948,0.9691386740444268,0.1535925389617295,0.5154174945766977,0.5717294069706963,XOM,Exxon Mobil Corporation,,,
2023-12-01,0.4912022591569941,0.4370448854101185,0.4445427357532306,0.4510575739741406,0.4170479874318847,-0.3369340576059564,0.0692318829853879,0.5111821372368436,0.5667055701876617,XOM,Exxon Mobil Corporation,,,
2023-12-04,0.469207723423315,0.4127544560326505,0.4074900761964232,0.4235515019103573,0.4010217953774991,0.0841677663855856,-0.3809037301181115,0.5025205184051421,0.5601558993689393,XOM,Exxon Mobil Corporation,,,
2023-12-05,0.3910487004520609,0.3264363965529049,0.3635437456949433,0.3667935802725421,0.4070856884883718,0.1673212391598628,-1.1810195116504545,0.4765326393190595,0.5471565444664531,XOM,Exxon Mobil Corporation,,,
2023-12-06,0.3388108421234305,0.2687462958491373,0.2937471352759099,0.2816561981657019,0.3087637097986109,1.1866495683428908,-0.8272457132102853,0.4440144070648987,0.5306303258811217,XOM,Exxon Mobil Corporation,,,
2023-12-07,0.3117100965011854,0.2388167804145566,0.2989170597760915,0.2707411748007284,0.3026998166877387,1.0533910913928135,-0.4680973806094946,0.4128672213958033,0.5131636800876462,XOM,Exxon Mobil Corporation,,,
2023-12-08,0.3560924677822133,0.2878318223213079,0.2536785768578889,0.299556996372296,0.2663161275651158,0.1472426060037391,0.5866945854844485,0.400575116755993,0.5012854554379045,XOM,Exxon Mobil Corporation,,,
2023-12-11,0.3588420634026379,0.2908681259934927,0.2566944757191025,0.2921348604281322,0.3001010997709044,0.1675501859461356,-0.0297186747302145,0.3920417453714601,0.4907349128188251,XOM,Exxon Mobil Corporation,,,
2023-12-12,0.2971783849242136,0.2227678885468481,0.2058548029812728,0.2441088242422651,0.2515896244265379,0.6061778864268598,-0.9712533149339682,0.3702637385069144,0.4755852613524245,XOM,Exxon Mobil Corporation,,,
2023-12-13,0.3313486548894978,0.2605047583393766,0.2209342972873404,0.2519676543890492,0.223868875789011,-0.0999626864743055,0.4375155360873566,0.3624517760865883,0.464892895396571,XOM,Exxon Mobil Corporation,,,
2023-12-14,0.4358227792398205,0.375884959746912,0.3549269857224255,0.3419073403244057,0.3022665870491364,0.6155303626461032,1.467931251897013,0.3826470530535457,0.464589665620723,XOM,Exxon Mobil Corporation,,,
2023-12-15,0.4091146965084699,0.3463892965318663,0.305810730720764,0.3676666355777062,0.3343186407005162,3.976618000541733,-0.4527870999829278,0.3911329234198797,0.4619065853736021,XOM,Exxon Mobil Corporation,,,
2023-12-18,0.4385717379374688,0.3789212634190962,0.3967189618766146,0.4204953086921678,0.4010217953774991,0.0940697148918837,0.3551645139878788,0.4048434618100414,0.4621226243422229,XOM,Exxon Mobil Corporation,,,
2023-12-19,0.4912022591569941,0.4370448854101185,0.4001657973489502,0.432283720462383,0.39539113190523,-0.2156609449172597,0.6839823651048746,0.4282516126618512,0.4670630405254131,XOM,Exxon Mobil Corporation,,,
2023-12-20,0.4236470450082161,0.3624381883995736,0.432479140308376,0.4034678988908148,0.4603616984851943,0.0229245010576143,-1.0250575158937494,0.4289604885837195,0.4654650268311223,XOM,Exxon Mobil Corporation,,,
2023-12-21,0.4417143149101754,0.3823914193108147,0.3493261246111218,0.3894966823076531,0.3724349179201583,-0.1760302562134398,0.1898434768821789,0.4339978463172353,0.4656408371548129,XOM,Exxon Mobil Corporation,,,
2023-12-22,0.4487841577146014,0.390199104601041,0.3893946830291415,0.4335934699701673,0.4088182765853916,-0.8998569683541782,0.0312572752956951,0.4395389752863834,0.4664379271795668,XOM,Exxon Mobil Corporation,,,
2023-12-26,0.4578173149734996,0.4001753891243813,0.3932721264042783,0.4466916312481674,0.4274431855566091,-0.4525750793523425,0.059130772814836,0.4459475532802034,0.4679767864394097,XOM,Exxon Mobil Corporation,,,
2023-12-27,0.438965037751139,0.3793551156386311,0.3725917709869059,0.4126364785453838,0.3971237200022492,-0.7131508641487181,-0.3386954591763192,0.4460525171636713,0.4676764402599057,XOM,Exxon Mobil Corporation,,,
2023-12-28,0.381228943565824,0.315592407590495,0.3320922759577628,0.3598078054309209,0.3689697417261199,-0.5104757216007311,-0.8969106037493646,0.4317327412042217,0.4621991743233686,XOM,Exxon Mobil Corporation,,,
2023-12-29,0.3729811120887146,0.3064834965739449,0.2881459454562829,0.3375413975984326,0.3247899018529965,-0.3482554761871459,-0.1898066466060285,0.4189360262068545,0.4564763974919197,XOM,Exxon Mobil Corporation,,,
2024-01-02,0.466458127802891,0.4097181523604669,0.3962880252654918,0.3912431260180576,0.3486122446578826,0.3084325908790967,,0.4737928335287346,0.4919329134941774,XOM,Exxon Mobil Corporation,,,
2024-01-03,0.50023573487728,0.4470215008657396,0.4186921271273551,0.426608028228625,0.4070856884883718,0.3093254833455606,0.4105628200135717,0.4822164521372294,0.4949775640609543,XOM,Exxon Mobil Corporation,,,
2024-01-04,0.4648871577779261,0.4079830744146077,0.4596222300592982,0.4436354380299768,0.4854837302058869,-0.1595117455838581,-0.5685945110044125,0.4797187715873483,0.4945591733347957,XOM,Exxon Mobil Corporation,,,
2024-01-05,0.4770622550867541,0.4214295148296657,0.4092134939325913,0.4471279923507088,0.4460680945278291,-0.5679299176158876,0.1033263949776253,0.480881794237411,0.495276258715803,XOM,Exxon Mobil Corporation,,,
2024-01-08,0.4099003407516464,0.3472566700386563,0.3075341484569321,0.3061060770112958,0.3403828642687785,0.2955085447939977,-1.0228278608558072,0.4650049069663575,0.4898743046955691,XOM,Exxon Mobil Corporation,,,
2024-01-09,0.3608056963184973,0.2930367252266065,0.3183052627767407,0.3187675440866738,0.364638436712267,-0.1479041435198276,-0.7782924820075927,0.4408537880465814,0.4805381376290686,XOM,Exxon Mobil Corporation,,,
2024-01-10,0.3223145422464367,0.2505284738160352,0.254109513469011,0.2737977011189962,0.3001010997709044,-0.2956320573623452,-0.6322663891870658,0.4131413437161824,0.4685811921123599,XOM,Exxon Mobil Corporation,,,
2024-01-11,0.3215292164646484,0.2496607693769666,0.2411840448019122,0.2912614720228917,0.2671825868423205,-0.5672430772570692,-0.0815238242608423,0.3921611622292035,0.4576404538398835,XOM,Exxon Mobil Corporation,,,
2024-01-12,0.371802486493256,0.3051819399153408,0.2907312364146964,0.3178941556814333,0.314827602909483,-0.3144514831939685,0.6719651141008035,0.3889634107780227,0.4522258670281525,XOM,Exxon Mobil Corporation,,,
2024-01-16,0.283038699315363,0.2071525179663953,0.2631572100526528,0.2462916290552129,0.3009672285907195,-0.0632968586527182,-1.3630827218922237,0.3644287662238148,0.4393025129908361,XOM,Exxon Mobil Corporation,,,
2024-01-17,0.2551529463727159,0.1763556290250252,0.1748339411468924,0.2048146735083443,0.1614970261258803,-0.2752672407233805,-0.485585838185789,0.3390735025099057,0.4250404395074224,XOM,Exxon Mobil Corporation,,,
2024-01-18,0.2480834220296776,0.1685479437347982,0.1373503449789622,0.1716329092108036,0.1788225766386822,0.0173610941511855,-0.1760825371766354,0.3182940234748635,0.4114376844066197,XOM,Exxon Mobil Corporation,,,
2024-01-19,0.2539743207772574,0.1750540723664211,0.1343344461177487,0.1973925375641817,0.166694790416938,-0.0801587894617091,0.0186768364321923,0.3041785142506238,0.3996025380429902,XOM,Exxon Mobil Corporation,,,
2024-01-22,0.2488687478114665,0.1694153172415883,0.1377812815900849,0.1694497712977776,0.1658283311397339,-0.0953265140522815,-0.1466184210321307,0.2923186305195808,0.3883831072416937,XOM,Exxon Mobil Corporation,,,
2024-01-23,0.2916798306061408,0.2166952812024815,0.1980995875226777,0.2113637541473446,0.1705928657921891,-0.5638088754629774,0.5739145231894429,0.2941001470161514,0.3820425359319664,XOM,Exxon Mobil Corporation,,,
2024-01-24,0.3580561006980732,0.2900004215544223,0.247646779135462,0.2554602087097806,0.2359966620107552,-0.3958535130532589,0.9172065747804262,0.3119895109886011,0.382261413508744,XOM,Exxon Mobil Corporation,,,
2024-01-25,0.4574246520826046,0.3997415369048457,0.3566504034585936,0.3375413975984326,0.3221908544787726,0.1489139175435305,1.3827904815750862,0.3501875309372762,0.3914172892009272,XOM,Exxon Mobil Corporation,,,
2024-01-26,0.4915942851251129,0.437478737629654,0.3954264807515685,0.4060877310064617,0.3940917734468131,0.0032694194560953,0.4172341998529124,0.3873574297880682,0.4028207996145724,XOM,Exxon Mobil Corporation,,,
2024-01-29,0.4967001765522918,0.4431174927544856,0.4005964052517514,0.4353399136805725,0.437838714138725,-0.2828797213669508,0.0022451745472899,0.4165081851584254,0.4136478628032187,XOM,Exxon Mobil Corporation,,,
2024-01-30,0.564255072239683,0.5177241897650318,0.472978306629197,0.4458182428429251,0.4131499120566342,-0.1348198346843377,0.883882968537419,0.4552184094837841,0.4295799199482065,XOM,Exxon Mobil Corporation,,,
2024-01-31,0.4841320978911806,0.4292372001198933,0.472978306629197,0.4750704255170353,0.5140706076632283,0.1862093490273679,-1.1826497498958792,0.4642696333287484,0.4368414726403015,XOM,Exxon Mobil Corporation,,,
2024-02-01,0.4676364349369626,0.4110193780867912,0.4354950391695907,0.4248615845182205,0.4633936450406303,-0.1771978848234311,-0.3035669779375018,0.4669442851569135,0.4419559958548262,XOM,Exxon Mobil Corporation,,,
2024-02-02,0.4511404535213552,0.3928015560536897,0.4350641025584674,0.424424890315599,0.4711901262485217,0.135623556600395,-0.3045298330043193,0.4648364285530793,0.4451186453842245,XOM,Exxon Mobil Corporation,,,
2024-02-05,0.4346447905671371,0.3745837340205877,0.3652671634311107,0.3759621599271104,0.3715684586429542,-0.4118454460744132,-0.3054915432676015,0.4591417700446458,0.4465068929962968,XOM,Exxon Mobil Corporation,,,
2024-02-06,0.4621378806188897,0.4049467707424241,0.3937030630154011,0.4226784466051939,0.398423078460666,-0.8517666958975787,0.3242826439458251,0.4617271323419835,0.4502471121917563,XOM,Exxon Mobil Corporation,,,
2024-02-07,0.4609592550234311,0.4036455450160997,0.3803469864455016,0.4056510368038414,0.4062195596685574,-0.7969453879245592,-0.0867212641103432,0.4633722228674189,0.4535410723452122,XOM,Exxon Mobil Corporation,,,
2024-02-08,0.5296924578448926,0.4795534677529695,0.4531594957257491,0.446254937045546,0.4101176350438079,-0.1318435264627914,0.9091589926198276,0.4817470503372537,0.4627310644132907,XOM,Exxon Mobil Corporation,,,
2024-02-09,0.4432846480123657,0.3841261663243936,0.4712548888930294,0.4283541388389525,0.486349859025702,-0.0432869095324764,-1.2800874393653308,0.4739793846913454,0.4632969636749314,XOM,Exxon Mobil Corporation,,,
2024-02-12,0.4982714650386443,0.4448525707003461,0.4092134939325913,0.4414523001169514,0.4023214842933068,-0.2994096793358462,0.7168069935752703,0.4818665066530411,0.4687678267836944,XOM,Exxon Mobil Corporation,,,
2024-02-13,0.4633875231037795,0.3654744920717572,0.3958570886543691,0.3803281026530842,0.4283096448338151,-0.2142071328244275,-0.5622785124884206,0.4790823265219385,0.4705969651709905,XOM,Exxon Mobil Corporation,,,
2024-02-14,0.4435668048017676,0.3437865141469373,0.3756076698481206,0.3724692725063008,0.3897604684329608,-0.3591418958744171,-0.3521097859475287,0.4720512074178202,0.4704732156328446,XOM,Exxon Mobil Corporation,,,
2024-02-15,0.5581297859108381,0.4691433310100945,0.432479140308376,0.3803281026530842,0.3347518703391186,0.2756130690668923,1.5690988523510394,0.4953481234482506,0.4806872097145407,XOM,Exxon Mobil Corporation,,,
2024-02-16,0.5581297859108381,0.4691433310100945,0.4622071923093884,0.5078154956119557,0.482451783650452,-0.0729469656941163,-0.0699368184723981,0.5128208104710734,0.4899726588797189,XOM,Exxon Mobil Corporation,,,
2024-02-20,0.5192813181619058,0.426634748667244,0.4402343557669724,0.4698314274858981,0.4750882016237722,-0.3592907112854944,-0.610251067242175,0.5162371120313785,0.4949122478027261,XOM,Exxon Mobil Corporation,,,
2024-02-21,0.6025271248770832,0.5177241897650318,0.4772870153237792,0.4846756993742239,0.439570971778354,0.0231992372011417,1.0989096355155217,0.5395595692322066,0.5069064050998353,XOM,Exxon Mobil Corporation,,,
2024-02-22,0.5989597204133358,0.5138205125860593,0.495813345102183,0.504759302393767,0.4889489063999259,-0.0363956112656654,-0.1190231854193395,0.5561617560195729,0.5174886252693195,XOM,Exxon Mobil Corporation,,,
2024-02-23,0.5624898407682896,0.4739143816958569,0.4389415459336036,0.4798730624456293,0.4768207897207908,-0.550930618735133,-0.5721820047000314,0.5595183658981886,0.5238214984233804,XOM,Exxon Mobil Corporation,,,
2024-02-26,0.5787428361451671,0.4916986824417038,0.4755635975876105,0.4872955314898707,0.4698907677901048,-0.8502899891261192,0.1558744890734007,0.5660890717802858,0.5310436705566268,XOM,Exxon Mobil Corporation,,,
2024-02-27,0.5700217710461033,0.4821559192056182,0.4846112941712516,0.5222234063977396,0.5114718907463952,-0.5069613884314438,-0.1906265722016016,0.568842200936415,0.5368231810280317,XOM,Exxon Mobil Corporation,,,
2024-02-28,0.5815179086765975,0.4947349861138874,0.4966748896161057,0.5287724870367393,0.502376051080087,-0.6843379110962875,0.089493273138345,0.5737740087062407,0.5431135218828304,XOM,Exxon Mobil Corporation,,,
2024-02-29,0.5894460049205691,0.5034100449109032,0.4811644586989154,0.5383777608939285,0.5114718907463952,-0.3688950289696379,0.0397055102139199,0.5794500104842876,0.549546637392702,XOM,Exxon Mobil Corporation,,,
2024-03-01,0.6417720770535615,0.5606662933951367,0.5380359291591721,0.5890232960953642,0.556518189896724,-0.2665558155057009,0.6523266721005695,0.5967563339310847,0.5601114988672593,XOM,Exxon Mobil Corporation,,,
2024-03-04,0.5831035279253919,0.4964700640597467,0.5147702827833867,0.5300822365445236,0.5539194729798903,-0.3034276954349337,-0.8696466938084831,0.5951050376423784,0.5644276446832298,XOM,Exxon Mobil Corporation,,,
2024-03-05,0.6338439808095894,0.5519912345981208,0.5328656759506677,0.5427437036199022,0.5049747679969208,-0.0956928289103179,0.6315139362994127,0.6065204583489769,0.5729250634895012,XOM,Exxon Mobil Corporation,,,
2024-03-06,0.6786381226647669,0.601005945572593,0.5888756018970016,0.622641754595527,0.5955005959361812,-0.036155217140079,0.5418072375987255,0.6262529977744958,0.5846876501627762,XOM,Exxon Mobil Corporation,,,
2024-03-07,0.7024230483194582,0.6270317838282018,0.6065403871614827,0.642288663412448,0.5946341366589759,-0.6402771020780892,0.2514510744486128,0.6469839990344617,0.5975248396569535,XOM,Exxon Mobil Corporation,,,
2024-03-08,0.7424606508896406,0.670841260965095,0.6246357803287638,0.6497107993566111,0.6219219861152907,-0.5159475497926508,0.4680381126243781,0.6725170157240012,0.6128039268214431,XOM,Exxon Mobil Corporation,,,
2024-03-11,0.7678311957931269,0.6986018462342828,0.6556566421631448,0.6745970393047476,0.6661018259884147,-0.3676129269665102,0.2677837900055463,0.6979938041221188,0.6289808597087356,XOM,Exxon Mobil Corporation,,,
2024-03-12,0.7400823812471428,0.668238809512447,0.6625499843994939,0.7047226103840994,0.7011858261952312,-0.6675446643231784,-0.4371473643456102,0.7101812654642405,0.6411859358923511,XOM,Exxon Mobil Corporation,,,
2024-03-13,0.7880477615999092,0.7207236763786375,0.7086503405399419,0.7518755912648036,0.7046510023892689,-0.4197097681828836,0.5689091175475731,0.7312836937466733,0.6566049697108698,XOM,Exxon Mobil Corporation,,,
2024-03-14,0.8649517282426845,0.8048731366252687,0.7603518865000163,0.7771985254155603,0.7345375687624168,0.1525198294273269,0.9430238427953712,0.766289188067355,0.6775542534468867,XOM,Exxon Mobil Corporation,,,
2024-03-15,0.8570229950759365,0.7961977468959724,0.7926652294594422,0.8278440606169972,0.7787174086355415,2.000509604185404,-0.1725546181684448,0.7905660040183907,0.6958843756085407,XOM,Exxon Mobil Corporation,,,
2024-03-18,0.897853884962597,0.8408752594042165,0.8167924203491508,0.8387590839819707,0.8194324027720173,-0.4599700605489537,0.4594677753143498,0.8189562154503982,0.7162285433659261,XOM,Exxon Mobil Corporation,,,
2024-03-19,0.929170103972328,0.8751419733050259,0.8439355101000717,0.8806727337314602,0.838057311743236,-0.6765193783450718,0.3323783951020197,0.8480586600941251,0.7375460269599073,XOM,Exxon Mobil Corporation,,,
2024-03-20,0.925205896619648,0.8708044439065173,0.8400580667249362,0.8837289269496483,0.8597141672698908,-0.5344693448021194,-0.1205086952309681,0.8688968808918822,0.756568231235286,XOM,Exxon Mobil Corporation,,,
2024-03-21,0.9450262964602724,0.8924924218313373,0.8620312319756761,0.9029394746640274,0.8683767772975972,-0.6766109570595809,0.1831382276816783,0.8894684510765903,0.7756477181248909,XOM,Exxon Mobil Corporation,,,
2024-03-22,0.9450262964602724,0.8924924218313373,0.8525525987809123,0.9138544980290008,0.8926326801984753,-0.6967697215909,-0.0699368184723981,0.9048971287151214,0.7929927062063497,XOM,Exxon Mobil Corporation,,,
2024-03-25,0.9910105285208616,0.9428086894644148,0.942598956714518,0.957951285691515,0.907792412975655,-0.7757792575336397,0.5146220814503395,0.9279364011355404,0.8129058101889736,XOM,Exxon Mobil Corporation,,,
2024-03-26,0.9569186000569244,0.905505340959142,0.9081315881161242,0.939614126382379,0.9437428724596764,-0.8741576915950575,-0.4989339490891319,0.9367138498950486,0.8279356490801764,XOM,Exxon Mobil Corporation,,,
2024-03-27,1.0036951640498295,0.9566889820990084,0.9115780948801382,0.939614126382379,0.8926326801984753,-0.958478792979326,0.5231266268974143,0.9549622961221688,0.8458154913048436,XOM,Exxon Mobil Corporation,,,
2024-03-28,1.054038814045094,1.011776300417847,0.9714654642016084,1.011653014111142,0.9814255895833258,-0.2640374008567002,0.5618013170651468,0.9812035671438516,0.86660777613685,XOM,Exxon Mobil Corporation,,,
2024-04-01,1.0837700507288064,1.044308267305077,1.005502224897201,1.0256242306943038,1.019541866802968,-0.7980672271772958,0.2990699623550839,1.008299036128499,0.8881897715358699,XOM,Exxon Mobil Corporation,,,
2024-04-02,1.1745484246445723,1.1436392459126266,1.107181570372861,1.110761612801144,1.084945332564145,-0.0994818982231326,1.0495283639924282,1.0512593759540751,0.9159923608383964,XOM,Exxon Mobil Corporation,,,
2024-04-03,1.175341075038276,1.1445069503516956,1.1136443047064106,1.1718858102650116,1.1525149465183326,-0.4904428778018619,-0.0603496369301937,1.083677305708625,0.941338890052122,XOM,Exxon Mobil Corporation,,,
2024-04-04,1.191990873304086,1.1627247723847978,1.1192451658177145,1.1679562286415806,1.1338900375471133,-0.2657201597358052,0.1314103144449396,1.112142958069456,0.9658819711308708,XOM,Exxon Mobil Corporation,,,
2024-04-05,1.2573983838549796,1.2342951657231602,1.217047067918238,1.2116163221014744,1.1741718020449874,0.1066846828155144,0.7182656291007828,1.1498038301268083,0.9940895741535144,XOM,Exxon Mobil Corporation,,,
2024-04-08,1.224892711562612,1.1987268951637455,1.1993822826537563,1.2365025620496108,1.2218168181121494,-0.3748705400913577,-0.4563257626548717,1.1699430666429498,1.0168028488932328,XOM,Exxon Mobil Corporation,,,
2024-04-09,1.2498664535771646,1.2260536282133982,1.1955048392786207,1.242178254283369,1.2183516419181115,-0.7619737663213906,0.2289407329062672,1.1912755633392365,1.0397023670485608,XOM,Exxon Mobil Corporation,,,
2024-04-10,1.290300222113505,1.2702969575698282,1.23083408109926,1.2592059971847995,1.227880711223022,-0.3868559043527382,0.4114455446932804,1.2173584993389992,1.0641647353852373,XOM,Exxon Mobil Corporation,,,
2024-04-11,1.2740472267366274,1.252512987756261,1.240312714294023,1.242178254283369,1.2915519193445688,-0.3700626575796291,-0.2618209756586315,1.2328674528656856,1.0849382373344796,XOM,Exxon Mobil Corporation,,,
2024-04-12,1.217756628789568,1.1909192098735204,1.2859821338233486,1.2129260716092594,1.3028132462891095,0.0878652569838911,-0.7367453667252473,1.2304611537930004,1.0987493094889964,XOM,Exxon Mobil Corporation,,,
2024-04-15,1.1904042986711294,1.1609896944389384,1.197228257014788,1.20332079775207,1.222249717293362,-0.659268237999417,-0.3977700856247733,1.2218351766844044,1.108839341555834,XOM,Exxon Mobil Corporation,,,
2024-04-16,1.1511599834174262,1.118047590808833,1.1338940522209824,1.136520908054445,1.1559797922549817,-0.3098153107719445,-0.5430141385482425,1.205578761832561,1.1144746885238186,XOM,Exxon Mobil Corporation,,,
2024-04-17,1.1487817137749283,1.115444808423904,1.0964104560530523,1.1015930331465769,1.1122331820204585,-0.7154632266900733,-0.0988452070639134,1.1927933466181733,1.1193833584276367,XOM,Exxon Mobil Corporation,,,
2024-04-18,1.1444207035333154,1.1106734268058616,1.1123518235813652,1.1387040459674704,1.1317242198114923,-0.7975635442474956,-0.1229726618845429,1.1821167159505628,1.123452692275242,XOM,Exxon Mobil Corporation,,,
2024-04-19,1.1983327133764892,1.1696647532359536,1.16448397744424,1.1814907510221233,1.1386545721995691,0.0897197259527007,0.5863154669931863,1.187554073672653,1.1320116147998105,XOM,Exxon Mobil Corporation,,,
2024-04-22,1.225288559067382,1.1991604164510012,1.1920580038062845,1.158787648987012,1.1429858772134227,-0.5091707249189762,0.2544649114664979,1.1983544676159177,1.1422222031645783,XOM,Exxon Mobil Corporation,,,
2024-04-23,1.2439198240867575,1.2195471686494963,1.1700848385555451,1.20332079775207,1.175037930864802,-0.7851546284315105,0.1530175804935248,1.2111011156220062,1.1531839437382718,XOM,Exxon Mobil Corporation,,,
2024-04-24,1.2447131114032364,1.220414873088565,1.1787019272363857,1.200701298736501,1.1880321763637502,-0.994480675120722,-0.0604806669649957,1.2208589353507382,1.1632206678822732,XOM,Exxon Mobil Corporation,,,
2024-04-25,1.2558127646061856,1.2325600877772998,1.2002441558760029,1.201137992939122,1.2196510003765284,-0.5434784008419536,0.0623515068294787,1.230945383897634,1.173345464617323,XOM,Exxon Mobil Corporation,,,
2024-04-26,1.1222220340501936,1.086382997428393,1.0856393417332435,1.062298882412656,1.1317242198114923,0.7441755618527838,-1.6584287591843558,1.2051947352482653,1.170508205741346,XOM,Exxon Mobil Corporation,,,
2024-04-29,1.1888189978837225,1.1592546164930793,1.1265697733735094,1.1295354663129027,1.0780153106334585,-0.3982231122911823,0.7445734895800459,1.202490013005117,1.1739318057260189,XOM,Exxon Mobil Corporation,,,
2024-04-30,1.1345105036130032,1.0998294378434517,1.1330321789987376,1.1391407401700913,1.1364887544639477,0.03373078936969,-0.7248266978631647,1.1869177634475752,1.1721489028632324,XOM,Exxon Mobil Corporation,,,
2024-05-01,1.0457148702963508,1.0026673894012967,1.058496251982322,1.0378493366671404,1.1005382949799272,0.8000614723819717,-1.1531001645715078,1.1530943033736465,1.1625242091369796,XOM,Exxon Mobil Corporation,,,
2024-05-02,1.054038814045094,1.011776300417847,1.0063640981194475,1.048327665829493,1.013044744053494,0.5408822629818602,0.0335620863057903,1.1298025725824603,1.1545247923478823,XOM,Exxon Mobil Corporation,,,
2024-05-03,1.0445254170137157,1.0013661636749724,0.9550934887704948,0.9710491138694364,1.0017830866515638,0.8281761377362703,-0.1880115575297906,1.109961278767659,1.146395075383971,XOM,Exxon Mobil Corporation,,,
2024-05-06,1.074256016774651,1.0338981305622024,1.0528950621626951,1.07015771255944,1.0308031937475082,1.214867259751012,0.2998254663735308,1.1024946652861436,1.141684284466579,XOM,Exxon Mobil Corporation,,,
2024-05-07,1.051264696897826,1.0087399967456647,1.0201511113004686,1.0496374153372774,1.0572245839266174,1.068421447911622,-0.3540451462085825,1.0911610216277448,1.1353293525330008,XOM,Exxon Mobil Corporation,,,
2024-05-08,1.0504717280427345,1.0078726232388746,0.9930076928412256,1.026934313302167,0.9892220707912172,-0.209651091777599,-0.0797846144663758,1.082463034579179,1.129480664949167,XOM,Exxon Mobil Corporation,,,
2024-05-09,1.1412501019585015,1.1072036018464229,1.0610812142324129,1.060989132904871,1.01044569667927,-0.3691354230952243,1.057624324769716,1.0985782823798462,1.1323462697218252,XOM,Exxon Mobil Corporation,,,
2024-05-10,1.1222220340501936,1.086382997428393,1.06668240405204,1.1216766361661177,1.111799952381857,-0.8174017832780329,-0.3017153354770174,1.1059194091099227,1.133236210381802,XOM,Exxon Mobil Corporation,,,
2024-05-13,1.1202402488352408,1.0842143981952792,1.0830543794831529,1.1015930331465769,1.1066021880907997,-0.6557081154728752,-0.0941749277345488,1.1109310272343629,1.133866612918632,XOM,Exxon Mobil Corporation,,,
2024-05-14,1.1486138846236706,1.0738039305201244,1.0270444535368184,1.0736505999802504,1.0360009580385652,-0.6535903576998519,0.2772324258763419,1.1217656916459862,1.136997252797747,XOM,Exxon Mobil Corporation,,,
2024-05-15,1.184979945856364,1.1132762091907902,1.0744372908023123,1.0561864959762763,1.0715181878839832,-0.2912591737445349,0.3723399607842162,1.1389608294423748,1.1431212580532502,XOM,Exxon Mobil Corporation,,,
2024-05-16,1.1566066285293224,1.0824793202494207,1.0942564304140836,1.1199301924557128,1.111799952381857,-0.5773396305316992,-0.4123593424945443,1.144781311390772,1.1461310175999544,XOM,Exxon Mobil Corporation,,,
2024-05-17,1.227341042710379,1.1592546164930793,1.1170911401787462,1.1382673517648496,1.1014047542571312,-0.6506827335141875,0.7888613139276374,1.1667867539343164,1.1552430309433452,XOM,Exxon Mobil Corporation,,,
2024-05-20,1.188576648767769,1.1171798863697644,1.1196761024288375,1.164026980118227,1.16334337428166,-1.0574295940064256,-0.5336188054192269,1.1736235888566326,1.16003252919371,XOM,Exxon Mobil Corporation,,,
2024-05-21,1.155806971985092,1.08161161581035,1.100718836039312,1.1304085216180657,1.1057360592709846,-0.7204542666308201,-0.4651167373812074,1.170578958839308,1.161432820903952,XOM,Exxon Mobil Corporation,,,
2024-05-22,1.061094644548466,0.9788108122433632,1.0149808580919648,1.0072870713851676,1.065021065134509,-0.333041962239319,-1.220049977266195,1.1446756803971394,1.1541686206420008,XOM,Exxon Mobil Corporation,,,
2024-05-23,0.9823674864617572,0.8933601262704083,1.0171352124392563,0.937430988469353,0.984457536138762,-0.5504841725019011,-1.045558493751801,1.1056148723944894,1.1404684828776477,XOM,Exxon Mobil Corporation,,,
2024-05-24,0.9787707835503524,0.8894561181591549,0.9124399681023824,0.92345977188619,0.9515390232101774,-0.9816939971073868,-0.1152823063993375,1.0754223036944917,1.127689612083775,XOM,Exxon Mobil Corporation,,,
2024-05-28,1.0363177116714417,0.9519176004809654,0.9137324492274284,0.9247695213939744,0.8943649378381043,-0.7796026688643953,0.6561626889104243,1.0671292009182416,1.1212596296952135,XOM,Exxon Mobil Corporation,,,
2024-05-29,0.9871625595746508,0.8985650291757045,0.8896052583377198,0.9134178038263806,0.9381118785300162,-0.7883369887607022,-0.6823772567100821,1.0486508306836606,1.110983437336718,XOM,Exxon Mobil Corporation,,,
2024-05-30,1.0015500081430453,0.9141803997561572,0.871509536462116,0.9199668844653798,0.883536510074777,-0.6988531373459824,0.1112616243652604,1.0383800626385629,1.1029383020905996,XOM,Exxon Mobil Corporation,,,
2024-05-31,1.1322290462323317,1.056019960706558,1.0162733392170098,0.9649367274330574,0.9203534288360028,0.9442636057158884,1.570663484225662,1.0632663400946047,1.1074037077863093,XOM,Exxon Mobil Corporation,,,
2024-06-03,1.0199325548187157,0.9341332997351192,0.9675880208264716,0.9548950924733268,1.014777332150512,-0.1372924599760838,-1.4404396038747511,1.053926020694395,1.101340971006047,XOM,Exxon Mobil Corporation,,,
2024-06-04,0.9487984715962368,0.856924151271925,0.826701661446714,0.8309002538351873,0.8718419534916351,-0.1575656979005394,-0.9593951285953698,1.0291810287156122,1.0894174983912432,XOM,Exxon Mobil Corporation,,,
2024-06-05,0.9667819861532616,0.8764435299636312,0.8310103701412951,0.8553501326807805,0.8670774188391798,-0.6782708212600587,0.1584809677935119,1.01510709822157,1.080198978327365,XOM,Exxon Mobil Corporation,,,
2024-06-06,1.0007500331374273,0.9133130262493684,0.8676320930869804,0.8828558716444855,0.8610135257283077,-0.873951639487412,0.3597923263261203,1.0130227617604377,1.0748803220074334,XOM,Exxon Mobil Corporation,,,
2024-06-07,0.9519955054662216,0.8603943071636428,0.904684752643788,0.9073054173900016,0.9060598248786365,-0.8584862840746851,-0.6821294318617599,0.999300875866774,1.0656505376142396,XOM,Exxon Mobil Corporation,,,
2024-06-10,0.9651836284489635,0.8747084520177707,0.8753873085455756,0.908615166897786,0.8744406704084694,-0.6352059307621469,0.097453401677905,0.9922983776188258,1.058448577362887,XOM,Exxon Mobil Corporation,,,
2024-06-11,0.9288172487548824,0.8352361733471051,0.8086062682794336,0.8479276636365397,0.8497518683263773,-0.9531328855198564,-0.5301699516119266,0.9779772850257946,1.0486233430634702,XOM,Exxon Mobil Corporation,,,
2024-06-12,0.8792627460780574,0.7814500807545895,0.8357496867386767,0.8143095382364551,0.8848361989905834,-0.822129534414566,-0.7021594157656414,0.9548783305016506,1.035224561341533,XOM,Exxon Mobil Corporation,,,
2024-06-13,0.8436957044668185,0.7428455065229924,0.7306235057906818,0.7785082749233453,0.7782841789969391,-0.7236709689779528,-0.5287779834849287,0.9286842383942288,1.0198379038233982,XOM,Exxon Mobil Corporation,,,
2024-06-14,0.806529986689894,0.7025058543455361,0.7026185428175149,0.729172156129615,0.7427669491515209,-0.8557160279607843,-0.5532799813282655,0.8997701077138346,1.002499984799638,XOM,Exxon Mobil Corporation,,,
2024-06-17,0.7765576747357791,0.6699738874583062,0.670305199858089,0.7112716910230992,0.7059503608476865,0.0411257705663011,-0.4630515629995093,0.8706098734997293,0.9840365918778704,XOM,Exxon Mobil Corporation,,,
2024-06-18,0.817320095424109,0.7142172168147349,0.7245917080682548,0.738341068884261,0.6998864677368137,-0.3463666652003954,0.4684006623076849,0.858905222136987,0.9709259378734524,XOM,Exxon Mobil Corporation,,,
2024-06-20,0.9116327538193124,0.8165844990944675,0.8064522426404656,0.7728322495895089,0.7380027449564559,-0.3841085429174647,1.1640079009467728,0.8736468681977273,0.9675083288088824,XOM,Exxon Mobil Corporation,,,
2024-06-21,0.8724690092966698,0.7740762476838986,0.809898749404479,0.823914812093645,0.8241969374244726,3.5971959389911525,-0.571515640989735,0.8749362638309601,0.960871264516619,XOM,Exxon Mobil Corporation,,,
2024-06-24,1.0039473854687977,0.9167831821410862,0.8887433851154749,0.8623355744223229,0.8129352800225429,-0.5176417560110693,1.62883493135613,0.90869200673851,0.9666887855612812,XOM,Exxon Mobil Corporation,,,
2024-06-25,1.016735520948732,0.930663474775681,0.8896052583377198,0.9417969311953268,0.9199201991974,-0.7554945722698706,0.0905264335778954,0.937197979325694,0.9731301397615576,XOM,Exxon Mobil Corporation,,,
2024-06-26,1.0183345155758046,0.9323985527215396,0.9012379171714516,0.9278257146121638,0.932047985419144,-0.5742946382742712,-0.0499290553161811,0.9589762235709955,0.9791300467036802,XOM,Exxon Mobil Corporation,,,
2024-06-27,1.03791606937574,0.9536526784268248,0.9085621960189236,0.9701760585642736,0.9580361459596513,-0.4551392833585977,0.174995883873705,0.980193246791734,0.9863495523350558,XOM,Exxon Mobil Corporation,,,
2024-06-28,1.0467081513642345,0.9631954416629108,0.9753432362850666,0.99506229851241,0.9957191935406916,0.4323958283064987,0.0395685327560086,0.9982986249888218,0.9937052411615832,XOM,Exxon Mobil Corporation,,,
2024-07-01,1.0403137651628795,0.9562551298794734,0.9839599962575838,0.9885132178734102,0.9892220707912172,-1.0091676114601216,-0.149426673283278,1.010282996513977,0.9998158529458,XOM,Exxon Mobil Corporation,,,
2024-07-02,1.0091430830072767,0.9224219372659191,0.9494926276591898,0.9431066807031104,0.9974517816377108,-0.8541935318320703,-0.4579649402925525,1.011497783753696,1.0025612873559595,XOM,Exxon Mobil Corporation,,,
2024-07-03,1.032321339718616,0.947580071082458,0.9374290322143364,0.9771615003058158,0.9268502211280863,-1.4945347983584356,0.220568663971012,1.0181891769182554,1.0071463816936503,XOM,Exxon Mobil Corporation,,,
2024-07-05,0.976772756804633,0.8872875189260412,0.8930517651017332,0.9081788057952422,0.9415770547240546,-0.93383267143706,-0.7626382374724829,1.009354754774823,1.0063076035083955,XOM,Exxon Mobil Corporation,,,
2024-07-08,0.9292165993349156,0.8356700255666394,0.8465208010584853,0.8527303005651343,0.845420563312525,-0.851469065075424,-0.6702422005207637,0.9908691598197714,1.0012584544584138,XOM,Exxon Mobil Corporation,,,
2024-07-09,0.8796627335808664,0.7818839329741237,0.8030054071681287,0.8178024256572661,0.7899790660374713,-1.037316618832361,-0.7020949721516231,0.9646469873629114,0.9922016258288144,XOM,Exxon Mobil Corporation,,,
2024-07-10,0.9188261596421226,0.8243921843846951,0.7780163430561752,0.8090702071052404,0.7817493551909781,-1.2345428278670558,0.4352547859788837,0.9547471175131892,0.9874982635117714,XOM,Exxon Mobil Corporation,,,
2024-07-11,0.971977046768964,0.8820822850884629,0.8366112312526,0.8313369480378076,0.8038394403562347,-0.8821250397573506,0.6096836657355009,0.9605772334838776,0.9880134015213256,XOM,Exxon Mobil Corporation,,,
2024-07-12,0.9727760663904194,0.8829496585952522,0.872371409684362,0.9055589736795954,0.9147224349063416,-1.0421359486834032,-0.0598400389072883,0.9651490837352518,0.9885537309426712,XOM,Exxon Mobil Corporation,,,
2024-07-15,1.0503045358142518,0.9670991188418834,0.9589712608539536,0.9470362623265416,0.9268502211280863,-0.8878716040927975,0.9095756618650972,0.987912385975069,0.9960332112892704,XOM,Exxon Mobil Corporation,,,
2024-07-16,1.0834742000997375,1.0031012416208318,0.9671570842153489,0.9527119545603002,0.9303153973221248,-0.8212938786446703,0.3420796246699916,1.0132568696297717,1.0058225906135996,XOM,Exxon Mobil Corporation,,,
2024-07-17,1.147414877499406,1.0725027047937994,1.0460017199263454,1.076706793198439,1.0338351403029429,-0.8225874279871116,0.7186202531599831,1.0482110594034069,1.0204855198886336,XOM,Exxon Mobil Corporation,,,
2024-07-18,1.1937720278448587,1.1228189724268758,1.1209685835538836,1.1155642497297384,1.0862446910225618,-0.8877456833603475,0.4939933807146882,1.0859874660419742,1.0379940027520616,XOM,Exxon Mobil Corporation,,,
2024-07-19,1.084672888762614,1.004402467347156,1.07616070853848,1.0470179163217093,1.1139654396600882,-0.5301193558629365,-1.384158169321467,1.087112114299688,1.044076812233341,XOM,Exxon Mobil Corporation,,,
2024-07-22,1.05270255006278,0.969701570294532,0.9494926276591898,0.9906963557864356,0.9662658568061456,-0.9985215858984368,-0.4641134644368367,1.0799826869766698,1.0467248922716816,XOM,Exxon Mobil Corporation,,,
2024-07-23,0.9783714329703193,0.8890225968718998,0.9163174114775198,0.9291354641199489,0.9502396647517612,-1.0917258225900894,-0.9927589341693612,1.0560985727041476,1.042432169361143,XOM,Exxon Mobil Corporation,,,
2024-07-24,1.0423117919086,0.958424060044868,0.9176098926025652,0.9247695213939744,0.9051933656014316,-0.671207812903543,0.7369030166261291,1.0541312346129654,1.0442931588080544,XOM,Exxon Mobil Corporation,,,
2024-07-25,1.139022464552332,1.0633937937772489,1.0395389855927957,0.989822967381195,0.9658326271675436,-0.4312143441930913,1.1334422757145377,1.0767738937056477,1.054702287235586,XOM,Exxon Mobil Corporation,,,
2024-07-26,1.1350264110608936,1.0590562643787402,1.0395389855927957,1.0732139057776295,1.0351344987613604,-1.0916342438755804,-0.1186353521789374,1.0927593334001713,1.0638049344443996,XOM,Exxon Mobil Corporation,,,
2024-07-29,1.0858722143482653,1.0057036930734804,1.0119649592307514,1.0256242306943038,1.0589571720236368,-1.3653057848467596,-0.6694726748233283,1.0924901082768703,1.067649400563702,XOM,Exxon Mobil Corporation,,,
2024-07-30,1.1685954259264133,1.0954919084449444,1.0640971130936263,1.0627355766152768,1.0173760490673465,-0.9506717075674238,0.949731118537992,1.112918093230408,1.0786008859236809,XOM,Exxon Mobil Corporation,,,
2024-07-31,1.1853796148977855,1.1137097304780452,1.114075241317534,1.1644633412207708,1.1594449684490191,-0.6468822168620592,0.1333254413489185,1.1324248019770708,1.090069677226823,XOM,Exxon Mobil Corporation,,,
2024-08-01,1.1198402613324312,1.042573189359219,1.1024422537754786,1.0684112688490348,1.1035702415353632,-0.6567498233504164,-0.8608298259500946,1.1307103211189449,1.0945882559222282,XOM,Exxon Mobil Corporation,,,
2024-08-02,1.1170428965038703,1.039536885687034,1.075730100635681,1.0273706744047102,1.000483728193147,-0.0440538812664902,-0.1041672623838218,1.128726840470098,1.0984439054826751,XOM,Exxon Mobil Corporation,,,
2024-08-05,1.0327206902986492,0.948013592369712,0.9533700710343268,0.9326283515407584,0.9818588192219282,-0.3162601628055235,-1.1023781938044428,1.106210561382537,1.0943483948896913,XOM,Exxon Mobil Corporation,,,
2024-08-06,1.0083437449244337,0.9215545637591296,0.9361362223809676,0.9492190671394892,0.9346467023359784,-0.8174361252959739,-0.3738955067187304,1.083244114712359,1.0884279110049564,XOM,Exxon Mobil Corporation,,,
2024-08-07,1.069087388454119,0.987485871040379,1.0003323003970208,1.0203852326631675,0.977960413389288,-0.8159594185245144,0.6915291321688518,1.0811678153907027,1.0885209717772866,XOM,Exxon Mobil Corporation,,,
2024-08-08,1.157405648150777,1.0833466937562095,1.042985821065132,1.0409055298853298,1.0052482628456014,-0.7941751318106584,1.0226497351017618,1.1016358141253757,1.0965664158526487,XOM,Exxon Mobil Corporation,,,
2024-08-09,1.195769736129191,1.1249875716599902,1.0946870383168847,1.112071362308929,1.0836459741057276,-0.9886768740887067,0.3957688741160468,1.1265542299765443,1.1073385233310284,XOM,Exxon Mobil Corporation,,,
2024-08-12,1.2017647717505116,1.131494031223892,1.1317396978736922,1.1408868507804182,1.155546893073768,-0.8653890296808097,0.0022497268621354,1.1467381120606035,1.1176717296522467,XOM,Exxon Mobil Corporation,,,
2024-08-13,1.1562066410265135,1.0820454680298852,1.060219669718491,1.1181837487453077,1.1005382949799272,-1.0535603933184154,-0.6178131742616262,1.150514522588665,1.1229590285617097,XOM,Exxon Mobil Corporation,,,
2024-08-14,1.1997664265434045,1.1293251010584986,1.1201070390399603,1.1238594409790652,1.0927418137720355,-0.9838003075410964,0.4589745995935274,1.1642099747877996,1.131692061839242,XOM,Exxon Mobil Corporation,,,
2024-08-15,1.229174424918716,1.1197826687546928,1.1084740514979057,1.1452531266064707,1.0992389365215105,-1.054212891659293,0.283868747062505,1.1818154689650378,1.1422819651807925,XOM,Exxon Mobil Corporation,,,
2024-08-16,1.2066152571448454,1.0954919084449444,1.0589271885934448,1.1251695235869283,1.08797727911958,-1.2286016587632769,-0.3396758529742016,1.189393678175834,1.1498757086861662,XOM,Exxon Mobil Corporation,,,
2024-08-19,1.2211173518127711,1.1111072790253966,1.1459576476658364,1.1474359314194185,1.1057360592709846,-0.9582727408716804,0.1042858511330129,1.1986939356985882,1.1580863036657318,XOM,Exxon Mobil Corporation,,,
2024-08-20,1.0619927056614606,0.9397723857922304,1.0662514674409171,0.9876401625682472,1.116564487034312,-0.5902980186347392,-1.9757940720832776,1.165985875748203,1.1512072817990648,XOM,Exxon Mobil Corporation,,,
2024-08-21,1.032584388824762,0.9081077924117906,0.9335512601308776,0.9548950924733268,0.9589026052368572,-1.0344089946466966,-0.4343067488503791,1.1341208463381276,1.1423028146709655,XOM,Exxon Mobil Corporation,,,
2024-08-22,1.0680351920295317,0.9462788453561332,0.90942406924117,0.9496557613421108,0.905626595240034,-1.1652406356622822,0.3721161011097239,1.119062962414065,1.1374033139029585,XOM,Exxon Mobil Corporation,,,
2024-08-23,1.1320879678376308,1.015246456309566,0.9830984517436616,1.0103432646033572,0.9597687340566712,-1.191352016636694,0.7226414534634732,1.1237433321322516,1.1387228201629962,XOM,Exxon Mobil Corporation,,,
2024-08-26,1.2323969356997062,1.1232524937141315,1.078745999496893,1.092860814594551,1.0780153106334585,-0.8147803425752095,1.1543032002801188,1.1522691318769682,1.1489640347745034,XOM,Exxon Mobil Corporation,,,
2024-08-27,1.186875428035281,1.0742377827396588,1.0989957470114655,1.113817806019334,1.1299916317144731,-1.2359737452812607,-0.6138691303813784,1.1623111138814657,1.1541710059913115,XOM,Exxon Mobil Corporation,,,
2024-08-28,1.1401450409435756,1.023921515106582,1.0201511113004686,1.0640453261230618,1.0450967977048733,-1.1499698850178872,-0.6336755948952807,1.1581887565402784,1.154692426164672,XOM,Exxon Mobil Corporation,,,
2024-08-29,1.205003524062269,1.093756830499084,1.0722832651633445,1.067974574646414,1.0537594077325798,-1.1487106776933869,0.7202822483548084,1.171271702276368,1.1610126673271797,XOM,Exxon Mobil Corporation,,,
2024-08-30,1.197349623073009,1.085515623921603,1.0391080489816729,1.0653550756308454,1.0360009580385652,-0.8590014143437988,-0.1619190265761494,1.179175145730735,1.1660684327369597,XOM,Exxon Mobil Corporation,,,
2024-09-03,1.09784604406014,0.9783769600238282,0.9559550332844174,0.967119865346084,0.9948527342634867,-0.5796405457337408,-1.2676663411214597,1.1602880575267809,1.1616955158937243,XOM,Exxon Mobil Corporation,,,
2024-09-04,1.0410439971246166,0.917216703428342,0.958540324242831,0.9645003663305154,0.9710303914586008,-0.9350231947256786,-0.7682914388553254,1.1319571796005106,1.1526001062689268,XOM,Exxon Mobil Corporation,,,
2024-09-05,1.0051909771873246,0.8786121291967449,0.9210567280749008,0.9247695213939744,0.9615013221536902,-0.4107121594823629,-0.5161820750359717,1.101767826320739,1.1410998276492652,XOM,Exxon Mobil Corporation,,,
2024-09-06,0.9838397334565708,0.8556229255456,0.8736638908094074,0.866265156045754,0.8973968843935404,-0.8380527833998386,-0.337775351785673,1.0738011377211008,1.1287204675761628,XOM,Exxon Mobil Corporation,,,
2024-09-09,1.0793150943778549,0.958424060044868,0.958540324242831,0.9068690562874584,0.8662112900193659,0.0980648363123439,1.133379738044915,1.0766362160817606,1.1260724750157618,XOM,Exxon Mobil Corporation,,,
2024-09-10,0.9105216420380228,0.7766786991365466,0.9262269812834052,0.7981551837402668,0.9628006806121072,0.0142817598758165,-2.153473629898001,1.0366680193714346,1.108450481756165,XOM,Exxon Mobil Corporation,,,
2024-09-11,0.8662086953394889,0.7289652138883989,0.7345009491658187,0.6933708928165051,0.7756854620801055,-0.1392842970166571,-0.6376038718302437,0.9956409006557724,1.0884362014328988,XOM,Exxon Mobil Corporation,,,
2024-09-12,0.9270386419052098,0.7944629998823936,0.7508732533052531,0.7802547186337511,0.7375695153178535,-0.5573869181080257,0.7171321851572651,0.9800406199572692,1.0757244991832482,XOM,Exxon Mobil Corporation,,,
2024-09-13,0.9238158126628324,0.7909928439906752,0.7999895083069152,0.8313369480378076,0.8055720284532539,-1.2309598106618866,-0.111070401349846,0.9675366851104016,1.0638779064059336,XOM,Exxon Mobil Corporation,,,
2024-09-16,0.9866597090436514,0.8586592292177836,0.826701661446714,0.8645187123353483,0.8306940601739464,-1.0370876720460882,0.7327290993406572,0.973831040595963,1.0587729083365178,XOM,Exxon Mobil Corporation,,,
2024-09-17,1.0458785594495716,0.9224219372659191,0.8818500428791258,0.883292565847107,0.842388616757089,-0.9828730730566916,0.675959981380839,0.9933200828062828,1.059469877838887,XOM,Exxon Mobil Corporation,,,
2024-09-18,1.0619927056614606,0.9397723857922304,0.9361362223809676,0.9570778972862746,0.9199201991974,-0.9408269957576938,0.130417386599661,1.011955486078974,1.0615559855928414,XOM,Exxon Mobil Corporation,,,
2024-09-19,1.1191969693295063,1.0013661636749724,1.0201511113004686,1.017329039444977,1.0087134390396406,-0.9304442590002228,0.6388257294078937,1.0401979070083716,1.0686087329306009,XOM,Exxon Mobil Corporation,,,
2024-09-20,1.0897886524928078,0.969701570294532,0.9309662978807872,0.9762884450006524,0.9783936430278898,1.7649004664320755,-0.4298463686797146,1.0540457382581343,1.0723695105337985,XOM,Exxon Mobil Corporation,,,
2024-09-23,1.1739841110657687,1.0603574901050652,1.0291988078841097,1.014272846226789,0.9727629795556194,-0.5405822239956029,0.9670031258773544,1.0854286713753785,1.0833776210255923,XOM,Exxon Mobil Corporation,,,
2024-09-24,1.1614959662129418,1.0469110496900058,1.0451401754124228,1.088931566071197,1.081480156370106,-1.0077939307424848,-0.2210001413537242,1.105851518881123,1.0922593360910031,XOM,Exxon Mobil Corporation,,,
2024-09-25,1.0696462881893332,0.948013592369712,0.997316401535806,0.967119865346084,1.0230067125396156,-0.7981817005704323,-1.183942521585679,1.0982627495634083,1.0920544636726564,XOM,Exxon Mobil Corporation,,,
2024-09-26,0.9902860288641018,0.8625632373290364,0.8435049021972724,0.8405055276923759,0.791278424495888,-0.4465308841947409,-1.0515851324791068,1.0727799376378806,1.0847148301091811,XOM,Exxon Mobil Corporation,,,
2024-09-27,1.1119452850727691,0.993558478384746,0.9559550332844174,0.9326283515407584,0.9047604664202202,-0.5522928521134561,1.4612113273932654,1.0840077865314246,1.0890085746379916,XOM,Exxon Mobil Corporation,,,
2024-09-30,1.1683441598916071,1.054284882760698,1.0119649592307514,1.0072870713851676,0.9783936430278898,-0.863248377229159,0.6213656534546775,1.106493690015114,1.097995668248092,XOM,Exxon Mobil Corporation,,,
2024-10-01,1.2775159081702223,1.1718336834013483,1.1502660276520953,1.0496374153372774,1.003515674748583,0.2801462154350936,1.2522406815454743,1.15058388197218,1.1160062913276936,XOM,Exxon Mobil Corporation,,,
2024-10-02,1.3415686839783207,1.2408012943547813,1.2459135754053277,1.236065867846991,1.258633406415985,-0.4188512177343606,0.6882763750564783,1.1996253086012134,1.1381531829037397,XOM,Exxon Mobil Corporation,,,
2024-10-03,1.384270852978441,1.2867800325893497,1.2609930697113958,1.2679378826367471,1.257334047957568,-0.4881534099391341,0.4289285920309337,1.2470556464332103,1.1621358146505365,XOM,Exxon Mobil Corporation,,,
2024-10-04,1.4749116515747709,1.3843759332510392,1.3480238574921088,1.333428022826588,1.313641674052437,-0.1186332968948515,0.9798117678645114,1.3052328287137127,1.1921083998498994,XOM,Exxon Mobil Corporation,,,
2024-10-07,1.4966654304994342,1.4077989891217195,1.397570720396571,1.4395220632581334,1.402434913894677,-0.5808654110403002,0.1774616061423068,1.3542907751848747,1.221317049676916,XOM,Exxon Mobil Corporation,,,
2024-10-08,1.3625173925151648,1.263356976718671,1.2976147926570798,1.2823457934225315,1.343095010786982,-0.6834221239511964,-1.5889861903753788,1.3576297660295702,1.2357785135040718,XOM,Exxon Mobil Corporation,,,
2024-10-09,1.3645307054074884,1.2655255759517847,1.235573397696641,1.2622621904029885,1.2140203369042586,-1.1039515809770566,-0.0465166379010038,1.360636098606763,1.2491067750743672,XOM,Exxon Mobil Corporation,,,
2024-10-10,1.406830020752312,1.3110704619668188,1.2838277794760584,1.3273156363902092,1.3119094164128071,-1.20716079222883,0.421915235833309,1.3734396503595063,1.2650361579744158,XOM,Exxon Mobil Corporation,,,
2024-10-11,1.4257641425512828,1.3314572141653145,1.2980457292682026,1.3556947637591552,1.3093103690385834,-1.4302121987550955,0.148349862161228,1.3877641945716312,1.2812241016169184,XOM,Exxon Mobil Corporation,,,
2024-10-14,1.4446979458888645,1.3518439663638095,1.307955299074089,1.3417235471759936,1.315374262149455,-1.2569796129217892,0.1475162053390087,1.4032294037088937,1.297647071774316,XOM,Exxon Mobil Corporation,,,
2024-10-15,1.2944357616927071,1.1900515054344498,1.208429979237398,1.2177287085378534,1.21055516071022,-0.5743518749708394,-1.7891475457320205,1.3773552199382135,1.2990326913318333,XOM,Exxon Mobil Corporation,,,
2024-10-16,1.306924543468308,1.203498276781789,1.1864571426949797,1.2535299718509634,1.213587107265656,-1.4151017108610913,0.0773809651094784,1.361064093281191,1.301418060995012,XOM,Exxon Mobil Corporation,,,
2024-10-17,1.2944357616927071,1.1900515054344498,1.1924889404174066,1.214672515319664,1.2079564437933872,-1.0970831773888727,-0.2168760977466207,1.3457312371174373,1.302460863350649,XOM,Exxon Mobil Corporation,,,
2024-10-18,1.2807387374125998,1.1753038392930677,1.1519894453882635,1.1902229695741484,1.1940960694746223,-0.9031995914337608,-0.2315070416429581,1.330815766621913,1.3021742412440145,XOM,Exxon Mobil Corporation,,,
2024-10-21,1.283558712999681,1.1783401429652498,1.1881805604311484,1.2151092095222848,1.217485513098297,-1.214658799479264,-0.0365781179579099,1.3203324225328854,1.302167863037731,XOM,Exxon Mobil Corporation,,,
2024-10-22,1.30853563962811,1.2052330237953683,1.1756860283751709,1.2247144833794734,1.1862995882667322,-1.32643062053764,0.2253537165695554,1.3186987779692902,1.3044134382973098,XOM,Exxon Mobil Corporation,,,
2024-10-23,1.2912129324503283,1.1865813495427315,1.156728761985645,1.201137992939122,1.1737385724063851,-1.4272931272301177,-0.27368308986499,1.3131535263105203,1.3048934338023777,XOM,Exxon Mobil Corporation,,,
2024-10-24,1.263818883890116,1.157085686327685,1.143372685415745,1.189349581168906,1.175037930864802,-1.2458184570909907,-0.3932922112492774,1.3021629308210256,1.3028605448561954,XOM,Exxon Mobil Corporation,,,
2024-10-25,1.2597909842599189,1.1527481569291766,1.142941748804623,1.1976451055183115,1.1837005408925083,-1.1532094820436471,-0.1177519117847368,1.2929154876389664,1.3006493966282011,XOM,Exxon Mobil Corporation,,,
2024-10-28,1.2360229370587683,1.1271565018253842,1.081761898358108,1.0863117339555506,1.0360009580385652,-1.0238659951388347,-0.3523227923447268,1.280052517789767,1.296496854385725,XOM,Exxon Mobil Corporation,,,
2024-10-29,1.1707612818233903,1.056887334213347,1.0886552405944578,1.0994098952335505,1.1135325404788754,-0.6934385458506309,-0.8491520144710155,1.2541300317011128,1.2868392519769845,XOM,Exxon Mobil Corporation,,,
2024-10-30,1.1469932346222411,1.031295679109553,1.0498791633014817,1.0736505999802504,1.0736840056196049,-0.9712998130106022,-0.3576440347330367,1.228760779671968,1.275917205933829,XOM,Exxon Mobil Corporation,,,
2024-10-31,1.1506192359813046,1.0351993562885269,1.0671130119548404,1.0823824854321975,1.051593920454348,-0.0316678601291323,-0.0258229101843619,1.2106381099328745,1.266314914173813,XOM,Exxon Mobil Corporation,,,
2024-11-01,1.0768976539846835,0.9558212776599392,1.122261064678929,1.0020477402539525,1.172005984309366,0.0172466207580491,-0.9661418015081196,1.178661072578949,1.2509404319862505,XOM,Exxon Mobil Corporation,,,
2024-11-04,1.224340181055149,1.114577434917115,1.068405493079886,1.0496374153372774,1.0048150332069998,-0.66660598249946,1.751000551365396,1.1914482058239144,1.250253824670713,XOM,Exxon Mobil Corporation,,,
2024-11-05,1.2384400589905524,1.129758953278033,1.0903786583306252,1.1404504896778762,1.13518939600553,-1.1850216379962513,0.0988254077291236,1.2045548496707206,1.2509005729280525,XOM,Exxon Mobil Corporation,,,
2024-11-06,1.320620612364252,1.218245942923172,1.206706890209552,1.1967720502131476,1.224848764667586,0.0021819222212996,0.9107927879891712,1.2348794056950816,1.2588961278504198,XOM,Exxon Mobil Corporation,,,
2024-11-07,1.3266640541164854,1.224752402487074,1.189042104945071,1.21030657259369,1.2313458874170595,-0.984956488811774,0.000968724551037,1.2591299646577572,1.2667095587228046,XOM,Exxon Mobil Corporation,,,
2024-11-08,1.325052002572522,1.2230173245412148,1.1855952694727354,1.2124897105067165,1.217485513098297,-0.9103656258440992,-0.0888270229075077,1.276915862879471,1.273667370375123,XOM,Exxon Mobil Corporation,,,
2024-11-11,1.2992700055562736,1.1952567392720277,1.194212358153576,1.230390175613232,1.2183516419181115,-1.009533926318158,-0.3721530327123671,1.2838256508006325,1.2776687125217443,XOM,Exxon Mobil Corporation,,,
2024-11-12,1.2944357616927071,1.1900515054344498,1.1808559528753535,1.220348207553422,1.2239823053903809,-1.0091790587994351,-0.1269047999955941,1.287802405257018,1.280870546556769,XOM,Exxon Mobil Corporation,,,
2024-11-13,1.3395547341632232,1.2386326951216675,1.2127386879319784,1.1749420034832003,1.1997267329468928,-0.6480040561147958,0.4622869917661327,1.3020369527823723,1.2878482448826205,XOM,Exxon Mobil Corporation,,,
2024-11-14,1.3428036772393828,1.1991604164510012,1.2054140803761833,1.2417418931808255,1.246938849832843,-0.8868070015366291,-0.0319656236116768,1.3135231001401375,1.2944844606724404,XOM,Exxon Mobil Corporation,,,
2024-11-15,1.2920339259075273,1.1449404716389515,1.177840054014139,1.189349581168906,1.1923634813776038,-0.1988333561262097,-0.6629016627128187,1.3094765111505802,1.2959410933275874,XOM,Exxon Mobil Corporation,,,
2024-11-18,1.332650172818954,1.1883164274885911,1.1511279008743414,1.1954619676052856,1.1659420911984937,-0.7496793238985417,0.409410268687677,1.316570640201877,1.3009263776521036,XOM,Exxon Mobil Corporation,,,
2024-11-19,1.264415362069066,1.115444808423904,1.1136443047064106,1.1487456809272028,1.1642095031014743,-1.053640524693611,-0.8685406204787706,1.3048745187748163,1.2993078956058113,XOM,Exxon Mobil Corporation,,,
2024-11-20,1.3330562110881272,1.1887502797081255,1.144665166540791,1.1679562286415806,1.139087471380782,-1.0792253280595951,0.7447960688403543,1.3132204056544228,1.304023706528991,XOM,Exxon Mobil Corporation,,,
2024-11-21,1.3984474801082534,1.2585855951006282,1.2342809165715956,1.2391220610651794,1.2218168181121494,-0.6998032665090145,0.6953232669387498,1.3357874032114814,1.3142050545197947,XOM,Exxon Mobil Corporation,,,
2024-11-22,1.3927613520328912,1.252512987756261,1.2627164874475632,1.2989365090212623,1.2538688717635298,-0.8545712940294203,-0.1356017052516652,1.351294618001113,1.3229482884302852,XOM,Exxon Mobil Corporation,,,
2024-11-25,1.3188407316690298,1.1735687613472077,1.2054140803761833,1.21030657259369,1.2369765508893302,0.6629910314404525,-0.9245726575905115,1.3444903569190414,1.3242336159046997,XOM,Exxon Mobil Corporation,,,
2024-11-26,1.237608874768951,1.086816849647928,1.1106284058451972,1.1334647148362549,1.154680433796564,-0.6824147580915961,-1.0233493080197713,1.3191291783593595,1.318080007198252,XOM,Exxon Mobil Corporation,,,
2024-11-27,1.2250181853493212,1.0733704092328693,1.0696983029132534,1.1151275555271185,1.0923085841334337,-1.1114839302454314,-0.2202181614608327,1.296968369060769,1.3113509161799797,XOM,Exxon Mobil Corporation,,,
2024-11-29,1.237202836499778,1.086382997428393,1.0597887331073674,1.0941705641023354,1.0641549363146938,-1.3006626597426374,0.075881260414717,1.2833864277312843,1.3063318624609128,XOM,Exxon Mobil Corporation,,,
2024-12-02,1.2327348232319355,1.08161161581035,1.046863264440269,1.0884948718685767,1.0905763264938038,-0.927387819403481,-0.1232711449583388,1.2720857175591185,1.3013663479615716,XOM,Exxon Mobil Corporation,,,
2024-12-03,1.2254245420798813,1.0738039305201244,1.0692673663021308,1.1077054195829557,1.119596433589748,-1.0339282063955235,-0.1572805300953147,1.2617871126143556,1.2961933087488324,XOM,Exxon Mobil Corporation,,,
2024-12-04,1.0877368057725862,0.926759466664427,1.0188586301754232,0.9592610351993,1.066753653231528,-0.1451567820845541,-1.717555110492491,1.2197259432716112,1.2790796298191334,XOM,Exxon Mobil Corporation,,,
2024-12-05,1.1080444515362189,0.948447444589247,0.935705614478169,0.967992920651248,0.9459083597379075,-0.576652790172881,0.1802799771140192,1.1932444825321862,1.2653522332346894,XOM,Exxon Mobil Corporation,,,
2024-12-06,1.05889949020383,0.8959625777230563,0.8990835628241609,0.943543374905732,0.9385451081686186,-0.5285854123949087,-0.6728293612169701,1.161127385246009,1.248442946547361,XOM,Exxon Mobil Corporation,,,
2024-12-09,1.0316869646345426,0.8669007667275449,0.9064081703799554,0.9107983048108114,0.9428764131824716,-0.3864666948160745,-0.4073269248507069,1.1302531745936768,1.2306179813886386,XOM,Exxon Mobil Corporation,,,
2024-12-10,1.0223452182910722,0.856924151271925,0.8607384221423073,0.8671382113509175,0.8973968843935404,0.0231534478438871,-0.1864462923680146,1.1047678279393496,1.2135714199982557,XOM,Exxon Mobil Corporation,,,
2024-12-11,0.9918834311842368,0.8243921843846951,0.7965426728345789,0.8391957781845916,0.8285282424383255,1.3282989450098657,-0.4506292186861476,1.0780571141277544,1.1953287772740144,XOM,Exxon Mobil Corporation,,,
2024-12-12,0.987821456185568,0.8200546549861866,0.7961117362234557,0.8247878673988078,0.8107694622869213,-0.7149252017423322,-0.121041026285568,1.0570110843283715,1.1783784177575616,XOM,Exxon Mobil Corporation,,,
2024-12-13,0.9480179227352624,0.7775460726433361,0.7754313808060844,0.8016480711610765,0.8241969374244726,-0.8794463623579589,-0.5711578579103064,1.031300169492908,1.1593811836726204,XOM,Exxon Mobil Corporation,,,
2024-12-16,0.8517588283391275,0.674745269076349,0.7108046948872327,0.7103986357179357,0.7505634303594129,-0.0609616014327357,-1.2927846338774005,0.9880114374137384,1.1334343554505482,XOM,Exxon Mobil Corporation,,,
2024-12-17,0.833075972574963,0.6547923690973889,0.6147262105228785,0.6505841877618528,0.6223548852965022,-0.3702801570265883,-0.3124641798983834,0.9508856698630024,1.108162291985695,XOM,Exxon Mobil Corporation,,,
2024-12-18,0.7684961431704086,0.5858244272116757,0.6431621101071668,0.6296271963370699,0.6366484892538686,-0.4205912133100338,-0.911835844542228,0.906936122432536,1.079366583339339,XOM,Exxon Mobil Corporation,,,
2024-12-19,0.7315361514498646,0.5463524794732892,0.5931839818832612,0.5816011601512016,0.6288520080459773,-0.0255320862570215,-0.5589671077743237,0.864756705191938,1.0498571615987906,XOM,Exxon Mobil Corporation,,,
2024-12-20,0.7461576691381352,0.5619678500537421,0.5272648148393634,0.5654468056550127,0.5448233028561925,2.2153532684237893,0.1251940328763805,0.8367685251509623,1.024348370923334,XOM,Exxon Mobil Corporation,,,
2024-12-23,0.763622728556168,0.5806195243063771,0.5470836257428126,0.5689396930758236,0.5387594097453203,-0.9734290181229392,0.1623498474622826,0.820132908827881,1.0027328291331716,XOM,Exxon Mobil Corporation,,,
2024-12-24,0.7676840666320618,0.5849570537048857,0.5725036264658881,0.6029945126785283,0.5911689604649375,-1.4860523199270288,-0.0161392089859995,0.8086690321874582,0.98344841804368,XOM,Exxon Mobil Corporation,,,
2024-12-26,0.7713393664387832,0.588860730883858,0.5656099555212163,0.613473174940958,0.5911689604649375,-1.2748031202331258,-0.0215632083694227,0.8009827005746578,0.9662466171490224,XOM,Exxon Mobil Corporation,,,
2024-12-27,0.7709333281696089,0.5884272095966041,0.6069709950642821,0.6060507058967172,0.5816402216174166,-1.012487339861077,-0.0753057180089466,0.795116692130689,0.9505720168026512,XOM,Exxon Mobil Corporation,,,
2024-12-26,103.61848449707033,106.48999786376952,107.02999877929688,105.94000244140624,106.5199966430664,9652400.0,0.0008458361545067,104.1722728983072,107.77477548328176,XOM,Exxon Mobil Corporation,0.0,1.0,0.0
2024-12-27,103.60875701904295,106.4800033569336,107.98999786376952,105.7699966430664,106.3000030517578,11943900.0,-9.387782570413616e-05,104.03139392849114,107.39604653198732,XOM,Exxon Mobil Corporation,5.23054995937855e-06,0.9999939203262328,8.409566589762107e-07
2024-12-30,102.9081802368164,105.76000213623048,106.55999755859376,105.51000213623048,106.3000030517578,11080800.0,-0.0067617526006783,103.75059050557246,106.98805868697178,XOM,Exxon Mobil Corporation,0.0,1.0,0.0
