Date,Adj Close,Close,High,Low,Open,Volume,Daily_Return,EMA_7,EMA_21,Ticker,Company,negative,neutral,positive
2021-01-04,159.3314971923828,159.3314971923828,163.60000610351562,157.2010040283203,163.5,88228000,,159.3314971923828,159.3314971923828,AMZN,Amazon,0.6709786653518677,0.32874178886413574,0.0002794703468680382
2021-01-05,160.92550659179688,160.92550659179688,161.16900634765625,158.2530059814453,158.30050659179688,53110000,0.0100043583817541,159.72999954223633,159.4764071377841,AMZN,Amazon,0.5230708718299866,0.47454139590263367,0.002387731336057186
2021-01-06,156.91900634765625,156.91900634765625,159.87550354003906,156.55799865722656,157.32400512695312,87896000,-0.0248966141477093,159.0272512435913,159.24391615686335,AMZN,Amazon,0.9995859265327454,0.00032140480470843613,9.27449218579568e-05
2021-01-07,158.10800170898438,158.10800170898438,160.427001953125,157.75,157.85000610351562,70290000,0.0075771277744003,158.79743885993958,159.14065120705615,AMZN,Amazon,0.49999332427978516,0.49999943375587463,7.288122105819639e-06
2021-01-08,159.13499450683594,159.13499450683594,159.53199768066406,157.11000061035156,159.0,70754000,0.0064955143746732,158.8818277716637,159.1401369615816,AMZN,Amazon,2.5398134312126786e-05,0.9999737739562988,7.881668580012047e-07
2021-01-11,155.7104949951172,155.7104949951172,157.81900024414062,155.5,157.40049743652344,73668000,-0.0215194622800055,158.08899457752705,158.82835132826665,AMZN,Amazon,0.8680793642997742,0.004636012017726898,0.12728461623191833
2021-01-12,156.04150390625,156.04150390625,157.10699462890625,154.3000030517578,156.0,70292000,0.002125797051401,157.57712190970778,158.57500156262876,AMZN,Amazon,0.8005928993225098,0.0019956009928137064,0.19741155207157135
2021-01-13,158.29449462890625,158.29449462890625,159.49749755859375,156.10400390625,156.4219970703125,66424000,0.0144384068741727,157.7564650895074,158.54950093229036,AMZN,Amazon,0.45306044816970825,0.00010881789785344154,0.5468307733535767
2021-01-14,156.37350463867188,156.37350463867188,158.89999389648438,156.0294952392578,158.37600708007812,61418000,-0.0121355451731773,157.41072497679852,158.35168308741592,AMZN,Amazon,0.5947056412696838,0.16970066726207733,0.2355937957763672
2021-01-15,155.21249389648438,155.21249389648438,157.12750244140625,154.7584991455078,156.1510009765625,84880000,-0.0074246001256428,156.86116720671998,158.0663022518767,AMZN,Amazon,0.018416723236441612,0.00629434222355485,0.975288987159729
2021-01-19,156.03799438476562,156.03799438476562,157.25,154.8000030517578,155.35000610351562,66102000,0.0053185182942283,156.6553740012314,157.88191062759387,AMZN,Amazon,0.0012714782496914268,0.0012242220109328628,0.9975042939186096
2021-01-20,163.16900634765625,163.16900634765625,163.99000549316406,158.75,159.09950256347656,106196000,0.0457004846223967,158.2837820878376,158.36255569305408,AMZN,Amazon,0.9953047633171082,0.002838131273165345,0.0018571127438917756
2021-01-21,165.34950256347656,165.34950256347656,167.42750549316406,164.47850036621094,164.64999389648438,98722000,0.0133634215506248,160.05021220674735,158.9977326812743,AMZN,Amazon,0.9946445226669312,0.0003028743085451424,0.005052583292126656
2021-01-22,164.6114959716797,164.6114959716797,166.0955047607422,164.1580047607422,165.2154998779297,56438000,-0.0044633130451272,161.19053314798043,159.50807479858386,AMZN,Amazon,0.7541784048080444,0.24579818546772003,2.336133547942154e-05
2021-01-25,164.6999969482422,164.6999969482422,168.1945037841797,162.15750122070312,166.4250030517578,74996000,0.0005376354551673,162.06789909804587,159.98006772128008,AMZN,Amazon,0.925238847732544,0.07194817811250687,0.0028130013961344957
2021-01-26,166.30650329589844,166.30650329589844,166.89999389648438,164.14349365234375,164.8179931640625,59104000,0.0097541370821099,163.127550147509,160.55519822806357,AMZN,Amazon,0.8990104794502258,0.10089828819036484,9.118211164604872e-05
2021-01-27,161.62899780273438,161.62899780273438,167.3260040283203,160.35400390625,167.07449340820312,93204000,-0.0281258122831292,162.75291206131533,160.65281637121544,AMZN,Amazon,0.9998241662979126,7.610566535731778e-05,9.97661700239405e-05
2021-01-28,161.88099670410156,161.88099670410156,165.08399963378906,161.4344940185547,161.7519989013672,62984000,0.0015591193708615,162.5349332220119,160.76446912875053,AMZN,Amazon,0.0053772651590406895,0.7448110580444336,0.24981167912483215
2021-01-29,160.30999755859375,160.30999755859375,161.84950256347656,159.2274932861328,161.5,85872000,-0.0097046545146951,161.97869930615735,160.72315353146354,AMZN,Amazon,0.9605664014816284,0.001693367026746273,0.037740156054496765
2021-02-01,167.1439971923828,167.1439971923828,167.51300048828125,161.75149536132812,162.1179962158203,83204000,0.0426299029247456,163.27002377771373,161.3068665915471,AMZN,Amazon,0.40075692534446716,0.3297542929649353,0.26948878169059753
2021-02-02,169.0,169.0,171.38699340820312,168.05650329589844,169.0,141972000,0.011104214562255,164.7025178332853,162.0062423559519,AMZN,Amazon,5.312133453116985e-07,0.999997615814209,1.8663337186808349e-06
2021-02-03,165.62649536132812,165.62649536132812,171.6999969482422,165.43099975585938,171.25050354003906,141776000,-0.0199615659093009,164.933512215296,162.33535626553154,AMZN,Amazon,6.046244607205153e-07,0.9999971389770508,2.2693902792525478e-06
2021-02-04,166.5500030517578,166.5500030517578,167.35000610351562,163.8874969482422,166.5,73414000,0.0055758451473297,165.33763492441145,162.7185059733703,AMZN,Amazon,0.967029333114624,0.011818692088127136,0.021152013912796974
2021-02-05,167.6074981689453,167.6074981689453,168.85000610351562,165.135498046875,165.9499969482422,72416000,0.0063494151774878,165.90510073554492,163.16295980933165,AMZN,Amazon,0.7778179049491882,0.2010304480791092,0.021151669323444366
2021-02-08,166.14700317382812,166.14700317382812,168.25,165.1999969482422,167.9250030517578,65148000,-0.0087137807739665,165.96557634511572,163.43423647883134,AMZN,Amazon,0.987938404083252,0.012050402350723743,1.1237691978749353e-05
2021-02-09,165.25,165.25,166.89999389648438,164.89199829101562,165.62449645996094,44070000,-0.0053988525624483,165.78668225883678,163.59930588984668,AMZN,Amazon,0.0043755508959293365,0.8620027303695679,0.13362166285514832
2021-02-10,164.32899475097656,164.32899475097656,165.8975067138672,162.6999969482422,165.6999969482422,63032000,-0.0055734054403838,165.42226038187172,163.6656412408585,AMZN,Amazon,0.3633190989494324,0.003231118433177471,0.6334497928619385
2021-02-11,163.10650634765625,163.10650634765625,164.60000610351562,162.4029998779297,164.60000610351562,46028000,-0.0074392739100781,164.84332187331785,163.6148107960219,AMZN,Amazon,0.6696422100067139,0.19457846879959106,0.13577932119369507
2021-02-12,163.885498046875,163.885498046875,164.0124969482422,161.66549682617188,162.5,46706000,0.004775969497859,164.60386591670715,163.63941872791764,AMZN,Amazon,0.334188312292099,0.00022535346215590835,0.6655863523483276
2021-02-16,163.44749450683594,163.44749450683594,165.4149932861328,162.67950439453125,162.70249938964844,51494000,-0.0026726192693009,164.31477306423935,163.62197107145568,AMZN,Amazon,0.9998753070831299,4.6114753786241636e-05,7.850520341889933e-05
2021-02-17,165.4320068359375,165.4320068359375,166.04550170898438,162.97500610351562,163.17999267578125,65950000,0.0121415891695946,164.59408150716388,163.78651977731766,AMZN,Amazon,0.3895111680030823,7.178909436333925e-05,0.6104170680046082
2021-02-18,166.4114990234375,166.4114990234375,166.89999389648438,163.69700622558594,164.12100219726562,60548000,0.0059208142742981,165.04843588623228,164.02515425423766,AMZN,Amazon,0.9998650550842285,0.0001179819882963784,1.6938434782787226e-05
2021-02-19,162.4949951171875,162.4949951171875,166.6750030517578,162.28750610351562,166.4114990234375,86104000,-0.0235350557457474,164.4100756939711,163.8860488781422,AMZN,Amazon,0.33221331238746643,0.6666868329048157,0.0010998734505847096
2021-02-22,159.03700256347656,159.03700256347656,161.61599731445312,158.61300659179688,160.406494140625,70314000,-0.0212806096041119,163.06680741134747,163.44522648589984,AMZN,Amazon,0.6048714518547058,7.020739576546475e-05,0.39505839347839355
2021-02-23,159.72500610351562,159.72500610351562,160.2364959716797,154.67999267578125,156.35150146484375,93544000,0.0043260595267096,162.23135708438951,163.1070246329558,AMZN,Amazon,0.6022186279296875,0.3976949155330658,8.641550812171772e-05
2021-02-24,157.97650146484375,157.97650146484375,158.56149291992188,156.2689971923828,158.33749389648438,60226000,-0.0109469686765182,161.16764317950307,162.64061343585473,AMZN,Amazon,0.8442652821540833,0.15527096390724182,0.00046381892752833664
2021-02-25,152.85800170898438,152.85800170898438,158.91299438476562,152.38800048828125,156.83700561523438,90676000,-0.0324003868195451,159.0902328118734,161.75128509704834,AMZN,Amazon,0.9974379539489746,4.3179854401387274e-05,0.0025188582949340343
2021-02-26,154.64649963378906,154.64649963378906,156.1219940185547,151.8350067138672,154.75999450683594,85518000,0.0117003879732098,157.9792995173523,161.1053955094793,AMZN,Amazon,4.849465767620131e-06,0.9999932050704956,1.8739501683739945e-06
2021-03-01,157.3070068359375,157.3070068359375,157.47799682617188,154.89950561523438,156.39450073242188,54582000,0.0172037983947173,157.8112263469986,160.7600874482482,AMZN,Amazon,0.4760087728500366,0.012434461154043674,0.5115568041801453
2021-03-02,154.72650146484375,154.72650146484375,158.17599487304688,154.3560028076172,157.17349243164062,51916000,-0.0164042621050254,157.0400451264599,160.21157963157506,AMZN,Amazon,0.785811722278595,0.05067590996623039,0.16351233422756195
2021-03-03,150.25,150.25,155.38900756835938,149.75,154.0590057373047,79774000,-0.0289317047982299,155.34253384484492,159.30598148325004,AMZN,Amazon,0.3004763126373291,0.013936232775449753,0.6855875253677368
2021-03-04,148.8784942626953,148.8784942626953,152.906494140625,147.27149963378906,150.60000610351562,109632000,-0.0091281579853889,153.72652394930753,158.35802809956323,AMZN,Amazon,1.7202837909735536e-07,7.900087553025514e-07,0.9999990463256836
2021-03-05,150.0229949951172,150.0229949951172,150.4499969482422,144.0500030517578,150.25,107772000,0.0076874819166454,152.80064171075995,157.60029781734085,AMZN,Amazon,0.4395782947540283,0.00021320146333891898,0.5602085590362549
2021-03-08,147.59750366210938,147.59750366210938,153.22950744628906,147.5655059814453,150.75,83700000,-0.0161674637483857,151.4998571985973,156.69095289413798,AMZN,Amazon,0.0014496330404654145,0.16303685307502747,0.8355135917663574
2021-03-09,153.1425018310547,153.1425018310547,154.54800415039062,150.25750732421875,150.89950561523438,80600000,0.0375683736605689,151.91051835671166,156.36836643385766,AMZN,Amazon,0.2912478446960449,0.49668049812316895,0.21207165718078613
2021-03-10,152.8820037841797,152.8820037841797,155.822998046875,151.50250244140625,154.92250061035156,60250000,-0.0017010173123747,152.15338971357866,156.05142437479603,AMZN,Amazon,0.9997629523277283,0.00020212552044540644,3.495940109132789e-05
2021-03-11,155.67950439453125,155.67950439453125,156.58900451660156,154.14649963378906,155.20050048828125,55528000,0.0182984297766055,153.0349183838168,156.01761346749922,AMZN,Amazon,0.5957123041152954,0.40037456154823303,0.003913159482181072
2021-03-12,154.47450256347656,154.47450256347656,154.94900512695312,152.27499389648438,153.75,48438000,-0.0077402727850476,153.3948144287317,155.8773306580426,AMZN,Amazon,0.5042189359664917,0.0019884102512151003,0.49379265308380127
2021-03-15,154.08399963378906,154.08399963378906,154.11199951171875,151.60450744628906,153.72850036621094,58272000,-0.0025279442445658,153.56711072999607,155.71430056492866,AMZN,Amazon,0.5552273392677307,0.04318470507860184,0.40158796310424805
2021-03-16,154.59300231933594,154.59300231933594,156.44549560546875,153.79299926757812,155.24850463867188,50776000,0.0033034103914528,153.82358362733103,155.61236436078386,AMZN,Amazon,0.9381229281425476,0.061438750475645065,0.000438294664490968
2021-03-17,156.7864990234375,156.7864990234375,158.65249633789062,153.51100158691406,153.66099548339844,62372000,0.0141888485972383,154.56431247635766,155.71910387557057,AMZN,Amazon,0.20009203255176544,0.7998949885368347,1.2965449059265666e-05
2021-03-18,151.39950561523438,151.39950561523438,155.8314971923828,151.25,155.0500030517578,72992000,-0.0343587837075043,153.77311076107685,155.3264131246309,AMZN,Amazon,0.3171738088130951,0.6582378149032593,0.024588335305452347
2021-03-19,153.7480010986328,153.7480010986328,153.864501953125,150.8314971923828,151.4615020751953,92508000,0.0155119098563432,153.76683334546584,155.18292112226743,AMZN,Amazon,0.6828834414482117,5.950872218818404e-05,0.3170570433139801
2021-03-22,155.5435028076172,155.5435028076172,156.32899475097656,153.00250244140625,153.3925018310547,58044000,0.011678211724083,154.2110007110037,155.21570127548102,AMZN,Amazon,0.7263132333755493,0.12949363887310028,0.1441931426525116
2021-03-23,156.875,156.875,159.10000610351562,156.04249572753906,156.35000610351562,76346000,0.0085602880759967,154.87700053325278,155.36654661407366,AMZN,Amazon,0.658614456653595,0.007521667052060366,0.33386388421058655
2021-03-24,154.35350036621094,154.35350036621094,158.0155029296875,154.25750732421875,157.552001953125,59180000,-0.0160733044384959,154.7461254914923,155.2744515006316,AMZN,Amazon,0.8646813631057739,0.026895159855484962,0.10842348635196686
2021-03-25,152.31300354003906,152.31300354003906,155.48899841308594,151.85699462890625,153.64950561523438,71270000,-0.0132196342896707,154.137845003629,155.00522895875952,AMZN,Amazon,0.8041156530380249,0.1956707090139389,0.00021366076543927193
2021-03-26,152.60150146484375,152.60150146484375,152.83299255371094,149.8000030517578,152.2030029296875,66258000,0.0018941122432061,153.7537591189327,154.78670827749443,AMZN,Amazon,0.0027271388098597527,8.728016837267205e-05,0.9971855282783508
2021-03-29,153.7864990234375,153.7864990234375,154.5625,151.42250061035156,152.77200317382812,54920000,0.0077653073345858,153.76194409505888,154.69578016348927,AMZN,Amazon,0.5869972705841064,0.4124494194984436,0.0005532936775125563
2021-03-30,152.76449584960938,152.76449584960938,153.64999389648438,151.6999969482422,153.50050354003906,46752000,-0.0066455975024983,153.5125820336965,154.52020886222746,AMZN,Amazon,0.0027271388098597527,8.728016837267205e-05,0.9971855282783508
2021-03-31,154.70399475097656,154.70399475097656,155.9665069580078,153.125,153.2030029296875,61878000,0.0126960056430687,153.81043521301652,154.53691667029557,AMZN,Amazon,0.7352529168128967,0.019715426489710808,0.24503162503242493
2021-04-01,158.0500030517578,158.0500030517578,158.1219940185547,155.77749633789062,155.89700317382812,58806000,0.021628454431104,154.87032717270185,154.8562881595194,AMZN,Amazon,0.4972299635410309,0.20062890648841858,0.30214112997055054
2021-04-05,161.3365020751953,161.3365020751953,161.79800415039062,158.06199645996094,158.64999389648438,66698000,0.0207940459346984,156.4868708983252,155.44539851548993,AMZN,Amazon,0.9999924898147583,4.195627298031468e-06,3.2991331408993574e-06
2021-04-06,161.1909942626953,161.1909942626953,162.36549377441406,160.8520050048828,161.1875,50756000,-0.0009018902147276,157.66290173941775,155.9677254015995,AMZN,Amazon,0.4955713450908661,0.06953144073486328,0.4348972737789154
2021-04-07,163.96949768066406,163.96949768066406,165.1804962158203,161.1824951171875,161.69000244140625,66924000,0.017237336556412,159.23955072472933,156.69515924515082,AMZN,Amazon,0.9991368651390076,0.0002632809046190232,0.0005999928107485175
2021-04-08,164.96499633789062,164.96499633789062,166.22500610351562,164.60000610351562,165.5449981689453,56242000,0.006071242952548,160.6709121280197,157.44696261721808,AMZN,Amazon,0.8334057927131653,0.16651590168476105,7.826104410924017e-05
2021-04-09,168.61000061035156,168.61000061035156,168.61000061035156,164.44500732421875,165.23500061035156,86830000,0.0220956224252266,162.65568424860265,158.46178425295747,AMZN,Amazon,0.5299464464187622,0.005397251341491938,0.4646562933921814
2021-04-12,168.96949768066406,168.96949768066406,169.7519989013672,167.5574951171875,167.760498046875,65636000,0.0021321218730274,164.234137606618,159.4170309282035,AMZN,Amazon,0.9973374009132385,0.002645862055942416,1.6751027942518704e-05
2021-04-13,170.0,170.0,171.60000610351562,169.781494140625,170.04249572753906,66316000,0.0060987476052245,165.6756032049635,160.37911902563957,AMZN,Amazon,0.25236305594444275,0.006751819979399443,0.7408851981163025
2021-04-14,166.64999389648438,166.64999389648438,170.2064971923828,166.3000030517578,170.20199584960938,62904000,-0.0197059182559742,165.9192008778437,160.9491985593527,AMZN,Amazon,0.7343690991401672,0.014855865389108658,0.25077512860298157
2021-04-15,168.95449829101562,168.95449829101562,169.85000610351562,167.60000610351562,168.5500030517578,64672000,0.0138284097145704,166.6780252311367,161.67695308041297,AMZN,Amazon,0.9999297857284546,6.554861465701833e-05,4.598895429808181e-06
2021-04-16,169.9720001220703,169.9720001220703,170.33999633789062,167.7794952392578,169.0,63720000,0.0060223423545793,167.50151895387012,162.4310482660182,AMZN,Amazon,0.39555624127388,0.3137062191963196,0.2907375395298004
2021-04-19,168.60049438476562,168.60049438476562,171.79649353027344,168.00799560546875,169.51649475097656,54508000,-0.0080690098152619,167.776262811594,162.99190700408616,AMZN,Amazon,0.010051409713923931,0.9899405837059021,8.003951734281145e-06
2021-04-20,166.7344970703125,166.7344970703125,169.14950561523438,165.8000030517578,168.67999267578125,52460000,-0.0110675672764914,167.5158213762736,163.33214246465218,AMZN,Amazon,0.007615447510033846,0.0017741755582392216,0.9906104207038879
2021-04-21,168.1009979248047,168.1009979248047,168.14300537109375,165.1905059814453,165.8000030517578,44224000,0.0081956696334768,167.66211551340638,163.76567477921148,AMZN,Amazon,0.9999779462814331,4.726994120574091e-06,1.7250491509912536e-05
2021-04-22,165.45199584960938,165.45199584960938,168.64349365234375,165.07249450683594,168.58399963378906,51612000,-0.0157583958923329,167.1095855974571,163.91897669470217,AMZN,Amazon,0.0008326546521857381,0.0015141282929107547,0.9976531863212585
2021-04-23,167.04400634765625,167.04400634765625,168.75,165.4250030517578,165.9550018310547,63856000,0.0096221897467707,167.0931907850069,164.20307029951618,AMZN,Amazon,0.998315691947937,2.4525372282369062e-05,0.0016597530338913202
2021-04-26,170.4499969482422,170.4499969482422,171.42250061035156,166.5469970703125,167.39999389648438,97614000,0.0203897803642072,167.93239232581573,164.77097272212765,AMZN,Amazon,0.8253411054611206,0.00040546455420553684,0.1742534637451172
2021-04-27,170.8715057373047,170.8715057373047,173.0,169.90049743652344,172.17349243164062,76542000,0.0024729175512423,168.66717067868797,165.32556663259828,AMZN,Amazon,0.7138095498085022,0.2860352098941803,0.00015516097482759506
2021-04-28,172.9250030517578,172.9250030517578,174.49400329589844,171.25,171.74000549316406,92638000,0.0120177867315698,169.73162877195543,166.0164244888855,AMZN,Amazon,0.9995114207267761,0.0002730917767621577,0.0002154321118723601
2021-04-29,173.5655059814453,173.5655059814453,175.72250366210938,171.75,175.2550048828125,153648000,0.0037039347600635,170.6900980743279,166.70270462457273,AMZN,Amazon,0.17288672924041748,0.8263924717903137,0.0007208212628029287
2021-04-30,173.37100219726562,173.37100219726562,177.6999969482422,173.125,176.25599670410156,140186000,-0.0011206361718005,171.36032410506232,167.30891349481757,AMZN,Amazon,2.8295044529613733e-08,1.0,7.314915251299681e-08
2021-05-03,169.32449340820312,169.32449340820312,174.33250427246094,168.63499450683594,174.2364959716797,117510000,-0.0233401707193126,170.85136643084752,167.49214803239803,AMZN,Amazon,6.360505267366534e-06,0.9999921917915344,1.4217314401321346e-06
2021-05-04,165.593505859375,165.593505859375,168.3990020751953,163.60650634765625,167.8094940185547,108788000,-0.0220345413338018,169.5369012879794,167.31954419848685,AMZN,Amazon,0.39486005902290344,0.4005887508392334,0.20455114543437958
2021-05-05,163.52699279785156,163.52699279785156,167.73500061035156,163.21800231933594,166.9429931640625,74226000,-0.0124794329994942,168.03442416544743,166.9747667984291,AMZN,Amazon,0.7999976277351379,0.19999583065509796,6.605930593650555e-06
2021-05-06,165.31849670410156,165.31849670410156,165.72000122070312,162.36000061035156,163.5,88954000,0.0109554017694475,167.35544230011095,166.82419678985386,AMZN,Amazon,0.666648805141449,1.6043419236666523e-05,0.33333516120910645
2021-05-07,164.58050537109375,164.58050537109375,166.54449462890625,164.45350646972656,165.95449829101562,94206000,-0.0044640578502762,166.66170806785664,166.62022484269383,AMZN,Amazon,0.7471060752868652,0.005903448909521103,0.24699044227600098
2021-05-10,159.52450561523438,159.52450561523438,164.14999389648438,159.5,164.11599731445312,116772000,-0.0307205263737596,164.87740745470109,165.97515945837932,AMZN,Amazon,0.833423376083374,0.00013272764044813812,0.1664438545703888
2021-05-11,161.19549560546875,161.19549560546875,161.89999389648438,156.36849975585938,156.81399536132812,92396000,0.0104748169178767,163.956929492393,165.5406445626602,AMZN,Amazon,0.27266979217529297,0.21000008285045624,0.5173301696777344
2021-05-12,157.5970001220703,157.5970001220703,160.39700317382812,156.65499877929688,159.25,98728000,-0.0223237967654249,162.36694714981232,164.8184950680611,AMZN,Amazon,0.9301042556762695,0.0698278471827507,6.786263111280277e-05
2021-05-13,158.07350158691406,158.07350158691406,160.19200134277344,156.64999389648438,159.27349853515625,67018000,0.0030235440044839,161.29358575908776,164.20531384250228,AMZN,Amazon,0.9977110624313354,0.0008630233351141214,0.0014259290182963014
2021-05-14,161.14500427246094,161.14500427246094,161.4429931640625,159.14999389648438,159.2779998779297,66500000,0.0194308511844918,161.25644038743104,163.92710388158943,AMZN,Amazon,0.999840259552002,5.355299890652532e-06,0.00015436594549100846
2021-05-17,163.51950073242188,163.51950073242188,164.6374969482422,161.72950744628906,162.29649353027344,74478000,0.0147351540352203,161.82220547367876,163.89004904984694,AMZN,Amazon,0.7540937662124634,0.0012246391270309687,0.24468164145946503
2021-05-18,161.61399841308594,161.61399841308594,165.60000610351562,161.51849365234375,164.62899780273438,56568000,-0.011653058569779,161.77015370853056,163.68313535559594,AMZN,Amazon,0.5488719940185547,0.2527441084384918,0.19838392734527588
2021-05-19,161.58999633789062,161.58999633789062,161.7375030517578,159.1999969482422,159.75,53594000,-0.000148514828115,161.72511436587058,163.49284999035,AMZN,Amazon,0.05459148436784744,0.20062431693077087,0.7447841763496399
2021-05-20,162.38400268554688,162.38400268554688,162.98399353027344,161.8090057373047,162.22000122070312,52664000,0.0049137097942373,161.88983644578963,163.39204568991337,AMZN,Amazon,0.019324738532304764,0.39859041571617126,0.5820847749710083
2021-05-21,160.1540069580078,160.1540069580078,162.83450317382812,159.85049438476562,162.5,82098000,-0.0137328535487415,161.4558790738442,163.0976785324674,AMZN,Amazon,0.02512022852897644,0.004463427234441042,0.9704163670539856
2021-05-24,162.24949645996094,162.24949645996094,162.8975067138672,160.52499389648438,160.77499389648438,48456000,0.0130842152610177,161.65428342037336,163.02057107133044,AMZN,Amazon,0.3653906583786011,0.6187393665313721,0.01587003469467163
2021-05-25,162.95249938964844,162.95249938964844,163.99099731445312,160.68800354003906,163.33349609375,65222000,0.0043328512262037,161.97883741269214,163.01438273663206,AMZN,Amazon,0.35315266251564026,0.33553293347358704,0.3113143742084503
2021-05-26,163.25799560546875,163.25799560546875,164.7864990234375,162.92550659179688,163.72950744628906,47680000,0.0018747562447005,162.29862696088628,163.03652936107176,AMZN,Amazon,0.12550702691078186,0.20147010684013367,0.6730228662490845
2021-05-27,161.5054931640625,161.5054931640625,163.01800537109375,161.5019989013672,162.8000030517578,51224000,-0.0107345581140256,162.10034351168034,162.89734425225274,AMZN,Amazon,0.9999608993530273,1.5162067938945256e-05,2.3937522200867534e-05
2021-05-28,161.15350341796875,161.15350341796875,162.39950561523438,160.98500061035156,162.10000610351562,46596000,-0.002179428942,161.86363348825245,162.73881326731782,AMZN,Amazon,0.8472745418548584,0.0002885253052227199,0.15243691205978394
2021-06-01,160.9324951171875,160.9324951171875,162.5489959716797,160.4530029296875,162.1750030517578,48600000,-0.0013714148069622,161.63084889548622,162.57460252639686,AMZN,Amazon,0.5957452058792114,0.4002528190612793,0.004001995548605919
2021-06-02,161.69949340820312,161.69949340820312,161.75,160.39999389648438,161.15499877929688,40290000,0.004765962837133,161.64801002366545,162.49504715201562,AMZN,Amazon,0.9164861440658569,0.0834619551897049,5.184944166103378e-05
2021-06-03,159.35049438476562,159.35049438476562,160.7220001220703,159.20150756835938,160.2115020751953,47966000,-0.0145269411420329,161.0736311139405,162.20917871862926,AMZN,Amazon,0.9998030066490173,0.0001484658569097519,4.847575110034086e-05
2021-06-04,160.31100463867188,160.31100463867188,161.0500030517578,159.9405059814453,160.60000610351562,44994000,0.0060276578219269,160.88297449512334,162.03661743863313,AMZN,Amazon,0.8901431560516357,0.0008398870122618973,0.10901698470115662
2021-06-07,159.90049743652344,159.90049743652344,160.39999389648438,158.61000061035156,159.8665008544922,44316000,-0.0025606925929613,160.63735523047336,161.84242471116863,AMZN,Amazon,0.2141510248184204,0.785707414150238,0.00014154540258459747
2021-06-08,163.20550537109375,163.20550537109375,163.97650146484375,160.90049743652344,161.1304931640625,68334000,0.0206691535520853,161.27939276562847,161.96634113479817,AMZN,Amazon,0.9998689889907837,2.0573636447807075e-06,0.00012899174180347472
2021-06-09,164.0574951171875,164.0574951171875,164.87899780273438,163.53500366210938,163.64349365234375,49110000,0.0052203493022893,161.97391835351823,162.15644604228808,AMZN,Amazon,0.43834251165390015,0.48206791281700134,0.07958953082561493
2021-06-10,167.4824981689453,167.4824981689453,167.5500030517578,164.0574951171875,164.10049438476562,69530000,0.0208768459454491,163.351063307375,162.64063259925692,AMZN,Amazon,0.9790580868721008,0.00014147351612336934,0.020800400525331497
2021-06-11,167.3415069580078,167.3415069580078,168.32899475097656,166.67250061035156,167.4824981689453,56348000,-0.0008418265339896,164.34867422003322,163.0679848136888,AMZN,Amazon,0.8890227675437927,0.0005667731165885925,0.11041054874658585
2021-06-14,169.19349670410156,169.19349670410156,169.25,166.77499389648438,167.3415069580078,51394000,0.0110671272164322,165.5598798410503,163.62484953099906,AMZN,Amazon,0.9086412191390991,0.0022588823921978474,0.08909988403320312
2021-06-15,169.156494140625,169.156494140625,169.84950256347656,168.15550231933594,169.1999969482422,48524000,-0.0002186996793457,166.45903341594396,164.12772631369234,AMZN,Amazon,0.7970488667488098,0.1945188045501709,0.00843230914324522
2021-06-16,170.7624969482422,170.7624969482422,171.3175048828125,168.02650451660156,169.60000610351562,84056000,0.0094941835711142,167.53489929901852,164.73088728046957,AMZN,Amazon,0.5017492175102234,0.24050113558769226,0.25774967670440674
2021-06-17,174.46200561523438,174.46200561523438,174.86000061035156,170.0500030517578,170.15899658203125,102730000,0.0216646437778049,169.26667587807248,165.61553440181183,AMZN,Amazon,0.3320632576942444,0.0008849215810187161,0.6670517921447754
2021-06-18,174.34500122070312,174.34500122070312,175.35000610351562,173.6855010986328,173.99949645996094,104954000,-0.0006706583139327,170.53625721373015,166.4091222944383,AMZN,Amazon,0.7445100545883179,0.21569447219371796,0.03979552909731865
2021-06-21,172.697998046875,172.697998046875,174.10000610351562,171.6999969482422,173.8209991455078,65542000,-0.009446804682075,171.07669242201638,166.98083827193256,AMZN,Amazon,0.7932168245315552,0.206722229719162,6.092264084145427e-05
2021-06-22,175.27200317382812,175.27200317382812,176.18899536132812,172.80450439453125,172.9029998779297,66902000,0.0149046610618754,172.12552010996933,167.73458053574123,AMZN,Amazon,0.9999213218688965,2.1431405912153423e-06,7.654737419215962e-05
2021-06-23,175.1909942626953,175.1909942626953,176.0500030517578,174.16000366210938,175.25,56266000,-0.0004621896804161,172.89188864815085,168.4124363291007,AMZN,Amazon,0.5255463123321533,0.4709708094596863,0.003482916159555316
2021-06-24,172.45399475097656,172.45399475097656,176.2429962158203,171.54249572753906,175.3820037841797,76640000,-0.0156229463919513,172.78241517385726,168.7798507310894,AMZN,Amazon,7.888891317975322e-09,1.0,5.103389710825468e-09
2021-06-25,170.072998046875,170.072998046875,173.24099731445312,169.70899963378906,173.1999969482422,78820000,-0.0138065616139523,172.10506089211168,168.897409577979,AMZN,Amazon,0.8016072511672974,0.19830310344696045,8.966580935521051e-05
2021-06-28,172.1945037841797,172.1945037841797,172.39999389648438,170.67550659179688,170.8000030517578,44856000,0.0124740891362422,172.1274216151287,169.19714541490632,AMZN,Amazon,0.3553774356842041,0.6241044998168945,0.020518027245998383
2021-06-29,172.40699768066406,172.40699768066406,172.80149841308594,171.15150451660156,171.9409942626953,41968000,0.0012340341405479,172.19731563151254,169.48895016633884,AMZN,Amazon,0.9995685815811157,0.00041819739271886647,1.3244542060419917e-05
2021-06-30,172.00799560546875,172.00799560546875,173.5800018310547,171.75,172.05299377441406,48080000,-0.0023143032508132,172.1499856250016,169.71795429716883,AMZN,Amazon,0.6664077639579773,0.33337119221687317,0.00022104759409558028
2021-07-01,171.64849853515625,171.64849853515625,172.85000610351562,170.4709930419922,171.73049926757812,40742000,-0.002090002090002,172.02461385254026,169.89345831880405,AMZN,Amazon,0.000583730754442513,0.9994155168533325,7.736616112197225e-07
2021-07-02,175.5489959716797,175.5489959716797,175.58599853515625,171.8459930419922,172.58200073242188,63388000,0.0227237492306089,172.9057093823251,170.40759810542912,AMZN,Amazon,0.9998949766159058,1.4310559208752238e-06,0.00010355889389757067
2021-07-06,183.78700256347656,183.78700256347656,184.2740020751953,176.4499969482422,176.5054931640625,134896000,0.0469271074220547,175.62603267761298,171.62390760161523,AMZN,Amazon,0.47386011481285095,0.22034315764904022,0.30579671263694763
2021-07-07,184.82899475097656,184.82899475097656,186.7100067138672,183.94549560546875,185.86900329589844,106562000,0.0056695640767094,177.92677319595387,172.82437006973896,AMZN,Amazon,0.7162890434265137,0.24327386915683746,0.040437109768390656
2021-07-08,186.57049560546875,186.57049560546875,187.9994964599609,181.05599975585935,182.1779937744141,103612000,0.0094222275938824,180.0877037983326,174.07401784571437,AMZN,Amazon,0.9481511116027832,0.004680580459535122,0.0471683032810688
2021-07-09,185.9669952392578,185.9669952392578,187.3999938964844,184.6699981689453,186.12600708007807,74964000,-0.0032347042025718,181.55752665856392,175.15519760876376,AMZN,Amazon,0.5841500759124756,0.4017123579978943,0.014137570746243
2021-07-12,185.9275054931641,185.9275054931641,187.864501953125,184.8394927978516,187.1999969482422,51432000,-0.0002123481429753,182.65002136721395,176.13449832552743,AMZN,Amazon,0.20513105392456055,0.0010706383036449552,0.7937983274459839
2021-07-13,183.8679962158203,183.8679962158203,188.6540069580078,183.5659942626953,185.10499572753903,76918000,-0.0110769478237283,182.95451507936556,176.8375435882813,AMZN,Amazon,0.002511250786483288,0.991184651851654,0.006304072681814432
2021-07-14,184.08399963378903,184.08399963378903,185.88299560546875,183.04150390625,185.4425048828125,65932000,0.0011747744165069,183.2368862179714,177.49631231969113,AMZN,Amazon,0.9905011653900146,0.00028636754723265767,0.009212453849613667
2021-07-15,181.55999755859372,181.55999755859372,184.7700042724609,181.04600524902344,184.7100067138672,63706000,-0.0137111431749444,182.81766405312695,177.86573825050047,AMZN,Amazon,0.01657560095191002,0.0009059694712050259,0.9825183749198914
2021-07-16,178.68150329589844,178.68150329589844,182.3029937744141,178.5229949951172,181.66549682617188,80874000,-0.0158542316666773,181.78362386381983,177.939898709173,AMZN,Amazon,0.1623954325914383,0.00012451864313334227,0.8374800682067871
2021-07-19,177.47950744628906,177.47950744628906,177.510498046875,174.95799255371094,176.62899780273438,75692000,-0.0067270300923025,180.70759475943717,177.89804495800175,AMZN,Amazon,0.5438188314437866,0.000777366163674742,0.45540380477905273
2021-07-20,178.6595001220703,178.6595001220703,179.60000610351562,175.89999389648438,178.36599731445312,65114000,0.0066486136498793,180.19557110009544,177.96726815473525,AMZN,Amazon,0.6948834657669067,0.3039284348487854,0.00118814199231565
2021-07-21,179.25999450683594,179.25999450683594,179.32249450683594,177.1820068359375,178.81900024414062,46380000,0.0033611108525173,179.96167695178056,178.08478873219894,AMZN,Amazon,0.9999467134475708,9.079450137505773e-06,4.417619129526429e-05
2021-07-22,181.9015045166016,181.9015045166016,182.00100708007807,179.11349487304688,179.3614959716797,65308000,0.014735635895966,180.44663384298585,178.43176289441735,AMZN,Amazon,0.3360336124897003,0.00026751155382953584,0.6636988520622253
2021-07-23,182.83200073242188,182.83200073242188,183.3054962158203,181.1020050048828,182.0,48726000,0.0051153849347924,181.0429755653448,178.83178451605414,AMZN,Amazon,0.33475324511528015,0.0020063454285264015,0.6632404327392578
2021-07-26,184.99099731445312,184.99099731445312,185.60400390625,182.3625030517578,183.6584930419922,58002000,0.0118086361981619,182.0299810026219,179.39171295227223,AMZN,Amazon,0.9995242953300476,0.00027237655012868345,0.00020327491802163422
2021-07-27,181.3195037841797,181.3195037841797,184.9250030517578,179.3074951171875,184.9250030517578,82638000,-0.0198468767862931,181.85236169801132,179.56696666426382,AMZN,Amazon,0.39386072754859924,0.0020555949304252863,0.6040836572647095
2021-07-28,181.51600646972656,181.51600646972656,182.92100524902344,180.0500030517578,181.68899536132807,59988000,0.0010837371680696,181.76827289094012,179.74415210112406,AMZN,Amazon,0.33271369338035583,0.17477750778198242,0.49250876903533936
2021-07-29,179.99600219726562,179.99600219726562,181.8975067138672,179.00050354003906,181.3874969482422,110400000,-0.0083739406899878,181.32520521752156,179.7670475644097,AMZN,Amazon,0.20007070899009705,0.25770479440689087,0.5422245264053345
2021-07-30,166.37950134277344,166.37950134277344,168.40699768066406,165.3489990234375,167.3975067138672,199312000,-0.0756489071327776,177.5887792488345,178.54999790789728,AMZN,Amazon,5.936958405072801e-05,0.40027379989624023,0.5996667146682739
2021-08-02,166.57400512695312,166.57400512695312,167.9459991455078,165.85000610351562,167.65499877929688,67078000,0.0011690369463182,174.83508571836416,177.46127129144782,AMZN,Amazon,0.9984725713729858,6.71650268486701e-05,0.0014601480215787888
2021-08-03,168.31199645996094,168.31199645996094,169.5500030517578,164.98849487304688,167.03599548339844,83146000,0.0104337488414427,173.20431340376336,176.62951903403993,AMZN,Amazon,0.9999567270278931,9.26595362216176e-07,4.232988430885598e-05
2021-08-04,167.73599243164062,167.73599243164062,169.44400024414062,167.2779998779297,168.96749877929688,43678000,-0.0034222398904129,171.8372331607327,175.82101661564,AMZN,Amazon,0.25874021649360657,0.578612744808197,0.1626470535993576
2021-08-05,168.79949951171875,168.79949951171875,169.4499969482422,167.04600524902344,167.81100463867188,48670000,0.0063403629993816,171.0777997484792,175.18269687891987,AMZN,Amazon,0.8066031336784363,0.006850784178823233,0.18654611706733704
2021-08-06,167.2469940185547,167.2469940185547,168.75,166.45199584960938,168.75,52752000,-0.0091973346938524,170.12009831599806,174.46126934615938,AMZN,Amazon,0.6116083860397339,0.20208027958869934,0.18631133437156677
2021-08-09,167.093505859375,167.093505859375,167.74400329589844,166.42599487304688,167.1804962158203,42964000,-0.0009177334401756,169.36345020184228,173.7914726655426,AMZN,Amazon,0.4471713602542877,0.0056107062846422195,0.5472179651260376
2021-08-10,166.03399658203125,166.03399658203125,167.89999389648438,165.75,167.25050354003906,48252000,-0.0063408166098054,168.53108679688953,173.08624756704157,AMZN,Amazon,0.5208163857460022,0.038239676505327225,0.44094395637512207
2021-08-11,164.60549926757812,164.60549926757812,166.88499450683594,163.88949584960938,166.57249450683594,58944000,-0.0086036434938633,167.54968991456167,172.31527044890854,AMZN,Amazon,0.9996180534362793,0.0002697676536627114,0.00011210542288608849
2021-08-12,165.1750030517578,165.1750030517578,165.72549438476562,163.48350524902344,164.5,46282000,0.0034598101929383,166.9560181988607,171.66615523098574,AMZN,Amazon,0.9381011128425598,1.290332329517696e-05,0.061885934323072433
2021-08-13,164.69850158691406,164.69850158691406,165.30349731445312,164.14999389648438,165.2834930419922,41134000,-0.0028848279463596,166.39163904587406,171.03273217243375,AMZN,Amazon,8.47807496029418e-06,0.9999744296073914,1.7087864762288518e-05
2021-08-16,164.94949340820312,164.94949340820312,165.0,160.55650329589844,164.14999389648438,66394000,0.001523947205777,166.03110263645632,170.4797104665946,AMZN,Amazon,0.8314288854598999,0.16301363706588745,0.0055574639700353146
2021-08-17,162.09800720214844,162.09800720214844,164.02450561523438,161.28399658203125,163.875,67758000,-0.0172870261504718,165.04782877787935,169.71773744255404,AMZN,Amazon,0.014053004793822765,0.9777728915214539,0.00817403569817543
2021-08-18,160.06100463867188,160.06100463867188,162.7050018310547,160.0,162.09950256347656,56086000,-0.0125664873901643,163.80112274307749,168.8398526422011,AMZN,Amazon,0.9975404739379883,0.0002647488727234304,0.0021947983186692
2021-08-19,159.3874969482422,159.3874969482422,161.64999389648438,159.1230010986328,159.7010040283203,75658000,-0.0042078187123096,162.69771629436866,167.9805475791139,AMZN,Amazon,0.5063683986663818,0.3134007751941681,0.18023090064525604
2021-08-20,159.99749755859375,159.99749755859375,160.3905029296875,158.78799438476562,160.19349670410156,67168000,0.0038271547143353,162.02266161042493,167.25481575906662,AMZN,Amazon,0.21390926837921143,7.264007763296831e-06,0.786083459854126
2021-08-23,163.2935028076172,163.2935028076172,164.0449981689453,160.50050354003906,160.59500122070312,65362000,0.0206003550012798,162.340371909723,166.89469639984392,AMZN,Amazon,0.43865594267845154,0.4037482738494873,0.15759572386741638
2021-08-24,165.28900146484375,165.28900146484375,165.77450561523438,163.72900390625,164.0,51036000,0.0122203187690665,163.07752929850318,166.74872413302572,AMZN,Amazon,0.87678062915802,0.12030041217803955,0.002919028978794813
2021-08-25,164.95899963378906,164.95899963378906,166.0500030517578,164.3074951171875,165.49349975585938,33606000,-0.001996514154784,163.54789688232466,166.58602190582238,AMZN,Amazon,0.998958945274353,4.266363760052627e-07,0.001040513627231121
2021-08-26,165.8000030517578,165.8000030517578,166.60000610351562,164.8000030517578,164.9499969482422,41976000,0.0050982572629307,164.11092342468294,166.51456564636197,AMZN,Amazon,0.8434681296348572,0.15635742247104645,0.0001745360641507432
2021-08-27,167.48150634765625,167.48150634765625,167.61599731445312,165.6875,166.6614990234375,48048000,0.0101417567246577,164.9535691554263,166.60246934647964,AMZN,Amazon,0.7634057998657227,0.2348293960094452,0.0017647186759859324
2021-08-30,171.07850646972656,171.07850646972656,172.25,167.76100158691406,167.8715057373047,63844000,0.0214769988669896,166.48480348400133,167.00938181222935,AMZN,Amazon,0.7155408263206482,0.27900490164756775,0.00545427156612277
2021-08-31,173.5395050048828,173.5395050048828,173.62899780273438,169.7794952392578,171.24000549316406,87128000,0.014385200022726,168.2484788642217,167.60302937519785,AMZN,Amazon,0.6255084872245789,0.36831048130989075,0.006181009579449892
2021-09-01,173.9499969482422,173.9499969482422,176.35000610351562,173.76199340820312,174.82000732421875,72598000,0.0023654092095504,169.67385838522682,168.1800264272928,AMZN,Amazon,4.503783657128224e-07,0.9999995231628418,4.603902681310501e-08
2021-09-02,173.156005859375,173.156005859375,175.59800720214844,172.75,174.73800659179688,58474000,-0.0045644788893179,170.54439525376387,168.6323881938457,AMZN,Amazon,0.9377553462982178,0.0003333698841743171,0.06191124767065048
2021-09-03,173.90249633789062,173.90249633789062,174.1334991455078,171.82200622558594,172.60000610351562,51514000,0.0043110862647286,171.38392052479554,169.11148893421344,AMZN,Amazon,0.9999206066131592,1.20284903459833e-06,7.823621854186058e-05
2021-09-07,175.46449279785156,175.46449279785156,176.4044952392578,173.8470001220703,173.89999389648438,54758000,0.0089820243691383,172.40406359305956,169.6890347399987,AMZN,Amazon,0.9785729050636292,4.494058885029517e-06,0.02142254449427128
2021-09-08,176.27499389648438,176.27499389648438,177.281494140625,174.7834930419922,175.58250427246094,61068000,0.0046191744307297,173.37179616891575,170.2877582996792,AMZN,Amazon,2.9977627491462044e-07,0.9999960660934448,3.557305944923428e-06
2021-09-09,174.20799255371094,174.20799255371094,177.49949645996094,174.01849365234375,176.30099487304688,54384000,-0.0117260043360845,173.58084526511453,170.6441432318639,AMZN,Amazon,0.999937891960144,3.5697555631486466e-06,5.858139775227755e-05
2021-09-10,173.45750427246094,173.45750427246094,175.42250061035156,173.14549255371094,175.0915069580078,47946000,-0.0043080014312122,173.55001001695115,170.89990332646363,AMZN,Amazon,0.9916539192199707,0.00800446979701519,0.0003416154067963362
2021-09-13,172.85850524902344,172.85850524902344,174.8979949951172,171.89999389648438,174.13999938964844,51380000,-0.003453289760797,173.37713382496923,171.07795804669632,AMZN,Amazon,0.7333323359489441,0.17592865228652954,0.09073896706104279
2021-09-14,172.5,172.5,174.3404998779297,171.885498046875,173.77749633789062,38738000,-0.0020739809620994,173.15785036872694,171.20723458790576,AMZN,Amazon,0.9249502420425415,0.0051044886931777,0.06994527578353882
2021-09-15,173.7895050048828,173.7895050048828,174.27099609375,170.10049438476562,172.12600708007812,59150000,0.0074753913326539,173.3157640277659,171.44198644399458,AMZN,Amazon,2.468637376296101e-06,0.9999961853027344,1.3689966635865858e-06
2021-09-16,174.41200256347656,174.41200256347656,174.62750244140625,172.3070068359375,172.9980010986328,51672000,0.0035819053548502,173.58982366169357,171.71198790940204,AMZN,Amazon,0.6565855145454407,0.010129888541996479,0.3332845866680145
2021-09-17,173.12600708007812,173.12600708007812,174.87049865722656,172.60650634765625,174.42050170898438,92332000,-0.0073733198661622,173.4738695162897,171.84053510673624,AMZN,Amazon,0.9999806880950928,6.716084499203134e-06,1.2620286724995822e-05
2021-09-20,167.7864990234375,167.7864990234375,170.9499969482422,165.25050354003906,169.8000030517578,93382000,-0.0308417443843135,172.05202689307666,171.4719863718909,AMZN,Amazon,0.9999927282333374,4.49462459073402e-06,2.6993441224476555e-06
2021-09-21,167.18150329589844,167.18150329589844,168.98500061035156,166.6195068359375,168.75,55618000,-0.0036057473697842,170.8343959937821,171.08194245589158,AMZN,Amazon,0.6666590571403503,7.823368832760025e-06,0.33333319425582886
2021-09-22,169.00250244140625,169.00250244140625,169.4499969482422,167.05250549316406,167.5500030517578,48228000,0.010892348194075,170.37642260568813,170.8929024545747,AMZN,Amazon,0.5116854310035706,2.38668144447729e-05,0.4882906675338745
2021-09-23,170.8000030517578,170.8000030517578,171.447998046875,169.00250244140625,169.00250244140625,47588000,0.0106359407960527,170.48231771720555,170.88445705431863,AMZN,Amazon,0.9990767240524292,2.4395637865382014e-06,0.00092084682546556
2021-09-24,171.2760009765625,171.2760009765625,171.46299743652344,169.6699981689453,170.10049438476562,42324000,0.0027868730462519,170.68073853204478,170.9200519563408,AMZN,Amazon,0.5361483097076416,0.4637705087661743,8.1156576925423e-05
2021-09-27,170.2899932861328,170.2899932861328,170.77850341796875,166.98049926757812,168.5749969482422,72690000,-0.0057568350779313,170.5830522205668,170.8627738954128,AMZN,Amazon,0.500564455986023,0.4994198679924011,1.5695854017394595e-05
2021-09-28,165.79800415039062,165.79800415039062,168.45950317382812,164.5050048828125,167.885498046875,88616000,-0.0263784679831095,169.38679020302277,170.40234028222895,AMZN,Amazon,0.7921064496040344,0.2000453919172287,0.007848149165511131
2021-09-29,165.05599975585938,165.05599975585938,167.56500244140625,164.89349365234375,166.10549926757812,51246000,-0.0044753517892663,168.30409259123192,169.91630932528625,AMZN,Amazon,0.9962228536605835,0.0021611962001770735,0.0016159560764208436
2021-09-30,164.2519989013672,164.2519989013672,166.3925018310547,163.69949340820312,165.8000030517578,56848000,-0.0048710792439015,167.29106916876574,169.40137201402086,AMZN,Amazon,0.667417049407959,0.3325263559818268,5.650967068504542e-05
2021-10-01,164.16299438476562,164.16299438476562,165.45849609375,162.7969970703125,164.45050048828125,56712000,-0.0005418778291703,166.50905047276572,168.92515586590676,AMZN,Amazon,0.9995549321174622,0.00022142745729070157,0.00022371431987266988
2021-10-04,159.48899841308594,159.48899841308594,163.99949645996094,158.8125,163.96949768066406,90462000,-0.028471678341373,164.75403745784578,168.06732337019577,AMZN,Amazon,0.9992930889129639,1.2860381275459076e-06,0.000705584476236254
2021-10-05,161.0500030517578,161.0500030517578,163.0364990234375,160.1230010986328,160.22500610351562,65384000,0.0097875380383842,163.82802885632378,167.42938515942868,AMZN,Amazon,0.3285136818885803,0.6073235869407654,0.0641627237200737
2021-10-06,163.10049438476562,163.10049438476562,163.2169952392578,159.93099975585938,160.67649841308594,50660000,0.0127320167286728,163.64614523843426,167.0358496344593,AMZN,Amazon,0.5046666860580444,0.010935919359326363,0.48439741134643555
2021-10-07,165.1215057373047,165.1215057373047,166.28750610351562,164.1529998779297,164.57699584960938,48182000,0.012391203105561,164.01498536315188,166.8618183710816,AMZN,Amazon,0.9999326467514038,3.152159843011759e-05,3.585969898267649e-05
2021-10-08,164.43099975585938,164.43099975585938,166.07150268554688,164.41000366210938,165.85000610351562,39964000,-0.0041818052612956,164.11898896132874,166.64083486060684,AMZN,Amazon,0.999319851398468,0.000603318796493113,7.675023516640067e-05
2021-10-11,162.31500244140625,162.31500244140625,164.62950134277344,161.90499877929688,163.75,40684000,-0.0128686033509184,163.6679923313481,166.24757736795226,AMZN,Amazon,0.795651912689209,0.20209264755249023,0.002255385974422097
2021-10-12,162.3665008544922,162.3665008544922,163.37649536132812,161.81399536132812,162.85000610351562,36392000,0.0003172745113595,163.3426194621341,165.894752230365,AMZN,Amazon,0.6680481433868408,0.3136833906173706,0.018268493935465813
2021-10-13,164.21400451660156,164.21400451660156,164.41900634765625,163.05450439453125,163.48550415039062,48402000,0.0113786012039827,163.560465725751,165.7419569836592,AMZN,Amazon,0.36230891942977905,0.15089182555675507,0.4867992699146271
2021-10-14,164.9929962158203,164.9929962158203,165.6300048828125,164.53900146484375,165.12249755859375,42190000,0.0047437592275512,163.91859834826832,165.6738696411284,AMZN,Amazon,0.9994565844535828,0.0002068250614684075,0.00033661245834082365
2021-10-15,170.4510040283203,170.4510040283203,170.52099609375,165.1999969482422,165.5709991455078,103598000,0.0330802393900442,165.5516997682813,166.10815458541856,AMZN,Amazon,0.005456581711769104,0.9557878375053406,0.038755595684051514
2021-10-18,172.33700561523438,172.33700561523438,172.45849609375,169.2550048828125,169.41799926757812,63482000,0.011064772529006,167.24802623001958,166.67441376994725,AMZN,Amazon,0.05722024291753769,0.000501756789162755,0.9422779679298401
2021-10-19,172.20750427246094,172.20750427246094,172.7344970703125,171.10000610351562,171.71449279785156,47722000,-0.0007514424560826,168.4878957406299,167.17742199744848,AMZN,Amazon,0.3575071394443512,0.6420660614967346,0.00042681346531026065
2021-10-20,170.7530059814453,170.7530059814453,173.14300537109375,170.01849365234375,172.63299560546875,42796000,-0.0084461957518086,169.05417330083375,167.5024750869027,AMZN,Amazon,0.8351926803588867,0.000700328208040446,0.16410700976848602
2021-10-21,171.75050354003906,171.75050354003906,172.01400756835938,170.14999389648438,170.71249389648438,37628000,0.005841756945129,169.72825586063507,167.8886594917333,AMZN,Amazon,0.00013620061508845538,0.9998635649681091,2.3938352455843415e-07
2021-10-22,166.77749633789062,166.77749633789062,171.49200439453125,166.56500244140625,171.0500030517578,62782000,-0.0289548333172083,168.99056597994897,167.7876446595658,AMZN,Amazon,0.003334352048113942,0.004548823460936546,0.9921168684959412
2021-10-25,166.01849365234375,166.01849365234375,167.38999938964844,164.88499450683594,166.75,44520000,-0.0045509898050581,168.24754789804766,167.62681274981833,AMZN,Amazon,0.04637838155031204,0.5000584125518799,0.45356324315071106
2021-10-26,168.80349731445312,168.80349731445312,170.80599975585938,167.19900512695312,167.47549438476562,53966000,0.0167752616039356,168.38653525214903,167.73378407387602,AMZN,Amazon,0.9975919723510742,0.00023918184160720557,0.002168834675103426
2021-10-27,169.62449645996094,169.62449645996094,171.85000610351562,168.57249450683594,169.39999389648438,54044000,0.0048636382454707,168.696025554102,167.90566701806557,AMZN,Amazon,0.48615187406539917,0.029967647045850754,0.48388049006462097
2021-10-28,172.32850646972656,172.32850646972656,173.9499969482422,169.3000030517578,170.10499572753906,114174000,0.0159411527591706,169.60414578300814,168.30774333185292,AMZN,Amazon,0.6683919429779053,1.9267410607426427e-05,0.33158865571022034
2021-10-29,168.6215057373047,168.6215057373047,168.74099731445312,163.66600036621094,165.00100708007812,129722000,-0.0215112450537781,169.35848577158228,168.336267186894,AMZN,Amazon,0.5001646876335144,6.78795731801074e-06,0.4998284876346588
2021-11-01,165.90550231933594,165.90550231933594,168.79299926757812,164.6009979248047,168.08999633789062,72178000,-0.0161070997800245,168.4952399085207,168.11528856257053,AMZN,Amazon,0.285805881023407,0.28581684827804565,0.42837733030319214
2021-11-02,165.6374969482422,165.6374969482422,166.55599975585938,164.17750549316406,165.75050354003906,52552000,-0.0016154097805501,167.78080416845106,167.89003477944976,AMZN,Amazon,5.269585017231293e-07,1.1846145753224846e-06,0.9999983310699463
2021-11-03,169.1999969482422,169.1999969482422,169.74600219726562,164.87600708007812,165.4499969482422,67944000,0.0215078111275321,168.13560236339885,168.00912224933998,AMZN,Amazon,0.8173545002937317,0.18254975974559784,9.573221177561209e-05
2021-11-04,173.85000610351562,173.85000610351562,174.93150329589844,168.25,168.5,107060000,0.0274823241084092,169.56420329842803,168.54011169062866,AMZN,Amazon,0.24991972744464874,0.5000030994415283,0.25007715821266174
2021-11-05,175.94949340820312,175.94949340820312,178.3125,173.8489990234375,173.85000610351562,99940000,0.0120764292837436,171.1605258258718,169.2136918467718,AMZN,Amazon,0.5918958187103271,0.33640217781066895,0.0717020258307457
2021-11-08,174.44900512695312,174.44900512695312,178.9499969482422,174.39300537109375,176.16200256347656,61480000,-0.0085279488572829,171.98264565114212,169.68962941769738,AMZN,Amazon,0.0563414990901947,0.37307628989219666,0.5705822110176086
2021-11-09,178.81149291992188,178.81149291992188,179.68850708007812,175.07150268554688,175.7624969482422,85898000,0.0250072380165997,173.68985746833707,170.5188897360814,AMZN,Amazon,0.027826758101582527,0.9719409942626953,0.00023217663692776114
2021-11-10,174.1024932861328,174.1024932861328,180.2725067138672,173.1544952392578,178.19349670410156,80548000,-0.0263349942271211,173.793016422786,170.84467187699516,AMZN,Amazon,4.017269475298235e-06,0.2000013291835785,0.7999946475028992
2021-11-11,173.625,173.625,177.16200256347656,173.37350463867188,175.64999389648438,45288000,-0.0027425987825921,173.7510123170895,171.09742897908652,AMZN,Amazon,0.3333316445350647,0.6666669845581055,1.4473035889750463e-06
2021-11-12,176.25750732421875,176.25750732421875,177.0364990234375,172.3524932861328,174.25,53788000,0.0151620292251619,174.37763606887182,171.56652701046215,AMZN,Amazon,7.98321835304705e-08,0.9999998807907104,2.575819024741577e-08
2021-11-15,177.28399658203125,177.28399658203125,179.69400024414062,176.29049682617188,176.85000610351562,58594000,0.005823804463116,175.1042261971617,172.0862969715139,AMZN,Amazon,0.040691036731004715,0.5723443031311035,0.3869646489620209
2021-11-16,177.03500366210938,177.03500366210938,178.8249969482422,176.25750732421875,176.9499969482422,44342000,-0.0014044861618779,175.5869205633986,172.53617939793165,AMZN,Amazon,0.11039189249277115,0.3335528075695038,0.5560553669929504
2021-11-17,177.4499969482422,177.4499969482422,179.3625030517578,177.2675018310547,178.23599243164062,51206000,0.0023441312596286,176.05268965960948,172.98289008432351,AMZN,Amazon,0.3320530354976654,3.709540033014491e-05,0.6679098010063171
2021-11-18,184.8029937744141,184.8029937744141,185.2100067138672,178.0500030517578,178.3175048828125,114070000,0.0414370073408147,178.2402656883106,174.05744496524085,AMZN,Amazon,0.9976793527603149,0.0003372004139237106,0.0019836071878671646
2021-11-19,183.82850646972656,183.82850646972656,188.1074981689453,183.78599548339844,185.63450622558597,98734000,-0.0052731142758273,179.6373258836646,174.94572328383046,AMZN,Amazon,0.9943398237228394,0.002610569354146719,0.003049591789022088
2021-11-22,178.6284942626953,178.6284942626953,185.67300415039065,178.375,183.81900024414065,96844000,-0.0282873005220635,179.38511797842227,175.28052064554544,AMZN,Amazon,0.3478246033191681,0.0017002116655930877,0.650475263595581
2021-11-23,179.0019989013672,179.0019989013672,181.0525054931641,176.385498046875,179.2519989013672,73804000,0.0020909577736383,179.2893382091585,175.61883685062014,AMZN,Amazon,0.6576410531997681,0.33488401770591736,0.00747495936229825
2021-11-24,179.02049255371094,179.02049255371094,180.6820068359375,176.84249877929688,178.1334991455078,46560000,0.0001033153398133,179.22212679529662,175.92807827817384,AMZN,Amazon,0.9997362494468689,0.00011087546590715647,0.00015291200543288141
2021-11-26,175.22799682617188,175.22799682617188,181.6750030517578,175.20750427246094,180.10499572753906,59826000,-0.0211847016698449,178.22359430301543,175.86443450981002,AMZN,Amazon,0.9996055364608765,0.0002807669807225466,0.00011371423897799104
2021-11-29,178.07850646972656,178.07850646972656,179.8000030517578,176.5749969482422,177.3820037841797,65312000,0.0162674326887524,178.1873223446932,176.06571377889333,AMZN,Amazon,1.0150289497801168e-08,1.0,9.747460616438275e-10
2021-11-30,175.35350036621094,175.35350036621094,179.2884979248047,174.60049438476562,178.1750030517578,80022000,-0.0153022740224906,177.47886685007262,176.0009671050131,AMZN,Amazon,0.0013568823924288154,0.9986369013786316,6.1399350670399144e-06
2021-12-01,172.18600463867188,172.18600463867188,177.99400329589844,172.0800018310547,177.25,74916000,-0.0180634873037836,176.15565129722245,175.6541523353457,AMZN,Amazon,0.4998907148838043,0.5000811815261841,2.8162956368760206e-05
2021-12-02,171.8679962158203,171.8679962158203,174.63499450683594,171.1875,173.0,64726000,-0.0018468889124809,175.08373752687191,175.30995632447977,AMZN,Amazon,0.7505716681480408,0.24937894940376282,4.941662336932495e-05
2021-12-03,169.489501953125,169.489501953125,173.49349975585938,166.92999267578125,172.75,80712000,-0.013839076006382,173.6851786334352,174.78082410890207,AMZN,Amazon,0.9641761779785156,0.011044302023947239,0.024779563769698143
2021-12-06,171.36849975585938,171.36849975585938,173.69549560546875,166.9344940185547,169.64999389648438,68860000,0.0110862193887031,173.10600891404124,174.47061280408,AMZN,Amazon,0.7992643117904663,0.2006169557571411,0.00011876561620738357
2021-12-07,176.1645050048828,176.1645050048828,177.49949645996094,173.33450317382812,174.60000610351562,66410000,0.0279865042633626,173.87063293675163,174.62460300415296,AMZN,Amazon,0.5662832260131836,0.4026906490325928,0.03102613054215908
2021-12-08,176.1580047607422,176.1580047607422,177.17999267578125,174.75050354003906,176.15049743652344,45254000,-3.689871657430732e-05,174.44247589274926,174.7640031638429,AMZN,Amazon,0.9548037648200989,0.02847333438694477,0.01672285981476307
2021-12-09,174.17100524902344,174.17100524902344,176.96949768066406,174.13949584960938,175.75,46062000,-0.0112796436041466,174.3746082318178,174.71009426249566,AMZN,Amazon,0.19953201711177826,0.38909441232681274,0.4113735258579254
2021-12-10,172.21200561523438,172.21200561523438,175.927001953125,170.5,175.41700744628906,60690000,-0.0112475646046146,173.83395757767195,174.4829952945628,AMZN,Amazon,0.6489810347557068,0.1895315945148468,0.1614873856306076
2021-12-13,169.5675048828125,169.5675048828125,172.10000610351562,169.1300048828125,172.0,62170000,-0.01535607649986,172.76734440395708,174.03613252985824,AMZN,Amazon,0.8749027252197266,0.058062516152858734,0.0670347511768341
2021-12-14,169.0915069580078,169.0915069580078,169.49899291992188,166.44000244140625,167.5500030517578,55976000,-0.0028071293797337,171.84838504246977,173.58662111423547,AMZN,Amazon,0.6285409331321716,0.09542983025312424,0.2760292887687683
2021-12-15,173.31500244140625,173.31500244140625,173.60000610351562,165.19500732421875,168.59800720214844,75794000,0.0249775731459256,172.2150393922039,173.56192850761462,AMZN,Amazon,0.6246283650398254,0.20115411281585693,0.17421753704547882
2021-12-16,168.87100219726562,168.87100219726562,174.16600036621094,168.16050720214844,173.36849975585938,60876000,-0.0256411746331252,171.37903009346934,173.13548066121925,AMZN,Amazon,0.7895886301994324,0.02753414213657379,0.1828772872686386
2021-12-17,170.0175018310547,170.0175018310547,170.89849853515625,165.61349487304688,167.7104949951172,85542000,0.0067892037050256,171.0386480278657,172.85202804029518,AMZN,Amazon,0.6308515667915344,0.1667788028717041,0.20236961543560028
2021-12-20,167.07899475097656,167.07899475097656,167.87449645996094,165.60000610351562,166.85000610351562,57372000,-0.0172835563893775,170.0487347086434,172.3272068321753,AMZN,Amazon,0.31618088483810425,0.5458168387413025,0.13800232112407684
2021-12-21,170.41700744628906,170.41700744628906,170.7165069580078,165.6475067138672,167.85049438476562,55956000,0.0199786496219207,170.1408028930548,172.15355234254926,AMZN,Amazon,0.017242401838302612,0.7772868871688843,0.2054707407951355
2021-12-22,171.03700256347656,171.03700256347656,172.0500030517578,168.50050354003906,169.27000427246094,55036000,0.0036381058820253,170.36485281066024,172.05204781717902,AMZN,Amazon,0.7989671230316162,0.2000037431716919,0.001029148930683732
2021-12-23,171.06849670410156,171.06849670410156,171.97500610351562,170.14999389648438,170.42799377441406,36788000,0.0001841364158221,170.54076378402056,171.96263407962653,AMZN,Amazon,0.7649074792861938,0.2318083941936493,0.00328418193385005
2021-12-27,169.66949462890625,169.66949462890625,172.9429931640625,169.2154998779297,171.03700256347656,58688000,-0.008178022851368,170.32294649524198,171.75416685683376,AMZN,Amazon,0.5692574381828308,0.430422842502594,0.00031975930323824286
2021-12-28,170.66099548339844,170.66099548339844,172.17599487304688,169.135498046875,170.1824951171875,54638000,0.0058437190295212,170.4074587422811,171.65478764106692,AMZN,Amazon,0.5282422304153442,0.07228313386440277,0.3994746506214142
2021-12-29,169.2010040283203,169.2010040283203,171.21200561523438,168.60049438476562,170.83999633789062,35754000,-0.0085549217086347,170.10584506379092,171.4317164035445,AMZN,Amazon,0.7650821805000305,0.23410578072071075,0.000812014564871788
2021-12-30,168.64450073242188,168.64450073242188,170.88800048828125,168.5240020751953,169.6999969482422,37584000,-0.0032890070546229,169.74050898094868,171.17833316071517,AMZN,Amazon,0.00013526224938686937,0.9998613595962524,3.395103703951463e-06
2022-01-03,170.4044952392578,170.4044952392578,170.70350646972656,166.16050720214844,167.5500030517578,63520000,,170.4044952392578,170.4044952392578,AMZN,Amazon,0.6657723784446716,0.333405464887619,0.0008221929310820997
2022-01-04,167.52200317382812,167.52200317382812,171.39999389648438,166.34950256347656,170.43800354003906,70726000,-0.0169155870059795,169.6838722229004,170.14245050603694,AMZN,Amazon,0.9983904957771301,8.490498294122517e-05,0.0015245452523231506
2022-01-05,164.35699462890625,164.35699462890625,167.12649536132812,164.35699462890625,166.88299560546875,64302000,-0.018893091563845,168.35215282440186,169.61649997175235,AMZN,Amazon,0.12891051173210144,0.07085958123207092,0.8002298474311829
2022-01-06,163.25399780273438,163.25399780273438,164.8000030517578,161.93699645996094,163.45050048828125,51958000,-0.0067109819613231,167.077614068985,169.03809068365982,AMZN,Amazon,0.48635023832321167,0.0897110104560852,0.4239387512207031
2022-01-07,162.5540008544922,162.5540008544922,165.24349975585938,162.031005859375,163.83900451660156,46606000,-0.0042877782943362,165.9467107653618,168.4486279719173,AMZN,Amazon,0.5892349481582642,0.06913337111473083,0.341631680727005
2022-01-10,161.48599243164062,161.48599243164062,161.6614990234375,156.30450439453125,160.5854949951172,87798000,-0.0065701761706103,164.8315311819315,167.8156611046194,AMZN,Amazon,0.7271158695220947,0.030420690774917603,0.24246343970298767
2022-01-11,165.36199951171875,165.36199951171875,166.35000610351562,160.70150756835938,161.5,62806000,0.0240021256439246,164.9641482643783,167.59260095981026,AMZN,Amazon,0.5254296064376831,0.25979065895080566,0.2147798389196396
2022-01-12,165.20700073242188,165.20700073242188,166.8780059814453,164.41700744628906,166.5749969482422,50030000,-0.0009373300985386,165.0248613813892,167.37572821186586,AMZN,Amazon,0.9998711347579956,3.3927774438780034e-06,0.00012547880760394037
2022-01-13,161.21400451660156,161.21400451660156,166.22149658203125,161.09100341796875,165.25050354003906,52188000,-0.0241696550274378,164.0721471651923,166.81557151229637,AMZN,Amazon,0.6917465329170227,0.001092193415388465,0.30716124176979065
2022-01-14,162.13800048828125,162.13800048828125,162.25,159.80050659179688,160.14999389648438,45974000,0.0057314870035656,163.58861049596453,166.39033778284045,AMZN,Amazon,0.7720803618431091,0.024732321500778198,0.20318730175495148
2022-01-18,158.91749572753906,158.91749572753906,159.7344970703125,157.6645050048828,159.10499572753906,67292000,-0.0198627388461901,162.42083180385816,165.71098850508577,AMZN,Amazon,0.22189877927303314,0.00882940087467432,0.7692718505859375
2022-01-19,156.2989959716797,156.2989959716797,159.25,156.25,158.76199340820312,53242000,-0.0164771018060134,160.89037284581354,164.85535282023065,AMZN,Amazon,0.10551795363426208,0.0016949344426393509,0.8927870988845825
2022-01-20,151.66749572753906,151.66749572753906,158.0,151.3509979248047,156.76600646972656,71974000,-0.0296323096341567,158.58465356624492,163.65645672089505,AMZN,Amazon,0.9985290169715881,0.001467726775445044,3.1779700293554924e-06
2022-01-21,142.64300537109375,142.64300537109375,150.89999389648438,142.07049560546875,149.9499969482422,163972000,-0.0595018089614747,154.59924151745713,161.74614296182222,AMZN,Amazon,0.6237689256668091,0.34304681420326233,0.03318427875638008
2022-01-24,144.54400634765625,144.54400634765625,144.94500732421875,135.3520050048828,139.0,155624000,0.0133269834831153,152.0854327250069,160.18231236053438,AMZN,Amazon,0.11153247207403183,0.7998732328414917,0.0885942131280899
2022-01-25,139.98599243164062,139.98599243164062,143.60000610351562,138.14500427246094,142.24249267578125,90824000,-0.0315337455435732,149.06057265166532,158.3462832760895,AMZN,Amazon,0.7496572136878967,8.674343916936778e-06,0.25033414363861084
2022-01-26,138.87249755859375,138.87249755859375,145.18499755859375,137.31849670410156,144.75,95602000,-0.0079543306705535,146.51355387839743,156.57593911995357,AMZN,Amazon,0.8300611972808838,0.0025075452867895365,0.16743122041225433
2022-01-27,139.6374969482422,139.6374969482422,144.24349975585938,139.35000610351562,140.8000030517578,77516000,0.0055086457224957,144.7945396458586,155.03608074070706,AMZN,Amazon,0.5628427267074585,0.19811555743217468,0.23904165625572205
2022-01-28,143.97799682617188,143.97799682617188,143.9980010986328,137.92950439453125,140.86050415039062,74392000,0.0310840567382737,144.59040394093694,154.0308003848402,AMZN,Amazon,0.9999923706054688,5.636219157167943e-06,2.0266022602299927e-06
2022-01-31,149.57350158691406,149.57350158691406,150.36050415039062,144.30050659179688,144.75,78308000,0.0388636103021893,145.8361783524312,153.62559140321054,AMZN,Amazon,0.9887793064117432,0.009048010222613811,0.0021727411076426506
2022-02-01,151.19349670410156,151.19349670410156,151.70799255371094,147.62750244140625,150.0,59220000,0.0108307628022343,147.17550794034878,153.4044918851097,AMZN,Amazon,0.19792021811008453,0.8000141382217407,0.0020656792912632227
2022-02-02,150.6125030517578,150.6125030517578,155.0749969482422,148.86349487304688,155.05050659179688,87330000,-0.0038427158906232,148.03475671820104,153.15067471844134,AMZN,Amazon,0.6009752154350281,0.2004450261592865,0.19857975840568542
2022-02-03,138.8455047607422,138.8455047607422,144.24749755859375,138.33299255371094,141.7375030517578,225532000,-0.0781276325178123,145.73744372883633,151.85020472228686,AMZN,Amazon,0.4514889717102051,0.37954744696617126,0.16896365582942963
2022-02-04,157.63949584960938,157.63949584960938,161.1999969482422,150.60800170898438,155.60650634765625,253456000,0.1353590173571186,148.7129567590296,152.37650391567982,AMZN,Amazon,0.20010456442832947,0.7997916340827942,0.00010383464541519061
2022-02-07,157.9355010986328,157.9355010986328,162.6909942626953,157.25,158.52000427246094,102624000,0.0018777353189827,151.0185928439304,152.88186729594827,AMZN,Amazon,0.18726913630962372,0.4002646505832672,0.4124661386013031
2022-02-08,161.4134979248047,161.4134979248047,161.79249572753906,155.55050659179688,156.75050354003906,76040000,0.022021627828944,153.61731911414898,153.65747008038977,AMZN,Amazon,0.6666432619094849,0.3333369195461273,1.9853658159263432e-05
2022-02-09,161.1894989013672,161.1894989013672,163.83450317382812,160.25,162.87350463867188,68786000,-0.0013877341505965,155.51036406095352,154.34219997320588,AMZN,Amazon,0.6693208813667297,0.23731224238872528,0.09336688369512558
2022-02-10,159.0034942626953,159.0034942626953,160.7165069580078,157.75,158.35000610351562,68268000,-0.0135617062747338,156.38364661138897,154.76595399952308,AMZN,Amazon,0.42417052388191223,0.07503730058670044,0.5007922053337097
2022-02-11,153.2935028076172,153.2935028076172,159.0,152.73399353027344,158.13450622558594,77100000,-0.0359111067436319,155.61111066044603,154.6320948002589,AMZN,Amazon,3.1006655376586423e-07,1.679261458775727e-06,0.9999979734420776
2022-02-14,155.16700744628906,155.16700744628906,158.44850158691406,151.64999389648438,151.75100708007812,83230000,0.0122216832700543,155.5000848569068,154.68072322262526,AMZN,Amazon,0.0004506206314545125,0.9995430707931519,6.317528459476307e-06
2022-02-15,156.510498046875,156.510498046875,158.0070037841797,154.6374969482422,157.60549926757812,56440000,0.0086583522019072,155.75268815439884,154.84706638846615,AMZN,Amazon,0.9922052025794983,0.007637060713022947,0.00015763347619213164
2022-02-16,158.10049438476562,158.10049438476562,158.83399963378906,154.7344970703125,155.79049682617188,52704000,0.0101590395387689,156.33963971199054,155.1428325699479,AMZN,Amazon,0.9951215386390686,0.00042509459308348596,0.004453405272215605
2022-02-17,154.65249633789062,154.65249633789062,160.3489990234375,154.5,158.14599609375,64032000,-0.0218089011061767,155.91785386846556,155.0982565488518,AMZN,Amazon,0.19952480494976044,0.7997071743011475,0.0007680371054448187
2022-02-18,152.60150146484375,152.60150146484375,155.49949645996094,150.89300537109375,155.49949645996094,63604000,-0.0132619577544081,155.08876576756012,154.87127881394196,AMZN,Amazon,0.9996833801269531,3.152430144837126e-05,0.0002850337768904865
2022-02-22,150.19749450683594,150.19749450683594,152.9824981689453,148.48550415039062,150.47850036621094,66128000,-0.0157534947882649,153.8659479523791,154.44638933147775,AMZN,Amazon,0.44570356607437134,0.0017483494011685252,0.5525481104850769
2022-02-23,144.82699584960938,144.82699584960938,151.76300048828125,144.6510009765625,151.65049743652344,64244000,-0.0357562466328766,151.60620992668666,153.57189901494428,AMZN,Amazon,0.606317400932312,0.1461435705423355,0.24753902852535248
2022-02-24,151.35800170898438,151.35800170898438,151.74899291992188,139.5,139.83749389648438,100786000,0.0450952242781925,151.54415787226108,153.37063562349337,AMZN,Amazon,0.911645770072937,0.04096634313464165,0.04738786444067955
2022-02-25,153.7884979248047,153.7884979248047,153.99000549316406,149.2135009765625,150.5500030517578,62396000,0.0160579301284211,152.105242885397,153.4086231054307,AMZN,Amazon,0.8334202766418457,7.98978580860421e-05,0.1664998084306717
2022-02-28,153.56300354003906,153.56300354003906,154.4499969482422,150.85000610351562,152.4250030517578,57684000,-0.0014662630028149,152.4696830490575,153.42265769039514,AMZN,Amazon,0.9999591708183289,1.3390839740168303e-05,2.744737321336288e-05
2022-03-01,151.14199829101562,151.14199829101562,154.0989990234375,149.9770050048828,152.7324981689453,44874000,-0.0157655502511202,152.13776185954703,153.21532501772427,AMZN,Amazon,0.9996107220649719,0.00020526665321085602,0.00018396176164969802
2022-03-02,152.05250549316406,152.05250549316406,152.99949645996094,148.75,150.8489990234375,47334000,0.0060241839623909,152.11644776795129,153.10961415185514,AMZN,Amazon,0.9999971389770508,3.532620596047309e-08,2.90449111162161e-06
2022-03-03,147.89849853515625,147.89849853515625,153.9290008544922,146.8560028076172,153.531494140625,65198000,-0.0273195561265813,151.06196045975253,152.63587636851886,AMZN,Amazon,0.9996028542518616,0.0003858320415019989,1.1281010301900096e-05
2022-03-04,145.64100646972656,145.64100646972656,147.85000610351562,143.8070068359375,147.15899658203125,60934000,-0.0152637929917393,149.70672196224604,151.9999791049923,AMZN,Amazon,0.9977452158927917,6.895665137562901e-06,0.002247897442430258
2022-03-07,137.4530029296875,137.4530029296875,146.09449768066406,137.41650390625,145.44349670410156,86934000,-0.0562204542423362,146.6432922041064,150.6775267254191,AMZN,Amazon,0.5679967999458313,0.14308121800422668,0.2889220416545868
2022-03-08,136.01449584960938,136.01449584960938,140.69949340820312,133.57249450683594,136.68350219726562,91662000,-0.0104654467302833,143.9860931154821,149.34452391852733,AMZN,Amazon,0.28023454546928406,0.0012197947362437844,0.71854567527771
2022-03-09,139.2790069580078,139.2790069580078,140.25,136.8280029296875,139.5,82656000,0.0240011999309837,142.80932157611355,148.42947692211646,AMZN,Amazon,0.9999194145202637,6.812876381445676e-05,1.238279673998477e-05
2022-03-10,146.8175048828125,146.8175048828125,148.67449951171875,143.97799682617188,145.68499755859375,135062000,0.0541251556099731,143.81136740278828,148.28293400945248,AMZN,Amazon,0.3153708577156067,0.6846239566802979,5.185286681808066e-06
2022-03-11,145.52450561523438,145.52450561523438,149.6750030517578,145.36900329589844,149.57449340820312,68900000,-0.0088068467626539,144.2396519558998,148.03216779179627,AMZN,Amazon,0.2427804172039032,0.7568427920341492,0.0003767824382521212
2022-03-14,141.85299682617188,141.85299682617188,147.4499969482422,140.88400268554688,145.9810028076172,74086000,-0.0252294881438727,143.6429881734678,147.4704249767395,AMZN,Amazon,0.9854642748832703,0.0007909625419415534,0.013744734227657318
2022-03-15,147.3665008544922,147.3665008544922,147.98500061035156,142.0,142.85000610351562,75584000,0.0388677303383067,144.57386634372392,147.46097732926248,AMZN,Amazon,0.628095269203186,0.3578340411186218,0.014070672914385796
2022-03-16,153.10400390625,153.10400390625,153.14999389648438,147.35350036621094,148.5,84958000,0.0389335637237051,146.70640073435544,147.97397974535224,AMZN,Amazon,0.17179524898529053,0.8050751686096191,0.023129554465413094
2022-03-17,157.23899841308594,157.23899841308594,157.49850463867188,152.13999938964844,152.6405029296875,72934000,0.0270077489898168,149.33955015403808,148.81625416969166,AMZN,Amazon,0.7993151545524597,0.2000376433134079,0.0006472105742432177
2022-03-18,161.25050354003906,161.25050354003906,161.593994140625,156.01100158691406,156.81300354003906,102962000,0.0255121513583698,152.31728850053833,149.94664047608688,AMZN,Amazon,0.9997191429138184,4.873966099694371e-05,0.00023220971343107522
2022-03-21,161.4915008544922,161.4915008544922,163.08399963378906,159.55299377441406,161.12100219726562,66538000,0.0014945523217748,154.6108415890268,150.99617323776008,AMZN,Amazon,0.9789481163024902,0.015436927787959576,0.0056150006130337715
2022-03-22,164.88900756835938,164.88900756835938,166.16700744628906,161.69900512695312,161.8054962158203,64086000,0.021038300442377,157.18038308385994,152.25915817690546,AMZN,Amazon,0.19290176033973694,0.5550076365470886,0.2520906627178192
2022-03-23,163.4080047607422,163.4080047607422,166.3699951171875,162.68699645996094,163.7050018310547,55812000,-0.0089818164925469,158.7372885030805,153.27268968452697,AMZN,Amazon,0.3941843509674072,0.20017655193805695,0.40563908219337463
2022-03-24,163.64950561523438,163.64950561523438,164.11849975585938,160.0500030517578,163.74949645996094,56798000,0.0014779010051912,159.96534278111898,154.21603658731854,AMZN,Amazon,0.8112214803695679,0.001094440696761012,0.18768401443958282
2022-03-25,164.77349853515625,164.77349853515625,165.36849975585938,162.25,164.0,49032000,0.0068682940146764,161.16738171962828,155.17580585530376,AMZN,Amazon,0.05784892663359642,0.33448898792266846,0.6076621413230896
2022-03-28,168.99049377441406,168.99049377441406,169.03750610351562,164.89999389648438,164.97500610351562,59854000,0.0255926789001088,163.1231597333247,156.43168657522287,AMZN,Amazon,0.0032361082267016172,0.00018383041606284678,0.9965800642967224
2022-03-29,169.31500244140625,169.31500244140625,170.8314971923828,167.86849975585938,170.38400268554688,66154000,0.0019202776425126,164.6711204103451,157.60289710851225,AMZN,Amazon,0.8022972345352173,0.19069242477416992,0.0070104352198541164
2022-03-30,166.30099487304688,166.30099487304688,168.95050048828125,165.5,168.50950622558594,56168000,-0.0178011843303869,165.07858902602055,158.3936332689245,AMZN,Amazon,0.503092348575592,0.25091326236724854,0.24599435925483704
2022-03-31,162.99749755859375,162.99749755859375,166.4949951171875,162.95350646972656,166.44500732421875,59966000,-0.0198645673585716,164.55831615916384,158.81216638616718,AMZN,Amazon,0.309867799282074,0.6824204325675964,0.007711706683039665
2022-04-01,163.55999755859375,163.55999755859375,165.82699584960938,162.3195037841797,164.14950561523438,57090000,0.0034509732261245,164.30873650902132,159.2437874018423,AMZN,Amazon,0.9995620846748352,0.0004085371328983456,2.934601616289001e-05
2022-04-04,168.34649658203125,168.34649658203125,168.39450073242188,163.20550537109375,164.125,49882000,0.0292644845615308,165.3181765272738,160.07130641822312,AMZN,Amazon,0.8303342461585999,0.1687157154083252,0.0009500111336819828
2022-04-05,164.05499267578125,164.05499267578125,168.11050415039062,163.26600646972656,167.7415008544922,53728000,-0.0254920891933075,165.00238056440065,160.43345971436477,AMZN,Amazon,0.4055860638618469,0.2534410059452057,0.3409729301929474
2022-04-06,158.75599670410156,158.75599670410156,162.1999969482422,157.25450134277344,161.65049743652344,79056000,-0.0323001201319852,163.44078459932587,160.2809630770681,AMZN,Amazon,0.5026026964187622,0.2924008071422577,0.20499654114246368
2022-04-07,157.7845001220703,157.7845001220703,160.07899475097656,154.51150512695312,158.39999389648438,68136000,-0.0061194323502751,162.02671348001198,160.05401189934102,AMZN,Amazon,0.7497636675834656,3.321360782138072e-05,0.25020310282707214
2022-04-08,154.4604949951172,154.4604949951172,157.36849975585938,154.2310028076172,156.75,46002000,-0.0210667405504437,160.1351588587883,159.54551036259338,AMZN,Amazon,0.6665080189704895,0.33331432938575745,0.00017768247926142067
2022-04-11,151.1219940185547,151.1219940185547,154.13650512695312,150.5345001220703,152.71299743652344,52112000,-0.0216139471563135,157.8818676487299,158.77973614949894,AMZN,Amazon,0.33614301681518555,8.535501547157764e-05,0.6637715697288513
2022-04-12,150.78750610351562,150.78750610351562,155.0989990234375,150.38299560546875,153.6925048828125,55178000,-0.0022133635624076,156.10827726242633,158.05316978168227,AMZN,Amazon,0.0013721573632210493,0.9986143112182617,1.3498133739631157e-05
2022-04-13,155.54100036621094,155.54100036621094,156.02499389648438,149.60000610351562,150.01849365234375,53390000,0.0315244570689565,155.96645803837248,157.82479074391213,AMZN,Amazon,1.399592122197646e-07,0.9999998807907104,1.992453846355602e-08
2022-04-14,151.7064971923828,151.7064971923828,155.89700317382812,151.4720001220703,155.38999938964844,51598000,-0.0246526842748859,154.90146782687506,157.26858223922764,AMZN,Amazon,0.9998000264167786,7.3421833803877234e-06,0.00019256913219578564
2022-04-18,152.78500366210938,152.78500366210938,154.0395050048828,150.25050354003906,151.52349853515625,46514000,0.0071091646678709,154.37235178568363,156.86098418676235,AMZN,Amazon,0.7860161662101746,0.20014688372612,0.013836922124028206
2022-04-19,158.11549377441406,158.11549377441406,158.6490020751953,151.55050659179688,152.0294952392578,54926000,0.0348888306086196,155.30813728286626,156.9750305129125,AMZN,Amazon,0.0036660318728536367,0.0008494274225085974,0.9954845905303955
2022-04-20,153.9980010986328,153.9980010986328,157.6024932861328,153.60350036621094,157.6024932861328,59630000,-0.0260410449190751,154.9806032368079,156.7043914752507,AMZN,Amazon,3.620538535642481e-08,1.0,4.7984379136778443e-08
2022-04-21,148.29600524902344,148.29600524902344,156.73800659179688,147.58949279785156,154.71400451660156,63970000,-0.0370264276739368,153.3094537398618,155.93999272741186,AMZN,Amazon,0.6670598983764648,0.33293572068214417,4.352474206825718e-06
2022-04-22,144.35000610351562,144.35000610351562,149.61500549316406,143.69749450683594,148.25,73078000,-0.0266089375697043,151.06959183077527,154.88635757978494,AMZN,Amazon,0.868565559387207,0.13131457567214966,0.00011983441800111905
2022-04-25,146.07400512695312,146.07400512695312,146.22149658203125,142.30650329589844,144.0229949951172,61874000,0.0119431863563703,149.82069515481973,154.0852346295275,AMZN,Amazon,0.7908917665481567,0.017007216811180115,0.19210106134414673
2022-04-26,139.39100646972656,139.39100646972656,144.8560028076172,138.92950439453125,144.8000030517578,77530000,-0.0457507730510871,147.21327298354643,152.74939570590922,AMZN,Amazon,0.5157039761543274,0.2865104079246521,0.19778560101985931
2022-04-27,138.16700744628906,138.16700744628906,141.94850158691406,135.7834930419922,140.19149780273438,71336000,-0.0087810473174488,144.9517065992321,151.42372404594374,AMZN,Amazon,0.9626020193099976,0.0003808298206422478,0.037017084658145905
2022-04-28,144.59649658203125,144.59649658203125,145.9375,140.3000030517578,142.17799377441406,117316000,0.046534185364343,144.86290409493188,150.80306700376988,AMZN,Amazon,0.16670168936252594,0.0010579341324046254,0.8322404026985168
2022-04-29,124.28150177001952,124.28150177001952,130.76100158691406,121.625,129.8489990234375,272662000,-0.140494377749234,139.7175535137038,148.3920156188835,AMZN,Amazon,5.856248208147008e-06,0.40000540018081665,0.5999887585639954
2022-05-02,124.5,124.5,124.66799926757812,118.375,122.4010009765625,148788000,0.0017580913238786,135.91316513527784,146.22001419898498,AMZN,Amazon,0.0003484089102130383,0.3336540162563324,0.6659975647926331
2022-05-03,124.25350189208984,124.25350189208984,126.22049713134766,122.8249969482422,124.05349731445312,79134000,-0.0019799044812061,132.99824932448084,144.2230585347218,AMZN,Amazon,0.477511465549469,0.025537312030792236,0.49695122241973877
2022-05-04,125.92849731445312,125.92849731445312,126.0,119.18299865722656,123.5999984741211,110746000,0.0134804685329348,131.2308113219739,142.55991660560647,AMZN,Amazon,0.3331710398197174,3.7728026654804125e-05,0.6667912006378174
2022-05-05,116.40699768066406,116.40699768066406,123.4990005493164,115.07250213623048,123.0,144392000,-0.0756103649042452,127.52485791164644,140.18237852152075,AMZN,Amazon,0.689793050289154,0.06479587405920029,0.24541108310222626
2022-05-06,114.77249908447266,114.77249908447266,119.05049896240234,113.0814971923828,114.8499984741211,124260000,-0.0140412400350301,124.336768204853,137.87238948178913,AMZN,Amazon,0.39730948209762573,0.4021685719490051,0.20052197575569153
2022-05-09,108.78900146484376,108.78900146484376,114.0,107.95700073242188,111.3125,128124000,-0.0521335482572793,120.44982651985067,135.22844511661228,AMZN,Amazon,0.6287298202514648,0.0046746996231377125,0.36659547686576843
2022-05-10,108.85900115966795,108.85900115966795,112.64250183105467,107.1709976196289,111.25,105434000,0.0006434445934944,117.552120179805,132.83122293870824,AMZN,Amazon,0.03920084983110428,0.6023728251457214,0.3584263026714325
2022-05-11,105.37200164794922,105.37200164794922,110.15599822998048,104.42849731445312,108.10350036621094,109704000,-0.032032257090107,114.50709054684106,130.33493009409378,AMZN,Amazon,0.7435827255249023,0.0012687458656728268,0.2551485002040863
2022-05-12,106.93049621582033,106.93049621582033,110.78050231933594,102.40550231933594,102.75,132026000,0.0147904048845732,112.61294196408588,128.207254286978,AMZN,Amazon,0.6104466915130615,0.3209736943244934,0.06857956945896149
2022-05-13,113.05500030517578,113.05500030517578,113.18399810791016,107.8000030517578,109.06900024414062,93684000,0.0572755603508492,112.72345654935836,126.82977665226872,AMZN,Amazon,0.6715655326843262,0.017185689881443977,0.311248779296875
2022-05-16,110.8105010986328,110.8105010986328,113.99250030517578,110.35399627685548,113.0999984741211,74566000,-0.0198531617397219,112.24521768667697,125.37347887466544,AMZN,Amazon,0.6477025151252747,0.0022915410809218884,0.35000595450401306
2022-05-17,115.36849975585938,115.36849975585938,115.8000030517578,111.27649688720705,113.2750015258789,76448000,0.0411332735799965,113.02603820397258,124.46393531841036,AMZN,Amazon,0.499318391084671,0.49533286690711975,0.005348727107048035
2022-05-18,107.1125030517578,107.1125030517578,112.85299682617188,106.2490005493164,111.4394989013672,108380000,-0.0715619664082721,111.54765441591888,122.8865323850783,AMZN,Amazon,0.00024211932031903416,0.33265450596809387,0.6671034693717957
2022-05-19,107.31900024414062,107.31900024414062,110.03399658203124,106.19300079345705,106.28050231933594,88142000,0.0019278532990965,110.49049087297432,121.4713021904476,AMZN,Amazon,0.39574378728866577,0.1971794068813324,0.40707677602767944
2022-05-20,107.59100341796876,107.59100341796876,109.89800262451172,105.0094985961914,109.56849670410156,99500000,0.0025345295167615,109.76561900922292,120.20945684749496,AMZN,Amazon,0.32994213700294495,0.6699566841125488,0.00010124775144504383
2022-05-23,107.55699920654295,107.55699920654295,108.81900024414062,103.9499969482422,108.46099853515624,107798000,-0.0003160506951839,109.21346405855294,119.05923342559024,AMZN,Amazon,0.1894477903842926,0.0005452734185382724,0.8100069761276245
2022-05-24,104.0999984741211,104.0999984741211,105.4000015258789,101.26000213623048,104.0250015258789,102934000,-0.0321411043253759,107.93509766244496,117.69930297545667,AMZN,Amazon,0.3678891062736511,0.2748290002346039,0.3572818636894226
2022-05-25,106.7750015258789,106.7750015258789,108.1750030517578,103.6500015258789,103.65550231933594,93120000,0.0256964754175554,107.64507362830346,116.7061846618587,AMZN,Amazon,0.9372650384902954,0.06093025952577591,0.0018047302728518844
2022-05-26,111.07749938964844,111.07749938964844,112.66549682617188,107.45349884033205,107.97000122070312,93002000,0.0402949922948654,108.50318006863972,116.19448600074868,AMZN,Amazon,0.41656988859176636,0.5611365437507629,0.022293571382761
2022-05-27,115.14649963378906,115.14649963378906,115.18699645996094,112.62799835205078,113.5500030517578,93660000,0.0366320836037818,110.16400995992704,116.09921451284326,AMZN,Amazon,0.6757807731628418,0.30843880772590637,0.015780474990606308
2022-05-31,120.20950317382812,120.20950317382812,121.99449920654295,115.6750030517578,116.27999877929688,144634000,0.0439701037907482,112.67538326340232,116.47287711838732,AMZN,Amazon,0.39404019713401794,0.4073776602745056,0.19858214259147644
2022-06-01,121.68399810791016,121.68399810791016,125.1790008544922,120.62249755859376,122.25599670410156,127528000,0.0122660429928727,114.92753697452927,116.94661539016214,AMZN,Amazon,0.20068125426769257,0.7992802858352661,3.8487061829073355e-05
2022-06-02,125.51100158691406,125.51100158691406,125.61000061035156,120.04499816894533,121.68399810791016,100560000,0.0314503430073862,117.57340312762548,117.72519595350322,AMZN,Amazon,0.7203575968742371,0.01938023418188095,0.2602621018886566
2022-06-03,122.3499984741211,122.3499984741211,124.4000015258789,121.04650115966795,124.1999969482422,97604000,-0.0251850680245271,118.76755196424938,118.14563254628666,AMZN,Amazon,0.17379771173000336,0.8261275887489319,7.467291288776323e-05
2022-06-06,124.79000091552734,124.79000091552734,128.99000549316406,123.80999755859376,125.25,135269000,0.019942807289224,120.27316420206888,118.74966603439944,AMZN,Amazon,0.7862533330917358,0.20178130269050598,0.011965389363467693
2022-06-07,123.0,123.0,124.0999984741211,120.62999725341795,122.01000213623048,85156700,-0.0143441053160904,120.95487315155164,119.13606003127224,AMZN,Amazon,0.7954452037811279,0.20398733019828796,0.0005674681742675602
2022-06-08,121.18000030517578,121.18000030517578,123.75,120.75,122.61000061035156,64926600,-0.0147967454863757,121.01115493995768,119.32187278344529,AMZN,Amazon,0.6749613285064697,0.3221777379512787,0.0028609030414372683
2022-06-09,116.1500015258789,116.1500015258789,121.3000030517578,116.0999984741211,119.98999786376952,67029800,-0.0415084895744305,119.795866586438,119.03352085093924,AMZN,Amazon,0.4595583379268646,0.33361148834228516,0.2068302035331726
2022-06-10,109.6500015258789,109.6500015258789,114.5,109.0500030517578,113.41999816894533,87266000,-0.0559621172157432,117.25940032129822,118.18047363957012,AMZN,Amazon,0.499356210231781,0.4934609532356262,0.007182816509157419
2022-06-13,103.66999816894533,103.66999816894533,106.54000091552734,101.86000061035156,104.19000244140624,99277700,-0.0545371935587454,113.86204978320998,116.86133950587694,AMZN,Amazon,0.9974379539489746,4.3179854401387274e-05,0.0025188582949340343
2022-06-14,102.30999755859376,102.30999755859376,104.87999725341795,101.43000030517578,104.19000244140624,69728800,-0.0131185553619402,110.97403672705592,115.5384902379421,AMZN,Amazon,0.3004990518093109,0.6707339286804199,0.028766928240656853
2022-06-15,107.66999816894533,107.66999816894533,109.05999755859376,103.52999877929688,103.86000061035156,85011100,0.0523898029347702,110.14802708752828,114.8231727771242,AMZN,Amazon,0.2387464940547943,0.20760639011859894,0.5536471605300903
2022-06-16,103.66000366210938,103.66000366210938,104.58000183105467,102.01000213623048,104.47000122070312,82186300,-0.0372433786108535,108.52602123117356,113.80833922121376,AMZN,Amazon,0.1981135904788971,0.5055139064788818,0.29637256264686584
2022-06-17,106.22000122070312,106.22000122070312,106.9800033569336,102.51000213623048,102.8000030517578,99772100,0.0246960975125789,107.94951622855596,113.11849031207645,AMZN,Amazon,0.8522363305091858,0.14652717113494873,0.0012364847352728248
2022-06-21,108.68000030517578,108.68000030517578,111.62999725341795,103.55999755859376,108.1999969482422,70901200,0.023159471438541,108.13213724771092,112.71499122054,AMZN,Amazon,0.7679024934768677,0.15988613665103912,0.07221139967441559
2022-06-22,108.9499969482422,108.9499969482422,112.12999725341795,107.0199966430664,107.43000030517578,60040100,0.0024843268523027,108.33660217284373,112.37271901396748,AMZN,Amazon,0.00016615026106592268,0.910168468952179,0.08966528624296188
2022-06-23,112.44000244140624,112.44000244140624,113.0,107.93000030517578,110.38999938964844,64345300,0.0320330939965241,109.36245223998436,112.37883568918916,AMZN,Amazon,0.47994714975357056,0.5009674429893494,0.01908542588353157
2022-06-24,116.45999908447266,116.45999908447266,116.70999908447266,111.43000030517578,112.37999725341795,69867600,0.0357523706490603,111.13683895110644,112.74985054330584,AMZN,Amazon,0.999775230884552,0.00014286251098383218,8.190378866856918e-05
2022-06-27,113.22000122070312,113.22000122070312,117.9800033569336,112.6999969482422,117.08999633789062,62133200,-0.0278206928493914,111.6576295185056,112.79259151397832,AMZN,Amazon,0.5347771644592285,0.33285391330718994,0.13236892223358154
2022-06-28,107.4000015258789,107.4000015258789,114.8499984741211,107.04000091552734,113.5,74942900,-0.0514043422723439,110.59322252034892,112.30235606051474,AMZN,Amazon,0.24238546192646027,0.20006147027015686,0.5575531125068665
2022-06-29,108.91999816894533,108.91999816894533,110.98999786376952,106.91000366210938,107.37999725341795,66375300,0.0141526687287816,110.17491643249802,111.99486897946298,AMZN,Amazon,0.7876273989677429,0.10335700213909149,0.1090155839920044
2022-06-30,106.20999908447266,106.20999908447266,108.18000030517578,102.5199966430664,108.11000061035156,97679400,-0.0248806383587079,109.18368709549168,111.46897171628204,AMZN,Amazon,0.9355368614196777,0.056034959852695465,0.008428220637142658
2022-07-01,109.55999755859376,109.55999755859376,109.75,105.8499984741211,106.29000091552734,73021200,0.0315412720365124,109.2777647112672,111.29542861103764,AMZN,Amazon,0.36014437675476074,0.629544734954834,0.010310926474630833
2022-07-05,113.5,113.5,114.08000183105467,106.31999969482422,107.5999984741211,76583700,0.0359620530230397,110.3333235334504,111.49584419185238,AMZN,Amazon,0.9998743534088135,5.957201210549101e-05,6.60600489936769e-05
2022-07-06,114.33000183105467,114.33000183105467,115.4800033569336,112.01000213623048,113.20999908447266,66958900,0.0073127914630368,111.33249310785146,111.75349488632531,AMZN,Amazon,0.9965848326683044,0.0013098708586767316,0.0021052805241197348
2022-07-07,116.33000183105467,116.33000183105467,116.98999786376952,113.48999786376952,113.8499984741211,57872300,0.0174932210965534,112.58187028865228,112.1695409722098,AMZN,Amazon,0.500243067741394,0.4985384941101074,0.0012184452498331666
2022-07-08,115.54000091552734,115.54000091552734,116.58000183105467,113.69000244140624,114.5999984741211,45719700,-0.0067910332940135,113.32140294537103,112.4759464216023,AMZN,Amazon,0.9830889701843262,0.015516901388764381,0.0013941219076514244
2022-07-11,111.75,111.75,114.3000030517578,110.87000274658205,114.08000183105467,53487600,-0.0328025003072162,112.92855220902828,112.40995129236572,AMZN,Amazon,0.00015210913261398673,4.6308319724630564e-05,0.9998015761375427
2022-07-12,109.22000122070312,109.22000122070312,113.2300033569336,108.33999633789062,112.16000366210938,54280300,-0.0226398101055649,112.001414461947,112.11995583130548,AMZN,Amazon,0.5015021562576294,0.4984927773475647,5.058833266957663e-06
2022-07-13,110.4000015258789,110.4000015258789,111.77999877929688,106.01000213623048,107.02999877929688,61353800,0.0108038847462685,111.60106122792996,111.96359634899396,AMZN,Amazon,0.6666684150695801,7.1659374043520074e-06,0.3333244025707245
2022-07-14,110.62999725341795,110.62999725341795,111.18000030517578,107.58000183105467,110.23999786376952,51163100,0.002083294604712,111.35829523430198,111.84236006757796,AMZN,Amazon,0.7121251225471497,0.2813399136066437,0.006534975953400135
2022-07-15,113.5500030517578,113.5500030517578,115.58999633789062,111.58999633789062,112.5,84317800,0.0263943403311404,111.90622218866594,111.99760033886704,AMZN,Amazon,0.0034607674460858107,0.7514028549194336,0.24513639509677887
2022-07-18,113.76000213623048,113.76000213623048,117.23999786376952,113.1500015258789,115.0,59115400,0.001849397435744,112.36966717555708,112.1578186840819,AMZN,Amazon,0.5025253295898438,0.08772837370634079,0.40974631905555725
2022-07-19,118.20999908447266,118.20999908447266,118.9499969482422,114.02999877929688,115.6999969482422,60990000,0.0391174126641911,113.82975015278596,112.70801690229924,AMZN,Amazon,0.9999250769615173,1.1344800441293046e-05,6.356805533869192e-05
2022-07-20,122.7699966430664,122.7699966430664,123.4800033569336,118.31999969482422,118.62000274658205,71268300,0.0385753962770543,116.06481177535608,113.62274233327808,AMZN,Amazon,0.027251029387116432,0.25125938653945923,0.7214895486831665
2022-07-21,124.62999725341795,124.62999725341795,124.8499984741211,121.26000213623048,123.1999969482422,60239900,0.0151502863990393,118.20610814487156,114.6234018714726,AMZN,Amazon,0.4995805323123932,0.49562618136405945,0.004793273750692606
2022-07-22,122.41999816894533,122.41999816894533,125.5,121.3499984741211,125.01000213623048,51463800,-0.0177324812097919,119.25958065089,115.332183353061,AMZN,Amazon,0.004678587429225445,0.796524703502655,0.19879671931266785
2022-07-25,121.13999938964844,121.13999938964844,123.63999938964844,120.02999877929688,122.6999969482422,50221300,-0.0104557980594838,119.7296853355796,115.8601666291144,AMZN,Amazon,0.39933496713638306,0.0006588666583411396,0.600006103515625
2022-07-26,114.80999755859376,114.80999755859376,118.1500015258789,114.52999877929688,115.79000091552734,67075100,-0.0522536062650467,118.49976339133316,115.76469671361252,AMZN,Amazon,0.9997045397758484,1.2308887562539894e-05,0.00028313681832514703
2022-07-27,120.97000122070312,120.97000122070312,121.9000015258789,117.16000366210938,117.30999755859376,61582000,0.0536538959419941,119.11732284867564,116.23790621425712,AMZN,Amazon,0.6500861644744873,0.33315396308898926,0.016759902238845825
2022-07-28,122.27999877929688,122.27999877929688,122.83999633789062,118.08000183105467,121.56999969482422,82245500,0.01082911089836,119.90799183133096,116.78718735653344,AMZN,Amazon,0.16665969789028168,0.6666627526283264,0.1666775941848755
2022-07-29,134.9499969482422,134.9499969482422,137.64999389648438,132.41000366210938,134.89999389648438,148892900,0.1036146409505072,123.66849311055876,118.4383518648706,AMZN,Amazon,0.3326612710952759,0.5021523833274841,0.1651863008737564
2022-08-01,135.38999938964844,135.38999938964844,138.8300018310547,133.50999450683594,134.9600067138672,76846900,0.0032604850044939,126.59886968033118,119.9794107307595,AMZN,Amazon,0.997715413570404,0.0013643450802192092,0.0009202524088323116
2022-08-02,134.16000366210938,134.16000366210938,137.44000244140625,134.08999633789062,134.72000122070312,61922400,-0.0090848344270921,128.48915317577573,121.2685555427004,AMZN,Amazon,0.39492425322532654,0.41255030035972595,0.1925254762172699
2022-08-03,139.52000427246094,139.52000427246094,140.49000549316406,136.0500030517578,136.2100067138672,71827800,0.0399522992251182,131.24686594994702,122.9277781544968,AMZN,Amazon,0.8329666256904602,0.16667692363262177,0.00035643266164697707
2022-08-04,142.57000732421875,142.57000732421875,143.55999755859375,139.5500030517578,140.5800018310547,70585000,0.0218606863414483,134.07765129351495,124.71343535174424,AMZN,Amazon,0.7514678835868835,0.04319232702255249,0.20533975958824158
2022-08-05,140.8000030517578,140.8000030517578,142.86000061035156,139.60000610351562,140.10000610351562,50686900,-0.0124149833873247,135.75823923307567,126.17585059720004,AMZN,Amazon,0.33311232924461365,0.5002759099006653,0.16661177575588226
2022-08-08,139.41000366210938,139.41000366210938,144.22999572753906,138.2899932861328,142.0500030517578,52229000,-0.0098721545420527,136.6711803403341,127.37895542128268,AMZN,Amazon,0.7365201115608215,0.20046523213386536,0.0630146935582161
2022-08-09,137.8300018310547,137.8300018310547,138.9499969482422,136.2100067138672,138.0500030517578,40434700,-0.0113334896316634,136.96088571301425,128.32905054944376,AMZN,Amazon,0.40079060196876526,5.4829044529469684e-05,0.5991545915603638
2022-08-10,142.69000244140625,142.69000244140625,144.60000610351562,141.00999450683594,142.89999389648438,54773800,0.0352608325167747,138.39316489511225,129.63459163053128,AMZN,Amazon,0.9999958872795105,6.857453627162613e-08,4.079548034496838e-06
2022-08-11,140.63999938964844,140.63999938964844,144.49000549316406,139.75999450683594,143.86000061035156,44867300,-0.0143668303082384,138.9548735187463,130.63508324499648,AMZN,Amazon,0.6623299717903137,0.16761495172977448,0.1700550764799118
2022-08-12,143.5500030517578,143.5500030517578,143.57000732421875,140.1199951171875,142.0500030517578,47643500,0.0206911524085484,140.10365590199916,131.80916686379297,AMZN,Amazon,0.2584075331687927,0.0028312797658145428,0.7387611865997314
2022-08-15,143.17999267578125,143.17999267578125,143.75999450683594,141.49000549316406,142.8000030517578,39014600,-0.0025775713556979,140.87274009544467,132.84287830124646,AMZN,Amazon,0.6666781306266785,5.2432627853704616e-05,0.3332694470882416
2022-08-16,144.77999877929688,144.77999877929688,146.57000732421875,142.0,143.91000366210938,59102900,0.0111747882760318,141.84955476640772,133.9280710719783,AMZN,Amazon,0.6083561778068542,0.2669420540332794,0.12470179051160812
2022-08-17,142.10000610351562,142.10000610351562,143.3800048828125,140.77999877929688,142.69000244140625,48149800,-0.0185107936066959,141.9121676006847,134.6709742566635,AMZN,Amazon,0.8721776604652405,0.0030507175251841545,0.12477165460586548
2022-08-18,142.3000030517578,142.3000030517578,142.77000427246094,140.3800048828125,141.32000732421875,37458700,0.0014074379989574,142.009126463453,135.3645223289448,AMZN,Amazon,0.4799463748931885,0.5009680390357971,0.01908557303249836
2022-08-19,138.22999572753906,138.22999572753906,141.11000061035156,137.91000366210938,140.47000122070312,47792800,-0.0286015968863921,141.0643437794745,135.6250199106352,AMZN,Amazon,0.9715771079063416,0.02626926638185978,0.0021535982377827168
2022-08-22,133.22000122070312,133.22000122070312,136.32000732421875,132.85000610351562,135.72000122070312,50461500,-0.0362439026382593,139.10325813978167,135.40638184791408,AMZN,Amazon,0.8330357670783997,0.16676633059978485,0.00019787407654803246
2022-08-23,133.6199951171875,133.6199951171875,134.99000549316406,132.9499969482422,133.41000366210938,36252100,0.0030025063265215,137.73244238413312,135.24398305421167,AMZN,Amazon,0.1681690365076065,0.0321195125579834,0.7997114062309265
2022-08-24,133.8000030517578,133.8000030517578,135.47000122070312,132.10000610351562,132.75,38627000,0.0013471631578225,136.7493325510393,135.11271214489767,AMZN,Amazon,0.40025871992111206,0.3996694087982178,0.20007184147834778
2022-08-25,137.27999877929688,137.27999877929688,137.4199981689453,134.27999877929688,135.25999450683594,37496300,0.0260089360849482,136.88199910810368,135.30973820257032,AMZN,Amazon,0.4897136688232422,0.4920310080051422,0.01825532503426075
2022-08-26,130.75,130.75,137.8300018310547,130.5,136.5500030517578,53322700,-0.0475670078479172,135.34899933107778,134.8952165477912,AMZN,Amazon,0.788571834564209,0.20992577075958252,0.0015024475287646055
2022-08-29,129.7899932861328,129.7899932861328,131.9499969482422,128.77000427246094,129.89999389648438,48101600,-0.0073423075630377,133.95924781984155,134.43110534218587,AMZN,Amazon,0.4602943956851959,0.5390815734863281,0.0006240265793167055
2022-08-30,128.72999572753906,128.72999572753906,132.07000732421875,126.8499984741211,131.25,49203000,-0.008167020675137,132.65193479676594,133.91282264994524,AMZN,Amazon,0.395958811044693,0.0016844796482473612,0.6023567318916321
2022-08-31,126.7699966430664,126.7699966430664,130.58999633789062,126.73999786376952,129.4499969482422,53648700,-0.0152256595162253,131.18145025834104,133.26347483113807,AMZN,Amazon,0.4994538724422455,0.3364698588848114,0.1640763133764267
2022-09-01,127.81999969482422,127.81999969482422,128.02000427246094,123.66000366210938,126.0,56636100,0.008282741023605,130.34108761746182,132.76861345510952,AMZN,Amazon,0.11424581706523895,0.09728792309761047,0.7884662747383118
2022-09-02,127.51000213623048,127.51000213623048,131.3800048828125,126.38999938964844,129.5,57429800,-0.0024252664632599,129.63331624715397,132.29055788066594,AMZN,Amazon,0.23735639452934265,0.4331091046333313,0.3295345902442932
2022-09-06,126.11000061035156,126.11000061035156,128.6199951171875,124.73999786376952,127.91999816894533,43888600,-0.0109795427999691,128.75248733795337,131.7286890379101,AMZN,Amazon,0.6667986512184143,0.00658406363800168,0.3266172707080841
2022-09-07,129.47999572753906,129.47999572753906,129.82000732421875,125.4000015258789,126.12000274658205,47900300,0.0267226635546529,128.93436443534978,131.5242623733309,AMZN,Amazon,0.9998612999916077,2.2923690266907215e-05,0.00011580503633012995
2022-09-08,129.82000732421875,129.82000732421875,130.27999877929688,127.0999984741211,127.72000122070312,43988500,0.0026259778181887,129.155775157567,131.3693300961389,AMZN,Amazon,0.00931649748235941,0.7500309944152832,0.24065253138542175
2022-09-09,133.27000427246094,133.27000427246094,133.69000244140625,130.75999450683594,130.91000366210938,49387600,0.0265752330426696,130.1843324362905,131.54211865762272,AMZN,Amazon,0.6059755682945251,0.3892193138599396,0.0048050847835838795
2022-09-12,136.4499969482422,136.4499969482422,136.49000549316406,134.0,134.10000610351562,53826900,0.0238612784110068,131.7507485642784,131.9882894113154,AMZN,Amazon,0.8315996527671814,0.00010024502989836037,0.16830021142959595
2022-09-13,126.81999969482422,126.81999969482422,131.39999389648438,126.2699966430664,131.00999450683594,72694000,-0.0705752837581286,130.51806134691486,131.51844489163437,AMZN,Amazon,0.3998844027519226,0.5782546997070312,0.02186095528304577
2022-09-14,128.5500030517578,128.5500030517578,128.83999633789062,126.33000183105467,127.36000061035156,45316800,0.013641407988461,130.0260467731256,131.24858654255468,AMZN,Amazon,0.1864342987537384,0.02951960265636444,0.7840460538864136
2022-09-15,126.27999877929688,126.27999877929688,130.3699951171875,125.5,127.37999725341795,52887200,-0.0176585314552421,129.0895347746684,130.79689674589488,AMZN,Amazon,0.2074355185031891,0.003911952488124371,0.7886525392532349
2022-09-16,123.52999877929688,123.52999877929688,123.87000274658205,120.6999969482422,122.77999877929688,115667800,-0.0217770036948309,127.69965077582552,130.13626965802234,AMZN,Amazon,0.9924043416976929,0.0017993877409026027,0.005796241108328104
2022-09-19,124.66000366210938,124.66000366210938,124.70999908447266,121.8000030517578,122.16000366210938,47279700,0.0091476151054725,126.93973899739647,129.63842729475752,AMZN,Amazon,0.400172621011734,5.3004092478659004e-05,0.5997743606567383
2022-09-20,122.19000244140624,122.19000244140624,124.4000015258789,121.13999938964844,123.3499984741211,47698400,-0.0198139030013031,125.75230485839892,128.96129776263467,AMZN,Amazon,0.9504738450050354,3.012224260601215e-05,0.04949599504470825
2022-09-21,118.54000091552734,118.54000091552734,123.76000213623048,118.4499969482422,122.48999786376952,58498900,-0.0298715234712364,123.94922887268103,128.01390714017035,AMZN,Amazon,0.9742457270622253,1.1916827133973129e-05,0.025742322206497192
2022-09-22,117.30999755859376,117.30999755859376,118.79000091552734,116.26000213623048,117.08000183105467,55229200,-0.0103762725445742,122.2894210441592,127.04082445093614,AMZN,Amazon,0.7208577990531921,0.27841517329216003,0.0007269754423759878
2022-09-23,113.77999877929688,113.77999877929688,116.0500030517578,112.05999755859376,116.0,65126700,-0.0300912015408892,120.16206547794364,125.83529484442349,AMZN,Amazon,5.4734563548208826e-09,1.0,5.0276622864942055e-09
2022-09-26,115.1500015258789,115.1500015258789,117.33999633789062,113.12999725341795,113.3000030517578,62723300,0.0120408047220976,118.90904948992744,124.8639045427376,AMZN,Amazon,0.33333009481430054,0.6666556000709534,1.4360911336552817e-05
2022-09-27,114.41000366210938,114.41000366210938,118.31999969482422,113.0500030517578,117.1999969482422,60094700,-0.0064263817104963,117.78428803297292,123.91354991722596,AMZN,Amazon,0.5868821740150452,0.2938404679298401,0.11927732080221176
2022-09-28,118.01000213623048,118.01000213623048,118.6999969482422,113.8000030517578,114.37999725341795,55763800,0.0314657666190894,117.8407165587873,123.37686375531727,AMZN,Amazon,1.171080370454547e-07,0.9999998807907104,3.834735906593778e-08
2022-09-29,114.8000030517578,114.8000030517578,116.06999969482422,113.05999755859376,115.5999984741211,58969700,-0.027201076403397,117.08053818202993,122.59714914590278,AMZN,Amazon,0.5874829292297363,0.4122886657714844,0.00022840939345769584
2022-09-30,113.0,113.0,116.91999816894533,112.83999633789062,114.08000183105467,59479600,-0.0156794686751556,116.06040363652244,121.72468104172978,AMZN,Amazon,0.9715027809143066,0.019078385084867477,0.009418890811502934
2022-10-03,115.87999725341795,115.87999725341795,116.91000366210938,112.4499969482422,113.58000183105467,50941900,0.0254867013576811,116.01530204074632,121.19334615188323,AMZN,Amazon,0.8900225758552551,0.0036318593192845583,0.10634557902812958
2022-10-04,121.08999633789062,121.08999633789062,123.0,119.79000091552734,119.88999938964844,62812600,0.0449602969275095,117.2839756150324,121.18395071424754,AMZN,Amazon,0.3386538028717041,0.00023506794241257012,0.6611111164093018
2022-10-05,120.9499969482422,120.9499969482422,121.75,117.69000244140624,118.58000183105467,48217500,-0.0011561598305592,118.20048094833484,121.16268219006524,AMZN,Amazon,0.388368159532547,0.0016399730229750276,0.6099918484687805
2022-10-06,120.3000030517578,120.3000030517578,121.52999877929688,119.5,120.7699966430664,42253800,-0.0053740712102913,118.72536147419058,121.08425681385548,AMZN,Amazon,0.699539303779602,0.3003726601600647,8.805295510683209e-05
2022-10-07,114.55999755859376,114.55999755859376,118.16999816894533,113.87999725341795,118.0,54678000,-0.0477140926646069,117.68402049529138,120.49114233610442,AMZN,Amazon,0.7953733205795288,0.00860856007784605,0.1960180699825287
2022-10-10,113.66999816894533,113.66999816894533,116.25,112.43000030517578,115.0999984741211,42339700,-0.007768849586377,116.68051491370484,119.87103832090811,AMZN,Amazon,0.3116583824157715,0.6875907778739929,0.0007509238203056157
2022-10-11,112.20999908447266,112.20999908447266,115.4800033569336,110.38999938964844,112.70999908447266,56432200,-0.0128441902700014,115.5628859563968,119.17458020850488,AMZN,Amazon,0.7982677817344666,0.20161783695220947,0.0001143199042417109
2022-10-12,112.9000015258789,112.9000015258789,113.83000183105467,111.4000015258789,112.48999786376952,45728700,0.006149206372302,114.89716484876732,118.6041639646298,AMZN,Amazon,0.9983072280883789,0.0016818862641230226,1.086481825041119e-05
2022-10-13,112.52999877929688,112.52999877929688,113.44000244140624,105.3499984741211,107.87999725341795,86868100,-0.0032772607757425,114.30537333139972,118.05196712959952,AMZN,Amazon,0.9998946189880371,4.12196823162958e-06,0.00010129352449439466
2022-10-14,106.9000015258789,106.9000015258789,114.95999908447266,106.5999984741211,114.0999984741211,67737300,-0.0500310789521999,112.4540303800195,117.03815207471582,AMZN,Amazon,0.9846405386924744,0.0022959744092077017,0.013063541613519192
2022-10-17,113.79000091552734,113.79000091552734,114.19000244140624,110.08999633789062,110.11000061035156,62782000,0.0644527529588525,112.78802301389646,116.7428656056987,AMZN,Amazon,1.6965965414783568e-06,0.9999979734420776,4.1316565102533787e-07
2022-10-18,116.36000061035156,116.36000061035156,119.5199966430664,114.79000091552734,119.05999755859376,65607400,0.0225854615884226,113.68101741301024,116.70805969703078,AMZN,Amazon,0.00243128533475101,0.6642554998397827,0.3333131968975067
2022-10-19,115.06999969482422,115.06999969482422,116.58999633789062,113.22000122070312,114.70999908447266,47198100,-0.0110862917562806,114.02826298346372,116.55914515137565,AMZN,Amazon,0.46978744864463806,0.30385902523994446,0.2263534516096115
2022-10-20,115.25,115.25,118.23999786376952,113.51000213623048,113.83000183105467,48795100,0.0015642678860967,114.3336972375978,116.44013195579603,AMZN,Amazon,0.29195958375930786,0.3069270849227905,0.4011133313179016
2022-10-21,119.31999969482422,119.31999969482422,119.58999633789062,114.5,114.79000091552734,55660500,0.0353145309746136,115.5802728519044,116.7019381138895,AMZN,Amazon,0.11517598479986191,0.5902236104011536,0.29460039734840393
2022-10-24,119.81999969482422,119.81999969482422,120.38999938964844,116.56999969482422,119.9800033569336,49531500,0.0041904123472913,116.64020456263437,116.98539825761084,AMZN,Amazon,0.48840436339378357,0.2592264711856842,0.25236913561820984
2022-10-25,120.5999984741211,120.5999984741211,121.31999969482422,118.9499969482422,119.6500015258789,50934600,0.0065097544757426,117.63015304050604,117.31399827729356,AMZN,Amazon,0.49796801805496216,0.5000945925712585,0.00193739531096071
2022-10-26,115.66000366210938,115.66000366210938,119.3499984741211,114.76000213623048,116.0,68802300,-0.0409618148798879,117.13761569590687,117.16363513045864,AMZN,Amazon,0.5237513780593872,0.2760704457759857,0.20017817616462708
2022-10-27,110.95999908447266,110.95999908447266,114.12000274658205,109.7699966430664,113.91999816894533,129605400,-0.0406363862080393,115.59321154304833,116.59966821718716,AMZN,Amazon,0.19604353606700897,0.0039652870036661625,0.799991250038147
2022-10-28,103.41000366210938,103.41000366210938,103.95999908447266,97.66000366210938,97.91000366210938,223133400,-0.0680424971580574,112.54740957281358,115.4006078030892,AMZN,Amazon,0.0,1.0,0.0
2022-10-31,102.44000244140624,102.44000244140624,104.87000274658205,100.73999786376952,103.55999755859376,99251400,-0.0093801487897882,110.02055778996174,114.2223709520271,AMZN,Amazon,0.4998396635055542,0.010903889313340187,0.4892564117908478
2022-11-01,96.79000091552734,96.79000091552734,104.58000183105467,96.05999755859376,103.98999786376952,153370000,-0.0551542502071942,106.71291857135314,112.63761003961804,AMZN,Amazon,0.3333855867385864,0.3332492709159851,0.33336517214775085
2022-11-02,92.12000274658205,92.12000274658205,97.73999786376952,92.01000213623048,97.31999969482422,135761800,-0.0482487666574258,103.06468961516036,110.7723730129784,AMZN,Amazon,0.49467000365257263,0.46357622742652893,0.04175378754734993
2022-11-03,89.30000305175781,89.30000305175781,93.5,89.0199966430664,92.47000122070312,136683300,-0.0306122406724401,99.62351797430972,108.82033938014015,AMZN,Amazon,0.2142898291349411,0.7846406698226929,0.0010695013916119933
2022-11-04,90.9800033569336,90.9800033569336,92.44000244140624,88.04000091552734,91.48999786376952,129101300,0.0188129926961151,97.46263931996567,107.19849065075776,AMZN,Amazon,0.01400583516806364,0.6245322823524475,0.36146190762519836
2022-11-07,90.52999877929688,90.52999877929688,92.0999984741211,89.04000091552734,91.9499969482422,77495700,-0.0049461921414891,95.72947918479848,105.68317320789768,AMZN,Amazon,0.7481498122215271,0.1937936693429947,0.058056533336639404
2022-11-08,89.9800033569336,89.9800033569336,91.72000122070312,88.2300033569336,90.79000091552734,88703400,-0.0060752836604374,94.29211022783228,104.25561231235548,AMZN,Amazon,0.40850570797920227,0.08026217669248581,0.5112321376800537
2022-11-09,86.13999938964844,86.13999938964844,89.4800033569336,85.87000274658203,89.47000122070312,90796200,-0.0426761927542121,92.25408251828632,102.6087384102912,AMZN,Amazon,0.4008491039276123,0.4000823497772217,0.1990685611963272
2022-11-10,96.62999725341795,96.62999725341795,98.69000244140624,91.6500015258789,92.94000244140624,173414900,0.1217784761794429,93.34806120206925,102.06521648693912,AMZN,Amazon,0.5945329666137695,0.20630645751953125,0.19916053116321564
2022-11-11,100.79000091552734,100.79000091552734,101.19000244140624,96.66000366210938,97.87999725341795,111590500,0.0430508514990382,95.20854613043376,101.94928779862894,AMZN,Amazon,0.33442628383636475,0.331346720457077,0.33422696590423584
2022-11-14,98.48999786376952,98.48999786376952,100.12000274658205,97.29000091552734,98.7699966430664,99533100,-0.0228197542500814,96.0289090637677,101.6348068954599,AMZN,Amazon,0.6003281474113464,0.009379828348755836,0.3902919888496399
2022-11-15,98.94000244140624,98.94000244140624,103.79000091552734,97.33999633789062,103.20999908447266,111336300,0.0045690383531042,96.75668240817734,101.38982467236411,AMZN,Amazon,0.5944322347640991,0.40542498230934143,0.00014289501996245235
2022-11-16,97.12000274658205,97.12000274658205,98.48999786376952,95.54000091552734,96.8499984741211,87958800,-0.018394983322363,96.84751249277852,101.00165904274756,AMZN,Amazon,0.7797301411628723,0.2098037302494049,0.010466163046658039
2022-11-17,94.8499984741211,94.8499984741211,96.97000122070312,94.02999877929688,95.37000274658205,82617900,-0.0233731899533006,96.34813398811416,100.44241717287244,AMZN,Amazon,0.6631863713264465,0.33662545680999756,0.0001881005009636283
2022-11-18,94.13999938964844,94.13999938964844,95.98999786376952,92.4800033569336,95.9499969482422,72428200,-0.0074854938945135,95.79610033849774,99.86947010167026,AMZN,Amazon,0.9999692440032959,9.527005317977455e-07,2.9820797863067128e-05
2022-11-21,92.45999908447266,92.45999908447266,95.0199966430664,90.58999633789062,93.97000122070312,84330300,-0.0178457649890373,94.96207502499146,99.19588182737957,AMZN,Amazon,0.8050369620323181,1.7948501408682205e-05,0.1949450969696045
2022-11-22,93.1999969482422,93.1999969482422,93.3499984741211,90.87000274658205,92.62000274658205,62192000,0.0080034379309636,94.52155550580414,98.65080138382164,AMZN,Amazon,0.20002809166908264,0.39998143911361694,0.3999904990196228
2022-11-23,94.12999725341795,94.12999725341795,94.58000183105467,92.83000183105467,93.23999786376952,59414700,0.0099785443736897,94.4236659427076,98.23981919014857,AMZN,Amazon,0.42186039686203003,0.3901605010032654,0.1879790723323822
2022-11-25,93.41000366210938,93.41000366210938,94.43000030517578,93.06999969482422,93.79000091552734,35088600,-0.0076489282090407,94.17025037255804,97.80074505123592,AMZN,Amazon,0.33324432373046875,0.5674306154251099,0.0993250161409378
2022-11-28,93.9499969482422,93.9499969482422,96.4000015258789,93.43000030517578,93.93000030517578,74943100,0.0057808935334819,94.11518701647908,97.45067704187284,AMZN,Amazon,0.39982157945632935,0.599971354007721,0.00020706732175312936
2022-11-29,92.41999816894533,92.41999816894533,94.41000366210938,91.44000244140624,94.04000091552734,65567300,-0.0162852456518945,93.69138980459564,96.99334259887942,AMZN,Amazon,0.4255898892879486,0.4383664131164551,0.1360437422990799
2022-11-30,96.54000091552734,96.54000091552734,96.54000091552734,91.52999877929688,92.47000122070312,102805800,0.0445791260355858,94.40354258232855,96.95212971857468,AMZN,Amazon,0.41730961203575134,0.4213016629219055,0.16138878464698792
2022-12-01,95.5,95.5,97.2300033569336,94.91999816894533,96.98999786376952,68488000,-0.0107727460706918,94.67765693674644,96.820117925977,AMZN,Amazon,0.173769012093544,0.8261175155639648,0.0001134297635871917
2022-12-02,94.12999725341795,94.12999725341795,95.36000061035156,93.77999877929688,94.4800033569336,72496400,-0.0143455784982411,94.54074201591432,96.57556150119888,AMZN,Amazon,0.999990701675415,2.640612137838616e-07,9.06252989807399e-06
2022-12-05,91.01000213623048,91.01000213623048,94.05999755859376,90.81999969482422,93.0500030517578,71535500,-0.0331455987275534,93.65805704599336,96.06960155892904,AMZN,Amazon,0.9963935017585754,0.0003020311123691499,0.0033044323790818453
2022-12-06,88.25,88.25,91.04000091552734,87.9000015258789,90.5,75503600,-0.0303263605257265,92.30604278449502,95.35872868993548,AMZN,Amazon,0.40047088265419006,0.005437101237475872,0.5940920114517212
2022-12-07,88.45999908447266,88.45999908447266,89.88999938964844,87.4800033569336,88.33999633789062,68086900,0.0023795930251859,91.34453185948942,94.73157145307522,AMZN,Amazon,0.3181071877479553,0.2117973417043686,0.47009551525115967
2022-12-08,90.3499984741211,90.3499984741211,90.86000061035156,87.87999725341797,89.23999786376953,73305900,0.021365582288144,91.09589851314736,94.33324663680663,AMZN,Amazon,0.00029133554198779166,0.4998247027397156,0.4998839199542999
2022-12-09,89.08999633789062,89.08999633789062,90.3000030517578,88.62999725341797,88.9000015258789,67398500,-0.0139457903432214,90.59442296933317,93.85658751872336,AMZN,Amazon,0.49997881054878235,2.704358394112205e-06,0.5000184774398804
2022-12-12,90.5500030517578,90.5500030517578,90.58000183105467,87.87000274658203,89.20999908447266,61999800,0.0163879983598813,90.58331798993932,93.55598893081742,AMZN,Amazon,0.49534153938293457,0.49968311190605164,0.0049753752537071705
2022-12-13,92.48999786376952,92.48999786376952,96.25,90.5199966430664,95.2300033569336,100212000,0.0214245692615033,91.05998795839687,93.45908065199488,AMZN,Amazon,0.0032825663220137358,0.9350239038467407,0.06169356033205986
2022-12-14,91.58000183105467,91.58000183105467,93.45999908447266,89.87000274658203,92.5,70298000,-0.0098388588359056,91.18999142656132,93.28825530463668,AMZN,Amazon,0.010948192328214645,0.0003813396324403584,0.9886704683303833
2022-12-15,88.44999694824219,88.44999694824219,89.97000122070312,87.47000122070312,89.88999938964844,84802900,-0.0341778207057331,90.50499280698156,92.84841363587354,AMZN,Amazon,0.9999659061431885,1.4910384379618336e-05,1.9147411876474507e-05
2022-12-16,87.86000061035156,87.86000061035156,89.3499984741211,86.7300033569336,88.2699966430664,146144100,-0.0066703941011537,89.84374475782406,92.39492154264428,AMZN,Amazon,0.9997555613517761,5.30256875208579e-06,0.00023922102991491556
2022-12-19,84.91999816894531,84.91999816894531,87.62999725341797,84.51000213623047,87.51000213623047,83531500,-0.0334623539834105,88.61280811060436,91.71538305412618,AMZN,Amazon,0.23556303977966309,0.37478315830230713,0.3896538019180298
2022-12-20,85.19000244140625,85.19000244140625,86.61000061035156,84.33000183105469,85.33000183105469,74348300,0.0031795134041781,87.75710669330483,91.122166634788,AMZN,Amazon,0.39846402406692505,0.40034931898117065,0.2011866271495819
2022-12-21,86.7699966430664,86.7699966430664,87.2300033569336,85.20999908447266,86.18000030517578,59267200,0.0185467091956814,87.51032918074523,90.72651481735876,AMZN,Amazon,0.6291821599006653,0.2509230971336365,0.11989468336105347
2022-12-22,83.79000091552734,83.79000091552734,85.68000030517578,82.25,85.5199966430664,81431300,-0.0343436192558292,86.58024711444077,90.095922644465,AMZN,Amazon,0.5695843696594238,0.04914670065045357,0.3812689185142517
2022-12-23,85.25,85.25,85.77999877929688,82.93000030517578,83.25,57433700,0.0174245025482759,86.24768533583057,89.6553842222409,AMZN,Amazon,0.4999814033508301,0.4998091757297516,0.0002094364317599684
2022-12-27,83.04000091552734,83.04000091552734,85.3499984741211,83.0,84.97000122070312,57284000,-0.0259237429263654,85.44576423075476,89.05398573981239,AMZN,Amazon,0.43605977296829224,0.36326995491981506,0.20067031681537628
2022-12-28,81.81999969482422,81.81999969482422,83.4800033569336,81.69000244140625,82.80000305175781,58228600,-0.0146917293744273,84.53932309677212,88.39635064481347,AMZN,Amazon,0.666630744934082,0.3333474099636078,2.182730531785637e-05
2022-12-29,84.18000030517578,84.18000030517578,84.55000305175781,82.55000305175781,82.87000274658203,54995900,0.0288438110383035,84.44949239887303,88.01304606848277,AMZN,Amazon,6.418138553954122e-08,5.775784757133806e-07,0.9999994039535522
2022-12-30,84.0,84.0,84.05000305175781,82.47000122070312,83.12000274658203,62401200,-0.0021382787422574,84.33711929915478,87.6482236986207,AMZN,Amazon,0.49318161606788635,0.02807210013270378,0.47874632477760315
2023-01-03,85.81999969482422,85.81999969482422,86.95999908447266,84.20999908447266,85.45999908447266,76706000,,85.81999969482422,85.81999969482422,AMZN,Amazon,0.043117377907037735,0.9501475691795349,0.006735049653798342
2023-01-04,85.13999938964844,85.13999938964844,86.9800033569336,83.36000061035156,86.55000305175781,68885100,-0.0079235645256799,85.64999961853027,85.75818148526278,AMZN,Amazon,0.5713093280792236,0.2857176959514618,0.14297297596931458
2023-01-05,83.12000274658203,83.12000274658203,85.41999816894531,83.06999969482422,85.33000183105469,67930800,-0.0237255891184796,85.01750040054321,85.51834705447361,AMZN,Amazon,0.9902777671813965,0.00748588889837265,0.002236375119537115
2023-01-06,86.08000183105469,86.08000183105469,86.4000015258789,81.43000030517578,83.02999877929688,83303400,0.035611152390083,85.28312575817108,85.56940657961734,AMZN,Amazon,0.037029046565294266,0.02230147272348404,0.9406695365905762
2023-01-09,87.36000061035156,87.36000061035156,89.4800033569336,87.08000183105469,87.45999908447266,65266100,0.0148698739785004,85.8023444712162,85.73218785513863,AMZN,Amazon,0.6665666699409485,0.3334161341190338,1.7130121705122292e-05
2023-01-10,89.87000274658203,89.87000274658203,90.19000244140624,87.29000091552734,87.56999969482422,67756600,0.0287317092341348,86.81925904005766,86.10835284526985,AMZN,Amazon,0.8633341193199158,0.06505865603685379,0.07160721719264984
2023-01-11,95.08999633789062,95.08999633789062,95.26000213623048,90.93000030517578,90.93000030517578,103126200,0.0580838258793434,88.8869433645159,86.92486589005355,AMZN,Amazon,0.0011143533047288656,0.9971796274185181,0.0017060295213013887
2023-01-12,95.2699966430664,95.2699966430664,97.19000244140624,93.5,96.93000030517578,85254800,0.0018929468094222,90.48270668415353,87.68351414032745,AMZN,Amazon,0.20000390708446503,0.7999910116195679,5.073767624708125e-06
2023-01-13,98.12000274658205,98.12000274658205,98.37000274658205,94.12000274658205,94.18000030517578,85549400,0.029915043601747,92.39203069976064,88.63228583180513,AMZN,Amazon,0.7987532615661621,0.19768226146697998,0.003564411774277687
2023-01-17,96.0500030517578,96.0500030517578,98.88999938964844,95.7300033569336,98.68000030517578,72755000,-0.0210966126873282,93.30652378775994,89.30662376089174,AMZN,Amazon,0.016809377819299698,0.9823673367500305,0.0008232255931943655
2023-01-18,95.45999908447266,95.45999908447266,99.31999969482422,95.37999725341795,97.25,79570400,-0.0061426751539739,93.84489261193812,89.86602151758092,AMZN,Amazon,0.3334747850894928,0.16997091472148895,0.49655434489250183
2023-01-19,93.68000030517578,93.68000030517578,95.44000244140624,92.86000061035156,94.73999786376952,69002700,-0.0186465409215199,93.80366953524754,90.21274686190772,AMZN,Amazon,0.5002564787864685,0.2500966489315033,0.2496468424797058
2023-01-20,97.25,97.25,97.3499984741211,93.1999969482422,93.86000061035156,67481500,0.0381084509307689,94.66525215143564,90.85249714718884,AMZN,Amazon,0.5004268288612366,0.0005125111783854663,0.49906063079833984
2023-01-23,97.5199966430664,97.5199966430664,97.77999877929688,95.86000061035156,97.55999755859376,76501100,0.0027763150957984,95.37893827434334,91.45863346499588,AMZN,Amazon,0.9990490674972534,0.0008794727036729455,7.142855611164123e-05
2023-01-24,96.31999969482422,96.31999969482422,98.08999633789062,96.0,96.93000030517578,66929500,-0.0123051373005508,95.61420362946356,91.90057584952574,AMZN,Amazon,0.5027351379394531,0.4972216486930847,4.3216841731918976e-05
2023-01-25,97.18000030517578,97.18000030517578,97.23999786376952,91.5199966430664,92.55999755859376,94261600,0.0089285777935668,96.00565279839162,92.38052352731208,AMZN,Amazon,0.20177412033081055,0.2096523493528366,0.5885735750198364
2023-01-26,99.22000122070312,99.22000122070312,99.48999786376952,96.91999816894533,98.23999786376952,68523600,0.0209919830121536,96.8092399039695,93.00229422671129,AMZN,Amazon,0.40175724029541016,0.009654800407588482,0.5885879993438721
2023-01-27,102.23999786376952,102.23999786376952,103.48999786376952,99.52999877929688,99.52999877929688,87775600,0.0304373776044286,98.1669293939195,93.84208546644383,AMZN,Amazon,0.055257607251405716,0.0023333693388849497,0.9424090385437012
2023-01-30,100.5500030517578,100.5500030517578,101.73999786376952,99.01000213623048,101.08999633789062,70691900,-0.0165296835614527,98.76269780837907,94.45189615601784,AMZN,Amazon,0.4045677185058594,0.009658601135015488,0.5857736468315125
2023-01-31,103.12999725341795,103.12999725341795,103.3499984741211,101.13999938964844,101.16000366210938,66527300,0.0256588177360086,99.8545226696388,95.24081443759968,AMZN,Amazon,0.43538999557495117,0.5600256323814392,0.004584335722029209
2023-02-01,105.1500015258789,105.1500015258789,106.23999786376952,101.23999786376952,102.52999877929688,80450100,0.0195869710681486,101.17839238369882,96.14164962744324,AMZN,Amazon,0.5465044975280762,0.2666482627391815,0.1868472844362259
2023-02-02,112.91000366210938,112.91000366210938,114.0,108.87999725341795,110.25,158154200,0.0737993535294492,104.11129520330148,97.66604544877652,AMZN,Amazon,0.5617687106132507,0.2864658534526825,0.1517653912305832
2023-02-03,103.38999938964844,103.38999938964844,108.77999877929688,102.5199966430664,105.26000213623048,144374800,-0.0843149762083984,103.93097124988822,98.18640489794667,AMZN,Amazon,1.4277364243753254e-05,0.4004363417625427,0.5995493531227112
2023-02-06,102.18000030517578,102.18000030517578,103.9499969482422,100.6500015258789,102.93000030517578,81945200,-0.011703250716856,103.49322851371012,98.5494590258766,AMZN,Amazon,0.7254562377929688,4.455123780644499e-05,0.27449923753738403
2023-02-07,102.11000061035156,102.11000061035156,102.41000366210938,98.08000183105467,101.16999816894533,119501300,-0.0006850625818668,103.14742153787049,98.87314462446524,AMZN,Amazon,0.31396761536598206,0.6814596652984619,0.004572758451104164
2023-02-08,100.0500030517578,100.0500030517578,102.66999816894533,98.77999877929688,102.04000091552734,75878300,-0.0201742977796527,102.37306691634232,98.98013175421912,AMZN,Amazon,0.1870403289794922,0.4000120759010315,0.4129475951194763
2023-02-09,98.23999786376952,98.23999786376952,101.77999877929688,97.56999969482422,101.31999969482422,64622500,-0.0180910058248766,101.33979965319912,98.91284685508734,AMZN,Amazon,0.3577245771884918,0.47242823243141174,0.16984723508358002
2023-02-10,97.61000061035156,97.61000061035156,98.81999969482422,96.2300033569336,97.55999755859376,52740100,-0.0064128386310796,100.40734989248725,98.79440628738408,AMZN,Amazon,0.40655359625816345,0.004454433917999268,0.5889919400215149
2023-02-13,99.54000091552734,99.54000091552734,99.68000030517578,96.91000366210938,97.8499984741211,52841500,0.0197725672892896,100.19051264824726,98.8621876172153,AMZN,Amazon,0.0822112187743187,0.4135059416294098,0.5042827725410461
2023-02-14,99.6999969482422,99.6999969482422,100.91999816894533,97.5199966430664,98.41000366210938,56202900,0.0016073541414833,100.067883723246,98.9383521018541,AMZN,Amazon,0.4006121754646301,0.3988382816314697,0.20054957270622253
2023-02-15,101.16000366210938,101.16000366210938,101.16999816894533,98.4499969482422,99.08999633789062,47957600,0.0146439995843241,100.34091370796185,99.14032042551366,AMZN,Amazon,0.9958688020706177,3.433592428336851e-05,0.004096895921975374
2023-02-16,98.1500015258789,98.1500015258789,100.62999725341795,98.0999984741211,99.20999908447266,56339200,-0.0297548638519662,99.79318566244112,99.05029143463776,AMZN,Amazon,0.6023252606391907,0.19762571156024933,0.2000490427017212
2023-02-17,97.1999969482422,97.1999969482422,97.94000244140624,95.6500015258789,97.8000030517578,60029400,-0.009679109147912,99.14488848389138,98.88208284496544,AMZN,Amazon,0.8445379137992859,0.1553337275981903,0.0001283675228478387
2023-02-21,94.58000183105467,94.58000183105467,95.61000061035156,94.2699966430664,95.33999633789062,56580400,-0.0269546831218793,98.0036668206822,98.49098457097357,AMZN,Amazon,0.20291349291801453,0.00028115222812630236,0.7968053221702576
2023-02-22,95.79000091552734,95.79000091552734,97.01000213623048,94.8000030517578,95.0999984741211,59534100,0.0127933924830541,97.4502503443935,98.24544060229664,AMZN,Amazon,0.6004956364631653,0.39924341440200806,0.0002609349612612277
2023-02-23,95.81999969482422,95.81999969482422,96.43000030517578,93.66999816894533,96.12000274658205,48467000,0.0003131723458624,97.04268768200116,98.0249459743446,AMZN,Amazon,0.9914857149124146,4.557468491839245e-05,0.008468721993267536
2023-02-24,93.5,93.5,94.13999938964844,92.31999969482422,93.52999877929688,57053800,-0.0242120611794317,96.15701576150089,97.61358724940418,AMZN,Amazon,0.8523576855659485,0.00013438425958156586,0.14750801026821136
2023-02-27,93.76000213623048,93.76000213623048,94.77999877929688,93.13999938964844,94.27999877929688,47470300,0.0027807715104863,95.55776235518329,97.26326133002472,AMZN,Amazon,0.9998674392700195,7.991848542587832e-05,5.263235652819276e-05
2023-02-28,94.2300033569336,94.2300033569336,94.69000244140624,92.91999816894533,93.13999938964844,43959300,0.0050128115400447,95.22582260562083,96.98751060519828,AMZN,Amazon,0.7902678847312927,0.0061263893730938435,0.20360572636127472
2023-03-01,92.16999816894533,92.16999816894533,94.68000030517578,91.58999633789062,93.87000274658205,52299500,-0.0218614572280677,94.46186649645196,96.54955492917529,AMZN,Amazon,0.79998379945755,0.20000238716602325,1.3876456250727642e-05
2023-03-02,92.12999725341795,92.12999725341795,92.2300033569336,90.38999938964844,91.41000366210938,55509400,-0.0004339906295107,93.87889918569346,96.14777695865187,AMZN,Amazon,0.598974883556366,0.0007130567100830376,0.4003121256828308
2023-03-03,94.9000015258789,94.9000015258789,94.94000244140624,92.66000366210938,92.73999786376952,55759600,0.0300662580597024,94.13417477073982,96.0343428283998,AMZN,Amazon,0.656742513179779,2.7797148504760116e-05,0.343229740858078
2023-03-06,93.75,93.75,96.5500030517578,93.73999786376952,95.19000244140624,52112400,-0.0121180348512988,94.03813107805486,95.82667529854528,AMZN,Amazon,0.2515440583229065,0.5000393390655518,0.24841658771038055
2023-03-07,93.5500030517578,93.5500030517578,95.08999633789062,92.77999877929688,94.05999755859376,49100700,-0.0021333007812499,93.9160990714806,95.61970509429186,AMZN,Amazon,1.7863580836774418e-08,1.0,7.717000372053917e-09
2023-03-08,93.91999816894533,93.91999816894533,94.16999816894533,92.18000030517578,93.5999984741211,44899100,0.0039550518986386,93.91707384584676,95.46518628289672,AMZN,Amazon,0.47470390796661377,0.08370129764080048,0.44159477949142456
2023-03-09,92.25,92.25,96.20999908447266,92.18000030517578,93.68000030517578,56218700,-0.0177810711403686,93.50030538438509,95.1728966208152,AMZN,Amazon,0.3480834364891052,0.4471319615840912,0.2047846019268036
2023-03-10,90.7300033569336,90.7300033569336,93.56999969482422,90.25,92.66999816894533,69827500,-0.0164769283801236,92.8077298775222,94.76899723318958,AMZN,Amazon,7.915874107311538e-07,8.295408520098135e-07,0.9999983310699463
2023-03-13,92.43000030517578,92.43000030517578,94.0199966430664,88.12000274658203,89.97000122070312,72397100,0.0187368773872338,92.7132974844356,94.55636114882468,AMZN,Amazon,0.4390011727809906,0.15210594236850739,0.4088928699493408
2023-03-14,94.87999725341795,94.87999725341795,95.06999969482422,92.70999908447266,93.83000183105467,60912700,0.0265065123894086,93.2549724266812,94.58578261287862,AMZN,Amazon,0.49099090695381165,0.504371702671051,0.004637382924556732
2023-03-15,96.1999969482422,96.1999969482422,96.66999816894533,93.06999969482422,93.22000122070312,70731800,0.0139123074729712,93.99122855707144,94.73252937063894,AMZN,Amazon,0.9986981153488159,6.283436232479289e-05,0.0012391243362799287
2023-03-16,100.04000091552734,100.04000091552734,100.98999786376952,95.61000061035156,95.75,84446900,0.0399168824230957,95.5034216466854,95.2150267838106,AMZN,Amazon,0.49555301666259766,0.37019267678260803,0.1342543363571167
2023-03-17,98.9499969482422,98.9499969482422,100.66000366210938,97.45999908447266,99.79000091552734,87300200,-0.0108956813005783,96.3650654720746,95.55456952603166,AMZN,Amazon,0.11581941694021225,0.32509151101112366,0.5590890645980835
2023-03-20,97.70999908447266,97.70999908447266,98.4800033569336,95.6999969482422,98.41000366210938,62388900,-0.012531560404374,96.70129887517412,95.75051766770812,AMZN,Amazon,0.5286648869514465,0.061617858707904816,0.40971726179122925
2023-03-21,100.61000061035156,100.61000061035156,100.8499984741211,98.0,98.13999938964844,58597300,0.0296796802072609,97.67847430896848,96.19228884431206,AMZN,Amazon,0.331421822309494,0.324336439371109,0.344241738319397
2023-03-22,98.6999969482422,98.6999969482422,102.0999984741211,98.61000061035156,100.4499969482422,57475400,-0.0189842326858395,97.9338549687869,96.42026230830572,AMZN,Amazon,0.8123637437820435,0.0006912879180163145,0.18694496154785156
2023-03-23,98.70999908447266,98.70999908447266,101.05999755859376,97.62000274658205,100.43000030517578,57559300,0.0001013387693995,98.12789099770832,96.62842019704816,AMZN,Amazon,0.0,1.0,0.0
2023-03-24,98.12999725341795,98.12999725341795,98.3000030517578,96.4000015258789,98.06999969482422,56095400,-0.0058758163958479,98.12841756163574,96.76492720217269,AMZN,Amazon,0.49997881054878235,2.704358394112205e-06,0.5000184774398804
2023-03-27,98.04000091552734,98.04000091552734,99.33999633789062,97.08000183105467,99.06999969482422,46721300,-0.0009171134251457,98.10631340010865,96.88084299429585,AMZN,Amazon,0.9266856908798218,0.009702111594378948,0.06361227482557297
2023-03-28,97.23999786376952,97.23999786376952,98.44000244140624,96.29000091552734,98.11000061035156,38720100,-0.0081599657720026,97.88973451602386,96.91349343697526,AMZN,Amazon,0.760370135307312,0.05947916582226753,0.18015062808990479
2023-03-29,100.25,100.25,100.41999816894533,98.55999755859376,98.69000244140624,49783300,0.0309543624265336,98.4798008870179,97.21681221543204,AMZN,Amazon,0.9991130828857422,0.0006051874370314181,0.0002817451604641974
2023-03-30,102.0,102.0,103.04000091552734,101.01000213623048,101.5500030517578,53633400,0.0174563591022443,99.35985066526342,97.6516474685746,AMZN,Amazon,0.5951794981956482,4.9493526603328064e-05,0.40477100014686584
2023-03-31,103.29000091552734,103.29000091552734,103.48999786376952,101.9499969482422,102.16000366210938,56750300,0.0126470677992875,100.3423882278294,98.16422505466122,AMZN,Amazon,0.32259806990623474,5.3800587920704857e-05,0.6773481369018555
2023-04-03,102.41000366210938,102.41000366210938,103.29000091552734,101.43000030517578,102.3000030517578,41135700,-0.008519675143944,100.8592920863994,98.55020492806558,AMZN,Amazon,0.9999401569366455,5.0288199417991564e-05,9.542927728034556e-06
2023-04-04,103.9499969482422,103.9499969482422,104.1999969482422,102.11000061035156,102.75,48662500,0.0150375278885239,101.6319683018601,99.041095111718,AMZN,Amazon,0.01359144039452076,7.582181569887325e-05,0.9863327145576477
2023-04-05,101.0999984741211,101.0999984741211,103.91000366210938,100.75,103.91000366210938,45175400,-0.0274170135429646,101.49897584492535,99.22826814466372,AMZN,Amazon,0.9999808073043823,2.027273467319901e-06,1.7180625945911743e-05
2023-04-06,102.05999755859376,102.05999755859376,102.37999725341795,99.8000030517578,100.75,43808000,0.0094955400490772,101.63923127334246,99.48569809138463,AMZN,Amazon,0.23717010021209717,0.20300893485546112,0.5598209500312805
2023-04-10,102.16999816894533,102.16999816894533,102.1999969482422,99.56999969482422,100.95999908447266,37261200,0.001077803380197,101.77192299724317,99.72972537116289,AMZN,Amazon,0.9793660044670105,5.380608490668237e-05,0.020580297335982323
2023-04-11,99.91999816894533,99.91999816894533,101.0,99.01000213623048,100.8000030517578,60417800,-0.0220221203907576,101.3089417901687,99.747022898234,AMZN,Amazon,0.8317931294441223,0.166336789727211,0.001870024367235601
2023-04-12,97.83000183105467,97.83000183105467,100.51000213623048,97.70999908447266,100.4000015258789,56735000,-0.020916697119598,100.4392068003902,99.57274825576314,AMZN,Amazon,0.5999006032943726,0.39995262026786804,0.0001468163391109556
2023-04-13,102.4000015258789,102.4000015258789,102.56999969482422,98.70999908447266,98.9499969482422,67925100,0.0467136830142993,100.92940548176236,99.82977128031912,AMZN,Amazon,0.9893460273742676,1.7969754480873235e-05,0.010636046528816223
2023-04-14,102.51000213623048,102.51000213623048,103.1999969482422,101.11000061035156,102.06999969482422,51450500,0.0010742246944572,101.3245546453794,100.07342863085653,AMZN,Amazon,0.9877513647079468,0.0016408328665420413,0.01060774177312851
2023-04-17,102.73999786376952,102.73999786376952,103.7300033569336,101.58999633789062,103.16000366210938,39919500,0.0022436418178335,101.67841544997692,100.31584401566678,AMZN,Amazon,0.24994277954101562,0.5000056028366089,0.25005167722702026
2023-04-18,102.3000030517578,102.3000030517578,104.1999969482422,101.5199966430664,103.9499969482422,39790500,-0.0042826048390145,101.83381235042216,100.49622210985687,AMZN,Amazon,0.9999446868896484,1.3259594197734259e-05,4.206297671771608e-05
2023-04-19,104.3000030517578,104.3000030517578,105.12000274658205,101.38999938964844,101.58000183105467,58398900,0.0195503415477722,102.45036002575608,100.84202037730242,AMZN,Amazon,0.9999518394470215,3.828448097920045e-05,9.933302862918936e-06
2023-04-20,103.80999755859376,103.80999755859376,105.25,103.20999908447266,103.52999877929688,57696900,-0.0046980391066805,102.79026940896549,101.11183648469252,AMZN,Amazon,0.49464675784111023,0.5048924684524536,0.0004606710863299668
2023-04-21,106.95999908447266,106.95999908447266,108.1500015258789,105.08000183105467,106.0999984741211,86774200,0.0303439129174523,103.83270182784229,101.64348763012708,AMZN,Amazon,0.018822969868779182,0.8000024557113647,0.18117466568946838
2023-04-24,106.20999908447266,106.20999908447266,109.2300033569336,105.06999969482422,107.66000366210938,69575600,-0.0070119671505202,104.42702614199987,102.05862503506758,AMZN,Amazon,0.9600278735160828,0.0007710296777077019,0.039201125502586365
2023-04-25,102.56999969482422,102.56999969482422,105.4499969482422,102.4499969482422,104.91000366210938,65026800,-0.0342717203749659,103.96276953020596,102.1051136405,AMZN,Amazon,0.6666253209114075,0.3333369791507721,3.765724613913335e-05
2023-04-26,104.9800033569336,104.9800033569336,106.62000274658205,104.0999984741211,105.04000091552734,73803800,0.0234961847448555,104.21707798688789,102.36646725108486,AMZN,Amazon,0.499306857585907,0.5002254843711853,0.0004676471871789545
2023-04-27,109.81999969482422,109.81999969482422,110.86000061035156,106.8000030517578,108.16000366210938,149961200,0.0461039834551593,105.61780841387196,103.04406110960662,AMZN,Amazon,7.169427362896386e-08,0.9999994039535522,4.91220362164313e-07
2023-04-28,105.4499969482422,105.4499969482422,109.4800033569336,104.33000183105467,107.7300033569336,130715900,-0.0397924126636833,105.57585554746451,103.26278254948258,AMZN,Amazon,0.79993736743927,0.19676920771598816,0.0032934024930000305
2023-05-01,102.0500030517578,102.0500030517578,105.2300033569336,101.81999969482422,104.9499969482422,74728100,-0.0322427121373287,104.69439242353783,103.15252986787122,AMZN,Amazon,0.615287184715271,0.20005092024803162,0.184661865234375
2023-05-02,103.62999725341795,103.62999725341795,103.9000015258789,101.1500015258789,101.47000122070312,73469400,0.0154825492837937,104.42829363100788,103.19593599383002,AMZN,Amazon,0.4999902844429016,0.5000002384185791,9.488077921560034e-06
2023-05-03,103.6500015258789,103.6500015258789,105.95999908447266,103.27999877929688,103.73999786376952,65051900,0.0001930355398158,104.23372060472563,103.23721467856171,AMZN,Amazon,0.9516741037368774,0.044555529952049255,0.0037704196292907
2023-05-04,104.0,104.0,105.38999938964844,103.30999755859376,104.04000091552734,45345500,0.0033767339022539,104.17529045354422,103.30655879869248,AMZN,Amazon,0.6122893691062927,0.0005157761042937636,0.3871948719024658
2023-05-05,105.66000366210938,105.66000366210938,105.76000213623048,103.5500030517578,104.2699966430664,56951700,0.0159615736741285,104.54646875568552,103.52050833173035,AMZN,Amazon,0.4990420639514923,0.0007585163693875074,0.5001993775367737
2023-05-08,105.83000183105467,105.83000183105467,106.0999984741211,104.6999969482422,105.04000091552734,49430900,0.0016089169321718,104.8673520245278,103.7304622862144,AMZN,Amazon,0.30799606442451477,0.2583065330982208,0.4336974024772644
2023-05-09,106.62000274658205,106.62000274658205,106.79000091552734,105.16000366210938,105.4800033569336,44089400,0.0074648105627785,105.30551470504136,103.99314778261144,AMZN,Amazon,0.9999536275863647,2.7673075237544253e-05,1.872416578407865e-05
2023-05-10,110.19000244140624,110.19000244140624,110.66999816894533,108.0500030517578,108.0999984741211,78627600,0.0334833952622333,106.5266366391326,104.55649820613824,AMZN,Amazon,0.34905973076820374,0.020289195701479912,0.63065105676651
2023-05-11,112.18000030517578,112.18000030517578,113.27999877929688,110.48999786376952,111.02999877929688,74924800,0.0180596952507348,107.9399775556434,105.2495438515053,AMZN,Amazon,0.6418598890304565,0.34249940514564514,0.015640689060091972
2023-05-12,110.26000213623048,110.26000213623048,112.63999938964844,109.31999969482422,112.16000366210938,49852700,-0.0171153339607962,108.51998370079016,105.7050400592076,AMZN,Amazon,0.7738606333732605,0.01833004504442215,0.20780925452709198
2023-05-15,111.1999969482422,111.1999969482422,112.29000091552734,109.25,111.1500015258789,53011100,0.0085252566098295,109.18998701265318,106.20458159457436,AMZN,Amazon,0.5967947244644165,0.4000939428806305,0.0031114015728235245
2023-05-16,113.4000015258789,113.4000015258789,114.79000091552734,111.0500030517578,111.0500030517578,71472900,0.0197842143706237,110.2424906409596,106.8587106792384,AMZN,Amazon,0.17077699303627014,0.8267374634742737,0.002485560020431876
2023-05-17,115.5,115.5,115.83000183105467,114.22000122070312,114.88999938964844,65655200,0.0185185048136162,111.5568679807197,107.64428243567129,AMZN,Amazon,1.4508523804579454e-07,0.9999998807907104,7.375085875338527e-09
2023-05-18,118.1500015258789,118.1500015258789,118.5999984741211,116.33999633789062,116.69000244140624,73174100,0.0229437361547957,113.2051513670095,108.59934780750834,AMZN,Amazon,0.9999604225158691,2.7322823370923288e-05,1.2305065865803044e-05
2023-05-19,116.25,116.25,118.30999755859376,115.6999969482422,118.16000366210938,55056300,-0.0160812653520172,113.96636352525712,109.2948616431894,AMZN,Amazon,0.7494380474090576,0.0002056205557892099,0.2503563463687897
2023-05-22,115.01000213623048,115.01000213623048,116.7699966430664,114.25,116.7699966430664,70741100,-0.0106666482904905,114.22727317800046,109.81441986982948,AMZN,Amazon,0.6757546067237854,0.205152228474617,0.11909317970275879
2023-05-23,114.98999786376952,114.98999786376952,117.13999938964844,113.77999877929688,114.2699966430664,67576300,-0.000173935067293,114.41795434944272,110.28492696018766,AMZN,Amazon,0.505734384059906,0.4915703237056732,0.0026952975895255804
2023-05-24,116.75,116.75,117.33999633789062,115.0199966430664,115.3499984741211,63487900,0.0153056976165488,115.00096576208205,110.87266087289788,AMZN,Amazon,0.9080826640129089,0.0002425323036732152,0.0916747897863388
2023-05-25,115.0,115.0,116.87000274658205,114.30999755859376,116.62999725341795,66496700,-0.0149892933618843,115.00072432156152,111.24787352081624,AMZN,Amazon,0.6811408996582031,0.004647000692784786,0.3142121136188507
2023-05-26,120.11000061035156,120.11000061035156,121.5,116.0199966430664,116.04000091552734,96779900,0.0444347879161004,116.27804339375903,112.05352143804672,AMZN,Amazon,0.5023608803749084,0.49670398235321045,0.0009351507760584354
2023-05-30,121.66000366210938,121.66000366210938,122.91999816894533,119.86000061035156,122.37000274658205,64314800,0.0129048625749839,117.62353346084664,112.9268380038706,AMZN,Amazon,0.17539359629154205,0.8197188973426819,0.004887427669018507
2023-05-31,120.58000183105467,120.58000183105467,122.04000091552734,119.16999816894533,121.4499969482422,72800800,-0.0088772135339911,118.36265055339864,113.62258016997824,AMZN,Amazon,0.6127881407737732,0.0010303215822204947,0.386181503534317
2023-06-01,122.7699966430664,122.7699966430664,123.48999786376952,119.93000030517578,120.69000244140624,54375100,0.0181621726551317,119.46448707581558,114.45416348571354,AMZN,Amazon,0.5551689863204956,0.0009012514492496848,0.4439297318458557
2023-06-02,124.25,124.25,126.38999938964844,124.0199966430664,124.91999816894533,61264400,0.0120550899845379,120.6608653068617,115.3446940779214,AMZN,Amazon,0.6661375164985657,0.00022973568411543965,0.3336327373981476
2023-06-05,125.3000030517578,125.3000030517578,125.8000030517578,123.02999877929688,123.36000061035156,47950100,0.0084507287867832,121.82064974308572,116.24972216645196,AMZN,Amazon,0.5757964253425598,0.0005391206941567361,0.42366451025009155
2023-06-06,126.61000061035156,126.61000061035156,127.4000015258789,125.0,125.06999969482422,45695200,0.0104548884811488,123.0179874599022,117.19156566135192,AMZN,Amazon,0.976835310459137,0.0069633605889976025,0.016201356425881386
2023-06-07,121.2300033569336,121.2300033569336,127.37000274658205,120.62999725341795,127.01000213623048,95663300,-0.0424926722018995,122.57099143416004,117.55869636095026,AMZN,Amazon,0.22152265906333923,0.6041533946990967,0.1743239462375641
2023-06-08,124.25,124.25,125.62999725341795,122.26000213623048,123.01000213623048,62159300,0.0249112971990499,122.99074357562004,118.16699669177297,AMZN,Amazon,0.25289660692214966,0.6220693588256836,0.12503400444984436
2023-06-09,123.43000030517578,123.43000030517578,125.8000030517578,123.19000244140624,124.08000183105467,51396000,-0.0065995951293699,123.10055775800896,118.64545156571867,AMZN,Amazon,0.6495996117591858,0.34425806999206543,0.0061423927545547485
2023-06-12,126.56999969482422,126.56999969482422,126.77999877929688,123.52999877929688,124.0199966430664,51338000,0.0254395153681026,123.96791824221278,119.365865032001,AMZN,Amazon,0.9957988262176514,3.021521115442738e-05,0.004170974716544151
2023-06-13,126.66000366210938,126.66000366210938,128.41000366210938,125.18000030517578,128.1199951171875,50564800,0.0007111003199982,124.64093959718691,120.02896854382902,AMZN,Amazon,0.00016548350686207414,0.028440959751605988,0.9713934659957886
2023-06-14,126.41999816894533,126.41999816894533,126.9499969482422,124.12000274658205,126.6999969482422,52422500,-0.0018948798849266,125.08570424012652,120.6099712370214,AMZN,Amazon,0.9269310235977173,0.01711956597864628,0.05594949051737785
2023-06-15,127.11000061035156,127.11000061035156,127.69000244140624,124.31999969482422,125.20999908447266,60458500,0.0054580165432698,125.59177833268278,121.20088299823324,AMZN,Amazon,0.9999690055847168,6.122645572759211e-07,3.0339373552124016e-05
2023-06-16,125.48999786376952,125.48999786376952,127.9000015258789,125.3000030517578,127.70999908447266,84247100,-0.012744888197649,125.56633321545446,121.5908025314638,AMZN,Amazon,0.9995985627174377,6.75799892633222e-05,0.00033392413752153516
2023-06-20,125.77999877929688,125.77999877929688,127.25,124.5,124.97000122070312,56930100,0.002310948445805,125.61974960641508,121.97163855399408,AMZN,Amazon,0.9990524649620056,0.0001742795284371823,0.0007732497761026025
2023-06-21,124.83000183105467,124.83000183105467,126.7300033569336,123.8499984741211,125.63999938964844,52137700,-0.0075528459012718,125.42231266257495,122.23148976099958,AMZN,Amazon,0.39683595299720764,0.0005001140525564551,0.6026638746261597
2023-06-22,130.14999389648438,130.14999389648438,130.3300018310547,125.13999938964844,125.30999755859376,90354600,0.0426178962380356,126.60423297105233,122.95135377331636,AMZN,Amazon,0.33495593070983887,0.662251889705658,0.0027921609580516815
2023-06-23,129.3300018310547,129.3300018310547,130.83999633789062,128.27999877929688,129.11000061035156,71927800,-0.0063003619199696,127.28567518605291,123.5312308694744,AMZN,Amazon,0.5779806971549988,0.4139520227909088,0.008067270740866661
2023-06-26,127.33000183105467,127.33000183105467,131.49000549316406,127.0999984741211,129.3300018310547,59989300,-0.015464315871677,127.29675684730336,123.87657368416352,AMZN,Amazon,0.47522279620170593,0.5039166808128357,0.020860474556684494
2023-06-27,129.17999267578125,129.17999267578125,130.08999633789062,127.5500030517578,128.6300048828125,46801000,0.0145291040455743,127.76756580442284,124.35870268340148,AMZN,Amazon,0.39692142605781555,0.33343198895454407,0.269646555185318
2023-06-28,129.0399932861328,129.0399932861328,131.47999572753906,128.44000244140625,128.94000244140625,52149500,-0.0010837544324669,128.08567267485034,124.78427455637706,AMZN,Amazon,0.12490654736757278,0.016292057931423187,0.8588014841079712
2023-06-29,127.9000015258789,127.9000015258789,129.25999450683594,127.26000213623048,128.77000427246094,40761000,-0.0088344065372515,128.03925488760748,125.0675224626954,AMZN,Amazon,0.8699445724487305,0.0007546882843598723,0.12930074334144592
2023-06-30,130.36000061035156,130.36000061035156,131.25,128.9499969482422,129.47000122070312,54350700,0.0192337690001895,128.6194413182935,125.54865683975504,AMZN,Amazon,0.8302706480026245,0.002007440198212862,0.1677219271659851
2023-07-03,130.22000122070312,130.22000122070312,131.85000610351562,130.07000732421875,130.82000732421875,28264800,-0.0010739443770555,129.0195812938959,125.97332451075032,AMZN,Amazon,0.3540203869342804,0.3467335104942322,0.29924604296684265
2023-07-05,130.3800048828125,130.3800048828125,131.39999389648438,129.63999938964844,130.24000549316406,35895400,0.001228718020346,129.35968719112503,126.3739318173014,AMZN,Amazon,0.32503703236579895,0.6749303340911865,3.254850162193179e-05
2023-07-06,128.36000061035156,128.36000061035156,128.72999572753906,127.37000274658205,128.25,40639900,-0.0154932059887292,129.10976554593168,126.55448352576052,AMZN,Amazon,0.9996926784515381,0.00018243338854517788,0.00012489830260165036
2023-07-07,129.77999877929688,129.77999877929688,130.97000122070312,128.1300048828125,128.58999633789062,41992300,0.0110626220177096,129.277323854273,126.84771218517292,AMZN,Amazon,0.665457546710968,0.3333283066749573,0.0012141404440626502
2023-07-10,127.12999725341795,127.12999725341795,129.27999877929688,125.91999816894533,129.07000732421875,61889300,-0.0204191828540967,128.74049220405925,126.87337446410427,AMZN,Amazon,0.9937442541122437,0.005952800624072552,0.000302938831737265
2023-07-11,128.77999877929688,128.77999877929688,129.77000427246094,127.3499984741211,127.75,49951500,0.0129788528398204,128.75036884786866,127.0467039473036,AMZN,Amazon,0.8164567351341248,0.050221219658851624,0.13332203030586243
2023-07-12,130.8000030517578,130.8000030517578,131.25999450683594,128.8300018310547,130.30999755859375,54022800,0.0156856988011222,129.26277739884094,127.38791295679944,AMZN,Amazon,0.970234751701355,0.00010176938667427748,0.029663439840078354
2023-07-13,134.3000030517578,134.3000030517578,134.6699981689453,132.7100067138672,134.0399932861328,61170900,0.0267584091616193,130.52208381207015,128.01628478361383,AMZN,Amazon,0.15613512694835663,0.5000947713851929,0.3437700867652893
2023-07-14,134.67999267578125,134.67999267578125,136.64999389648438,134.05999755859375,134.05999755859375,54487100,0.0028294089008842,131.56156102799793,128.6220764101745,AMZN,Amazon,0.9876076579093933,0.012379886582493782,1.2426531611708924e-05
2023-07-17,133.55999755859375,133.55999755859375,135.6199951171875,133.2100067138672,134.55999755859375,48450200,-0.0083159725133316,132.0611701606469,129.07097833275805,AMZN,Amazon,0.9976852536201477,0.0019708131439983845,0.0003439431602600962
2023-07-18,132.8300018310547,132.8300018310547,133.86000061035156,131.35000610351562,132.7100067138672,54882900,-0.005465676406731,132.25337807824883,129.4127077416941,AMZN,Amazon,0.954920768737793,6.525022763526067e-05,0.04501403868198395
2023-07-19,135.36000061035156,135.36000061035156,135.99000549316406,132.52999877929688,133.38999938964844,54531000,0.0190468926027325,133.0300337112745,129.95337072975389,AMZN,Amazon,0.9865508079528809,8.904184505809098e-05,0.013360178098082542
2023-07-20,129.9600067138672,129.9600067138672,134.7899932861328,129.3300018310547,134.07000732421875,59820600,-0.0398935717504083,132.26252696192267,129.95397400103693,AMZN,Amazon,0.6996486783027649,0.20057229697704315,0.09977900981903076
2023-07-21,130.0,130.0,131.3699951171875,128.4199981689453,131.33999633789062,133307300,0.0003077353344622,131.696895221442,129.95815818276083,AMZN,Amazon,0.17769891023635864,0.16668905317783356,0.655612051486969
2023-07-24,128.8000030517578,128.8000030517578,131.66000366210938,128.35000610351562,130.30999755859375,45591100,-0.0092307457557091,130.97267217902095,129.85287135266964,AMZN,Amazon,0.658927857875824,0.34106433391571045,7.87698900239775e-06
2023-07-25,129.1300048828125,129.1300048828125,129.5800018310547,128.52999877929688,129.30999755859375,39236700,0.0025621259567989,130.51200535496884,129.78715621904627,AMZN,Amazon,0.34981125593185425,0.0005057825474068522,0.649682879447937
2023-07-26,128.14999389648438,128.14999389648438,129.0800018310547,126.11000061035156,126.51000213623048,53910100,-0.0075893359348782,129.9215024903477,129.63832328063154,AMZN,Amazon,0.5823853015899658,0.20486906170845032,0.21274562180042267
2023-07-27,128.25,128.25,132.6300048828125,127.79000091552734,131.0,52610700,0.000780383209354,129.5036268677608,129.5121120733014,AMZN,Amazon,0.11495612561702728,0.22847957909107208,0.6565643548965454
2023-07-28,132.2100067138672,132.2100067138672,133.00999450683594,129.3300018310547,129.69000244140625,46317400,0.0308772453322978,130.1802218292874,129.75737522244376,AMZN,Amazon,0.3333955705165863,0.3338642418384552,0.3327402174472809
2023-07-31,133.67999267578125,133.67999267578125,133.8699951171875,132.3800048828125,133.1999969482422,41901500,0.0111185680906549,131.05516454091088,130.1139768091108,AMZN,Amazon,0.3989194333553314,0.6010056734085083,7.494243618566543e-05
2023-08-01,131.69000244140625,131.69000244140625,133.69000244140625,131.6199951171875,133.5500030517578,42098500,-0.0148862233947109,131.2138740160347,130.2572518665922,AMZN,Amazon,0.9999815225601196,2.957271590275923e-06,1.5520683518843725e-05
2023-08-02,128.2100067138672,128.2100067138672,130.22999572753906,126.81999969482422,130.14999389648438,51027600,-0.0264256637787476,130.46290719049284,130.07113867088992,AMZN,Amazon,0.9927964806556702,6.7618007051351015e-06,0.0071967472322285175
2023-08-03,128.91000366210938,128.91000366210938,129.83999633789062,126.41000366210938,127.4800033569336,88585200,0.0054597684391703,130.07468130839698,129.96558094281897,AMZN,Amazon,1.576159425198398e-09,1.0,9.61872359539484e-10
2023-08-04,139.57000732421875,139.57000732421875,143.6300048828125,139.32000732421875,141.05999755859375,153128500,0.0826933780100627,132.44851281235242,130.8387106138553,AMZN,Amazon,9.57283030622591e-10,1.0,5.737739172673173e-10
2023-08-07,142.22000122070312,142.22000122070312,142.5399932861328,138.9499969482422,140.99000549316406,71213100,0.0189868435725484,134.8913849144401,131.87337339629602,AMZN,Amazon,0.7998269200325012,0.200163334608078,9.710117410577368e-06
2023-08-08,139.94000244140625,139.94000244140625,140.83999633789062,138.4199981689453,140.6199951171875,51710500,-0.0160314917713907,136.15353929618163,132.60670330948787,AMZN,Amazon,0.7489529252052307,0.25102847814559937,1.8600429029902443e-05
2023-08-09,137.85000610351562,137.85000610351562,140.32000732421875,137.10000610351562,139.97000122070312,50017300,-0.0149349457012173,136.57765599801513,133.08336719985402,AMZN,Amazon,0.7613978385925293,0.0008189373766072094,0.23778323829174042
2023-08-10,138.55999755859375,138.55999755859375,140.41000366210938,137.49000549316406,139.07000732421875,58928400,0.0051504637188406,137.07324138815977,133.58124268701218,AMZN,Amazon,0.3428938388824463,0.36815524101257324,0.28895094990730286
2023-08-11,138.41000366210938,138.41000366210938,139.3300018310547,137.0,137.39999389648438,42905800,-0.0010825194798443,137.40743195664717,134.02022095747554,AMZN,Amazon,0.3648492097854614,0.09262886643409729,0.5425219535827637
2023-08-14,140.57000732421875,140.57000732421875,140.58999633789062,137.75,138.3000030517578,47148700,0.0156058348743521,138.19807579854006,134.61565608172492,AMZN,Amazon,0.7869831323623657,0.015746477991342545,0.19727036356925964
2023-08-15,137.6699981689453,137.6699981689453,141.27999877929688,137.22999572753906,140.0500030517578,42781500,-0.0206303550129629,138.0660563911414,134.8933235441995,AMZN,Amazon,0.9978659152984619,3.5817035950458376e-06,0.002130481181666255
2023-08-16,135.07000732421875,135.07000732421875,137.27000427246094,135.00999450683594,137.19000244140625,41675900,-0.0188856750149434,137.31704412441073,134.9093857060194,AMZN,Amazon,4.309372161515057e-05,0.9999526739120483,4.163676749158185e-06
2023-08-17,133.97999572753906,133.97999572753906,136.08999633789062,133.52999877929688,135.4600067138672,48354100,-0.0080699751060444,136.48278202519282,134.82489570797574,AMZN,Amazon,8.565456664655358e-05,0.9999090433120728,5.263672392175067e-06
2023-08-18,133.22000122070312,133.22000122070312,134.07000732421875,131.14999389648438,131.6199951171875,48497700,-0.0056724476121156,135.6670868240704,134.67899620913278,AMZN,Amazon,0.006825392600148916,0.6284194588661194,0.36475512385368347
2023-08-21,134.67999267578125,134.67999267578125,135.19000244140625,132.7100067138672,133.74000549316406,41442500,0.0109592511762508,135.42031328699812,134.6790867970099,AMZN,Amazon,9.407618790646666e-07,1.3363068092075991e-06,0.9999977350234985
2023-08-22,134.25,134.25,135.64999389648438,133.72999572753906,135.0800018310547,32905400,-0.0031926989840012,135.12773496524858,134.64007890637262,AMZN,Amazon,0.47739121317863464,0.03908856213092804,0.4835202693939209
2023-08-23,135.52000427246094,135.52000427246094,135.9499969482422,133.22000122070312,134.5,42801000,0.0094599945807145,135.22580229205167,134.72007212147156,AMZN,Amazon,0.5018322467803955,0.4972712993621826,0.0008964177686721087
2023-08-24,131.83999633789062,131.83999633789062,136.77999877929688,131.8300018310547,136.39999389648438,43646300,-0.0271547212112811,134.3793508035114,134.4582470502369,AMZN,Amazon,0.9994989633560181,0.00017454927728977054,0.0003264803090132773
2023-08-25,133.25999450683594,133.25999450683594,133.8699951171875,130.5800018310547,132.47000122070312,44147500,0.0107706174786748,134.09951172934254,134.34931500083684,AMZN,Amazon,0.6666516661643982,0.3333348333835602,1.3503374248102773e-05
2023-08-28,133.13999938964844,133.13999938964844,133.9499969482422,131.85000610351562,133.77999877929688,34108400,-0.0009004586682715,133.859633644419,134.23937721800152,AMZN,Amazon,0.3455738127231598,0.6347962021827698,0.019630013033747673
2023-08-29,134.91000366210938,134.91000366210938,135.13999938964844,133.25,133.3800048828125,38646100,0.0132943088521491,134.1222261488416,134.30034325837497,AMZN,Amazon,4.509230166149791e-06,0.9999954700469971,5.375457590162114e-08
2023-08-30,135.07000732421875,135.07000732421875,135.67999267578125,133.9199981689453,134.92999267578125,36137000,0.0011860029483812,134.3591714426859,134.3703127189062,AMZN,Amazon,0.9958022236824036,0.004153682850301266,4.4170628825668246e-05
2023-08-31,138.00999450683594,138.00999450683594,138.7899932861328,135.0,135.05999755859375,58781300,0.0217663953742159,135.2718772087234,134.70119288144528,AMZN,Amazon,0.408557265996933,0.5890753269195557,0.002367350971326232
2023-09-01,138.1199951171875,138.1199951171875,139.9600067138672,136.8800048828125,139.4600067138672,40991500,0.0007970481467276,135.98390668583943,135.01199308469455,AMZN,Amazon,0.35904547572135925,0.43981313705444336,0.201141357421875
2023-09-05,137.27000427246094,137.27000427246094,137.8000030517578,135.82000732421875,137.72999572753906,40636700,-0.0061540028582058,136.3054310824948,135.21726682903693,AMZN,Amazon,0.9985581636428833,0.000108579290099442,0.0013332461239770055
2023-09-06,135.36000061035156,135.36000061035156,137.4499969482422,134.61000061035156,136.32000732421875,41785500,-0.0139142099705795,136.069073464459,135.23024262733827,AMZN,Amazon,0.9006781578063965,0.0009985865326598287,0.09832320362329483
2023-09-07,137.85000610351562,137.85000610351562,138.02999877929688,133.16000366210938,133.89999389648438,48498900,0.018395430569861,136.51430662422314,135.4684029433544,AMZN,Amazon,2.202083635438612e-07,0.9999997019767761,5.1117403643274884e-08
2023-09-08,138.22999572753906,138.22999572753906,138.85000610351562,136.75,136.86000061035156,38348200,0.0027565441218631,136.94322890005213,135.71945683282573,AMZN,Amazon,0.7055243849754333,0.28788670897483826,0.006588969845324755
2023-09-11,143.10000610351562,143.10000610351562,143.6199951171875,138.63999938964844,138.75,56764500,0.0352312126636804,138.482423200918,136.39041585743388,AMZN,Amazon,0.5073810815811157,0.4894663989543915,0.0031525481026619673
2023-09-12,141.22999572753906,141.22999572753906,143.0,140.61000061035156,142.32000732421875,42668500,-0.0130678567170977,139.16931633257326,136.83037766380707,AMZN,Amazon,0.07016178220510483,0.5963504910469055,0.33348774909973145
2023-09-13,144.85000610351562,144.85000610351562,144.97999572753906,140.8699951171875,140.9499969482422,60465200,0.0256320221304848,140.58948877530884,137.55943479468965,AMZN,Amazon,0.6005053520202637,0.3903229534626007,0.0091716842725873
2023-09-14,144.72000122070312,144.72000122070312,145.86000061035156,142.9499969482422,145.0800018310547,64033600,-0.0008975138235036,141.6221168866574,138.2103953788727,AMZN,Amazon,0.9053525328636169,0.0874333307147026,0.0072141713462769985
2023-09-15,140.38999938964844,140.38999938964844,143.57000732421875,140.08999633789062,142.69000244140625,102909300,-0.0299198576183763,141.31408751240517,138.40854119803413,AMZN,Amazon,0.5369760394096375,0.1139235720038414,0.34910038113594055
2023-09-18,139.97999572753906,139.97999572753906,141.75,139.22000122070312,140.47999572753906,42823500,-0.0029204620264398,140.98056456618863,138.5514007007164,AMZN,Amazon,8.745306695345789e-05,0.00019399868324398994,0.9997184872627258
2023-09-19,137.6300048828125,137.6300048828125,138.83999633789062,135.55999755859375,138.6999969482422,61482500,-0.0167880476957625,140.1429246453446,138.4676374445433,AMZN,Amazon,0.5080783367156982,0.3956327438354492,0.09628888964653015
2023-09-20,135.2899932861328,135.2899932861328,139.3699951171875,135.1999969482422,138.5500030517578,46263700,-0.0170021907553671,138.9296918055417,138.17876070286962,AMZN,Amazon,0.5040103197097778,0.4478357434272766,0.048153962939977646
2023-09-21,129.3300018310547,129.3300018310547,132.24000549316406,129.30999755859375,131.94000244140625,70343300,-0.0440534536983306,136.52976931191992,137.37432807815918,AMZN,Amazon,0.5257932543754578,0.0013943141093477607,0.4728124141693115
2023-09-22,129.1199951171875,129.1199951171875,132.02999877929688,128.52000427246094,131.11000061035156,59904300,-0.0016238050792075,134.6773257632368,136.6239341726163,AMZN,Amazon,0.39983007311820984,0.600010097026825,0.0001598590606590733
2023-09-25,131.27000427246094,131.27000427246094,131.77999877929688,128.77000427246094,129.36000061035156,46017800,0.0166512487343428,133.82549539054284,136.13721327260217,AMZN,Amazon,0.9995005130767822,0.00038023668457753956,0.00011928459571208805
2023-09-26,125.9800033569336,125.9800033569336,130.38999938964844,125.27999877929688,130.1199951171875,73048200,-0.0402986268252687,131.86412238214052,135.21383055299594,AMZN,Amazon,0.6786278486251831,0.004384763538837433,0.31698745489120483
2023-09-27,125.9800033569336,125.9800033569336,127.4800033569336,124.12999725341795,125.76000213623048,66553400,0.0,130.3930926258388,134.37439171699026,AMZN,Amazon,0.03766121342778206,0.004469473846256733,0.9578693509101868
2023-09-28,125.9800033569336,125.9800033569336,126.58000183105467,123.04000091552734,124.04000091552734,54555000,0.0,129.2898203086125,133.61126550243966,AMZN,Amazon,0.49870777130126953,0.17440681159496307,0.3268853724002838
2023-09-29,127.12000274658205,127.12000274658205,129.14999389648438,126.31999969482422,128.1999969482422,62411700,0.0090490503196647,128.7473659181049,133.0211507064526,AMZN,Amazon,0.01138393022119999,0.48934534192085266,0.4992707371711731
2023-10-02,129.4600067138672,129.4600067138672,130.47000122070312,126.54000091552734,127.27999877929688,48029700,0.0184078344613478,128.92552611704548,132.6974103434903,AMZN,Amazon,0.6612451076507568,0.33509382605552673,0.0036610139068216085
2023-10-03,124.72000122070312,124.72000122070312,128.52000427246094,124.25,128.05999755859375,51565000,-0.0366136663629288,127.87414489295988,131.97219133232784,AMZN,Amazon,0.6277605295181274,0.00023034766491036862,0.3720090985298157
2023-10-04,127.0,127.0,127.36000061035156,125.68000030517578,126.05999755859376,44203900,0.0182809393600167,127.65560866971992,131.52017393847984,AMZN,Amazon,0.03299075737595558,0.33340588212013245,0.6336033940315247
2023-10-05,125.95999908447266,125.95999908447266,126.7300033569336,124.33000183105467,126.70999908447266,39660600,-0.0081889835868295,127.23170627340812,131.01470349720643,AMZN,Amazon,0.3333255350589752,8.924045687308535e-06,0.6666655540466309
2023-10-06,127.95999908447266,127.95999908447266,128.4499969482422,124.12999725341795,124.16000366210938,46836700,0.0158780566412892,127.41377947617424,130.73700309604882,AMZN,Amazon,0.9958022236824036,0.004153682850301266,4.4170628825668246e-05
2023-10-09,128.25999450683594,128.25999450683594,128.7899932861328,124.76000213623048,126.22000122070312,38773700,0.0023444468936362,127.62533323383968,130.51182049702948,AMZN,Amazon,0.394301176071167,0.5375556349754333,0.06814319640398026
2023-10-10,129.47999572753906,129.47999572753906,130.74000549316406,128.0500030517578,128.82000732421875,42178600,0.0095119388192248,128.08899885726453,130.41801824525763,AMZN,Amazon,0.6731032729148865,0.16399957239627838,0.16289715468883514
2023-10-11,131.8300018310547,131.8300018310547,132.0500030517578,129.61000061035156,129.74000549316406,40741800,0.0181495688991268,129.02424960071207,130.546380389421,AMZN,Amazon,0.31733375787734985,0.1677350550889969,0.5149312019348145
2023-10-12,132.3300018310547,132.3300018310547,134.47999572753906,131.22999572753906,132.1699981689453,55528600,0.0037927633547389,129.85068765829772,130.70852779320586,AMZN,Amazon,0.014425602741539478,0.4001109004020691,0.5854634046554565
2023-10-13,129.7899932861328,129.7899932861328,133.30999755859375,128.9499969482422,132.97999572753906,45786600,-0.0191945024542862,129.8355140652565,130.62502465619923,AMZN,Amazon,0.18966734409332275,0.500011682510376,0.31032097339630127
2023-10-16,132.5500030517578,132.5500030517578,133.07000732421875,130.42999267578125,130.69000244140625,42832900,0.021265196921155,130.51413631188183,130.8000226921591,AMZN,Amazon,0.3552931249141693,0.49993836879730225,0.14476847648620605
2023-10-17,131.47000122070312,131.47000122070312,132.5800018310547,128.7100067138672,130.38999938964844,49344600,-0.008147882355257,130.75310253908714,130.86092983111766,AMZN,Amazon,0.33934053778648376,0.0008292531711049378,0.6598302125930786
2023-10-18,128.1300048828125,128.1300048828125,130.6699981689453,127.51000213623048,129.89999389648438,42699500,-0.0254050072783041,130.09732812501846,130.61266392672627,AMZN,Amazon,0.005416901782155037,0.9945816397666931,1.4483749737337348e-06
2023-10-19,128.39999389648438,128.39999389648438,132.24000549316406,127.47000122070312,130.57000732421875,60961400,0.0021071490157111,129.67299456788493,130.41151210579517,AMZN,Amazon,0.11403391510248184,0.5485649108886719,0.3374011516571045
2023-10-20,125.16999816894533,125.16999816894533,128.1699981689453,124.97000122070312,128.0500030517578,56406400,-0.0251557311610394,128.54724546815004,129.9350108388088,AMZN,Amazon,0.3323093056678772,0.6665442585945129,0.0011464310809969902
2023-10-23,126.55999755859376,126.55999755859376,127.87999725341795,123.9800033569336,124.62999725341795,48260000,0.0111048926258856,128.05043349076095,129.6281914496983,AMZN,Amazon,0.6226914525032043,7.757042476441711e-05,0.3772309720516205
2023-10-24,128.55999755859375,128.55999755859375,128.8000030517578,126.33999633789062,127.73999786376952,46477400,0.0158027815943506,128.17782450771915,129.53108291414338,AMZN,Amazon,0.6665933132171631,0.33333420753479004,7.24827332305722e-05
2023-10-25,121.38999938964844,121.38999938964844,126.33999633789062,120.79000091552734,126.04000091552734,74577500,-0.0557716109606912,126.48086822820147,128.79098441191655,AMZN,Amazon,0.7611266374588013,0.2387320101261139,0.00014130373892839998
2023-10-26,119.56999969482422,119.56999969482422,121.63999938964844,118.3499984741211,120.62999725341795,100419500,-0.0149929953371382,124.75315109485716,127.95271307399906,AMZN,Amazon,8.325487854676794e-09,1.0,8.43283665119543e-09
2023-10-27,127.73999786376952,127.73999786376952,130.02000427246094,125.5199966430664,126.1999969482422,125309300,0.0683281608246,125.49986278708523,127.93337532761456,AMZN,Amazon,3.593619180009e-09,1.0,7.588203843056363e-09
2023-10-30,132.7100067138672,132.7100067138672,133.0,128.55999755859375,129.72000122070312,72485500,0.0389072250916897,127.30239876878072,128.36761454454663,AMZN,Amazon,0.22276528179645538,0.7765587568283081,0.0006759038660675287
2023-10-31,133.08999633789062,133.08999633789062,133.57000732421875,131.7100067138672,132.75,51589400,0.002863308000901,128.74929816105822,128.79692198030517,AMZN,Amazon,0.49954119324684143,0.48412781953811646,0.016331013292074203
2023-11-01,137.0,137.0,137.35000610351562,133.7100067138672,133.9600067138672,61529400,0.0293786442985737,130.81197362079365,129.54265634573198,AMZN,Amazon,0.0017867564456537366,0.9981626272201538,5.0604048738023266e-05
2023-11-02,138.07000732421875,138.07000732421875,138.80999755859375,136.47000122070312,138.72999572753906,52236700,0.007810272439553,132.62648204664993,130.31787007104896,AMZN,Amazon,0.11414263397455215,0.5984151363372803,0.2874421775341034
2023-11-03,138.60000610351562,138.60000610351562,139.49000549316406,137.4499969482422,138.99000549316406,44059800,0.0038386235328597,134.11986306086635,131.07079152854593,AMZN,Amazon,0.7064315676689148,0.002015899633988738,0.2915525436401367
2023-11-06,139.74000549316406,139.74000549316406,140.72999572753906,138.36000061035156,138.75999450683594,44970400,0.0082251034592091,135.52489866894078,131.85890188896576,AMZN,Amazon,0.014694957062602043,0.00016592233441770077,0.9851390719413757
2023-11-07,142.7100067138672,142.7100067138672,143.3699951171875,140.5,140.5500030517578,53553500,0.0212537648772914,137.3211756801724,132.8453659639568,AMZN,Amazon,0.9999130964279175,2.075941847579088e-05,6.613934237975627e-05
2023-11-08,142.0800018310547,142.0800018310547,143.1199951171875,141.22000122070312,142.97000122070312,44521700,-0.0044145809906355,138.51088221789297,133.68487831551113,AMZN,Amazon,0.11433080583810806,0.5170985460281372,0.3685706555843353
2023-11-09,140.60000610351562,140.60000610351562,142.64999389648438,139.83999633789062,142.02000427246094,36235400,-0.0104166364616106,139.03316318929865,134.31352629623882,AMZN,Amazon,0.33374011516571045,0.3332551419734955,0.33300474286079407
2023-11-10,143.55999755859375,143.55999755859375,143.64999389648438,139.91000366210938,140.4600067138672,49287800,0.0210525698903516,140.16487178162242,135.15411459281654,AMZN,Amazon,0.9816346168518066,0.010156461037695408,0.00820893980562687
2023-11-13,142.58999633789062,142.58999633789062,143.22999572753906,140.6699981689453,142.0800018310547,35680600,-0.0067567653747501,140.77115292068947,135.83010384236874,AMZN,Amazon,0.9994195699691772,0.00014776831085328013,0.00043268510489724576
2023-11-14,145.8000030517578,145.8000030517578,147.25999450683594,144.67999267578125,145.0,56674600,0.0225121452858483,142.02836545345656,136.73645831594956,AMZN,Amazon,0.9611893892288208,0.03865000233054161,0.0001606689766049385
2023-11-15,143.1999969482422,143.1999969482422,147.2899932861328,142.58999633789062,147.05999755859375,63875700,-0.0178326889512659,142.32127332715297,137.32405273706706,AMZN,Amazon,0.9774770736694336,0.006024882663041353,0.01649796962738037
2023-11-16,142.8300018310547,142.8300018310547,143.32000732421875,139.52000427246094,140.91000366210938,49653500,-0.0025837648398919,142.4484554531284,137.8245935637932,AMZN,Amazon,0.952387809753418,0.04755701869726181,5.517113459063694e-05
2023-11-17,145.17999267578125,145.17999267578125,145.22999572753906,142.5399932861328,142.66000366210938,49636700,0.0164530617839397,143.1313397587916,138.49326621033757,AMZN,Amazon,0.9981167316436768,0.001721699140034616,0.0001616350346012041
2023-11-20,146.1300048828125,146.1300048828125,146.6300048828125,144.72999572753906,145.1300048828125,41951200,0.0065436854591447,143.88100603979683,139.18751518056257,AMZN,Amazon,0.9995592832565308,0.00011773154983529821,0.000322990701533854
2023-11-21,143.89999389648438,143.89999389648438,144.0500030517578,141.5,143.91000366210938,71226000,-0.0152604592610289,143.88575300396872,139.61592233655546,AMZN,Amazon,0.7810177803039551,0.004595799371600151,0.21438641846179962
2023-11-22,146.7100067138672,146.7100067138672,147.74000549316406,144.57000732421875,144.57000732421875,45669100,0.0195275395175082,144.59181643144333,140.26083909812925,AMZN,Amazon,0.3334096372127533,0.00017793313600122929,0.6664124131202698
2023-11-24,146.74000549316406,146.74000549316406,147.1999969482422,145.32000732421875,146.6999969482422,22378400,0.0002044767086364,145.1288636968735,140.8498542249506,AMZN,Amazon,0.06623467057943344,0.6023809313774109,0.33138445019721985
2023-11-27,147.72999572753906,147.72999572753906,149.25999450683594,146.8800048828125,147.52999877929688,53762400,0.0067465598835698,145.7791467045399,141.47532163427684,AMZN,Amazon,0.19999021291732788,0.20000192523002625,0.6000078916549683
2023-11-28,147.02999877929688,147.02999877929688,147.60000610351562,145.52999877929688,146.97999572753906,42711700,-0.0047383535401517,146.0918597232291,141.9802922838241,AMZN,Amazon,0.5991549491882324,0.20007994771003723,0.20076510310173035
2023-11-29,146.32000732421875,146.32000732421875,148.5399932861328,145.97000122070312,147.85000610351562,40610900,-0.0048288883967405,146.14889662347653,142.37481183295088,AMZN,Amazon,0.001716120750643313,0.4189818203449249,0.5793020725250244
2023-11-30,146.08999633789062,146.08999633789062,146.92999267578125,144.3300018310547,144.75999450683594,65814000,-0.0015719722171586,146.13417155208006,142.7125558788545,AMZN,Amazon,0.9159605503082275,0.00028467830270528793,0.08375472575426102
2023-12-01,147.02999877929688,147.02999877929688,147.25,145.5500030517578,146.0,39951800,0.0064344066326904,146.35812835888427,143.1050506879856,AMZN,Amazon,0.0005617211572825909,0.9991602897644043,0.00027805077843368053
2023-12-04,144.83999633789062,144.83999633789062,145.35000610351562,142.80999755859375,145.25,48294200,-0.0148949361326841,145.97859535363585,143.26277301979513,AMZN,Amazon,0.6265520453453064,0.33301666378974915,0.04043127968907356
2023-12-05,146.8800048828125,146.8800048828125,148.57000732421875,143.1300048828125,143.5500030517578,46822400,0.0140845663939594,146.20394773593,143.59161228006943,AMZN,Amazon,0.6215940117835999,0.31824252009391785,0.06016344204545021
2023-12-06,144.52000427246094,144.52000427246094,147.85000610351562,144.27999877929688,147.5800018310547,39679000,-0.0160675417476632,145.7829618700627,143.676011552105,AMZN,Amazon,0.6664330363273621,0.33336952328681946,0.00019747931219171733
2023-12-07,146.8800048828125,146.8800048828125,147.9199981689453,145.33999633789062,146.14999389648438,52352800,0.016329923474831,146.05722262325017,143.96728367307838,AMZN,Amazon,0.49885261058807373,0.4974376857280731,0.0037097183521836996
2023-12-08,147.4199981689453,147.4199981689453,147.83999633789062,145.39999389648438,145.47999572753906,41906000,0.0036764247561378,146.39791650967396,144.28116680906626,AMZN,Amazon,0.31325221061706543,0.44451838731765747,0.2422294169664383
2023-12-11,145.88999938964844,145.88999938964844,146.19000244140625,143.63999938964844,145.66000366210938,50907300,-0.0103785022269737,146.2709372296676,144.42742431639192,AMZN,Amazon,0.49140477180480957,0.006792122032493353,0.5018031001091003
2023-12-12,147.47999572753906,147.47999572753906,147.5,145.3000030517578,145.52000427246094,44944300,0.0108985971933825,146.57320185413545,144.70493080831437,AMZN,Amazon,0.7700260877609253,0.014142674393951893,0.2158312350511551
2023-12-13,148.83999633789062,148.83999633789062,149.4600067138672,146.82000732421875,148.1199951171875,52766200,0.0092215937737352,147.13990047507423,145.08084585645767,AMZN,Amazon,0.5433284640312195,0.2017112672328949,0.25496020913124084
2023-12-14,147.4199981689453,147.4199981689453,150.5399932861328,145.52000427246094,149.92999267578125,58400800,-0.0095404340492033,147.209924898542,145.29349606668382,AMZN,Amazon,0.10466457158327103,0.892039954662323,0.0032954399939626455
2023-12-15,149.97000122070312,149.97000122070312,150.57000732421875,147.8800048828125,148.3800048828125,110089300,0.0172975382134754,147.89994397908228,145.71863289886738,AMZN,Amazon,0.54310542345047,0.4476184844970703,0.009276116266846657
2023-12-18,154.07000732421875,154.07000732421875,154.85000610351562,150.0500030517578,150.55999755859375,62512800,0.0273388415692672,149.4424598153664,146.4778487557175,AMZN,Amazon,0.5828395485877991,0.3987596929073334,0.01840076968073845
2023-12-19,153.7899932861328,153.7899932861328,155.1199951171875,152.69000244140625,154.39999389648438,43171300,-0.0018174467759756,150.529343183058,147.14258916757345,AMZN,Amazon,0.6754090785980225,0.19574762880802155,0.12884333729743958
2023-12-20,152.1199951171875,152.1199951171875,155.6300048828125,151.55999755859375,152.89999389648438,50322100,-0.0108589520895433,150.92700616659036,147.59508061753837,AMZN,Amazon,0.6073230504989624,0.3925861716270447,9.082166798179969e-05
2023-12-21,153.83999633789062,153.83999633789062,153.97000122070312,152.10000610351562,153.3000030517578,36305700,0.0113068713904316,151.65525370941543,148.16280022847948,AMZN,Amazon,0.03171937167644501,0.9681291580200195,0.00015150259423535317
2023-12-22,153.4199981689453,153.4199981689453,154.35000610351562,152.7100067138672,153.77000427246094,29514100,-0.0027300973670256,152.0964398242979,148.64072731397638,AMZN,Amazon,0.598414957523346,0.40005236864089966,0.0015326912980526686
2023-12-26,153.41000366210938,153.41000366210938,153.97999572753906,153.02999877929688,153.55999755859375,25067200,-6.514474615582078e-05,152.42483078375076,149.07429789107937,AMZN,Amazon,0.9883337020874023,0.0037231247406452894,0.00794325303286314
2023-12-27,153.33999633789062,153.33999633789062,154.77999877929688,153.1199951171875,153.55999755859375,31434700,-0.0004563413242133,152.65362217228574,149.4620886589713,AMZN,Amazon,0.9999814033508301,5.0834842113545164e-06,1.3505438801075798e-05
2023-12-28,153.3800048828125,153.3800048828125,154.0800018310547,152.9499969482422,153.72000122070312,27057000,0.0002609139551152,152.83521784991743,149.8182628611387,AMZN,Amazon,3.801226557698101e-05,0.9999591112136841,2.839350145222852e-06
2023-12-29,151.94000244140625,151.94000244140625,153.88999938964844,151.02999877929688,153.10000610351562,39823200,-0.0093884626128839,152.61141399778964,150.01114827752664,AMZN,Amazon,0.42936062812805176,0.002594475168734789,0.5680448412895203
2024-01-02,149.92999267578125,149.92999267578125,152.3800048828125,148.38999938964844,151.5399932861328,47339400,,149.92999267578125,149.92999267578125,AMZN,Amazon,0.5523132681846619,0.43919554352760315,0.008491221815347672
2024-01-03,148.47000122070312,148.47000122070312,151.0500030517578,148.3300018310547,149.1999969482422,49425500,-0.0097378211592079,149.56499481201172,149.79726617986506,AMZN,Amazon,0.22420556843280792,0.7757397294044495,5.475516809383407e-05
2024-01-04,144.57000732421875,144.57000732421875,147.3800048828125,144.0500030517578,145.58999633789062,56039800,-0.0262678915903487,148.31624794006348,149.32206082935176,AMZN,Amazon,0.3461742401123047,0.15646028518676758,0.4973655045032501
2024-01-05,145.24000549316406,145.24000549316406,146.58999633789062,144.52999877929688,144.69000244140625,45153100,0.00463442024626,147.54718732833862,148.95096488969833,AMZN,Amazon,0.9785650968551636,0.021297743543982506,0.00013716107059735805
2024-01-08,149.10000610351562,149.10000610351562,149.39999389648438,146.14999389648438,146.74000549316406,46757100,0.0265767038306345,147.93539202213287,148.96451409095442,AMZN,Amazon,0.33372554183006287,0.5007533431053162,0.16552111506462097
2024-01-09,151.3699951171875,151.3699951171875,151.7100067138672,148.2100067138672,148.3300018310547,43812600,0.0152246071143409,148.79404279589653,149.18319418424832,AMZN,Amazon,0.332184374332428,0.6674736142158508,0.0003420229477342218
2024-01-10,153.72999572753906,153.72999572753906,154.4199981689453,151.8800048828125,152.05999755859375,44421800,0.0155909406519072,150.02803102880716,149.59653977909292,AMZN,Amazon,0.26981446146965027,0.16945913434028625,0.5607264637947083
2024-01-11,155.17999267578125,155.17999267578125,157.1699981689453,153.1199951171875,155.0399932861328,49072700,0.009432101662268,151.31602144055068,150.10412640606458,AMZN,Amazon,0.00955980084836483,0.0003626774123404175,0.9900776147842407
2024-01-12,154.6199951171875,154.6199951171875,156.1999969482422,154.00999450683594,155.38999938964844,40484200,-0.0036086969005325,152.1420148597099,150.51465992525758,AMZN,Amazon,0.6682311296463013,0.20538310706615448,0.12638579308986664
2024-01-16,153.16000366210938,153.16000366210938,154.99000549316406,152.14999389648438,153.52999877929688,41384600,-0.0094424492380276,152.39651206030976,150.75514571951683,AMZN,Amazon,0.8213205337524414,0.1785428822040558,0.00013660237891599536
2024-01-17,151.7100067138672,151.7100067138672,152.14999389648438,149.91000366210938,151.49000549316406,34953400,-0.0094672036665724,152.22488572369912,150.84195126445778,AMZN,Amazon,0.5937919616699219,0.20466208457946777,0.20154592394828796
2024-01-18,153.5,153.5,153.77999877929688,151.82000732421875,152.77000427246094,37850200,0.0117987819320899,152.54366429277434,151.083592058598,AMZN,Amazon,0.4471004009246826,0.20003433525562286,0.3528653085231781
2024-01-19,155.33999633789062,155.33999633789062,155.75999450683594,152.74000549316406,153.8300018310547,51651600,0.0119869468266489,153.2427473040534,151.47053790217004,AMZN,Amazon,0.9983953237533569,1.856777635111939e-05,0.0015860669082030654
2024-01-22,154.77999877929688,154.77999877929688,157.0500030517578,153.89999389648438,156.88999938964844,43687500,-0.0036049798622092,153.62706017286428,151.77139798190885,AMZN,Amazon,0.06733502447605133,0.9301660060882568,0.002498977817595005
2024-01-23,156.02000427246094,156.02000427246094,156.2100067138672,153.92999267578125,154.85000610351562,37986000,0.0080114065314873,154.22529619776344,152.1576349174136,AMZN,Amazon,0.008103782311081886,0.4001217782497406,0.5917744040489197
2024-01-24,156.8699951171875,156.8699951171875,158.50999450683594,156.47999572753906,157.8000030517578,48547300,0.005447960655367,154.88647092761946,152.5860312992112,AMZN,Amazon,0.17717240750789642,0.28666776418685913,0.536159873008728
2024-01-25,157.75,157.75,158.50999450683594,154.5500030517578,156.9499969482422,43638600,0.005609771850602,155.60235319571458,153.0554829992829,AMZN,Amazon,0.3328864872455597,0.6666691303253174,0.00044440769124776125
2024-01-26,159.1199951171875,159.1199951171875,160.72000122070312,157.91000366210938,158.4199981689453,51047400,0.0086845966224247,156.4817636760828,153.60680228272878,AMZN,Amazon,0.20714405179023743,0.5044786334037781,0.2883773446083069
2024-01-29,161.25999450683594,161.25999450683594,161.2899932861328,158.89999389648438,159.33999633789062,45270400,0.0134489659082277,157.6763213837711,154.30254703037488,AMZN,Amazon,0.35747724771499634,0.6002519130706787,0.042270880192518234
2024-01-30,159.0,159.0,161.72999572753906,158.49000549316406,160.6999969482422,45207400,-0.0140146011647056,158.00724103782832,154.7295882094317,AMZN,Amazon,0.7386234998703003,0.21132099628448486,0.05005546286702156
2024-01-31,155.1999969482422,155.1999969482422,159.00999450683594,154.80999755859375,157.0,50284400,-0.0238993902626277,157.3054300154318,154.77235264023264,AMZN,Amazon,0.6610751748085022,0.3386583626270294,0.00026648741913959384
2024-02-01,159.27999877929688,159.27999877929688,159.75999450683594,155.6199951171875,155.8699951171875,76542400,0.0262886721087716,157.79907220639808,155.18213865287484,AMZN,Amazon,0.0,1.0,0.0
2024-02-02,171.80999755859375,171.80999755859375,172.5,167.3300018310547,169.19000244140625,117218300,0.0786664921856183,161.301803544447,156.69376218975836,AMZN,Amazon,0.39966392517089844,0.6002663373947144,6.971969560254365e-05
2024-02-05,170.30999755859375,170.30999755859375,170.5500030517578,167.6999969482422,170.1999969482422,55081300,-0.008730574595861,163.5538520479837,157.93160176874338,AMZN,Amazon,0.8697800040245056,0.11972731351852417,0.010492658242583275
2024-02-06,169.14999389648438,169.14999389648438,170.7100067138672,167.64999389648438,169.38999938964844,42505500,-0.006811130754143,164.95288751010887,158.95145559853802,AMZN,Amazon,0.002138075651600957,0.9978445768356323,1.7343036233796738e-05
2024-02-07,170.52999877929688,170.52999877929688,170.8800048828125,168.94000244140625,169.47999572753906,47174100,0.008158468416245,166.34716532740586,160.00405043315246,AMZN,Amazon,0.668279767036438,0.2565033435821533,0.07521693408489227
2024-02-08,169.83999633789062,169.83999633789062,171.42999267578125,168.8800048828125,169.64999389648438,42316500,-0.0040462232237464,167.22037308002706,160.8982273335832,AMZN,Amazon,0.799127459526062,4.834831634070724e-05,0.20082426071166992
2024-02-09,174.4499969482422,174.4499969482422,175.0,170.5800018310547,170.89999389648438,56986000,0.027143197772921,169.02777904708086,162.13020638946128,AMZN,Amazon,0.08346911519765854,0.7133828401565552,0.20314808189868927
2024-02-12,172.33999633789062,172.33999633789062,175.38999938964844,171.5399932861328,174.8000030517578,51050400,-0.0120951599155234,169.85583336978328,163.05836911204577,AMZN,Amazon,0.9968320727348328,4.613121200236492e-05,0.003121817484498024
2024-02-13,168.63999938964844,168.63999938964844,170.9499969482422,165.75,167.72999572753906,56345100,-0.0214691715612431,169.55187487474956,163.56579004637328,AMZN,Amazon,0.9329436421394348,0.06062466651201248,0.00643168156966567
2024-02-14,170.97999572753906,170.97999572753906,171.2100067138672,168.27999877929688,169.2100067138672,42815500,0.0138756899096279,169.90890508794695,164.23980874466108,AMZN,Amazon,0.9999753832817078,1.0926624781859573e-05,1.3623040103993844e-05
2024-02-15,169.8000030517578,169.8000030517578,171.1699981689453,167.58999633789062,170.5800018310547,49855200,-0.0069013493114223,169.88167957889965,164.74528095439712,AMZN,Amazon,0.9999399185180664,3.411011857679114e-05,2.593986937426962e-05
2024-02-16,169.50999450683594,169.50999450683594,170.4199981689453,167.1699981689453,168.74000549316406,48107700,-0.0017079419299743,169.78875831088374,165.17843673189154,AMZN,Amazon,0.9809070825576782,0.00021359945822041482,0.01887941174209118
2024-02-20,167.0800018310547,167.0800018310547,168.7100067138672,165.74000549316406,167.8300018310547,41980300,-0.0143353946936931,169.11156919092647,165.3513062863609,AMZN,Amazon,0.6667086482048035,1.9802791939582676e-05,0.3332715332508087
2024-02-21,168.58999633789062,168.58999633789062,170.22999572753906,167.13999938964844,168.94000244140625,44420100,0.0090375538082816,168.9811759776675,165.64573265468178,AMZN,Amazon,0.9999720454216003,2.1955063857603818e-05,5.983052687952295e-06
2024-02-22,174.5800018310547,174.5800018310547,174.8000030517578,171.77000427246094,173.10000610351562,55392400,0.0355300173395745,170.3808824410143,166.45793894344297,AMZN,Amazon,0.49975281953811646,0.5000011324882507,0.00024604322970844805
2024-02-23,174.99000549316406,174.99000549316406,175.75,173.6999969482422,174.27999877929688,59715200,0.002348514479374,171.53316320405173,167.23358135705396,AMZN,Amazon,0.8243941068649292,0.006518618203699589,0.16908730566501617
2024-02-26,174.72999572753906,174.72999572753906,176.3699951171875,174.25999450683594,175.6999969482422,44368600,-0.0014858549486425,172.33237133492355,167.9150735725526,AMZN,Amazon,0.4018375873565674,0.33497604727745056,0.26318636536598206
2024-02-27,173.5399932861328,173.5399932861328,174.6199951171875,172.86000061035156,174.0800018310547,31141700,-0.0068105217793391,172.63427682272587,168.42642991015077,AMZN,Amazon,0.37064021825790405,0.0013306791661307216,0.6280291676521301
2024-02-28,173.16000366210938,173.16000366210938,174.0500030517578,172.27000427246094,172.44000244140625,28180500,-0.0021896371944472,172.76570853257175,168.85675479669246,AMZN,Amazon,0.4644230902194977,0.3838867247104645,0.15169017016887665
2024-02-29,176.75999450683594,176.75999450683594,177.22000122070312,172.85000610351562,173.00999450683594,53805400,0.0207899674785829,173.76428002613778,169.5752311339782,AMZN,Amazon,0.14277976751327515,0.00017323406063951552,0.8570469617843628
2024-03-01,178.22000122070312,178.22000122070312,178.72999572753906,176.07000732421875,176.75,31981200,0.0082598255218362,174.8782103247791,170.36111932368047,AMZN,Amazon,0.9999544024467468,1.565987986396067e-05,2.996674993482884e-05
2024-03-04,177.5800018310547,177.5800018310547,180.13999938964844,177.49000549316406,177.52999877929688,37381500,-0.0035910637709842,175.553658201348,171.01738136980538,AMZN,Amazon,0.9125505685806274,0.08743934333324432,1.0157944416278042e-05
2024-03-05,174.1199951171875,174.1199951171875,176.92999267578125,173.3000030517578,176.92999267578125,37228300,-0.0194842137526215,175.19524243030787,171.29943716502194,AMZN,Amazon,0.7668517827987671,0.2107989341020584,0.022349296137690544
2024-03-06,173.50999450683594,173.50999450683594,176.4600067138672,173.25999450683594,175.5399932861328,32090900,-0.0035033346396604,174.7739304494399,171.50039692336867,AMZN,Amazon,7.265780823217938e-06,0.49999019503593445,0.5000025629997253
2024-03-07,176.82000732421875,176.82000732421875,177.99000549316406,173.72000122070312,174.8300018310547,34063300,0.0190767847511654,175.28544966813462,171.9839978689005,AMZN,Amazon,0.49998778104782104,0.5000003576278687,1.1861236089316662e-05
2024-03-08,175.35000610351562,175.35000610351562,178.7899932861328,174.3300018310547,176.44000244140625,37893200,-0.0083135457516847,175.30158877697988,172.28999861750188,AMZN,Amazon,0.9998264312744141,0.0001037236288539134,6.988564564380795e-05
2024-03-11,171.9600067138672,171.9600067138672,174.47000122070312,171.47000122070312,174.30999755859375,28484800,-0.0193327588916489,174.4661932612017,172.25999935353508,AMZN,Amazon,0.6089586019515991,0.11490347236394882,0.27613791823387146
2024-03-12,175.38999938964844,175.38999938964844,176.75999450683594,171.97999572753906,173.5,36610600,0.0199464558145114,174.69714479331338,172.54454481136355,AMZN,Amazon,0.7991894483566284,0.20068295300006866,0.0001277048868359998
2024-03-13,176.55999755859375,176.55999755859375,177.6199951171875,175.5500030517578,175.89999389648438,30772600,0.0066708374081581,175.1628579846335,172.90958597020264,AMZN,Amazon,0.9544196128845215,0.04522959142923355,0.0003508168156258762
2024-03-14,178.75,178.75,179.52999877929688,176.47000122070312,177.69000244140625,43705800,0.0124037294499819,176.0596434884751,173.4405327001842,AMZN,Amazon,0.9999685287475586,1.2725035048788413e-05,1.8755048586172052e-05
2024-03-15,174.4199981689453,174.4199981689453,177.92999267578125,173.89999389648438,176.63999938964844,72147400,-0.0242237864674388,175.64973215859266,173.52957501552612,AMZN,Amazon,0.6824922561645508,0.31747525930404663,3.246375126764178e-05
2024-03-18,174.47999572753906,174.47999572753906,176.69000244140625,174.27999877929688,175.8000030517578,31250700,0.0003439832543492,175.35729805082926,173.6159768984364,AMZN,Amazon,0.0002344646054552868,0.9997634291648865,2.1744422156189103e-06
2024-03-19,175.89999389648438,175.89999389648438,176.08999633789062,173.52000427246094,174.22000122070312,26880900,0.0081384582973209,175.49297201224303,173.82361480734986,AMZN,Amazon,0.9915554523468018,0.0005403733812272549,0.007904157042503357
2024-03-20,178.14999389648438,178.14999389648438,178.52999877929688,174.63999938964844,176.13999938964844,29947200,0.0127913591703936,176.15722748330336,174.2169219972712,AMZN,Amazon,0.0029046530835330486,0.5066927671432495,0.49040257930755615
2024-03-21,178.14999389648438,178.14999389648438,181.4199981689453,178.14999389648438,179.99000549316406,32824300,0.0,176.6554190865986,174.57447398810876,AMZN,Amazon,0.9995538592338562,0.00028400731389410794,0.00016221388068515807
2024-03-22,178.8699951171875,178.8699951171875,179.25999450683594,176.75,177.75,27995400,0.0040415450203241,177.20906309424583,174.9649759089341,AMZN,Amazon,0.9966650605201721,0.0001160248793894425,0.0032188098412007093
2024-03-25,179.7100067138672,179.7100067138672,180.9900054931641,177.24000549316406,178.00999450683594,29815500,0.0046962130016794,177.83429899915117,175.39634234574618,AMZN,Amazon,0.3501241207122803,0.39433518052101135,0.2555406987667084
2024-03-26,178.3000030517578,178.3000030517578,180.4499969482422,177.9499969482422,180.1499938964844,29659000,-0.007845994154095,177.95072501230285,175.66031150083813,AMZN,Amazon,0.779524564743042,0.0013488342519849539,0.2191266268491745
2024-03-27,179.8300018310547,179.8300018310547,180.0,177.30999755859375,179.8800048828125,33272600,0.0085810361924263,178.42054421699078,176.03937425813055,AMZN,Amazon,0.7748326659202576,0.0017730690306052566,0.2233942300081253
2024-03-28,180.3800048828125,180.3800048828125,181.6999969482422,179.25999450683594,180.1699981689453,38051600,0.0030584610251771,178.91040938344622,176.43397704219254,AMZN,Amazon,0.6100054383277893,0.3334745168685913,0.05652005597949028
2024-04-01,180.97000122070312,180.97000122070312,183.0,179.9499969482422,180.7899932861328,29174500,0.0032708522115514,179.42530734276045,176.8463428766026,AMZN,Amazon,0.7938560247421265,0.20029816031455994,0.005845766980201006
2024-04-02,180.69000244140625,180.69000244140625,180.7899932861328,178.3800048828125,179.07000732421875,32611500,-0.0015472110151306,179.7414811174219,177.19576647340293,AMZN,Amazon,0.9958575367927551,0.0037452818360179663,0.0003971848636865616
2024-04-03,182.41000366210935,182.41000366210935,182.8699951171875,179.8000030517578,179.89999389648438,31046600,0.0095190724304787,180.40861175359376,177.6697880360126,AMZN,Amazon,0.9965655207633972,0.00012037290434818715,0.0033141090534627438
2024-04-04,180.0,180.0,185.1000061035156,180.0,184.0,41624300,-0.0132120147674225,180.30645881519533,177.88162548728417,AMZN,Amazon,0.2696450650691986,0.4300772547721863,0.3002776503562927
2024-04-05,185.07000732421875,185.07000732421875,186.2700042724609,181.97000122070312,182.3800048828125,42374000,0.0281667073567708,181.4973459424512,178.53511474518731,AMZN,Amazon,0.5796642303466797,0.1940518617630005,0.2262839376926422
2024-04-08,185.19000244140625,185.19000244140625,187.2899932861328,184.80999755859372,186.8999938964844,39221300,0.0006483768975988,182.42051006718995,179.14010453575267,AMZN,Amazon,0.1614716500043869,0.4697675406932831,0.3687607944011688
2024-04-09,185.6699981689453,185.6699981689453,187.33999633789065,184.1999969482422,187.2400054931641,36520100,0.0025919095048931,183.2328820926288,179.73373122967928,AMZN,Amazon,0.7500777840614319,0.24985134601593018,7.092356827342883e-05
2024-04-10,185.9499969482422,185.9499969482422,186.2700042724609,182.6699981689453,182.7700042724609,35879200,0.0015080453603608,183.9121608065321,180.2988462950032,AMZN,Amazon,0.9883216023445129,0.00031278046662919223,0.011365541256964207
2024-04-11,189.0500030517578,189.0500030517578,189.7700042724609,185.50999450683597,186.7400054931641,40020700,0.0166711812551332,185.19662136783856,181.09440600016268,AMZN,Amazon,0.7995163202285767,0.20034177601337433,0.000141932163387537
2024-04-12,186.1300048828125,186.1300048828125,188.3800048828125,185.0800018310547,187.72000122070312,38608800,-0.0154456393642368,185.42996724658204,181.5521877167672,AMZN,Amazon,0.31334182620048523,0.43452855944633484,0.25212952494621277
2024-04-15,183.6199951171875,183.6199951171875,188.69000244140625,183.0,187.42999267578125,48052400,-0.013485250630092,184.9774742142334,181.74017020771447,AMZN,Amazon,0.5417012572288513,0.34116077423095703,0.11713794618844986
2024-04-16,183.32000732421875,183.32000732421875,184.8300018310547,182.25999450683597,183.2700042724609,32891300,-0.0016337425168609,184.5631074917297,181.8837917637603,AMZN,Amazon,0.5040795803070068,0.24163708090782166,0.2542833685874939
2024-04-17,181.27999877929688,181.27999877929688,184.57000732421875,179.82000732421875,184.30999755859372,31359700,-0.0111281282097808,183.74233031362152,181.82890149244545,AMZN,Amazon,0.6647188663482666,0.33434411883354187,0.0009370599291287363
2024-04-18,179.22000122070312,179.22000122070312,182.38999938964844,178.64999389648438,181.47000122070312,30723800,-0.0113636229725582,182.61174804039192,181.59172874046888,AMZN,Amazon,0.24990306794643402,0.7499982714653015,9.869566565612331e-05
2024-04-19,174.6300048828125,174.6300048828125,179.0,173.44000244140625,178.74000549316406,56000700,-0.0256109603092693,180.61631225099703,180.9588447534092,AMZN,Amazon,8.923888827894189e-08,0.9999998807907104,4.4904659546318726e-08
2024-04-22,177.22999572753906,177.22999572753906,178.8699951171875,174.55999755859375,176.94000244140625,37924900,0.014888568814227,179.76973312013257,180.6198584783301,AMZN,Amazon,0.6949235796928406,0.003613437991589308,0.30146297812461853
2024-04-23,179.5399932861328,179.5399932861328,179.92999267578125,175.97999572753906,178.0800018310547,37046500,0.0130338972763108,179.71229816163265,180.52168891540308,AMZN,Amazon,0.994858980178833,0.0027584638446569443,0.0023825729731470346
2024-04-24,176.58999633789062,176.58999633789062,180.32000732421875,176.17999267578125,179.94000244140625,34185100,-0.0164308625295578,178.93172270569715,180.16426231744737,AMZN,Amazon,0.9445539712905884,0.00043251123861409724,0.055013507604599
2024-04-25,173.6699981689453,173.6699981689453,173.9199981689453,166.32000732421875,169.67999267578125,49249400,-0.0165354676340676,177.61629157150918,179.57387466758354,AMZN,Amazon,0.6834291219711304,0.1665475070476532,0.15002338588237762
2024-04-26,179.6199951171875,179.6199951171875,180.82000732421875,176.1300048828125,177.8000030517578,43919800,0.0342603616685368,178.11721745792877,179.57806743572937,AMZN,Amazon,0.7439120411872864,0.2559480667114258,0.00013992648746352643
2024-04-29,180.9600067138672,180.9600067138672,183.52999877929688,179.38999938964844,182.75,54063900,0.0074602585074419,178.82791477191336,179.70369827919643,AMZN,Amazon,0.7999386787414551,0.1999996453523636,6.161633791634813e-05
2024-04-30,175.0,175.0,182.9900054931641,174.8000030517578,181.08999633789065,94639800,-0.0329354912286841,177.87093607893502,179.27608934472403,AMZN,Amazon,0.5993173718452454,0.400404691696167,0.0002779972564894706
2024-05-01,179.0,179.0,185.1499938964844,176.55999755859375,181.63999938964844,94645100,0.0228571428571429,178.15320205920125,179.25099031338547,AMZN,Amazon,0.082188181579113,0.9177862405776978,2.560947905294597e-05
2024-05-02,184.72000122070312,184.72000122070312,185.1000061035156,179.91000366210938,180.8500061035156,54303500,0.0319553140821404,179.79490184957672,179.7481731231416,AMZN,Amazon,0.25683966279029846,0.7313268184661865,0.011833542957901955
2024-05-03,186.2100067138672,186.2100067138672,187.8699951171875,185.4199981689453,186.9900054931641,39172000,0.0080662921357597,181.3986780656493,180.3356125404803,AMZN,Amazon,0.9993416666984558,7.167606963776052e-05,0.0005865932907909155
2024-05-06,188.6999969482422,188.6999969482422,188.75,184.8000030517578,186.27999877929688,34725300,0.0133719464292869,183.22400778629756,181.0960111230041,AMZN,Amazon,0.006446140818297863,0.9748486280441284,0.018705207854509354
2024-05-07,188.75999450683597,188.75999450683597,189.94000244140625,187.30999755859372,188.9199981689453,34048900,0.0003179520909595,184.6080044664321,181.79273688517063,AMZN,Amazon,0.35483840107917786,0.6049740314483643,0.04018754884600639
2024-05-08,188.0,188.0,188.42999267578125,186.38999938964844,187.44000244140625,26136400,-0.0040262477694044,185.4560033498241,182.3570335319733,AMZN,Amazon,0.020083270967006683,0.9755109548568726,0.004405725747346878
2024-05-09,189.5,189.5,191.6999969482422,187.44000244140625,188.8800048828125,43368400,0.0079787234042554,186.46700251236808,183.0063941199757,AMZN,Amazon,0.9906594753265381,0.005699483677744865,0.0036410244647413492
2024-05-10,187.47999572753903,187.47999572753903,189.88999938964844,186.92999267578125,189.16000366210935,34141800,-0.0106596531528281,186.72025081616084,183.41308517520872,AMZN,Amazon,0.2945280075073242,0.25019603967666626,0.45527592301368713
2024-05-13,186.57000732421875,186.57000732421875,188.30999755859372,185.3600006103516,188.0,24898600,-0.0048537893325044,186.6826899431753,183.700078097846,AMZN,Amazon,0.9998776316642761,0.00011042994447052479,1.1944724974455312e-05
2024-05-14,187.07000732421875,187.07000732421875,187.72000122070312,183.4499969482422,183.82000732421875,38698200,0.0026799591594115,186.77951928843615,184.00643530024348,AMZN,Amazon,0.9988214373588562,0.0006881594890728593,0.0004903340595774353
2024-05-15,185.9900054931641,185.9900054931641,186.72000122070312,182.72999572753903,185.97000122070312,75459900,-0.0057732495256863,186.58214083961812,184.18675986323623,AMZN,Amazon,0.6665678024291992,0.33321061730384827,0.00022153957979753613
2024-05-16,183.6300048828125,183.6300048828125,187.30999755859372,183.4600067138672,185.6000061035156,38834500,-0.0126888571463497,185.84410685041672,184.1361457741068,AMZN,Amazon,0.6005696058273315,0.05090317130088806,0.3485271632671356
2024-05-17,184.6999969482422,184.6999969482422,185.3000030517578,183.3500061035156,183.75999450683597,33175700,0.0058268912322501,185.5580793748731,184.18740497175548,AMZN,Amazon,0.015531224198639393,0.979254961013794,0.005213731899857521
2024-05-20,183.5399932861328,183.5399932861328,186.6699981689453,183.27999877929688,184.33999633789065,30511800,-0.006280474722663,185.053557852688,184.1285493639716,AMZN,Amazon,0.49882611632347107,0.5010631680488586,0.00011072845518356189
2024-05-21,183.1499938964844,183.1499938964844,183.25999450683597,180.75,182.3000030517578,50839100,-0.0021248741632045,184.5776668636371,184.03958977601823,AMZN,Amazon,0.3629111051559448,0.3341219127178192,0.30296701192855835
2024-05-22,183.1300048828125,183.1300048828125,185.22000122070312,181.97000122070312,183.8800048828125,28148800,-0.0001091401274256,184.21575136843092,183.95690024027223,AMZN,Amazon,0.9297426342964172,0.00037507162778638303,0.0698823630809784
2024-05-23,181.0500030517578,181.0500030517578,184.75999450683597,180.0800018310547,183.66000366210935,33670200,-0.011358061353112,183.42431428926267,183.6926368594982,AMZN,Amazon,0.9520988464355469,0.0018961163004860282,0.04600504785776138
2024-05-24,180.75,180.75,182.44000244140625,180.3000030517578,181.6499938964844,27471600,-0.0016570176564539,182.75573571694704,183.42512441772564,AMZN,Amazon,0.1936125010251999,0.005662416573613882,0.8007250428199768
2024-05-28,182.1499938964844,182.1499938964844,182.2400054931641,179.49000549316406,179.92999267578125,29927000,0.0077454710732192,182.60430026183136,183.30920346124915,AMZN,Amazon,0.9802338480949402,0.014051555655896664,0.005714548286050558
2024-05-29,182.0200042724609,182.0200042724609,184.0800018310547,181.5500030517578,181.6999969482422,32009300,-0.0007136405620595,182.4582262644888,183.19200353499565,AMZN,Amazon,0.5962554216384888,0.2004033625125885,0.2033412903547287
2024-05-30,179.32000732421875,179.32000732421875,181.33999633789065,178.36000061035156,181.30999755859372,29184700,-0.0148335176621611,181.67367152942128,182.8400038794705,AMZN,Amazon,0.40566620230674744,0.5940748453140259,0.0002589429495856166
2024-05-31,176.44000244140625,176.44000244140625,179.2100067138672,173.8699951171875,178.3000030517578,58903900,-0.0160607002296476,180.36525425741752,182.2581855669192,AMZN,Amazon,0.6594361662864685,0.2588605582714081,0.08170334994792938
2024-06-03,178.33999633789062,178.33999633789062,178.6999969482422,175.9199981689453,177.6999969482422,30786600,0.0107684984708347,179.8589397775358,181.9019865460984,AMZN,Amazon,0.9776450395584106,0.00021002454741392285,0.022144917398691177
2024-06-04,179.33999633789062,179.33999633789062,179.82000732421875,176.44000244140625,177.63999938964844,27198400,0.0056072671331974,179.7292039176245,181.6690783453522,AMZN,Amazon,0.6019210815429688,0.3979587256908417,0.00012011831859126687
2024-06-05,181.27999877929688,181.27999877929688,181.5,178.75,180.10000610351562,32116400,0.0108174555649658,180.11690263304257,181.6337074757108,AMZN,Amazon,0.9995285272598267,0.00035537430085241795,0.00011605352483456954
2024-06-06,185.0,185.0,185.0,181.4900054931641,181.75,31371200,0.0205207482665097,181.3376769747819,181.939734068828,AMZN,Amazon,0.009324967861175537,0.000607505498919636,0.9900675415992737
2024-06-07,184.3000030517578,184.3000030517578,186.2899932861328,183.3600006103516,184.8999938964844,28021500,-0.0037837672877956,182.07825849402587,182.1543039763671,AMZN,Amazon,0.3474319875240326,0.3628983795642853,0.2896696925163269
2024-06-10,187.05999755859372,187.05999755859372,187.22999572753903,183.7899932861328,184.07000732421875,34445600,0.0149755532345858,183.32369326016783,182.60027612020588,AMZN,Amazon,0.9970504641532898,0.00029058055952191353,0.002658975077793002
2024-06-11,187.22999572753903,187.22999572753903,187.7700042724609,184.5399932861328,187.05999755859372,27265100,0.0009087895389929,184.30026887701064,183.02115972087253,AMZN,Amazon,0.7766526341438293,0.19508567452430725,0.02826167270541191
2024-06-12,186.88999938964844,186.88999938964844,188.3500061035156,185.42999267578125,188.0200042724609,33984200,-0.0018159287809064,184.94770150517007,183.372872418034,AMZN,Amazon,0.9662069082260132,0.0007360251620411873,0.03305701166391373
2024-06-13,183.8300018310547,183.8300018310547,187.6699981689453,182.6699981689453,186.08999633789065,39721500,-0.0163732546877157,184.66827658664124,183.41442963739948,AMZN,Amazon,0.014998338185250759,0.0003866890328936279,0.9846149682998657
2024-06-14,183.66000366210935,183.66000366210935,183.72000122070312,182.22999572753903,183.0800018310547,25456400,-0.0009247574783878,184.41620835550827,183.4367545487368,AMZN,Amazon,0.999972939491272,2.6327363684686134e-06,2.442831828375347e-05
2024-06-17,184.05999755859372,184.05999755859372,185.0,181.22000122070312,182.5200042724609,35601900,0.0021779042170786,184.32715565627964,183.4934130041783,AMZN,Amazon,0.9999473094940186,5.593540663539898e-06,4.711534711532295e-05
2024-06-18,182.80999755859372,182.80999755859372,184.2899932861328,181.42999267578125,183.7400054931641,36659200,-0.0067912638084333,183.94786613185815,183.43128432730697,AMZN,Amazon,0.2242204248905182,0.16518279910087585,0.610596776008606
2024-06-20,186.1000061035156,186.1000061035156,186.50999450683597,182.72000122070312,182.91000366210935,44726800,0.0179968742894784,184.4859011247725,183.67389539787135,AMZN,Amazon,0.6877592206001282,0.019180065020918846,0.2930607199668884
2024-06-21,189.0800018310547,189.0800018310547,189.27999877929688,185.8600006103516,187.8000030517578,70792500,0.0160128728092652,185.63442630134307,184.16535961906987,AMZN,Amazon,0.9978513717651367,0.0020931256003677845,5.548840999836102e-05
2024-06-24,185.57000732421875,185.57000732421875,191.0,185.3300018310547,189.3300018310547,50610400,-0.0185635417434159,185.618321557062,184.29305486499248,AMZN,Amazon,0.9997676014900208,0.00022928683029022068,3.098723027505912e-06
2024-06-25,186.33999633789065,186.33999633789065,188.83999633789065,185.4199981689453,186.80999755859372,45366400,0.0041493182264447,185.79874025226917,184.47914045343776,AMZN,Amazon,0.999976634979248,1.9053575670113787e-05,4.3187924347876105e-06
2024-06-26,193.6100006103516,193.6100006103516,194.8000030517578,186.25999450683597,186.9199981689453,65103900,0.0390147279990187,187.75155534178973,185.30921864952083,AMZN,Amazon,0.7675819993019104,0.23240649700164795,1.1468513548607007e-05
2024-06-27,197.8500061035156,197.8500061035156,199.83999633789065,194.1999969482422,195.00999450683597,74397500,0.0218997235669518,190.2761680322212,186.4492902362476,AMZN,Amazon,0.7694992423057556,0.23039281368255615,0.000107912092062179
2024-06-28,193.25,193.25,198.8500061035156,192.5,197.72999572753903,76930200,-0.0232499669527879,191.01962602416592,187.0675365784069,AMZN,Amazon,0.47529882192611694,0.17092235386371613,0.3537788391113281
2024-07-01,197.1999969482422,197.1999969482422,198.3000030517578,192.82000732421875,193.4900054931641,41192000,0.0204398289689116,192.56471875518497,187.988669339301,AMZN,Amazon,0.599960207939148,0.40000396966934204,3.5876793845091015e-05
2024-07-02,200.0,200.0,200.42999267578125,195.92999267578125,197.27999877929688,45600000,0.0141987986566385,194.42353906638877,189.08060849027365,AMZN,Amazon,0.00016449821123387665,0.9998334646224976,2.0537152067845454e-06
2024-07-03,197.58999633789065,197.58999633789065,200.02999877929688,196.75999450683597,199.94000244140625,31597900,-0.0120500183105468,195.21515338426423,189.85418920369335,AMZN,Amazon,0.5857590436935425,0.10971895605325699,0.30452191829681396
2024-07-05,200.0,200.0,200.5500030517578,198.1699981689453,198.6499938964844,39858900,0.0121969922909868,196.41136503819817,190.7765356397213,AMZN,Amazon,0.4998178780078888,0.500150740146637,3.143632420687936e-05
2024-07-08,199.2899932861328,199.2899932861328,201.1999969482422,197.9600067138672,200.0399932861328,34767300,-0.0035500335693359,197.13102210018184,191.5504863348496,AMZN,Amazon,0.9999716877937317,1.0763122872958775e-06,2.7245869205216877e-05
2024-07-09,199.33999633789065,199.33999633789065,200.57000732421875,199.0500030517578,199.3999938964844,32700100,0.000250905983453,197.68326565960905,192.2586236078533,AMZN,Amazon,0.9999632835388184,2.040226900135167e-05,1.6330975995515473e-05
2024-07-10,199.7899932861328,199.7899932861328,200.1100006103516,197.69000244140625,200.0,32883800,0.0022574343157879,198.20994756624,192.943293578606,AMZN,Amazon,0.900617241859436,0.04943861812353134,0.049944110214710236
2024-07-11,195.0500030517578,195.0500030517578,200.2700042724609,192.8600006103516,200.08999633789065,44565000,-0.0237248630745311,197.41996143761943,193.1348126216198,AMZN,Amazon,0.8231402635574341,0.1754724681377411,0.0013872106792405248
2024-07-12,194.4900054931641,194.4900054931641,196.47000122070312,193.8300018310547,194.8000030517578,30598500,-0.0028710461411536,196.6874724515056,193.2580119735784,AMZN,Amazon,0.9999288320541382,2.0920242604915984e-05,5.018285446567461e-05
2024-07-15,192.72000122070312,192.72000122070312,196.19000244140625,190.8300018310547,194.55999755859372,40683200,-0.0091007466834749,195.69560464380496,193.2091019051352,AMZN,Amazon,0.0014623170718550682,0.9984645843505859,7.31161271687597e-05
2024-07-16,193.0200042724609,193.0200042724609,196.6199951171875,192.2400054931641,195.58999633789065,33994700,0.0015566783408964,195.026704550969,193.1919112112557,AMZN,Amazon,9.022013358617187e-08,0.9999998807907104,1.6945719494287914e-08
2024-07-17,187.92999267578125,187.92999267578125,191.5800018310547,185.9900054931641,191.3500061035156,48076100,-0.0263703838152173,193.25252658217204,192.713554980758,AMZN,Amazon,0.9999496340751648,3.9049064071150497e-05,1.1237701983191073e-05
2024-07-18,183.75,183.75,189.67999267578125,181.4499969482422,189.58999633789065,51043600,-0.0222422861634045,190.876894936629,191.8986863461436,AMZN,Amazon,1.2166792373591306e-07,0.9999998807907104,2.0142453038829444e-08
2024-07-19,183.1300048828125,183.1300048828125,184.92999267578125,180.11000061035156,181.13999938964844,43081800,-0.0033741230867346,188.9401724231749,191.1015334858408,AMZN,Amazon,0.9998419284820557,5.882351615582593e-05,9.929053339874372e-05
2024-07-22,182.5500030517578,182.5500030517578,185.05999755859372,182.47999572753903,185.0,39931900,-0.0031671589340361,187.34263008032065,190.32412162819688,AMZN,Amazon,0.826979398727417,0.17290212213993073,0.00011849057773360983
2024-07-23,186.41000366210935,186.41000366210935,189.38999938964844,183.55999755859372,184.1000061035156,47537700,0.0211448948004517,187.1094734757678,189.9682927221889,AMZN,Amazon,0.22192391753196716,0.7671506404876709,0.010925385169684887
2024-07-24,180.8300018310547,180.8300018310547,185.4499969482422,180.41000366210935,183.1999969482422,41532400,-0.0299340256500886,185.53960556458952,189.13753900481305,AMZN,Amazon,0.9305815100669861,0.007117657922208309,0.06230086460709572
2024-07-25,179.85000610351562,179.85000610351562,183.8999938964844,176.8000030517578,182.91000366210935,44464200,-0.0054194310546689,184.11720569932103,188.29321783196784,AMZN,Amazon,0.6609284281730652,0.32710710167884827,0.011964481323957443
2024-07-26,182.5,182.5,183.19000244140625,180.2400054931641,180.38999938964844,29506000,0.0147344665362931,183.7129042744908,187.7665616654253,AMZN,Amazon,0.07313794642686844,0.750043511390686,0.17681854963302612
2024-07-29,183.1999969482422,183.1999969482422,184.75,182.3800048828125,183.83999633789065,33270100,0.0038355997163954,183.58467744292864,187.35141941840868,AMZN,Amazon,0.01765771210193634,0.6671821475028992,0.31516021490097046
2024-07-30,181.7100067138672,181.7100067138672,185.8600006103516,179.3800048828125,184.72000122070312,39508600,-0.0081331346025947,183.11600976066327,186.8385637179958,AMZN,Amazon,0.3999499976634979,0.40001097321510315,0.2000390589237213
2024-07-31,186.97999572753903,186.97999572753903,187.94000244140625,184.4600067138672,185.0500030517578,41667300,0.0290021948101644,184.08200625238223,186.8514211734088,AMZN,Amazon,0.6924988627433777,0.12794552743434906,0.17955563962459564
2024-08-01,184.07000732421875,184.07000732421875,190.6000061035156,181.8699951171875,189.2899932861328,70435600,-0.0155631001701415,184.07900652034132,186.598565368937,AMZN,Amazon,0.20000071823596954,0.005863596219569445,0.7941356897354126
2024-08-02,167.89999389648438,167.89999389648438,168.77000427246094,160.5500030517578,166.75,141448400,-0.0878470841762542,180.0342533643771,184.89869523507767,AMZN,Amazon,2.008400952036027e-05,0.4261743426322937,0.5738056302070618
2024-08-05,161.02000427246094,161.02000427246094,162.9600067138672,151.61000061035156,154.2100067138672,83149400,-0.0409767115790675,175.28069109139807,182.72790514756707,AMZN,Amazon,0.9582249522209167,0.04065706208348274,0.0011180620640516281
2024-08-06,161.92999267578125,161.92999267578125,165.0800018310547,158.5399932861328,161.7100067138672,59950800,0.0056513996967764,171.94301648749388,180.8371858319502,AMZN,Amazon,0.5024325847625732,1.7053185729309916e-05,0.4975503385066986
2024-08-07,162.77000427246094,162.77000427246094,167.5800018310547,161.42999267578125,166.5500030517578,48408200,0.0051874985158653,169.64976343373564,179.19471478108755,AMZN,Amazon,0.33829545974731445,0.634329617023468,0.027374932542443275
2024-08-08,165.8000030517578,165.8000030517578,166.69000244140625,162.5500030517578,165.1699981689453,44616200,0.0186152159474355,168.6873233382412,177.97701371478485,AMZN,Amazon,0.21828298270702362,0.0005855252384208143,0.7811314463615417
2024-08-09,166.94000244140625,166.94000244140625,168.5500030517578,165.85000610351562,166.39999389648438,36401000,0.0068757501125773,168.25049311403245,176.9736490535686,AMZN,Amazon,0.9994768500328064,0.0001403399946866557,0.000382809666916728
2024-08-12,166.8000030517578,166.8000030517578,168.5500030517578,166.11000061035156,168.13999938964844,30072800,-0.0008386209871871,167.8878705984638,176.0487721443131,AMZN,Amazon,0.0006945758359506726,0.9993002414703369,5.075106400909135e-06
2024-08-13,170.22999572753906,170.22999572753906,171.0399932861328,167.10000610351562,167.80999755859375,39237900,0.0205635048742591,168.4734018807326,175.5197924700609,AMZN,Amazon,0.33582666516304016,0.6521384716033936,0.012034890241920948
2024-08-14,170.10000610351562,170.10000610351562,172.27999877929688,168.86000061035156,172.11000061035156,28843800,-0.0007636117446156,168.88005293642837,175.02708461855678,AMZN,Amazon,0.9706562161445618,0.0010876198066398501,0.02825605869293213
2024-08-15,177.58999633789062,177.58999633789062,177.91000366210938,173.99000549316406,174.86000061035156,51698500,0.044032862819634,171.05753878679394,175.26007659304167,AMZN,Amazon,0.3546355962753296,0.645350992679596,1.3413014130492229e-05
2024-08-16,177.05999755859375,177.05999755859375,178.33999633789062,176.25999450683594,177.0399932861328,31489200,-0.0029843954627291,172.5581534797439,175.42370577172824,AMZN,Amazon,0.9383363723754883,0.0004876836610492319,0.06117596849799156
2024-08-19,178.22000122070312,178.22000122070312,178.3000030517578,176.16000366210938,177.63999938964844,31129800,0.0065514722585799,173.97361541498373,175.67791444890776,AMZN,Amazon,0.9997326731681824,1.4797636822549975e-06,0.0002658922749105841
2024-08-20,178.8800048828125,178.8800048828125,179.00999450683594,177.42999267578125,177.9199981689453,26255200,0.0037033085938096,175.20021278194093,175.9690135792627,AMZN,Amazon,0.9090876579284668,0.08990411460399628,0.0010081555228680372
2024-08-21,180.11000061035156,180.11000061035156,182.38999938964844,178.88999938964844,179.9199981689453,35599100,0.0068760939957759,176.42765973904358,176.34546694572532,AMZN,Amazon,0.16277724504470825,0.2751677334308624,0.5620549917221069
2024-08-22,176.1300048828125,176.1300048828125,181.47000122070312,175.67999267578125,181.3800048828125,32047500,-0.0220975832216521,176.35324602498582,176.32587948546052,AMZN,Amazon,0.6043795347213745,0.20784258842468262,0.18777784705162048
2024-08-23,177.0399932861328,177.0399932861328,178.97000122070312,175.24000549316406,177.33999633789062,29150100,0.0051665722937199,176.52493284027258,176.39079892188528,AMZN,Amazon,0.4835321009159088,0.5092888474464417,0.007179010193794966
2024-08-26,175.5,175.5,177.47000122070312,174.3000030517578,176.6999969482422,22366200,-0.0086985615936161,176.26869963020442,176.30981720171388,AMZN,Amazon,0.9901124835014343,0.00011811202421085909,0.009769398719072342
2024-08-27,173.1199951171875,173.1199951171875,174.88999938964844,172.25,174.14999389648438,29842000,-0.013561281383547,175.4815235019502,176.01983337584784,AMZN,Amazon,0.7995612025260925,0.2001352310180664,0.00030361805693246424
2024-08-28,170.8000030517578,170.8000030517578,173.69000244140625,168.9199981689453,173.69000244140625,29045000,-0.0134010636024987,174.3111433894021,175.5453033463851,AMZN,Amazon,0.717695415019989,0.28208595514297485,0.0002185838093282655
2024-08-29,172.1199951171875,172.1199951171875,174.2899932861328,170.80999755859375,173.22000122070312,26407800,0.0077282906431195,173.76335632134845,175.23391168918533,AMZN,Amazon,0.24993561208248138,0.5000441670417786,0.2500201463699341
2024-08-30,178.5,178.5,178.89999389648438,172.60000610351562,172.77999877929688,43429400,0.0370671918650049,174.94751724101133,175.5308288083503,AMZN,Amazon,0.03572581708431244,0.9620477557182312,0.002226542914286256
2024-09-03,176.25,176.25,178.25999450683594,175.25999450683594,177.5500030517578,37817500,-0.0126050420168066,175.27313793075848,175.59620800759117,AMZN,Amazon,5.916163559049892e-09,1.0,1.6467714969436997e-09
2024-09-04,173.3300018310547,173.3300018310547,175.97999572753906,172.5399932861328,174.47999572753906,30309200,-0.0165673654975621,174.78735390583253,175.39018926426968,AMZN,Amazon,0.8446376919746399,0.0012723651016131043,0.15408989787101746
2024-09-05,177.88999938964844,177.88999938964844,179.8800048828125,175.0,175.0,40170500,0.0263081838713554,175.5630152767865,175.6174447302132,AMZN,Amazon,6.894746911711991e-05,0.749933123588562,0.24999801814556122
2024-09-06,171.38999938964844,171.38999938964844,178.3800048828125,171.16000366210938,177.24000549316406,41466500,-0.0365394346073523,174.519761305002,175.2331315174346,AMZN,Amazon,0.564624547958374,0.0006108831730671227,0.4347645342350006
2024-09-09,175.39999389648438,175.39999389648438,175.85000610351562,173.50999450683594,174.52999877929688,29037400,0.0233968990087884,174.73981945287258,175.24830082462094,AMZN,Amazon,0.4766846299171448,0.07295239716768265,0.4503629803657532
2024-09-10,179.5500030517578,179.5500030517578,180.5,176.7899932861328,177.49000549316406,36233800,0.0236602582650182,175.9423653525939,175.63936466345157,AMZN,Amazon,0.19823119044303894,0.8017151951789856,5.3690535423811525e-05
2024-09-11,184.5200042724609,184.5200042724609,184.9900054931641,175.72999572753906,180.10000610351562,42564700,0.0276803182190448,178.08677508256065,176.44669553699788,AMZN,Amazon,0.9780783653259277,0.02184167690575123,7.989681034814566e-05
2024-09-12,187.0,187.0,187.41000366210935,183.5399932861328,184.8000030517578,33544200,0.0134402540110345,180.3150813119205,177.40608685181624,AMZN,Amazon,0.9992212057113647,0.00010167739674216136,0.0006770504405722022
2024-09-13,186.4900054931641,186.4900054931641,188.5,185.91000366210935,187.0,26495400,-0.0027272433520638,181.8588123572314,178.2318976373933,AMZN,Amazon,0.9999704360961914,7.747917152300943e-06,2.183201831940096e-05
2024-09-16,184.88999938964844,184.88999938964844,185.80999755859372,183.3600006103516,185.2899932861328,26065500,-0.0085795809769241,182.61660911533565,178.83717961487105,AMZN,Amazon,7.51168918213807e-05,0.9999223947525024,2.503361656636116e-06
2024-09-17,186.8800048828125,186.8800048828125,189.4499969482422,186.13999938964844,186.8500061035156,26091700,0.0107631862173909,183.68245805720483,179.56834554832028,AMZN,Amazon,0.6356147527694702,0.20088283717632294,0.16350243985652924
2024-09-18,186.42999267578125,186.42999267578125,188.8000030517578,185.05999755859372,186.4499969482422,34448100,-0.0024080275860086,184.36934171184896,180.19213165081672,AMZN,Amazon,0.5763906836509705,0.15033352375030518,0.27327582240104675
2024-09-19,189.8699951171875,189.8699951171875,190.9900054931641,188.47000122070312,190.0399932861328,39543200,0.0184519797058015,185.7445050631836,181.0719374204868,AMZN,Amazon,0.7957590222358704,0.2002643644809723,0.00397659745067358
2024-09-20,191.6000061035156,191.6000061035156,191.83999633789065,187.41000366210935,190.22999572753903,100378600,0.0091115554369733,187.2083803232666,182.0290345734894,AMZN,Amazon,0.008218313567340374,0.00012238690396770835,0.9916592836380005
2024-09-23,193.8800048828125,193.8800048828125,194.4499969482422,190.57000732421875,191.63999938964844,36993100,0.0118997844815571,188.87628646315304,183.1063955107006,AMZN,Amazon,0.6230412721633911,0.17702306807041168,0.19993576407432556
2024-09-24,193.9600067138672,193.9600067138672,195.3699951171875,190.1300048828125,194.2700042724609,43478900,0.0004126358007008,190.1472165258316,184.0930874382612,AMZN,Amazon,0.10567337274551392,0.8943040370941162,2.2549924324266613e-05
2024-09-25,192.52999877929688,192.52999877929688,193.9499969482422,192.16000366210935,193.75,26391100,-0.007372694808574,190.74291208919792,184.86007937835527,AMZN,Amazon,0.523028552532196,0.47681912779808044,0.00015227400581352413
2024-09-26,191.16000366210935,191.16000366210935,194.52999877929688,189.5399932861328,194.30999755859372,36334900,-0.007115748848874,190.84718498242577,185.4327997677875,AMZN,Amazon,0.7605199813842773,0.23945872485637665,2.1247111362754367e-05
2024-09-27,187.97000122070312,187.97000122070312,190.8999938964844,187.33999633789065,190.67999267578125,36002300,-0.0166876039981921,190.1278890419951,185.66345444532527,AMZN,Amazon,0.3997116982936859,0.6000009775161743,0.00028725870652124286
2024-09-30,186.3300018310547,186.3300018310547,188.4900054931641,184.6499938964844,187.13999938964844,41583900,-0.0087247932063523,189.17841723926,185.72404966220975,AMZN,Amazon,0.5000318884849548,0.4999663233757019,1.7577494872966781e-06
2024-10-01,185.1300048828125,185.1300048828125,186.19000244140625,183.4499969482422,184.8999938964844,36044900,-0.0064401703238871,188.1663141501481,185.67004559135543,AMZN,Amazon,0.41769418120384216,0.4010149836540222,0.18129082024097443
2024-10-02,184.75999450683597,184.75999450683597,186.6000061035156,184.0399932861328,184.44000244140625,23704100,-0.0019986515757441,187.3147342393201,185.58731367458097,AMZN,Amazon,0.9998877048492432,0.00010736357216956094,4.868564246862661e-06
2024-10-03,181.9600067138672,181.9600067138672,183.44000244140625,180.8800048828125,183.0500030517578,30204300,-0.0151547297911678,185.9760523579569,185.25755849633427,AMZN,Amazon,0.7823514342308044,0.18447205424308777,0.03317653387784958
2024-10-04,186.50999450683597,186.50999450683597,187.6000061035156,183.6000061035156,185.75,40890300,0.0250054277043616,186.10953789517663,185.3714163154708,AMZN,Amazon,0.5500733852386475,0.27274012565612793,0.17718644440174103
2024-10-07,180.8000030517578,180.8000030517578,183.6000061035156,180.25,182.9499969482422,42364200,-0.0306149355168676,184.78215418432197,184.95583329149687,AMZN,Amazon,0.6661205291748047,0.000901152438018471,0.33297833800315857
2024-10-08,182.72000122070312,182.72000122070312,183.08999633789065,180.9199981689453,181.9199981689453,26372100,0.0106194587197858,184.26661594341724,184.7525758305156,AMZN,Amazon,0.9986371397972107,0.0008671573013998568,0.0004957187338732183
2024-10-09,185.1699981689453,185.1699981689453,185.8500061035156,182.0500030517578,182.82000732421875,26343100,0.0134084770789975,184.49246149979925,184.7905233158274,AMZN,Amazon,0.79893958568573,0.20091474056243896,0.00014569907216355205
2024-10-10,186.6499938964844,186.6499938964844,188.1300048828125,185.8300018310547,187.1300048828125,27785000,0.0079926324035968,185.0318445989705,184.95956609588708,AMZN,Amazon,0.6130024790763855,0.38683900237083435,0.00015852632350288332
2024-10-11,188.82000732421875,188.82000732421875,189.92999267578125,186.3000030517578,186.6300048828125,25751600,0.0116261103600028,185.97888528028255,185.3105152984627,AMZN,Amazon,0.8664759397506714,0.0006712658214382827,0.1328527182340622
2024-10-14,187.5399932861328,187.5399932861328,189.8300018310547,187.3600006103516,189.77999877929688,22614400,-0.006779016992029,186.36916228174516,185.5131951155236,AMZN,Amazon,0.3771844506263733,1.0921617104031611e-05,0.622804582118988
2024-10-15,187.69000244140625,187.69000244140625,188.41000366210935,184.5800018310547,187.6300048828125,32178900,0.0007998782160802,186.6993723216604,185.71108669060385,AMZN,Amazon,0.018733732402324677,0.0005988496704958379,0.9806674718856812
2024-10-16,186.88999938964844,186.88999938964844,187.77999877929688,185.6100006103516,187.0500030517578,23456800,-0.0042623636920009,186.74702908865743,185.8182605723352,AMZN,Amazon,0.5017340183258057,0.49818405508995056,8.200620504794642e-05
2024-10-17,187.52999877929688,187.52999877929688,188.94000244140625,186.0,188.22000122070312,25039400,0.0034244710350397,186.9427715113173,185.9738731366044,AMZN,Amazon,0.6895871758460999,0.309688538312912,0.0007242168649099767
2024-10-18,188.9900054931641,188.9900054931641,190.7400054931641,186.27999877929688,187.1499938964844,37417700,0.0077854568515487,187.454580006779,186.24806698720076,AMZN,Amazon,0.7999392747879028,0.20005583763122559,4.953133611707017e-06
2024-10-21,189.07000732421875,189.07000732421875,189.4600067138672,186.3999938964844,188.0500030517578,24639400,0.0004233124965837,187.8584368361389,186.5046070178387,AMZN,Amazon,0.6647509336471558,0.3309415578842163,0.00430750148370862
2024-10-22,189.6999969482422,189.6999969482422,191.5200042724609,186.97999572753903,188.3500061035156,29650600,0.0033320442144115,188.31882686416475,186.79509701151176,AMZN,Amazon,0.601228654384613,0.19867578148841858,0.20009556412696838
2024-10-23,184.7100067138672,184.7100067138672,189.16000366210935,183.69000244140625,188.8500061035156,31937100,-0.0263046405622054,187.4166218265904,186.60554334808955,AMZN,Amazon,0.2916419208049774,0.3750382661819458,0.3333198130130768
2024-10-24,186.3800048828125,186.3800048828125,187.1100006103516,183.8600006103516,185.25,21647400,0.0090411894767146,187.1574675906459,186.58503985124617,AMZN,Amazon,1.27092539514706e-06,0.5000002384185791,0.4999985098838806
2024-10-25,187.8300018310547,187.8300018310547,190.4499969482422,187.52999877929688,187.8500061035156,29362100,0.0077797881224108,187.3256011507481,186.6982182130469,AMZN,Amazon,0.019590036943554878,0.9803850650787354,2.4896922695916146e-05
2024-10-28,188.38999938964844,188.38999938964844,190.2100067138672,188.2100067138672,189.57000732421875,27930800,0.0029814063415569,187.5917007104732,186.8520165018289,AMZN,Amazon,3.3175342473157343e-09,1.0,1.150716055775547e-08
2024-10-29,190.8300018310547,190.8300018310547,191.4600067138672,187.82000732421875,188.5800018310547,35690200,0.012951868195294,188.40127599061856,187.21365153175853,AMZN,Amazon,0.9301040768623352,0.048039402812719345,0.021856511011719704
2024-10-30,192.72999572753903,192.72999572753903,195.6100006103516,192.4199981689453,194.6999969482422,37707600,0.009956473710913,189.48345592484867,187.71513736773855,AMZN,Amazon,0.6647436022758484,0.0002179405273636803,0.33503851294517517
2024-10-31,186.3999938964844,186.3999938964844,190.6000061035156,185.22999572753903,190.50999450683597,75146800,-0.0328438850795356,188.7125904177576,187.59557887035183,AMZN,Amazon,4.3592088331934065e-05,0.40006309747695923,0.5998932719230652
2024-11-01,197.92999267578125,197.92999267578125,200.5,197.0200042724609,199.0,99687800,0.0618562186525604,191.01694098226352,188.53507103448172,AMZN,Amazon,4.4136380893178284e-05,0.9995911717414856,0.00036469788756221533
2024-11-04,195.77999877929688,195.77999877929688,197.3300018310547,194.30999755859372,196.4499969482422,38492100,-0.0108623956754556,192.20770543152184,189.19370082946492,AMZN,Amazon,0.3320464491844177,0.3962506949901581,0.2717028856277466
2024-11-05,199.5,199.5,199.82000732421875,195.9900054931641,196.0399932861328,30564800,0.0190009257528736,194.03077907364136,190.1306371176954,AMZN,Amazon,0.6708502173423767,6.269552977755666e-05,0.32908710837364197
2024-11-06,207.08999633789065,207.08999633789065,207.5500030517578,199.13999938964844,200.00999450683597,72292200,0.0380450944255168,197.2955833897037,191.67239704680404,AMZN,Amazon,0.9963819980621338,2.565824843259179e-06,0.0036153700202703476
2024-11-07,210.0500030517578,210.0500030517578,212.25,207.19000244140625,207.44000244140625,52878400,0.0142933351016993,200.48418830521723,193.34308850179983,AMZN,Amazon,0.7998542785644531,8.657623402541503e-05,0.20005913078784943
2024-11-08,208.17999267578125,208.17999267578125,209.9600067138672,207.44000244140625,209.72000122070312,36075800,-0.008902691496347,202.40813939785824,194.69189797216177,AMZN,Amazon,0.01963031478226185,0.9801861047744751,0.00018359761452302337
2024-11-11,206.83999633789065,206.83999633789065,209.6499938964844,205.58999633789065,208.5,35456000,-0.0064367200741405,203.51610363286636,195.7962705508644,AMZN,Amazon,0.9999850988388062,2.133243924618e-06,1.2765648534696084e-05
2024-11-12,208.91000366210935,208.91000366210935,209.5399932861328,206.00999450683597,208.3699951171875,38942900,0.0100077710349464,204.8645786401771,196.9884281064321,AMZN,Amazon,0.39975279569625854,0.6002320051193237,1.5205155250441749e-05
2024-11-13,214.1000061035156,214.1000061035156,215.08999633789065,209.13999938964844,209.3999938964844,46212900,0.0248432451793958,207.1734355060117,198.544026106167,AMZN,Amazon,0.7633736729621887,0.23657803237438202,4.822212940780446e-05
2024-11-14,211.47999572753903,211.47999572753903,215.8999938964844,210.8800048828125,214.16000366210935,42620300,-0.0122373204170288,208.25007556139357,199.72002334447356,AMZN,Amazon,0.32213521003723145,0.001647927681915462,0.6762168407440186
2024-11-15,202.6100006103516,202.6100006103516,207.33999633789065,199.6100006103516,206.75999450683597,86591100,-0.0419424782314408,206.84005682363303,199.9827485504624,AMZN,Amazon,0.7994845509529114,0.20007292926311493,0.0004425365477800369
2024-11-18,201.6999969482422,201.6999969482422,204.6699981689453,200.9499969482422,204.1499938964844,36409900,-0.004491405455644,205.55504185478532,200.1388620411697,AMZN,Amazon,0.9999788403511047,1.4336568710859865e-05,6.8928743530705106e-06
2024-11-19,204.6100006103516,204.6100006103516,205.3000030517578,198.77999877929688,199.3300018310547,31197900,0.0144273857518009,205.3187815436769,200.54532918382256,AMZN,Amazon,0.9928147792816162,9.922939352691174e-05,0.007085950579494238
2024-11-20,202.8800048828125,202.8800048828125,203.1300048828125,199.4499969482422,202.97999572753903,32769000,-0.0084550888147132,204.7090873784608,200.75757242918527,AMZN,Amazon,0.6882985830307007,0.3113473951816559,0.00035400991328060627
2024-11-21,198.3800048828125,198.3800048828125,203.4900054931641,195.75,203.4900054931641,58800000,-0.0221805988352538,203.1268167545487,200.54142992496955,AMZN,Amazon,0.5006377100944519,0.4993310868740082,3.1224917620420456e-05
2024-11-22,197.1199951171875,197.1199951171875,199.25999450683597,196.75,198.25,31530800,-0.0063514957889496,201.6251113452084,200.23039039698935,AMZN,Amazon,0.01460961252450943,0.6447177529335022,0.3406725823879242
2024-11-25,201.4499969482422,201.4499969482422,201.9499969482422,199.0,199.27999877929688,40685700,0.0219663247682231,201.58133274596685,200.34126371983052,AMZN,Amazon,0.5000187754631042,0.4999745488166809,6.640591891482472e-06
2024-11-26,207.8600006103516,207.8600006103516,208.0,201.7899932861328,201.8999938964844,41673700,0.0318193286632626,203.15099971206303,201.0247852553325,AMZN,Amazon,0.05735107883810997,0.7553869485855103,0.18726195394992828
2024-11-27,205.7400054931641,205.7400054931641,207.63999938964844,205.0500030517578,206.97999572753903,28061600,-0.0101991489991457,203.79825115733829,201.45344164058983,AMZN,Amazon,0.3054274022579193,0.6708487868309021,0.02372380532324314
2024-11-29,207.88999938964844,207.88999938964844,208.1999969482422,204.58999633789065,205.8300018310547,24892400,0.0104500526833892,204.82118821541584,202.03858325414063,AMZN,Amazon,0.4999803304672241,0.5000002980232239,1.940186120918952e-05
2024-12-02,210.7100067138672,210.7100067138672,212.9900054931641,209.50999450683597,209.9600067138672,39523200,0.0135649013059699,206.29339284002867,202.82689447775212,AMZN,Amazon,0.9200143814086914,0.06613685935735703,0.013848845846951008
2024-12-03,213.44000244140625,213.44000244140625,214.0200042724609,209.6499938964844,210.30999755859372,32214800,0.0129561750299131,208.08004524037307,203.791722474448,AMZN,Amazon,0.5000256896018982,3.188951950505725e-06,0.4999711513519287
2024-12-04,218.16000366210935,218.16000366210935,220.0,215.75,215.9600067138672,48745700,0.0221139484947245,210.6000348458072,205.09792985514449,AMZN,Amazon,0.07812253385782242,0.1237027645111084,0.7981746792793274
2024-12-05,220.5500030517578,220.5500030517578,222.1499938964844,217.3000030517578,218.02999877929688,41140200,0.0109552592112627,213.0875268972948,206.5026637821093,AMZN,Amazon,0.20259878039360046,0.41840681433677673,0.3789944052696228
2024-12-06,227.02999877929688,227.02999877929688,227.1499938964844,220.6000061035156,220.75,44178100,0.0293810729443444,216.57314486779532,208.36878514549,AMZN,Amazon,0.06386151909828186,0.6814656257629395,0.25467291474342346
2024-12-09,226.08999633789065,226.08999633789065,230.0800018310547,225.6699981689453,227.2100067138672,46819400,-0.0041404327465994,218.9523577353192,209.9798043447992,AMZN,Amazon,0.9944912195205688,0.005438941530883312,6.98463773005642e-05
2024-12-10,225.0399932861328,225.0399932861328,229.05999755859372,224.1999969482422,226.08999633789065,31199900,-0.0046441818247835,220.47426662302257,211.34891243037492,AMZN,Amazon,0.9993601441383362,0.0005872111651115119,5.2665483963210136e-05
2024-12-11,230.25999450683597,230.25999450683597,231.1999969482422,226.25999450683597,226.41000366210935,35385800,0.023195882405071,222.9206985939759,213.0681017100532,AMZN,Amazon,0.8155913949012756,0.000540660519618541,0.1838679313659668
2024-12-12,228.97000122070312,228.97000122070312,231.08999633789065,227.6300048828125,229.8300018310547,28204100,-0.0056023335225716,224.43302425065767,214.5137289382941,AMZN,Amazon,0.0040826695039868355,0.003940656781196594,0.9919766783714294
2024-12-13,227.4600067138672,227.4600067138672,230.1999969482422,225.8600006103516,228.3999938964844,28768100,-0.0065947263780657,225.1897698664601,215.69066328152803,AMZN,Amazon,0.0011449415469542146,0.9988297820091248,2.5233135602320544e-05
2024-12-16,232.92999267578125,232.92999267578125,233.0,228.00999450683597,230.22999572753903,37552100,0.0240481218695953,227.1248255687904,217.25787504464196,AMZN,Amazon,0.17946666479110718,0.0025204764679074287,0.8180128931999207
2024-12-17,231.1499938964844,231.1499938964844,232.72999572753903,227.8500061035156,232.38999938964844,35948100,-0.007641775792156,228.1311176507139,218.520794940264,AMZN,Amazon,0.13116143643856049,0.5003913640975952,0.36844727396965027
2024-12-18,220.5200042724609,220.5200042724609,231.3999938964844,220.1100006103516,230.7700042724609,43281400,-0.0459874103599754,226.22833930615064,218.70254124319095,AMZN,Amazon,0.9987748265266418,3.646960749392747e-06,0.001221418147906661
2024-12-19,223.2899932861328,223.2899932861328,226.08999633789065,222.9199981689453,224.91000366210935,39918700,0.0125611688735931,225.49375280114617,219.11958233800385,AMZN,Amazon,0.9995864033699036,5.828700523125008e-05,0.00035533029586076736
2024-12-20,224.9199981689453,224.9199981689453,226.2100067138672,218.72999572753903,219.83999633789065,88279200,0.0072999459529015,225.35031414309597,219.64689286808945,AMZN,Amazon,0.9019624590873718,0.002330993302166462,0.09570658206939697
2024-12-23,225.05999755859372,225.05999755859372,226.8800048828125,223.8999938964844,225.00999450683597,28070000,0.0006224408269079,225.2777349969704,220.13899329449893,AMZN,Amazon,0.99647456407547,0.0034687179140746593,5.6660348491277546e-05
2024-12-24,229.0500030517578,229.0500030517578,229.13999938964844,226.1300048828125,226.94000244140625,15007500,0.0177286303050157,226.22080201066728,220.94908509061335,AMZN,Amazon,0.9984458088874817,0.00029088908922858536,0.0012632663128897548
2024-12-26,227.0500030517578,227.0500030517578,228.5,226.6699981689453,228.5,16146700,-0.0087317178491722,226.4281022709399,221.503713996172,AMZN,Amazon,0.6108543276786804,0.3416983485221863,0.047447409480810165
2024-12-27,223.75,223.75,226.02999877929688,220.8999938964844,225.6000061035156,27367100,-0.0145342568042403,225.7585767032049,221.7079218147018,AMZN,Amazon,0.8976684808731079,3.507834117044695e-05,0.1022963747382164
2024-12-30,221.3000030517578,221.3000030517578,223.0,218.42999267578125,220.05999755859372,28321200,-0.0109497070312499,224.64393329034317,221.67083829079775,AMZN,Amazon,0.4042630195617676,0.3875879943370819,0.2081489861011505
