Date,Adj Close,Close,High,Low,Open,Volume,Daily_Return,EMA_7,EMA_21,Ticker,Company,negative,neutral,positive
2021-01-04,110.54833221435548,125.87000274658205,127.86000061035156,124.77999877929688,127.5,16819900,,110.54833221435548,110.54833221435548,JPM,JPMorgan Chase & Co.,0.9998775720596313,8.209498628275469e-05,4.031854768982157e-05
2021-01-05,111.1498565673828,125.6500015258789,126.3000030517578,123.7699966430664,124.98999786376952,13731200,0.0054412793117581,110.6987133026123,110.60301624644886,JPM,JPMorgan Chase & Co.,0.9998696446418762,1.959619839908555e-05,0.0001106089330278337
2021-01-06,116.3689956665039,131.5500030517578,132.77000427246094,127.87999725341795,129.8800048828125,24909100,0.0469558779498475,112.1162838935852,111.1271961937266,JPM,JPMorgan Chase & Co.,0.6666392683982849,0.3333340883255005,2.661835605977103e-05
2021-01-07,120.19044494628906,135.8699951171875,138.19000244140625,134.9199981689453,135.69000244140625,21940400,0.0328390672953546,114.13482415676116,111.951127898505,JPM,JPMorgan Chase & Co.,0.5938474535942078,0.4056525230407715,0.000500062364153564
2021-01-08,120.3231430053711,136.02000427246094,136.35000610351562,134.1199951171875,135.97000122070312,12035100,0.0011040649624129,115.68190386891364,112.71222018094736,JPM,JPMorgan Chase & Co.,0.9994715452194214,0.0003542184131219983,0.000174237196915783
2021-01-11,122.11888122558594,138.0500030517578,138.1999969482422,134.11000061035156,134.5800018310547,15937900,0.0149242961525255,117.29114820808172,113.5673711850054,JPM,JPMorgan Chase & Co.,0.9907792806625366,8.070199328358285e-06,0.009212530218064785
2021-01-12,124.03848266601562,140.22000122070312,141.66000366210938,138.8300018310547,139.44000244140625,18033500,0.0157191207548297,118.9779818225652,114.5192904105518,JPM,JPMorgan Chase & Co.,0.6666694283485413,0.0001993345213122666,0.33313119411468506
2021-01-13,124.1534652709961,140.35000610351562,140.7899932861328,138.10000610351562,138.58999633789062,14816800,0.0009269913861336,120.27185268467292,115.395124488774,JPM,JPMorgan Chase & Co.,0.0,1.0,0.0
2021-01-14,124.87882995605467,141.1699981689453,142.75,140.0,140.49000549316406,18565600,0.0058424844081097,121.42359700251836,116.25727953125404,JPM,JPMorgan Chase & Co.,0.9810787439346313,0.018899457529187202,2.181686977564823e-05
2021-01-15,122.64080810546876,138.63999938964844,141.64999389648438,137.00999450683594,137.42999267578125,27881000,-0.0179215472420225,121.72789977825596,116.8376003107281,JPM,JPMorgan Chase & Co.,0.19990019500255585,0.7996096611022949,0.0004900830681435764
2021-01-19,122.11004638671876,138.0399932861328,140.6999969482422,137.82000732421875,139.86000061035156,19843800,-0.0043277741475216,121.82343643037166,117.3169135903636,JPM,JPMorgan Chase & Co.,0.9999783039093018,5.588317890214967e-06,1.6105834220070392e-05
2021-01-20,120.2789077758789,135.97000122070312,138.1699981689453,135.44000244140625,137.82000732421875,16028800,-0.0149958063650281,121.43730426674848,117.5861857890468,JPM,JPMorgan Chase & Co.,0.0,1.0,0.0
2021-01-21,119.2704849243164,134.8300018310547,136.16000366210938,134.32000732421875,135.69000244140625,13411700,-0.0083840373196731,120.89559943114044,117.73930389225312,JPM,JPMorgan Chase & Co.,0.7939417958259583,0.00017671917157713324,0.20588147640228271
2021-01-22,118.35049438476562,133.7899932861328,134.39999389648438,132.1999969482422,132.69000244140625,12933200,-0.0077134803311529,120.25932316954676,117.79486666429972,JPM,JPMorgan Chase & Co.,0.9999860525131226,7.084226581355324e-06,6.777840098948218e-06
2021-01-25,116.8731918334961,132.1199951171875,133.1699981689453,130.05999755859375,132.13999938964844,14212800,-0.0124824366720996,119.41279033553408,117.71107804331756,JPM,JPMorgan Chase & Co.,0.666628897190094,0.3333578109741211,1.3208580639911816e-05
2021-01-26,116.3955307006836,131.5800018310547,133.1699981689453,131.33999633789062,132.75,11307800,-0.0040870034035949,118.65847542682148,117.59148283035084,JPM,JPMorgan Chase & Co.,0.7314392924308777,3.3750198781490326e-05,0.26852694153785706
2021-01-27,113.10480499267578,127.86000061035156,129.85000610351562,127.3499984741211,129.58999633789062,17603900,-0.028271924945899,117.27005781828504,117.18360302692582,JPM,JPMorgan Chase & Co.,0.9999029636383057,2.272801793878898e-05,7.434360304614529e-05
2021-01-28,115.09518432617188,130.11000061035156,132.1699981689453,128.99000549316406,129.89999389648438,13761800,0.0175976549681067,116.72633944525674,116.99374678140272,JPM,JPMorgan Chase & Co.,0.9999990463256836,1.9697324660228333e-07,7.378474720098893e-07
2021-01-29,113.82134246826172,128.6699981689453,131.72000122070312,128.19000244140625,131.19000244140625,14808100,-0.0110677250778814,116.000090201008,116.705346389299,JPM,JPMorgan Chase & Co.,0.9999942779541016,2.7452563244878547e-07,5.494651759363478e-06
2021-02-01,114.6617202758789,129.6199951171875,130.07000732421875,128.47999572753906,129.39999389648438,11080700,0.0073833060601224,115.66549771972572,116.51956219716988,JPM,JPMorgan Chase & Co.,0.13766644895076752,0.5382959842681885,0.3240375816822052
2021-02-02,118.19125366210938,133.61000061035156,134.38999938964844,131.22000122070312,131.94000244140625,12253600,0.0307821422680414,116.29693670532164,116.67153414852802,JPM,JPMorgan Chase & Co.,0.9996157288551331,0.00024941624724306166,0.00013486258103512228
2021-02-03,119.54467010498048,135.13999938964844,135.75999450683594,133.50999450683594,133.64999389648438,10600800,0.0114510710474422,117.10887005523634,116.93272832638732,JPM,JPMorgan Chase & Co.,0.9999748468399048,3.3712474305502838e-06,2.1802279661642388e-05
2021-02-04,122.29581451416016,138.25,138.66000366210938,135.47000122070312,135.47000122070312,12419500,0.0230135262974393,118.40560616996729,117.42028161618488,JPM,JPMorgan Chase & Co.,0.9979457855224609,2.684356877580285e-05,0.002027334878221154
2021-02-05,122.05695343017578,137.97999572753906,139.49000549316406,137.3800048828125,139.38999938964844,10051300,-0.0019531419364864,119.3184429850194,117.84179723563858,JPM,JPMorgan Chase & Co.,0.8311452865600586,0.0001441676140530035,0.1687105894088745
2021-02-08,123.96769714355467,140.13999938964844,140.3000030517578,138.17999267578125,138.1999969482422,10136400,0.0156545256921554,120.48075652465324,118.39869722726732,JPM,JPMorgan Chase & Co.,0.2728751003742218,0.7270176410675049,0.00010724313324317336
2021-02-09,123.47229766845705,139.5800018310547,139.97999572753906,138.5399932861328,139.42999267578125,8614800,-0.0039961980944437,121.2286418106042,118.85993363101184,JPM,JPMorgan Chase & Co.,0.9998053908348083,0.00015790860925335437,3.668723002192564e-05
2021-02-10,123.5430908203125,139.66000366210938,140.8699951171875,139.0399932861328,140.0,10323200,0.0005733525105815,121.80725406303128,119.28567519367552,JPM,JPMorgan Chase & Co.,0.9997243881225586,0.00022808976063970476,4.748368519358337e-05
2021-02-11,123.19808197021484,139.27000427246094,140.5500030517578,138.22000122070312,139.66000366210938,9201000,-0.0027926195451872,122.15496103982716,119.64134853699728,JPM,JPMorgan Chase & Co.,8.574721022114318e-08,0.9999997615814209,6.011910613779037e-08
2021-02-12,124.9495849609375,141.25,141.61000061035156,139.0,139.0500030517578,8324600,0.0142169663903217,122.85361702010474,120.1239154846282,JPM,JPMorgan Chase & Co.,0.5677721500396729,0.037377674132585526,0.39485013484954834
2021-02-16,127.9572296142578,144.64999389648438,145.32000732421875,142.39999389648438,143.5500030517578,12130600,0.0240708654955563,124.129520168643,120.83603495095818,JPM,JPMorgan Chase & Co.,0.599949836730957,0.20000450313091278,0.2000456601381302
2021-02-17,128.3552703857422,145.10000610351562,145.3800048828125,143.1199951171875,143.9499969482422,10810100,0.0031107329588513,125.1859577229178,121.5196018086658,JPM,JPMorgan Chase & Co.,0.9998593330383301,1.2066075214534067e-05,0.0001285891921725124
2021-02-18,128.78875732421875,145.58999633789062,145.7899932861328,143.39999389648438,144.0,10587800,0.0033772430004146,126.08665762324304,122.18043412826152,JPM,JPMorgan Chase & Co.,0.9995852112770081,0.0004119478107895702,2.8498457140813116e-06
2021-02-19,130.93832397460938,148.02000427246094,148.83999633789062,145.86000061035156,145.86000061035156,11969800,0.0166906389583307,127.29957421108465,122.97660593247495,JPM,JPMorgan Chase & Co.,0.7030355334281921,0.2006581574678421,0.09630627930164337
2021-02-22,132.16793823242188,149.41000366210938,150.19000244140625,146.7899932861328,146.8699951171875,11488400,0.0093907896518588,128.51666521641894,123.81218159610653,JPM,JPMorgan Chase & Co.,0.9998020529747009,4.553523467620835e-05,0.00015245303802657872
2021-02-23,133.22947692871094,150.61000061035156,152.30999755859375,149.58999633789062,151.50999450683594,16234400,0.0080317413624346,129.69486814449195,124.668299353616,JPM,JPMorgan Chase & Co.,0.8332818150520325,0.16669391095638275,2.4170667529688217e-05
2021-02-24,135.57363891601562,153.25999450683594,153.75999450683594,150.11000061035156,150.11000061035156,15061400,0.017594919993261,131.16456083737287,125.6596938592887,JPM,JPMorgan Chase & Co.,4.1575021896278486e-06,4.1747412069526035e-06,0.9999916553497314
2021-02-25,133.73367309570312,151.17999267578125,154.89999389648438,150.58999633789062,154.27000427246094,18127700,-0.0135717078557751,131.80683890195544,126.39369197169,JPM,JPMorgan Chase & Co.,3.2441307666886132e-06,0.9999967813491821,4.770968686784727e-08
2021-02-26,130.18641662597656,147.1699981689453,150.8699951171875,146.50999450683594,150.3000030517578,19829200,-0.0265247815872675,131.40173333296073,126.73848512207968,JPM,JPMorgan Chase & Co.,0.9998519420623779,4.5428905082189885e-07,0.00014751417620573193
2021-03-01,133.13214111328125,150.5,151.3800048828125,148.47999572753906,149.52000427246094,14845500,0.0226269726416059,131.83433527804087,127.31972657582529,JPM,JPMorgan Chase & Co.,0.9989179372787476,0.00021879417181480676,0.0008632383542135358
2021-03-02,132.69866943359375,150.00999450683594,151.77999877929688,149.83999633789062,150.0800018310547,14221700,-0.0032559506371843,132.0504188169291,127.80872138107696,JPM,JPMorgan Chase & Co.,0.7633670568466187,0.00019961335055995733,0.2364332675933838
2021-03-03,135.26402282714844,152.91000366210938,154.97999572753906,150.82000732421875,151.22999572753906,14324100,0.019332171185322,132.85381981948393,128.48647605799255,JPM,JPMorgan Chase & Co.,0.9999397993087769,5.499047347257147e-06,5.46384253539145e-05
2021-03-04,133.18521118164062,150.55999755859375,154.3800048828125,148.6199951171875,152.61000061035156,20093900,-0.0153685481331889,132.9366676600231,128.91363379650602,JPM,JPMorgan Chase & Co.,0.010828892700374126,0.9891695976257324,1.478234935348155e-06
2021-03-05,133.4948272705078,150.91000366210938,153.49000549316406,147.97000122070312,153.22000122070312,18465100,0.0023247032168227,133.07620756264427,129.33010593050616,JPM,JPMorgan Chase & Co.,0.611970067024231,0.010024192743003368,0.3780057430267334
2021-03-08,135.26402282714844,152.91000366210938,155.4600067138672,150.75,152.47000122070312,17133300,0.0132529146845188,133.6231613787703,129.86955292111,JPM,JPMorgan Chase & Co.,0.9997314214706421,0.00013965067046228796,0.00012897569104097784
2021-03-09,134.30865478515625,151.8300018310547,154.25,149.82000732421875,151.5,16238800,-0.0070629870532021,133.7945347303668,130.2731076360233,JPM,JPMorgan Chase & Co.,0.998238742351532,3.4803320886567235e-05,0.0017265634378418326
2021-03-10,137.2278289794922,155.1300048828125,156.16000366210938,151.50999450683594,151.91000366210938,14342200,0.0217348181992107,134.65285829264815,130.9053550308841,JPM,JPMorgan Chase & Co.,0.9999598264694214,2.0811186914215796e-05,1.936160151672084e-05
2021-03-11,136.51132202148438,154.32000732421875,156.14999389648438,153.36000061035156,154.11000061035156,11771500,-0.0052212948593313,135.1174742248572,131.41498839366594,JPM,JPMorgan Chase & Co.,0.9995431900024414,1.211199219142145e-06,0.0004556521016638726
2021-03-12,138.130126953125,156.14999389648438,157.6300048828125,155.07000732421875,156.86000061035156,12849500,0.0118583931916347,135.87063740692415,132.02545553543493,JPM,JPMorgan Chase & Co.,0.9999308586120605,4.653508585761301e-05,2.263063106511254e-05
2021-03-15,137.44007873535156,155.3699951171875,156.9199981689453,153.9600067138672,156.35000610351562,12101100,-0.0049956387718923,136.262997739031,132.51769400815462,JPM,JPMorgan Chase & Co.,0.9997024536132812,8.887032890925184e-06,0.0002885804569814354
2021-03-16,135.79476928710938,153.50999450683594,154.60000610351562,152.19000244140625,154.08999633789062,12805600,-0.0119711037957881,136.1459406260506,132.81560994260505,JPM,JPMorgan Chase & Co.,0.9978298544883728,0.00010020704939961433,0.0020699515007436275
2021-03-17,137.19239807128906,155.08999633789062,156.8800048828125,153.0500030517578,155.33999633789062,13952400,0.0102922136950995,136.4075549873602,133.21349977248542,JPM,JPMorgan Chase & Co.,0.9989148378372192,5.010882887290791e-05,0.001035109395161271
2021-03-18,139.45701599121094,157.64999389648438,161.69000244140625,157.11000061035156,157.60000610351562,21898500,0.0165068761225757,137.1699202383229,133.7810921560059,JPM,JPMorgan Chase & Co.,9.459186003368814e-06,0.9999905824661255,3.492653277703539e-08
2021-03-19,137.23667907714844,155.13999938964844,155.94000244140625,151.19000244140625,155.50999450683594,54418800,-0.015921299464793,137.1866099480293,134.09523642156432,JPM,JPMorgan Chase & Co.,1.0214138228548109e-06,7.513820037274854e-07,0.9999982118606567
2021-03-22,133.54788208007812,150.97000122070312,153.97000122070312,150.61000061035156,152.8000030517578,19944800,-0.0268790896273192,136.2769279810415,134.04547693597465,JPM,JPMorgan Chase & Co.,1.3328764758568923e-09,1.0,2.625607287143339e-09
2021-03-23,132.212158203125,149.4600067138672,152.1199951171875,148.9600067138672,150.3300018310547,17076300,-0.0100018349684661,135.26073553656238,133.87881159662467,JPM,JPMorgan Chase & Co.,0.9999979138374329,1.496958816460392e-06,5.371347810978477e-07
2021-03-24,133.23828125,150.6199951171875,153.17999267578125,149.86000061035156,150.0,13079800,0.0077611852103534,134.75512196492178,133.82058156511334,JPM,JPMorgan Chase & Co.,0.0,1.0,0.0
2021-03-25,134.94557189941406,152.5500030517578,152.97000122070312,149.3300018310547,150.0,15608300,0.0128138147189891,134.80273444854487,133.92285341368614,JPM,JPMorgan Chase & Co.,0.9977012872695923,0.002286479575559497,1.2278052963665687e-05
2021-03-26,137.19239807128906,155.08999633789062,155.4499969482422,152.5500030517578,154.3000030517578,16754400,0.0166498695751924,135.4001503542309,134.22008474619548,JPM,JPMorgan Chase & Co.,1.6109730722746463e-06,0.999997615814209,6.871020445942122e-07
2021-03-29,135.060546875,152.67999267578125,153.72999572753906,151.0399932861328,152.1199951171875,17570300,-0.015539135012286,135.3152494844232,134.29649039426863,JPM,JPMorgan Chase & Co.,2.695289731491357e-05,0.00010871801350731403,0.9998643398284912
2021-03-30,136.65281677246094,154.47999572753906,155.8699951171875,153.8800048828125,154.4600067138672,13184300,0.0117893043846075,135.6496413064326,134.5107018831952,JPM,JPMorgan Chase & Co.,0.9999426007270813,4.281561359675834e-06,5.315348244039342e-05
2021-03-31,134.66249084472656,152.22999572753906,154.49000549316406,152.1199951171875,153.27999877929688,16736700,-0.0145648364574031,135.4028536910061,134.52450087969805,JPM,JPMorgan Chase & Co.,0.6497355699539185,4.3993353756377473e-05,0.3502205014228821
2021-04-01,135.97169494628906,153.7100067138672,153.7899932861328,151.5500030517578,151.89999389648438,16561500,0.009722114104306,135.54506400482683,134.65606397666087,JPM,JPMorgan Chase & Co.,0.9994296431541443,0.00016577413771301508,0.00040465316851623356
2021-04-05,136.6924591064453,153.6199951171875,154.94000244140625,152.60000610351562,154.39999389648438,13508000,0.0053008397110954,135.83191278023145,134.84119080664126,JPM,JPMorgan Chase & Co.,0.6049622297286987,0.3945630192756653,0.0004747038765344769
2021-04-06,135.7314453125,152.5399932861328,154.27999877929688,151.86000061035156,152.7899932861328,13071600,-0.0070304814195855,135.80679591329857,134.9221230344466,JPM,JPMorgan Chase & Co.,0.9999366998672485,2.9778059342788765e-06,6.033069803379476e-05
2021-04-07,137.8581085205078,154.92999267578125,155.22999572753906,152.64999389648438,153.10000610351562,16903500,0.0156681688838684,136.31962406510087,135.1890308059067,JPM,JPMorgan Chase & Co.,0.5055044293403625,0.46313053369522095,0.031365036964416504
2021-04-08,138.02713012695312,155.1199951171875,155.50999450683594,152.30999755859375,154.0,12335500,0.0012260548781588,136.74650058056392,135.44703983509274,JPM,JPMorgan Chase & Co.,0.5070090889930725,0.49296921491622925,2.169785147998482e-05
2021-04-09,139.05935668945312,156.27999877929688,157.0399932861328,154.97000122070312,155.80999755859375,12122400,0.0074784324034744,137.32471460778623,135.77543227639822,JPM,JPMorgan Chase & Co.,0.9852213859558105,0.0006223924574442208,0.0141562195494771
2021-04-12,138.76568603515625,155.9499969482422,157.25,155.57000732421875,155.5800018310547,12273400,-0.0021118367097922,137.68495746462872,136.0472735271944,JPM,JPMorgan Chase & Co.,0.9999768733978271,1.932136910909321e-05,3.836389169009635e-06
2021-04-13,137.11068725585938,154.08999633789062,155.1999969482422,152.42999267578125,154.75,16113600,-0.0119265708013548,137.5413899124364,136.14394750252757,JPM,JPMorgan Chase & Co.,0.49991679191589355,4.956340490025468e-05,0.5000336170196533
2021-04-14,134.54800415039062,151.2100067138672,153.8300018310547,150.92999267578125,151.47000122070312,19939600,-0.0186906152741148,136.79304347192493,135.99886174324237,JPM,JPMorgan Chase & Co.,1.093596946333264e-08,1.0,9.222900665406542e-09
2021-04-15,135.4022216796875,152.1699981689453,152.1999969482422,149.32000732421875,151.25,17694100,0.0063487937609396,136.4453380238656,135.94462173746464,JPM,JPMorgan Chase & Co.,0.5983763337135315,0.4015660881996155,5.755181337008253e-05
2021-04-16,136.40774536132812,153.3000030517578,154.50999450683594,152.69000244140625,153.8699951171875,13773400,0.0074261978065568,136.43593985823122,135.9867238850886,JPM,JPMorgan Chase & Co.,0.4997812509536743,0.5000062584877014,0.00021249470592010766
2021-04-19,135.82931518554688,152.64999389648438,153.8800048828125,152.22000122070312,153.4199981689453,11900200,-0.0042404496478485,136.28428369006014,135.97241400331208,JPM,JPMorgan Chase & Co.,0.9997097253799438,0.00019015975703950971,0.00010014289000537246
2021-04-20,132.82176208496094,149.27000427246094,151.75,148.64999389648438,151.74000549316406,13716700,-0.0221421502160821,135.41865328878532,135.6859911016438,JPM,JPMorgan Chase & Co.,0.9999949336051941,2.497541800039471e-06,2.5721924430399667e-06
2021-04-21,133.95184326171875,150.5399932861328,150.61000061035156,146.7899932861328,147.7899932861328,12236700,0.0085082531583562,135.05195078201868,135.52834129801423,JPM,JPMorgan Chase & Co.,0.9620206952095032,0.006438501179218292,0.03154082968831062
2021-04-22,131.13111877441406,147.3699951171875,150.3000030517578,147.25999450683594,150.22999572753906,15256100,-0.0210577504468787,134.07174278011752,135.12859379586877,JPM,JPMorgan Chase & Co.,0.6605528593063354,0.31196659803390503,0.02748061716556549
2021-04-23,133.6404266357422,150.19000244140625,151.1300048828125,146.69000244140625,147.17999267578125,14041900,0.0191358686235638,133.96391374402367,134.9933058722209,JPM,JPMorgan Chase & Co.,0.7895908951759338,0.0058080414310097694,0.20460104942321777
2021-04-26,133.96963500976562,150.55999755859375,152.4600067138672,150.3800048828125,150.77999877929688,10799100,0.0024633891279077,133.96534406045916,134.90024488472497,JPM,JPMorgan Chase & Co.,0.9999653100967407,2.3396811229758896e-05,1.1336618626955897e-05
2021-04-27,134.58360290527344,151.25,151.57000732421875,150.11000061035156,150.5,12821200,0.0045828884691896,134.11990877166272,134.87145925022938,JPM,JPMorgan Chase & Co.,0.9998461604118347,5.5209929996635765e-05,9.864276216831058e-05
2021-04-28,135.4556121826172,152.22999572753906,152.88999938964844,151.39999389648438,152.42999267578125,8943700,0.0064793129216307,134.45383462440134,134.92456406226464,JPM,JPMorgan Chase & Co.,0.49938082695007324,0.5006035566329956,1.561007411510218e-05
2021-04-29,138.08944702148438,155.19000244140625,155.27999877929688,153.1999969482422,153.5399932861328,12976900,0.0194442651465509,135.3627377236721,135.21228069492096,JPM,JPMorgan Chase & Co.,0.28577807545661926,0.7139544486999512,0.0002674409479368478
2021-04-30,136.86151123046875,153.80999755859375,154.49000549316406,153.00999450683594,154.10000610351562,11705100,-0.0088923217342203,135.73743110037125,135.36221074360714,JPM,JPMorgan Chase & Co.,0.9998834133148193,6.914238383615157e-06,0.00010964627290377393
2021-05-03,136.46107482910156,153.36000061035156,155.47999572753906,153.1300048828125,154.85000610351562,11801100,-0.0029258510867447,135.91834203255382,135.4621074786521,JPM,JPMorgan Chase & Co.,0.9996944665908813,2.4977548491733614e-06,0.00030297980993054807
2021-05-04,138.3474884033203,155.47999572753906,155.63999938964844,152.13999938964844,152.8699951171875,12977700,0.0138238217497643,136.52562862524545,135.72441483544011,JPM,JPMorgan Chase & Co.,0.599791407585144,0.3999997675418854,0.0002087878092424944
2021-05-05,140.16270446777344,157.52000427246094,158.27999877929688,154.6300048828125,156.0,10506700,0.0131207012530742,137.43489758587745,136.12789571110676,JPM,JPMorgan Chase & Co.,0.40000027418136597,0.5999980568885803,1.6237643194472184e-06
2021-05-06,142.9833984375,160.69000244140625,160.82000732421875,157.16000366210938,158.07000732421875,13542400,0.0201244259693569,138.82202279878308,136.75112323168796,JPM,JPMorgan Chase & Co.,0.5976806879043579,0.0001746548223309219,0.4021446704864502
2021-05-07,143.47279357910156,161.24000549316406,161.5,157.02000427246094,157.22000122070312,14257800,0.0034227410101423,139.9847154938627,137.3621841723619,JPM,JPMorgan Chase & Co.,0.9998726844787598,5.8273399190511554e-05,6.90727392793633e-05
2021-05-10,143.45497131347656,161.22000122070312,163.72999572753906,161.1199951171875,161.5,14014300,-0.0001242205241872,140.85227944876615,137.91607391246325,JPM,JPMorgan Chase & Co.,0.03188955783843994,0.002559847664088011,0.9655506014823914
2021-05-11,141.07029724121094,158.5399932861328,162.38999938964844,158.0399932861328,161.0800018310547,15451700,-0.0166231539446245,140.90678389687736,138.20282148780396,JPM,JPMorgan Chase & Co.,0.5001939535140991,0.49977266788482666,3.343671778566204e-05
2021-05-12,140.10044860839844,157.4499969482422,160.77999877929688,157.02999877929688,159.61000061035156,14381700,-0.0068749315183918,140.7052000747576,138.37533304422163,JPM,JPMorgan Chase & Co.,0.0002209698868682608,0.999747633934021,3.142933201161213e-05
2021-05-13,143.7041473388672,161.5,162.4499969482422,157.67999267578125,158.17999267578125,15395000,0.0257222497591111,141.454936890785,138.85977070737124,JPM,JPMorgan Chase & Co.,1.3121196388965473e-05,0.9999865293502808,4.1133867512144207e-07
2021-05-14,145.93756103515625,164.00999450683594,164.4499969482422,161.99000549316406,162.38999938964844,10584000,0.0155417483604176,142.57559292687782,139.50320619171532,JPM,JPMorgan Chase & Co.,0.4997812807559967,0.5000063180923462,0.00021236372413113713
2021-05-17,146.52484130859375,164.6699981689453,164.85000610351562,163.02999877929688,163.3699951171875,9886800,0.0040241886274638,143.5629050223068,140.14153665688607,JPM,JPMorgan Chase & Co.,0.9985427260398865,6.88979125698097e-05,0.0013884092913940549
2021-05-18,144.4604949951172,162.35000610351562,165.5,162.24000549316406,164.67999267578125,11098100,-0.0140887121599324,143.7873025155094,140.5341692330889,JPM,JPMorgan Chase & Co.,0.8001135587692261,0.19986476004123688,2.167083766835276e-05
2021-05-19,143.3571319580078,161.11000061035156,161.17999267578125,158.63999938964844,161.0,13278900,-0.0076378184717328,143.679759876134,140.79080220808152,JPM,JPMorgan Chase & Co.,0.9999893307685852,1.2675723155552987e-06,9.500575288257096e-06
2021-05-20,143.10800170898438,160.8300018310547,161.86000061035156,159.52000427246094,160.8300018310547,10426000,-0.0017378294725958,143.5368203343466,141.0014567081636,JPM,JPMorgan Chase & Co.,0.9998981356620789,9.35909483814612e-05,8.258316483988892e-06
2021-05-21,144.736328125,162.66000366210938,163.22000122070312,160.94000244140625,161.33999633789062,10249000,0.0113783044733368,143.83669728200994,141.34099047333052,JPM,JPMorgan Chase & Co.,0.9999608993530273,2.4253010906249983e-06,3.670468504424207e-05
2021-05-24,145.51931762695312,163.5399932861328,164.22999572753906,162.1199951171875,163.36000061035156,9440300,0.0054097648606705,144.25735236824573,141.7208383963871,JPM,JPMorgan Chase & Co.,0.9981366991996765,0.0017655761912465096,9.771477925824001e-05
2021-05-25,144.01559448242188,161.85000610351562,165.6999969482422,161.55999755859375,163.85000610351562,12609100,-0.0103334950235688,144.19691289678977,141.92945258602663,JPM,JPMorgan Chase & Co.,0.9942248463630676,0.005702707916498184,7.250021735671908e-05
2021-05-26,143.997802734375,161.8300018310547,163.74000549316406,161.30999755859375,163.57000732421875,13058300,-0.0001235404270684,144.14713535618608,142.11748441769464,JPM,JPMorgan Chase & Co.,0.9989550709724426,1.6593936607023352e-06,0.0010432492708787322
2021-05-27,146.24005126953125,164.35000610351562,164.75,162.57000732421875,163.9499969482422,15707500,0.0155714079838593,144.6703643345224,142.49226322240705,JPM,JPMorgan Chase & Co.,0.9994331002235413,1.0819320777955e-05,0.0005560359568335116
2021-05-28,146.1422576904297,164.24000549316406,164.94000244140625,163.25999450683594,164.67999267578125,10291300,-0.0006687195351245,145.0383376734992,142.82408090131818,JPM,JPMorgan Chase & Co.,0.8065853118896484,1.4030869351699948e-05,0.19340065121650696
2021-06-01,147.75279235839844,166.0500030517578,166.91000366210938,165.47999572753906,165.8699951171875,9445400,0.0110203215238422,145.716951344724,143.27214557923458,JPM,JPMorgan Chase & Co.,0.9932429194450378,0.005983068607747555,0.0007740550208836794
2021-06-02,147.76165771484375,166.05999755859375,167.44000244140625,165.52999877929688,167.25999450683594,10498600,6.000127851257808e-05,146.22812793725393,143.68028304610814,JPM,JPMorgan Chase & Co.,0.6665671467781067,0.33336254954338074,7.029328116914257e-05
2021-06-03,147.85958862304688,166.1699981689453,167.25,164.66000366210938,165.41000366210938,13354400,0.0006627626524879,146.63599310870217,144.06021991673893,JPM,JPMorgan Chase & Co.,0.9997251033782959,0.0001827229862101376,9.218482591677457e-05
2021-06-04,148.09979248046875,166.44000244140625,166.6699981689453,165.02999877929688,166.2100067138672,8510800,0.0016245402794556,147.0019429516438,144.4274537861689,JPM,JPMorgan Chase & Co.,0.9884511828422546,3.0982231692178175e-05,0.011517730541527271
2021-06-07,147.40574645996094,165.66000366210938,167.10000610351562,165.13999938964844,167.0,7267200,-0.0046863402634365,147.1028938287231,144.69820766560454,JPM,JPMorgan Chase & Co.,0.9999486804008484,1.9429411622695625e-05,3.183010994689539e-05
2021-06-08,146.8184814453125,165.0,165.75999450683594,163.16000366210938,164.49000549316406,10370700,-0.0039840035327791,147.03179073287043,144.89095982739616,JPM,JPMorgan Chase & Co.,0.00011342725338181481,1.2509794032666832e-05,0.9998739957809448
2021-06-09,144.98544311523438,162.94000244140625,164.22000122070312,162.27999877929688,164.13999938964844,12377400,-0.0124850653135307,146.52020382846143,144.89954921719962,JPM,JPMorgan Chase & Co.,0.6665758490562439,0.33340129256248474,2.2851423636893742e-05
2021-06-10,142.725341796875,160.39999389648438,165.24000549316406,160.30999755859375,164.36000061035156,12119400,-0.0155884706064114,145.5714883205648,144.70189399717012,JPM,JPMorgan Chase & Co.,0.8009456396102905,6.405645399354398e-05,0.19899031519889832
2021-06-11,142.6274871826172,160.2899932861328,161.1999969482422,159.05999755859375,160.42999267578125,13683800,-0.0006856148531567,144.8354880360779,144.5133115594835,JPM,JPMorgan Chase & Co.,0.4972231984138489,0.3779711425304413,0.12480566650629044
2021-06-14,140.2072296142578,157.57000732421875,160.3300018310547,156.66000366210938,160.14999389648438,19917900,-0.0169690823008087,143.67842343062287,144.12184956446296,JPM,JPMorgan Chase & Co.,1.119912894864683e-06,2.885952653741697e-06,0.9999960064888
2021-06-15,138.08056640625,155.17999267578125,156.9199981689453,154.1300048828125,156.6999969482422,24485500,-0.0151679996378129,142.27895917452966,143.5726420046254,JPM,JPMorgan Chase & Co.,0.7973501086235046,3.648576239356771e-05,0.20261338353157043
2021-06-16,139.05044555664062,156.27000427246094,157.6199951171875,153.11000061035156,154.72999572753906,25321200,0.0070240090668307,141.4718307700574,143.1615332366268,JPM,JPMorgan Chase & Co.,0.7063526511192322,0.2929351031780243,0.0007122458191588521
2021-06-17,135.03741455078125,151.75999450683594,157.4600067138672,151.25,157.10000610351562,29722400,-0.0288602527650636,139.86322671523837,142.422976992459,JPM,JPMorgan Chase & Co.,0.9993090629577637,4.217335117573384e-06,0.0006867125630378723
2021-06-18,131.62057495117188,147.9199981689453,149.6999969482422,147.55999755859375,149.3000030517578,43595700,-0.0253029103895088,137.80256377422174,141.4409404432511,JPM,JPMorgan Chase & Co.,0.9999967813491821,2.58073981740381e-07,2.9759498829662334e-06
2021-06-21,133.85397338867188,150.42999267578125,151.1999969482422,149.02000427246094,149.0800018310547,18664800,0.0169684598196637,136.8154161778343,140.75121616556208,JPM,JPMorgan Chase & Co.,0.8679605722427368,0.0008118395926430821,0.13122762739658356
2021-06-22,133.65821838378906,150.2100067138672,150.97000122070312,148.66000366210938,150.60000610351562,14251200,-0.0014624519536255,136.02611672932295,140.1063981854009,JPM,JPMorgan Chase & Co.,0.9991379976272583,0.00030821419204585254,0.0005537554388865829
2021-06-23,134.46791076660156,151.1199951171875,152.0399932861328,150.08999633789062,150.1999969482422,12733300,0.0060579318847984,135.63656523864262,139.5938084200555,JPM,JPMorgan Chase & Co.,0.9999078512191772,8.234279812313616e-05,9.852954462985508e-06
2021-06-24,135.70474243164062,152.50999450683594,153.1199951171875,151.22000122070312,151.9199981689453,13733200,0.0091979689279613,135.65360953689213,139.24025696656324,JPM,JPMorgan Chase & Co.,0.22029273211956024,0.7711533308029175,0.008553902618587017
2021-06-25,137.07505798339844,154.0500030517578,154.5,151.6699981689453,152.58999633789062,15484900,0.0100977720247918,136.0089716485187,139.04342069536645,JPM,JPMorgan Chase & Co.,0.9971857666969299,6.819864211138338e-07,0.002813479397445917
2021-06-28,137.32420349121094,154.3300018310547,154.47999572753906,152.1199951171875,153.6999969482422,14125800,0.001817584551689,136.33777960919176,138.8871282222614,JPM,JPMorgan Chase & Co.,0.9999564290046692,4.4916623664903454e-07,4.3158564949408174e-05
2021-06-29,137.15513610839844,154.13999938964844,156.30999755859375,153.61000061035156,155.0,14528700,-0.0012311550223068,136.54211873399342,138.7296743937284,JPM,JPMorgan Chase & Co.,0.6002318263053894,1.3751744518231135e-05,0.39975446462631226
2021-06-30,138.4008331298828,155.5399932861328,156.0800018310547,153.7100067138672,153.75,12531000,0.0090823942641116,137.00679733296576,138.69977973337882,JPM,JPMorgan Chase & Co.,0.9778537154197693,0.01772807352244854,0.004418269731104374
2021-07-01,139.77117919921875,157.0800018310547,157.13999938964844,155.4199981689453,156.25999450683594,10479400,0.0099012848286104,137.697892799529,138.7971796848188,JPM,JPMorgan Chase & Co.,1.3133595757608418e-06,0.9999986886978149,4.080824922425563e-08
2021-07-02,139.63694763183594,156.02999877929688,156.32000732421875,155.1199951171875,155.9499969482422,11424000,-0.0009603665659247,138.18265650760574,138.87352222545672,JPM,JPMorgan Chase & Co.,1.3133595757608418e-06,0.9999986886978149,4.080824922425563e-08
2021-07-06,137.29222106933594,153.41000366210938,155.77999877929688,152.35000610351562,155.77999877929688,15083400,-0.0167915913536155,137.96004764803828,138.72976757490028,JPM,JPMorgan Chase & Co.,0.973701000213623,0.02264922857284546,0.00364975119009614
2021-07-07,137.45327758789062,153.58999633789062,154.27999877929688,151.5500030517578,152.00999450683594,12271800,0.0011730928183713,137.83335513300136,138.61372303062666,JPM,JPMorgan Chase & Co.,0.5984803438186646,0.2059665471315384,0.19555313885211945
2021-07-08,135.0817413330078,150.94000244140625,152.52999877929688,150.0399932861328,151.61000061035156,17834600,-0.0172533990931311,137.145451683003,138.29263378538857,JPM,JPMorgan Chase & Co.,0.4999384582042694,0.5000340342521667,2.7453290385892615e-05
2021-07-09,139.40428161621094,155.77000427246094,156.14999389648438,152.5800018310547,153.0500030517578,13694500,0.0319994415273865,137.71015916630498,138.3936926790997,JPM,JPMorgan Chase & Co.,0.9993367195129395,0.0005580234574154019,0.00010526842379476875
2021-07-12,141.3999786376953,158.0,159.16000366210938,153.94000244140625,154.35000610351562,19940400,0.0143158947368535,138.63261403415257,138.6669914026084,JPM,JPMorgan Chase & Co.,0.7838375568389893,6.495980414911173e-06,0.2161560356616974
2021-07-13,139.29684448242188,155.64999389648438,157.38999938964844,153.5,156.0500030517578,22671700,-0.0148736525672484,138.7986716462199,138.72425077350053,JPM,JPMorgan Chase & Co.,0.00043753121281042695,0.8647980690002441,0.1347644031047821
2021-07-14,138.82252502441406,155.1199951171875,157.27999877929688,152.9499969482422,155.9499969482422,14622800,-0.0034050983693867,138.80463499076845,138.73318479631084,JPM,JPMorgan Chase & Co.,0.17438308894634247,0.4940459132194519,0.33157092332839966
2021-07-15,139.1268310546875,155.4600067138672,156.52999877929688,153.6999969482422,153.89999389648438,11539300,0.0021920508233077,138.8851840067482,138.76897081979962,JPM,JPMorgan Chase & Co.,0.49978122115135193,0.500006377696991,0.0002123640733771026
2021-07-16,135.94979858398438,151.91000366210938,156.27999877929688,151.02000427246094,155.9600067138672,14002700,-0.0228355123639257,138.15133765105725,138.51268243472552,JPM,JPMorgan Chase & Co.,0.6647757887840271,0.0015913612442091107,0.33363285660743713
2021-07-19,131.52882385253906,146.97000122070312,149.82000732421875,145.7100067138672,148.5500030517578,22172900,-0.0325191708814059,136.4957092014277,137.8777861999813,JPM,JPMorgan Chase & Co.,0.799992561340332,0.20000147819519043,5.896064067201223e-06
2021-07-20,133.98092651367188,149.7100067138672,151.1199951171875,146.3300018310547,146.52000427246094,15385200,0.0186430820964531,135.86701352948876,137.5235262284986,JPM,JPMorgan Chase & Co.,0.4999968409538269,0.5000004768371582,2.682064859982347e-06
2021-07-21,136.8000030517578,152.86000061035156,153.64999389648438,151.36000061035156,152.0500030517578,12356700,0.02104087955981,136.10026091005602,137.45775139424944,JPM,JPMorgan Chase & Co.,0.999843418598175,0.00010330461373087019,5.328807310434058e-05
2021-07-22,135.07275390625,150.92999267578125,153.44000244140625,149.97000122070312,152.8800048828125,9913300,-0.0126260899632751,135.84338415910452,137.24093344079495,JPM,JPMorgan Chase & Co.,0.9999793767929077,7.0405985752586275e-06,1.3533118362829555e-05
2021-07-23,134.81326293945312,150.63999938964844,152.83999633789062,150.25,151.47999572753906,9666100,-0.001921119983805,135.58585385419167,137.02023612249113,JPM,JPMorgan Chase & Co.,0.7694929242134094,0.14529860019683838,0.08520843088626862
2021-07-26,135.7170867919922,151.64999389648438,151.9600067138672,150.1699981689453,150.19000244140625,8208000,0.0067042650910762,135.6186620886418,136.90176800153668,JPM,JPMorgan Chase & Co.,0.998778760433197,0.00020273053087294102,0.0010185259161517024
2021-07-27,135.53811645507812,151.4499969482422,152.49000549316406,149.8000030517578,150.39999389648438,11218700,-0.0013187015809466,135.59852568025087,136.77779967913136,JPM,JPMorgan Chase & Co.,0.9999735355377197,2.44599850702798e-05,1.9645401607704116e-06
2021-07-28,135.76185607910156,151.6999969482422,152.77000427246094,150.8800048828125,152.2899932861328,9217300,0.0016507505775882,135.63935827996357,136.68544117003773,JPM,JPMorgan Chase & Co.,0.9999986886978149,3.984187060268596e-07,9.367362281409441e-07
2021-07-29,136.92527770996094,153.0,153.8699951171875,151.91000366210938,153.13999938964844,9063500,0.0085695766429527,135.9608381374629,136.7072444918489,JPM,JPMorgan Chase & Co.,0.7999866008758545,0.20000171661376953,1.1657830327749252e-05
2021-07-30,135.8334503173828,151.77999877929688,153.6699981689453,151.1999969482422,152.5800018310547,9805200,-0.0079738921172091,135.92899118244287,136.62780865780655,JPM,JPMorgan Chase & Co.,0.40164417028427124,0.20269985496997833,0.3956560492515564
2021-08-02,135.28756713867188,151.1699981689453,154.4499969482422,151.07000732421875,152.02999877929688,10203200,-0.0040187684067175,135.76863517150014,136.5059685197034,JPM,JPMorgan Chase & Co.,0.630173921585083,0.00016453892749268562,0.3696615695953369
2021-08-03,136.8268280029297,152.88999938964844,153.32000732421875,149.52000427246094,151.9499969482422,10394800,0.0113776963900906,136.03318337935752,136.53513756363307,JPM,JPMorgan Chase & Co.,0.9996390342712402,1.2000753486063331e-05,0.0003489735536277294
2021-08-04,135.35023498535156,151.24000549316406,153.3699951171875,150.91000366210938,151.25,10155000,-0.0107916922370407,135.86244628085603,136.42741914742567,JPM,JPMorgan Chase & Co.,0.4969460070133209,0.49914583563804626,0.003908188082277775
2021-08-05,137.05953979492188,153.14999389648438,153.69000244140625,152.00999450683594,152.27999877929688,9151500,0.0126287539120659,136.1617196593725,136.4848846608344,JPM,JPMorgan Chase & Co.,0.9999783635139465,4.195810106466524e-06,1.7368165572406724e-05
2021-08-06,140.95248413085938,157.5,157.82000732421875,155.11000061035156,155.19000244140625,13328800,0.0284033080934198,137.35941077724422,136.89103006720032,JPM,JPMorgan Chase & Co.,1.9135171896778047e-05,0.9999806880950928,1.0503443803600021e-07
2021-08-09,140.8003692626953,157.3300018310547,158.5500030517578,155.89999389648438,157.52000427246094,9516900,-0.001079192531455,138.219650398607,137.24642453951805,JPM,JPMorgan Chase & Co.,0.0,1.0,0.0
2021-08-10,142.527587890625,159.25999450683594,159.97999572753906,156.30999755859375,156.74000549316406,8667000,0.0122671455833127,139.2966347716115,137.72653029870958,JPM,JPMorgan Chase & Co.,5.340216446825252e-08,0.9999998807907104,3.549899929566891e-09
2021-08-11,144.2279815673828,161.16000366210938,161.5,159.0800018310547,160.0,9156500,0.0119302775127485,140.52947147055434,138.31757132313442,JPM,JPMorgan Chase & Co.,0.9965685606002808,0.003422340378165245,9.067543942364864e-06
2021-08-12,144.79177856445312,161.7899932861328,162.3699951171875,160.5500030517578,161.8800048828125,8844200,0.0039090680667046,141.59504824402904,138.90613561779975,JPM,JPMorgan Chase & Co.,0.9999954700469971,1.2612784416887735e-07,4.418835032993229e-06
2021-08-13,143.1719512939453,159.97999572753906,162.16000366210938,159.57000732421875,161.7899932861328,8980900,-0.0111872876109934,141.9892740065081,139.29393704290388,JPM,JPMorgan Chase & Co.,0.99285888671875,0.003292434848845005,0.0038486879784613848
2021-08-16,142.2322540283203,158.92999267578125,159.02999877929688,156.77999877929688,158.94000244140625,8755800,-0.006563417325337,142.05001901196115,139.56105676885082,JPM,JPMorgan Chase & Co.,0.5973401665687561,0.4010900557041168,0.0015698058996349573
2021-08-17,140.5139617919922,157.00999450683594,158.86000061035156,155.27000427246094,157.57000732421875,9347200,-0.0120808901473641,141.66600470696892,139.6476844982273,JPM,JPMorgan Chase & Co.,0.9978705644607544,0.0018618626054376364,0.00026756341685540974
2021-08-18,139.23422241210938,155.5800018310547,158.00999450683594,155.33999633789062,156.30999755859375,8065500,-0.0091075602990773,141.05805913325403,139.61009703585296,JPM,JPMorgan Chase & Co.,0.9958546757698059,0.0013582592364400625,0.0027871616184711456
2021-08-19,138.07080078125,154.27999877929688,155.55999755859375,153.00999450683594,153.16000366210938,9517700,-0.0083558597211528,140.31124454525303,139.47016101270722,JPM,JPMorgan Chase & Co.,0.6650779247283936,0.3346666991710663,0.0002554170205257833
2021-08-20,138.46456909179688,154.72000122070312,154.89999389648438,153.16000366210938,154.35000610351562,6974100,0.0028519303742631,139.849575681889,139.37874356535173,JPM,JPMorgan Chase & Co.,0.6661151051521301,0.3334996700286865,0.0003852548252325505
2021-08-23,140.23655700683594,156.6999969482422,157.08999633789062,155.24000549316406,155.3300018310547,7934600,0.0127974103892549,139.94632101312573,139.45672660548664,JPM,JPMorgan Chase & Co.,0.999944806098938,2.0519086319836788e-05,3.464853944024071e-05
2021-08-24,141.10464477539062,157.6699981689453,158.5500030517578,156.8699951171875,157.0,7670900,0.0061901674362438,140.23590195369195,139.60653734820517,JPM,JPMorgan Chase & Co.,0.5011603832244873,0.4988279640674591,1.1688010090438183e-05
2021-08-25,144.01316833496094,160.9199981689453,161.77999877929688,157.8000030517578,158.50999450683594,11335000,0.0206125288377294,141.1802185490092,140.00714016518296,JPM,JPMorgan Chase & Co.,0.7982903718948364,0.000525252369698137,0.20118442177772522
2021-08-26,144.7559814453125,161.75,163.8300018310547,161.14999389648438,162.25999450683594,11027500,0.0051579526993243,142.07415927308503,140.4388530088311,JPM,JPMorgan Chase & Co.,0.0,1.0,0.0
2021-08-27,145.9193878173828,163.0500030517578,163.16000366210938,161.25999450683594,161.75,8780200,0.0080370176102866,143.03546640915948,140.93708344597218,JPM,JPMorgan Chase & Co.,0.0,1.0,0.0
2021-08-30,143.5836181640625,160.44000244140625,163.49000549316406,159.8800048828125,163.2100067138672,7937600,-0.0160072605036111,143.17250434788525,141.17767751125314,JPM,JPMorgan Chase & Co.,0.9999561309814453,1.6244939615717158e-05,2.765397948678583e-05
2021-08-31,143.14508056640625,159.9499969482422,161.3699951171875,159.35000610351562,160.44000244140625,12340800,-0.0030542314176479,143.1656484025155,141.35653233444887,JPM,JPMorgan Chase & Co.,0.7856359481811523,0.21419771015644073,0.0001663196162553504
2021-09-01,142.9392852783203,159.72000122070312,160.75999450683594,158.97000122070312,160.22000122070312,8729900,-0.0014376693021627,143.10905762146672,141.5004189657099,JPM,JPMorgan Chase & Co.,0.9993219375610352,4.750486368720885e-06,0.0006733003538101912
2021-09-02,143.60153198242188,160.4600067138672,161.61000061035156,159.42999267578125,160.02000427246094,8813300,0.0046330629316642,143.2321762117055,141.69142923995645,JPM,JPMorgan Chase & Co.,0.9997832179069519,5.455835344037041e-05,0.00016215117648243904
2021-09-03,142.7333984375,159.49000549316406,160.88999938964844,159.14999389648438,160.38999938964844,7959700,-0.0060454337285771,143.10748176815412,141.78615371246042,JPM,JPMorgan Chase & Co.,0.5003380179405212,0.0003402210713829845,0.4993217885494232
2021-09-07,142.48287963867188,159.2100067138672,161.3800048828125,158.9600067138672,159.99000549316406,9285600,-0.0017551519235901,142.95133123578356,141.8494924330251,JPM,JPMorgan Chase & Co.,0.9991949796676636,0.0007752631208859384,2.978990596602671e-05
2021-09-08,141.8474578857422,158.5,159.5800018310547,158.0399932861328,158.88999938964844,7852700,-0.0044596358140787,142.67536289827322,141.8493074741812,JPM,JPMorgan Chase & Co.,0.25706779956817627,0.7413703203201294,0.0015618642792105675
2021-09-09,142.46495056152344,159.19000244140625,160.8300018310547,158.0800018310547,158.27000427246094,7904300,0.0043532163704944,142.62275981408578,141.90527502757595,JPM,JPMorgan Chase & Co.,0.25706779956817627,0.7413703203201294,0.0015618642792105675
2021-09-10,140.82723999023438,157.36000061035156,160.72000122070312,157.22000122070312,160.55999755859375,8311600,-0.0114955332159527,142.17387985812292,141.8072718423631,JPM,JPMorgan Chase & Co.,0.7997336983680725,0.19997797906398773,0.0002883172419387847
2021-09-13,143.0645294189453,159.86000061035156,160.0500030517578,158.07000732421875,158.52999877929688,10052800,0.0158867661459962,142.3965422483285,141.92156798568874,JPM,JPMorgan Chase & Co.,0.9995214939117432,0.0004467892867978662,3.170831041643396e-05
2021-09-14,140.56768798828125,157.07000732421875,161.33999633789062,156.25999450683594,160.4499969482422,11685600,-0.0174525540384115,141.9393286833167,141.7984879859244,JPM,JPMorgan Chase & Co.,7.885987542977091e-06,0.3334295451641083,0.666562557220459
2021-09-15,141.5431671142578,158.16000366210938,158.69000244140625,156.47000122070312,156.72000122070312,11691500,0.0069395686870648,141.84028829105196,141.77527699759108,JPM,JPMorgan Chase & Co.,0.9999728202819824,9.760057082530693e-07,2.6191790311713703e-05
2021-09-16,141.48052978515625,158.08999633789062,160.85000610351562,157.22000122070312,159.41000366210938,10880900,-0.0004425316345436,141.75034866457804,141.74848179646065,JPM,JPMorgan Chase & Co.,0.7051749229431152,0.29008325934410095,0.004741793032735586
2021-09-17,141.1135711669922,157.67999267578125,159.00999450683594,157.0,157.3800048828125,25581600,-0.0025937040151129,141.59115429018158,141.69076264832714,JPM,JPMorgan Chase & Co.,0.9999624490737915,4.172294666204834e-06,3.341465344419703e-05
2021-09-20,136.88949584960938,152.9600067138672,154.55999755859375,150.49000549316406,153.88999938964844,15819900,-0.0299338701618151,140.41573968003854,141.2542838484437,JPM,JPMorgan Chase & Co.,0.8942563533782959,0.007235090248286724,0.09850852191448212
2021-09-21,136.90737915039062,152.97999572753906,154.5500030517578,152.5800018310547,153.52999877929688,8999900,0.0001306404167116,139.53864954762656,140.85911069407524,JPM,JPMorgan Chase & Co.,0.9978407621383667,0.0014288376551121473,0.000730336585547775
2021-09-22,139.529541015625,155.91000366210938,157.25,155.10000610351562,155.1999969482422,11236200,0.0191528161703684,139.53637241462616,140.73824072330703,JPM,JPMorgan Chase & Co.,0.0017153250519186258,0.9982695579528809,1.5157726011238992e-05
2021-09-23,144.24586486816406,161.17999267578125,161.7100067138672,157.6699981689453,158.0,12336100,0.0338016151863562,140.71374552801063,141.05711564556677,JPM,JPMorgan Chase & Co.,0.3333052098751068,0.6666716933250427,2.3111404516384937e-05
2021-09-24,145.9104461669922,163.0399932861328,163.58999633789062,160.82000732421875,161.44000244140625,10102400,0.0115398892047928,142.01292068775604,141.49832751115088,JPM,JPMorgan Chase & Co.,0.8657938241958618,0.13304927945137024,0.0011569696944206953
2021-09-27,149.4364776611328,166.97999572753906,167.39999389648438,164.61000061035156,165.0,13220900,0.024165723474693,143.86880993110023,142.21997752478558,JPM,JPMorgan Chase & Co.,0.9999788999557495,1.4642763744632248e-05,6.44563397145248e-06
2021-09-28,148.6310577392578,166.0800018310547,169.3000030517578,165.66000366210938,167.6999969482422,13387900,-0.0053897143085867,145.05937188313962,142.8028029988285,JPM,JPMorgan Chase & Co.,0.9930931925773621,0.0008100306731648743,0.006096797529608011
2021-09-29,148.51473999023438,165.9499969482422,166.89999389648438,165.0399932861328,166.2100067138672,7777100,-0.0007825938319533,145.9232139099133,143.3220699980472,JPM,JPMorgan Chase & Co.,0.00017687473155092448,6.214266613824293e-05,0.9997609257698059
2021-09-30,146.49215698242188,163.69000244140625,166.99000549316406,162.7899932861328,166.9199981689453,13161200,-0.0136187358099639,146.06544967804044,143.61025972389945,JPM,JPMorgan Chase & Co.,0.856789767742157,6.494105764431879e-05,0.14314520359039307
2021-10-01,149.57077026367188,167.1300048828125,168.3000030517578,163.60000610351562,164.0,11285000,0.0210155502155615,146.9417798244483,144.15212431842423,JPM,JPMorgan Chase & Co.,0.8620321154594421,0.06320004165172577,0.07476776838302612
2021-10-04,149.40965270996094,166.9499969482422,170.44000244140625,165.72999572753906,166.97000122070312,14120000,-0.0010771994650218,147.55874804582646,144.63008144492755,JPM,JPMorgan Chase & Co.,0.748046875,0.0036613845732063055,0.24829167127609253
2021-10-05,151.84954833984375,168.66000366210938,170.13999938964844,166.6699981689453,167.2100067138672,12292900,0.0163302409558452,148.6314481193308,145.28639661719265,JPM,JPMorgan Chase & Co.,0.9997914433479309,8.974986121756956e-05,0.00011875128984684125
2021-10-06,152.1736602783203,169.02000427246094,169.10000610351562,166.0,167.99000549316406,8692600,0.0021344280705477,149.51700115907818,145.912511495477,JPM,JPMorgan Chase & Co.,0.9999713897705078,4.613697910826886e-06,2.400150515313726e-05
2021-10-07,153.1370086669922,170.08999633789062,171.50999450683594,169.5399932861328,171.1999969482422,10195400,0.0063305856408391,150.42200303605668,146.56928396561474,JPM,JPMorgan Chase & Co.,0.21799974143505096,0.724879264831543,0.05712102726101875
2021-10-08,153.2540283203125,170.22000122070312,171.33999633789062,169.3000030517578,170.02000427246094,8190100,0.0007641500532036,151.13000935712063,147.17698799785998,JPM,JPMorgan Chase & Co.,0.0338839516043663,0.7757642269134521,0.19035182893276215
2021-10-11,150.03086853027344,166.63999938964844,171.2899932861328,166.4600067138672,170.8000030517578,12154700,-0.0210314849493052,150.85522415040884,147.43643168262483,JPM,JPMorgan Chase & Co.,0.7943965792655945,9.635963579057716e-06,0.2055937498807907
2021-10-12,148.87847900390625,165.36000061035156,166.69000244140625,164.77000427246094,165.75,13032600,-0.0076810161645811,150.3610378637832,147.56752689365038,JPM,JPMorgan Chase & Co.,0.5734113454818726,0.0021190550178289413,0.42446964979171753
2021-10-13,144.95303344726562,161.0,165.41000366210938,160.60000610351562,164.07000732421875,22753500,-0.0263667763326466,149.0090367596538,147.32984567125175,JPM,JPMorgan Chase & Co.,0.010023548267781734,0.7897591590881348,0.20021727681159973
2021-10-14,147.17684936523438,163.47000122070312,164.00999450683594,160.05999755859375,161.75,15176800,0.0153416307688225,148.55098991104896,147.31593691615927,JPM,JPMorgan Chase & Co.,0.0093065295368433,0.5907374024391174,0.3999560475349426
2021-10-15,150.00389099121094,166.61000061035156,167.1699981689453,164.13999938964844,165.35000610351562,14267400,0.0192084668082612,148.91421518108945,147.56029637752758,JPM,JPMorgan Chase & Co.,0.9990363121032715,0.0006837719120085239,0.00027988641522824764
2021-10-18,149.9498748779297,166.5500030517578,168.61000061035156,165.91000366210938,166.47999572753906,12672900,-0.0003600980809518,149.1731301052995,147.77753078665506,JPM,JPMorgan Chase & Co.,0.9997535347938538,6.360194674925879e-05,0.00018295412883162498
2021-10-19,151.7685546875,168.57000732421875,168.64999389648438,166.5800018310547,167.39999389648438,8053900,0.0121285850425074,149.82198625084962,148.14035114127734,JPM,JPMorgan Chase & Co.,0.2041526585817337,0.5966386795043945,0.19920867681503296
2021-10-20,153.812255859375,170.83999633789062,170.8699951171875,167.4600067138672,168.3000030517578,8185600,0.0134659065317126,150.81955365298097,148.6559788429226,JPM,JPMorgan Chase & Co.,0.25257009267807007,0.7436585426330566,0.003771362127736211
2021-10-21,152.60580444335938,169.5,171.3300018310547,168.67999267578125,170.75999450683594,8415200,-0.0078436624524812,151.26611635057557,149.01505389750776,JPM,JPMorgan Chase & Co.,0.009542741812765598,0.9754147529602051,0.015042492188513279
2021-10-22,154.65855407714844,171.77999877929688,172.08999633789062,169.6999969482422,170.02999877929688,8817900,0.0134513208149362,152.1142257822188,149.52809936838418,JPM,JPMorgan Chase & Co.,0.32673996686935425,0.19576987624168396,0.477490097284317
2021-10-25,153.90231323242188,170.94000244140625,172.9600067138672,170.47999572753906,172.7100067138672,10159200,-0.0048897446975311,152.56124764476957,149.9257551742058,JPM,JPMorgan Chase & Co.,0.9999979734420776,1.9451120181201986e-07,1.818805003495072e-06
2021-10-26,154.31642150878906,171.39999389648438,172.49000549316406,170.5399932861328,171.0,8015100,0.0026907215861129,153.00004111077445,150.3249066591679,JPM,JPMorgan Chase & Co.,0.7717396020889282,0.0004545673727989197,0.22780585289001465
2021-10-27,151.102294921875,167.8300018310547,170.6999969482422,167.33999633789062,170.32000732421875,9847000,-0.0208281565596762,152.5256045635496,150.395578319414,JPM,JPMorgan Chase & Co.,5.338935693544045e-07,1.2011115586574306e-06,0.9999982118606567
2021-10-28,153.38011169433594,170.36000061035156,170.50999450683594,167.9600067138672,168.3000030517578,7212900,0.0150746669574981,152.7392313462462,150.666899535316,JPM,JPMorgan Chase & Co.,0.9034876823425293,0.06783493608236313,0.028677385300397873
2021-10-29,152.95692443847656,169.88999938964844,172.24000549316406,169.38999938964844,171.17999267578125,8140100,-0.0027590751576888,152.79365461930377,150.8750836174215,JPM,JPMorgan Chase & Co.,0.9999669790267944,9.264676918974146e-07,3.212752199033275e-05
2021-11-01,152.87591552734375,169.8000030517578,172.3300018310547,169.00999450683594,172.0399932861328,7435500,-0.0005296191161675,152.81421984631376,151.0569774274144,JPM,JPMorgan Chase & Co.,0.9996612071990967,0.0003362036368343979,2.5778758754313458e-06
2021-11-02,153.47914123535156,170.47000122070312,171.69000244140625,168.9199981689453,169.8000030517578,7173800,0.0039458518101231,152.9804501935732,151.2771741372269,JPM,JPMorgan Chase & Co.,0.9968293905258179,6.0063939599785954e-05,0.0031104902736842632
2021-11-03,153.53317260742188,170.52999877929688,171.1300048828125,169.14999389648438,170.1300048828125,8402700,0.0003520437476742,153.11863079703537,151.48226490724457,JPM,JPMorgan Chase & Co.,0.7513899803161621,5.6344382755924016e-05,0.24855370819568634
2021-11-04,151.5164337158203,168.2899932861328,170.1999969482422,166.49000549316406,170.0,9574200,-0.0131355254200229,152.7180815267316,151.48537116256963,JPM,JPMorgan Chase & Co.,0.9448745250701904,0.051726605743169785,0.00339890387840569
2021-11-05,151.3003692626953,168.0500030517578,170.08999633789062,167.41000366210938,168.89999389648438,7975600,-0.0014260133229524,152.36365346072253,151.4685528080356,JPM,JPMorgan Chase & Co.,0.9027589559555054,2.3036180209601298e-05,0.09721793234348297
2021-11-08,152.20968627929688,169.05999755859375,170.9199981689453,168.74000549316406,169.0500030517578,6413700,0.0060100118792358,152.32516166536612,151.53592857815028,JPM,JPMorgan Chase & Co.,0.7615286111831665,0.2382790744304657,0.00019228743622079492
2021-11-09,151.05726623535156,167.77999877929688,168.47000122070312,166.60000610351562,167.35000610351562,7990300,-0.0075712661402552,152.0081878078625,151.49241381971402,JPM,JPMorgan Chase & Co.,1.723951527310419e-06,0.5999990701675415,0.3999992609024048
2021-11-10,150.91317749023438,167.6199951171875,168.9499969482422,167.08999633789062,167.4499969482422,6999200,-0.0009538683487936,151.73443522845548,151.4397559715795,JPM,JPMorgan Chase & Co.,0.998871922492981,0.0005562865408137441,0.0005718620959669352
2021-11-11,150.90419006347656,167.61000061035156,168.67999267578125,166.89999389648438,167.52000427246094,5815300,-5.955362485421389e-05,151.52687393721075,151.39106816175195,JPM,JPMorgan Chase & Co.,0.0372312106192112,0.40867045521736145,0.55409836769104
2021-11-12,150.22894287109375,166.86000061035156,167.74000549316406,165.72000122070312,167.64999389648438,8113400,-0.0044746749053076,151.2023911706815,151.28542040805573,JPM,JPMorgan Chase & Co.,0.800370991230011,0.0016185983549803495,0.1980104148387909
2021-11-15,149.9588623046875,166.55999755859375,167.7899932861328,166.0,167.2100067138672,6492500,-0.0017977931631856,150.891508954183,151.16482421684043,JPM,JPMorgan Chase & Co.,0.9999467134475708,1.5417322174471337e-06,5.170702934265137e-05
2021-11-16,148.87847900390625,165.36000061035156,167.07000732421875,165.1199951171875,167.05999755859375,9706100,-0.0072045311906016,150.3882514666138,150.9569746520282,JPM,JPMorgan Chase & Co.,0.6314839720726013,7.906035898486152e-05,0.36843693256378174
2021-11-17,148.0771484375,164.47000122070312,165.55999755859375,163.38999938964844,165.2100067138672,9909600,-0.00538244729371,149.81047570933535,150.69517226888925,JPM,JPMorgan Chase & Co.,0.5389927625656128,0.0014748919056728482,0.45953235030174255
2021-11-18,146.79867553710938,163.0500030517578,164.85000610351562,162.55999755859375,164.38999938964844,8122500,-0.0086338298237167,149.05752566627885,150.3409452932729,JPM,JPMorgan Chase & Co.,0.9996684789657593,9.61254772846587e-06,0.00032191863283514977
2021-11-19,144.88096618652344,160.9199981689453,162.11000061035156,159.4499969482422,161.3000030517578,12193600,-0.0130635330568847,148.01338579634,149.84458355629567,JPM,JPMorgan Chase & Co.,0.00038393077556975186,0.9996005892753601,1.5519699445576407e-05
2021-11-22,147.96910095214844,164.35000610351562,165.97999572753906,162.99000549316406,164.16000366210938,14549900,0.0213149790956614,148.0023145852921,149.67408513773682,JPM,JPMorgan Chase & Co.,0.984717845916748,0.011957777664065361,0.003324362449347973
2021-11-23,151.5074462890625,168.27999877929688,168.55999755859375,165.3699951171875,165.5,12354400,0.0239127311995923,148.87859751123472,149.84075433331188,JPM,JPMorgan Chase & Co.,0.4998757839202881,4.01548677473329e-05,0.5000840425491333
2021-11-24,150.31898498535156,166.9600067138672,169.44000244140625,166.44000244140625,168.4600067138672,9629800,-0.0078442435195129,149.23869437976393,149.88422984713367,JPM,JPMorgan Chase & Co.,0.9999844431877136,4.434649326867657e-06,1.1099349649157375e-05
2021-11-26,145.7903289794922,161.92999267578125,162.64999389648438,158.82000732421875,162.13999938964844,13619300,-0.0301269730254012,148.376603029696,149.51205704098444,JPM,JPMorgan Chase & Co.,0.4243839383125305,0.19909456372261047,0.376521497964859
2021-11-29,145.1601104736328,161.22999572753906,164.77999877929688,159.82000732421875,163.30999755859375,12104400,-0.0043227730554612,147.5724798906802,149.11642553486155,JPM,JPMorgan Chase & Co.,0.14381006360054016,0.8550767302513123,0.0011131830979138613
2021-11-30,142.9993133544922,158.8300018310547,160.6300048828125,158.2899932861328,159.16000366210938,18922600,-0.0148856122531892,146.4291882566332,148.56032442755523,JPM,JPMorgan Chase & Co.,0.32216906547546387,0.004838092718273401,0.6729928255081177
2021-12-01,142.15296936035156,157.88999938964844,163.27000427246094,157.8000030517578,161.0,12253400,-0.0059185178885619,145.3601335325628,147.97783760326396,JPM,JPMorgan Chase & Co.,0.9758331775665283,0.018604103475809097,0.005562765523791313
2021-12-02,145.14210510253906,161.2100067138672,163.25,158.8000030517578,159.8300018310547,12969900,0.0210275997444004,145.30562642505686,147.7200437395617,JPM,JPMorgan Chase & Co.,0.555716872215271,0.014181525446474552,0.4301016330718994
2021-12-03,142.51312255859375,158.2899932861328,161.8300018310547,157.19000244140625,161.5,12681800,-0.0181131625594654,144.60750045844108,147.2466872685646,JPM,JPMorgan Chase & Co.,0.00026063548284582794,0.9994511008262634,0.00028823179309256375
2021-12-06,144.19676208496094,160.16000366210938,162.61000061035156,159.4600067138672,161.00999450683594,11186500,0.0118139262977341,144.50481586507104,146.96942134278248,JPM,JPMorgan Chase & Co.,0.9764693379402161,0.023372832685709,0.0001578207447892055
2021-12-07,146.36654663085938,162.57000732421875,163.38999938964844,161.16000366210938,161.8800048828125,9851600,0.0150473874345389,144.97024855651813,146.91461455078948,JPM,JPMorgan Chase & Co.,0.9802839159965515,0.018855759873986244,0.0008603744208812714
2021-12-08,144.69192504882812,160.7100067138672,163.27000427246094,160.1699981689453,162.66000366210938,11705700,-0.0114412864180959,144.90066767959564,146.712551868793,JPM,JPMorgan Chase & Co.,3.9931842366058845e-07,2.4369676339119906e-06,0.9999971389770508
2021-12-09,144.4668426513672,160.4600067138672,160.92999267578125,158.64999389648438,159.64999389648438,11189600,-0.0015555975040416,144.79221142253851,146.50839648539062,JPM,JPMorgan Chase & Co.,0.4992154836654663,0.0007369249942712486,0.5000475645065308
2021-12-10,143.89060974121094,159.82000732421875,161.6999969482422,159.1300048828125,161.32000732421875,10405400,-0.0039886862589419,144.56681100220663,146.2704158722834,JPM,JPMorgan Chase & Co.,0.9998458027839661,1.9119170246995054e-06,0.00015226543473545462
2021-12-13,142.18002319335938,157.9199981689453,159.7899932861328,157.27999877929688,159.5,12069000,-0.0118881041016372,143.97011404999483,145.8985619923812,JPM,JPMorgan Chase & Co.,0.9997928738594055,4.023500878247432e-06,0.00020304013742133975
2021-12-14,143.26942443847656,159.1300048828125,160.88999938964844,157.3000030517578,157.4499969482422,12563600,0.0076621259488447,143.79494164711525,145.65954948748077,JPM,JPMorgan Chase & Co.,0.6881793141365051,0.31094661355018616,0.0008740344201214612
2021-12-15,142.19802856445312,157.94000244140625,159.85000610351562,157.35000610351562,159.85000610351562,14014200,-0.0074781892802502,143.39571337644972,145.34486576720553,JPM,JPMorgan Chase & Co.,0.0,1.0,0.0
2021-12-16,144.42181396484375,160.41000366210938,161.82000732421875,158.6999969482422,160.38999938964844,19542800,0.015638651413389,143.65223852354822,145.2609519669908,JPM,JPMorgan Chase & Co.,0.9885174036026001,9.53509661485441e-05,0.011387236416339874
2021-12-17,141.13560485839844,156.75999450683594,159.3800048828125,155.17999267578125,159.32000732421875,28082000,-0.0227542433945973,143.02308010726077,144.88592041166422,JPM,JPMorgan Chase & Co.,0.6278278231620789,5.401593443821184e-05,0.37211811542510986
2021-12-20,138.59666442871094,153.94000244140625,154.6999969482422,151.83999633789062,154.50999450683594,15148000,-0.017989368680106,141.91647618762332,144.31416986775935,JPM,JPMorgan Chase & Co.,0.2633310854434967,0.0031105035450309515,0.7335584163665771
2021-12-21,140.53240966796875,156.08999633789062,157.17999267578125,155.08999633789062,155.41000366210938,11291300,0.0139667519939015,141.57045955770968,143.97037348596018,JPM,JPMorgan Chase & Co.,0.5263979434967041,0.21041089296340942,0.2631911337375641
2021-12-22,141.0815887451172,156.6999969482422,157.05999755859375,155.24000549316406,155.75,7273000,0.0039078464422972,141.44824185456156,143.7077566913381,JPM,JPMorgan Chase & Co.,0.0,1.0,0.0
2021-12-23,141.5858154296875,157.25999450683594,159.1199951171875,157.2100067138672,157.61000061035156,8055200,0.0035740077004751,141.48263524834306,143.51485294027893,JPM,JPMorgan Chase & Co.,0.999337375164032,2.9986775189172477e-05,0.0006326553411781788
2021-12-27,142.39610290527344,158.16000366210938,158.1999969482422,156.33999633789062,157.60000610351562,6188100,0.0057229424651534,141.71100216257565,143.41314839164207,JPM,JPMorgan Chase & Co.,9.08382935449481e-06,0.3333699703216553,0.6666209697723389
2021-12-28,142.82821655273438,158.63999938964844,160.14999389648438,158.0800018310547,158.1999969482422,6342300,0.0030345889995908,141.99030576011535,143.35997276992316,JPM,JPMorgan Chase & Co.,1.33693347947883e-07,0.9999996423721313,2.0463303940232436e-07
2021-12-29,142.7561798095703,158.55999755859375,159.6300048828125,158.14999389648438,158.85000610351562,6398900,-0.0005043593269083,142.1817742724791,143.30508250080015,JPM,JPMorgan Chase & Co.,0.998684823513031,1.439331845176639e-05,0.0013007547240704298
2021-12-30,142.68418884277344,158.47999572753906,160.24000549316406,158.3699951171875,159.11000061035156,6948200,-0.0005042931724069,142.30737791505268,143.24863762279773,JPM,JPMorgan Chase & Co.,0.8824039101600647,0.11707038432359695,0.0005257099401205778
2022-01-03,145.58323669433594,161.6999969482422,162.63999938964844,159.50999450683594,159.86000061035156,13120900,,145.58323669433594,145.58323669433594,JPM,JPMorgan Chase & Co.,0.9999865293502808,2.0594224281467177e-07,1.3270332601678092e-05
2022-01-04,151.10226440429688,167.8300018310547,168.5800018310547,164.22999572753906,164.30999755859375,20195800,0.0379097747465841,146.96299362182617,146.08496648615056,JPM,JPMorgan Chase & Co.,0.9844651222229004,0.011009030044078827,0.004525861702859402
2022-01-05,148.3397979736328,163.77999877929688,168.36000061035156,163.72999572753906,167.82000732421875,17539400,-0.0182820981641457,147.30719470977783,146.28995116683075,JPM,JPMorgan Chase & Co.,0.0452849455177784,0.8024393320083618,0.15227577090263367
2022-01-06,149.915771484375,165.52000427246094,167.3699951171875,163.8699951171875,166.91000366210938,14047500,0.0106240775049613,147.95933890342712,146.6195711956984,JPM,JPMorgan Chase & Co.,0.9999521374702454,5.049746050644899e-06,4.2834828491322696e-05
2022-01-07,151.40118408203125,167.16000366210938,167.52999877929688,165.05999755859375,165.6699981689453,13913300,0.0099083144018043,148.81980019807816,147.0542632762741,JPM,JPMorgan Chase & Co.,0.014631778001785278,0.1928732842206955,0.7924949526786804
2022-01-10,151.54608154296875,167.32000732421875,169.30999755859375,165.52999877929688,169.07000732421875,12922500,0.0009570431157195,149.5013705343008,147.46261039142814,JPM,JPMorgan Chase & Co.,0.7876449823379517,0.012826035730540752,0.19952896237373352
2022-01-11,151.70005798339844,167.49000549316406,168.52000427246094,166.30999755859375,168.25999450683594,11854100,0.0010160370948688,150.0510423965752,147.84783289978907,JPM,JPMorgan Chase & Co.,0.36522552371025085,0.6347227096557617,5.17921507707797e-05
2022-01-12,152.5605010986328,168.44000244140625,169.58999633789062,167.17999267578125,168.4600067138672,12568000,0.0056720025468186,150.6784070720896,148.27625728150213,JPM,JPMorgan Chase & Co.,0.9999489188194275,3.26332269651175e-06,4.7836107114562765e-05
2022-01-13,152.3702850341797,168.22999572753906,169.80999755859375,167.88999938964844,168.33999633789062,13623400,-0.0012468238048729,151.10137656261213,148.64844162265464,JPM,JPMorgan Chase & Co.,0.7933197021484375,0.012618745677173138,0.1940615177154541
2022-01-14,143.00506591796875,157.88999938964844,161.02999877929688,156.89999389648438,160.75999450683594,40158400,-0.0614635531731803,149.0772989014513,148.1354074676832,JPM,JPMorgan Chase & Co.,0.29153895378112793,0.4395948052406311,0.26886624097824097
2022-01-18,137.0091552734375,151.27000427246094,155.77999877929688,150.5399932861328,155.77999877929688,32324800,-0.04192795972676,146.06026299444784,147.12392999547905,JPM,JPMorgan Chase & Co.,0.2003641575574875,0.0014289149548858404,0.7982069253921509
2022-01-19,134.8897705078125,148.92999267578125,152.22999572753906,148.5500030517578,151.57000732421875,22380000,-0.0154689280537144,143.267639872789,146.01173367841844,JPM,JPMorgan Chase & Co.,0.20029368996620178,0.6002545356750488,0.19945181906223297
2022-01-20,133.73951721191406,147.66000366210938,150.61000061035156,147.36000061035156,148.99000549316406,14860800,-0.0085273574976674,140.88560920757027,144.89607763600893,JPM,JPMorgan Chase & Co.,0.7557563781738281,7.496831676689908e-05,0.24416866898536682
2022-01-21,131.4027099609375,145.0800018310547,147.50999450683594,144.27000427246094,147.5,20705400,-0.0174728255319915,138.51488439591208,143.66940784736607,JPM,JPMorgan Chase & Co.,0.609052300453186,0.0034173906315118074,0.3875303268432617
2022-01-24,131.2849884033203,144.9499969482422,145.47999572753906,139.57000732421875,142.27999877929688,28471400,-0.0008958837884863,136.70741039776414,142.54355153427102,JPM,JPMorgan Chase & Co.,0.9997579455375671,0.00023858659551478922,3.4154152217524825e-06
2022-01-25,132.71603393554688,146.52999877929688,146.85000610351562,140.7899932861328,143.64999389648438,18915900,0.0109002982719565,135.70956628220983,141.6501408434779,JPM,JPMorgan Chase & Co.,0.8691211938858032,0.0039384993724524975,0.12694035470485687
2022-01-26,133.97499084472656,147.9199981689453,150.57000732421875,145.9600067138672,148.72000122070312,20709100,0.0094860950244421,135.27592242283902,140.9523999345005,JPM,JPMorgan Chase & Co.,5.884131678612903e-05,0.9993594288825989,0.0005817823112010956
2022-01-27,131.6110382080078,145.30999755859375,150.3800048828125,144.1300048828125,149.4199981689453,17536800,-0.0176447307203663,134.35970136913122,140.10318523209207,JPM,JPMorgan Chase & Co.,0.9986884593963623,0.0012961309403181076,1.5391162378364243e-05
2022-01-28,132.78846740722656,146.61000061035156,146.75999450683594,142.1699981689453,144.19000244140625,14117000,0.0089462800024253,133.96689287865505,139.438210884377,JPM,JPMorgan Chase & Co.,0.9641959071159363,0.030052034184336662,0.005752118770033121
2022-01-31,134.5908966064453,148.60000610351562,148.7899932861328,144.6699981689453,145.63999938964844,13985700,0.0135736877939194,134.12289381060262,138.9975459500196,JPM,JPMorgan Chase & Co.,0.9992053508758545,2.49597396759782e-05,0.0007697171531617641
2022-02-01,136.90049743652344,151.14999389648438,151.47000122070312,148.3000030517578,148.69000244140625,14584900,0.0171601563576144,134.81729471708283,138.8069051760654,JPM,JPMorgan Chase & Co.,0.002237979555502534,0.9977586269378662,3.33386401507596e-06
2022-02-02,135.80455017089844,149.94000244140625,150.94000244140625,148.07000732421875,150.5,12441100,-0.0080054293895692,135.06410858053673,138.53396381195932,JPM,JPMorgan Chase & Co.,3.621784799179295e-06,6.9561383497784846e-06,0.99998939037323
2022-02-03,134.68145751953125,148.6999969482422,151.64999389648438,148.2899932861328,150.0,12474900,-0.0082699191592171,134.96844581528535,138.18373596719314,JPM,JPMorgan Chase & Co.,0.7200480699539185,0.07356838136911392,0.20638355612754822
2022-02-04,138.17758178710938,152.55999755859375,153.5,148.77000427246094,149.10000610351562,16654400,0.0259584677205555,135.77072980824136,138.18317649627642,JPM,JPMorgan Chase & Co.,0.9999738931655884,5.245854595159472e-07,2.55803042819025e-05
2022-02-07,138.63949584960938,153.07000732421875,153.6199951171875,150.85000610351562,153.27000427246094,12572300,0.0033429016235908,136.48792131858335,138.22466007385214,JPM,JPMorgan Chase & Co.,0.9908097982406616,0.008020146749913692,0.0011700420873239636
2022-02-08,141.2479705810547,155.9499969482422,158.47999572753906,154.8000030517578,155.0,20411400,0.0188148024879928,137.67793363420117,138.49950648359783,JPM,JPMorgan Chase & Co.,0.5849066376686096,0.41455918550491333,0.0005341654177755117
2022-02-09,141.83673095703125,156.60000610351562,157.42999267578125,155.82000732421875,156.58999633789062,9131100,0.004168274939134,138.7176329649087,138.8028905266372,JPM,JPMorgan Chase & Co.,0.00044062602682970464,0.9994550347328186,0.00010437621676828712
2022-02-10,141.2479705810547,155.9499969482422,159.02999877929688,155.22000122070312,156.66000366210938,16455600,-0.0041509725443046,139.35021736894518,139.02517053158425,JPM,JPMorgan Chase & Co.,0.990957498550415,2.8351663786452264e-05,0.009014099836349487
2022-02-11,139.40931701660156,153.9199981689453,158.19000244140625,152.97000122070312,155.61000061035156,16830000,-0.0130172034110608,139.36499228085927,139.0600929393131,JPM,JPMorgan Chase & Co.,0.6941660642623901,0.3028869926929474,0.0029469237197190523
2022-02-14,138.1141357421875,152.49000549316406,153.67999267578125,150.32000732421875,152.72999572753906,17026500,-0.0092904929321174,139.05227814619133,138.9740968304835,JPM,JPMorgan Chase & Co.,0.0,1.0,0.0
2022-02-15,140.13392639160156,154.72000122070312,155.94000244140625,153.85000610351562,154.50999450683594,9500000,0.0146240689887409,139.32269020754387,139.07953588149422,JPM,JPMorgan Chase & Co.,0.0008743024081923068,0.9989762902259827,0.00014934473438188434
2022-02-16,140.38755798339844,155.0,156.10000610351562,153.74000549316406,153.74000549316406,9076500,0.0018099228240284,139.5889071515075,139.19844698166733,JPM,JPMorgan Chase & Co.,0.5000302195549011,0.4999680817127228,1.6185067579499446e-06
2022-02-17,137.15406799316406,151.42999267578125,153.72999572753906,150.6699981689453,153.0,11367500,-0.0230325965967493,138.98019736192165,139.01259434634886,JPM,JPMorgan Chase & Co.,0.9957731366157532,0.0041348896920681,9.204942762153223e-05
2022-02-18,137.79714965820312,152.13999938964844,154.13999938964844,151.1300048828125,152.1300048828125,11733300,0.0046887538550524,138.684435435992,138.90209937469925,JPM,JPMorgan Chase & Co.,1.5887010249571176e-06,6.659514042439696e-07,0.9999977350234985
2022-02-22,137.5526123046875,151.8699951171875,153.24000549316406,150.41000366210938,150.60000610351562,11333500,-0.0017746183728921,138.40147965316586,138.7794187319709,JPM,JPMorgan Chase & Co.,0.1883736401796341,9.373239299748093e-05,0.8115326166152954
2022-02-23,134.67239379882812,148.69000244140625,153.3000030517578,147.97000122070312,153.1199951171875,11799000,-0.0209390316737825,137.46920818958142,138.4060528289579,JPM,JPMorgan Chase & Co.,0.0,1.0,0.0
2022-02-24,130.92269897460938,144.5500030517578,144.99000549316406,139.77999877929688,142.94000244140625,25655100,-0.0278430843801588,135.8325808858384,137.72574793310804,JPM,JPMorgan Chase & Co.,0.005531909875571728,2.38705597439548e-05,0.9944442510604858
2022-02-25,134.02027893066406,147.97000122070312,150.1300048828125,144.91000366210938,145.25,18367700,0.0236596096804835,135.37950539704482,137.38888711470403,JPM,JPMorgan Chase & Co.,0.9996762275695801,3.977413143729791e-06,0.00031986887915991247
2022-02-28,128.43194580078125,141.8000030517578,145.05999755859375,140.8800048828125,143.5500030517578,31315300,-0.0416976682519364,133.64261549797894,136.57461972252923,JPM,JPMorgan Chase & Co.,0.20005588233470917,2.1033029042882845e-05,0.7999230623245239
2022-03-01,123.58631896972656,136.4499969482422,140.47999572753906,133.5800018310547,140.0399932861328,36840400,-0.037729139746672,131.12854136591585,135.39386510863807,JPM,JPMorgan Chase & Co.,0.21458515524864197,0.00024877290707081556,0.7851660847663879
2022-03-02,126.1495361328125,139.27999877929688,140.0399932861328,136.61000061035156,137.2899932861328,19405600,0.0207402986386691,129.88379005764,134.5534715653812,JPM,JPMorgan Chase & Co.,0.9763773679733276,0.005733030382543802,0.017889613285660744
2022-03-03,125.25282287597656,138.2899932861328,140.97999572753906,137.05999755859375,139.83999633789062,16640800,-0.0071083357444284,128.72604826222414,133.70795804816257,JPM,JPMorgan Chase & Co.,0.9999470114707947,1.586446705914568e-05,3.712452598847449e-05
2022-03-04,121.72956848144533,134.39999389648438,135.4199981689453,132.39999389648438,134.94000244140625,21016000,-0.02812914163236,126.97692831702943,132.61901354209735,JPM,JPMorgan Chase & Co.,6.382520041370299e-06,9.905087608785834e-06,0.9999836683273315
2022-03-07,117.02887725830078,129.2100067138672,132.69000244140625,128.9499969482422,132.1699981689453,27560100,-0.0386158538289819,124.48991555234728,131.20172842538858,JPM,JPMorgan Chase & Co.,0.9999964237213135,2.3541163329809933e-07,3.2855004974408075e-06
2022-03-08,116.20464324951172,128.3000030517578,131.7899932861328,127.2699966430664,129.63999938964844,19207800,-0.0070429968064193,122.41859747663838,129.83835704576342,JPM,JPMorgan Chase & Co.,0.9982064366340637,0.0014239904703572392,0.00036954288952983916
2022-03-09,120.86005401611328,133.44000244140625,135.24000549316406,132.44000244140625,132.89999389648438,17536200,0.0400621751112437,122.0289616115071,129.02214767943158,JPM,JPMorgan Chase & Co.,0.7484205365180969,0.00035705577465705574,0.2512224018573761
2022-03-10,119.42904663085938,131.86000061035156,133.4499969482422,130.32000732421875,131.86000061035156,15604200,-0.0118402014371359,121.37898286634515,128.15004758410683,JPM,JPMorgan Chase & Co.,0.662473738193512,0.3342824876308441,0.0032438337802886963
2022-03-11,116.7390365600586,128.88999938964844,134.0800018310547,128.4199981689453,132.49000549316406,20061800,-0.0225239181479466,120.21899628977351,127.112682945557,JPM,JPMorgan Chase & Co.,0.46285778284072876,0.03694620728492737,0.5001960396766663
2022-03-14,117.89836120605467,130.1699981689453,132.9199981689453,129.22999572753906,129.4600067138672,15786900,0.0099309081191505,119.6388375188438,126.27501733287497,JPM,JPMorgan Chase & Co.,0.6003507375717163,0.20000095665454865,0.19964835047721863
2022-03-15,119.9905776977539,132.47999572753906,133.5500030517578,131.1300048828125,131.8000030517578,15096600,0.0177459336185563,119.72677256357132,125.70370463877306,JPM,JPMorgan Chase & Co.,0.8640424013137817,0.13575707376003265,0.00020055491768289357
2022-03-16,125.35247039794922,138.39999389648438,138.49000549316406,134.42999267578125,134.8699951171875,20354900,0.0446859478725192,121.1331970221658,125.67177425324364,JPM,JPMorgan Chase & Co.,0.7725750803947449,0.2272346317768097,0.00019029268878512084
2022-03-17,126.9375,140.14999389648438,140.19000244140625,135.9199981689453,136.86000061035156,17050500,0.0126445820893588,122.58427276662437,125.78684023022149,JPM,JPMorgan Chase & Co.,0.4326463043689728,0.5594741106033325,0.007879558019340038
2022-03-18,126.89222717285156,140.10000610351562,140.85000610351562,138.4600067138672,140.19000244140625,23656500,-0.0003566544728581,123.66126136818116,125.88732995227876,JPM,JPMorgan Chase & Co.,0.9919137954711914,0.006954815238714218,0.0011313693830743432
2022-03-21,126.484619140625,139.64999389648438,140.75999450683594,138.72999572753906,140.35000610351562,12676100,-0.0032122379857933,124.36710081129212,125.94162896940114,JPM,JPMorgan Chase & Co.,0.8015521168708801,0.1983867585659027,6.116023723734543e-05
2022-03-22,129.17465209960938,142.6199951171875,143.92999267578125,141.72000122070312,142.27000427246094,13548600,0.0212676685692005,125.56898863337145,126.23554016305644,JPM,JPMorgan Chase & Co.,0.7499307990074158,0.25003957748413086,2.9640412321896292e-05
2022-03-23,126.60236358642578,139.77999877929688,141.58999633789062,139.1999969482422,140.97999572753906,12093200,-0.0199132606232997,125.82733237163502,126.26888774699908,JPM,JPMorgan Chase & Co.,0.9999773502349854,2.0707366275019012e-06,2.0654282707255334e-05
2022-03-24,127.42659759521484,140.69000244140625,140.7100067138672,139.11000061035156,140.3000030517578,10017600,0.0065104156465956,126.22714867752998,126.37413409683688,JPM,JPMorgan Chase & Co.,0.7057522535324097,0.2940579056739807,0.00018986317445524037
2022-03-25,128.54063415527344,141.9199981689453,143.17999267578125,140.8000030517578,141.08999633789062,8383500,0.0087425747927245,126.80552004696584,126.57108864760384,JPM,JPMorgan Chase & Co.,0.6667351722717285,3.77189076061768e-06,0.33326101303100586
2022-03-28,127.58963775634766,140.8699951171875,140.97000122070312,137.89999389648438,140.0,10818100,-0.007398410667377,127.0015494743113,126.663684021126,JPM,JPMorgan Chase & Co.,0.3102235198020935,0.00019356286793481559,0.6895829439163208
2022-03-29,127.87039184570312,141.17999267578125,143.60000610351562,140.24000549316406,143.35000610351562,11316500,0.0022004458535387,127.21876006715924,126.7733847324512,JPM,JPMorgan Chase & Co.,0.6926431655883789,0.30731257796287537,4.4233274820726365e-05
2022-03-30,127.29074096679688,140.5399932861328,142.1199951171875,139.91000366210938,141.89999389648438,8771000,-0.0045331125567026,127.23675529206866,126.8204171173917,JPM,JPMorgan Chase & Co.,0.999954879283905,1.6731319192331284e-06,4.3388630729168653e-05
2022-03-31,123.46855926513672,136.32000732421875,140.35000610351562,136.25999450683594,139.8300018310547,17353900,-0.0300271777242395,126.29470628533568,126.5157027671867,JPM,JPMorgan Chase & Co.,0.512337327003479,0.4876079559326172,5.4682961490470916e-05
2022-04-01,122.55377960205078,135.30999755859375,137.41000366210938,133.8000030517578,137.39999389648438,15721300,-0.0074090089698183,125.35947461451444,126.15552793399252,JPM,JPMorgan Chase & Co.,0.0,1.0,0.0
2022-04-04,123.09723663330078,135.91000366210938,136.94000244140625,132.88999938964844,134.1199951171875,17416400,0.0044344371345761,124.79391511921104,125.87750145211146,JPM,JPMorgan Chase & Co.,0.7501254081726074,4.674830961448606e-06,0.2498699426651001
2022-04-05,121.6646957397461,133.33999633789062,135.39999389648438,133.00999450683594,134.07000732421875,12110300,-0.011637474022444,124.0116102743448,125.4945191146237,JPM,JPMorgan Chase & Co.,0.9260041117668152,4.1267458072979935e-06,0.07399176806211472
2022-04-06,119.97666931152344,131.49000549316406,132.55999755859375,130.9600067138672,131.5800018310547,12914700,-0.0138744145781906,123.00287503363948,124.99289640525096,JPM,JPMorgan Chase & Co.,0.9998103380203247,7.505811663577333e-05,0.00011456846550572664
2022-04-07,119.61172485351562,131.08999633789062,131.9199981689453,128.72999572753906,130.9499969482422,12994200,-0.0030417952098689,122.1550874886085,124.50369899145684,JPM,JPMorgan Chase & Co.,0.7987998127937317,0.0012327713193371892,0.1999674141407013
2022-04-08,121.80156707763672,133.49000549316406,133.89999389648438,131.49000549316406,131.6699981689453,13126900,0.0183079227960545,122.06670738586556,124.258050635655,JPM,JPMorgan Chase & Co.,0.9975926280021667,0.001842079102061689,0.0005652951658703387
2022-04-11,121.3544464111328,133.0,134.89999389648438,132.57000732421875,133.0,10466400,-0.0036708942030188,121.88864214218236,123.99408661524387,JPM,JPMorgan Chase & Co.,0.9978591799736023,0.0005787242553196847,0.00156210211571306
2022-04-12,120.0223159790039,131.5399932861328,134.5800018310547,130.6999969482422,132.13999938964844,12989900,-0.0109771868400753,121.42206060138776,123.63301655740388,JPM,JPMorgan Chase & Co.,0.8542263507843018,0.14401067793369293,0.0017630080692470074
2022-04-13,116.153564453125,127.3000030517578,129.25,126.01000213623048,126.94000244140624,30838000,-0.0322336016791717,120.10493656432206,122.95306636610582,JPM,JPMorgan Chase & Co.,0.2007126808166504,0.19983446598052979,0.5994528532028198
2022-04-14,115.07688903808594,126.12000274658205,128.3000030517578,125.0199966430664,126.5,18835200,-0.0092694134709362,118.84792468276302,122.23705024537674,JPM,JPMorgan Chase & Co.,0.24583521485328674,1.3659666365128942e-05,0.7541511654853821
2022-04-18,117.21199035644533,128.4600067138672,129.24000549316406,125.54000091552734,125.66999816894533,11834400,0.0185536934149543,118.4389411011836,121.78022661911024,JPM,JPMorgan Chase & Co.,0.27742719650268555,0.7220351696014404,0.0005377040361054242
2022-04-19,119.63905334472656,131.1199951171875,131.32000732421875,128.22999572753906,128.4499969482422,15015400,0.020706610142021,118.73896916206934,121.58557450325718,JPM,JPMorgan Chase & Co.,0.9976611137390137,0.0020966236479580402,0.00024221233616117388
2022-04-20,120.05882263183594,131.5800018310547,133.50999450683594,131.33999633789062,132.52000427246094,13430200,0.0035086309643379,119.068932529511,121.44677887858252,JPM,JPMorgan Chase & Co.,0.7236974835395813,0.002542529720813036,0.2737599313259125
2022-04-21,119.12811279296876,130.55999755859375,132.80999755859375,129.9600067138672,132.22000122070312,12174200,-0.0077521153253454,119.08372759537542,121.23599105261763,JPM,JPMorgan Chase & Co.,0.44501984119415283,0.054623957723379135,0.5003562569618225
2022-04-22,115.70646667480467,126.80999755859376,130.52000427246094,126.69000244140624,130.27999877929688,14318800,-0.0287224068101414,118.23941236523274,120.733307018271,JPM,JPMorgan Chase & Co.,0.4962567389011383,0.4983575642108917,0.005385726224631071
2022-04-25,115.66997528076172,126.7699966430664,127.12000274658205,123.11000061035156,126.01000213623048,17149000,-0.0003153790370725,117.59705309411498,120.27300413304287,JPM,JPMorgan Chase & Co.,0.3366711139678955,1.6329175196005963e-05,0.663312554359436
2022-04-26,112.24830627441406,123.0199966430664,126.41000366210938,122.87000274658205,124.63999938964844,17209500,-0.0295813066272587,116.25986638918975,119.5434861458948,JPM,JPMorgan Chase & Co.,0.6672840118408203,0.00018270968575961888,0.3325332701206207
2022-04-27,110.78842163085938,121.41999816894533,123.55999755859376,121.22000122070312,122.33000183105467,17215200,-0.0130058500837036,114.89200519960715,118.74757118998248,JPM,JPMorgan Chase & Co.,0.999915361404419,4.074792911978875e-07,8.42469307826832e-05
2022-04-28,112.54029846191406,123.33999633789062,123.6500015258789,121.13999938964844,122.80999755859376,13015600,0.0158128151413858,114.30407851518387,118.183273669249,JPM,JPMorgan Chase & Co.,0.007403593510389328,0.0003695056075230241,0.9922269582748413
2022-04-29,108.90877532958984,119.36000061035156,123.61000061035156,118.9000015258789,123.0500030517578,14874800,-0.0322686467154981,112.95525271878536,117.3401374565527,JPM,JPMorgan Chase & Co.,0.7678759098052979,0.1668444275856018,0.06527959555387497
2022-05-02,109.90335083007812,120.4499969482422,120.70999908447266,118.22000122070312,119.87999725341795,18545000,0.0091321888202158,112.19227724660855,116.664065945055,JPM,JPMorgan Chase & Co.,0.6257295608520508,0.30716556310653687,0.06710486114025116
2022-05-03,112.25743865966795,123.02999877929688,124.16999816894533,120.77999877929688,121.52999877929688,15720900,0.0214196183447537,112.20856759987342,116.26346346456526,JPM,JPMorgan Chase & Co.,0.24277593195438385,0.41070064902305603,0.3465234339237213
2022-05-04,115.97108459472656,127.0999984741211,127.4000015258789,122.73999786376952,122.8000030517578,17128500,0.0330815131665109,113.14919684858673,116.2368835673072,JPM,JPMorgan Chase & Co.,0.2177077978849411,0.7820492386817932,0.00024290593864861876
2022-05-05,113.06951904296876,123.91999816894533,126.0999984741211,122.16000366210938,125.25,15055400,-0.0250197328230363,113.12927739718222,115.94894133782188,JPM,JPMorgan Chase & Co.,0.2587684988975525,0.2627023458480835,0.4785291850566864
2022-05-06,112.88703155517578,123.72000122070312,124.29000091552734,121.18000030517578,123.8000030517578,14417900,-0.0016139406034231,113.0687159366806,115.67058590303589,JPM,JPMorgan Chase & Co.,0.852587878704071,0.0011044293642044067,0.14630770683288574
2022-05-09,111.18988800048828,121.86000061035156,123.33000183105467,120.5,122.11000061035156,14312300,-0.015033999311586,112.59900895263252,115.263249730077,JPM,JPMorgan Chase & Co.,0.1932131052017212,0.30640166997909546,0.5003852844238281
2022-05-10,108.47992706298828,118.88999938964844,123.77999877929688,117.55999755859376,123.11000061035156,16382400,-0.0243723686230181,111.56923848022146,114.64658403306892,JPM,JPMorgan Chase & Co.,3.7405063721962506e-06,7.706001269980334e-06,0.9999885559082031
2022-05-11,107.79561614990234,118.13999938964844,122.88999938964844,117.94000244140624,119.3000030517578,14630300,-0.0063081800625529,110.62583289764169,114.02376877096287,JPM,JPMorgan Chase & Co.,0.6031090021133423,0.02804754115641117,0.3688434064388275
2022-05-12,107.70438385009766,118.04000091552734,118.31999969482422,115.37000274658205,117.0,16318800,-0.0008463451767631,109.89547063575569,113.4492792327024,JPM,JPMorgan Chase & Co.,0.7969576120376587,0.00011272515257587656,0.20292966067790985
2022-05-13,108.66243743896484,119.08999633789062,120.25,117.95999908447266,119.41000366210938,10443200,0.0088952144250749,109.58721233655795,113.01411179690808,JPM,JPMorgan Chase & Co.,0.9180464744567871,4.761616946780123e-05,0.08190585672855377
2022-05-16,107.90511322021484,118.26000213623048,119.45999908447266,117.2300033569336,118.54000091552734,10269000,-0.0069695125252033,109.1666875574722,112.54965738084503,JPM,JPMorgan Chase & Co.,0.9186018109321594,0.00042937323451042175,0.08096877485513687
2022-05-17,111.48187255859376,122.18000030517578,122.97000122070312,120.80999755859376,121.04000091552734,11160200,0.0331472645886519,109.74548380775258,112.45258603336764,JPM,JPMorgan Chase & Co.,0.19861698150634766,0.8013342618942261,4.866592280450277e-05
2022-05-18,109.57486724853516,120.08999633789062,121.97000122070312,119.52999877929688,121.3000030517578,12664900,-0.0171059676904538,109.70282966794822,112.19097523474652,JPM,JPMorgan Chase & Co.,0.9996981024742126,0.00010334933176636696,0.0001986230054171756
2022-05-19,107.9507293701172,118.30999755859376,119.6500015258789,117.62999725341795,118.19000244140624,12765800,-0.0148221751867071,109.26480459349048,111.80549833796204,JPM,JPMorgan Chase & Co.,0.5696889758110046,0.08807239681482315,0.3422386944293976
2022-05-20,107.06566619873048,117.33999633789062,119.66999816894533,115.0199966430664,119.45999908447266,13150100,-0.0081987697216219,108.71501999480049,111.3746045071228,JPM,JPMorgan Chase & Co.,0.24879392981529236,0.36367660760879517,0.38752949237823486
2022-05-23,113.68997192382812,124.5999984741211,126.56999969482422,120.4499969482422,120.45999908447266,24376700,0.0618714286314896,109.9587579770574,111.585092454096,JPM,JPMorgan Chase & Co.,2.96547805191949e-05,0.7999623417854309,0.20000800490379333
2022-05-24,115.29586029052734,126.36000061035156,127.48999786376952,123.11000061035156,124.36000061035156,19324900,0.0141251540441504,111.29303355542488,111.92243498468066,JPM,JPMorgan Chase & Co.,0.19852611422538757,0.8000090718269348,0.0014647962525486946
2022-05-25,116.09879302978516,127.23999786376952,127.86000061035156,125.16999816894533,126.27999877929688,12780400,0.0069641072735355,112.49447342401494,112.30210389787196,JPM,JPMorgan Chase & Co.,0.003893634770065546,0.06696266680955887,0.9291436672210693
2022-05-26,118.10618591308594,129.44000244140625,130.19000244140625,128.2100067138672,128.3699951171875,15990900,0.0172903854632302,113.8974015462827,112.82974771743687,JPM,JPMorgan Chase & Co.,0.07285039871931076,0.9260405898094177,0.0011089586187154055
2022-05-27,119.77593231201172,131.27000427246094,131.27000427246094,129.13999938964844,130.16000366210938,11177800,0.0141376709951037,115.36703423771496,113.4612190442164,JPM,JPMorgan Chase & Co.,0.9999634027481079,1.7607452491574804e-06,3.4865002817241475e-05
2022-05-31,120.65188598632812,132.22999572753906,133.14999389648438,129.7100067138672,130.17999267578125,17015000,0.0073132695142341,116.68824717486824,114.11491603895384,JPM,JPMorgan Chase & Co.,0.0007370365201495588,8.054469071794301e-05,0.999182403087616
2022-06-01,118.53504180908205,129.91000366210938,132.8699951171875,128.6699981689453,132.8699951171875,10768000,-0.0175450566722675,117.14994583342168,114.51674565442003,JPM,JPMorgan Chase & Co.,8.109216287266463e-05,1.0939768344542244e-06,0.9999178647994995
2022-06-02,120.44203186035156,132.0,132.00999450683594,128.6699981689453,129.89999389648438,8374800,0.0160879856468183,117.97296734015416,115.05540803677744,JPM,JPMorgan Chase & Co.,5.231899558566511e-05,2.219303496531211e-06,0.9999454617500305
2022-06-03,118.76313018798828,130.16000366210938,131.77000427246094,129.99000549316406,131.2100067138672,8596000,-0.0139394997446564,118.1705080521127,115.39247368688751,JPM,JPMorgan Chase & Co.,0.9994062185287476,0.0005764940869994462,1.7224923794856295e-05
2022-06-06,118.37078857421876,129.72999572753906,132.38999938964844,129.4600067138672,131.08999633789062,11323500,-0.0033035641040152,118.2205781826392,115.66322958573582,JPM,JPMorgan Chase & Co.,0.795019805431366,0.20000743865966797,0.0049727438017725945
2022-06-07,118.68102264404295,130.07000732421875,130.32000732421875,128.6199951171875,128.8300018310547,6722200,0.0026208667996641,118.33568929799014,115.93757440921829,JPM,JPMorgan Chase & Co.,0.00452905660495162,0.9954641461372375,6.819643658673158e-06
2022-06-08,116.79227447509766,128.0,129.4499969482422,126.9000015258789,129.0,8422100,-0.0159144918611814,117.94983559226702,116.01527441520732,JPM,JPMorgan Chase & Co.,2.588685266147195e-09,1.0,2.6075621661902915e-08
2022-06-09,114.33779907226562,125.30999755859376,128.10000610351562,125.2699966430664,127.37000274658205,13560100,-0.0210157342500884,117.04682646226668,115.86277665675809,JPM,JPMorgan Chase & Co.,0.8687280416488647,0.0026746331714093685,0.12859733402729034
2022-06-10,109.08216857910156,119.5500030517578,123.4000015258789,119.31999969482422,122.58999633789062,12945200,-0.0459658182666461,115.0556619914754,115.24635774060748,JPM,JPMorgan Chase & Co.,0.12555047869682312,0.00024306215345859528,0.8742064237594604
2022-06-13,105.83385467529295,115.98999786376952,117.9499969482422,115.05999755859376,116.86000061035156,16805600,-0.0297785966865249,112.75021016242978,114.3906756437607,JPM,JPMorgan Chase & Co.,0.7881044745445251,0.004879091400653124,0.20701642334461212
2022-06-14,104.0728759765625,114.05999755859376,117.31999969482422,113.22000122070312,115.5500030517578,13357900,-0.016639086841666,110.58087661596296,113.4526938558336,JPM,JPMorgan Chase & Co.,0.8516528010368347,0.14797446131706238,0.0003727522271219641
2022-06-15,105.3046646118164,115.41000366210938,116.9499969482422,113.16999816894533,115.62000274658205,14083500,0.0118358277667978,109.26182361492631,112.7119639245593,JPM,JPMorgan Chase & Co.,0.9995624423027039,1.2878920642833691e-05,0.00042464880971238017
2022-06-16,103.4980239868164,113.43000030517578,114.26000213623048,111.87000274658205,113.86000061035156,16724900,-0.0171563209631767,107.82087370789884,111.87433302112812,JPM,JPMorgan Chase & Co.,0.9856671094894409,1.08242456917651e-05,0.014322157017886639
2022-06-17,103.13304901123048,113.02999877929688,114.62999725341795,112.16000366210938,113.54000091552734,30919900,-0.003526395592175,106.64891753373176,111.07967083841017,JPM,JPMorgan Chase & Co.,0.0,1.0,0.0
2022-06-21,105.6878890991211,115.83000183105467,117.02999877929688,115.04000091552734,115.87000274658205,11680500,0.024772273411721,106.40866042507908,110.58950886211116,JPM,JPMorgan Chase & Co.,0.8081059455871582,0.19084766507148743,0.0010464059887453914
2022-06-22,105.09478759765624,115.18000030517578,116.1999969482422,114.38999938964844,114.87999725341795,9842700,-0.0056118208672764,106.08019221822336,110.0899887471607,JPM,JPMorgan Chase & Co.,0.0046119969338178635,6.64549515931867e-05,0.9953215718269348
2022-06-23,103.94512176513672,113.91999816894533,115.18000030517578,111.4800033569336,115.01000213623048,11851500,-0.0109393230511193,105.54642460495172,109.5313644760676,JPM,JPMorgan Chase & Co.,0.988591194152832,0.010481363162398338,0.000927430868614465
2022-06-24,107.04739379882812,117.31999969482422,117.81999969482422,112.83000183105467,113.2300033569336,14841100,0.0298452874075318,105.9216669034208,109.30554895995492,JPM,JPMorgan Chase & Co.,3.1732263323647203e-06,0.9999967813491821,5.106469469495778e-09
2022-06-27,106.18971252441406,116.37999725341795,118.5,115.63999938964844,118.05999755859376,11280500,-0.0080121639955652,105.98867830866912,109.02229110217849,JPM,JPMorgan Chase & Co.,0.9161157608032227,0.08306308090686798,0.000821159512270242
2022-06-28,105.6787567138672,115.81999969482422,119.29000091552734,115.5999984741211,117.66999816894533,11590900,-0.0048117260928586,105.91119790996864,108.7183334305138,JPM,JPMorgan Chase & Co.,0.999984860420227,1.6600419030510238e-06,1.3536575352190994e-05
2022-06-29,105.20429229736328,115.3000030517578,116.81999969482422,114.7300033569336,116.0,9338400,-0.0044896858295613,105.7344715068173,108.39887514568194,JPM,JPMorgan Chase & Co.,0.7262954711914062,0.00014827563427388668,0.2735562324523926
2022-06-30,102.74983978271484,112.61000061035156,114.08000183105467,110.93000030517578,113.16999816894533,15172600,-0.0233303457591905,104.9883135757917,107.88532647632128,JPM,JPMorgan Chase & Co.,0.9917386174201965,0.008122994564473629,0.00013836038124281913
2022-07-01,104.0637435913086,114.0500030517578,114.41999816894533,111.16000366210938,112.6500015258789,10573600,0.0127874049377816,104.75717107967093,107.53790985041104,JPM,JPMorgan Chase & Co.,0.9999845623970032,2.9247980819491204e-06,1.2509442967711948e-05
2022-07-05,103.66791534423828,112.62000274658205,112.70999908447266,109.3000030517578,110.7699966430664,12514200,-0.0038037094708495,104.48485714581275,107.18609216803168,JPM,JPMorgan Chase & Co.,0.9691532254219055,0.02941012755036354,0.0014367072144523263
2022-07-06,102.9959487915039,111.88999938964844,112.98999786376952,110.79000091552734,111.7300033569336,10656200,-0.0064819143946616,104.11263005723556,106.8051700428928,JPM,JPMorgan Chase & Co.,0.9999828338623047,6.547549560309562e-07,1.6452555428259075e-05
2022-07-07,105.60099029541016,114.72000122070312,114.9000015258789,113.4000015258789,113.5,10347400,0.0252926599004361,104.4847201167792,106.695699156758,JPM,JPMorgan Chase & Co.,0.9999129772186279,3.731802644324489e-05,4.968375651515089e-05
2022-07-08,105.26960754394533,114.36000061035156,115.6500015258789,113.61000061035156,115.16000366210938,8807800,-0.0031380648092202,104.68094197357073,106.56605446468411,JPM,JPMorgan Chase & Co.,0.941218912601471,5.881001925445162e-06,0.058775290846824646
2022-07-11,103.88883972167967,112.86000061035156,114.2300033569336,112.22000122070312,113.5500030517578,7939500,-0.0131164906422702,104.48291641059797,106.32267130622918,JPM,JPMorgan Chase & Co.,0.9998273849487305,0.00013976782793179154,3.2847463444340974e-05
2022-07-12,103.99010467529295,112.97000122070312,115.18000030517578,112.26000213623048,112.58000183105467,11250900,0.0009747433303188,104.35971347677172,106.1106197943259,JPM,JPMorgan Chase & Co.,0.2614898979663849,0.22556568682193756,0.5129444003105164
2022-07-13,103.01435089111328,111.91000366210938,112.4800033569336,110.37999725341795,111.75,12979900,-0.0093831407058052,104.0233728303571,105.82914080312474,JPM,JPMorgan Chase & Co.,0.9964739680290222,0.00024998170556500554,0.0032759979367256165
2022-07-14,99.41515350341795,108.0,108.2300033569336,106.05999755859376,107.98999786376952,26204800,-0.034938795969308,102.87131799862232,105.24605104860596,JPM,JPMorgan Chase & Co.,0.18536433577537537,0.00010676561942091212,0.8145288228988647
2022-07-15,103.9716796875,112.9499969482422,113.87999725341795,107.66999816894533,109.16000366210938,18863900,0.0458333163859709,103.14640842084174,105.1301991066872,JPM,JPMorgan Chase & Co.,0.7998393774032593,4.407739106682129e-05,0.20011654496192932
2022-07-18,102.90389251708984,111.79000091552734,115.83999633789062,111.29000091552734,114.7699966430664,13977900,-0.0102699809565405,103.08577944490376,104.927807598542,JPM,JPMorgan Chase & Co.,0.4000094532966614,0.3999125063419342,0.200078085064888
2022-07-19,105.4537124633789,114.55999755859376,114.94000244140624,112.66999816894533,113.12999725341795,11862300,0.0247786539840133,103.67776269952256,104.975617131709,JPM,JPMorgan Chase & Co.,0.20227868854999542,0.5985022783279419,0.19921906292438507
2022-07-20,105.43528747558594,114.54000091552734,114.73999786376952,113.4800033569336,114.0999984741211,11667500,-0.0001747210919612,104.1171438935384,105.0174053447887,JPM,JPMorgan Chase & Co.,0.03427572175860405,0.9571675658226013,0.008556709624826908
2022-07-21,106.1532974243164,115.31999969482422,115.52999877929688,113.37000274658205,114.44000244140624,11595900,0.0068099586573113,104.6261822762329,105.1206682611094,JPM,JPMorgan Chase & Co.,0.9997435808181763,2.977002259285655e-05,0.00022662643459625542
2022-07-22,105.6378173828125,114.76000213623048,116.25,113.66999816894533,115.23999786376952,7645500,-0.004855996507046,104.8790910528778,105.16768181762788,JPM,JPMorgan Chase & Co.,0.9999809265136719,3.785898570640711e-06,1.5253831406880636e-05
2022-07-25,106.06126403808594,115.22000122070312,116.45999908447266,114.7699966430664,115.83999633789062,9394000,0.0040084759962328,105.17463429917984,105.24891656494223,JPM,JPMorgan Chase & Co.,0.9999948740005493,6.825779905739182e-07,4.448816071089823e-06
2022-07-26,104.40432739257812,113.41999816894533,115.58000183105467,113.02999877929688,114.58000183105467,10675100,-0.015622448596434,104.9820575725294,105.17213573109096,JPM,JPMorgan Chase & Co.,0.8644924163818359,0.13271144032478333,0.002796085085719824
2022-07-27,106.07966613769533,115.23999786376952,115.73999786376952,113.3000030517578,114.01000213623048,9337400,0.0160466408525159,105.25645971382087,105.2546384953277,JPM,JPMorgan Chase & Co.,0.6752727627754211,0.0002708674583118409,0.3244563043117523
2022-07-28,105.683837890625,114.80999755859376,115.9800033569336,113.52999877929688,115.25,10384800,-0.0037314243293008,105.36330425802193,105.2936566221729,JPM,JPMorgan Chase & Co.,0.45068618655204773,0.0002199344162363559,0.5490939021110535
2022-07-29,106.19010925292967,115.36000061035156,116.5,114.79000091552734,115.58999633789062,12944500,0.0047904331675447,105.57000550674886,105.37515231587804,JPM,JPMorgan Chase & Co.,0.9999845623970032,1.0747978649305878e-06,1.4385101167135872e-05
2022-08-01,105.13152313232422,114.20999908447266,115.11000061035156,113.06999969482422,114.5,14740400,-0.0099687826677348,105.46038491314268,105.35300420828224,JPM,JPMorgan Chase & Co.,0.8013879656791687,0.197257399559021,0.001354670850560069
2022-08-02,103.49301147460938,112.43000030517578,114.4000015258789,112.2699966430664,113.91999816894533,14942900,-0.0155853507006887,104.96854155350935,105.18391395976651,JPM,JPMorgan Chase & Co.,0.9998814463615417,6.241071241674945e-05,5.6149456213461235e-05
2022-08-03,104.5792236328125,113.61000061035156,114.0999984741211,111.70999908447266,113.4499969482422,14394500,0.0104955121387071,104.87121207333516,105.12894211186162,JPM,JPMorgan Chase & Co.,0.9987270832061768,0.001130516640841961,0.00014236955030355603
2022-08-04,103.4285888671875,112.36000061035156,113.31999969482422,111.0199966430664,112.8499984741211,18033900,-0.0110025177626579,104.51055627179824,104.97436454416398,JPM,JPMorgan Chase & Co.,0.9993846416473389,0.0003341249830555171,0.00028116541216149926
2022-08-05,106.5583267211914,115.76000213623048,116.19000244140624,112.0500030517578,112.52999877929688,14174600,0.0302598912765095,105.02249888414651,105.11836110571193,JPM,JPMorgan Chase & Co.,0.9999641180038452,2.4286925963679096e-06,3.354324871907011e-05
2022-08-08,105.26039123535156,114.3499984741211,116.6999969482422,114.18000030517578,116.25,10332500,-0.0121805167721512,105.08197197194778,105.13127293567916,JPM,JPMorgan Chase & Co.,0.7484325170516968,0.24844343960285187,0.003124052658677101
2022-08-09,106.2085189819336,115.37999725341795,115.98999786376952,114.37000274658205,114.75,10233800,0.0090074503377259,105.36360872444423,105.22920439442956,JPM,JPMorgan Chase & Co.,0.801892101764679,4.501059447648004e-05,0.198062926530838
2022-08-10,108.97926330566406,118.38999938964844,119.37000274658205,117.5,117.95999908447266,12847300,0.0260877785538256,106.2675223697492,105.57011884090544,JPM,JPMorgan Chase & Co.,0.9999748468399048,2.346687779208878e-06,2.2756323232897557e-05
2022-08-11,110.59015655517578,120.13999938964844,121.1999969482422,119.30999755859376,119.9000015258789,11684900,0.0147816492849057,107.34818091610585,106.02648590583912,JPM,JPMorgan Chase & Co.,0.5240166783332825,0.07917000353336334,0.3968133330345154
2022-08-12,112.4219741821289,122.12999725341795,122.25,119.44000244140624,120.66999816894533,9906700,0.0165640205603578,108.6166292326116,106.60789393095637,JPM,JPMorgan Chase & Co.,0.9999415874481201,2.683532329683658e-07,5.811618757434189e-05
2022-08-15,112.72573852539062,122.45999908447266,122.72000122070312,120.5999984741211,121.13999938964844,8456200,0.0027020015034571,109.64390655580635,107.16406162135948,JPM,JPMorgan Chase & Co.,0.4729783535003662,0.001642789924517274,0.5253788828849792
2022-08-16,113.80274200439452,123.62999725341795,124.23999786376952,121.87000274658205,122.29000091552734,9555000,0.0095541931513831,110.6836154179534,107.7675780198172,JPM,JPMorgan Chase & Co.,3.933267362299375e-05,2.249176031909883e-05,0.9999381303787231
2022-08-17,112.84540557861328,122.58999633789062,123.16000366210938,121.69000244140624,122.3000030517578,8149300,-0.0084122439312075,111.22406295811837,108.22919870698048,JPM,JPMorgan Chase & Co.,0.5024471282958984,0.36853474378585815,0.12901808321475983
2022-08-18,111.97091674804688,121.63999938964844,122.47000122070312,120.5500030517578,122.23999786376952,9531800,-0.0077494411587469,111.4107764056005,108.56935489253196,JPM,JPMorgan Chase & Co.,0.0015685533871874213,0.9983788728713989,5.257303928374313e-05
2022-08-19,109.20018005371094,118.62999725341795,120.98999786376952,118.11000061035156,120.62000274658205,13464500,-0.0247451461040597,110.85812731762812,108.62670263445732,JPM,JPMorgan Chase & Co.,0.021750444546341896,0.5221391916275024,0.4561103582382202
2022-08-22,107.39598083496094,116.66999816894533,117.16000366210938,115.5,116.75,8967600,-0.0165219436255745,109.99259069696132,108.5148188345031,JPM,JPMorgan Chase & Co.,0.9999902248382568,1.565287561788864e-07,9.600074008631054e-06
2022-08-23,106.33738708496094,115.5199966430664,117.29000091552734,115.37999725341795,116.69000244140624,7607000,-0.0098569214766685,109.07878979396122,108.31687049363563,JPM,JPMorgan Chase & Co.,0.8569309115409851,1.0417356861580629e-05,0.143058642745018
2022-08-24,106.59515380859376,115.8000030517578,116.41000366210938,114.4499969482422,115.29000091552734,9771300,0.0024240460547226,108.45788079761935,108.16035079499548,JPM,JPMorgan Chase & Co.,0.9921000599861145,9.851311006059404e-06,0.007890095934271812
2022-08-25,109.12654113769533,118.5500030517578,118.73999786376952,115.68000030517578,116.16000366210938,10758900,0.02374767743801,108.62504588263836,108.24818628069544,JPM,JPMorgan Chase & Co.,0.5081133842468262,0.491851806640625,3.482321699266322e-05
2022-08-26,105.55496215820312,114.66999816894533,119.98999786376952,114.5999984741211,119.45999908447266,11276200,-0.032728783871062,107.85752495152954,108.00334772410524,JPM,JPMorgan Chase & Co.,0.9976692199707031,0.00016933359438553452,0.0021614280994981527
2022-08-29,105.2972183227539,114.38999938964844,114.86000061035156,113.45999908447266,114.0,8117300,-0.0024417974312085,107.21744829433564,107.757335960346,JPM,JPMorgan Chase & Co.,0.6176158785820007,0.0372922383248806,0.34509190917015076
2022-08-30,105.31564331054688,114.41000366210938,115.58000183105467,113.36000061035156,115.0,10745400,0.0001749807647957,106.74199704838844,107.53536390127336,JPM,JPMorgan Chase & Co.,0.33350828289985657,0.6664847731590271,6.951891464268556e-06
2022-08-31,104.689697265625,113.7300033569336,115.02999877929688,113.33999633789062,114.4800033569336,10738300,-0.0059435239176779,106.22892210269758,107.27666693439625,JPM,JPMorgan Chase & Co.,0.9997682571411133,3.0728114097655634e-07,0.00023148619220592082
2022-09-01,105.40768432617188,114.51000213623048,114.62999725341795,111.91000366210938,113.29000091552734,9979800,0.0068582399156733,106.02361265856617,107.10675942455768,JPM,JPMorgan Chase & Co.,0.9999613761901855,4.079044629179407e-06,3.4596334444358945e-05
2022-09-02,104.67127227783205,113.70999908447266,117.4499969482422,113.19000244140624,115.87000274658205,10666600,-0.0069863222311298,105.68552756338262,106.88535150212806,JPM,JPMorgan Chase & Co.,0.33381521701812744,0.6660073399543762,0.0001774189731804654
2022-09-06,104.69889068603516,113.73999786376952,114.75,112.06999969482422,114.33000183105467,9751900,0.0002638585315923,105.43886834404576,106.68658233702872,JPM,JPMorgan Chase & Co.,0.5996865034103394,0.2001495361328125,0.20016388595104218
2022-09-07,106.68720245361328,115.9000015258789,116.11000061035156,112.76000213623048,113.12999725341795,10647900,0.0189907625052165,105.75095187143764,106.68663871126368,JPM,JPMorgan Chase & Co.,0.00391834182664752,0.9960789084434509,2.7757155294239055e-06
2022-09-08,109.17256927490234,118.5999984741211,118.79000091552734,114.62999725341795,115.27999877929688,11435000,0.0232958289666436,106.60635622230382,106.9126323988672,JPM,JPMorgan Chase & Co.,0.24638506770133972,0.7502866983413696,0.0033282001968473196
2022-09-09,109.69725799560548,119.16999816894533,120.0500030517578,118.66999816894533,119.13999938964844,9299700,0.0048060490303376,107.37908166562924,107.16578018038884,JPM,JPMorgan Chase & Co.,0.0,1.0,0.0
2022-09-12,110.99518585205078,120.58000183105467,121.5500030517578,119.79000091552734,120.62000274658205,8614600,0.0118319079269721,108.28310771223462,107.51390796872175,JPM,JPMorgan Chase & Co.,0.9999914169311523,2.8466277512961824e-07,8.33104695630027e-06
2022-09-13,107.13824462890624,116.38999938964844,118.91999816894533,115.77999877929688,118.06999969482422,12904600,-0.0347487253031458,107.99689194140254,107.47975675601124,JPM,JPMorgan Chase & Co.,1.52115944729303e-07,8.800374757811369e-07,0.999998927116394
2022-09-14,106.88970184326172,116.12000274658205,117.83999633789062,114.87999725341795,116.6999969482422,9345700,-0.0023198325351083,107.72009441686734,107.42611540030674,JPM,JPMorgan Chase & Co.,0.9999889135360718,1.7678216863714624e-06,9.345062608190347e-06
2022-09-15,108.50060272216795,117.87000274658205,119.37999725341795,115.76000213623048,116.12000274658205,10821400,0.0150706836217804,107.91522149319248,107.52379606593048,JPM,JPMorgan Chase & Co.,0.6664372086524963,0.3333875238895416,0.00017527940508443862
2022-09-16,107.7734146118164,117.08000183105467,117.4000015258789,115.37000274658205,117.38999938964844,14844100,-0.0067021573346798,107.87976977284848,107.54648866101104,JPM,JPMorgan Chase & Co.,0.053906746208667755,0.0019787619821727276,0.9441144466400146
2022-09-19,108.76756286621094,118.16000366210938,118.7300033569336,115.51000213623048,116.0,8201300,0.009224429401029,108.10171804618908,107.65749540693828,JPM,JPMorgan Chase & Co.,0.9845903515815735,2.820414192683529e-05,0.01538142655044794
2022-09-20,106.6227569580078,115.83000183105467,117.69000244140624,114.63999938964844,117.41000366210938,9619000,-0.0197191685800787,107.73197777414376,107.56342827521732,JPM,JPMorgan Chase & Co.,0.8953033685684204,0.05901141092181206,0.04568528011441231
2022-09-21,103.54824829101562,112.48999786376952,116.5999984741211,112.41999816894533,116.54000091552734,12606300,-0.0288353889423722,106.68604540336172,107.19841191301715,JPM,JPMorgan Chase & Co.,0.9999613761901855,2.5888434720400255e-06,3.6038771213497967e-05
2022-09-22,102.36998748779295,111.20999908447266,113.5999984741211,111.06999969482422,113.37999725341795,11684500,-0.0113788579012097,105.60703092446954,106.75946423799678,JPM,JPMorgan Chase & Co.,0.7572281360626221,0.0018581949407234788,0.24091371893882751
2022-09-23,100.46453857421876,109.13999938964844,110.33999633789062,107.16000366210938,110.0500030517578,18138600,-0.0186133549523138,104.32140783690684,106.1871982685624,JPM,JPMorgan Chase & Co.,0.9999376535415649,1.1413641914259642e-05,5.087903264211491e-05
2022-09-26,98.30133819580078,106.79000091552734,109.61000061035156,106.05999755859376,108.0,15753600,-0.0215319794339162,102.81639042663032,105.47030189831136,JPM,JPMorgan Chase & Co.,0.9675325751304626,3.5939538065576926e-05,0.03243139013648033
2022-09-27,97.4360580444336,105.8499984741211,108.16999816894533,104.6500015258789,107.75,12793600,-0.0088023232160246,101.47130733108116,104.73991609341336,JPM,JPMorgan Chase & Co.,0.3613612651824951,0.502003014087677,0.1366356760263443
2022-09-28,99.40595245361328,107.98999786376952,108.7300033569336,105.63999938964844,105.9499969482422,12762600,0.0202173040321618,100.95496861171418,104.255010307977,JPM,JPMorgan Chase & Co.,0.9946625828742981,0.0003841010038740933,0.004953311290591955
2022-09-29,97.72142791748048,106.16000366210938,107.27999877929688,104.4000015258789,106.9499969482422,12713900,-0.0169459121365883,100.14658343815574,103.6610482724773,JPM,JPMorgan Chase & Co.,0.9720889925956726,0.00019926621462218463,0.027711769565939903
2022-09-30,96.19336700439452,104.5,107.62000274658205,104.4000015258789,106.05999755859376,15973400,-0.0156369073359866,99.15827932971544,102.98216815719704,JPM,JPMorgan Chase & Co.,0.3999945819377899,4.300891760067316e-06,0.6000011563301086
2022-10-03,99.16661834716795,107.7300033569336,108.36000061035156,104.45999908447266,105.62000274658205,12248100,0.0309091098000302,99.16036408407857,102.63529999264895,JPM,JPMorgan Chase & Co.,0.9999098777770996,1.5763270084789838e-06,8.855491614667699e-05
2022-10-04,103.80599975585938,112.7699966430664,112.98999786376952,109.86000061035156,110.61000061035156,16013600,0.0467837008664508,100.32177300202378,102.7417272438499,JPM,JPMorgan Chase & Co.,0.10458069294691086,0.89532470703125,9.45692736422643e-05
2022-10-05,102.5243148803711,110.38999938964844,110.9499969482422,108.83000183105467,109.75,10943500,-0.0123469248261436,100.8724084716106,102.72196248353364,JPM,JPMorgan Chase & Co.,0.6209638118743896,0.17909720540046692,0.19993895292282104
2022-10-06,100.43463897705078,108.13999938964844,110.19000244140624,107.94000244140624,109.45999908447266,11521400,-0.0203822469407244,100.76296609797066,102.5140239829443,JPM,JPMorgan Chase & Co.,0.7999642491340637,1.936912849487271e-05,0.20001640915870667
2022-10-07,98.42855072021484,105.9800033569336,107.70999908447266,105.2699966430664,107.5199966430664,11681100,-0.0199740674857638,100.1793622535317,102.14261732269615,JPM,JPMorgan Chase & Co.,0.9958217740058899,6.937333091627806e-05,0.00410880334675312
2022-10-10,97.50908660888672,104.98999786376952,107.30999755859376,104.5199966430664,106.7300033569336,8931700,-0.0093414370586611,99.51179334237044,101.7213872578044,JPM,JPMorgan Chase & Co.,0.00018692048615776002,0.20000293850898743,0.7998101115226746
2022-10-11,94.69499969482422,101.95999908447266,104.54000091552734,101.8499984741211,104.37000274658205,12739700,-0.0288597402757952,98.3075949304839,101.08262475207891,JPM,JPMorgan Chase & Co.,0.2000080645084381,2.4710461730137467e-06,0.7999894022941589
2022-10-12,96.2274398803711,103.61000061035156,104.7300033569336,101.27999877929688,101.8000030517578,13181000,0.0161829050159512,97.7875561679557,100.64124430919638,JPM,JPMorgan Chase & Co.,0.5999892950057983,0.40000075101852417,9.975347893487196e-06
2022-10-13,101.5770034790039,109.37000274658205,109.9000015258789,101.76000213623048,101.9800033569336,22398700,0.0555929120143208,98.73491799571777,100.72631332463342,JPM,JPMorgan Chase & Co.,0.5999921560287476,0.39999642968177795,1.1458874723757617e-05
2022-10-14,103.26731872558594,111.19000244140624,115.23999786376952,110.72000122070312,111.95999908447266,33387100,0.0166407276124405,99.8680181781848,100.9573138156291,JPM,JPMorgan Chase & Co.,0.5975942611694336,0.4013732075691223,0.001032578176818788
2022-10-17,107.60456848144533,115.86000061035156,117.01000213623048,114.31999969482422,115.41000366210938,22276300,0.0420002166163027,101.80215575399993,101.56160969433968,JPM,JPMorgan Chase & Co.,0.009789497591555119,0.9900062680244446,0.000204296171432361
2022-10-18,110.37222290039062,118.83999633789062,120.13999938964844,116.95999908447266,119.66000366210938,21539700,0.0257206032978287,103.9446725405976,102.3625745312534,JPM,JPMorgan Chase & Co.,0.7431685924530029,0.2505028545856476,0.00632854038849473
2022-10-19,108.208251953125,116.51000213623048,118.83000183105467,115.66999816894533,117.98999786376952,17072000,-0.0196061190977242,105.01056739372945,102.89399975142354,JPM,JPMorgan Chase & Co.,0.7706127762794495,0.01657944917678833,0.2128078043460846
2022-10-20,107.85531616210938,116.12999725341795,118.70999908447266,115.6500015258789,117.16000366210938,12207400,-0.0032616347149616,105.72175458582444,103.34502851603132,JPM,JPMorgan Chase & Co.,0.9995319247245789,3.608007318689488e-05,0.000432021013693884
2022-10-21,113.52068328857422,122.2300033569336,122.38999938964844,116.33000183105467,116.45999908447266,20593300,0.0525274722476325,107.67148676151189,104.27008804080796,JPM,JPMorgan Chase & Co.,0.5039571523666382,0.4955778419971466,0.00046492545516230166
2022-10-24,113.65997314453124,122.37999725341795,123.0999984741211,121.33000183105467,122.06999969482422,12624200,0.0012269998023439,109.16860835726672,105.12371395932826,JPM,JPMorgan Chase & Co.,0.5526002645492554,0.0011259336024522781,0.4462738037109375
2022-10-25,113.95719146728516,122.6999969482422,123.2699966430664,120.88999938964844,121.8499984741211,11289100,0.002614977942815,110.36575413477132,105.92675736914252,JPM,JPMorgan Chase & Co.,0.6665849089622498,0.33333393931388855,8.119260019157082e-05
2022-10-26,115.26673126220705,124.11000061035156,125.1999969482422,122.87999725341795,123.0,11667000,0.0114915063986797,111.59099841663024,106.77584590487568,JPM,JPMorgan Chase & Co.,0.9999964833259583,1.2650913276956999e-06,2.2172430362843443e-06
2022-10-27,115.72180938720705,124.5999984741211,126.1999969482422,124.20999908447266,125.1999969482422,10727600,0.0039480439847365,112.62370115927445,107.58911531236032,JPM,JPMorgan Chase & Co.,0.8767708539962769,0.002075264463201165,0.12115384638309479
2022-10-28,117.09635925292967,126.08000183105467,126.27999877929688,124.0500030517578,125.29000091552734,11859500,0.0118780536961999,113.74186568268826,108.45341021604844,JPM,JPMorgan Chase & Co.,0.9999860525131226,1.6319238511641743e-06,1.2294494808884338e-05
2022-10-31,116.91060638427734,125.87999725341795,127.43000030517578,125.58999633789062,125.6999969482422,13295200,-0.0015863248852264,114.53405085808552,109.22224623134198,JPM,JPMorgan Chase & Co.,0.9999479055404663,1.1437849934736732e-05,4.0618582715978846e-05
2022-11-01,119.01885223388672,128.14999389648438,128.27999877929688,126.33000183105467,126.87000274658205,13386900,0.0180329733529882,115.65525120203584,110.11284677702788,JPM,JPMorgan Chase & Co.,0.9997291564941406,0.000244942435529083,2.5906390874297358e-05
2022-11-02,117.92294311523438,126.97000122070312,130.36000061035156,126.63999938964844,127.6500015258789,16546100,-0.0092078615957306,116.22217418033546,110.82285553504664,JPM,JPMorgan Chase & Co.,0.2000211924314499,0.7999744415283203,4.377768163976725e-06
2022-11-03,118.13655090332033,127.1999969482422,128.17999267578125,125.91000366210938,126.30999755859376,12474400,0.0018114183927482,116.70076836108169,111.48773693216242,JPM,JPMorgan Chase & Co.,0.9999405145645142,9.667459153206437e-07,5.8588077081367373e-05
2022-11-04,121.36858367919922,130.67999267578125,130.8300018310547,128.4600067138672,129.49000549316406,14953200,0.0273584487710658,117.86772219061106,112.3859957273476,JPM,JPMorgan Chase & Co.,0.9998026490211487,7.541423110524192e-05,0.00012188703840365633
2022-11-07,122.0094223022461,131.3699951171875,132.2899932861328,130.47999572753906,131.0,12011200,0.0052801030021141,118.90314721851982,113.260852688702,JPM,JPMorgan Chase & Co.,1.7084074670492555e-06,0.9999983310699463,2.4540446119658554e-08
2022-11-08,122.08373260498048,131.4499969482422,132.05999755859375,130.13999938964844,131.24000549316406,9884100,0.0006090538036505,119.69829356513496,114.06293268109091,JPM,JPMorgan Chase & Co.,0.6713642477989197,2.558496817073319e-05,0.32861021161079407
2022-11-09,120.49557495117188,129.74000549316406,131.42999267578125,129.22000122070312,131.32000732421875,9494000,-0.0130087573497388,119.8976139116442,114.64771834200738,JPM,JPMorgan Chase & Co.,0.9999871253967285,8.632675871922402e-07,1.2071403034497052e-05
2022-11-10,125.4550552368164,135.0800018310547,135.25,132.52999877929688,132.6300048828125,16351600,0.0411590242019612,121.28697424293723,115.63020351426276,JPM,JPMorgan Chase & Co.,0.11686713993549347,0.25001591444015503,0.6331169605255127
2022-11-11,125.6594009399414,135.3000030517578,136.1699981689453,133.77999877929688,135.19000244140625,10704700,0.0016288359423959,122.38008091718828,116.54194873477898,JPM,JPMorgan Chase & Co.,0.0,1.0,0.0
2022-11-14,124.36844635009766,133.91000366210938,135.72999572753906,133.91000366210938,134.8000030517578,11085600,-0.0102734421793142,122.87717227541565,117.25344851798975,JPM,JPMorgan Chase & Co.,0.9051623344421387,3.534564530127682e-05,0.09480234980583191
2022-11-15,123.46755981445312,132.94000244140625,135.7100067138672,131.60000610351562,134.67999267578125,14038300,-0.0072436905186427,123.024769160175,117.81836772675916,JPM,JPMorgan Chase & Co.,0.022505784407258034,0.9338139891624451,0.043680209666490555
2022-11-16,123.63471221923828,133.1199951171875,133.55999755859375,132.02999877929688,133.0,7893400,0.0013538163792687,123.17725492494084,118.34712631698451,JPM,JPMorgan Chase & Co.,0.6067570447921753,9.680034418124706e-05,0.39314618706703186
2022-11-17,123.0960464477539,132.5399932861328,132.88999938964844,131.27999877929688,132.0,8820200,-0.0043569137001684,123.1569528056441,118.77884632887265,JPM,JPMorgan Chase & Co.,0.885802149772644,0.11415072530508041,4.712102236226201e-05
2022-11-18,124.30340576171876,133.83999633789062,134.6699981689453,132.27999877929688,134.57000732421875,9468500,0.0098082704425221,123.44356604466276,119.28107900458592,JPM,JPMorgan Chase & Co.,0.9998745918273926,1.6130192307173274e-05,0.0001092092934413813
2022-11-21,123.56973266601562,133.0500030517578,134.55999755859375,132.75,133.74000549316406,7800500,-0.0059022767011671,123.47510770000098,119.67095661017044,JPM,JPMorgan Chase & Co.,0.999868631362915,6.537902663694695e-05,6.595656304853037e-05
2022-11-22,125.41791534423828,135.0399932861328,135.27000427246094,133.69000244140625,134.0,9185700,0.0149565968813569,123.9608096110603,120.1934074041766,JPM,JPMorgan Chase & Co.,0.0,1.0,0.0
2022-11-23,126.75530242919922,136.47999572753906,136.5,134.86000061035156,134.94000244140625,7316200,0.0106634453402463,124.65943281559504,120.7899433155423,JPM,JPMorgan Chase & Co.,0.6684275269508362,0.25002577900886536,0.08154667168855667
2022-11-25,126.99681091308594,136.74000549316406,137.13999938964844,136.05999755859375,136.47999572753906,3220500,0.0019053126714096,125.24377733996776,121.35420400622807,JPM,JPMorgan Chase & Co.,0.9998526573181152,1.786309667295427e-06,0.00014551362255588174
2022-11-28,124.7770767211914,134.35000610351562,136.7100067138672,134.19000244140625,136.07000732421875,9906900,-0.0174786608886869,125.12710218527366,121.66537425304294,JPM,JPMorgan Chase & Co.,0.7999831438064575,0.20001022517681122,6.59821762383217e-06
2022-11-29,126.82960510253906,136.55999755859375,136.63999938964844,134.41000366210938,134.66000366210938,7925300,0.0164495629748879,125.55272791459,122.13484978481532,JPM,JPMorgan Chase & Co.,0.9980136752128601,0.0015506999334320426,0.00043556862510740757
2022-11-30,128.33416748046875,138.17999267578125,138.17999267578125,133.19000244140625,136.08999633789062,14761200,0.011862864168924,126.24808780605969,122.6984241207838,JPM,JPMorgan Chase & Co.,0.6009065508842468,0.00013278982078190893,0.3989606201648712
2022-12-01,126.53244018554688,136.24000549316406,138.66000366210938,135.42999267578125,138.17999267578125,8858500,-0.014039342213336,126.31917590093148,123.04697103576228,JPM,JPMorgan Chase & Co.,0.4300413727760315,0.0009628633852116764,0.5689957737922668
2022-12-02,125.52936553955078,135.16000366210938,135.35000610351562,133.33999633789062,134.49000549316406,8931900,-0.0079274109036796,126.1217233105863,123.2726432633794,JPM,JPMorgan Chase & Co.,0.7956046462059021,0.00020383142691571265,0.20419147610664368
2022-12-05,122.0094223022461,131.3699951171875,134.57000732421875,130.60000610351562,134.24000549316406,10154500,-0.0280407952527701,125.09364805850126,123.15780499418544,JPM,JPMorgan Chase & Co.,0.0,1.0,0.0
2022-12-06,122.2137222290039,131.58999633789062,135.11000061035156,129.8699951171875,133.38999938964844,13966700,0.0016744602416993,124.37366660112691,123.07197928825984,JPM,JPMorgan Chase & Co.,0.0020651929080486298,0.600131094455719,0.39780372381210327
2022-12-07,122.13015747070312,131.5,133.0800018310547,130.3300018310547,131.30999755859375,11739400,-0.0006837592111317,123.81278931852096,122.9863591230274,JPM,JPMorgan Chase & Co.,2.753136413957691e-06,0.9999970197677612,2.7851046979776584e-07
2022-12-08,123.41182708740234,132.8800048828125,132.97999572753906,131.42999267578125,132.3300018310547,8907300,0.0104942926730171,123.71254876074131,123.02503802887968,JPM,JPMorgan Chase & Co.,0.9757148623466492,7.49265673221089e-05,0.024210242554545403
2022-12-09,122.7431182861328,132.16000366210938,133.75999450683594,132.0,132.1999969482422,7957800,-0.0054185147165509,123.4701911420892,122.99940896135725,JPM,JPMorgan Chase & Co.,0.9757148027420044,7.492656004615128e-05,0.024210236966609955
2022-12-12,124.64708709716795,134.2100067138672,134.64999389648438,131.60000610351562,132.39999389648438,8841600,0.0155118171806318,123.76441513085888,123.14919788279455,JPM,JPMorgan Chase & Co.,0.4215489327907562,0.386949360370636,0.1915016919374466
2022-12-13,124.52633666992188,134.0800018310547,137.08999633789062,133.0800018310547,136.88999938964844,10025400,-0.0009687384603859,123.95489551562464,123.27439231798796,JPM,JPMorgan Chase & Co.,0.9978298544883728,0.00010020733316196129,0.0020699594169855118
2022-12-14,123.9040756225586,133.41000366210938,135.7100067138672,132.75999450683594,133.77999877929688,9966100,-0.0049970236337449,123.94219054235812,123.33163625476708,JPM,JPMorgan Chase & Co.,0.9999624490737915,2.3202906049846206e-06,3.530559843056835e-05
2022-12-15,120.82990264892578,130.10000610351562,132.0800018310547,129.0500030517578,131.14999389648438,12087800,-0.024810910845237,123.16411856900004,123.10420592696332,JPM,JPMorgan Chase & Co.,0.6663751006126404,8.785724276094697e-06,0.3336160182952881
2022-12-16,120.07762145996094,129.2899932861328,129.89999389648438,128.42999267578125,129.14999389648438,21133700,-0.0062259521233797,122.39249429174026,122.82906188450858,JPM,JPMorgan Chase & Co.,0.9999966621398926,3.1254211307896185e-07,2.9428301786538213e-06
2022-12-19,120.79276275634766,130.05999755859375,131.3300018310547,129.08999633789062,129.64999389648438,9017200,0.0059556584123809,121.99256140789213,122.6439437819485,JPM,JPMorgan Chase & Co.,0.6722103357315063,0.00033724174136295915,0.3274524509906769
2022-12-20,121.3778839111328,130.69000244140625,132.0500030517578,130.1999969482422,130.97000122070312,8549900,0.0048440083779308,121.83889203370228,122.52884743005616,JPM,JPMorgan Chase & Co.,0.9999077916145325,2.7871197744389065e-05,6.42663289909251e-05
2022-12-21,122.7431182861328,132.16000366210938,132.97999572753906,131.77000427246094,132.17999267578125,8051700,0.0112478017494486,122.06494859680993,122.54832659879038,JPM,JPMorgan Chase & Co.,0.5054376125335693,0.0013641425175592303,0.4931982159614563
2022-12-22,121.35002136230467,130.66000366210938,131.3000030517578,128.41000366210938,131.10000610351562,8648200,-0.0113496947387355,121.8862167881836,122.43938975910986,JPM,JPMorgan Chase & Co.,0.7607824802398682,9.711864549899474e-05,0.23912042379379272
2022-12-23,121.9258270263672,131.27999877929688,131.44000244140625,129.63999938964844,130.5800018310547,5091900,0.0047449984565175,121.8961193477295,122.39270223795144,JPM,JPMorgan Chase & Co.,0.9998650550842285,8.023081318242475e-05,5.468304516398348e-05
2022-12-27,122.3530731201172,131.74000549316406,132.22000122070312,130.5500030517578,131.57000732421875,5411000,0.003504147596699,122.01035779082642,122.38909959087556,JPM,JPMorgan Chase & Co.,0.6300565004348755,0.1990150660276413,0.17092843353748322
2022-12-28,123.02175903320312,132.4600067138672,133.41000366210938,131.00999450683594,131.85000610351562,8827700,0.0054652155114196,122.2632081014206,122.44661408563262,JPM,JPMorgan Chase & Co.,0.9997329711914062,4.49557883257512e-05,0.00022210285533219576
2022-12-29,123.72761535644533,133.22000122070312,133.27000427246094,132.30999755859375,132.92999267578125,6585200,0.0057376542880651,122.62930991517678,122.56306874661558,JPM,JPMorgan Chase & Co.,0.9999779462814331,1.0005701369664166e-06,2.1114878109074198e-05
2022-12-30,124.54490661621094,134.10000610351562,134.3300018310547,132.44000244140625,132.80999755859375,9292500,0.0066055686712387,123.10820909043532,122.7432358256697,JPM,JPMorgan Chase & Co.,0.6471418738365173,0.1393299251794815,0.21352815628051758
2023-01-03,125.49221801757812,135.1199951171875,136.74000549316406,133.88999938964844,135.24000549316406,11054800,,125.49221801757812,125.49221801757812,JPM,JPMorgan Chase & Co.,0.7910915613174438,0.2079569399356842,0.0009515054407529533
2023-01-04,126.6624526977539,136.3800048828125,137.67999267578125,135.57000732421875,135.99000549316406,11687600,0.0093251573576607,125.78477668762208,125.5986029885032,JPM,JPMorgan Chase & Co.,0.9999757409095764,2.946758968391805e-06,2.123742706316989e-05
2023-01-05,126.6343994140625,135.35000610351562,135.7100067138672,133.6999969482422,135.66000366210938,8381300,-0.000221480660558,125.99718236923218,125.69276629991766,JPM,JPMorgan Chase & Co.,0.08790852129459381,0.00077238236553967,0.9113190174102783
2023-01-06,129.05758666992188,137.94000244140625,138.3800048828125,134.49000549316406,136.1300048828125,10029100,0.01913530025863,126.7622834444046,125.99865906082714,JPM,JPMorgan Chase & Co.,0.0,1.0,0.0
2023-01-09,128.5242919921875,137.3699951171875,138.8800048828125,136.8800048828125,138.60000610351562,8482300,-0.0041322226108126,127.20278558135033,126.22826205458716,JPM,JPMorgan Chase & Co.,0.6696216464042664,0.00025262832059524953,0.3301257789134979
2023-01-10,129.67510986328125,138.60000610351562,138.72000122070312,137.30999755859375,137.7899932861328,9048700,0.0089540883925951,127.82086665183306,126.54161185537754,JPM,JPMorgan Chase & Co.,0.9999871850013733,1.1080586546086124e-06,1.1736454325728118e-05
2023-01-11,130.63877868652344,139.6300048828125,139.75,138.10000610351562,138.89999389648438,8703700,0.0074314093449252,128.52534466050565,126.91408156729987,JPM,JPMorgan Chase & Co.,0.6658979654312134,0.26601794362068176,0.06808412820100784
2023-01-12,130.50778198242188,139.49000549316406,140.86000061035156,139.22000122070312,140.0,11001700,-0.0010027398098684,129.0209539909847,127.24078160503824,JPM,JPMorgan Chase & Co.,0.869701087474823,0.12259189039468765,0.007707074750214815
2023-01-13,133.8011016845703,143.00999450683594,143.49000549316406,134.8000030517578,135.60000610351562,20200000,0.0252346615054113,130.2159909143811,127.83717433954116,JPM,JPMorgan Chase & Co.,1.9331293898972035e-08,1.0,1.794801285370795e-08
2023-01-17,131.73341369628906,140.8000030517578,141.5399932861328,139.22999572753906,141.1699981689453,14292900,-0.0154534451678561,130.5953466098581,128.19137791742733,JPM,JPMorgan Chase & Co.,0.8508764505386353,0.14900916814804077,0.00011439470108598471
2023-01-18,127.77582550048828,136.57000732421875,140.72999572753906,136.41000366210938,138.9199981689453,13392600,-0.0300424021875345,129.89046633251564,128.15360042497832,JPM,JPMorgan Chase & Co.,0.40047064423561096,0.39983052015304565,0.1996987909078598
2023-01-19,126.0730209350586,134.75,135.89999389648438,133.58999633789062,135.32000732421875,13303400,-0.0133265002105048,128.93610498315138,127.96445683498564,JPM,JPMorgan Chase & Co.,0.42316365242004395,0.5765525698661804,0.0002837828069459647
2023-01-20,126.38176727294922,135.0800018310547,135.49000549316406,133.5500030517578,135.16000366210938,13092500,0.0024489485188878,128.29752055560084,127.82057596570958,JPM,JPMorgan Chase & Co.,0.9427588582038879,0.00016478191537316889,0.057076361030340195
2023-01-23,128.43072509765625,137.27000427246094,137.9600067138672,134.82000732421875,135.1199951171875,10487100,0.0162124479576382,128.3308216911147,127.87604406861382,JPM,JPMorgan Chase & Co.,0.7999720573425293,0.2000037431716919,2.4191878765122965e-05
2023-01-24,129.53475952148438,138.4499969482422,140.2899932861328,135.0,136.4199981689453,6945000,0.0085963419032994,128.6318061487071,128.02683638251114,JPM,JPMorgan Chase & Co.,0.8104772567749023,0.18924480676651,0.00027793669141829014
2023-01-25,130.16163635253906,139.1199951171875,139.1199951171875,137.25,138.0500030517578,8967000,0.0048394487577732,129.0142636996651,128.22090910705913,JPM,JPMorgan Chase & Co.,0.9998644590377808,3.524787462083623e-05,0.00010030806879512966
2023-01-26,130.9662628173828,139.97999572753906,140.05999755859375,138.36000061035156,139.4199981689453,7487600,0.006181748227753,129.50226347909452,128.47048671708856,JPM,JPMorgan Chase & Co.,0.9953457713127136,6.49297289783135e-05,0.0045892782509326935
2023-01-27,131.28436279296875,140.32000732421875,141.25999450683594,139.75,140.61000061035156,7489900,0.0024288696091869,129.9477883075631,128.72629363307766,JPM,JPMorgan Chase & Co.,0.4971502423286438,0.20003600418567657,0.3028137981891632
2023-01-30,130.1710205078125,139.1300048828125,140.08999633789062,138.91000366210938,139.22999572753906,6729300,-0.0084803876217303,130.00359635762544,128.85763243987174,JPM,JPMorgan Chase & Co.,0.9999908208847046,1.690281237642921e-06,7.542550974903861e-06
2023-01-31,130.94754028320312,139.9600067138672,140.07000732421875,138.25,139.8800048828125,9188700,0.0059653813295872,130.23958233901988,129.04762406199276,JPM,JPMorgan Chase & Co.,0.9999803304672241,5.9843800954695325e-06,1.3661088814842515e-05
2023-02-01,130.60134887695312,139.58999633789062,140.8800048828125,138.1199951171875,138.2100067138672,8841800,-0.0026437411920933,130.3300239735032,129.18887177244372,JPM,JPMorgan Chase & Co.,0.9998526573181152,7.481542706955224e-05,7.251232455018908e-05
2023-02-02,129.9932098388672,138.94000244140625,140.4600067138672,138.0,140.0,11822100,-0.0046564529640417,130.24582043984418,129.26199341484585,JPM,JPMorgan Chase & Co.,0.749613881111145,0.0003624821547418833,0.25002360343933105
2023-02-03,132.0047607421875,141.08999633789062,142.3300018310547,138.1300048828125,138.17999267578125,11501200,0.0154742767396367,130.68555551543,129.51133589914963,JPM,JPMorgan Chase & Co.,0.9991000890731812,0.000862922053784132,3.697386273415759e-05
2023-02-06,132.7813262939453,141.9199981689453,142.24000549316406,140.02999877929688,140.22999572753906,8406200,0.0058828601892206,131.20949821005885,129.80860775322196,JPM,JPMorgan Chase & Co.,0.537477433681488,0.40002456307411194,0.0624980702996254
2023-02-07,134.39990234375,143.64999389648438,144.33999633789062,141.17999267578125,141.3800048828125,10447900,0.0121897867341793,132.0070992434816,130.22599817054268,JPM,JPMorgan Chase & Co.,0.9992594122886658,3.733867561095394e-05,0.0007032735156826675
2023-02-08,133.45494079589844,142.63999938964844,144.0399932861328,142.27999877929688,142.64999389648438,6958000,-0.0070309690064704,132.3690596315858,130.51953840921138,JPM,JPMorgan Chase & Co.,0.2970240116119385,0.17721030116081238,0.5257657170295715
2023-02-09,131.37789916992188,140.4199981689453,143.33999633789062,139.8699951171875,143.1199951171875,6443100,-0.0155636173047585,132.12126951616983,130.5975712056396,JPM,JPMorgan Chase & Co.,0.6933543086051941,0.12348369508981705,0.18316195905208588
2023-02-10,131.95794677734375,141.0399932861328,141.27999877929688,138.58999633789062,139.77999877929688,6582900,0.0044151079526066,132.0804388314633,130.72124171215816,JPM,JPMorgan Chase & Co.,0.0002499216643627733,0.9997492432594299,7.835484439056017e-07
2023-02-13,133.3894805908203,142.57000732421875,142.72999572753906,140.74000549316406,141.3000030517578,7134600,0.0108484092730847,132.40769927130256,130.96380888294564,JPM,JPMorgan Chase & Co.,0.9999703168869019,1.0467846323081176e-06,2.8637688956223428e-05
2023-02-14,133.97891235351562,143.1999969482422,143.80999755859375,141.60000610351562,142.5,9249400,0.0044188774113562,132.80050254185582,131.237909198452,JPM,JPMorgan Chase & Co.,0.6001288294792175,6.186447535583284e-06,0.3998650014400482
2023-02-15,134.54025268554688,143.8000030517578,143.88999938964844,141.3000030517578,141.61000061035156,6728300,0.0041897663010586,133.23544007777858,131.53812224273335,JPM,JPMorgan Chase & Co.,0.4999883472919464,0.00011964598525082693,0.499891996383667
2023-02-16,132.68777465820312,141.82000732421875,143.38999938964844,141.67999267578125,142.91000366210938,8165300,-0.0137689501124502,133.09852372288472,131.64263609868513,JPM,JPMorgan Chase & Co.,0.9235129356384277,0.0007053691660985351,0.0757816880941391
2023-02-17,133.08070373535156,142.24000549316406,142.8300018310547,140.07000732421875,140.97999572753906,7948800,0.0029613058034969,133.09406872600144,131.77336952020025,JPM,JPMorgan Chase & Co.,0.983819842338562,0.00011000012455042452,0.016070110723376274
2023-02-21,130.63877868652344,139.6300048828125,141.33999633789062,138.75,140.69000244140625,9996300,-0.0183492045073958,132.48024621613197,131.67022489895692,JPM,JPMorgan Chase & Co.,0.9702812433242798,0.010346241295337677,0.019372552633285522
2023-02-22,129.63768005371094,138.55999755859375,139.42999267578125,137.44000244140625,138.9199981689453,11107500,-0.0076631046529813,131.7696046755267,131.48544809484363,JPM,JPMorgan Chase & Co.,0.9999154210090637,2.929185029643122e-06,8.163340680766851e-05
2023-02-23,130.6761932373047,139.6699981689453,140.1699981689453,137.94000244140625,138.72999572753906,8068000,0.0080108899138235,131.4962518159712,131.411879471431,JPM,JPMorgan Chase & Co.,0.763583242893219,0.2000230997800827,0.03639364615082741
2023-02-24,131.8550262451172,140.92999267578125,141.36000061035156,138.92999267578125,139.11000061035156,9126900,0.0090210234826153,131.5859454232577,131.4521655417661,JPM,JPMorgan Chase & Co.,0.5999698042869568,0.40002793073654175,2.226832293672487e-06
2023-02-27,133.00584411621094,142.16000366210938,143.30999755859375,141.72000122070312,142.11000061035156,10014700,0.0087279029390536,131.940920096496,131.5934090485338,JPM,JPMorgan Chase & Co.,0.9990805387496948,9.641969518270344e-05,0.0008229852537624538
2023-02-28,134.11923217773438,143.35000610351562,143.75999450683594,141.89999389648438,142.94000244140625,11019800,0.0083709709819264,132.4854981168056,131.82302933300656,JPM,JPMorgan Chase & Co.,0.9938880801200867,0.0001864930964075029,0.0059254588559269905
2023-03-01,133.3707275390625,142.5500030517578,143.4600067138672,141.8000030517578,142.10000610351562,7139200,-0.0055808896794157,132.7068054723698,131.96372916992073,JPM,JPMorgan Chase & Co.,0.9995299577713013,2.09905811061617e-05,0.00044905964750796556
2023-03-02,131.9860382080078,141.07000732421875,142.42999267578125,139.5399932861328,142.24000549316406,11106800,-0.0103822582106641,132.52661365627932,131.96575726429228,JPM,JPMorgan Chase & Co.,0.999991238117218,3.955187821702566e-07,8.284853720397223e-06
2023-03-03,134.40927124023438,143.66000366210938,143.74000549316406,141.0800018310547,141.50999450683594,9513100,0.0183597679355114,132.9972780522681,132.1878948984688,JPM,JPMorgan Chase & Co.,0.9999761581420898,2.1755467969342135e-06,2.1680991267203353e-05
2023-03-06,133.62338256835938,142.82000732421875,144.0399932861328,142.66000366210938,143.44000244140625,9261300,-0.0058469826123106,133.15380418129092,132.31839377754977,JPM,JPMorgan Chase & Co.,0.5173606872558594,0.00025144850951619446,0.48238784074783325
2023-03-07,129.69381713867188,138.6199951171875,142.30999755859375,137.80999755859375,142.00999450683594,11747600,-0.0294077679681339,132.28880742063615,132.07979590128815,JPM,JPMorgan Chase & Co.,0.0006450397195294499,0.0046765124425292015,0.9946784973144531
2023-03-08,128.92660522460938,137.8000030517578,138.58999633789062,136.88999938964844,138.0,10002500,-0.0059155627537909,131.44825687162944,131.79314220340825,JPM,JPMorgan Chase & Co.,0.9392317533493042,0.005284847691655159,0.0554833821952343
2023-03-09,121.94699096679688,130.33999633789062,137.35000610351562,129.22000122070312,136.75999450683594,25888100,-0.0541363378462728,129.0729403954213,130.8980375455345,JPM,JPMorgan Chase & Co.,0.26081401109695435,0.08205687254667282,0.6571290493011475
2023-03-10,125.04386138916016,133.64999389648438,135.25999450683594,127.81999969482422,128.9600067138672,37599700,0.0253952180190037,128.06567064385604,130.36583971313684,JPM,JPMorgan Chase & Co.,0.950031578540802,3.7365691241575405e-05,0.049931056797504425
2023-03-13,122.79837036132812,131.25,133.8800048828125,129.41000366210938,131.2100067138672,42901100,-0.0179576270509084,126.74884557322406,129.6778879538815,JPM,JPMorgan Chase & Co.,0.1484198272228241,0.034236080944538116,0.817344069480896
2023-03-14,125.95135498046876,134.6199951171875,135.52999877929688,131.2899932861328,135.27999877929688,29648100,0.0256761112534564,126.54947292503525,129.3391122290258,JPM,JPMorgan Chase & Co.,0.014865461736917496,0.9736599326133728,0.011474603787064552
2023-03-15,120.00091552734376,128.25999450683594,130.99000549316406,126.7300033569336,130.97999572753906,34280600,-0.0472439494918314,124.91233357561237,128.49018525614562,JPM,JPMorgan Chase & Co.,0.5996952652931213,6.490714440587908e-05,0.40023985505104065
2023-03-16,122.3305892944336,130.75,131.9499969482422,126.0199966430664,128.00999450683594,24558500,0.0194137999435428,124.26689750531769,127.93022198689908,JPM,JPMorgan Chase & Co.,0.9895874261856079,3.9893834582471754e-06,0.010408611968159676
2023-03-17,117.70868682861328,125.80999755859376,128.47999572753906,125.4499969482422,128.3800048828125,38396000,-0.0377820665499779,122.62734483614156,127.000991517964,JPM,JPMorgan Chase & Co.,0.0005867522559128702,6.879261491121724e-06,0.9994063377380371
2023-03-20,118.95303344726562,127.13999938964844,129.47000122070312,126.01000213623048,126.98999786376952,22875500,0.0105714085525747,121.7087669889226,126.26935896608232,JPM,JPMorgan Chase & Co.,0.8415881991386414,0.0011002446990460157,0.1573115438222885
2023-03-21,122.14347076416016,130.5500030517578,131.72999572753906,130.19000244140625,130.58999633789062,17807800,0.0268209832438524,121.81744293273198,125.89427822045305,JPM,JPMorgan Chase & Co.,0.39914318919181824,0.6000275611877441,0.0008292639395222068
2023-03-22,118.990478515625,127.18000030517578,130.66000366210938,127.08000183105467,130.55999755859375,17250200,-0.0258138419418512,121.11070182845523,125.26666006546868,JPM,JPMorgan Chase & Co.,0.6998754739761353,0.003757867030799389,0.2963666021823883
2023-03-23,118.67236328125,126.83999633789062,129.52999877929688,126.0199966430664,127.9000015258789,16677600,-0.0026734511730972,120.50111719165392,124.6671785396306,JPM,JPMorgan Chase & Co.,0.0,1.0,0.0
2023-03-24,116.8666534423828,124.91000366210938,125.68000030517578,123.11000061035156,125.62999725341795,22311100,-0.0152159255022814,119.59250125433614,123.95803989442624,JPM,JPMorgan Chase & Co.,0.9999953508377075,3.315956575988821e-07,4.304953563405434e-06
2023-03-27,120.21611785888672,128.49000549316406,129.3800048828125,126.29000091552734,126.79000091552734,18853900,0.0286605658487111,119.7484054054738,123.61786516392264,JPM,JPMorgan Chase & Co.,0.9999465942382812,2.8649537853198126e-05,2.4742630557739176e-05
2023-03-28,120.58100128173828,128.8800048828125,129.33999633789062,127.73999786376952,128.7100067138672,10820500,0.0030352287975217,119.9565543745399,123.3417866291786,JPM,JPMorgan Chase & Co.,0.8000363111495972,0.17058350145816803,0.029380112886428833
2023-03-29,120.82425689697266,129.13999938964844,130.22000122070312,127.7699966430664,130.10000610351562,14595300,0.0020173627076292,120.1734800051481,123.11292028988714,JPM,JPMorgan Chase & Co.,0.9999898672103882,1.3554657698477968e-06,8.718403478269465e-06
2023-03-30,120.4593734741211,128.75,130.1199951171875,127.6500015258789,129.9499969482422,12134700,-0.0030199517234581,120.24495337239134,122.87168876118116,JPM,JPMorgan Chase & Co.,0.7991411685943604,0.0008211052045226097,0.20003774762153625
2023-03-31,121.91890716552734,130.30999755859375,130.33999633789062,128.85000610351562,129.66000366210938,13105200,0.0121163978303424,120.66344182067532,122.78507225248534,JPM,JPMorgan Chase & Co.,0.9845367670059204,0.015391101129353046,7.215449295472354e-05
2023-04-03,121.7785873413086,130.16000366210938,131.44000244140625,129.41000366210938,129.91000366210938,11775400,-0.0011509275097769,120.94222820083364,122.69357362419652,JPM,JPMorgan Chase & Co.,0.9999217987060547,6.865465547889471e-05,9.495744052401278e-06
2023-04-04,120.15061950683594,128.4199981689453,130.58999633789062,127.41000366210938,130.5,11579900,-0.0133682601351743,120.74432602733422,122.46239597716377,JPM,JPMorgan Chase & Co.,0.9957640767097473,1.1196034392924048e-05,0.004224781878292561
2023-04-05,120.3297882080078,127.61000061035156,128.14999389648438,126.45999908447266,126.8000030517578,9614700,0.0014912008103435,120.64069157250262,122.26852254360412,JPM,JPMorgan Chase & Co.,0.9999811053276062,2.3534764750365866e-06,1.6494373994646594e-05
2023-04-06,120.19776916503906,127.47000122070312,128.0800018310547,126.86000061035156,127.0,8760200,-0.0010971434832124,120.52996097063672,122.08027223646184,JPM,JPMorgan Chase & Co.,0.7997878789901733,0.028799355030059814,0.17141273617744446
2023-04-10,120.5937957763672,127.88999938964844,128.22999572753906,126.22000122070312,126.54000091552734,9477300,0.0032947916927172,120.54591967206936,121.94513801281688,JPM,JPMorgan Chase & Co.,0.8269325494766235,2.8998512789257802e-05,0.17303846776485443
2023-04-11,121.18785858154295,128.52000427246094,128.94000244140625,127.54000091552734,128.3000030517578,10516300,0.0049261473308082,120.70640439943776,121.8762944281556,JPM,JPMorgan Chase & Co.,0.9999367594718933,1.2796539522241801e-05,5.048179082223214e-05
2023-04-12,121.16899871826172,128.5,130.42999267578125,128.05999755859375,129.17999267578125,11821000,-0.0001556250230179,120.82205297914376,121.81199481816525,JPM,JPMorgan Chase & Co.,0.9999588131904602,9.711426400826895e-07,4.026347232866101e-05
2023-04-13,121.63103485107422,128.99000549316406,129.0399932861328,126.83000183105467,128.4600067138672,12450200,0.0038131546657971,121.02429844712636,121.79554391206604,JPM,JPMorgan Chase & Co.,0.9997345209121704,0.00019672846246976405,6.879016291350126e-05
2023-04-14,130.81536865234375,138.72999572753906,139.1199951171875,134.89999389648438,135.14999389648438,43931300,0.0755097891957827,123.47206599843072,122.61552797936402,JPM,JPMorgan Chase & Co.,0.592448353767395,0.22279968857765198,0.1847519427537918
2023-04-17,131.85260009765625,139.8300018310547,140.05999755859375,137.66000366210938,139.9499969482422,16050500,0.0079289723829703,125.5671995232371,123.45526180829968,JPM,JPMorgan Chase & Co.,0.7913692593574524,0.19532069563865662,0.013310087844729424
2023-04-18,133.33302307128906,141.39999389648438,141.77999877929688,139.02999877929688,140.27000427246094,13760100,0.0112278633302365,127.50865541025009,124.35324010493508,JPM,JPMorgan Chase & Co.,0.7999873161315918,0.19997455179691315,3.815883974311873e-05
2023-04-19,133.163330078125,141.22000122070312,141.5,140.39999389648438,141.22999572753906,9158100,-0.0012727004102601,128.92232407721883,125.15415737522504,JPM,JPMorgan Chase & Co.,0.7999812364578247,0.20000188052654266,1.693068588792812e-05
2023-04-20,132.77671813964844,140.80999755859375,141.42999267578125,139.83999633789062,139.91000366210938,10586200,-0.0029032913058703,129.88592259282623,125.8471174447181,JPM,JPMorgan Chase & Co.,0.3347184658050537,1.5177006389421877e-05,0.6652663350105286
2023-04-21,132.52210998535156,140.5399932861328,141.11000061035156,138.77999877929688,139.74000549316406,11842500,-0.0019175662560743,130.54496944095757,126.45393494841204,JPM,JPMorgan Chase & Co.,0.9988800287246704,0.0010634430218487978,5.649646118399687e-05
2023-04-24,132.7012481689453,140.72999572753906,141.10000610351562,140.0399932861328,140.4600067138672,7567500,0.0013517607259161,131.0840391229545,127.02187251391506,JPM,JPMorgan Chase & Co.,0.8326461911201477,0.016229793429374695,0.1511240303516388
2023-04-25,129.8158416748047,137.6699981689453,139.9600067138672,137.6300048828125,139.60000610351562,10629300,-0.0217436273882454,130.76698976091706,127.27586971035956,JPM,JPMorgan Chase & Co.,0.798295795917511,0.1348368376493454,0.06686737388372421
2023-04-26,127.51504516601562,135.22999572753906,137.80999755859375,134.0,137.6199951171875,14416100,-0.0177235418967792,129.95400361219168,127.29761293360102,JPM,JPMorgan Chase & Co.,0.9999833106994629,1.4465725826084963e-06,1.5236777471727692e-05
2023-04-27,129.23123168945312,137.0500030517578,137.91000366210938,135.66000366210938,136.0,9041100,0.0134586983144078,129.77331063150706,127.47339645686029,JPM,JPMorgan Chase & Co.,0.5996615290641785,4.541567977867089e-05,0.4002930223941803
2023-04-28,130.35333251953125,138.24000549316406,138.32000732421875,135.6699981689453,136.55999755859375,9887300,0.0086828920177326,129.91831610351312,127.735208826194,JPM,JPMorgan Chase & Co.,0.6000591516494751,1.6536743714823388e-05,0.3999243378639221
2023-05-01,133.1444549560547,141.1999969482422,143.3699951171875,140.8300018310547,142.25999450683594,20415800,0.0214119760697735,130.7248508166485,128.22695847436316,JPM,JPMorgan Chase & Co.,0.8172146081924438,0.00018694363825488836,0.18259848654270172
2023-05-02,130.99452209472656,138.9199981689453,142.41000366210938,138.42999267578125,141.39999389648438,14113400,-0.0161473706286734,130.79226863616802,128.47855516712346,JPM,JPMorgan Chase & Co.,0.6600126028060913,0.31772804260253906,0.022259335964918137
2023-05-03,128.22225952148438,135.97999572753906,138.6699981689453,135.75999450683594,138.44000244140625,12930900,-0.0211631946810528,130.1497663574971,128.45525556297443,JPM,JPMorgan Chase & Co.,0.19992277026176453,0.8000604510307312,1.6834199414006434e-05
2023-05-04,126.46839141845705,134.1199951171875,135.72000122070312,131.80999755859375,134.9600067138672,17089200,-0.0136783434449887,129.22942262273708,128.27463154983647,JPM,JPMorgan Chase & Co.,0.9989519119262695,0.0009692760650068521,7.881496276240796e-05
2023-05-05,128.93890380859375,136.74000549316406,137.8800048828125,135.91000366210938,136.44000244140625,11261400,0.0195346233349511,129.15679291920125,128.33501993699622,JPM,JPMorgan Chase & Co.,0.5963132381439209,0.40000900626182556,0.003677713917568326
2023-05-08,129.25009155273438,137.07000732421875,137.97000122070312,136.47999572753906,137.49000549316406,7484900,0.0024134511380875,129.18011757758453,128.4182082656997,JPM,JPMorgan Chase & Co.,0.6000280976295471,1.6580700048507424e-06,0.39997026324272156
2023-05-09,128.62774658203125,136.41000366210938,136.9499969482422,135.2100067138672,135.92999267578125,7343600,-0.0048150447185502,129.0420248286962,128.437257203548,JPM,JPMorgan Chase & Co.,0.6000882387161255,0.19990572333335876,0.20000605285167694
2023-05-10,128.69374084472656,136.47999572753906,138.05999755859375,134.8699951171875,137.9499969482422,8133400,0.000513063972968,128.9549538327038,128.46057389820058,JPM,JPMorgan Chase & Co.,0.8003033399581909,0.19963572919368744,6.085613131290302e-05
2023-05-11,128.28829956054688,136.0500030517578,136.80999755859375,134.89999389648438,135.0,7057300,-0.0031504351456289,128.78829026466457,128.44491259477752,JPM,JPMorgan Chase & Co.,0.7940480709075928,0.2057228982448578,0.00022899126634001732
2023-05-12,126.44952392578124,134.10000610351562,136.99000549316406,133.1300048828125,136.82000732421875,9988600,-0.0143331515115905,128.20359867994375,128.26351362486878,JPM,JPMorgan Chase & Co.,0.599884033203125,0.2000901699066162,0.20002582669258118
2023-05-15,127.51504516601562,135.22999572753906,135.6699981689453,133.9600067138672,134.27000427246094,7639500,0.0084264551352504,128.03146030146172,128.19547103770032,JPM,JPMorgan Chase & Co.,0.8001481890678406,0.1998315453529358,2.025305002462119e-05
2023-05-16,126.656982421875,134.32000732421875,135.94000244140625,133.9600067138672,135.4600067138672,6477200,-0.0067291098318906,127.68784083156504,128.05560843626165,JPM,JPMorgan Chase & Co.,0.8949252963066101,4.438900941750035e-05,0.10503038018941879
2023-05-17,130.5513458251953,138.4499969482422,138.58999633789062,135.4600067138672,135.89999389648438,12711500,0.0307473250100716,128.4037170799726,128.28249365343743,JPM,JPMorgan Chase & Co.,0.9999678730964661,6.660372491751332e-06,2.5534440283081494e-05
2023-05-18,131.54147338867188,139.5,139.72999572753906,137.75999450683594,138.27000427246094,10999600,0.0075842003559452,129.18815615714743,128.57876453845873,JPM,JPMorgan Chase & Co.,0.8236715793609619,0.00016616393986623734,0.1761622577905655
2023-05-19,131.2396697998047,139.17999267578125,140.49000549316406,138.1300048828125,139.7899932861328,13492200,-0.0022943607144754,129.70103456781175,128.82066501676292,JPM,JPMorgan Chase & Co.,0.9999364018440247,3.080478109040996e-06,6.058918734197505e-05
2023-05-22,130.1553192138672,138.02999877929688,141.63999938964844,137.66000366210938,141.0,11402500,-0.0082623690503914,129.8146057293256,128.94199721649966,JPM,JPMorgan Chase & Co.,0.833310067653656,0.1666560024023056,3.39240905304905e-05
2023-05-23,128.79747009277344,136.58999633789062,139.02999877929688,136.4600067138672,137.5399932861328,9514900,-0.0104325288378155,129.56032182018754,128.92885838707,JPM,JPMorgan Chase & Co.,0.9571514129638672,0.042437341064214706,0.0004112442838959396
2023-05-24,127.6187744140625,135.33999633789062,136.35000610351562,135.0800018310547,135.39999389648438,8578000,-0.0091515437210212,129.0749349686563,128.8097598440693,JPM,JPMorgan Chase & Co.,0.8398308753967285,0.0008273678249679506,0.1593417078256607
2023-05-25,127.92996978759766,135.6699981689453,136.27000427246094,134.5800018310547,134.82000732421875,8472500,0.0024384764307912,128.78869367339163,128.7297789298446,JPM,JPMorgan Chase & Co.,0.7996453046798706,0.20016467571258545,0.0001900259085232392
2023-05-26,129.1274871826172,136.94000244140625,137.60000610351562,135.6300048828125,136.11000061035156,8579900,0.0093607260050774,128.87339205069802,128.7659342255512,JPM,JPMorgan Chase & Co.,0.9911236763000488,0.00869782269001007,0.00017854347242973745
2023-05-30,129.61785888671875,137.4600067138672,137.72000122070312,136.02000427246094,136.8000030517578,7399900,0.0037975779967596,129.0595087597032,128.84338192202097,JPM,JPMorgan Chase & Co.,0.9999485015869141,1.7510183170088567e-05,3.404903691262007e-05
2023-05-31,127.96768188476562,135.7100067138672,136.83999633789062,134.39999389648438,136.72999572753906,14219900,-0.0127310928920321,128.7865520409688,128.76377282772503,JPM,JPMorgan Chase & Co.,0.8335633873939514,0.166338711977005,9.792323544388637e-05
2023-06-01,129.73098754882812,137.5800018310547,138.22999572753906,135.4499969482422,136.52000427246094,12248100,0.013779304571996,129.02266091793362,128.8517014387344,JPM,JPMorgan Chase & Co.,0.6514620780944824,0.0007084050448611379,0.34782958030700684
2023-06-02,132.45611572265625,140.47000122070312,141.47999572753906,139.33999633789062,139.55999755859375,12922500,0.0210059926723555,129.88102461911427,129.17937546454547,JPM,JPMorgan Chase & Co.,0.6874226927757263,0.11102692782878876,0.20155036449432373
2023-06-05,131.15484619140625,139.08999633789062,140.11000061035156,138.1300048828125,140.11000061035156,8511900,-0.0098241559036402,130.19948001218728,129.3589637124419,JPM,JPMorgan Chase & Co.,0.6666296720504761,7.657730748178437e-05,0.33329373598098755
2023-06-06,131.3905792236328,139.33999633789062,140.10000610351562,138.2100067138672,138.67999267578125,9329500,0.0017973642535673,130.49725481504868,129.54365603164106,JPM,JPMorgan Chase & Co.,0.9999656677246094,1.417328167008236e-05,2.016003054450266e-05
2023-06-07,132.66357421875,140.69000244140625,141.27000427246094,138.8300018310547,139.5500030517578,9281400,0.0096886321883891,131.038834665974,129.82728495774188,JPM,JPMorgan Chase & Co.,0.9587163925170898,0.04113151133060455,0.00015210817218758166
2023-06-08,132.7012481689453,140.72999572753906,140.88999938964844,139.47999572753906,140.6699981689453,7368100,0.0002839811185335,131.45443804171683,130.08855434057855,JPM,JPMorgan Chase & Co.,0.9651464223861694,0.0004739617870654911,0.03437960520386696
2023-06-09,132.96530151367188,141.00999450683594,141.8000030517578,140.2100067138672,140.35000610351562,7249100,0.0019898331656262,131.8321539097056,130.35007681085978,JPM,JPMorgan Chase & Co.,0.5028383135795593,0.0002468327002134174,0.4969148635864258
2023-06-12,132.95587158203125,141.0,141.32000732421875,139.75999450683594,141.07000732421875,7596600,-7.09202441033785e-05,132.11308332778702,130.58696724460262,JPM,JPMorgan Chase & Co.,0.7997808456420898,0.2000276744365692,0.00019147532293573022
2023-06-13,133.91770935058594,142.02000427246094,142.8699951171875,140.13999938964844,140.47999572753906,7701600,0.0072342631965769,132.56423983348674,130.8897619815102,JPM,JPMorgan Chase & Co.,0.9999133348464966,6.774401117581874e-05,1.887205507955514e-05
2023-06-14,133.4179229736328,141.49000549316406,143.61000061035156,140.6999969482422,143.0,9068700,-0.0037320409628925,132.77766061852327,131.11959479897587,JPM,JPMorgan Chase & Co.,0.9961599111557007,0.00014630178338848054,0.0036937810946255922
2023-06-15,134.9266357421875,143.08999633789062,143.39999389648438,140.02999877929688,140.58999633789062,9343100,0.0113081716078944,133.31490439943934,131.46568943017692,JPM,JPMorgan Chase & Co.,0.9998220205307007,5.834171133756172e-06,0.00017216910782735795
2023-06-16,135.08692932128906,143.25999450683594,143.97000122070312,142.5,143.0500030517578,13813500,0.0011880054536292,133.75791062990177,131.79489305664163,JPM,JPMorgan Chase & Co.,0.7784336805343628,0.20001690089702606,0.021549368277192116
2023-06-20,134.3986053466797,142.52999877929688,143.0,141.0399932861328,142.61000061035156,8428600,-0.0050954150639717,133.91808430909626,132.03159417391782,JPM,JPMorgan Chase & Co.,0.8880130648612976,0.06303968280553818,0.04894721880555153
2023-06-21,134.20054626464844,142.32000732421875,144.02000427246094,141.69000244140625,142.89999389648438,9926500,-0.0014736691762563,133.9886997979843,132.2287716367115,JPM,JPMorgan Chase & Co.,0.8015118837356567,0.006466002203524113,0.19202211499214172
2023-06-22,131.6168670654297,139.5800018310547,142.60000610351562,138.9499969482422,142.30999755859375,10075200,-0.0192523746820197,133.39574161484566,132.17314394841316,JPM,JPMorgan Chase & Co.,0.8243929743766785,0.17547397315502167,0.0001329861843260005
2023-06-23,130.9285430908203,138.85000610351562,139.17999267578125,137.6199951171875,138.5399932861328,9919500,-0.0052297550455079,132.77894198383933,132.05999841590472,JPM,JPMorgan Chase & Co.,0.6450129747390747,0.20013678073883057,0.15485021471977234
2023-06-26,131.24913024902344,139.19000244140625,140.00999450683594,137.69000244140625,138.8699951171875,8429700,0.0024485658408399,132.39648905013536,131.98628312800642,JPM,JPMorgan Chase & Co.,0.800296425819397,4.765089033753611e-05,0.19965597987174988
2023-06-27,131.258544921875,139.1999969482422,139.83999633789062,138.5399932861328,139.0,8154000,7.173131611382111e-05,132.11200301807023,131.9201251092672,JPM,JPMorgan Chase & Co.,0.9999028444290161,1.2366964256216306e-05,8.48219424369745e-05
2023-06-28,130.68336486816406,138.58999633789062,139.2100067138672,137.9600067138672,139.16000366210938,7558600,-0.0043820389297571,131.7548434805937,131.80769236007598,JPM,JPMorgan Chase & Co.,0.9995732307434082,0.0004019694752059877,2.4766190108493902e-05
2023-06-29,135.24725341796875,143.42999267578125,143.55999755859375,139.85000610351562,140.07000732421875,15423200,0.0349232555682113,132.62794596493745,132.1203797289753,JPM,JPMorgan Chase & Co.,0.999960720539093,1.5328325844166102e-06,3.7812926166225225e-05
2023-06-30,137.14256286621094,145.44000244140625,146.0,143.66000366210938,144.60000610351562,14212800,0.0140136631269318,133.75660019025582,132.57694183236038,JPM,JPMorgan Chase & Co.,0.6813327074050903,0.3183961510658264,0.00027117010904476047
2023-07-03,138.24581909179688,146.61000061035156,147.47999572753906,146.0,146.19000244140625,8021600,0.0080445939067232,134.8789049156411,133.09229431049096,JPM,JPMorgan Chase & Co.,0.7993168830871582,0.0010812352411448956,0.1996019184589386
2023-07-05,137.3248748779297,144.63999938964844,145.42999267578125,144.36000061035156,144.94000244140625,8934900,-0.006661642427361,135.49039740621325,133.47707436207628,JPM,JPMorgan Chase & Co.,0.9999621510505676,1.3480521374731325e-06,3.6561184970196337e-05
2023-07-06,135.96719360351562,143.2100067138672,143.38999938964844,141.44000244140625,143.02000427246094,9709500,-0.0098866376220689,135.60959645553885,133.70344883857075,JPM,JPMorgan Chase & Co.,0.5490424633026123,0.45073795318603516,0.00021960177400615066
2023-07-07,137.0400390625,144.33999633789062,145.83999633789062,143.0,143.91000366210938,8981500,0.007890472918878,135.96720710727914,134.0067752225643,JPM,JPMorgan Chase & Co.,0.5999897718429565,0.20000457763671875,0.2000056505203247
2023-07-10,137.80906677246094,145.14999389648438,145.99000549316406,144.5,144.5,9100100,0.0056117008957521,136.4276720235746,134.3524380907367,JPM,JPMorgan Chase & Co.,0.9523996114730835,0.04745832830667496,0.00014204853505361825
2023-07-11,139.9643096923828,147.4199981689453,147.82000732421875,145.7100067138672,146.33999633789062,11260900,0.0156393405049353,137.31183144077664,134.8626082363409,JPM,JPMorgan Chase & Co.,0.40004539489746094,0.5993978381156921,0.0005567589541897178
2023-07-12,140.6573486328125,148.14999389648438,149.8699951171875,147.0,147.4499969482422,11323200,0.0049515404459383,138.14821073878562,135.3894028178383,JPM,JPMorgan Chase & Co.,0.7999202609062195,0.19997763633728027,0.00010200324322795495
2023-07-13,141.34095764160156,148.8699951171875,149.3699951171875,147.75,148.6999969482422,11234900,0.0048601016259279,138.94639746448962,135.93045325636223,JPM,JPMorgan Chase & Co.,0.9971448183059692,0.0027717696502804756,8.343062654603273e-05
2023-07-14,142.19540405273438,149.77000427246094,152.88999938964844,148.41000366210938,151.5500030517578,27028400,0.0060452852831196,139.75864911155082,136.4999942378506,JPM,JPMorgan Chase & Co.,0.7426965236663818,0.20004510879516602,0.05725840851664543
2023-07-17,145.62283325195312,153.3800048828125,153.75,150.35000610351562,150.35000610351562,17262400,0.0241036566691541,141.2246951466514,137.32934323913267,JPM,JPMorgan Chase & Co.,0.6025365591049194,0.0005737055325880647,0.39688974618911743
2023-07-18,145.88868713378906,153.66000366210938,154.39999389648438,152.82000732421875,153.3800048828125,13491700,0.0018256332190431,142.39069314343584,138.10746541137416,JPM,JPMorgan Chase & Co.,0.19999200105667114,0.8000000715255737,7.954391548992135e-06
2023-07-19,146.44882202148438,154.25,155.2100067138672,152.22000122070312,152.75,12510000,0.0038394676016353,143.405225362948,138.86577055774782,JPM,JPMorgan Chase & Co.,0.20024685561656952,0.5964371562004089,0.20331600308418274
2023-07-20,148.25277709960938,156.14999389648438,156.58999633789062,154.41000366210938,154.52999877929688,9935900,0.0123179896787448,144.61711329711335,139.71913478882615,JPM,JPMorgan Chase & Co.,0.9986323118209839,3.390779602341354e-05,0.0013337203999981284
2023-07-21,147.1134490966797,154.9499969482422,156.13999938964844,154.69000244140625,155.8000030517578,10636400,-0.007685036497928,145.24119724700495,140.3913451804492,JPM,JPMorgan Chase & Co.,0.9968141317367554,0.003162581007927656,2.3261929527507164e-05
2023-07-24,150.00921630859375,158.0,158.7899932861328,154.72999572753906,154.97000122070312,14381400,0.0196839053784336,146.43320201240215,141.2656971011896,JPM,JPMorgan Chase & Co.,0.6119787693023682,0.1880873292684555,0.19993391633033752
2023-07-25,148.8888702392578,156.82000732421875,157.72000122070312,155.9600067138672,157.3000030517578,9944700,-0.0074685149146516,147.04711906911606,141.95871284101398,JPM,JPMorgan Chase & Co.,0.9999070167541504,2.1638234102283604e-05,7.136058411560953e-05
2023-07-26,149.7813262939453,157.75999450683594,158.25,156.27999877929688,156.7100067138672,8728600,0.005994108580805,147.73067087532337,142.66985951855318,JPM,JPMorgan Chase & Co.,0.0063566486351192,0.9935831427574158,6.02252475800924e-05
2023-07-27,148.1293487548828,156.02000427246094,158.77999877929688,155.5500030517578,157.77000427246094,10778400,-0.0110292623248675,147.83034034521324,143.16617672185586,JPM,JPMorgan Chase & Co.,0.9997183084487915,4.6807352191535756e-05,0.00023480334493797272
2023-07-28,148.9743194580078,156.91000366210938,157.60000610351562,156.44000244140625,157.27999877929688,9103800,0.0057042760953687,148.1163351234119,143.69418969786966,JPM,JPMorgan Chase & Co.,0.9998025894165039,0.00011060180986532941,8.681948384037241e-05
2023-07-31,149.97122192382812,157.9600067138672,159.3800048828125,157.14999389648438,157.17999267578125,8892700,0.0066917739208154,148.58005682351595,144.2648289911386,JPM,JPMorgan Chase & Co.,0.849068284034729,0.15085361897945404,7.819725578883663e-05
2023-08-01,149.2306671142578,157.17999267578125,158.0,156.14999389648438,157.42999267578125,6853900,-0.0049379794341239,148.7427093962014,144.71626882051308,JPM,JPMorgan Chase & Co.,0.9999644160270691,4.5627202780451626e-06,3.097604349022731e-05
2023-08-02,147.54067993164062,155.39999389648438,155.69000244140625,153.94000244140625,155.55999755859375,8299400,-0.0113246641276706,148.4422020300612,144.97303346697922,JPM,JPMorgan Chase & Co.,0.7999717593193054,0.20000115036964417,2.7010415578843094e-05
2023-08-03,148.44264221191406,156.35000610351562,156.9199981689453,154.35000610351562,155.0,6084000,0.006113312482302,148.4423120755244,145.28845244379147,JPM,JPMorgan Chase & Co.,0.7865728139877319,0.2134011685848236,2.6052915927721187e-05
2023-08-04,148.1293487548828,156.02000427246094,157.8000030517578,155.6999969482422,156.39999389648438,6209400,-0.0021105354388936,148.36407124536402,145.54671574479977,JPM,JPMorgan Chase & Co.,0.9996291995048523,5.423535185400397e-06,0.0003653668100014329
2023-08-07,148.8319091796875,156.75999450683594,157.6999969482422,156.60000610351562,156.60000610351562,7251800,0.0047428847200783,148.4810307289449,145.84536969342594,JPM,JPMorgan Chase & Co.,0.9999678730964661,1.029035388455668e-06,3.1065279472386464e-05
2023-08-08,147.99639892578125,155.8800048828125,155.97999572753906,152.58999633789062,154.32000732421875,8623400,-0.005613784426413,148.35987277815397,146.04091780545824,JPM,JPMorgan Chase & Co.,0.7986016273498535,0.0013775554252788424,0.20002083480358124
2023-08-09,146.01210021972656,153.7899932861328,155.52000427246094,153.47000122070312,155.32000732421875,6277800,-0.0134077499213328,147.7729296385471,146.03829802493715,JPM,JPMorgan Chase & Co.,0.7999880909919739,0.19999459385871887,1.739830622682348e-05
2023-08-10,145.79373168945312,153.55999755859375,155.44000244140625,153.08999633789062,154.3800048828125,5995100,-0.0014955509162927,147.2781301512736,146.0160647217113,JPM,JPMorgan Chase & Co.,0.9999393224716187,2.4789231247268617e-05,3.585817103157751e-05
2023-08-11,146.6387176513672,154.4499969482422,154.52000427246094,152.6300048828125,153.02999877929688,5180700,0.005795763316587,147.118277026297,146.0726695334982,JPM,JPMorgan Chase & Co.,0.9509749412536621,0.048970915377140045,5.413970211520791e-05
2023-08-14,146.9425506591797,154.77000427246094,154.9199981689453,152.9199981689453,153.61000061035156,5044300,0.0020719835298537,147.07434543451768,146.15174963583286,JPM,JPMorgan Chase & Co.,0.9999828338623047,1.2877831068180967e-06,1.583297307661269e-05
2023-08-15,143.20181274414062,150.8300018310547,153.27000427246094,150.22999572753906,152.85000610351562,10300300,-0.0254571456549395,146.10621226192342,145.88357355476992,JPM,JPMorgan Chase & Co.,0.7969003915786743,0.0015145044308155775,0.20158512890338898
2023-08-16,142.59417724609375,150.19000244140625,150.9600067138672,149.67999267578125,150.60000610351562,6978200,-0.0042432109370887,145.228203507966,145.58453752670846,JPM,JPMorgan Chase & Co.,0.9993297457695007,0.00017964515427593142,0.0004906127578578889
2023-08-17,141.11312866210938,148.6300048828125,151.25999450683594,148.39999389648438,150.8800048828125,9953900,-0.0103864590587617,144.19943479650183,145.1780458117449,JPM,JPMorgan Chase & Co.,0.8985079526901245,4.506279219640419e-05,0.10144703090190887
2023-08-18,141.43589782714844,148.97000122070312,149.5,147.44000244140625,147.64999389648438,8517500,0.0022873078366218,143.5085505541635,144.83785054041795,JPM,JPMorgan Chase & Co.,0.9995109438896179,0.00012007915211142972,0.0003690102603286505
2023-08-21,141.92010498046875,149.47999572753906,150.10000610351562,148.02000427246094,149.64999389648438,8327000,0.0034235095952235,143.1114391607398,144.57260094405893,JPM,JPMorgan Chase & Co.,0.9999217391014099,3.1791263609193265e-05,4.650743358070031e-05
2023-08-22,138.97689819335938,146.3800048828125,149.63999938964844,145.85000610351562,149.25999450683594,9673300,-0.0207384766768204,142.0778039188947,144.06390069399535,JPM,JPMorgan Chase & Co.,0.9992605447769165,0.0003348595055285841,0.0004045429523102939
2023-08-23,139.9167938232422,147.3699951171875,147.58999633789062,145.4600067138672,146.35000610351562,7858000,0.0067629630686902,141.53755139498156,143.68689097847232,JPM,JPMorgan Chase & Co.,0.9982255101203918,0.00021959541481919587,0.001554864109493792
2023-08-24,139.7838592529297,147.22999572753906,149.41000366210938,146.99000549316406,147.5,6534000,-0.0009500973162694,141.09912835946858,143.3320699125139,JPM,JPMorgan Chase & Co.,0.8469853401184082,0.0001905437675304711,0.15282413363456726
2023-08-25,139.61297607421875,147.0500030517578,148.6199951171875,145.85000610351562,147.27999877929688,6695500,-0.0012224814769331,140.72759028815614,142.99397047266888,JPM,JPMorgan Chase & Co.,0.9999300241470337,3.4628246794454753e-05,3.5333727282704785e-05
2023-08-28,140.09718322753906,147.55999755859375,148.61000061035156,147.1300048828125,147.57000732421875,5094100,0.0034682102404499,140.56998852300188,142.73062617765706,JPM,JPMorgan Chase & Co.,0.9999153017997742,7.046421524137259e-05,1.4282409210863989e-05
2023-08-29,141.23651123046875,148.75999450683594,148.85000610351562,147.17999267578125,147.7100067138672,6337000,0.008132411920654,140.73661919986858,142.5947975460945,JPM,JPMorgan Chase & Co.,0.999973475933075,2.3600478016305715e-06,2.415070957795251e-05
2023-08-30,140.66683959960938,148.16000366210938,149.14999389648438,147.19000244140625,148.6199951171875,6277300,-0.0040334586708233,140.7191742998038,142.41952864186857,JPM,JPMorgan Chase & Co.,0.999986469745636,2.208432306360919e-06,1.137220169766806e-05
2023-08-31,138.92938232421875,146.3300018310547,148.35000610351562,145.9600067138672,148.25999450683594,10933900,-0.0123515768203513,140.27172630590752,142.10224261299132,JPM,JPMorgan Chase & Co.,0.999970555305481,7.732744052191265e-06,2.1739017029176466e-05
2023-09-01,139.39463806152344,146.82000732421875,148.0800018310547,145.6999969482422,146.08999633789062,7903500,0.0033488649378641,140.05245424481149,141.85609674467605,JPM,JPMorgan Chase & Co.,0.9998853802680969,6.668853166047484e-05,4.793544576386921e-05
2023-09-05,137.85655212402344,145.1999969482422,148.2100067138672,145.00999450683594,147.16000366210938,7854700,-0.0110340394644243,139.50347871461446,141.49250177916218,JPM,JPMorgan Chase & Co.,0.9999600648880005,2.2766125766793266e-05,1.7106478480855003e-05
2023-09-06,137.62867736816406,144.9600067138672,145.5399932861328,144.11000061035156,144.6999969482422,8629200,-0.0016529845868651,139.03477837800187,141.141245014526,JPM,JPMorgan Chase & Co.,0.9559291005134583,0.04404294490814209,2.7929472707910463e-05
2023-09-07,136.45140075683594,143.72000122070312,145.27000427246094,143.38999938964844,144.1300048828125,8373700,-0.0085540065765424,138.3889339727104,140.71489553655417,JPM,JPMorgan Chase & Co.,0.800695538520813,1.3478374057740439e-05,0.19929103553295135
2023-09-08,136.55584716796875,143.8300018310547,144.1199951171875,142.64999389648438,143.3699951171875,7107900,0.0007654477019181,137.93066227152497,140.3368002303191,JPM,JPMorgan Chase & Co.,0.4001922607421875,9.43758732319111e-06,0.599798321723938
2023-09-11,137.1539764404297,144.4600067138672,145.0500030517578,143.69000244140625,144.75,6854200,0.0043801073690035,137.73649081375115,140.04745261305644,JPM,JPMorgan Chase & Co.,0.9999836087226868,1.0222717037322582e-06,1.5320374586735852e-05
2023-09-12,138.93885803222656,146.33999633789062,147.32000732421875,144.0500030517578,144.5,8363200,0.0130137064788062,138.03708261837,139.94667128752644,JPM,JPMorgan Chase & Co.,0.9998989105224609,3.310841930215247e-05,6.792401836719364e-05
2023-09-13,139.00535583496094,146.41000366210938,147.6999969482422,145.82000732421875,147.33999633789062,8325900,0.0004786119857049,138.27915092251772,139.86109715547502,JPM,JPMorgan Chase & Co.,0.9998623132705688,8.60793879837729e-05,5.1645511121023446e-05
2023-09-14,141.7017364501953,149.25,149.89999389648438,147.52000427246094,147.83999633789062,10034900,0.019397674276923,139.13479730443711,140.0284280004496,JPM,JPMorgan Chase & Co.,0.9999614953994751,2.61215609498322e-05,1.2419652193784714e-05
2023-09-15,141.28396606445312,148.80999755859375,149.72999572753906,148.30999755859375,148.9199981689453,19863400,-0.0029482375883871,139.6720894944411,140.1425678244499,JPM,JPMorgan Chase & Co.,0.9998162388801575,5.702261205442483e-06,0.00017807060794439167
2023-09-18,141.5782928466797,149.1199951171875,149.13999938964844,147.75,148.16000366210938,6512400,0.0020832284825038,140.14864033250075,140.27308828101624,JPM,JPMorgan Chase & Co.,0.9999147653579712,6.52719900244847e-05,2.0023864635732025e-05
2023-09-19,141.3979034423828,148.92999267578125,149.72000122070312,147.2100067138672,149.5,7943400,-0.0012741317942873,140.46095610997128,140.37534420477684,JPM,JPMorgan Chase & Co.,0.5919972658157349,0.4079834818840027,1.9229864847147837e-05
2023-09-20,140.79977416992188,148.3000030517578,150.25,148.13999938964844,149.64999389648438,7332000,-0.0042301141523266,140.54566062495894,140.41392874706276,JPM,JPMorgan Chase & Co.,0.9999542236328125,1.3713739690501825e-06,4.44160723418463e-05
2023-09-21,139.6984405517578,147.13999938964844,148.85000610351562,146.6300048828125,147.5800018310547,8052400,-0.007821984265649,140.33385560665866,140.34888436567138,JPM,JPMorgan Chase & Co.,0.9999333620071411,4.409305802255403e-06,6.21640429017134e-05
2023-09-22,138.35972595214844,145.72999572753906,147.50999450683594,145.19000244140625,147.2899932861328,7071700,-0.0095828886444396,139.8403231930311,140.16805178262385,JPM,JPMorgan Chase & Co.,0.9933083653450012,0.006634731777012348,5.693324055755511e-05
2023-09-25,139.0433349609375,146.4499969482422,146.52000427246094,143.6999969482422,145.35000610351562,7044700,0.0049408092136977,139.64107613500772,140.06580479883417,JPM,JPMorgan Chase & Co.,0.7999757528305054,0.2000008076429367,2.3403375962516293e-05
2023-09-26,137.60020446777344,144.92999267578125,145.83999633789062,144.22999572753906,144.60000610351562,7468400,-0.0103789979833948,139.13085821819914,139.84165931419227,JPM,JPMorgan Chase & Co.,0.5998889207839966,7.022713543847203e-05,0.400040864944458
2023-09-27,138.4072265625,145.77999877929688,146.08999633789062,144.50999450683594,145.19000244140625,6717800,0.0058649774384278,138.94995030427435,139.7112563367657,JPM,JPMorgan Chase & Co.,0.39999401569366455,8.327971045218874e-06,0.5999976396560669
2023-09-28,140.1256561279297,147.58999633789062,148.8699951171875,146.00999450683594,146.27999877929688,8868100,0.0124157503051598,139.2438767601882,139.74892904505333,JPM,JPMorgan Chase & Co.,0.40002575516700745,0.20000073313713074,0.3999735414981842
2023-09-29,137.68565368652344,145.02000427246094,148.75999450683594,144.86000061035156,148.60000610351562,11917800,-0.0174129599734299,138.854320991772,139.56135855791425,JPM,JPMorgan Chase & Co.,0.9382385015487671,0.00044042355148121715,0.061321012675762177
2023-10-02,136.49888610839844,143.77000427246094,145.6199951171875,142.6300048828125,144.8300018310547,9170600,-0.0086193989449836,138.2654622709286,139.28295197159463,JPM,JPMorgan Chase & Co.,0.9999504089355469,6.175855560286436e-06,4.345085108070634e-05
2023-10-03,135.49249267578125,142.7100067138672,143.58999633789062,142.35000610351562,143.1999969482422,9431100,-0.0073729058258978,137.57221987214177,138.9383647628843,JPM,JPMorgan Chase & Co.,0.9998968243598938,1.039627841237234e-05,9.275662887375802e-05
2023-10-04,136.1001434326172,143.35000610351562,143.47000122070312,141.92999267578125,143.19000244140625,8128700,0.0044847559066609,137.20420076226063,138.6803446419509,JPM,JPMorgan Chase & Co.,0.9999812841415405,3.713310434250161e-06,1.4963699868530966e-05
2023-10-05,136.67396545410156,142.89999389648438,143.10000610351562,140.8300018310547,142.0399932861328,8576200,0.00421617499447,137.07164193522087,138.4979465339646,JPM,JPMorgan Chase & Co.,0.8000420331954956,6.186672544572502e-05,0.19989611208438873
2023-10-06,138.7781219482422,145.10000610351562,145.8800048828125,142.13999938964844,142.91000366210938,10270600,0.0153954448248394,137.4982619384762,138.52341702617164,JPM,JPMorgan Chase & Co.,0.9989545941352844,0.0009175051236525178,0.00012789701577275991
2023-10-09,138.4625244140625,144.77000427246094,145.39999389648438,143.5,143.66000366210938,6964900,-0.0022741159034951,137.73932755737275,138.51788133416173,JPM,JPMorgan Chase & Co.,0.9999606013298035,2.9327706215553917e-05,1.0075904356199317e-05
2023-10-10,139.30416870117188,145.64999389648438,146.77000427246094,145.27999877929688,145.4199981689453,11288800,0.0060784987899866,138.13053784332254,138.5893620038899,JPM,JPMorgan Chase & Co.,0.6763129830360413,0.3236350417137146,5.192754906602204e-05
2023-10-11,139.78236389160156,146.14999389648438,147.22999572753906,145.02000427246094,146.50999450683594,8698200,0.0034327414239518,138.54349435539228,138.6978167209546,JPM,JPMorgan Chase & Co.,0.9999530911445618,4.29875541385627e-07,4.65152261313051e-05
2023-10-12,139.4571990966797,145.80999755859375,146.9600067138672,145.1300048828125,146.3000030517578,10484400,-0.00232622189144,138.77192054071412,138.76685148238414,JPM,JPMorgan Chase & Co.,0.40014535188674927,0.20154674351215363,0.3983078896999359
2023-10-13,141.55178833007812,148.0,153.11000061035156,147.83999633789062,148.5,29427000,0.0150195848401224,139.46688748805514,139.0200275594472,JPM,JPMorgan Chase & Co.,0.4463372230529785,0.5107151865959167,0.04294760897755623
2023-10-16,141.40830993652344,147.85000610351562,149.52000427246094,146.72000122070312,149.4499969482422,12663500,-0.0010136106032099,139.9522431001722,139.2371441391814,JPM,JPMorgan Chase & Co.,0.21665720641613007,0.2106514275074005,0.5726913213729858
2023-10-17,141.10223388671875,147.52999877929688,149.30999755859375,146.7899932861328,147.57000732421875,11482700,-0.0021644841801877,140.23974079680886,139.40669775259389,JPM,JPMorgan Chase & Co.,0.39979225397109985,0.6000086069107056,0.0001991860626731068
2023-10-18,139.55284118652344,145.91000366210938,147.47999572753906,145.3699951171875,146.58999633789062,9620300,-0.0109806390552201,140.0680158942375,139.41998351931474,JPM,JPMorgan Chase & Co.,0.8019213676452637,0.19805201888084412,2.6600548153510317e-05
2023-10-19,138.95982360839844,145.2899932861328,147.02000427246094,144.8800048828125,145.47999572753906,11143600,-0.0042494124310402,139.79096782277773,139.37815080014053,JPM,JPMorgan Chase & Co.,0.834611713886261,0.0016554920002818108,0.16373273730278015
2023-10-20,136.7218017578125,142.9499969482422,145.13999938964844,142.1199951171875,144.57000732421875,13332900,-0.0161055317463044,139.02367630653643,139.13666452356526,JPM,JPMorgan Chase & Co.,0.9718046188354492,0.02804810367524624,0.00014731775445397943
2023-10-23,134.8567352294922,141.0,143.67999267578125,140.72999572753906,142.94000244140625,10133400,-0.0136413249704248,137.98194103727536,138.74758004228588,JPM,JPMorgan Chase & Co.,0.9997979998588562,0.0001664426818024367,3.5493729228619486e-05
2023-10-24,135.01934814453125,141.1699981689453,141.72999572753906,140.36000061035156,141.19000244140625,8881400,0.0012058197520674,137.24129281408932,138.4086498697627,JPM,JPMorgan Chase & Co.,0.6000142097473145,0.3999832272529602,2.5989970708906185e-06
2023-10-25,134.2828826904297,140.39999389648438,141.17999267578125,139.50999450683594,140.57000732421875,8242600,-0.0054545179207443,136.5016902831744,138.03358012618696,JPM,JPMorgan Chase & Co.,0.9999074935913086,6.761991244275123e-05,2.4935094188549556e-05
2023-10-26,134.62721252441406,140.75999450683594,141.6699981689453,139.42999267578125,139.75999450683594,9109400,0.0025642124080562,136.03307084348432,137.7239103442076,JPM,JPMorgan Chase & Co.,0.9850083589553833,0.0007556703640148044,0.01423596404492855
2023-10-27,129.77810668945312,135.69000244140625,139.10000610351562,135.19000244140625,138.9499969482422,17434700,-0.0360187642901806,134.46932980497652,137.00156455741174,JPM,JPMorgan Chase & Co.,0.9184328317642212,0.00026892489404417574,0.08129818737506866
2023-10-30,131.4327392578125,137.4199981689453,138.0399932861328,136.0399932861328,136.44000244140625,9855500,0.0127497049430591,133.71018216818553,136.49530771199363,JPM,JPMorgan Chase & Co.,0.999977171421051,9.437446237825498e-07,2.183833930757828e-05
2023-10-31,133.0012664794922,139.05999755859375,139.24000549316406,137.47000122070312,137.7100067138672,9672500,0.0119340678018049,133.5329532460122,136.17766759994805,JPM,JPMorgan Chase & Co.,0.9911180734634399,0.00875836331397295,0.00012353018973954022
2023-11-01,132.88653564453125,138.94000244140625,140.52999877929688,138.47000122070312,139.25,9432000,-0.0008626296425428,133.37134884564196,135.87847378581924,JPM,JPMorgan Chase & Co.,0.9996430277824402,0.0003131493867840618,4.3800573621410877e-05
2023-11-02,135.25845336914062,141.4199981689453,141.47999572753906,139.22999572753906,140.08999633789062,10186200,0.0178491952785511,133.84312497651663,135.8221082933939,JPM,JPMorgan Chase & Co.,0.6007340550422668,0.19928762316703796,0.1999782919883728
2023-11-03,136.76962280273438,143.0,143.77000427246094,141.85000610351562,142.19000244140625,9538700,0.0111724583266492,134.57474943307108,135.9082459760612,JPM,JPMorgan Chase & Co.,0.9914340972900391,0.008476736955344677,8.91818999662064e-05
2023-11-06,137.8025665283203,144.0800018310547,144.19000244140625,142.7899932861328,143.1699981689453,7625100,0.00755243528803,135.3817037068834,136.0804569353575,JPM,JPMorgan Chase & Co.,0.9999462962150574,2.8422748073353432e-05,2.525721902202349e-05
2023-11-07,137.73561096191406,144.00999450683594,144.25999450683594,142.82000732421875,143.50999450683594,6297900,-0.00048588040189,135.9701805206411,136.23092548322626,JPM,JPMorgan Chase & Co.,0.8000850677490234,0.19990697503089905,7.937715963635128e-06
2023-11-08,138.4146728515625,144.72000122070312,144.83999633789062,143.6199951171875,144.11000061035156,7618200,0.0049301838856778,136.58130360337142,136.42944797125682,JPM,JPMorgan Chase & Co.,0.9995756149291992,0.0002769045240711421,0.0001475070312153548
2023-11-09,138.00340270996094,144.2899932861328,145.64999389648438,143.6999969482422,145.44000244140625,7992500,-0.0029712900599968,136.9368283800188,136.57253476568448,JPM,JPMorgan Chase & Co.,0.9999793767929077,8.35808918964176e-07,1.9694185539265163e-05
2023-11-10,140.0501708984375,146.42999267578125,146.47999572753906,144.0800018310547,144.94000244140625,7983300,0.0148312878398964,137.71516400962346,136.88868350502565,JPM,JPMorgan Chase & Co.,0.8949096202850342,0.0011678335722535849,0.10392256081104279
2023-11-13,139.4285125732422,145.77999877929688,146.25,145.16000366210938,145.6999969482422,6676300,-0.0044388258950868,138.14350115052815,137.1195770566817,JPM,JPMorgan Chase & Co.,0.9999194145202637,1.313591042162443e-06,7.92712889960967e-05
2023-11-14,141.9726104736328,148.44000244140625,149.25,146.52000427246094,146.67999267578125,9927700,0.0182466114960109,139.1007784813043,137.56076191276816,JPM,JPMorgan Chase & Co.,0.9997358918190002,8.187817002180964e-06,0.0002559205167926848
2023-11-15,143.21597290039062,149.74000549316406,150.16000366210938,148.4600067138672,148.4600067138672,8365300,0.0087577626600641,140.12957708607587,138.074872002552,JPM,JPMorgan Chase & Co.,0.9999754428863525,1.0194713695454993e-06,2.352657975279726e-05
2023-11-16,144.8514404296875,151.4499969482422,151.52999877929688,150.08999633789062,150.08999633789062,8126200,0.0114195888641162,141.31004292197878,138.69092367774616,JPM,JPMorgan Chase & Co.,0.999514102935791,2.9152442948543467e-05,0.0004567247233353555
2023-11-17,146.16175842285156,152.82000732421875,152.86000061035156,151.5399932861328,152.1999969482422,7812400,0.009045943825461,142.522971797197,139.37009047275575,JPM,JPMorgan Chase & Co.,0.9460591077804565,0.013091683387756348,0.0408492274582386
2023-11-20,146.61126708984375,153.2899932861328,153.75,151.9199981689453,152.0800018310547,7019000,0.0030754191235968,143.54504562035868,140.02837925612738,JPM,JPMorgan Chase & Co.,0.8000014424324036,4.732484740088694e-06,0.19999384880065918
2023-11-21,146.3052215576172,152.97000122070312,153.6300048828125,152.57000732421875,153.1999969482422,7083500,-0.002087462568883,144.2350896046733,140.59900128353553,JPM,JPMorgan Chase & Co.,0.7996760606765747,0.20031745731830597,6.435946033889195e-06
2023-11-22,146.64955139160156,153.3300018310547,153.8800048828125,152.89999389648438,153.41000366210938,5174500,0.0023535033836694,144.83870505140538,141.14905129335972,JPM,JPMorgan Chase & Co.,0.7973767518997192,0.20130029320716858,0.0013229416217654943
2023-11-24,146.8503875732422,153.5399932861328,154.44000244140625,153.27999877929688,153.58999633789062,3496900,0.0013694974156746,145.34162568186457,141.66735459153082,JPM,JPMorgan Chase & Co.,0.41310247778892517,0.5867988467216492,9.868992492556572e-05
2023-11-27,146.51565551757812,153.19000244140625,153.52999877929688,152.7100067138672,153.42999267578125,6259100,-0.0022794087315372,145.63513314079296,142.10810922117147,JPM,JPMorgan Chase & Co.,0.9999399185180664,2.5836663553491235e-05,3.429084608796984e-05
2023-11-28,146.8503875732422,153.5399932861328,153.8699951171875,152.72000122070312,153.22000122070312,6582700,0.0022846163058929,145.93894674890527,142.53922543499607,JPM,JPMorgan Chase & Co.,0.556520402431488,0.44346582889556885,1.3784211660095025e-05
2023-11-29,147.596435546875,154.32000732421875,155.6300048828125,154.0,154.1699981689453,9126100,0.0050803268957033,146.3533189483977,142.99897180880322,JPM,JPMorgan Chase & Co.,0.2255794107913971,0.1523286998271942,0.6220918893814087
2023-11-30,149.2797393798828,156.0800018310547,156.1300048828125,154.3800048828125,154.91000366210938,9869800,0.0114047729321566,147.084924056269,143.56995067890136,JPM,JPMorgan Chase & Co.,0.9999655485153198,1.2305373275012244e-05,2.2080155758885667e-05
2023-12-01,150.0066375732422,156.83999633789062,157.86000061035156,155.82000732421875,155.82000732421875,8916000,0.0048693693891679,147.8153524355123,144.15510403293234,JPM,JPMorgan Chase & Co.,0.8196495175361633,0.1796727329492569,0.0006778107490390539
2023-12-04,151.10653686523438,157.99000549316406,158.0500030517578,155.8800048828125,156.02000427246094,9607500,0.0073323374871006,148.63814854294282,144.78705247223257,JPM,JPMorgan Chase & Co.,0.544236958026886,1.7482982002547942e-05,0.45574554800987244
2023-12-05,151.08738708496094,157.97000122070312,158.5,156.97000122070312,157.25999450683594,9135600,-0.0001267303233248,149.25045817844733,145.35981016429875,JPM,JPMorgan Chase & Co.,0.5442267656326294,1.744795918057207e-05,0.45575571060180664
2023-12-06,149.4997100830078,156.30999755859375,159.22000122070312,156.0,158.83999633789062,9366000,-0.0105083358219725,149.31277115458744,145.73616470236323,JPM,JPMorgan Chase & Co.,0.9999614953994751,3.0387748211069265e-06,3.551050031092018e-05
2023-12-07,149.95880126953125,156.7899932861328,157.30999755859375,156.14999389648438,156.69000244140625,8130900,0.0030708500121408,149.4742786833234,146.12004075392397,JPM,JPMorgan Chase & Co.,0.9972025156021118,2.2302332581602968e-05,0.0027751766610890627
2023-12-08,151.61343383789062,158.52000427246094,158.77999877929688,156.97999572753906,157.25999450683594,7369400,0.0110339143441497,150.0090674719652,146.61944012519368,JPM,JPMorgan Chase & Co.,0.9999586343765259,1.5121805745366146e-06,3.986910451203585e-05
2023-12-11,152.1681671142578,159.10000610351562,159.3000030517578,158.14999389648438,158.52000427246094,8093900,0.0036588662516563,150.54884238253837,147.12386985147225,JPM,JPMorgan Chase & Co.,0.9999762773513794,5.333884928404586e-06,1.8388964235782623e-05
2023-12-12,153.52627563476562,160.52000427246094,160.64999389648438,158.8800048828125,159.22999572753906,10223000,0.0089250501354074,151.29320069559515,147.70590674086256,JPM,JPMorgan Chase & Co.,0.7995282411575317,0.20001736283302307,0.00045444659190252423
2023-12-13,154.0427703857422,161.05999755859375,162.02999877929688,159.77000427246094,160.52000427246094,12379100,0.0033642107765663,151.98059311813194,148.28198525403343,JPM,JPMorgan Chase & Co.,0.9992532730102539,0.0007223057327792048,2.4460499844281003e-05
2023-12-14,156.84512329101562,163.99000549316406,164.83999633789062,161.7100067138672,161.8300018310547,13643000,0.0181920443150691,153.19672566135284,149.06045234830452,JPM,JPMorgan Chase & Co.,0.8047304153442383,0.195244699716568,2.496616798453033e-05
2023-12-15,158.0310821533203,165.22999572753906,165.27999877929688,162.38999938964844,163.0800018310547,20309300,0.0075613371803995,154.4053147843447,149.87596414876052,JPM,JPMorgan Chase & Co.,0.9995037317276001,0.0002556205145083368,0.00024053505330812186
2023-12-18,158.98751831054688,166.22999572753906,167.1300048828125,165.6300048828125,165.9199981689453,8469600,0.0060522027957679,155.55086566589526,150.70428725437745,JPM,JPMorgan Chase & Co.,0.9987472295761108,0.0001526176929473877,0.0011001407401636243
2023-12-19,161.1107940673828,168.4499969482422,168.47000122070312,165.5500030517578,166.0,10345700,0.0133549839597382,156.94084776626715,151.65033332828702,JPM,JPMorgan Chase & Co.,0.9997434616088867,0.000237539570662193,1.9023773347726092e-05
2023-12-20,159.29356384277344,166.5500030517578,169.41000366210938,166.4499969482422,167.99000549316406,10734700,-0.011279382211035,157.52902678539374,152.3451724659676,JPM,JPMorgan Chase & Co.,0.9998540878295898,0.00010867209493881091,3.7218524084892124e-05
2023-12-21,160.20216369628906,167.5,168.08999633789062,165.67999267578125,166.83999633789062,7601700,0.0057039332387116,158.19731101311757,153.05944439599682,JPM,JPMorgan Chase & Co.,0.9999774098396301,1.5322464150813175e-06,2.1062880477984436e-05
2023-12-22,160.1065216064453,167.39999389648438,168.22999572753906,167.22999572753906,167.5,6576300,-0.0005970087272045,158.6746136614495,153.70008777876484,JPM,JPMorgan Chase & Co.,0.9999738931655884,1.487813506173552e-06,2.4683928131707944e-05
2023-12-26,161.05340576171875,168.38999938964844,168.77000427246094,167.17999267578125,167.4600067138672,4683600,0.00591408860659,159.26931168651683,154.36857123176063,JPM,JPMorgan Chase & Co.,0.8584480285644531,0.1415393054485321,1.2646768482227344e-05
2023-12-27,162.01939392089844,169.39999389648438,169.47000122070312,167.5800018310547,167.83999633789062,6428600,0.0059979368620672,159.95683224511222,155.06410056713682,JPM,JPMorgan Chase & Co.,0.9999305009841919,4.485851604840718e-06,6.505557394120842e-05
2023-12-28,162.8802032470703,170.3000030517578,170.66000366210938,169.0,169.35000610351562,6320100,0.005313001766888,160.68767499560175,155.77465535622167,JPM,JPMorgan Chase & Co.,0.9999805688858032,2.1625869521813e-06,1.7358706827508286e-05
2023-12-29,162.68890380859375,170.10000610351562,170.69000244140625,169.6300048828125,170.0,6435100,-0.0011744793698862,161.18798219884974,156.40322339734638,JPM,JPMorgan Chase & Co.,0.9998617172241211,0.00010684259177651256,3.149401891278103e-05
2024-01-02,164.58261108398438,172.0800018310547,172.1699981689453,168.91000366210938,169.08999633789062,9977400,,164.58261108398438,164.58261108398438,JPM,JPMorgan Chase & Co.,0.5850886702537537,0.41285428404808044,0.002057017059996724
2024-01-03,163.86532592773438,171.3300018310547,172.0399932861328,170.3699951171875,171.86000061035156,9852300,-0.0043582074164808,164.40328979492188,164.5174033425071,JPM,JPMorgan Chase & Co.,0.9999607801437378,8.772783985477872e-06,3.0410807084990665e-05
2024-01-04,164.9527587890625,171.41000366210938,173.35000610351562,170.5399932861328,170.63999938964844,11972500,0.0066361376647046,164.54065704345703,164.55698111037574,JPM,JPMorgan Chase & Co.,0.8014137148857117,0.19850750267505646,7.869933324400336e-05
2024-01-05,165.78033447265625,172.27000427246094,173.3800048828125,171.47000122070312,171.47000122070312,10066000,0.0050170466360737,164.85057640075684,164.66819505240124,JPM,JPMorgan Chase & Co.,0.7999798655509949,0.20000150799751282,1.8637612811289728e-05
2024-01-08,165.53977966308594,172.02000427246094,172.36000061035156,169.49000549316406,172.02000427246094,11229900,-0.0014510455075115,165.0228772163391,164.74743001700892,JPM,JPMorgan Chase & Co.,0.6771594882011414,0.01772383414208889,0.3051167130470276
2024-01-09,164.2310028076172,170.66000366210938,171.7899932861328,170.10000610351562,171.6199951171875,9923600,-0.0079061169353519,164.82490861415863,164.7004820888824,JPM,JPMorgan Chase & Co.,0.5628050565719604,0.30261391401290894,0.13458094000816345
2024-01-10,164.5774383544922,171.02000427246094,171.0800018310547,168.9499969482422,170.0,9670200,0.0021094406108013,164.76304104924202,164.68929629484694,JPM,JPMorgan Chase & Co.,0.0,1.0,0.0
2024-01-11,163.8845672607422,170.3000030517578,170.36000061035156,168.63999938964844,170.3300018310547,11919500,-0.0042100004756276,164.54342260211706,164.61613910992833,JPM,JPMorgan Chase & Co.,0.9997665286064148,5.2642793889390305e-05,0.00018085615010932088
2024-01-12,162.681640625,169.0500030517578,176.30999755859375,168.89999389648438,173.8000030517578,19436500,-0.007340084889313,164.0779771078378,164.4402756112985,JPM,JPMorgan Chase & Co.,0.20440661907196045,0.19513675570487976,0.6004565954208374
2024-01-16,161.6615753173828,167.99000549316406,168.08999633789062,164.3000030517578,164.8699951171875,17206400,-0.0062703160829841,163.47387666022405,164.1876664936698,JPM,JPMorgan Chase & Co.,0.9999281167984009,4.890751370112412e-05,2.301461063325405e-05
2024-01-17,160.79547119140625,167.08999633789062,169.07000732421875,166.49000549316406,167.33999633789062,11107500,-0.0053575138326852,162.8042752930196,163.87928510255497,JPM,JPMorgan Chase & Co.,0.6216679811477661,0.1782676875591278,0.2000643014907837
2024-01-18,161.11305236816406,167.4199981689453,167.52999877929688,165.24000549316406,167.1199951171875,9382300,0.0019750629442776,162.38146956180572,163.62780939942851,JPM,JPMorgan Chase & Co.,0.9999427795410156,2.31707122111402e-06,5.488806709763594e-05
2024-01-19,163.89418029785156,170.30999755859375,170.57000732421875,167.0800018310547,167.5500030517578,13115700,0.0172619653641237,162.75964724581718,163.65202493564877,JPM,JPMorgan Chase & Co.,0.6119951605796814,0.38798338174819946,2.1423784346552566e-05
2024-01-22,163.70172119140625,170.11000061035156,171.97999572753906,169.7100067138672,170.4600067138672,12837500,-0.0011742888374409,162.99516573221445,163.65654277708128,JPM,JPMorgan Chase & Co.,0.9924993515014648,0.00010891372221522033,0.007391730323433876
2024-01-23,162.62391662597656,168.99000549316406,169.75,168.44000244140625,169.6699981689453,8360800,-0.0065839537763288,162.90235345565495,163.5626676724354,JPM,JPMorgan Chase & Co.,0.7522053718566895,0.04773174971342087,0.2000628262758255
2024-01-24,164.0770263671875,170.5,171.00999450683594,168.86000061035156,169.36000061035156,9967100,0.0089353999790386,163.1960216835381,163.6094275537765,JPM,JPMorgan Chase & Co.,0.9999362826347351,4.6970097173471004e-05,1.6721778592909686e-05
2024-01-25,166.42510986328125,172.94000244140625,172.99000549316406,170.91000366210938,172.30999755859375,8873500,0.0143108608687176,164.0032937284739,163.86539867282238,JPM,JPMorgan Chase & Co.,0.9483802914619446,0.04020223766565323,0.011417490430176258
2024-01-26,165.7899627685547,172.27999877929688,173.05999755859375,171.77999877929688,172.61000061035156,7443000,-0.0038164138527433,164.4499609884941,164.0403590451617,JPM,JPMorgan Chase & Co.,0.9993959665298462,1.3544723515224177e-05,0.0005905049038119614
2024-01-29,166.22300720214844,172.72999572753906,172.83999633789062,171.3000030517578,172.24000549316406,6971200,0.0026120063383949,164.89322254190768,164.23878160488778,JPM,JPMorgan Chase & Co.,0.9821786880493164,0.017787760123610497,3.362380084581673e-05
2024-01-30,169.62966918945312,176.27000427246094,176.75999450683594,172.8300018310547,172.8300018310547,10822100,0.0204945274703263,166.07733420379404,164.7288622943937,JPM,JPMorgan Chase & Co.,0.9999818801879883,5.599168844128144e-07,1.7545209630043246e-05
2024-01-31,167.79161071777344,174.36000061035156,178.3000030517578,174.33999633789062,176.1999969482422,11521800,-0.0108357133540526,166.50590333228888,165.0072939692464,JPM,JPMorgan Chase & Co.,0.9998466372489929,0.000110300061351154,4.302660090615973e-05
2024-02-01,167.18533325195312,173.72999572753906,174.83999633789062,171.42999267578125,173.63999938964844,9354800,-0.0036132763922271,166.67576081220494,165.20529754040157,JPM,JPMorgan Chase & Co.,0.7996388673782349,0.20033343136310577,2.775594111881219e-05
2024-02-02,168.14767456054688,174.72999572753906,175.82000732421875,173.25999450683594,173.3000030517578,8607600,0.0057561347629906,167.0437392492904,165.47278636041477,JPM,JPMorgan Chase & Co.,0.9999748468399048,3.2529296731809154e-06,2.1850622943020426e-05
2024-02-05,167.9263458251953,174.5,175.08999633789062,172.9199981689453,173.86000061035156,7820200,-0.0013162759219239,167.26439089326664,165.69583722084937,JPM,JPMorgan Chase & Co.,0.6000159978866577,2.186633764722501e-06,0.3999817967414856
2024-02-06,168.50375366210938,175.10000610351562,175.8699951171875,173.75999450683594,174.61000061035156,6764800,0.0034384588914662,167.57423158547732,165.951102351873,JPM,JPMorgan Chase & Co.,0.9999966621398926,3.3267551202698087e-07,3.023670615220908e-06
2024-02-07,168.82130432128906,175.42999267578125,175.8699951171875,173.9600067138672,175.69000244140625,7225500,0.0018845316634099,167.88599976943027,166.2120298036381,JPM,JPMorgan Chase & Co.,0.9999725222587585,1.5364196315204026e-06,2.582583692856133e-05
2024-02-08,168.2150421142578,174.8000030517578,175.30999755859375,173.57000732421875,175.0,6060300,-0.003591147512268,167.96826035563714,166.39412183187625,JPM,JPMorgan Chase & Co.,0.9998647570610046,0.00010823795309988782,2.7068599592894316e-05
2024-02-09,168.4171142578125,175.00999450683594,175.10000610351562,173.6699981689453,175.0,6296700,0.0012012727340842,168.080473831181,166.57803023423406,JPM,JPMorgan Chase & Co.,0.9325572848320007,0.0016157692298293114,0.06582701206207275
2024-02-12,169.16773986816406,175.7899932861328,176.80999755859375,173.6999969482422,174.77999877929688,8539300,0.0044569437830559,168.35229034042675,166.81345838277315,JPM,JPMorgan Chase & Co.,0.9999681711196899,4.613023634192359e-07,3.140907938359305e-05
2024-02-13,167.6953887939453,174.25999450683594,176.22999572753906,172.6199951171875,175.32000732421875,8397600,-0.0087034979326802,168.1880649538064,166.89363387469788,JPM,JPMorgan Chase & Co.,0.0,1.0,0.0
2024-02-14,169.39869689941406,176.02999877929688,176.10000610351562,174.4199981689453,175.07000732421875,7056700,0.0101571552904276,168.49072294020831,167.12136687694482,JPM,JPMorgan Chase & Co.,0.8114359974861145,0.18854795396327972,1.6067715478129685e-05
2024-02-15,173.0940399169922,179.8699951171875,180.2100067138672,176.14999389648438,176.14999389648438,8723400,0.0218144713342887,169.64155218440428,167.66433715331277,JPM,JPMorgan Chase & Co.,0.9998982548713684,8.918594176066108e-06,9.282554674427956e-05
2024-02-16,172.2856903076172,179.02999877929688,179.97999572753906,178.16000366210938,179.61000061035156,8152600,-0.0046700025590866,170.3025867152075,168.08446016734044,JPM,JPMorgan Chase & Co.,0.8322097659111023,8.810263534542173e-05,0.1677021086215973
2024-02-20,172.95932006835938,179.72999572753906,180.4600067138672,178.41000366210938,179.19000244140625,9668000,0.0039099576960768,170.96677005349545,168.52762924925125,JPM,JPMorgan Chase & Co.,0.9999148845672607,6.51558002573438e-05,2.001026223297231e-05
2024-02-21,174.0852508544922,180.8999938964844,180.9900054931641,178.52000427246094,179.9499969482422,7024000,0.0065098011815021,171.74639025374464,169.03286757700042,JPM,JPMorgan Chase & Co.,0.9985014200210571,0.0013315377291291952,0.0001669947523623705
2024-02-22,176.1735076904297,183.07000732421875,183.4199981689453,181.2400054931641,181.82000732421875,9296500,0.0119955988556603,172.8531696129159,169.68201667822123,JPM,JPMorgan Chase & Co.,0.8001912832260132,0.00010222897253697738,0.19970647990703583
2024-02-23,177.058837890625,183.9900054931641,185.1999969482422,183.19000244140625,183.80999755859372,7105800,0.0050253310602805,173.90458668234317,170.35263678843975,JPM,JPMorgan Chase & Co.,0.799992024898529,0.20000052452087402,7.3986143434012774e-06
2024-02-26,176.4525909423828,183.3600006103516,184.4600067138672,182.47999572753903,183.75,7145400,-0.0034239858086987,174.54158774735308,170.90717807516185,JPM,JPMorgan Chase & Co.,0.7903907299041748,0.20456883311271667,0.005040461663156748
2024-02-27,176.53916931152344,183.4499969482422,183.5399932861328,182.2400054931641,183.30999755859372,5717100,0.0004906607983381,175.04098313839566,171.41917727846746,JPM,JPMorgan Chase & Co.,0.9999769926071167,7.238856483127165e-07,2.225259959232062e-05
2024-02-28,177.4341583251953,184.3800048828125,185.1999969482422,182.9600067138672,183.42999267578125,6131600,0.0050696342186393,175.63927693509558,171.9659937372609,JPM,JPMorgan Chase & Co.,0.9999753832817078,1.6012675132515142e-06,2.2923599317437038e-05
2024-02-29,179.0508575439453,186.05999755859372,186.42999267578125,183.8500061035156,185.66000366210935,9643000,0.0091115444399774,176.492172087308,172.6100722651413,JPM,JPMorgan Chase & Co.,0.9999723434448242,8.747779247642029e-06,1.8831666238838807e-05
2024-03-01,178.3098602294922,185.2899932861328,186.44000244140625,185.1000061035156,185.6999969482422,6311800,-0.0041384739767094,176.94659412285404,173.128234807355,JPM,JPMorgan Chase & Co.,0.9999768137931824,6.696607783851505e-07,2.248072632937692e-05
2024-03-04,179.64747619628906,186.67999267578125,187.58999633789065,184.2700042724609,184.7100067138672,7063600,0.0075016376832739,177.62181464121278,173.7208931154399,JPM,JPMorgan Chase & Co.,0.9999738931655884,2.054745664281654e-06,2.399551885901019e-05
2024-03-05,181.4470367431641,188.5500030517578,189.3000030517578,186.3600006103516,186.3600006103516,6617800,0.0100171768898591,178.5781201667006,174.42326980886938,JPM,JPMorgan Chase & Co.,0.9996712803840637,0.0002128572523361072,0.00011587783228605986
2024-03-06,182.39013671875,189.52999877929688,190.07000732421875,187.6300048828125,189.25,7572900,0.0051976598379002,179.53112430471296,175.14753043704036,JPM,JPMorgan Chase & Co.,0.8394775390625,0.1605178862810135,4.638371137843933e-06
2024-03-07,180.79269409179688,187.8699951171875,190.5,186.6300048828125,189.91000366210935,7618300,-0.0087583827486045,179.84651675148393,175.66072713292732,JPM,JPMorgan Chase & Co.,0.9948452711105347,0.005129839759320021,2.4858687538653612e-05
2024-03-08,181.12950134277344,188.22000122070312,190.4600067138672,187.9199981689453,188.44000244140625,6172200,0.0018629472427993,180.1672628993063,176.1578884247315,JPM,JPMorgan Chase & Co.,0.9999895095825195,4.779343271366088e-06,5.796092864329694e-06
2024-03-11,181.1968536376953,188.2899932861328,188.44000244140625,186.22000122070312,187.27999877929688,5762600,0.0003718460793109,180.4246605839036,176.6159761713646,JPM,JPMorgan Chase & Co.,0.7999603152275085,0.2000226527452469,1.6991250959108584e-05
2024-03-12,182.6884613037109,189.83999633789065,190.16000366210935,187.91000366210935,188.9499969482422,5708400,0.0082319733266347,180.9906107638554,177.16802027430518,JPM,JPMorgan Chase & Co.,0.7962299585342407,0.20191840827465057,0.0018517192220315337
2024-03-13,184.17044067382807,191.3800048828125,191.72999572753903,189.83999633789065,190.3600006103516,7795500,0.0081120578691253,181.78556824134856,177.8046039469891,JPM,JPMorgan Chase & Co.,0.9999458193778992,1.8241598809254356e-05,3.596411625039764e-05
2024-03-14,180.88890075683597,187.97000122070312,191.6300048828125,187.1000061035156,191.02999877929688,10310900,-0.0178179511597298,181.56140137022044,178.08499456606606,JPM,JPMorgan Chase & Co.,0.8064731359481812,0.00012673527817241848,0.19340015947818756
2024-03-15,183.13113403320312,190.3000030517578,190.94000244140625,186.47999572753903,186.47999572753903,17214200,0.0123956376924494,181.9538345359661,178.54373451762396,JPM,JPMorgan Chase & Co.,0.9946814775466919,0.0048433952033519745,0.0004751827218569815
2024-03-18,185.40223693847656,192.66000366210935,192.6999969482422,189.88999938964844,190.6300048828125,9013800,0.0124015117214404,182.8159351365937,179.16723473770148,JPM,JPMorgan Chase & Co.,0.8381515741348267,0.002424153033643961,0.15942437946796417
2024-03-19,186.48963928222656,193.7899932861328,193.92999267578125,192.3800048828125,192.7100067138672,8478700,0.0058650982949619,183.734361173002,179.83290787811285,JPM,JPMorgan Chase & Co.,0.9986850023269653,0.0012614410370588303,5.3694751841248944e-05
2024-03-20,188.93397521972656,196.3300018310547,196.55999755859372,193.6100006103516,194.19000244140625,9367000,0.0131070870580689,185.0342646846831,180.66027763644135,JPM,JPMorgan Chase & Co.,0.7999674081802368,0.20001180469989777,2.076942109852098e-05
2024-03-21,191.5611267089844,199.05999755859372,199.42999267578125,196.3300018310547,196.5200042724609,11203800,0.0139051300127597,186.66598019075843,181.65126391576345,JPM,JPMorgan Chase & Co.,0.5913541913032532,0.40858277678489685,6.295757339103147e-05
2024-03-22,189.21304321289065,196.6199951171875,200.47999572753903,196.5399932861328,199.00999450683597,8108800,-0.0122576199902024,187.30274594629148,182.33869839732048,JPM,JPMorgan Chase & Co.,0.8003648519515991,0.19962114095687866,1.3936844879935961e-05
2024-03-25,187.4808654785156,194.82000732421875,196.94000244140625,194.3600006103516,196.6000061035156,8620000,-0.0091546423278339,187.34727582934752,182.80616813197457,JPM,JPMorgan Chase & Co.,0.48318928480148315,0.0002648804511409253,0.516545832157135
2024-03-26,188.35655212402344,195.72999572753903,196.66000366210935,194.05999755859372,194.58999633789065,5961500,0.0046708054353854,187.5995949030165,183.3107484948881,JPM,JPMorgan Chase & Co.,0.8622403144836426,0.13766035437583923,9.930467786034569e-05
2024-03-27,192.0038146972656,199.5200042724609,199.6000061035156,196.3800048828125,196.5,8725800,0.0193636087097233,188.7006498515788,184.1010272405588,JPM,JPMorgan Chase & Co.,0.9253026843070984,0.07466264069080353,3.473459946690127e-05
2024-03-28,192.75442504882807,200.3000030517578,200.72000122070312,198.5399932861328,199.4900054931641,8628300,0.0039093512425574,189.71409365089116,184.88769976858327,JPM,JPMorgan Chase & Co.,0.9998124837875366,0.000126021564938128,6.143534847069532e-05
2024-04-01,191.4456329345703,198.94000244140625,200.94000244140625,198.57000732421875,199.9900054931641,7309000,-0.0067899458802374,190.1469784718109,185.48387551094572,JPM,JPMorgan Chase & Co.,0.4000065326690674,0.4000178277492523,0.1999756097793579
2024-04-02,191.36866760253903,198.8600006103516,199.77999877929688,198.0800018310547,198.38999938964844,7014700,-0.0004020218735287,190.45240075449297,186.0188566101815,JPM,JPMorgan Chase & Co.,0.9999544024467468,1.2816400385418092e-06,4.43031603936106e-05
2024-04-03,190.8297576904297,198.3000030517578,199.55999755859372,197.6999969482422,199.0399932861328,9353400,-0.0028160822712559,190.5467399884772,186.4562112538404,JPM,JPMorgan Chase & Co.,0.9986154437065125,0.001328105921857059,5.633205364574678e-05
2024-04-04,189.3778381347656,195.6499938964844,199.67999267578125,195.5500030517578,199.1499938964844,9243800,-0.0076084546416467,190.25451452504927,186.7218136975609,JPM,JPMorgan Chase & Co.,0.9999358057975769,4.312589589972049e-05,2.1044827008154243e-05
2024-04-05,191.12014770507807,197.4499969482422,198.1199951171875,195.1100006103516,196.16000366210935,6532300,0.0092001766810361,190.4709228200565,187.12166224369884,JPM,JPMorgan Chase & Co.,0.9999710321426392,1.0986507277266355e-06,2.7966301786364056e-05
2024-04-08,192.1170959472656,198.47999572753903,198.97999572753903,197.6199951171875,197.6199951171875,8001000,0.0052163429871658,190.8824661018588,187.57579258038672,JPM,JPMorgan Chase & Co.,0.9940625429153442,0.005889369174838066,4.814004205400124e-05
2024-04-09,190.82974243164065,197.1499938964844,198.8800048828125,194.91000366210935,198.07000732421875,7351500,-0.0067008795301505,190.86928518430423,187.871606203228,JPM,JPMorgan Chase & Co.,0.7998899817466736,0.00010908689728239551,0.20000097155570984
2024-04-10,189.20362854003903,195.47000122070312,197.07000732421875,194.17999267578125,195.5500030517578,7681400,-0.0085212811738928,190.45287102323795,187.99269914293808,JPM,JPMorgan Chase & Co.,0.9994962811470032,2.0625042452593334e-05,0.00048309427802450955
2024-04-11,189.16488647460935,195.42999267578125,196.57000732421875,193.2400054931641,196.0,10137700,-0.0002047638606544,190.1308748860808,188.09926162763543,JPM,JPMorgan Chase & Co.,0.8196487426757812,0.1803371012210846,1.410355071129743e-05
2024-04-12,176.9301300048828,182.7899932861328,188.92999267578125,182.5399932861328,188.32000732421875,31532300,-0.0646777353754222,186.83068866578128,187.083886025567,JPM,JPMorgan Chase & Co.,0.0032865714747458696,0.815208911895752,0.1815045177936554
2024-04-15,177.02691650390625,182.88999938964844,187.4600067138672,182.1999969482422,184.5,14766600,0.0005470323173377,184.37974562531247,186.1696160690524,JPM,JPMorgan Chase & Co.,0.39991122484207153,0.6000025868415833,8.618322317488492e-05
2024-04-16,175.00390625,180.8000030517578,183.16000366210935,179.64999389648438,182.8999938964844,16451800,-0.01142769864526,182.0357857814844,185.15455154004763,JPM,JPMorgan Chase & Co.,0.3999936878681183,0.5999968647956848,9.472277270106133e-06
2024-04-17,174.30699157714844,180.0800018310547,182.4199981689453,179.1999969482422,181.3699951171875,9017100,-0.0039822806689582,180.1035872304004,184.1684097252386,JPM,JPMorgan Chase & Co.,0.5999957323074341,0.2000005692243576,0.20000365376472473
2024-04-18,175.4394989013672,181.25,183.3600006103516,179.97000122070312,181.1000061035156,9557700,0.006497199647425,178.93756514814208,183.37487237761397,JPM,JPMorgan Chase & Co.,0.9998888969421387,6.795980880269781e-05,4.311845623305999e-05
2024-04-19,179.84361267089844,185.8000030517578,185.8800048828125,181.41000366210935,182.3999938964844,13402300,0.0251033193614356,179.16407702883117,183.0538487679125,JPM,JPMorgan Chase & Co.,0.7994318008422852,0.20055623352527618,1.2008425983367488e-05
2024-04-22,183.33790588378903,189.41000366210935,190.1300048828125,185.97999572753903,185.9900054931641,11529700,0.019429620885591,180.20753424257063,183.0796721420831,JPM,JPMorgan Chase & Co.,0.48332706093788147,0.4001319408416748,0.11654096841812134
2024-04-23,185.98036193847656,192.13999938964844,192.22999572753903,190.5200042724609,191.1300048828125,9144400,0.014413037183715,181.65074116654716,183.3433712144825,JPM,JPMorgan Chase & Co.,0.3999921977519989,0.4000014662742615,0.20000629127025604
2024-04-24,186.8902282714844,193.0800018310547,193.22999572753903,190.1699981689453,190.52999877929688,6964900,0.0048922710092842,182.96061294278144,183.66581276511903,JPM,JPMorgan Chase & Co.,0.5993859171867371,0.2002115547657013,0.20040249824523926
2024-04-25,187.17092895507807,193.3699951171875,193.94000244140625,191.17999267578125,192.25,9802300,0.0015019548437062,184.0131919458556,183.98445969147892,JPM,JPMorgan Chase & Co.,0.9999842643737793,3.214083790226141e-06,1.2507558494689874e-05
2024-04-26,187.287109375,193.4900054931641,194.8699951171875,193.05999755859372,193.57000732421875,6413700,0.0006207182951458,184.8316713031417,184.28470057179905,JPM,JPMorgan Chase & Co.,0.9997808337211609,0.00013541258522309363,8.38102787383832e-05
2024-04-29,187.08384704589844,193.27999877929688,194.25999450683597,192.42999267578125,193.47999572753903,5387800,-0.0010852980206692,185.39471523883088,184.5391684330808,JPM,JPMorgan Chase & Co.,0.7619155049324036,0.2022748738527298,0.03580966591835022
2024-04-30,185.5931854248047,191.7400054931641,194.9900054931641,191.63999938964844,192.80999755859372,8153700,-0.0079678798818373,185.44433278532432,184.6349881596011,JPM,JPMorgan Chase & Co.,0.9999266862869263,1.640804657654371e-05,5.693152343155816e-05
2024-05-01,185.70933532714844,191.8600006103516,194.4600067138672,190.7899932861328,192.2700042724609,7445300,0.0006258306417765,185.51058342078036,184.7326560839236,JPM,JPMorgan Chase & Co.,0.8920730352401733,0.10788055509328842,4.640212137019262e-05
2024-05-02,185.5157623291016,191.66000366210935,193.5,189.5200042724609,193.07000732421875,6501700,-0.0010423439279768,185.51187814786064,184.80384756075796,JPM,JPMorgan Chase & Co.,0.7998988628387451,4.7770922719792e-06,0.20009641349315643
2024-05-03,184.40261840820312,190.50999450683597,192.52999877929688,188.4600067138672,192.0,8922800,-0.0060002659985503,185.23456321294623,184.76737218325292,JPM,JPMorgan Chase & Co.,0.8527517318725586,0.14722593128681183,2.2281201381701976e-05
2024-05-06,185.8448486328125,192.0,192.1999969482422,189.82000732421875,191.72999572753903,7911100,0.0078210940661198,185.3871345679128,184.86532458775835,JPM,JPMorgan Chase & Co.,0.8255379796028137,0.17185679078102112,0.0026051546446979046
2024-05-07,185.6028594970703,191.75,192.92999267578125,191.6499938964844,191.6999969482422,7688800,-0.0013021030043199,185.44106580020215,184.9323732158776,JPM,JPMorgan Chase & Co.,0.9999874234199524,1.218978468386922e-06,1.1338030162733048e-05
2024-05-08,189.3778381347656,195.6499938964844,196.6499938964844,191.0,191.0,9227600,0.0203390111980192,186.42525888384304,185.33650639032197,JPM,JPMorgan Chase & Co.,0.9996099472045898,0.00032884121173992753,6.114074494689703e-05
2024-05-09,191.16851806640625,197.5,197.58999633789065,195.1000061035156,195.1699981689453,7977300,0.0094555939030538,187.61107367948384,185.866689269966,JPM,JPMorgan Chase & Co.,0.9999250173568726,3.120885958196595e-05,4.3665502744261175e-05
2024-05-10,192.3978271484375,198.7700042724609,199.33999633789065,198.2700042724609,198.5399932861328,7529800,0.0064304996160728,188.80776204672225,186.46042907709972,JPM,JPMorgan Chase & Co.,0.7976011037826538,0.002873001154512167,0.19952595233917236
2024-05-13,192.35910034179688,198.72999572753903,199.8500061035156,198.0399932861328,198.8000030517578,7049200,-0.0002012850519914,189.6955966204909,186.9966719193449,JPM,JPMorgan Chase & Co.,0.9977704286575317,0.00015840285050217062,0.002071246737614274
2024-05-14,195.04998779296875,201.50999450683597,201.5800018310547,198.16000366210935,199.0,8596200,0.0139888752151082,191.03419441361035,187.7287915442198,JPM,JPMorgan Chase & Co.,0.7999495267868042,0.20002758502960205,2.283843969053123e-05
2024-05-15,195.6307373046875,202.1100006103516,202.69000244140625,199.7700042724609,202.00999450683597,8370000,0.002977439364596,192.18333013637965,188.44715024971688,JPM,JPMorgan Chase & Co.,0.39912980794906616,0.000270471180556342,0.6005996465682983
2024-05-16,195.9792022705078,202.47000122070312,204.47999572753903,201.9900054931641,202.22000122070312,8497900,0.0017812383198125,193.13229816991168,189.13188225160692,JPM,JPMorgan Chase & Co.,0.4999881982803345,0.5000008940696716,1.0902736903517507e-05
2024-05-17,198.22482299804688,204.7899932861328,205.0500030517578,202.80999755859372,203.80999755859372,9260500,0.0114584644774675,194.40542937694548,189.95851322855603,JPM,JPMorgan Chase & Co.,0.9444959759712219,0.00011093062494182959,0.0553930327296257
2024-05-20,189.31008911132807,195.5800018310547,205.8800048828125,195.3999938964844,204.38999938964844,17373300,-0.0449728432185639,193.13159431054115,189.89956558153528,JPM,JPMorgan Chase & Co.,0.7117279767990112,0.20006203651428223,0.08821000158786774
2024-05-21,193.1237945556641,199.5200042724609,199.8999938964844,196.6000061035156,197.0,14420800,0.0201452836572972,193.12964437182188,190.1926773064561,JPM,JPMorgan Chase & Co.,0.9999370574951172,2.4535253032809123e-05,3.849318090942688e-05
2024-05-22,191.95257568359372,198.30999755859372,200.94000244140625,197.69000244140625,199.0,9425300,-0.0060646015928023,192.83537719976485,190.35266806801403,JPM,JPMorgan Chase & Co.,0.9999691247940063,1.3440662769426126e-06,2.9576596716651693e-05
2024-05-23,190.60711669921875,196.9199981689453,198.3000030517578,196.07000732421875,197.80999755859372,8069400,-0.0070093301930618,192.27831207462836,190.37579976175996,JPM,JPMorgan Chase & Co.,0.9999101758003235,1.437729224562645e-05,7.54108841647394e-05
2024-05-24,194.2756500244141,200.7100067138672,200.75999450683597,197.55999755859372,197.75,7356200,0.0192465705831137,192.7776465620748,190.7303316038194,JPM,JPMorgan Chase & Co.,0.7999864816665649,0.20000095665454865,1.254215749213472e-05
2024-05-28,193.10443115234372,199.5,200.41000366210935,198.66000366210935,199.8600006103516,6910200,-0.0060286447216783,192.859342709642,190.94615883550344,JPM,JPMorgan Chase & Co.,0.9706128239631653,0.02933213673532009,5.5020929721649736e-05
2024-05-29,191.7589874267578,198.1100006103516,198.9900054931641,196.88999938964844,198.0,6120000,-0.0069674409725196,192.58425388892093,191.02005234379928,JPM,JPMorgan Chase & Co.,0.8034599423408508,0.1954731047153473,0.001067022210918367
2024-05-30,192.93988037109372,199.3300018310547,199.8500061035156,198.3999938964844,198.55999755859372,6829100,0.0061582143303033,192.6731605094641,191.1945821644624,JPM,JPMorgan Chase & Co.,0.8631777763366699,0.13676589727401733,5.634151239064522e-05
2024-05-31,196.1341094970703,202.6300048828125,203.3000030517578,198.3500061035156,199.3000030517578,14417900,0.0165555670493466,193.53839775636567,191.6436301037904,JPM,JPMorgan Chase & Co.,0.7998156547546387,0.2001127451658249,7.151825411710888e-05
2024-06-03,195.3500518798828,201.82000732421875,202.4199981689453,199.19000244140625,202.30999755859372,6444300,-0.0039975587071416,193.99131128724497,191.9805775379806,JPM,JPMorgan Chase & Co.,0.7999420166015625,0.19997264444828033,8.532494393875822e-05
2024-06-04,192.7753143310547,199.16000366210935,201.97999572753903,198.27999877929688,200.16000366210935,6848300,-0.0131801221655742,193.68731204819736,192.05282633735095,JPM,JPMorgan Chase & Co.,0.9999474287033081,1.8022157746599987e-05,3.4478100133128464e-05
2024-06-05,190.9362335205078,197.25999450683597,199.82000732421875,196.9199981689453,199.75999450683597,8351600,-0.0095400223671201,192.999542416275,191.95131789945611,JPM,JPMorgan Chase & Co.,0.9998987913131714,6.745236896676943e-05,3.368504621903412e-05
2024-06-06,190.59747314453125,196.91000366210935,198.0200042724609,195.3300018310547,197.25999450683597,7640300,-0.0017742068633619,192.39902509833905,191.82824110355384,JPM,JPMorgan Chase & Co.,0.9998943209648132,5.4582476877840236e-05,5.0994167395401746e-05
2024-06-07,193.5399932861328,199.9499969482422,200.9199981689453,197.00999450683597,197.42999267578125,6964500,0.015438400588712,192.6842671452875,191.98385493833376,JPM,JPMorgan Chase & Co.,0.9999362230300903,3.4581862564664334e-05,2.929198308265768e-05
2024-06-10,193.2108917236328,199.6100006103516,200.83999633789065,198.44000244140625,199.2400054931641,6070800,-0.0017004318172805,192.8159232898738,192.0954037369973,JPM,JPMorgan Chase & Co.,0.7999963164329529,2.1604375888273353e-07,0.2000034749507904
2024-06-11,188.1292266845703,194.3600006103516,197.94000244140625,193.6000061035156,197.91000366210935,9235300,-0.0263011313375193,191.64424913854796,191.73484218677663,JPM,JPMorgan Chase & Co.,0.9999805688858032,6.97851135100791e-07,1.8825283405021764e-05
2024-06-12,185.38992309570312,191.52999877929688,196.72000122070312,191.30999755859372,196.0,12751300,-0.0145607550572675,190.08066762783676,191.15803136031545,JPM,JPMorgan Chase & Co.,0.19929230213165283,0.8006547689437866,5.296261588227935e-05
2024-06-13,187.45166015625,193.66000366210935,194.5800018310547,190.8800048828125,192.32000732421875,8587800,0.0111210848255358,189.42341575994004,190.8210885235822,JPM,JPMorgan Chase & Co.,0.8031729459762573,0.1967376172542572,8.946302841650322e-05
2024-06-14,187.5677947998047,193.77999877929688,194.8600006103516,191.4199981689453,191.4499969482422,6874000,0.0006195444919392,188.9595105199062,190.5253345486933,JPM,JPMorgan Chase & Co.,0.8405826687812805,0.1591586172580719,0.000258634245255962
2024-06-17,188.72930908203125,194.97999572753903,195.5800018310547,192.63999938964844,193.47999572753903,8725400,0.0061925038009125,188.90196016043743,190.36205950626956,JPM,JPMorgan Chase & Co.,0.832365870475769,0.1676172912120819,1.6836460417835042e-05
2024-06-18,190.68458557128903,197.0,197.9600067138672,194.1300048828125,194.6000061035156,9023000,0.0103602164325624,189.34761651315037,190.39138005763493,JPM,JPMorgan Chase & Co.,0.7999469041824341,0.19995740056037903,9.574552677804604e-05
2024-06-20,192.3010406494141,198.6699981689453,199.4499969482422,196.1100006103516,196.38999938964844,8731100,0.0084771145673998,190.08597254721627,190.5649855659785,JPM,JPMorgan Chase & Co.,0.7994067668914795,0.200005441904068,0.0005877603543922305
2024-06-21,190.00701904296875,196.3000030517578,197.1699981689453,194.22000122070312,196.7100067138672,20972100,-0.0119293249724402,190.0662341711544,190.514261336614,JPM,JPMorgan Chase & Co.,0.9997760057449341,0.0001639417023397982,6.0126843891339377e-05
2024-06-24,192.5043029785156,198.8800048828125,199.22999572753903,197.1000061035156,197.80999755859372,9785900,0.0131431141234952,190.6757513729947,190.69517421315047,JPM,JPMorgan Chase & Co.,0.9871187210083008,0.012848632410168648,3.258500510128215e-05
2024-06-25,191.72027587890625,198.07000732421875,200.07000732421875,197.7400054931641,198.08999633789065,6862500,-0.0040727770105838,190.9368824994726,190.78836527367372,JPM,JPMorgan Chase & Co.,0.8000115156173706,0.19990786910057068,8.057142986217514e-05
2024-06-26,191.10076904296875,197.42999267578125,197.94000244140625,196.27999877929688,197.4499969482422,7758600,-0.0032313057818088,190.97785413534663,190.8167656163369,JPM,JPMorgan Chase & Co.,0.796720027923584,0.20167335867881775,0.0016066752141341567
2024-06-27,192.78500366210935,199.1699981689453,199.8600006103516,196.8999938964844,197.44000244140625,7913500,0.0088133325029264,191.4296415170373,190.9956963477708,JPM,JPMorgan Chase & Co.,0.9997653961181641,0.0001931317092385143,4.143367914366536e-05
2024-06-28,195.77593994140625,202.25999450683597,202.6000061035156,199.3000030517578,200.00999450683597,15307600,0.0155143617111372,192.51621612312957,191.4302639471922,JPM,JPMorgan Chase & Co.,0.8726133108139038,0.06719714403152466,0.06018947437405586
2024-07-01,198.86366271972656,205.4499969482422,207.08999633789065,202.66000366210935,202.83999633789065,10205800,0.015771717297051,194.1030777722788,192.10602747196805,JPM,JPMorgan Chase & Co.,0.5902910232543945,0.3999563157558441,0.00975269265472889
2024-07-02,202.1353302001953,208.8300018310547,208.8600006103516,204.7700042724609,205.2899932861328,7802900,0.0164518114356555,196.11114087925796,193.01778226544323,JPM,JPMorgan Chase & Co.,0.8014323115348816,0.19285818934440613,0.005709502846002579
2024-07-03,201.99981689453125,208.69000244140625,210.3800048828125,207.6499938964844,209.5500030517578,5560900,-0.0006704088074551,197.58330988307625,193.8343308680876,JPM,JPMorgan Chase & Co.,0.4186961054801941,0.1812995970249176,0.40000423789024353
2024-07-05,199.32321166992188,204.7899932861328,207.3699951171875,204.5200042724609,206.9900054931641,8093100,-0.0132505329250218,198.0182853297877,194.3333200318907,JPM,JPMorgan Chase & Co.,0.9969027638435364,0.0006588108954019845,0.0024384467396885157
2024-07-08,199.6930694580078,205.1699981689453,206.8999938964844,203.97000122070312,205.0399932861328,8707000,0.0018555680745222,198.4369813618427,194.82056997971952,JPM,JPMorgan Chase & Co.,0.774358868598938,0.02931078150868416,0.19633039832115173
2024-07-09,202.08741760253903,207.6300048828125,209.75999450683597,205.4499969482422,205.6300048828125,9058900,0.0119901414256879,199.3495904220168,195.48119249088492,JPM,JPMorgan Chase & Co.,0.7983137965202332,0.0016802407335489988,0.20000600814819336
2024-07-10,202.2528839111328,207.8000030517578,207.97000122070312,205.5800018310547,206.13999938964844,8328500,0.0008187858034742,200.0754137942958,196.09680080181656,JPM,JPMorgan Chase & Co.,0.4172874391078949,0.5820824503898621,0.0006300016539171338
2024-07-11,201.91221618652344,207.4499969482422,208.1000061035156,205.3800048828125,206.2100067138672,10658100,-0.0016843652264512,200.5346143923527,196.62547492769903,JPM,JPMorgan Chase & Co.,0.7061322927474976,0.29267290234565735,0.0011948251631110907
2024-07-12,199.4692230224609,204.94000244140625,207.4499969482422,202.1000061035156,204.0,15443400,-0.0120992835906753,200.2682665498797,196.8839974817683,JPM,JPMorgan Chase & Co.,3.9978374843485653e-05,0.9999557733535767,4.230628746881848e-06
2024-07-15,204.44281005859372,210.0500030517578,211.6100006103516,206.72000122070312,207.19000244140625,10719700,0.0249341074315647,201.31190242705824,197.5711622614797,JPM,JPMorgan Chase & Co.,0.5999897122383118,0.4000021517276764,8.201755917980336e-06
2024-07-16,207.91749572753903,213.6199951171875,213.7400054931641,208.0800018310547,210.0,11557000,0.0169958809896491,202.96330075217844,198.51173803112147,JPM,JPMorgan Chase & Co.,0.11031784862279892,0.8893402218818665,0.00034186645643785596
2024-07-17,211.08074951171875,216.8699951171875,217.55999755859372,213.2700042724609,213.8000030517578,11572500,0.0152139855913082,204.99266294206356,199.65437543844848,JPM,JPMorgan Chase & Co.,0.3749629855155945,0.6250017285346985,3.5335229767952114e-05
2024-07-18,204.37466430664065,209.97999572753903,216.63999938964844,209.2400054931641,215.6300048828125,12415100,-0.0317702358959353,204.8381632832078,200.08349260828413,JPM,JPMorgan Chase & Co.,0.9993430972099304,0.0006335825892165303,2.331542782485485e-05
2024-07-19,204.17999267578125,209.77999877929688,212.3500061035156,208.9199981689453,211.1999969482422,8095900,-0.0009525233057621,204.6736206313512,200.45590170532927,JPM,JPMorgan Chase & Co.,0.5999878644943237,0.2000061571598053,0.20000596344470978
2024-07-22,204.6666717529297,210.27999877929688,212.1699981689453,209.7100067138672,210.4600067138672,7663200,0.0023835786786476,204.6718834117458,200.8386989823839,JPM,JPMorgan Chase & Co.,0.7810900211334229,0.2188721001148224,3.779054168262519e-05
2024-07-23,204.71534729003903,210.3300018310547,211.47999572753903,209.3500061035156,211.0200042724609,5557300,0.0002378283513015,204.68274938131916,201.1911215558071,JPM,JPMorgan Chase & Co.,0.800931453704834,0.19900953769683838,5.903810233576223e-05
2024-07-24,203.0217742919922,208.58999633789065,212.02999877929688,208.07000732421875,209.5500030517578,7119000,-0.0082728189188836,204.2675056089874,201.35754453182392,JPM,JPMorgan Chase & Co.,0.9999826550483704,2.987080506500206e-06,1.4292044397734571e-05
2024-07-25,203.09962463378903,208.6699981689453,210.19000244140625,208.0500030517578,208.6499938964844,6403800,0.0003834580899924,203.9755353651878,201.5159154501844,JPM,JPMorgan Chase & Co.,0.6667923331260681,0.16686733067035675,0.1663403958082199
2024-07-26,206.5743408203125,212.2400054931641,213.16000366210935,208.6199951171875,209.2400054931641,8027800,0.0171084323409693,204.62523672896896,201.9757723020142,JPM,JPMorgan Chase & Co.,0.9996668696403503,2.4584660422988236e-05,0.00030848506139591336
2024-07-29,205.2214508056641,210.8500061035156,213.6100006103516,210.5500030517578,212.6499938964844,6533600,-0.0065491677682526,204.77429024814276,202.2708339841642,JPM,JPMorgan Chase & Co.,0.998002827167511,0.0017414670437574387,0.00025571175501681864
2024-07-30,209.44558715820312,215.19000244140625,215.7899932861328,212.9600067138672,213.22999572753903,8850700,0.0205833081091466,205.94211447565783,202.9230842727132,JPM,JPMorgan Chase & Co.,0.6659582257270813,0.33391115069389343,0.00013066873361822218
2024-07-31,207.1194000244141,212.8000030517578,216.38999938964844,212.6699981689453,214.77999877929688,9071600,-0.0111064031730208,206.2364358628469,203.30456752286776,JPM,JPMorgan Chase & Co.,0.8018571734428406,0.19806018471717834,8.266909571830183e-05
2024-08-01,202.4085998535156,207.9600067138672,213.8300018310547,206.3800048828125,213.1999969482422,10918600,-0.0227443695295715,205.27947686051408,203.22311591656305,JPM,JPMorgan Chase & Co.,0.41689053177833557,0.2827940285205841,0.3003154397010803
2024-08-02,193.82403564453125,199.13999938964844,204.6699981689453,196.88999938964844,203.8800048828125,18041700,-0.042412052725018,202.4156165565184,202.36865407365104,JPM,JPMorgan Chase & Co.,0.7112478017807007,5.9969443100271747e-05,0.28869226574897766
2024-08-05,189.69720458984372,194.8999938964844,196.1699981689453,190.8999938964844,194.0500030517578,13927000,-0.0212916372366531,199.2360135648497,201.21670412057765,JPM,JPMorgan Chase & Co.,0.6800622940063477,6.78201686241664e-05,0.31986984610557556
2024-08-06,194.99200439453125,200.33999633789065,202.6000061035156,194.0,195.3999938964844,10605800,0.027911849392487,198.1750112722701,200.65082232730072,JPM,JPMorgan Chase & Co.,0.9999643564224243,4.885984026259393e-07,3.5130906326230615e-05
2024-08-07,195.05039978027344,200.3999938964844,205.75,200.1999969482422,203.50999450683597,9204400,0.0002994757960641,197.39385839927093,200.1416930048437,JPM,JPMorgan Chase & Co.,0.4035421907901764,0.4003569185733795,0.19610090553760529
2024-08-08,198.6127014160156,204.05999755859372,204.91000366210935,201.7899932861328,202.47000122070312,7761200,0.0182634931266747,197.6985691534571,200.0026937694957,JPM,JPMorgan Chase & Co.,0.9999303817749023,4.04512720706407e-05,2.9163147701183334e-05
2024-08-09,200.3062438964844,205.8000030517578,206.47000122070312,202.8999938964844,203.47000122070312,5540200,0.0085268588987239,198.3504878392139,200.03028923558557,JPM,JPMorgan Chase & Co.,0.999921441078186,3.623925294959918e-05,4.235299275023863e-05
2024-08-12,200.68585205078125,206.19000244140625,207.13999938964844,203.66000366210935,206.41000366210935,6936000,0.001895138897882,198.93432889210573,200.0898858551488,JPM,JPMorgan Chase & Co.,0.6052048206329346,0.39478302001953125,1.2143817002652213e-05
2024-08-13,202.38912963867188,207.94000244140625,208.08999633789065,205.3999938964844,207.72999572753903,6387800,0.008487282837754,199.79802907874728,200.2989080172873,JPM,JPMorgan Chase & Co.,0.9999345541000366,4.014506339444779e-05,2.522605973354075e-05
2024-08-14,204.6277313232422,210.2400054931641,210.75999450683597,207.1199951171875,207.7400054931641,6999800,0.0110608790529753,201.005454639871,200.6924374087377,JPM,JPMorgan Chase & Co.,0.9984682202339172,0.0014569851337000728,7.483251101803035e-05
2024-08-15,205.9027557373047,211.5500030517578,213.88999938964844,211.1000061035156,213.0,7001000,0.0062309463424994,202.22977991422945,201.1661027113347,JPM,JPMorgan Chase & Co.,0.9999346733093262,2.1738766008638777e-05,4.3635292968247086e-05
2024-08-16,208.25816345214844,213.97000122070312,214.08999633789065,211.58999633789065,211.69000244140625,7931200,0.011439418119536,203.7368757987092,201.81083550595412,JPM,JPMorgan Chase & Co.,0.20007917284965515,0.7998943328857422,2.6474186597624794e-05
2024-08-19,209.6986541748047,215.4499969482422,215.52999877929688,213.82000732421875,214.0,6090800,0.0069168511753789,205.22732039273305,202.5279099303951,JPM,JPMorgan Chase & Co.,0.9998070001602173,0.00013124279212206602,6.175549060571939e-05
2024-08-20,208.79347229003903,214.5200042724609,216.0,213.67999267578125,215.0,5640000,-0.0043165841398823,206.11885836705957,203.0975065085445,JPM,JPMorgan Chase & Co.,0.9999505877494812,7.867115527915303e-06,4.151703979005106e-05
2024-08-21,208.871337890625,214.6000061035156,215.0,212.83999633789065,214.42999267578125,5202300,0.0003729312019762,206.8069782479509,203.62240027055185,JPM,JPMorgan Chase & Co.,0.9998079538345337,0.00010730909707490355,8.477585652144626e-05
2024-08-22,210.84716796875,216.6300048828125,216.8000030517578,214.33999633789065,214.5800018310547,5247100,0.0094595558111454,207.81702567815069,204.2791973340244,JPM,JPMorgan Chase & Co.,0.9744994044303894,0.02433563955128193,0.0011650087544694543
2024-08-23,212.4822998046875,218.30999755859372,219.19000244140625,216.5,217.6000061035156,7214000,0.0077550571425262,208.9833442097849,205.02493392226648,JPM,JPMorgan Chase & Co.,0.8015562295913696,1.1315805750200525e-05,0.1984325498342514
2024-08-26,213.31935119628903,219.1699981689453,219.67999267578125,218.0500030517578,219.00999450683597,5105200,0.0039393935041693,210.0673459564109,205.77897185626853,JPM,JPMorgan Chase & Co.,0.9995740652084351,0.00040192011510953307,2.402843165327795e-05
2024-08-27,214.3023834228516,220.17999267578125,220.4199981689453,219.19000244140625,219.50999450683597,5185200,0.0046082655935792,211.12610532302108,206.5538274532306,JPM,JPMorgan Chase & Co.,0.9907760620117188,0.009167849086225033,5.611810411210172e-05
2024-08-28,215.3827362060547,221.2899932861328,222.2100067138672,219.19000244140625,219.25,6506400,0.0050412541659483,212.19026304377948,207.35645552166915,JPM,JPMorgan Chase & Co.,0.9982194900512695,0.0001640023838263005,0.0016165267443284392
2024-08-29,216.2781982421875,222.2100067138672,222.97999572753903,218.94000244140625,222.1499938964844,6416100,0.004157538584133,213.21224684338148,208.1675230417163,JPM,JPMorgan Chase & Co.,0.794772744178772,0.19927720725536346,0.005950053222477436
2024-08-30,218.79905700683597,224.8000030517578,225.47999572753903,221.92999267578125,222.5,8574100,0.0116556305033834,214.60894938424508,209.1340261294544,JPM,JPMorgan Chase & Co.,0.9999295473098755,1.6385645722039044e-05,5.414759289124049e-05
2024-09-03,214.419189453125,220.3000030517578,224.1000061035156,219.2400054931641,222.3000030517578,8956100,-0.0200177624786294,214.56150940146503,209.61449552251537,JPM,JPMorgan Chase & Co.,0.7999613881111145,0.20000147819519043,3.7092868296895176e-05
2024-09-04,213.47506713867188,219.3300018310547,222.07000732421875,217.2100067138672,221.0399932861328,7389500,-0.004403161474778,214.2898988357668,209.9654565785296,JPM,JPMorgan Chase & Co.,0.9998470544815063,8.435540803475305e-05,6.851640500826761e-05
2024-09-05,211.82046508789065,217.6300048828125,220.8000030517578,216.02999877929688,220.1499938964844,8067900,-0.0077507976596931,213.6725403987977,210.13409371574423,JPM,JPMorgan Chase & Co.,0.5788135528564453,0.20014651119709015,0.22103996574878693
2024-09-06,206.7884826660156,212.4600067138672,218.7400054931641,211.08999633789065,217.6000061035156,7777000,-0.0237558841152911,211.9515259656022,209.829947256678,JPM,JPMorgan Chase & Co.,0.9999381899833679,2.7567753932089545e-05,3.421941073611379e-05
2024-09-09,211.02235412597656,216.80999755859372,218.1499938964844,214.17999267578125,215.19000244140625,8935100,0.0204744065306532,211.7192330056958,209.93834788115967,JPM,JPMorgan Chase & Co.,0.9999720454216003,2.5098174774029758e-06,2.5377154088346288e-05
2024-09-10,200.07264709472656,205.55999755859372,218.63999938964844,200.6100006103516,218.6000061035156,28406900,-0.0518888488217377,208.8075865279535,209.04146599148396,JPM,JPMorgan Chase & Co.,0.02936345897614956,0.17052341997623444,0.8001130819320679
2024-09-11,201.6980743408203,207.22999572753903,207.6999969482422,201.8300018310547,205.25,13658700,0.0081241852381959,207.0302084811702,208.3738849323327,JPM,JPMorgan Chase & Co.,0.9996744394302368,0.00021294105681590736,0.00011261827603448182
2024-09-12,201.0849151611328,206.6000061035156,208.77999877929688,204.88999938964844,207.6499938964844,9054400,-0.0030399852933221,205.54388515116085,207.71125131676905,JPM,JPMorgan Chase & Co.,0.9139348268508911,0.08604278415441513,2.24475770664867e-05
2024-09-13,198.8657684326172,204.32000732421875,207.8500061035156,203.0200042724609,206.8600006103516,10226700,-0.0110358687360381,203.87435597152492,206.90711650911888,JPM,JPMorgan Chase & Co.,0.7999376654624939,6.309212039923295e-06,0.2000560760498047
2024-09-16,202.31126403808597,207.8600006103516,208.2100067138672,205.58999633789065,205.8300018310547,8634900,0.0173257350051987,203.4835829881652,206.48931173902497,JPM,JPMorgan Chase & Co.,0.8000478744506836,0.199917733669281,3.434434620430693e-05
2024-09-17,203.6641540527344,209.25,209.92999267578125,207.66000366210935,207.72999572753903,7573300,0.0066871709841809,203.52872575430752,206.23247922208947,JPM,JPMorgan Chase & Co.,0.9997868537902832,1.8434944649925455e-05,0.0001947447599377483
2024-09-18,201.99008178710935,207.52999877929688,211.33999633789065,206.6999969482422,209.00999450683597,8259900,-0.0082197688317382,203.144064762508,205.8468067280004,JPM,JPMorgan Chase & Co.,0.8526527285575867,0.14719036221504211,0.00015696289483457804
2024-09-19,204.8613128662109,210.47999572753903,211.91000366210935,207.33999633789065,209.77999877929688,11635200,0.0142147131864016,203.57337678843373,205.7572163769286,JPM,JPMorgan Chase & Co.,0.39984452724456787,0.5998558402061462,0.00029961884138174355
2024-09-20,205.45504760742188,211.08999633789065,211.4199981689453,209.5,209.92999267578125,20885000,0.0028982277468792,204.0437944931808,205.7297464887916,JPM,JPMorgan Chase & Co.,0.8506609201431274,0.14932093024253845,1.8232738511869684e-05
2024-09-23,205.7957000732422,211.44000244140625,211.8000030517578,209.9900054931641,211.0,7223500,0.0016580389228071,204.4817708881961,205.7357422691962,JPM,JPMorgan Chase & Co.,0.7751241326332092,0.2247830331325531,9.281644452130422e-05
2024-09-24,205.94168090820312,211.58999633789065,212.9499969482422,210.3699951171875,211.1499938964844,7323200,0.000709348324134,204.84674839319788,205.7544639636514,JPM,JPMorgan Chase & Co.,0.39994344115257263,0.6000198125839233,3.6720739444717765e-05
2024-09-25,204.5790557861328,210.19000244140625,212.2400054931641,208.6100006103516,211.67999267578125,8976500,-0.0066165582220225,204.7798252414316,205.64760867478608,JPM,JPMorgan Chase & Co.,0.9998500943183899,6.022253728588112e-05,8.972353680292144e-05
2024-09-26,204.17999267578125,209.77999877929688,211.6999969482422,209.00999450683597,211.1300048828125,7807500,-0.001950654766775,204.62986710001903,205.5141890385129,JPM,JPMorgan Chase & Co.,0.5999562740325928,0.4000294804573059,1.4260047464631498e-05
2024-09-27,204.88079833984372,210.5,212.44000244140625,209.3300018310547,210.6499938964844,7032500,0.003432293511614,204.6925999099752,205.4566080659066,JPM,JPMorgan Chase & Co.,0.7461011409759521,0.2510903477668762,0.0028085345402359962
2024-09-30,205.23117065429688,210.8600006103516,210.9600067138672,205.25999450683597,206.30999755859372,8663800,0.0017101276317361,204.8272425960556,205.43611375576023,JPM,JPMorgan Chase & Co.,0.9999929666519165,1.8074430840897548e-07,6.774195753678214e-06
2024-10-01,201.51315307617188,207.0399932861328,209.08999633789065,206.19000244140625,208.8999938964844,8540100,-0.018116242119906,203.99872021608468,205.0794809667068,JPM,JPMorgan Chase & Co.,0.8000761270523071,8.60455838846974e-06,0.19991528987884521
2024-10-02,201.7564697265625,207.2899932861328,208.9499969482422,205.69000244140625,207.0800018310547,5810900,0.001207447983798,203.43815759370412,204.77738903578452,JPM,JPMorgan Chase & Co.,0.6001517176628113,0.3998359143733978,1.2374987818475347e-05
2024-10-03,199.75148010253903,205.22999572753903,206.4900054931641,204.33999633789065,206.1699981689453,7251300,-0.0099376720198404,202.5164882209129,204.32048822367133,JPM,JPMorgan Chase & Co.,0.7997956275939941,0.2001526802778244,5.170416989130899e-05
2024-10-04,206.8413848876953,211.22000122070312,211.6699981689453,206.91000366210935,209.3000030517578,10211700,0.035493628290097,203.5977123876085,204.5496606476735,JPM,JPMorgan Chase & Co.,0.7999778985977173,3.8235280953813344e-05,0.19998380541801453
2024-10-07,206.5573883056641,210.92999267578125,213.3300018310547,209.69000244140625,211.02999877929688,6718900,-0.0013730162471375,204.3376313671224,204.73218134385445,JPM,JPMorgan Chase & Co.,0.6666536927223206,3.629999810073059e-06,0.33334267139434814
2024-10-08,206.38113403320312,210.75,211.3300018310547,208.3800048828125,210.5800018310547,6021800,-0.0008532944471592,204.8485070336426,204.88208613379524,JPM,JPMorgan Chase & Co.,0.9831022024154663,0.015369663015007973,0.0015280615771189332
2024-10-09,208.9957733154297,213.4199981689453,214.2400054931641,209.3800048828125,209.6999969482422,7024000,0.0126689839867142,205.88532360408936,205.256057695762,JPM,JPMorgan Chase & Co.,0.9993553161621094,0.0006143393111415207,3.0384571800823323e-05
2024-10-10,208.42779541015625,212.83999633789065,214.80999755859372,211.47000122070312,214.80999755859372,7927100,-0.0027176525929842,206.5209415556061,205.5443974879797,JPM,JPMorgan Chase & Co.,0.6666483879089355,0.33333060145378113,2.1025727619417012e-05
2024-10-11,217.681884765625,222.2899932861328,224.6300048828125,215.16000366210935,215.6699981689453,18320700,0.0443994973763361,209.31117735811085,206.64780542231108,JPM,JPMorgan Chase & Co.,0.1999567598104477,0.8000057935714722,3.738923987839371e-05
2024-10-14,216.88868713378903,221.47999572753903,223.6999969482422,218.8800048828125,223.1999969482422,9048900,-0.003643838497126,211.2055548020304,207.57879466880908,JPM,JPMorgan Chase & Co.,0.5999785661697388,0.200002983212471,0.2000184953212738
2024-10-15,217.7798309326172,222.38999938964844,225.4499969482422,221.82000732421875,223.66000366210935,9235800,0.0041087610912524,212.84912383467707,208.50616160188252,JPM,JPMorgan Chase & Co.,0.19997180998325348,0.8000017404556274,2.6441837690072134e-05
2024-10-16,219.00392150878903,223.63999938964844,223.67999267578125,221.0399932861328,222.3300018310547,6382500,0.0056207710830238,214.38782325320503,209.4605034116013,JPM,JPMorgan Chase & Co.,0.7998936176300049,0.20008394122123718,2.2441778128268197e-05
2024-10-17,219.76773071289065,224.4199981689453,225.8500061035156,223.30999755859372,224.2700042724609,6470200,0.0034876508093528,215.73280011812645,210.39752407535488,JPM,JPMorgan Chase & Co.,0.45685654878616333,0.3374955952167511,0.20564782619476318
2024-10-18,220.6980438232422,225.3699951171875,225.9199981689453,223.1000061035156,225.0,7000500,0.0042331652027973,216.9741110444054,211.33393496152644,JPM,JPMorgan Chase & Co.,0.9999903440475464,1.6954448938122368e-06,8.027560397749767e-06
2024-10-21,218.37718200683597,223.0,225.6999969482422,222.8999938964844,225.22000122070312,5870000,-0.0105160053809314,217.32487878501303,211.9742301474637,JPM,JPMorgan Chase & Co.,0.7984676361083984,0.20018306374549866,0.001349401194602251
2024-10-22,219.4739532470703,224.1199951171875,225.27999877929688,221.1000061035156,223.0200042724609,9586800,0.0050223710653067,217.86214740052736,212.6560231565188,JPM,JPMorgan Chase & Co.,0.999642014503479,0.0002668491215445101,9.114402928389609e-05
2024-10-23,218.7786865234375,223.41000366210935,224.8000030517578,222.52999877929688,223.66000366210935,6180500,-0.0031678780709349,218.09128218125488,213.21262891714775,JPM,JPMorgan Chase & Co.,0.9999631643295288,6.42085410618165e-07,3.613844819483347e-05
2024-10-24,220.31614685058597,224.97999572753903,225.05999755859372,221.66000366210935,221.8300018310547,6002200,0.0070274684960398,218.64749834858765,213.85840327473304,JPM,JPMorgan Chase & Co.,0.45919284224510193,0.5407884120941162,1.8753151380224153e-05
2024-10-25,217.70147705078125,222.30999755859372,225.6199951171875,220.8800048828125,225.0,6369700,-0.0118678083162824,218.41099302413605,214.20777361801015,JPM,JPMorgan Chase & Co.,0.7499538660049438,0.24999138712882996,5.471925396705046e-05
2024-10-28,220.82534790039065,225.5,225.63999938964844,222.9499969482422,223.3500061035156,6843000,0.0143493323606651,219.0145817431997,214.8093712800448,JPM,JPMorgan Chase & Co.,0.8115667104721069,0.18838655948638916,4.66389101347886e-05
2024-10-29,218.27923583984372,222.8999938964844,226.75,222.80999755859372,225.2100067138672,6580000,-0.0115299809770722,218.83074526736075,215.12481351275372,JPM,JPMorgan Chase & Co.,0.9996855854988098,0.0002696584851946682,4.466179962037131e-05
2024-10-30,219.7579498291016,224.41000366210935,226.30999755859372,221.5800018310547,222.5399932861328,7110900,0.0067744143576844,219.06254640779596,215.54600772333083,JPM,JPMorgan Chase & Co.,0.42352294921875,0.40002232789993286,0.17645476758480072
2024-10-31,217.31956481933597,221.9199981689453,225.69000244140625,221.82000732421875,224.6999969482422,7829900,-0.0110957761103153,218.6268010106809,215.70724018660405,JPM,JPMorgan Chase & Co.,0.9986706972122192,0.0012160016922280192,0.000113298898213543
2024-11-01,218.3184356689453,222.94000244140625,226.1499938964844,222.6999969482422,223.55999755859372,6923500,0.0045963227031111,218.54970967524704,215.9446215940896,JPM,JPMorgan Chase & Co.,0.7963137626647949,0.20362095534801483,6.528304948005825e-05
2024-11-04,215.22393798828125,219.77999877929688,223.75999450683597,219.1699981689453,222.6499938964844,8229600,-0.0141742389788671,217.7182667535056,215.87910490265244,JPM,JPMorgan Chase & Co.,0.6668426394462585,0.16670702397823334,0.1664503961801529
2024-11-05,216.89846801757807,221.4900054931641,221.9600067138672,220.0,220.02999877929688,5600700,0.0077804079088454,217.5133170695237,215.9717742767366,JPM,JPMorgan Chase & Co.,0.5998460650444031,0.20004689693450928,0.20010700821876526
2024-11-06,241.93841552734372,247.05999755859372,248.0,234.7700042724609,235.0,23987800,0.1154454788852465,223.61959168397877,218.3323780267918,JPM,JPMorgan Chase & Co.,0.991305947303772,0.004172858782112598,0.004521217197179794
2024-11-07,231.4798126220703,236.3800048828125,244.57000732421875,235.22000122070312,244.5,16451100,-0.0432283681881491,225.5846469185016,219.52759935363528,JPM,JPMorgan Chase & Co.,0.6896129846572876,0.30923154950141907,0.0011554466327652335
2024-11-08,232.0673675537109,236.97999572753903,239.33999633789065,235.77999877929688,239.33999633789065,9502100,0.0025382556041719,227.20532707730396,220.66757828091488,JPM,JPMorgan Chase & Co.,0.12949776649475098,0.8000082969665527,0.0704939067363739
2024-11-11,234.32948303222656,239.2899932861328,242.1000061035156,239.0,240.0,9017100,0.0097476672500802,228.98636606603455,221.9095696219432,JPM,JPMorgan Chase & Co.,0.500136137008667,0.2498319000005722,0.2500319182872772
2024-11-12,234.5938873291016,239.55999755859372,241.4600067138672,238.75999450683597,240.5500030517578,6861000,0.0011283441308946,230.3882463818013,223.06268941350305,JPM,JPMorgan Chase & Co.,0.9995883703231812,0.00011251789692323655,0.00029906461713835597
2024-11-13,236.1607360839844,241.16000366210935,244.08999633789065,240.30999755859372,240.5800018310547,11472600,0.0066789837225584,231.83136880734708,224.2534209290013,JPM,JPMorgan Chase & Co.,0.7704102396965027,0.201785609126091,0.027804141864180565
2024-11-14,236.85598754882807,241.8699951171875,244.2899932861328,241.0500030517578,242.4199981689453,10172200,0.0029439756852573,233.0875234927173,225.39910880353105,JPM,JPMorgan Chase & Co.,0.6144315600395203,0.38547563552856445,9.282113023800775e-05
2024-11-15,240.2247009277344,245.30999755859372,246.4199981689453,241.4600067138672,241.4600067138672,11518800,0.0142226228425481,234.8718178514716,226.7468899057313,JPM,JPMorgan Chase & Co.,0.9999608993530273,6.631554242630955e-06,3.254499097238295e-05
2024-11-18,239.9504852294922,245.02999877929688,247.92999267578125,242.67999267578125,247.75999450683597,9051400,-0.0011414966786644,236.14148469597677,227.94721675334597,JPM,JPMorgan Chase & Co.,0.7456009387969971,0.004488356411457062,0.24991071224212646
2024-11-19,238.0507049560547,243.08999633789065,245.1499938964844,241.5500030517578,242.25,6792700,-0.0079173845871598,236.61878976099624,228.86571568086487,JPM,JPMorgan Chase & Co.,0.40501052141189575,0.3951711058616638,0.19981838762760162
2024-11-20,235.78860473632807,240.77999877929688,244.6100006103516,238.63999938964844,244.3999938964844,9015300,-0.0095025982810853,236.4112435048292,229.4950692313616,JPM,JPMorgan Chase & Co.,0.8749682307243347,0.0011040401877835393,0.1239277571439743
2024-11-21,239.68609619140625,244.75999450683597,245.4900054931641,242.1100006103516,243.22999572753903,8783500,0.0165296005692747,237.22995667647348,230.4215262277293,JPM,JPMorgan Chase & Co.,0.9999642372131348,1.7594971950529725e-06,3.398018452571705e-05
2024-11-22,243.39752197265625,248.5500030517578,249.1499938964844,243.02999877929688,243.6100006103516,7997300,0.0154845268049514,238.7718480005192,231.6011622045408,JPM,JPMorgan Chase & Co.,0.802152156829834,0.19770853221416473,0.0001392886770190671
2024-11-25,245.1014709472656,250.2899932861328,254.30999755859372,249.05999755859372,249.58999633789065,10295400,0.0070006833298852,240.3542537372058,232.828462999334,JPM,JPMorgan Chase & Co.,0.9999608993530273,1.811570291465614e-05,2.0953211787855253e-05
2024-11-26,244.78810119628903,249.97000122070312,251.0,248.33999633789065,250.4900054931641,6212100,-0.001278530682682,241.4627156019766,233.9157028354208,JPM,JPMorgan Chase & Co.,0.8007458448410034,0.19923219084739685,2.1925350665696897e-05
2024-11-27,244.6118011474609,249.7899932861328,251.19000244140625,248.7700042724609,249.3500061035156,5472300,-0.0007202149449525,242.2499869883477,234.88807540924265,JPM,JPMorgan Chase & Co.,0.6671362519264221,6.220252544153482e-06,0.33285751938819885
2024-11-29,244.54327392578125,249.72000122070312,251.7700042724609,249.4499969482422,249.8600006103516,5494800,-0.0002801468341193,242.8233087227061,235.76582072892796,JPM,JPMorgan Chase & Co.,0.8002971410751343,3.991077028331347e-05,0.19966289401054382
2024-12-02,241.1452178955078,246.25,250.25,245.02999877929688,249.5500030517578,8899700,-0.0138955203131235,242.4037860159065,236.25485683498064,JPM,JPMorgan Chase & Co.,0.9993208050727844,0.0005985706811770797,8.072727359831333e-05
2024-12-03,239.74485778808597,244.82000732421875,249.0399932861328,244.6300048828125,248.22999572753903,6657700,-0.0058071236893807,241.7390539589514,236.5721296488993,JPM,JPMorgan Chase & Co.,0.9999653100967407,1.4568479400622891e-06,3.3340431400574744e-05
2024-12-04,238.35427856445312,243.3999938964844,245.3500061035156,242.22999572753903,244.6999969482422,7346300,-0.0058002462970946,240.8928601103268,236.73414318667693,JPM,JPMorgan Chase & Co.,0.7999135851860046,0.20001547038555145,7.091469160513952e-05
2024-12-05,240.39117431640625,245.47999572753903,247.17999267578125,244.6199951171875,245.38999938964844,6572500,0.0085456647315953,240.76743866184663,237.06660056210688,JPM,JPMorgan Chase & Co.,0.4002944827079773,0.5996335744857788,7.202076812973246e-05
2024-12-06,242.23220825195312,247.3600006103516,247.7400054931641,244.83999633789065,245.6999969482422,5519700,0.0076584922087183,241.13363105937327,237.5362012611838,JPM,JPMorgan Chase & Co.,0.40088993310928345,0.2000008076429367,0.39910921454429626
2024-12-09,238.7557830810547,243.80999755859372,247.8699951171875,243.75999450683597,247.1300048828125,7076500,-0.0143516223378622,240.5391690647936,237.6470723357175,JPM,JPMorgan Chase & Co.,0.49985554814338684,0.2500794231891632,0.25006502866744995
2024-12-10,237.82546997070312,242.8600006103516,247.9600067138672,242.22000122070312,243.88999938964844,9108300,-0.0038965050326581,239.86074429127095,237.6632903025344,JPM,JPMorgan Chase & Co.,0.7943946123123169,6.220575596671551e-05,0.2055431604385376
2024-12-11,238.4815826416016,243.52999877929688,244.2700042724609,242.17999267578125,244.0,7884400,0.0027587990091189,239.5159538788536,237.7376805151769,JPM,JPMorgan Chase & Co.,0.7999779582023621,0.20000183582305908,2.0189663700875826e-05
2024-12-12,236.52305603027344,241.52999877929688,244.1000061035156,241.0399932861328,243.0,6113800,-0.008212485801352,238.76772941670856,237.6272601074584,JPM,JPMorgan Chase & Co.,0.7997507452964783,0.20010967552661896,0.00013953000598121434
2024-12-13,234.96600341796875,239.94000244140625,242.72000122070312,239.13999938964844,242.07000732421875,10392700,-0.0065830902003286,237.8172979170236,237.38532768114112,JPM,JPMorgan Chase & Co.,0.4077996611595154,0.5920535922050476,0.00014676651335321367
2024-12-16,234.61346435546875,239.5800018310547,240.6699981689453,237.5200042724609,240.6100006103516,9032000,-0.0015003832783114,237.0163395266349,237.13334010608,JPM,JPMorgan Chase & Co.,0.7473671436309814,0.2524210512638092,0.00021179407485760748
2024-12-17,233.41876220703125,238.3600006103516,239.0200042724609,236.6300048828125,238.6499938964844,8083600,-0.0050922147700243,236.116945196734,236.79565120616644,JPM,JPMorgan Chase & Co.,0.9997031092643738,0.00021996141003910452,7.690638449275866e-05
2024-12-18,225.5944061279297,230.3699951171875,239.07000732421875,229.52999877929688,239.0,11322400,-0.0335206819071456,233.4863104295329,235.777356199054,JPM,JPMorgan Chase & Co.,0.7860099673271179,0.21396037936210632,2.969214074255433e-05
2024-12-19,228.13072204589844,232.9600067138672,236.3600006103516,232.2700042724609,232.2700042724609,11790800,0.0112428138689328,232.14741333362429,235.0822076396762,JPM,JPMorgan Chase & Co.,0.42815065383911133,0.3217542767524719,0.25009509921073914
2024-12-20,232.67453002929688,237.6000061035156,239.2100067138672,231.58999633789065,231.9199981689453,32348400,0.0199175628019283,232.27919250754243,234.8633278569144,JPM,JPMorgan Chase & Co.,0.002930101938545704,0.4004552364349365,0.5966147184371948
2024-12-23,233.4481506347656,238.38999938964844,238.6199951171875,234.8800048828125,236.07000732421875,8611500,0.0033249045581884,232.57143203934825,234.73467538217363,JPM,JPMorgan Chase & Co.,0.006629628129303455,0.001183970831334591,0.992186427116394
2024-12-24,237.28689575195312,242.30999755859372,242.4900054931641,239.07000732421875,239.42999267578125,3729100,0.0164436732814101,233.75029796749945,234.96669541578996,JPM,JPMorgan Chase & Co.,0.0002689507673494518,0.00015503098256886005,0.9995760321617126
2024-12-26,238.0996856689453,243.13999938964844,243.25999450683597,240.7899932861328,241.42999267578125,4451800,0.0034253468334881,234.8376448928609,235.2515127115313,JPM,JPMorgan Chase & Co.,0.9993255734443665,0.0006394755910150707,3.499873128021136e-05
2024-12-27,236.1705017089844,241.1699981689453,243.38999938964844,240.0399932861328,242.72000122070312,5730200,-0.0081024212801493,235.17085909689175,235.33505716584523,JPM,JPMorgan Chase & Co.,7.659663242520764e-05,1.412037636328023e-05,0.9999092817306519
2024-12-30,234.35888671875,239.32000732421875,240.83999633789065,237.1100006103516,238.7700042724609,5723800,-0.0076707928260519,234.96786600235637,235.24631439792748,JPM,JPMorgan Chase & Co.,0.9915762543678284,0.00010136376658920199,0.008322322741150856
