Date,Adj Close,Close,High,Low,Open,Volume,Daily_Return,EMA_7,EMA_21,Ticker,Company,negative,neutral,positive
2021-01-04,13.077455520629885,13.113499641418455,13.65250015258789,12.962499618530272,13.104249954223633,560640000,,13.077455520629885,13.077455520629885,NVDA,Nvidia Corporation,0.9220561981201172,0.0022884528152644634,0.07565537095069885
2021-01-05,13.367904663085938,13.404749870300291,13.443499565124512,13.086999893188477,13.099749565124512,322760000,0.0222099124709593,13.150067806243896,13.103859988125889,NVDA,Nvidia Corporation,0.5272411108016968,0.033769506961107254,0.43898940086364746
2021-01-06,12.579824447631836,12.614500045776367,13.244999885559082,12.586000442504885,13.22249984741211,580424000,-0.058953159475344,13.00750696659088,13.05622039353552,NVDA,Nvidia Corporation,0.6247442364692688,0.37519919872283936,5.659810994984582e-05
2021-01-07,13.307318687438965,13.343999862670898,13.377750396728516,12.886500358581545,12.967499732971191,461480000,0.057830237841203,13.082459896802902,13.079047511163104,NVDA,Nvidia Corporation,0.9978027939796448,0.0012869584606960416,0.0009101838804781437
2021-01-08,13.24025535583496,13.27674961090088,13.42099952697754,13.041999816894531,13.362500190734863,292528000,-0.0050395825920444,13.121908761560915,13.093702769769637,NVDA,Nvidia Corporation,0.9299026727676392,0.02236837148666382,0.0477290078997612
2021-01-11,13.584054946899414,13.621500015258787,13.961000442504885,13.362500190734863,13.418749809265137,518344000,0.0259662356823762,13.23744530789554,13.138280240417798,NVDA,Nvidia Corporation,0.7759873270988464,0.050277527421712875,0.17373515665531158
2021-01-12,13.44768238067627,13.484749794006348,13.75450038909912,13.345000267028809,13.7524995803833,291476000,-0.0100391647969793,13.290004576090723,13.166407707714022,NVDA,Nvidia Corporation,0.7468928098678589,0.24855223298072815,0.004554961808025837
2021-01-13,13.494552612304688,13.531749725341797,13.625,13.385000228881836,13.489999771118164,210028000,0.0034853761638338,13.341141585144214,13.19623906267681,NVDA,Nvidia Corporation,0.802666187286377,0.19235795736312866,0.004975815769284964
2021-01-14,13.163965225219728,13.200249671936035,13.599749565124512,13.180500030517578,13.574999809265137,283120000,-0.0244978397270853,13.296847495163092,13.193305077453438,NVDA,Nvidia Corporation,0.9998615384101868,1.2472219168557785e-05,0.0001259911514353007
2021-01-15,12.824153900146484,12.85949993133545,13.325249671936035,12.84850025177002,13.227999687194824,277780000,-0.0258137513476734,13.17867409640894,13.159745879516445,NVDA,Nvidia Corporation,0.5986119508743286,0.3958772122859955,0.005510860588401556
2021-01-19,12.989447593688965,13.025250434875488,13.093999862670898,12.843999862670898,13.016249656677246,226188000,0.0128892474957424,13.131367470728948,13.144264217168493,NVDA,Nvidia Corporation,0.0,1.0,0.0
2021-01-20,13.329010009765623,13.365750312805176,13.430500030517578,13.056750297546388,13.111749649047852,258572000,0.0261414054468058,13.180778105488116,13.161059289222775,NVDA,Nvidia Corporation,0.7704254388809204,0.007014696951955557,0.2225598394870758
2021-01-21,13.829383850097656,13.86750030517578,13.999250411987305,13.253000259399414,13.418499946594238,337780000,0.0375402104106328,13.3429295416405,13.22181606748413,NVDA,Nvidia Corporation,0.9912130832672119,0.000323961692629382,0.00846291333436966
2021-01-22,13.674809455871582,13.712499618530272,13.841750144958496,13.627249717712402,13.739999771118164,246820000,-0.0111772437515343,13.425899520198271,13.262997284610265,NVDA,Nvidia Corporation,0.9998669624328613,2.2613989131059498e-05,0.00011041114339604974
2021-01-25,13.615717887878418,13.653249740600586,13.828499794006348,13.236499786376951,13.781749725341797,251112000,-0.0043211986378203,13.473354112118308,13.295062793998277,NVDA,Nvidia Corporation,0.6297027468681335,0.36489710211753845,0.005400120746344328
2021-01-26,13.398319244384766,13.435250282287598,13.644749641418455,13.387499809265137,13.580499649047852,163980000,-0.0159667411798531,13.454595395184922,13.30444974403341,NVDA,Nvidia Corporation,0.3997841775417328,0.6000863313674927,0.00012949937081430107
2021-01-27,12.882242202758787,12.917750358581545,13.232749938964844,12.793749809265137,13.229999542236328,371272000,-0.038518043361466,13.311507097078389,13.26606724028117,NVDA,Nvidia Corporation,0.00015874512610025704,0.999839186668396,1.990810005736421e-06
2021-01-28,13.015127182006836,13.050999641418455,13.339750289916992,12.96049976348877,12.99625015258789,228316000,0.0103153610339346,13.2374121183105,13.243254507710777,NVDA,Nvidia Corporation,0.8017754554748535,0.19821207225322723,1.2422812687873375e-05
2021-01-29,12.954045295715332,12.989749908447266,13.334750175476074,12.911499977111816,13.074999809265137,271552000,-0.0046931455557306,13.166570412661708,13.216962761165735,NVDA,Nvidia Corporation,0.5002592206001282,0.49960774183273315,0.0001329957158304751
2021-02-01,13.20061492919922,13.237000465393066,13.270750045776367,12.902750015258787,13.053250312805176,217204000,0.0190341802776805,13.175081541796086,13.215476594623324,NVDA,Nvidia Corporation,0.5668244957923889,0.43311747908592224,5.8011482906294987e-05
2021-02-02,13.519485473632812,13.556750297546388,13.571999549865724,13.285499572753906,13.39875030517578,220440000,0.024155734118739,13.261182524755268,13.24311376544237,NVDA,Nvidia Corporation,0.9976188540458679,2.9534752684412524e-05,0.0023516863584518433
2021-02-03,13.49330711364746,13.530500411987305,13.931750297546388,13.51650047302246,13.63599967956543,245408000,-0.0019363429204762,13.319213671978314,13.265858615279196,NVDA,Nvidia Corporation,0.9993244409561157,1.5140439245442394e-05,0.0006604884401895106
2021-02-04,13.626688957214355,13.664250373840332,13.673500061035156,13.337750434875488,13.531000137329102,201340000,0.0098850372591008,13.396082493287324,13.298661373636936,NVDA,Nvidia Corporation,0.9798698425292969,0.020043494179844856,8.66459813551046e-05
2021-02-05,13.55363941192627,13.590999603271484,13.737250328063965,13.54574966430664,13.725000381469728,169152000,-0.0053607699946369,13.43547172294706,13.321841195299603,NVDA,Nvidia Corporation,0.4999455511569977,0.5000194907188416,3.497107172734104e-05
2021-02-08,14.399062156677246,14.438750267028809,14.473750114440918,13.727250099182127,13.727250099182127,434624000,0.0623760688223018,13.676369331379608,13.419770373606664,NVDA,Nvidia Corporation,0.745621919631958,0.03959346562623978,0.21478459239006042
2021-02-09,14.224043846130373,14.263250350952148,14.583250045776367,14.22249984741211,14.340749740600586,287560000,-0.0121548409641188,13.8132879600673,13.492886143836092,NVDA,Nvidia Corporation,0.999882698059082,6.330876931315288e-05,5.3998759540263563e-05
2021-02-10,14.72366714477539,14.764249801635742,14.904999732971191,14.341500282287598,14.463250160217283,485352000,0.0351252642391806,14.040882756244322,13.604775325739665,NVDA,Nvidia Corporation,2.3336866433965042e-05,0.9999634027481079,1.3242769455246162e-05
2021-02-11,15.20883083343506,15.250749588012695,15.272250175476074,14.925000190734863,14.980250358581545,450828000,0.0329512806754686,14.332869775542006,13.75059855371197,NVDA,Nvidia Corporation,0.9814507961273193,0.018180236220359802,0.0003689566219691187
2021-02-12,14.920125007629396,14.96125030517578,15.291250228881836,14.774999618530272,15.050000190734863,374756000,-0.0189827757943742,14.479683583563853,13.856919140431735,NVDA,Nvidia Corporation,0.7950167655944824,0.20487968623638153,0.00010358262807130814
2021-02-16,15.288111686706545,15.330249786376951,15.3725004196167,14.949999809265137,15.064249992370604,321960000,0.0246637798871645,14.681790609349523,13.987027553729446,NVDA,Nvidia Corporation,0.5482568740844727,0.05121587589383125,0.4005272686481476
2021-02-17,14.865026473999023,14.906000137329102,15.22350025177002,14.779999732971191,15.17099952697754,274756000,-0.0276741314674855,14.7275995755119,14.066845637390315,NVDA,Nvidia Corporation,0.21392211318016052,0.7859867215156555,9.119388414546847e-05
2021-02-18,14.78823947906494,14.82900047302246,14.873250007629396,14.574999809265137,14.729000091552734,233868000,-0.0051656144083156,14.74275955140016,14.132426895724372,NVDA,Nvidia Corporation,0.8327822685241699,0.16703395545482635,0.00018370097677689046
2021-02-19,14.88547134399414,14.92650032043457,15.177000045776367,14.846750259399414,15.024499893188477,271724000,0.0065749452507071,14.778437499548655,14.200885481930715,NVDA,Nvidia Corporation,0.8435767889022827,0.01985769160091877,0.13656547665596008
2021-02-22,14.316289901733398,14.35575008392334,15.13325023651123,14.324999809265137,14.774749755859377,325884000,-0.0382373812093219,14.66290060009484,14.211376792821868,NVDA,Nvidia Corporation,0.9999499320983887,8.666769417686737e-07,4.921087747788988e-05
2021-02-23,14.103126525878906,14.142000198364258,14.238750457763672,13.38949966430664,14.075249671936035,391780000,-0.014889568269268,14.522957081540856,14.201535859463418,NVDA,Nvidia Corporation,0.6913301944732666,0.2576267123222351,0.05104309692978859
2021-02-24,14.459144592285156,14.49899959564209,14.506750106811523,13.755999565124512,14.122750282287598,448320000,0.0252439106855466,14.507003959226932,14.224954835174485,NVDA,Nvidia Corporation,0.20539550483226776,0.7500807642936707,0.04452374577522278
2021-02-25,13.270919799804688,13.307499885559082,14.374750137329102,13.2162504196167,14.045499801635742,824436000,-0.0821780835578931,14.19798291937137,14.138224377413591,NVDA,Nvidia Corporation,0.3938610553741455,0.5417590141296387,0.0643799901008606
2021-02-26,13.676800727844238,13.714500427246094,13.854499816894531,13.361000061035156,13.7524995803833,500932000,0.0305842348655835,14.067687371489589,14.096276772907288,NVDA,Nvidia Corporation,0.7455036640167236,0.0020136949606239796,0.25248274207115173
2021-03-01,13.803702354431152,13.841750144958496,13.925000190734863,13.553250312805176,13.875,353184000,0.0092786046321899,14.00169111722498,14.069679098500366,NVDA,Nvidia Corporation,0.993844211101532,0.0012800080003216863,0.0048757633194327354
2021-03-02,13.369399070739746,13.40625,13.920499801635742,13.395999908447266,13.899999618530272,264116000,-0.0314628113921907,13.843618105603673,14.006017277794854,NVDA,Nvidia Corporation,0.9829583764076233,0.0012627821415662766,0.015778757631778717
2021-03-03,12.769554138183594,12.804750442504885,13.451499938964844,12.798749923706056,13.426250457763672,377592000,-0.0448670078125629,13.575102113748652,13.893611537830193,NVDA,Nvidia Corporation,0.9968479871749878,0.00034523519570939243,0.002806729404255748
2021-03-04,12.336247444152832,12.37024974822998,12.975000381469728,12.083749771118164,12.80074977874756,573344000,-0.0339327974447506,13.265388446349696,13.752032983859522,NVDA,Nvidia Corporation,0.9996414184570312,9.40867539611645e-06,0.0003491587413009256
2021-03-05,12.427247047424316,12.46150016784668,12.550000190734863,11.67924976348877,12.550000190734863,542840000,0.007376603272871,13.055853096618351,13.631597898729048,NVDA,Nvidia Corporation,0.8839461207389832,0.1156664490699768,0.0003874504182022065
2021-03-08,11.56138038635254,11.593250274658203,12.4712495803833,11.566499710083008,12.449999809265137,543112000,-0.0696748570111702,12.6822349190519,13.44339630669482,NVDA,Nvidia Corporation,0.5714827179908752,0.03308471664786339,0.39543262124061584
2021-03-09,12.490142822265623,12.52025032043457,12.61674976348877,12.059249877929688,12.130249977111816,521824000,0.0803331786409717,12.63421189485533,13.356736899019436,NVDA,Nvidia Corporation,0.9430763125419617,0.05691105127334595,1.2614125807886012e-05
2021-03-10,12.438270568847656,12.468250274658203,12.979999542236328,12.457500457763672,12.840499877929688,384376000,-0.0041530552657491,12.585226563353412,13.27323995991291,NVDA,Nvidia Corporation,0.9999598264694214,2.0811186914215796e-05,1.936160151672084e-05
2021-03-11,12.962255477905272,12.993499755859377,13.046250343322754,12.73449993133545,12.949999809265137,299916000,0.0421268299445074,12.679483791991377,13.24496864336676,NVDA,Nvidia Corporation,3.160983033012599e-05,7.36657170818944e-07,0.9999676942825317
2021-03-12,12.825087547302246,12.855999946594238,12.888750076293944,12.59000015258789,12.648249626159668,243964000,-0.010582103618991,12.715884730819097,13.206797634633624,NVDA,Nvidia Corporation,0.9999476671218872,4.851319681620225e-05,3.77092374037602e-06
2021-03-15,13.159531593322754,13.19124984741211,13.20674991607666,12.767250061035156,12.864749908447266,221988000,0.0260773304499475,12.826796446445009,13.20250072178718,NVDA,Nvidia Corporation,0.7456367015838623,0.2541401982307434,0.00022317429829854518
2021-03-16,13.25929069519043,13.291250228881836,13.512499809265137,13.11674976348877,13.356499671936035,272128000,0.0075807486885242,12.934920008631364,13.20766344664202,NVDA,Nvidia Corporation,0.5055932402610779,0.49234598875045776,0.0020607307087630033
2021-03-17,13.309170722961426,13.3412504196167,13.45324993133545,12.989500045776367,13.039750099182127,243864000,0.0037618926168567,13.02848268721388,13.216891380852877,NVDA,Nvidia Corporation,0.9891486167907715,0.0057935467921197414,0.005057768430560827
2021-03-18,12.69190502166748,12.72249984741211,13.184000015258787,12.717000007629396,13.136500358581545,293896000,-0.0463789753804132,12.94433827082728,13.169165348199655,NVDA,Nvidia Corporation,0.7324628829956055,0.014780420809984207,0.2527567446231842
2021-03-19,12.814860343933104,12.845749855041504,12.921500205993652,12.612500190734863,12.75,299208000,0.0096876963746355,12.911968789103735,13.136955802357242,NVDA,Nvidia Corporation,0.736101508140564,0.26338356733322144,0.0005149386124685407
2021-03-22,13.154541969299316,13.186249732971191,13.39449977874756,12.906749725341797,12.912750244140623,297804000,0.0265068534693024,12.97261208415263,13.13855454480652,NVDA,Nvidia Corporation,0.001381155801936984,0.9986065030097961,1.2325488569331355e-05
2021-03-23,13.039320945739746,13.07075023651123,13.344499588012695,13.021249771118164,13.254249572753906,222048000,-0.0087590296817995,12.989289299549409,13.129533308527725,NVDA,Nvidia Corporation,0.39887839555740356,0.6010968685150146,2.474903521942906e-05
2021-03-24,12.61259937286377,12.642999649047852,13.159250259399414,12.63675022125244,13.151249885559082,245840000,-0.0327257511837989,12.895116817877998,13.082539314376454,NVDA,Nvidia Corporation,0.3249458968639374,0.6749194264411926,0.00013465459051076323
2021-03-25,12.505108833312988,12.535249710083008,12.714750289916992,12.272000312805176,12.499500274658203,295144000,-0.008522473153476,12.797614821736746,13.030045634279777,NVDA,Nvidia Corporation,0.39995449781417847,0.6000440716743469,1.4402340866581653e-06
2021-03-26,12.808375358581545,12.83924961090088,12.856249809265137,12.373499870300291,12.554499626159668,363968000,0.0242514103084547,12.800304955947944,13.00989379103448,NVDA,Nvidia Corporation,0.9999176263809204,3.662691142380936e-06,7.866981468396261e-05
2021-03-29,12.9171142578125,12.948249816894531,13.0625,12.699999809265137,12.820249557495115,273520000,0.0084896714990556,12.829507281414084,13.0014592880143,NVDA,Nvidia Corporation,0.9980142712593079,0.0019672149792313576,1.8563847334007733e-05
2021-03-30,12.840797424316406,12.871749877929688,12.975250244140623,12.704999923706056,12.842000007629396,200204000,-0.0059081952805314,12.832329817139666,12.986853664041764,NVDA,Nvidia Corporation,0.49997103214263916,0.5000002980232239,2.8633814508793876e-05
2021-03-31,13.316152572631836,13.34825038909912,13.470499992370604,12.982500076293944,13.01550006866455,314776000,0.0370191299346609,12.953285506012708,13.016789928459044,NVDA,Nvidia Corporation,0.9999061822891235,2.9994178476044908e-05,6.376194505719468e-05
2021-04-01,13.778539657592772,13.811750411987305,13.869999885559082,13.511249542236328,13.572250366210938,308276000,0.0347237749371589,13.159599043907726,13.086039903834838,NVDA,Nvidia Corporation,1.103261183743598e-05,0.9999889135360718,4.394900798843082e-08
2021-04-05,13.953865051269531,13.987500190734863,14.013999938964844,13.732999801635742,13.86750030517578,255672000,0.0127245265488018,13.358165545748175,13.164933099056174,NVDA,Nvidia Corporation,0.0,1.0,0.0
2021-04-06,13.828169822692873,13.861499786376951,14.05424976348877,13.773500442504885,13.999750137329102,191744000,-0.0090079148762602,13.47566661498435,13.22522734665951,NVDA,Nvidia Corporation,0.0016697061946615577,0.9932282567024231,0.005102104041725397
2021-04-07,14.109490394592283,14.143500328063965,14.243499755859377,13.71150016784668,13.880749702453612,251284000,0.0203440206120226,13.634122559886334,13.305614896471582,NVDA,Nvidia Corporation,0.9999854564666748,3.805699407166685e-06,1.0766008927021176e-05
2021-04-08,14.282574653625488,14.31700038909912,14.471500396728516,14.24899959564209,14.252750396728516,244416000,0.0122672225709541,13.796235583321122,13.394429419849208,NVDA,Nvidia Corporation,0.9932355284690857,0.005815315060317516,0.0009491402888670564
2021-04-09,14.365374565124512,14.399999618530272,14.407999992370604,14.175000190734863,14.21399974822998,195172000,0.0057972678951134,13.93852032877197,13.48269716032878,NVDA,Nvidia Corporation,0.39995771646499634,0.6000181436538696,2.4145658244378865e-05
2021-04-12,15.1724271774292,15.208999633789062,15.352499961853027,14.139249801635742,14.289750099182127,869324000,0.0561804085682531,14.246997040936275,13.636308980065182,NVDA,Nvidia Corporation,0.0037408270873129368,0.9962040185928345,5.5154901929199696e-05
2021-04-13,15.64179801940918,15.679499626159668,15.699999809265137,15.125749588012695,15.231499671936035,676212000,0.0309357782041772,14.595697285554502,13.81862616546009,NVDA,Nvidia Corporation,8.618031642981805e-06,0.333335280418396,0.6666560769081116
2021-04-14,15.24026584625244,15.277000427246094,15.720499992370604,15.227499961853027,15.625,385500000,-0.0256704614558055,14.756839425728987,13.947866136441212,NVDA,Nvidia Corporation,0.001224141102284193,0.9987666010856628,9.274686817661859e-06
2021-04-15,16.098447799682617,16.137250900268555,16.214250564575195,15.631500244140623,15.662500381469728,598480000,0.0563101695264194,15.092241519217396,14.143373560372249,NVDA,Nvidia Corporation,0.6625177264213562,0.003980702720582485,0.33350154757499695
2021-04-16,15.874238014221191,15.912500381469728,16.16575050354004,15.865249633789062,16.05299949645996,335208000,-0.0139274163727663,15.287740642968345,14.300724874358515,NVDA,Nvidia Corporation,0.9941098093986511,0.005773912183940411,0.00011628710490185767
2021-04-19,15.324809074401855,15.361749649047852,15.807499885559082,15.232999801635742,15.536499977111816,404420000,-0.0346113583106868,15.297007750826722,14.39382343799882,NVDA,Nvidia Corporation,0.9998838901519775,0.00010821146861417219,7.909249688964337e-06
2021-04-20,15.134770393371582,15.171250343322754,15.496999740600586,14.963000297546388,15.323249816894531,334132000,-0.0124007209556501,15.256448411462936,14.461182252123615,NVDA,Nvidia Corporation,0.9999738931655884,6.810051331740397e-07,2.5340603315271437e-05
2021-04-21,15.323562622070312,15.36050033569336,15.362500190734863,15.102250099182127,15.118749618530272,216776000,0.0124740728661079,15.27322696411478,14.539580467573314,NVDA,Nvidia Corporation,0.6393578052520752,0.3605787754058838,6.343775021377951e-05
2021-04-22,14.814541816711426,14.850250244140623,15.43850040435791,14.783499717712402,15.375,277788000,-0.0332181763414306,15.15855567726394,14.564576953858596,NVDA,Nvidia Corporation,0.8446389436721802,0.15532124042510986,3.976767402491532e-05
2021-04-23,15.228545188903809,15.265250205993652,15.335000038146973,14.900250434875488,14.934249877929688,227500000,0.0279457425895797,15.176053055173908,14.62493770249907,NVDA,Nvidia Corporation,0.918489396572113,0.01709483191370964,0.06441568583250046
2021-04-26,15.440780639648438,15.477999687194824,15.479000091552734,15.125,15.1850004196167,197796000,0.0139366858824618,15.24223495129254,14.699105242239922,NVDA,Nvidia Corporation,0.21579627692699432,0.7841836214065552,2.010969001275953e-05
2021-04-27,15.344761848449709,15.381750106811523,15.670499801635742,15.354499816894531,15.578499794006348,164572000,-0.0062185192212481,15.267866675581832,14.757801297349902,NVDA,Nvidia Corporation,0.9334681630134583,0.06646568328142166,6.620861677220091e-05
2021-04-28,15.240015983581545,15.27674961090088,15.53225040435791,15.215499877929688,15.364500045776367,209416000,-0.0068261642573974,15.26090400258176,14.801638996098234,NVDA,Nvidia Corporation,0.3328618109226227,0.3337901830673218,0.33334803581237793
2021-04-29,15.287901878356934,15.324749946594238,15.43649959564209,15.071499824523926,15.399999618530272,173196000,0.0031421157843258,15.267653471525554,14.845844712667208,NVDA,Nvidia Corporation,0.40594977140426636,0.5938951373100281,0.00015507821808569133
2021-04-30,14.973408699035645,15.009499549865724,15.364999771118164,14.996999740600586,15.174500465393066,201912000,-0.0205713761001119,15.194092278403076,14.8574414387007,NVDA,Nvidia Corporation,0.5945534110069275,0.4047718644142151,0.0006747028091922402
2021-05-03,14.80107307434082,14.836750030517578,15.246749877929688,14.787500381469728,15.125,203912000,-0.011509445054146,15.095837477387512,14.852317041940712,NVDA,Nvidia Corporation,0.839881420135498,0.1600460708141327,7.255452510435134e-05
2021-05-04,14.316741943359377,14.35124969482422,14.637499809265137,14.010250091552734,14.637249946594238,405324000,-0.0327227038572685,14.901063593880478,14.803628396615135,NVDA,Nvidia Corporation,0.0032298273872584105,0.012134554795920849,0.984635591506958
2021-05-05,14.423733711242676,14.458499908447266,14.81350040435791,14.387499809265137,14.708999633789062,292024000,0.0074731924558386,14.781731123221029,14.76909251612673,NVDA,Nvidia Corporation,0.7846536040306091,0.1673317551612854,0.04801466688513756
2021-05-06,14.488076210021973,14.52299976348877,14.571249961853027,14.218000411987305,14.49524974822998,193380000,0.0044608767790232,14.708317394921265,14.743545579208115,NVDA,Nvidia Corporation,0.999982476234436,1.0778263458632864e-05,6.849597866676049e-06
2021-05-07,14.776634216308594,14.812250137329102,14.970749855041504,14.67175006866455,14.808250427246094,229328000,0.0199169304539559,14.725396600268096,14.74655363712634,NVDA,Nvidia Corporation,0.3993130326271057,0.6006666421890259,2.0338989997981116e-05
2021-05-10,14.231447219848633,14.26574993133545,14.805999755859377,14.25,14.787249565124512,268904000,-0.0368952082374923,14.601909255163228,14.699725781010184,NVDA,Nvidia Corporation,0.5002512335777283,0.00012314470950514078,0.4996255934238434
2021-05-11,14.271849632263184,14.306249618530272,14.35474967956543,13.75,13.824999809265137,285584000,0.0028389531851829,14.519394349438215,14.66082794930591,NVDA,Nvidia Corporation,0.9999908208847046,2.269435981361312e-06,6.944805591047043e-06
2021-05-12,13.725419998168944,13.758500099182127,14.260250091552734,13.709250450134276,14.009499549865724,303408000,-0.0382872331319249,14.3209007616209,14.575790862838913,NVDA,Nvidia Corporation,0.7691410183906555,0.23077405989170074,8.489725587423891e-05
2021-05-13,13.632390975952148,13.665249824523926,14.080750465393066,13.458999633789062,14.0337495803833,285404000,-0.0067778634263437,14.148773315203712,14.490027236758294,NVDA,Nvidia Corporation,0.9998468160629272,8.138531120494008e-05,7.172871846705675e-05
2021-05-14,14.208752632141112,14.243000030517578,14.32800006866455,13.748499870300291,13.890000343322754,258616000,0.0422788384815018,14.163768144438064,14.464456818156732,NVDA,Nvidia Corporation,3.702717492615193e-07,0.9999997019767761,3.738606224601426e-08
2021-05-17,14.131437301635742,14.165499687194824,14.169249534606934,13.853500366210938,14.156999588012695,216980000,-0.0054413876085419,14.155685433737482,14.434182316654825,NVDA,Nvidia Corporation,0.0,1.0,0.0
2021-05-18,13.982047080993652,14.01574993133545,14.404250144958496,14.003999710083008,14.267000198364258,186256000,-0.0105714809791356,14.112275845551524,14.3930791134129,NVDA,Nvidia Corporation,0.4918404519557953,0.5080641508102417,9.539753955323249e-05
2021-05-19,14.031928062438965,14.065750122070312,14.079500198364258,13.54325008392334,13.566499710083008,344000000,0.0035675020371743,14.092188899773385,14.360247199687995,NVDA,Nvidia Corporation,0.9995595812797546,8.489601168548688e-05,0.00035550890606828034
2021-05-20,14.577363014221191,14.612500190734863,14.68375015258789,14.270500183105469,14.302499771118164,321592000,0.0388709911677969,14.213482428385335,14.379985001009194,NVDA,Nvidia Corporation,0.999981164932251,4.5077727008902e-06,1.4363168702402618e-05
2021-05-21,14.95570182800293,14.99174976348877,15.222000122070312,14.869500160217283,15.16374969482422,672992000,0.0259538582809966,14.399037278289736,14.43232289437226,NVDA,Nvidia Corporation,0.9548131823539734,0.045172497630119324,1.4300534530775622e-05
2021-05-24,15.57446002960205,15.612000465393066,15.744999885559082,15.175999641418455,15.212499618530272,554816000,0.0413727291915224,14.692892966117814,14.536153543029512,NVDA,Nvidia Corporation,0.575960636138916,0.17226757109165192,0.2517717778682709
2021-05-25,15.61012363433838,15.647749900817873,15.818499565124512,15.482500076293944,15.765999794006348,435408000,0.0022898774447746,14.922200633172956,14.633787187693956,NVDA,Nvidia Corporation,0.4999185800552368,0.4999626874923706,0.00011869029549416155
2021-05-26,15.662249565124512,15.699999809265137,15.793749809265137,15.58625030517578,15.73425006866455,370440000,0.0033392388175241,15.107212866160843,14.727283767460367,NVDA,Nvidia Corporation,0.7477207183837891,0.2504322826862335,0.0018469791393727064
2021-05-27,15.45075798034668,15.48799991607666,15.75,15.460000038146973,15.699749946594238,581476000,-0.0135032700059105,15.193099144707304,14.793054150450033,NVDA,Nvidia Corporation,0.505224347114563,0.4883211851119995,0.006454428192228079
2021-05-28,16.205432891845703,16.24449920654297,16.27750015258789,15.50100040435791,15.50100040435791,644536000,0.048843876297782,15.446182581491904,14.921452217849636,NVDA,Nvidia Corporation,0.9947947859764099,0.0015610349364578724,0.0036441630218178034
2021-06-01,16.22538948059082,16.26449966430664,16.38825035095215,15.903249740600586,16.270000457763672,472804000,0.0012314752020698,15.640984306266631,15.039991969007923,NVDA,Nvidia Corporation,0.9993958473205566,0.0004731044464278966,0.0001310172665398568
2021-06-02,16.73790740966797,16.778249740600586,16.918750762939453,16.23550033569336,16.25225067138672,594168000,0.0315874037840653,15.915215082116967,15.194347918158837,NVDA,Nvidia Corporation,0.9778815507888794,0.020578384399414062,0.0015400212723761797
2021-06-03,16.92894744873047,16.969749450683594,17.259000778198242,16.58300018310547,16.70075035095215,580008000,0.0114136154769355,16.168648173770343,15.35203878457444,NVDA,Nvidia Corporation,0.59906005859375,0.4008024334907532,0.00013753432722296566
2021-06-04,17.53598403930664,17.578250885009766,17.660999298095703,17.095500946044922,17.112499237060547,617120000,0.0358579050714518,16.510482140154416,15.550579262277369,NVDA,Nvidia Corporation,0.9933915138244629,0.004416381474584341,0.0021920944564044476
2021-06-07,17.57663345336914,17.618999481201172,17.8125,17.192750930786133,17.571250915527344,575756000,0.0023180572000627,16.7770199684581,15.734766006922072,NVDA,Nvidia Corporation,0.014555094763636589,0.5000664591789246,0.4853784441947937
2021-06-08,17.41502571105957,17.457000732421875,17.62150001525879,17.250999450683594,17.527250289916992,323848000,-0.009194465068542,16.93652140410847,15.887516889116393,NVDA,Nvidia Corporation,0.7965132594108582,0.17144684493541718,0.03203997761011124
2021-06-09,17.320480346679688,17.35824966430664,17.575000762939453,17.25575065612793,17.515750885009766,381656000,-0.0054289534766429,17.03251113975127,16.017786294349417,NVDA,Nvidia Corporation,0.985119640827179,0.014609617181122303,0.0002707284002099186
2021-06-10,17.387081146240234,17.424999237060547,17.492000579833984,17.176000595092773,17.350000381469727,287772000,0.0038452051113764,17.12115364137351,16.142267644521308,NVDA,Nvidia Corporation,0.3975001275539398,0.4564606249332428,0.14603924751281738
2021-06-11,17.786462783813477,17.82525062561035,17.939250946044922,17.443750381469727,17.47949981689453,416308000,0.022970022064894,17.287480926983502,16.291739929911504,NVDA,Nvidia Corporation,0.24988098442554474,0.750024676322937,9.432368096895516e-05
2021-06-14,17.979541778564453,18.018749237060547,18.039499282836918,17.662750244140625,17.9060001373291,321376000,0.0108553902536869,17.46049613987874,16.445176461607225,NVDA,Nvidia Corporation,0.9998623132705688,4.1057199268834665e-05,9.667918493505567e-05
2021-06-15,17.749794006347656,17.78849983215332,18.01625061035156,17.72800064086914,17.915000915527344,243032000,-0.0127782885151559,17.532820606495967,16.56377805658363,NVDA,Nvidia Corporation,0.9999568462371826,3.8856502214912325e-05,4.24992322223261e-06
2021-06-16,17.771495819091797,17.81024932861328,17.954750061035156,17.58449935913086,17.79075050354004,307124000,0.0012226515269067,17.592489409644926,16.673570580448008,NVDA,Nvidia Corporation,0.9999799728393555,5.827281484016567e-07,1.940237962116953e-05
2021-06-17,18.61665344238281,18.657249450683597,18.834999084472656,17.756250381469727,17.774499893188477,809656000,0.0475569210321096,17.848530417829398,16.850214476987535,NVDA,Nvidia Corporation,0.6667160987854004,0.3332793414592743,4.511932274908759e-06
2021-06-18,18.598194122314453,18.638750076293945,19.375,18.583999633789062,18.78400039672852,968856000,-0.0009915487832166,18.035946343950663,17.0091217174718,NVDA,Nvidia Corporation,0.9998104572296143,1.8404101865598932e-05,0.0001711599761620164
2021-06-21,18.38715171813965,18.427249908447266,18.536500930786133,17.822750091552734,18.43524932861328,672384000,-0.0113474675437219,18.12374768749791,17.134397172077968,NVDA,Nvidia Corporation,0.9948716163635254,0.0019399785669520497,0.0031884366180747747
2021-06-22,18.845651626586918,18.886749267578125,18.9637508392334,18.38599967956543,18.47150039672852,580144000,0.0249358854201946,18.30422367227016,17.28996575885151,NVDA,Nvidia Corporation,0.9999271631240845,4.274855018593371e-05,3.0038632758078165e-05
2021-06-23,19.01578521728516,19.057249069213867,19.15275001525879,18.90774917602539,19.00774955749512,332356000,0.0090277372239133,18.482114058523912,17.44685843689093,NVDA,Nvidia Corporation,0.20000126957893372,0.7999976873397827,9.82156848294835e-07
2021-06-24,19.163705825805664,19.20549964904785,19.420000076293945,19.08824920654297,19.22775077819824,320924000,0.0077788325241521,18.652512000344352,17.602935472246816,NVDA,Nvidia Corporation,0.9999828338623047,1.3922744074079674e-05,3.1838992526900256e-06
2021-06-25,18.98959350585937,19.0310001373291,19.34550094604492,18.894500732421875,19.280500411987305,278364000,-0.0090855245602774,18.736782376723102,17.72899529348432,NVDA,Nvidia Corporation,0.9143645167350769,0.08496319502592087,0.0006723440601490438
2021-06-28,19.94151306152344,19.98500061035156,20.07875061035156,19.319000244140625,19.36124992370605,495436000,0.0501284851289913,19.037965047923187,17.93013327239697,NVDA,Nvidia Corporation,0.3983370363712311,0.6015938520431519,6.913259858265519e-05
2021-06-29,19.98317146301269,20.026750564575195,20.0987491607666,19.65699958801269,19.88249969482422,367632000,0.0020890291203448,19.27426665169556,18.116773107907488,NVDA,Nvidia Corporation,0.9994767308235168,0.0005169158102944493,6.470085736509645e-06
2021-06-30,19.95897674560547,20.002500534057617,20.162500381469727,19.863750457763672,19.999250411987305,326568000,-0.0012107546318165,19.44544417517304,18.28424616588003,NVDA,Nvidia Corporation,0.9999887943267822,3.293484240884936e-08,1.121792502090102e-05
2021-07-01,20.168014526367188,20.21199989318848,20.45599937438965,20.018999099731445,20.125,480136000,0.010473371627518,19.62608676297157,18.45549783501523,NVDA,Nvidia Corporation,0.45609739422798157,0.5438390970230103,6.343024870147929e-05
2021-07-02,20.44242286682129,20.48699951171875,20.505250930786133,20.287750244140625,20.44025039672852,342764000,0.0136061157678832,19.830170788934005,18.636127383361234,NVDA,Nvidia Corporation,0.49999678134918213,0.499996542930603,6.676208613498602e-06
2021-07-06,20.653459548950195,20.69849967956543,20.84199905395508,20.350250244140625,20.737499237060547,446708000,0.0103234672085481,20.03599297893805,18.819521216596595,NVDA,Nvidia Corporation,0.9525627493858337,0.006078180857002735,0.04135904088616371
2021-07-07,20.32742118835449,20.371749877929688,20.875,20.332000732421875,20.853500366210938,418428000,-0.0157861379021256,20.108850031292164,18.95660303221095,NVDA,Nvidia Corporation,0.5338460803031921,0.46584808826446533,0.00030579263693653047
2021-07-08,19.85944175720215,19.90275001525879,20.132999420166016,19.70075035095215,19.85650062561035,503300000,-0.023022075786989,20.04649796276966,19.03867927993742,NVDA,Nvidia Corporation,0.4999968707561493,0.012876100838184357,0.48712706565856934
2021-07-09,20.006622314453125,20.050249099731445,20.080249786376957,19.754249572753903,19.962499618530277,296624000,0.0074111125101288,20.036529050690525,19.126674101257027,NVDA,Nvidia Corporation,0.9931851029396057,0.0032782757189124823,0.0035366257652640343
2021-07-12,20.46786880493164,20.512500762939453,20.53274917602539,20.1877498626709,20.239999771118164,321984000,0.0230546907533364,20.14436398925081,19.24860089250017,NVDA,Nvidia Corporation,0.0,1.0,0.0
2021-07-13,20.2059383392334,20.25,20.46125030517578,20.11400032043457,20.40049934387207,290708000,-0.0127971538314302,20.15975757674645,19.33563156947592,NVDA,Nvidia Corporation,0.500020444393158,0.4999670088291168,1.260535282199271e-05
2021-07-14,19.798324584960938,19.84149932861328,20.417749404907227,19.75275039672852,20.357749938964844,380100000,-0.0201729683338193,20.069399328800078,19.377694570883644,NVDA,Nvidia Corporation,0.01813054271042347,0.9818260669708252,4.3465133785502985e-05
2021-07-15,18.92498016357422,18.966249465942383,19.847000122070312,18.85849952697754,19.811750411987305,550564000,-0.0441120367351751,19.78329453749361,19.336538715673694,NVDA,Nvidia Corporation,0.994062602519989,0.004892517812550068,0.0010448615066707134
2021-07-16,18.12148094177246,18.160999298095703,19.15699958801269,18.072999954223636,19.030500411987305,688224000,-0.0424570707528819,19.36784113856332,19.226078918046305,NVDA,Nvidia Corporation,0.9999922513961792,3.6066860502614873e-06,4.158901901973877e-06
2021-07-19,18.7388858795166,18.77975082397461,19.04199981689453,17.86549949645996,17.915250778198242,749060000,0.0340703356269818,19.21060232380164,19.181788641816333,NVDA,Nvidia Corporation,3.351017312525073e-06,0.999996542930603,1.5292138755285123e-07
2021-07-20,18.57150077819824,18.61199951171875,18.83799934387207,18.16399955749512,18.729999542236328,434687000,-0.0089325001707453,19.050826937400792,19.12630792694196,NVDA,Nvidia Corporation,0.4122326374053955,0.38495999574661255,0.20280738174915314
2021-07-21,19.36776733398437,19.40999984741211,19.527000427246094,18.742000579833984,18.881999969482425,371017000,0.0428757247621527,19.13006203654669,19.148258782127638,NVDA,Nvidia Corporation,0.9819490909576416,0.0005555226816795766,0.017495455220341682
2021-07-22,19.551362991333008,19.5939998626709,19.886999130249023,19.275999069213867,19.642000198364254,323826000,0.0094794435611831,19.23538727524327,19.18490461932812,NVDA,Nvidia Corporation,0.9999936819076538,5.6137123465305194e-06,7.508564294766984e-07
2021-07-23,19.51544189453125,19.558000564575195,19.700000762939453,19.25,19.6560001373291,195672000,-0.0018372681647659,19.305400930065264,19.214953462528403,NVDA,Nvidia Corporation,0.6587867140769958,0.3342098891735077,0.007003424223512411
2021-07-26,19.252012252807617,19.29400062561035,19.441999435424805,18.91399955749512,19.31100082397461,203943000,-0.0134985230233219,19.292053760750854,19.218322443462878,NVDA,Nvidia Corporation,0.0,1.0,0.0
2021-07-27,19.16620445251465,19.20800018310547,19.621999740600582,18.74099922180176,19.26499938964844,248863000,-0.0044570821567213,19.2605914336918,19.213584444285765,NVDA,Nvidia Corporation,0.4997389316558838,0.5000596642494202,0.00020137743558734655
2021-07-28,19.460561752319336,19.50300025939941,19.645999908447266,18.9950008392334,19.319000244140625,202191000,0.0153581425333311,19.310584013348684,19.23603692683427,NVDA,Nvidia Corporation,0.0,1.0,0.0
2021-07-29,19.619216918945312,19.66200065612793,19.85300064086914,19.327999114990234,19.518999099731445,190781000,0.0081526509175444,19.38774223974784,19.27087147157164,NVDA,Nvidia Corporation,0.5000309944152832,0.48370978236198425,0.016259226948022842
2021-07-30,19.45657157897949,19.499000549316406,19.6299991607666,19.26300048828125,19.417999267578125,183497000,-0.0082901035570263,19.404949574555754,19.287753299517806,NVDA,Nvidia Corporation,0.9913539886474609,0.008477491326630116,0.00016851196414791048
2021-08-02,19.707019805908203,19.75,19.961000442504883,19.36100006103516,19.700000762939453,217444000,0.0128721663995157,19.480467132393866,19.325868436462383,NVDA,Nvidia Corporation,0.7943435907363892,0.20561328530311584,4.310218719183467e-05
2021-08-03,19.771886825561523,19.815000534057617,20.222000122070312,19.21999931335449,19.739999771118164,301811000,0.0032915692119959,19.55332205568578,19.366415562744127,NVDA,Nvidia Corporation,0.9970827102661133,0.002872888697311282,4.438916948856786e-05
2021-08-04,20.22988510131836,20.27400016784668,20.31800079345703,19.827999114990234,19.989999771118164,231309000,0.0231641157871045,19.722462817093923,19.444912793523603,NVDA,Nvidia Corporation,0.06061328947544098,0.04809027165174484,0.89129638671875
2021-08-05,20.592090606689453,20.636999130249023,20.732999801635746,20.34199905395508,20.5,211435000,0.0179044766471505,19.939869764492805,19.54920168562959,NVDA,Nvidia Corporation,0.9999721050262451,1.5988844097591937e-05,1.1901734069397207e-05
2021-08-06,20.321685791015625,20.36599922180176,20.56999969482422,20.209999084472656,20.52400016784668,178497000,-0.0131314892129498,20.035323771123508,19.61942751339196,NVDA,Nvidia Corporation,0.3969479203224182,0.603046715259552,5.374015927372966e-06
2021-08-09,20.25084114074707,20.295000076293945,20.507999420166016,20.14299964904785,20.44599914550781,146443000,-0.0034861601048804,20.0892031135294,19.67682875224242,NVDA,Nvidia Corporation,0.9993270635604858,0.0005125097814016044,0.00016051603597588837
2021-08-10,19.89262008666992,19.93600082397461,20.43000030517578,19.834999084472656,20.32200050354004,179238000,-0.0176891938259475,20.04005735681453,19.69644614628128,NVDA,Nvidia Corporation,0.9195045828819275,0.08046921342611313,2.6170768251176924e-05
2021-08-11,19.6561336517334,19.698999404907227,20.048999786376957,19.43000030517578,20.042999267578125,185925000,-0.0118881491681929,19.944076430544246,19.692781374049652,NVDA,Nvidia Corporation,0.23122796416282654,0.7687660455703735,6.070199106034124e-06
2021-08-12,19.861692428588867,19.905000686645508,20.02899932861328,19.6200008392334,19.8700008392334,151652000,0.0104577421225124,19.9234804300554,19.70813692446231,NVDA,Nvidia Corporation,0.6248008012771606,0.3750687837600708,0.00013040720659773797
2021-08-13,20.14406967163086,20.1879997253418,20.214000701904297,19.85099983215332,19.905000686645508,183063000,0.0142171793293677,19.978627740449262,19.747767174204903,NVDA,Nvidia Corporation,0.9999430179595947,1.1812329830718227e-05,4.511817678576335e-05
2021-08-16,19.906591415405277,19.950000762939453,20.28700065612793,19.452999114990234,20.13500022888184,210876000,-0.0117889910081093,19.960618659188267,19.76220574158676,NVDA,Nvidia Corporation,0.9999614953994751,5.150042852619663e-06,3.3435659133829176e-05
2021-08-17,19.41565704345703,19.45800018310547,19.770000457763672,19.267000198364254,19.684999465942383,204585000,-0.0246619002572343,19.824378255255457,19.73070131448405,NVDA,Nvidia Corporation,3.4776712709572166e-07,0.9999997019767761,4.031981504226678e-08
2021-08-18,18.998571395874023,19.040000915527344,19.63400077819824,19.0,19.5,285913000,-0.0214819228960146,19.6179265404101,19.66414404915587,NVDA,Nvidia Corporation,0.2000037431716919,0.7997957468032837,0.00020053761545568705
2021-08-19,19.75492286682129,19.79800033569336,20.4950008392334,18.761999130249023,19.49399948120117,766555000,0.0398109655293095,19.652175622012894,19.672396668943637,NVDA,Nvidia Corporation,0.5991520285606384,0.4003055691719055,0.0005423576221801341
2021-08-20,20.770708084106445,20.81599998474121,20.864999771118164,19.933000564575195,19.99099922180176,675741000,0.0514193461616183,19.931808737536286,19.772243161231163,NVDA,Nvidia Corporation,0.7430981397628784,0.2565496563911438,0.0003521971812006086
2021-08-23,21.910219192504883,21.95800018310547,21.996999740600582,20.950000762939453,20.97100067138672,575807000,0.0548614473702213,20.42641135127844,19.966604618619684,NVDA,Nvidia Corporation,0.3288947641849518,0.6710801124572754,2.5114932213909924e-05
2021-08-24,21.745576858520508,21.792999267578125,21.958999633789062,21.53499984741211,21.75300025939941,297299000,-0.0075144083469824,20.756202728088955,20.12832936770157,NVDA,Nvidia Corporation,0.9950057864189148,0.00026579739642329514,0.0047284504398703575
2021-08-25,22.16466522216797,22.21299934387207,22.46999931335449,21.722000122070312,21.73699951171875,347701000,0.0192723497920566,21.10831835160871,20.3134508090167,NVDA,Nvidia Corporation,0.9920518398284912,0.007584933191537857,0.0003632260486483574
2021-08-26,22.019981384277344,22.06800079345703,22.34000015258789,21.790000915527344,22.200000762939453,237940000,-0.0065276798201273,21.336234109775862,20.468589952222214,NVDA,Nvidia Corporation,0.982958972454071,0.0006720222881995142,0.01636902242898941
2021-08-27,22.586748123168945,22.63599967956543,22.722000122070312,22.16699981689453,22.18400001525879,304722000,0.0257387474131236,21.648862613124138,20.661149785944644,NVDA,Nvidia Corporation,1.1316127768168371e-07,0.9999997615814209,1.4980413709508866e-07
2021-08-30,22.638635635375977,22.6879997253418,23.042999267578125,22.551000595092773,22.82999992370605,262580000,0.0022972546523334,21.896305868687097,20.84092122680204,NVDA,Nvidia Corporation,2.6329303182137664e-08,1.0,3.042229224092807e-08
2021-08-31,22.34023094177246,22.38500022888184,22.69499969482422,22.1200008392334,22.69499969482422,259850000,-0.0131812136742559,22.00728713695844,20.977222109981167,NVDA,Nvidia Corporation,0.20694129168987274,0.7930558919906616,2.864240514099947e-06
2021-09-01,22.396116256713867,22.44099998474121,22.69700050354004,22.35700035095215,22.48500061035156,201767000,0.0025015549341036,22.104494416897296,21.106212486956863,NVDA,Nvidia Corporation,0.849208414554596,0.15076109766960144,3.0513476303895004e-05
2021-09-02,22.351205825805664,22.395999908447266,22.593000411987305,22.295000076293945,22.51799964904785,187834000,-0.0020052776290951,22.166172269124388,21.21939369957948,NVDA,Nvidia Corporation,0.4471556842327118,0.5528225898742676,2.1759822629974224e-05
2021-09-03,22.797313690185547,22.843000411987305,22.98600006103516,22.200000762939453,22.325000762939453,280532000,0.019959006590366,22.32395762438968,21.36284097145276,NVDA,Nvidia Corporation,0.9800827503204346,0.009599623270332813,0.010317584499716759
2021-09-07,22.61667823791504,22.66200065612793,22.89900016784668,22.52199935913086,22.83300018310547,198107000,-0.0079235411121386,22.397137777771015,21.476826177494782,NVDA,Nvidia Corporation,0.7541640996932983,1.128499843616737e-05,0.24582459032535553
2021-09-08,22.294322967529297,22.339000701904297,22.61000061035156,21.976999282836918,22.51300048828125,254434000,-0.0142529891876579,22.371434075210587,21.551144067497923,NVDA,Nvidia Corporation,0.9999784231185913,1.4026506960362894e-06,2.0173520169919357e-05
2021-09-09,22.132646560668945,22.177000045776367,22.538000106811523,22.131000518798828,22.312000274658203,196856000,-0.0072519092459468,22.311737196575177,21.604007930513472,NVDA,Nvidia Corporation,0.5713011622428894,0.42859381437301636,0.00010503947123652324
2021-09-10,22.43304443359375,22.47800064086914,22.625999450683597,22.270000457763672,22.347999572753903,248376000,0.0135726141969225,22.34206400582982,21.67937488533895,NVDA,Nvidia Corporation,0.9735188484191895,0.0027178553864359856,0.023763226345181465
2021-09-13,22.10769462585449,22.152000427246094,22.964000701904297,21.857999801635746,22.68400001525879,297500000,-0.0145031499715679,22.283471660835986,21.71831304356764,NVDA,Nvidia Corporation,0.5058051347732544,0.49415069818496704,4.413150600157678e-05
2021-09-14,22.19751739501953,22.242000579833984,22.40999984741211,22.086000442504883,22.274999618530277,199755000,0.0040629640803881,22.261983094381872,21.76187707551781,NVDA,Nvidia Corporation,0.9997133016586304,2.507568206056021e-05,0.0002615916891954839
2021-09-15,22.29631996154785,22.340999603271484,22.367000579833984,21.965999603271484,22.30900001525879,166538000,0.0044510638180865,22.27056731117337,21.81046279242963,NVDA,Nvidia Corporation,0.8714331388473511,0.12838828563690186,0.0001786009088391438
2021-09-16,22.19751739501953,22.242000579833984,22.277000427246094,21.927000045776367,22.183000564575195,156033000,-0.004431339642538,22.252304832134907,21.845649574483254,NVDA,Nvidia Corporation,0.7192607522010803,0.2694281041622162,0.011311154812574387
2021-09-17,21.856201171875,21.899999618530277,22.32099914550781,21.82999992370605,22.299999237060547,294503000,-0.0153763241659228,22.15327891706993,21.846608810609776,NVDA,Nvidia Corporation,0.5653366446495056,0.1024094820022583,0.33225390315055847
2021-09-20,21.070775985717773,21.113000869750977,21.433000564575195,20.66200065612793,21.145999908447266,349440000,-0.0359360338963171,21.88265318423189,21.77607855380141,NVDA,Nvidia Corporation,0.4081985354423523,0.5916761159896851,0.0001253709488082677
2021-09-21,21.203508377075195,21.246000289916992,21.424999237060547,20.950000762939453,21.41699981689453,204688000,0.0062993594278346,21.71286698244272,21.72402671955357,NVDA,Nvidia Corporation,0.0,1.0,0.0
2021-09-22,21.89712142944336,21.94099998474121,21.959999084472656,21.19599914550781,21.36599922180176,268726000,0.0327121832874641,21.75893059419288,21.739762602270822,NVDA,Nvidia Corporation,0.47215697169303894,0.5056362748146057,0.022206762805581093
2021-09-23,22.43704032897949,22.48200035095215,22.53499984741211,21.88999938964844,22.13999938964844,248555000,0.024657071993497,21.928458027889533,21.80315148651707,NVDA,Nvidia Corporation,0.8415952324867249,0.14602898061275482,0.01237578596919775
2021-09-24,22.03683853149414,22.08099937438965,22.14900016784668,21.86100006103516,22.06999969482422,217655000,-0.0178366572247256,21.955553153790685,21.824395763333168,NVDA,Nvidia Corporation,0.7997726798057556,0.2000153809785843,0.00021191415726207197
2021-09-27,21.616680145263672,21.65999984741211,21.798999786376957,21.325000762939453,21.709999084472656,245215000,-0.0190661825483721,21.87083490165893,21.80551252532685,NVDA,Nvidia Corporation,4.697398253483698e-06,0.999994695186615,5.964925549051259e-07
2021-09-28,20.657604217529297,20.698999404907227,21.41900062561035,20.650999069213867,21.214000701904297,343069000,-0.0443674015292544,21.567527230626524,21.701157224617983,NVDA,Nvidia Corporation,0.027486903592944145,0.9372072815895081,0.03530586510896683
2021-09-29,20.47596549987793,20.517000198364254,21.017000198364254,20.46699905395508,20.940000534057617,218394000,-0.0087928259123696,21.294636797939376,21.589776158732523,NVDA,Nvidia Corporation,0.0001430514093954116,0.9998568296432495,1.3091234052353684e-07
2021-09-30,20.674570083618164,20.715999603271484,21.06599998474121,20.6879997253418,20.76799964904785,221009000,0.009699400193921,21.139620119359076,21.5065756064494,NVDA,Nvidia Corporation,0.8225631713867188,0.0509028322994709,0.12653392553329468
2021-10-01,20.700515747070312,20.742000579833984,20.858999252319336,20.202999114990234,20.75,240978000,0.0012549554040162,21.02984402628688,21.433297437414936,NVDA,Nvidia Corporation,0.9724173545837402,0.008379776030778885,0.019202811643481255
2021-10-04,19.692537307739254,19.73200035095215,20.54199981689453,19.55500030517578,20.503999710083008,345635000,-0.0486933973842517,20.69551734664997,21.27504651653533,NVDA,Nvidia Corporation,0.7142384648323059,0.2513934075832367,0.03436816483736038
2021-10-05,20.410097122192383,20.451000213623047,20.64800071716309,19.85400009155273,19.950000762939453,279282000,0.0364381594529781,20.624162290535576,21.196414753413244,NVDA,Nvidia Corporation,0.9999786615371704,4.950802576786373e-06,1.6387373761972412e-05
2021-10-06,20.658599853515625,20.700000762939453,20.71999931335449,20.07999992370605,20.1200008392334,297202000,0.0121754800986733,20.632771681280587,21.147522489786187,NVDA,Nvidia Corporation,0.7900018095970154,0.2099727839231491,2.544361268519424e-05
2021-10-07,21.032848358154297,21.075000762939453,21.32200050354004,20.972000122070312,21.09199905395508,256919000,0.0181158697729935,20.73279085049901,21.137097568728745,NVDA,Nvidia Corporation,1.3101761169309611e-06,0.9999982118606567,4.992130584469123e-07
2021-10-08,20.78934097290039,20.83099937438965,21.20599937438965,20.774999618530277,21.10099983215332,151258000,-0.0115774801922869,20.74692838109936,21.10548333274435,NVDA,Nvidia Corporation,0.0,1.0,0.0
2021-10-11,20.653608322143555,20.69499969482422,21.0629997253418,20.51099967956543,20.575000762939453,163388000,-0.006528953992999,20.72359836636041,21.064403786326093,NVDA,Nvidia Corporation,0.00018697658379096538,0.9997960925102234,1.693203921604436e-05
2021-10-12,20.62965965270996,20.67099952697754,21.05699920654297,20.527999877929688,20.827999114990234,162134000,-0.0011595392466079,20.700113687947795,21.02488159236099,NVDA,Nvidia Corporation,0.6205917596817017,0.37918519973754883,0.00022298934345599264
2021-10-13,20.897123336791992,20.93899917602539,20.989999771118164,20.71299934387207,20.917999267578125,180652000,0.0129650071103764,20.749366100158845,21.013267205491083,NVDA,Nvidia Corporation,0.9744729995727539,0.024966031312942505,0.0005609942600131035
2021-10-14,21.70250701904297,21.746000289916992,21.7549991607666,21.121999740600582,21.288000106811523,243589000,0.0385404090922407,20.987651329879878,21.075925370359435,NVDA,Nvidia Corporation,0.20033130049705505,0.7983778119087219,0.001290815882384777
2021-10-15,21.818273544311523,21.86199951171875,21.93099975585937,21.66200065612793,21.809999465942383,226994000,0.0053342466456514,21.19530688348779,21.143411567991443,NVDA,Nvidia Corporation,0.9999954700469971,6.982865841109742e-08,4.4588305172510445e-06
2021-10-18,22.17755699157715,22.222000122070312,22.291000366210938,21.643999099731445,21.749000549316406,189494000,0.0164670887701514,21.44086941051013,21.237424788317416,NVDA,Nvidia Corporation,0.4999598264694214,0.5000017285346985,3.846450272249058e-05
2021-10-19,22.245424270629883,22.290000915527344,22.378999710083008,22.03700065612793,22.275999069213867,161473000,0.0030601783180406,21.642008125540062,21.329061104891277,NVDA,Nvidia Corporation,0.9997300505638123,0.00024726521223783493,2.270009099447634e-05
2021-10-20,22.05879592895508,22.10300064086914,22.433000564575195,21.98200035095215,22.30500030517578,146276000,-0.0083895159473854,21.74620507639382,21.395400634351617,NVDA,Nvidia Corporation,0.9996604919433594,0.00013377011055126786,0.00020567956380546093
2021-10-21,22.646615982055664,22.691999435424805,22.711000442504883,22.08300018310547,22.097000122070312,187590000,0.0266478757496004,21.97130780280928,21.509147484142893,NVDA,Nvidia Corporation,0.6763889789581299,0.32355624437332153,5.47538984392304e-05
2021-10-22,22.680543899536133,22.72599983215332,23.1299991607666,22.56100082397461,22.822999954223636,249384000,0.0014981451315883,22.148616826990995,21.61563806736046,NVDA,Nvidia Corporation,0.9993066787719727,2.462907286826521e-05,0.0006687481072731316
2021-10-25,23.119667053222656,23.166000366210938,23.354999542236328,22.770000457763672,22.972999572753903,230235000,0.0193612267691474,22.39137938354891,21.752367975166116,NVDA,Nvidia Corporation,0.999943733215332,1.2286005585337989e-05,4.398738747113384e-05
2021-10-26,24.66756629943848,24.71699905395508,25.25900077819824,23.923999786376957,23.98900032043457,485898000,0.0669516235961562,22.9604261125213,22.017386004645417,NVDA,Nvidia Corporation,0.9632477760314941,0.03558250516653061,0.0011697234585881233
2021-10-27,24.402099609375,24.451000213623047,25.09000015258789,24.28199958801269,24.474000930786133,245990000,-0.0107617706117006,23.320844486734725,22.234178150529925,NVDA,Nvidia Corporation,3.3166305257736894e-08,0.9999997615814209,2.0697670777281019e-07
2021-10-28,24.89112091064453,24.94099998474121,24.950000762939453,24.52300071716309,24.87800025939941,234204000,0.0200401321647607,23.713413592712172,22.475718401449434,NVDA,Nvidia Corporation,0.6019126176834106,0.39597684144973755,0.002110610716044903
2021-10-29,25.515869140625,25.566999435424805,25.708999633789062,25.0,25.000999450683597,292503000,0.0250992404971726,24.164027479690382,22.75209574137449,NVDA,Nvidia Corporation,0.00028395469416864216,0.9997139573097229,2.052463287327555e-06
2021-11-01,25.775346755981445,25.82699966430664,25.893999099731445,25.226999282836918,25.64900016784668,265740000,0.010169264230287,24.566857298763143,23.026936742702397,NVDA,Nvidia Corporation,4.0580474092166696e-07,0.9999995231628418,6.394450480229352e-08
2021-11-02,26.34819793701172,26.400999069213867,26.67799949645996,25.799999237060547,25.82200050354004,294112000,0.0222247710749938,25.012192458325288,23.32886957854869,NVDA,Nvidia Corporation,0.9997506141662598,2.8495091100921854e-05,0.00022093583538662642
2021-11-03,26.5448055267334,26.597999572753903,26.78400039672852,26.23500061035156,26.670000076293945,239910000,0.007461898919679,25.395345725427315,23.62122739202003,NVDA,Nvidia Corporation,0.023995470255613327,0.47592318058013916,0.5000813007354736
2021-11-04,29.741397857666016,29.801000595092773,31.364999771118164,27.118000030517575,27.22900009155273,1153631000,0.1204225183610148,26.48185875848699,24.177606525260572,NVDA,Nvidia Corporation,0.6651203632354736,0.3348747789859772,4.741359134641243e-06
2021-11-05,29.692495346069336,29.75200080871582,31.399999618530277,29.40999984741211,30.187000274658203,851260000,-0.0016442573355399,27.28451790538257,24.678960054425005,NVDA,Nvidia Corporation,0.30393728613853455,0.6959396600723267,0.00012302742106840014
2021-11-08,30.742395401000977,30.804000854492188,31.100000381469727,29.90699958801269,30.14900016784668,503101000,0.0353591048072901,28.148987279287176,25.230181449568278,NVDA,Nvidia Corporation,0.37348559498786926,0.5275039672851562,0.0990104079246521
2021-11-09,30.595685958862305,30.65699958801269,32.310001373291016,29.964000701904297,32.28200149536133,646746000,-0.0047722189577295,28.76066194918096,25.717954586776823,NVDA,Nvidia Corporation,0.9551458954811096,0.0442875474691391,0.0005665383068844676
2021-11-10,29.40008354187012,29.458999633789062,30.850000381469727,28.777999877929688,29.356000900268555,636206000,-0.0390774836230096,28.920517347353247,26.0526935826944,NVDA,Nvidia Corporation,0.5419265031814575,0.45793238282203674,0.00014111436030361801
2021-11-11,30.329221725463867,30.38999938964844,30.59000015258789,29.777000427246094,30.468000411987305,332172000,0.0316032497754816,29.272693441880904,26.44146886840071,NVDA,Nvidia Corporation,0.9986960887908936,0.001296935137361288,6.869100616313517e-06
2021-11-12,30.329221725463867,30.38999938964844,30.68000030517578,29.6299991607666,30.01000022888184,413054000,0.0,29.536825512776645,26.794900946315543,NVDA,Nvidia Corporation,0.40002280473709106,0.599966824054718,1.0337198546039872e-05
2021-11-15,29.96495056152344,30.024999618530277,30.643999099731445,29.246999740600582,30.552000045776367,384909000,-0.0120105674731044,29.643856774963343,27.083087274970804,NVDA,Nvidia Corporation,0.9684170484542847,0.03157695010304451,6.005545401421841e-06
2021-11-16,30.1425895690918,30.202999114990234,30.38999938964844,29.70599937438965,29.75900077819824,264484000,0.0059282262856945,29.768539973495457,27.361223847163615,NVDA,Nvidia Corporation,0.9999114871025085,1.1691806776070734e-06,8.736270683584735e-05
2021-11-17,29.20248031616211,29.26099967956543,30.50900077819824,28.799999237060547,30.417999267578125,428508000,-0.0311887354858746,29.62702505916212,27.528610798890757,NVDA,Nvidia Corporation,0.02036692388355732,0.6494134664535522,0.3302195966243744
2021-11-18,31.611648559570312,31.674999237060547,32.7599983215332,31.32099914550781,32.367000579833984,781711000,0.0824987541238011,30.12318093426417,27.89979604986162,NVDA,Nvidia Corporation,0.7365119457244873,0.2502697706222534,0.013218317180871964
2021-11-19,32.919036865234375,32.98500061035156,33.0880012512207,31.905000686645508,32.24300003051758,533867000,0.0413578021152667,30.82214491700672,28.356090669440963,NVDA,Nvidia Corporation,0.39744406938552856,0.6002155542373657,0.0023403014056384563
2021-11-22,31.892087936401367,31.95599937438965,34.64699935913086,31.899999618530277,33.516998291015625,754335000,-0.0311962021561318,31.08963067185538,28.677544966437363,NVDA,Nvidia Corporation,1.1382121556380298e-06,2.820552253979258e-07,0.9999985694885254
2021-11-23,31.68250846862793,31.746000289916992,32.36000061035156,30.8799991607666,31.53499984741211,532163000,-0.0065715191865574,31.23785012104852,28.950723466636504,NVDA,Nvidia Corporation,0.9977812170982361,0.0014775466406717896,0.0007412514532916248
2021-11-24,32.60865020751953,32.67399978637695,32.85499954223633,30.92799949645996,31.461000442504883,435162000,0.029231957431927,31.58055014266627,29.283262261262237,NVDA,Nvidia Corporation,0.0008546311291866004,0.3187258839607239,0.6804195046424866
2021-11-26,31.43999481201172,31.50300025939941,32.709999084472656,31.350000381469727,32.599998474121094,283069000,-0.0358388154085053,31.54541131000263,29.479328856784917,NVDA,Nvidia Corporation,0.9997325539588928,0.0001762900938047096,9.113672422245145e-05
2021-11-29,33.30924606323242,33.375999450683594,33.4119987487793,32.0359992980957,32.36600112915039,454964000,0.059454566147274,31.98636999831008,29.82750314828014,NVDA,Nvidia Corporation,3.185447712894529e-05,7.735915460216347e-06,0.9999604225158691
2021-11-30,32.61064910888672,32.67599868774414,33.35300064086914,31.86400032043457,33.16899871826172,622066000,-0.020973064146199,32.14243977595424,30.080516417426196,NVDA,Nvidia Corporation,0.7908098101615906,0.009646710939705372,0.19954338669776917
2021-12-01,31.37596893310547,31.434999465942383,33.28900146484375,31.3799991607666,33.21900177001953,484368000,-0.0378612572739248,31.950822065242043,30.198284827942487,NVDA,Nvidia Corporation,0.9790511727333069,0.020858818665146828,8.998938574222848e-05
2021-12-02,32.065677642822266,32.125999450683594,32.47800064086914,31.024999618530277,31.214000701904297,472890000,0.0219820688625513,31.979535959637097,30.36804781111337,NVDA,Nvidia Corporation,0.9984055161476135,6.358100654324517e-05,0.0015308624133467674
2021-12-03,30.635364532470703,30.69300079345703,32.12900161743164,30.1299991607666,32.0,544325000,-0.0446057347137253,31.643493102845497,30.39234933123677,NVDA,Nvidia Corporation,0.7442449927330017,0.2500357925891876,0.005719240754842758
2021-12-06,29.9805965423584,30.03700065612793,30.24099922180176,28.038000106811523,29.8799991607666,658938000,-0.0213729459435128,31.22776896272372,30.35491725952055,NVDA,Nvidia Corporation,0.7983065843582153,0.20044934749603271,0.0012440489372238517
2021-12-07,32.36610412597656,32.426998138427734,32.44900131225586,30.650999069213867,30.957000732421875,593053000,0.0795683828454771,31.51235275353693,30.53775242919837,NVDA,Nvidia Corporation,0.20547954738140106,0.5922965407371521,0.20222394168376923
2021-12-08,31.766233444213867,31.826000213623047,32.290000915527344,31.42099952697754,31.999000549316406,475551000,-0.0185339168232251,31.575822926206165,30.649432521472505,NVDA,Nvidia Corporation,0.6623843312263489,0.3374657928943634,0.0001498925848864019
2021-12-09,30.4327449798584,30.489999771118164,32.20500183105469,30.42799949645996,31.733999252319336,488507000,-0.0419781736697637,31.29005343961922,30.62973365405304,NVDA,Nvidia Corporation,0.9997946619987488,0.00015172323037404567,5.357519330573268e-05
2021-12-10,30.14129447937012,30.197999954223636,31.30500030517578,29.86100006103516,31.149999618530277,488825000,-0.0095768719082414,31.002863699556947,30.58533009271823,NVDA,Nvidia Corporation,0.13411802053451538,0.7499526143074036,0.11592929065227509
2021-12-13,28.108118057250977,28.160999298095703,30.29400062561035,28.11599922180176,30.249000549316406,598344000,-0.0674548474854231,30.279177288980456,30.360128998584845,NVDA,Nvidia Corporation,0.5503885746002197,0.016523143276572227,0.4330883324146271
2021-12-14,28.283788681030277,28.33699989318848,28.67799949645996,27.25,27.698999404907227,667035000,0.0062498180568861,29.78033013699291,30.171370787898063,NVDA,Nvidia Corporation,0.9981839060783386,0.0015945913037285209,0.00022149983851704746
2021-12-15,30.40180206298828,30.458999633789062,30.5,27.83799934387207,28.399999618530277,698297000,0.0748843588758159,29.93569811849175,30.19231908563354,NVDA,Nvidia Corporation,0.9999964237213135,1.742426661621721e-06,1.80070060196158e-06
2021-12-16,28.33369445800781,28.386999130249023,31.15999984741211,28.093000411987305,31.152000427246094,707366000,-0.0680258229658767,29.535197203370764,30.023353210394838,NVDA,Nvidia Corporation,0.9248818159103394,0.07339520752429962,0.001722894492559135
2021-12-17,27.74879646301269,27.801000595092773,28.92200088500977,27.76000022888184,27.98500061035156,713758000,-0.0206431955374535,29.08859701828125,29.816575324269184,NVDA,Nvidia Corporation,0.7446702718734741,0.11204000562429428,0.1432897448539734
2021-12-20,27.666948318481445,27.7189998626709,28.143999099731445,27.145000457763672,27.30500030517578,461847000,-0.0029496106124944,28.733184843331298,29.621154687379388,NVDA,Nvidia Corporation,0.0022072591818869114,0.9976693987846375,0.00012327375588938594
2021-12-21,29.020402908325195,29.075000762939453,29.1200008392334,27.400999069213867,28.374000549316406,524385000,0.0489195474059438,28.80498935957977,29.56654088928355,NVDA,Nvidia Corporation,0.0,1.0,0.0
2021-12-22,29.34479331970215,29.399999618530277,29.55500030517578,28.448999404907227,28.891000747680664,395184000,0.0111780119801125,28.939940349610367,29.546382019321605,NVDA,Nvidia Corporation,0.9999406337738037,4.0480000507159275e-07,5.9047430113423616e-05
2021-12-23,29.584341049194336,29.63999938964844,30.05900001525879,29.43099975585937,29.7549991607666,343022000,0.0081632106548643,29.10104052450636,29.549832840219125,NVDA,Nvidia Corporation,0.9040539860725403,0.09545722603797913,0.0004887355607934296
2021-12-27,30.88689422607422,30.94499969482422,31.08699989318848,29.63999938964844,29.65999984741211,403686000,0.0440284667728083,29.547503949898324,29.67138387529686,NVDA,Nvidia Corporation,9.935091860313605e-09,1.0,3.9612132241018116e-08
2021-12-28,30.26505851745605,30.32200050354004,31.32999992370605,30.011999130249023,31.312000274658203,420591000,-0.0201326719373817,29.72689259178776,29.72535429731133,NVDA,Nvidia Corporation,0.0,1.0,0.0
2021-12-29,29.94466209411621,30.000999450683597,30.54800033569336,29.36599922180176,30.27300071716309,343139000,-0.0105863473931513,29.78133496736987,29.745291369748134,NVDA,Nvidia Corporation,0.9987707734107971,0.0012241366785019636,5.155033704795642e-06
2021-12-30,29.53044319152832,29.586000442504883,30.457000732421875,29.540000915527344,29.82699966430664,308864000,-0.013832812715869,29.71861202340948,29.7257597171827,NVDA,Nvidia Corporation,0.6658471822738647,0.33414945006370544,3.4379754652036354e-06
2022-01-03,30.06444358825684,30.121000289916992,30.711000442504883,29.78499984741211,29.815000534057617,391547000,,30.06444358825684,30.06444358825684,NVDA,Nvidia Corporation,0.9997084140777588,0.00018872716464102268,0.00010284106974722818
2022-01-04,29.23500061035156,29.290000915527344,30.468000411987305,28.349000930786133,30.277000427246094,527154000,-0.0275888351457551,29.85708284378052,29.989039681174532,NVDA,Nvidia Corporation,0.2051888257265091,0.7947160601615906,9.512447286397219e-05
2022-01-05,27.552165985107425,27.60400009155273,29.416000366210938,27.53300094604492,28.948999404907227,498064000,-0.0575623256408717,29.280853629112244,29.7675057088048,NVDA,Nvidia Corporation,0.714147686958313,0.2857982814311981,5.38934618816711e-05
2022-01-06,28.12508773803711,28.17799949645996,28.4379997253418,27.065000534057617,27.63999938964844,454186000,0.020794073077208,28.99191215634346,29.618194984189557,NVDA,Nvidia Corporation,0.5554648041725159,0.44450637698173523,2.8794873287552036e-05
2022-01-07,27.195837020874023,27.246999740600582,28.42200088500977,27.05699920654297,28.141000747680664,409939000,-0.0330399224286274,28.5428933724761,29.39798062388814,NVDA,Nvidia Corporation,0.01813393644988537,0.00906546600162983,0.9728005528450012
2022-01-10,27.34855079650879,27.399999618530277,27.4689998626709,25.643999099731445,26.58099937438965,594681000,0.005615336476592,28.244307728484277,29.21166882139911,NVDA,Nvidia Corporation,3.3739411264832597e-07,0.9999996423721313,2.1083511825281676e-08
2022-01-11,27.764768600463867,27.816999435424805,28.065000534057617,26.839000701904297,27.322999954223636,404089000,0.0152190076560916,28.12442294647917,29.08013243767772,NVDA,Nvidia Corporation,0.33594441413879395,0.6640060544013977,4.952800736646168e-05
2022-01-12,27.946422576904297,27.999000549316406,28.59499931335449,27.607999801635746,28.066999435424805,383413000,0.0065426072536183,28.079922854085453,28.977067904880137,NVDA,Nvidia Corporation,0.9881886839866638,0.011742307804524899,6.900246808072552e-05
2022-01-13,26.52509880065918,26.575000762939453,28.479999542236328,26.49799919128418,28.378999710083008,540171000,-0.0508588808579649,27.691216840728885,28.75416162267823,NVDA,Nvidia Corporation,0.8318393230438232,0.1678849458694458,0.00027576106367632747
2022-01-14,26.891407012939453,26.941999435424805,27.19700050354004,26.209999084472656,26.299999237060547,395832000,0.0138098717382033,27.491264383781527,28.58482029452016,NVDA,Nvidia Corporation,0.006550481542944908,0.9005780220031738,0.09287150949239731
2022-01-18,25.854360580444336,25.902999877929688,26.63800048828125,25.770000457763672,26.26000022888184,424270000,-0.0385642310198242,27.08203843294723,28.336596684149622,NVDA,Nvidia Corporation,0.7120146751403809,0.28795337677001953,3.197880141669884e-05
2022-01-19,25.019929885864254,25.066999435424805,26.542999267578125,25.052000045776367,26.07900047302246,488315000,-0.0322742731147341,26.56651129617649,28.03508152066913,NVDA,Nvidia Corporation,0.5986310243606567,0.4013170301914215,5.200561645324342e-05
2022-01-20,24.104650497436523,24.149999618530277,25.57900047302246,24.077999114990234,25.304000854492188,435181000,-0.036582012523738,25.951046096491496,27.677769609466168,NVDA,Nvidia Corporation,0.999342143535614,1.80342703970382e-05,0.0006397872930392623
2022-01-21,23.33010673522949,23.374000549316406,24.822999954223636,23.26300048828125,23.506999969482425,718958000,-0.032132544808704,25.295811256175995,27.282527529990105,NVDA,Nvidia Corporation,0.49994850158691406,0.5000000596046448,5.146941475686617e-05
2022-01-24,23.328107833862305,23.371999740600582,23.3799991607666,20.88800048828125,22.32999992370605,913982000,-8.56790493877213e-05,24.80388540059757,26.92303483034212,NVDA,Nvidia Corporation,0.00599707430228591,0.16999827325344086,0.8240046501159668
2022-01-25,22.282079696655277,22.323999404907227,22.94300079345703,22.0,22.54599952697754,664616000,-0.0448398191853628,24.173433974612,26.50112981818877,NVDA,Nvidia Corporation,0.4725181460380554,0.042051199823617935,0.48543059825897217
2022-01-26,22.72923469543457,22.77199935913086,24.05699920654297,22.299999237060547,23.239999771118164,755959000,0.0200679202689693,23.81238415481764,26.158230261574754,NVDA,Nvidia Corporation,0.9833986163139343,0.015881439670920372,0.0007199214887805283
2022-01-27,21.90279197692871,21.944000244140625,23.9950008392334,21.674999237060547,23.56800079345703,573353000,-0.0363603407496979,23.334986110345408,25.77137223569784,NVDA,Nvidia Corporation,1.0573245390332886e-06,0.9999986886978149,2.176322340119441e-07
2022-01-28,22.797107696533203,22.84000015258789,22.857999801635746,21.29599952697754,22.011999130249023,543774000,0.0408311287687213,23.20051650689236,25.500984550319235,NVDA,Nvidia Corporation,0.3333728015422821,0.6662013530731201,0.0004258344415575266
2022-01-31,24.440019607543945,24.48600006103516,24.50900077819824,23.052000045776367,23.18199920654297,564680000,0.07206668200548,23.510392282055253,25.404533191885115,NVDA,Nvidia Corporation,0.00022556645853910595,0.9997735023498535,9.012937312036229e-07
2022-02-01,24.59173583984375,24.63800048828125,25.145000457763672,23.88999938964844,25.10400009155273,518925000,0.0062076968323288,23.78072817150238,25.33064252351772,NVDA,Nvidia Corporation,1.3377793317559394e-09,1.0,5.37569455616449e-09
2022-02-02,25.194602966308597,25.242000579833984,25.816999435424805,24.55299949645996,25.79400062561035,543419000,0.0245150293737326,24.134196870203933,25.31827529104416,NVDA,Nvidia Corporation,0.003980930894613266,0.500769853591919,0.4952492117881775
2022-02-03,23.90303039550781,23.947999954223636,25.07699966430664,23.780000686645508,24.45800018310547,410178000,-0.0512638588719946,24.076405251529906,25.18961666417722,NVDA,Nvidia Corporation,0.9997543692588806,0.0002096483949571848,3.602654396672733e-05
2022-02-04,24.27333641052246,24.319000244140625,24.63500022888184,23.631999969482425,23.972000122070312,354829000,0.0154920112172991,24.12563804127804,25.106318459299512,NVDA,Nvidia Corporation,0.5281944870948792,0.4698524475097656,0.0019530161516740918
2022-02-07,24.681564331054688,24.72800064086914,25.18199920654297,24.20199966430664,24.371999740600582,376868000,0.0168179566924,24.264619613722203,25.06770444764089,NVDA,Nvidia Corporation,2.523379953345284e-05,0.3347494900226593,0.6652252674102783
2022-02-08,25.060850143432617,25.107999801635746,25.229999542236328,23.979999542236328,24.358999252319336,410359000,0.0153671707064655,24.463677246149807,25.0670813290765,NVDA,Nvidia Corporation,0.8329485058784485,0.16473853588104248,0.0023129181936383247
2022-02-09,26.65485572814941,26.70499992370605,26.725000381469727,25.35300064086914,25.621999740600582,524282000,0.0636054074619858,25.011471866649707,25.211424456264947,NVDA,Nvidia Corporation,0.9230533838272095,0.013886523433029652,0.06306012719869614
2022-02-10,25.7755069732666,25.823999404907227,26.924999237060547,25.600000381469727,25.9950008392334,513200000,-0.0329901899995713,25.20248064330393,25.26270468508328,NVDA,Nvidia Corporation,3.0510021176155533e-09,1.0,5.442444717118633e-09
2022-02-11,23.904029846191406,23.948999404907227,26.152000427246094,23.77300071716309,25.916000366210938,605472000,-0.0726068018377377,24.8778679440258,25.139188790638563,NVDA,Nvidia Corporation,0.7103435397148132,0.08950740098953247,0.2001490294933319
2022-02-14,24.22143173217773,24.267000198364254,24.875,23.7549991607666,23.93400001525879,440424000,0.0132781747692178,24.713758891063783,25.05575633077849,NVDA,Nvidia Corporation,3.110600300715305e-05,9.142880230683659e-08,0.9999687671661377
2022-02-15,26.44525146484375,26.4950008392334,26.545000076293945,24.78400039672852,24.948999404907227,699869000,0.0918120678106617,25.146632034508777,25.18207407023897,NVDA,Nvidia Corporation,0.5991144180297852,0.20001956820487976,0.20086601376533508
2022-02-16,26.46121406555176,26.51099967956543,26.582000732421875,25.552000045776367,26.25900077819824,732676000,0.0006036093371706,25.475277542269524,25.29835952435831,NVDA,Nvidia Corporation,0.33491694927215576,0.6635230779647827,0.0015599942998960614
2022-02-17,24.46097946166992,24.506999969482425,25.78499984741211,24.165000915527344,25.6299991607666,810595000,-0.0755911878769697,25.221703022119623,25.22223406411391,NVDA,Nvidia Corporation,0.4513782560825348,0.2518500089645386,0.29677170515060425
2022-02-18,23.59760856628418,23.642000198364254,24.98600006103516,23.100000381469727,24.667999267578125,761255000,-0.0352958431913421,24.81567940816076,25.07454083703848,NVDA,Nvidia Corporation,0.14405383169651031,0.5034319162368774,0.35251426696777344
2022-02-22,23.346080780029297,23.38999938964844,24.06399917602539,23.0,23.03499984741211,633422000,-0.0106590371455801,24.44827975112789,24.917408104583096,NVDA,Nvidia Corporation,0.747373104095459,0.20193836092948914,0.05068855360150337
2022-02-23,22.34496116638184,22.386999130249023,24.155000686645508,22.301000595092773,23.802000045776367,566511000,-0.0428816992059686,23.92245010494138,24.683549292019343,NVDA,Nvidia Corporation,0.9991775155067444,0.00044293468818068504,0.0003795244265347719
2022-02-24,23.703405380249023,23.74799919128418,23.799999237060547,20.88999938964844,21.01499938964844,735801000,0.0607942078642309,23.86768892376829,24.594445300040224,NVDA,Nvidia Corporation,0.25143349170684814,0.7481181025505066,0.00044843548675999045
2022-02-25,24.11164093017578,24.15699958801269,24.21699905395508,23.381000518798828,23.72100067138672,528866000,0.0172226540186044,23.92867692537016,24.55055399368891,NVDA,Nvidia Corporation,0.48707127571105957,0.010866362601518631,0.5020623207092285
2022-02-28,24.33921241760254,24.38500022888184,24.665000915527344,23.707000732421875,23.992000579833984,477319000,0.0094382413907778,24.031310798428255,24.531341123135604,NVDA,Nvidia Corporation,0.7575076818466187,0.24229824542999268,0.00019406429782975465
2022-03-01,23.43291664123535,23.476999282836918,24.37700080871582,23.131999969482425,24.291000366210938,412056000,-0.0372360354483671,23.881712259130037,24.431484352053765,NVDA,Nvidia Corporation,0.0,1.0,0.0
2022-03-02,24.178640365600582,24.21999931335449,24.40900039672852,23.415000915527344,23.756000518798828,389642000,0.0318237689222591,23.95594428574767,24.40849853510348,NVDA,Nvidia Corporation,0.9999492168426514,2.972316679006326e-06,4.7788573283469304e-05
2022-03-03,23.673507690429688,23.714000701904297,24.326000213623047,23.4689998626709,24.261999130249023,365095000,-0.0208916906630349,23.88533513691817,24.34168118558768,NVDA,Nvidia Corporation,0.20930823683738708,0.7890311479568481,0.001660606823861599
2022-03-04,22.89683532714844,22.93600082397461,23.68000030517578,22.48200035095215,23.38400077819824,431415000,-0.0328076588158176,23.63821018447574,24.2103315620932,NVDA,Nvidia Corporation,0.11356697231531143,0.0002449252351652831,0.8861880898475647
2022-03-07,21.31553840637207,21.351999282836918,23.03300094604492,21.32999992370605,22.816999435424805,450821000,-0.0690618113019945,23.05754223994982,23.947168547936734,NVDA,Nvidia Corporation,0.6690966486930847,0.00038882181979715824,0.330514520406723
2022-03-08,21.477258682250977,21.513999938964844,22.37299919128418,20.649999618530277,21.30900001525879,557467000,0.0075869665028287,22.66247135052511,23.722631287419848,NVDA,Nvidia Corporation,0.9998722076416016,6.096293418522691e-06,0.00012164305371697992
2022-03-09,22.97470092773437,23.013999938964844,23.21999931335449,22.246999740600582,22.386999130249023,492742000,0.0697222242203983,22.740528744827422,23.65463761835753,NVDA,Nvidia Corporation,0.9969391226768494,6.34906828054227e-05,0.00299737392924726
2022-03-10,22.61930656433105,22.65800094604492,22.788000106811523,21.881999969482425,22.5310001373291,428066000,-0.0154689440581269,22.71022319970333,23.56051661344603,NVDA,Nvidia Corporation,0.7998984456062317,0.0006192639702931046,0.19948235154151917
2022-03-11,22.062259674072266,22.100000381469727,23.145000457763672,22.04599952697754,23.02199935913086,367209000,-0.0246270542677559,22.548232318295565,23.424311437139323,NVDA,Nvidia Corporation,0.4834499657154083,0.5158208608627319,0.000729179650079459
2022-03-14,21.2935733795166,21.32999992370605,22.261999130249023,21.15900039672852,21.86899948120117,385354000,-0.0348416846647412,22.234567583600825,23.23060797735544,NVDA,Nvidia Corporation,0.9997945427894592,6.644763925578445e-05,0.00013900296471547335
2022-03-15,22.93376922607422,22.972999572753903,23.038000106811523,21.32200050354004,21.51799964904785,491996000,0.0770277405921642,22.40936799421917,23.203622636329875,NVDA,Nvidia Corporation,0.6664432883262634,0.3334323465824127,0.0001243761071236804
2022-03-16,24.45417022705078,24.496000289916992,24.597000122070312,23.17200088500977,23.5,671422000,0.0662952952037192,22.92056855242708,23.317308780940863,NVDA,Nvidia Corporation,0.6665946245193481,0.3333480656147003,5.732231875299476e-05
2022-03-17,24.72370719909668,24.766000747680664,24.84199905395508,23.9060001373291,24.1200008392334,471941000,0.0110221270868451,23.37135321409448,23.445163182591397,NVDA,Nvidia Corporation,0.9999958276748657,3.0466659950434405e-07,3.8105069961602567e-06
2022-03-18,26.407827377319336,26.452999114990234,26.569000244140625,24.624000549316406,24.798999786376957,730719000,0.0681176234882845,24.13047175490069,23.714496291203027,NVDA,Nvidia Corporation,0.9432445168495178,0.0009866595501080155,0.05576879903674126
2022-03-21,26.68834114074707,26.733999252319336,27.152000427246094,25.96699905395508,26.506999969482425,591727000,0.01062237189829,24.769939101362283,23.98484582297976,NVDA,Nvidia Corporation,0.9932918548583984,0.00033486130996607244,0.006373279727995396
2022-03-22,26.478708267211918,26.52400016784668,27.238000869750977,26.07200050354004,26.726999282836918,547007000,-0.0078548483935216,25.19713139282469,24.211560590637227,NVDA,Nvidia Corporation,0.6665728688240051,0.3333730399608612,5.404431067290716e-05
2022-03-23,25.59022521972656,25.63400077819824,26.61199951171875,25.575000762939453,26.125999450683597,502120000,-0.0335546220200455,25.29540484955016,24.336893738736254,NVDA,Nvidia Corporation,0.6666640639305115,0.3333336114883423,2.317731969014858e-06
2022-03-24,28.101930618286133,28.149999618530277,28.31999969482422,25.90699958801269,26.166000366210938,877379000,0.0981509688560062,25.997036291734155,24.679169818695332,NVDA,Nvidia Corporation,2.456554830132518e-05,0.9999721050262451,3.373676008777693e-06
2022-03-25,27.644702911376957,27.691999435424805,28.357999801635746,27.270999908447266,27.88599967956543,579016000,-0.0162703307868697,26.40895294664485,24.948763736211845,NVDA,Nvidia Corporation,0.9999947547912598,1.0879114853423744e-07,5.150558536115568e-06
2022-03-28,28.170808792114254,28.2189998626709,28.25,27.20599937438965,27.756000518798828,425494000,0.0190309833469322,26.8494169080122,25.241676923112063,NVDA,Nvidia Corporation,0.9999883770942688,4.6820795773783175e-07,1.1077761882916093e-05
2022-03-29,28.6070613861084,28.6560001373291,28.94599914550781,27.979999542236328,28.69499969482422,488984000,0.0154859804421467,27.28882802753625,25.54762096520264,NVDA,Nvidia Corporation,0.9965287446975708,0.003356842789798975,0.00011446759890532121
2022-03-30,27.642711639404297,27.690000534057617,28.496000289916992,27.50300025939941,28.304000854492188,463487000,-0.0337101995094256,27.37729893050326,25.73808375376642,NVDA,Nvidia Corporation,0.9999831914901733,3.6981523976464814e-07,1.646643431740813e-05
2022-03-31,27.23940086364746,27.285999298095703,28.24799919128418,27.270000457763672,27.78199958801269,523440000,-0.0145901307012847,27.342824413789312,25.87456712739197,NVDA,Nvidia Corporation,0.7528095245361328,0.06792141497135162,0.1792689859867096
2022-04-01,26.6663818359375,26.71199989318848,27.496000289916992,26.267000198364254,27.375,517235000,-0.0210364035016161,27.17371376932636,25.94655028271429,NVDA,Nvidia Corporation,0.9999138116836548,4.944600004819222e-05,3.6769688449567184e-05
2022-04-04,27.31327247619629,27.36000061035156,27.558000564575195,26.613000869750977,26.72800064086914,397120000,0.0242586581201276,27.20860344604384,26.070797754849018,NVDA,Nvidia Corporation,0.00254231970757246,0.9974433183670044,1.4382665540324524e-05
2022-04-05,25.8867130279541,25.93099975585937,27.319000244140625,25.81999969482422,27.253999710083008,436615000,-0.0522295323449595,26.878130841521408,26.05406277967675,NVDA,Nvidia Corporation,0.9999165534973145,7.080948125803843e-05,1.261497618543217e-05
2022-04-06,24.36532211303711,24.40699958801269,25.299999237060547,24.00300025939941,24.93400001525879,703833000,-0.0587711121637613,26.24992865940033,25.90054090089133,NVDA,Nvidia Corporation,0.0012919108849018812,0.0006339212413877249,0.9980741739273071
2022-04-07,24.16666030883789,24.20800018310547,24.722000122070312,23.47800064086914,24.44099998474121,557992000,-0.0081534651287421,25.729111571759724,25.742915392522832,NVDA,Nvidia Corporation,0.9978213310241699,0.002175484551116824,3.1581932944391156e-06
2022-04-08,23.07951545715332,23.11899948120117,23.92300033569336,23.062000274658203,23.91699981689453,524781000,-0.0449853160424899,25.066712543108125,25.500788125671058,NVDA,Nvidia Corporation,0.993468165397644,0.006526000332087278,5.785226221632911e-06
2022-04-11,21.87957000732422,21.91699981689453,22.31999969482422,21.65999984741211,22.214000701904297,575207000,-0.0519917955841308,24.269926909162148,25.171586478548612,NVDA,Nvidia Corporation,0.009422647766768932,8.069608156802133e-05,0.9904966354370117
2022-04-12,21.467273712158203,21.503999710083008,22.725000381469727,21.28199958801269,22.53700065612793,662258000,-0.0188438938712232,23.56926360991116,24.83483077251312,NVDA,Nvidia Corporation,5.626772690447979e-05,0.9999279975891113,1.5729399819974788e-05
2022-04-13,22.165082931518555,22.202999114990234,22.5,21.45499992370605,21.72800064086914,516943000,0.0325057214398463,23.21821844031301,24.5921264233318,NVDA,Nvidia Corporation,0.20057666301727295,0.7994115948677063,1.179551600216655e-05
2022-04-14,21.221694946289062,21.257999420166016,22.777000427246094,21.163000106811523,22.5049991607666,569097000,-0.0425618973835646,22.719087566807023,24.285723561782454,NVDA,Nvidia Corporation,2.6982115741702728e-05,0.4999828636646271,0.4999901354312897
2022-04-18,21.745800018310547,21.78300094604492,22.08799934387207,21.07900047302246,21.200000762939453,525701000,0.0246966641141512,22.475765679682905,24.05482142146683,NVDA,Nvidia Corporation,0.49999886751174927,0.4779951870441437,0.022005971521139145
2022-04-19,22.160091400146484,22.197999954223636,22.37299919128418,21.31399917602539,21.71999931335449,512781000,0.019051558530249,22.3968471097988,23.882573237710435,NVDA,Nvidia Corporation,0.8330876231193542,0.16672740876674652,0.00018494452524464577
2022-04-20,21.4453125,21.48200035095215,22.670000076293945,21.200000762939453,22.517000198364254,468974000,-0.0322552324915843,22.1589634573491,23.66100407973676,NVDA,Nvidia Corporation,0.9997206330299377,2.6274386982549913e-05,0.000253095175139606
2022-04-21,20.148530960083008,20.183000564575195,22.392000198364254,20.0,21.708999633789062,656209000,-0.0604692302766393,21.65635533303257,23.34168834158642,NVDA,Nvidia Corporation,0.6798839569091797,0.31813064217567444,0.001985367154702544
2022-04-22,19.481672286987305,19.51499938964844,20.48600006103516,19.5,20.30299949645996,624713000,-0.0330971361841139,21.112684571521257,22.99077779116832,NVDA,Nvidia Corporation,0.3999788165092468,0.6000014543533325,1.9733055523829535e-05
2022-04-25,19.868013381958008,19.902000427246094,19.94499969482422,19.09600067138672,19.20199966430664,641566000,0.0198310026613453,20.801516774130445,22.70689011760375,NVDA,Nvidia Corporation,0.9199062585830688,0.08007443696260452,1.919880014611408e-05
2022-04-26,18.755916595458984,18.788000106811523,19.788000106811523,18.670000076293945,19.718000411987305,653143000,-0.0559742318026074,20.29011672946258,22.34771070649968,NVDA,Nvidia Corporation,0.044055305421352386,0.9557299613952637,0.0002148106723325327
2022-04-27,18.383554458618164,18.415000915527344,19.16699981689453,18.290000915527344,18.597999572753903,499460000,-0.0198530493002391,19.813476161751478,21.987332865783173,NVDA,Nvidia Corporation,0.6683887839317322,0.0005815061740577221,0.3310297727584839
2022-04-28,19.74821662902832,19.78199958801269,20.03700065612793,18.489999771118164,18.96699905395508,570327000,0.0742327700272569,19.797161278570684,21.783776844260007,NVDA,Nvidia Corporation,0.6964631080627441,0.3033398389816284,0.0001970229932339862
2022-04-29,18.515329360961918,18.54700088500977,20.12800025939941,18.517000198364254,19.402000427246094,500435000,-0.0624303090869562,19.47670329916849,21.48664525486927,NVDA,Nvidia Corporation,0.518818199634552,0.47799018025398254,0.003191537456586957
2022-05-02,19.49964141845703,19.53300094604492,19.573999404907227,18.391000747680664,18.541000366210938,572049000,0.0531620063735112,19.482437828990623,21.30600854246816,NVDA,Nvidia Corporation,0.9986376166343689,0.0002421590470476076,0.0011202816385775805
2022-05-03,19.568523406982425,19.601999282836918,19.825000762939453,19.132999420166016,19.399999618530277,475751000,0.0035324746259277,19.50395922348857,21.148055348333088,NVDA,Nvidia Corporation,0.7889878749847412,0.20943951606750488,0.0015726163983345032
2022-05-04,20.29927635192871,20.333999633789062,20.399999618530277,18.750999450683597,19.92300033569336,648855000,0.0373432849146677,19.70278850559861,21.070893621387235,NVDA,Nvidia Corporation,0.0018414169317111373,0.9980167150497437,0.0001418509491486475
2022-05-05,18.81181907653809,18.8439998626709,19.924999237060547,18.5,19.867000579833984,626331000,-0.073276369541582,19.48004614833348,20.86552320821913,NVDA,Nvidia Corporation,0.9907240271568298,0.0006407111068256199,0.008635236881673336
2022-05-06,18.64310646057129,18.674999237060547,19.511999130249023,17.989999771118164,18.73600006103516,633297000,-0.0089684370916162,19.27081122639293,20.663485322069324,NVDA,Nvidia Corporation,0.3322402536869049,0.33339956402778625,0.33436015248298645
2022-05-09,16.921056747436523,16.950000762939453,18.2549991607666,16.82699966430664,18.03400039672852,644455000,-0.092369247409318,18.683372606653823,20.32326454255725,NVDA,Nvidia Corporation,0.9452548027038574,0.0025088198017328978,0.05223637446761131
2022-05-10,17.56495475769043,17.594999313354492,18.197999954223636,17.024999618530273,17.68899917602539,761474000,0.0380530613344496,18.40376814441298,20.07250910756936,NVDA,Nvidia Corporation,0.001050040707923472,0.0001085330659407191,0.9988414645195007
2022-05-11,16.601598739624023,16.6299991607666,17.753000259399414,16.56800079345703,17.347000122070312,670167000,-0.0548453458238838,17.95322579321574,19.75697180139251,NVDA,Nvidia Corporation,0.9999744892120361,2.0427694835234433e-05,5.142873760632938e-06
2022-05-12,16.147377014160156,16.174999237060547,16.788000106811523,15.56700038909912,16.2189998626709,708728000,-0.0273601195034156,17.501763598451845,19.428826820735026,NVDA,Nvidia Corporation,0.9997588992118835,0.0001982341054826975,4.2948075133608654e-05
2022-05-13,17.675762176513672,17.70599937438965,17.92799949645996,16.593000411987305,16.788000106811523,670437000,0.0946522250030592,17.5452632429673,19.269457307623995,NVDA,Nvidia Corporation,0.0031001605093479156,0.9962628483772278,0.0006369171314872801
2022-05-16,17.234516143798828,17.263999938964844,17.788000106811523,17.106000900268555,17.509000778198242,521446000,-0.0249633384013924,17.46757646817518,19.08446265636716,NVDA,Nvidia Corporation,0.6681715846061707,0.0001167581940535456,0.33171164989471436
2022-05-17,18.145959854125977,18.177000045776367,18.371000289916992,17.634000778198242,18.073999404907227,585830000,0.0528847867107133,17.63717231466288,18.999144219799778,NVDA,Nvidia Corporation,0.9999833106994629,1.3780119161310722e-06,1.5259669453371316e-05
2022-05-18,16.909072875976562,16.937999725341797,18.118000030517575,16.86400032043457,17.704999923706055,545161000,-0.0681632158393745,17.4551474549913,18.809137733997662,NVDA,Nvidia Corporation,0.7048007249832153,0.2951263189315796,7.294758688658476e-05
2022-05-19,17.094758987426758,17.124000549316406,17.687000274658203,16.733999252319336,16.937000274658203,621310000,0.0109814484101022,17.365050338100165,18.65328512067304,NVDA,Nvidia Corporation,0.33362317085266113,0.6657907366752625,0.0005861353711225092
2022-05-20,16.665491104125977,16.694000244140625,17.40999984741211,15.755000114440918,17.332000732421875,739105000,-0.0251110813329693,17.19016052960662,18.47257657371421,NVDA,Nvidia Corporation,0.9999686479568481,8.114515367196873e-06,2.3193613742478192e-05
2022-05-23,16.869144439697266,16.898000717163086,16.915000915527344,16.179000854492188,16.27400016784668,639889000,0.0122200620611094,17.10990650712928,18.326810016076305,NVDA,Nvidia Corporation,0.7070989608764648,0.2912098467350006,0.0016911887796595693
2022-05-24,16.12641143798828,16.15399932861328,16.597000122070312,15.779999732971191,16.510000228881836,588550000,-0.044029085432522,16.86403273984403,18.126773781704667,NVDA,Nvidia Corporation,0.041513651609420776,0.05001036822795868,0.908475935459137
2022-05-25,16.946008682250977,16.975000381469727,17.111000061035156,16.0,16.020000457763672,781132000,0.0508232874631988,16.884526725445767,18.019431499936147,NVDA,Nvidia Corporation,0.796540379524231,0.0033031045459210873,0.20015649497509003
2022-05-26,17.820514678955078,17.85099983215332,18.09199905395508,16.02199935913086,16.035999298095703,996575000,0.0516054259797498,17.118523713823095,18.00134815257423,NVDA,Nvidia Corporation,0.3109174370765686,0.4914030134677887,0.1976795345544815
2022-05-27,18.77887535095215,18.81100082397461,18.881000518798828,18.100000381469727,18.18600082397461,738379000,0.0537785069209495,17.533611623105358,18.07203244333586,NVDA,Nvidia Corporation,0.9981915950775146,0.0009690313600003719,0.0008393306634388864
2022-05-31,18.64011573791504,18.67200088500977,19.200000762939453,18.350000381469727,18.979999542236328,664100000,-0.0073891332917375,17.81023765180778,18.12367637920669,NVDA,Nvidia Corporation,0.005226642359048128,0.9945042133331299,0.0002692035923246294
2022-06-01,18.28871154785156,18.31999969482422,19.05299949645996,18.121999740600582,18.724000930786133,544514000,-0.0188520390647951,17.929856125818723,18.138679576356225,NVDA,Nvidia Corporation,0.9998883008956909,8.329130650963634e-06,0.00010330945224268362
2022-06-02,19.558542251586918,19.59199905395508,19.61899948120117,18.197999954223636,18.29199981689453,648656000,0.0694324857392441,18.33702765726077,18.2677580013772,NVDA,Nvidia Corporation,0.0,1.0,0.0
2022-06-03,18.688032150268555,18.71999931335449,19.332000732421875,18.52199935913086,19.082000732421875,598779000,-0.0445079234495469,18.42477878051272,18.305964742185505,NVDA,Nvidia Corporation,6.443593883886933e-05,1.050272931024665e-05,0.9999250173568726
2022-06-06,18.7539176940918,18.785999298095703,19.33699989318848,18.56399917602539,19.138999938964844,422406000,0.0035255474355706,18.50706350890749,18.346687737813347,NVDA,Nvidia Corporation,0.9975055456161499,8.412264287471771e-05,0.0024103401228785515
2022-06-07,18.8936767578125,18.926000595092773,19.0,18.1879997253418,18.472000122070312,388914000,0.007452259629183,18.603716821133737,18.39641401235872,NVDA,Nvidia Corporation,0.9999521970748901,4.2115036194445565e-05,5.697516826330684e-06
2022-06-08,18.620088577270508,18.64800071716309,19.18000030517578,18.53499984741211,18.798999786376957,363252000,-0.0144804097184981,18.60780976016793,18.416748063714337,NVDA,Nvidia Corporation,0.0,1.0,0.0
2022-06-09,18.02098846435547,18.04800033569336,18.933000564575195,18.041000366210938,18.481000900268555,395574000,-0.0321749335632247,18.461104436214814,18.38076991831808,NVDA,Nvidia Corporation,4.440910572611756e-07,0.9999991655349731,4.004772620191943e-07
2022-06-10,16.948598861694336,16.974000930786133,17.69700050354004,16.868999481201172,17.600000381469727,465248000,-0.0595078125033075,18.0829780425847,18.2505725495341,NVDA,Nvidia Corporation,0.9891908168792725,0.010761368088424206,4.786489444086328e-05
2022-06-13,15.623580932617188,15.647000312805176,16.312000274658203,15.605999946594238,16.0,604153000,-0.078178611688771,17.46812876509282,18.01175512981438,NVDA,Nvidia Corporation,0.999894380569458,2.1663192455889657e-05,8.397072815569118e-05
2022-06-14,15.812297821044922,15.836000442504885,16.06599998474121,15.411999702453612,15.730999946594238,469680000,0.0120789778759202,17.054171029080848,17.811804465380792,NVDA,Nvidia Corporation,1.3057850765108014e-06,0.9999979734420776,7.537531132584263e-07
2022-06-15,16.50226593017578,16.527000427246094,16.868000030517578,15.925999641418455,16.094999313354492,563936000,0.0436349047393078,16.91619475435458,17.69275550763488,NVDA,Nvidia Corporation,0.7982746362686157,0.0015632497379556298,0.2001620978116989
2022-06-16,15.57765007019043,15.60099983215332,15.94200038909912,15.401000022888184,15.859999656677246,545749000,-0.0560296303488003,16.581558583313544,17.500473195139932,NVDA,Nvidia Corporation,0.9999864101409912,2.7188107765141467e-07,1.3386495993472636e-05
2022-06-17,15.856231689453123,15.880000114440918,15.994999885559082,15.32800006866455,15.64799976348877,630334000,0.0178834174607498,16.400226859848438,17.35099669462295,NVDA,Nvidia Corporation,0.9995017051696777,0.00023604754824191332,0.0002622118918225169
2022-06-21,16.541202545166016,16.56599998474121,17.007999420166016,16.406999588012695,16.475000381469727,483089000,0.0431988425199729,16.435470781177834,17.27737904467232,NVDA,Nvidia Corporation,0.9993488192558289,0.0005258225719444454,0.00012537244765553623
2022-06-22,16.335512161254883,16.360000610351562,16.66200065612793,16.18000030517578,16.22599983215332,437135000,-0.0124350320570401,16.410481126197098,17.191754782543462,NVDA,Nvidia Corporation,0.9999957084655762,1.2869766123912996e-06,2.9557006655522855e-06
2022-06-23,16.200719833374023,16.225000381469727,16.584999084472656,15.852999687194824,16.518999099731445,463680000,-0.0082514907736143,16.35804080299133,17.10166069625533,NVDA,Nvidia Corporation,0.6840717792510986,0.31585484743118286,7.342456228798255e-05
2022-06-24,17.100366592407227,17.125999450683594,17.139999389648438,16.309999465942383,16.5,472153000,0.0555312830717498,16.543622250345305,17.101543050450957,NVDA,Nvidia Corporation,0.999880850315094,3.972802733187564e-05,7.935476605780423e-05
2022-06-27,16.843751907348633,16.868999481201172,17.329999923706055,16.625999450683594,17.312000274658203,427968000,-0.0150063850194026,16.618654664596136,17.078107491987108,NVDA,Nvidia Corporation,0.9999010562896729,6.359312101267278e-05,3.5382949135964736e-05
2022-06-28,15.958081245422363,15.982000350952148,17.20199966430664,15.94499969482422,16.899999618530273,461149000,-0.0525815546796237,16.453511309802693,16.976286924117584,NVDA,Nvidia Corporation,0.9998765587806702,0.00010863883653655648,1.4842880773358047e-05
2022-06-29,15.518739700317385,15.541999816894531,15.81999969482422,15.170000076293944,15.814000129699709,482352000,-0.0275309755821056,16.219818407431365,16.84378263104484,NVDA,Nvidia Corporation,0.7899010181427002,0.2100876271724701,1.1335641829646192e-05
2022-06-30,15.136311531066896,15.159000396728516,15.56700038909912,14.862000465393066,15.361000061035156,686070000,-0.0246429914178318,15.948941688340248,16.688557985592297,NVDA,Nvidia Corporation,0.9999918937683105,5.01846045608545e-07,7.657435162400361e-06
2022-07-01,14.501262664794922,14.52299976348877,15.062999725341797,14.392000198364258,14.89900016784668,577610000,-0.0419553247809779,15.587021932453917,16.4897129564289,NVDA,Nvidia Corporation,0.9999381899833679,4.199365866952576e-05,1.979280568775721e-05
2022-07-05,14.941601753234863,14.96399974822998,14.970999717712402,14.05500030517578,14.175000190734863,651397000,0.0303655687520896,15.425666887649154,16.348975574320352,NVDA,Nvidia Corporation,0.7999897003173828,8.911396207622602e-07,0.2000093162059784
2022-07-06,15.107354164123535,15.130000114440918,15.319000244140623,14.788999557495115,15.010000228881836,529066000,0.011093349536825,15.346088706767748,16.236100900666095,NVDA,Nvidia Corporation,0.9983363747596741,5.612628228846006e-05,0.0016074780141934752
2022-07-07,15.83426570892334,15.857999801635742,15.94499969482422,15.388999938964844,15.456000328063965,492903000,0.048116403236647,15.468132957306649,16.19957042868948,NVDA,Nvidia Corporation,0.6657479405403137,0.33263203501701355,0.0016200370155274868
2022-07-08,15.814294815063477,15.838000297546388,16.03700065612793,15.388999938964844,15.43000030517578,467972000,-0.0012612453413995,15.554673421745854,16.164545372905298,NVDA,Nvidia Corporation,0.9999529123306274,3.7715622056566644e-06,4.3310323235346004e-05
2022-07-11,15.129322052001951,15.152000427246094,15.527000427246094,15.038000106811523,15.526000022888184,437321000,-0.0433135192603764,15.448335579309878,16.070434161914086,NVDA,Nvidia Corporation,0.8944077491760254,1.135801721829921e-05,0.1055808812379837
2022-07-12,15.059426307678224,15.08199977874756,15.430999755859377,14.876999855041504,15.267999649047852,458483000,-0.0046198860784036,15.351108261401963,15.978524356983552,NVDA,Nvidia Corporation,0.9998888969421387,8.876857464201748e-05,2.2251462723943405e-05
2022-07-13,15.141303062438965,15.163999557495115,15.375,14.46500015258789,14.59000015258789,521918000,0.0054369106158445,15.298656961661216,15.902413330206771,NVDA,Nvidia Corporation,3.3976499253185466e-05,0.9999582767486572,7.738946806057356e-06
2022-07-14,15.348992347717283,15.371999740600586,15.472999572753906,14.727999687194824,15.107999801635742,456235000,0.0137167378806077,15.311240808175231,15.852102331798635,NVDA,Nvidia Corporation,2.2252930875765742e-07,0.9999997019767761,6.290719767321207e-08
2022-07-15,15.738409996032717,15.76200008392334,15.781999588012695,15.44499969482422,15.659000396728516,385935000,0.0253708933781144,15.418033105139603,15.841766664910825,NVDA,Nvidia Corporation,0.996178150177002,0.003808078123256564,1.3750732250628062e-05
2022-07-18,16.076902389526367,16.10099983215332,16.89699935913086,16.00200080871582,16.302000045776367,670517000,0.0215074072653449,15.582750426236297,15.863142639875871,NVDA,Nvidia Corporation,0.00015917546988930553,0.49997588992118835,0.4998648762702942
2022-07-19,16.966569900512695,16.992000579833984,17.110000610351562,16.172000885009766,16.486000061035156,702366000,0.0553382417477337,15.928705294805397,15.963454209024675,NVDA,Nvidia Corporation,0.9149096608161926,0.014273938722908497,0.07081635296344757
2022-07-20,17.780351638793945,17.80699920654297,17.933000564575195,16.801000595092773,16.94700050354004,760538000,0.0479638337656369,16.39161688080253,16.128626702640062,NVDA,Nvidia Corporation,0.999713122844696,0.0002633743570186198,2.3478110961150378e-05
2022-07-21,18.02298355102539,18.049999237060547,18.143999099731445,17.545000076293945,17.885000228881836,557049000,0.0136460693894298,16.799458548358245,16.300840961584182,NVDA,Nvidia Corporation,0.9998340606689453,0.0001602012780494988,5.756808150181314e-06
2022-07-22,17.29307746887207,17.319000244140625,17.966999053955078,17.136999130249023,17.89299964904785,536671000,-0.0404986266611664,16.9228632784867,16.391044280428535,NVDA,Nvidia Corporation,6.540379217767622e-06,0.9999874830245972,5.965860964352032e-06
2022-07-25,16.998519897460938,17.02400016784668,17.124000549316406,16.64900016784668,17.018999099731445,480748000,-0.0170332650126239,16.94177743323026,16.446269336522388,NVDA,Nvidia Corporation,6.370241317199543e-05,0.9999362230300903,1.106415083995671e-07
2022-07-26,16.508255004882812,16.533000946044922,16.91900062561035,16.47800064086914,16.888999938964844,397865000,-0.0288416224198058,16.8333968261434,16.451904397282426,NVDA,Nvidia Corporation,4.953344756586375e-08,1.0,4.337411318999784e-09
2022-07-27,17.763370513916016,17.790000915527344,17.93600082397461,16.913000106811523,17.031999588012695,569776000,0.0760295687619294,17.065890248086554,16.57112858970366,NVDA,Nvidia Corporation,0.669276237487793,0.3306715786457062,5.2144096116535366e-05
2022-07-28,17.95707893371582,17.983999252319336,18.13999938964844,17.440000534057617,17.975000381469727,474646000,0.0109049360676258,17.28868741949387,16.69712407552295,NVDA,Nvidia Corporation,0.999967098236084,9.84347025223542e-06,2.300878259120509e-05
2022-07-29,18.13581275939941,18.163000106811523,18.24399948120117,17.691999435424805,17.812999725341797,435460000,0.0099533908796272,17.500468754470255,16.827913955875356,NVDA,Nvidia Corporation,0.9903302192687988,0.009642841294407845,2.687144478841219e-05
2022-08-01,18.413402557373047,18.44099998474121,18.84600067138672,17.989999771118164,18.18199920654297,476469000,0.0153061680585429,17.72870220519595,16.972049283284235,NVDA,Nvidia Corporation,0.999358594417572,0.000552742276340723,8.860802336130291e-05
2022-08-02,18.498273849487305,18.525999069213867,18.9379997253418,18.09199905395508,18.121999740600582,489527000,0.0046092128736019,17.921095116268788,17.110796971120877,NVDA,Nvidia Corporation,0.667715311050415,0.00019038138270843774,0.33209431171417236
2022-08-03,18.864721298217773,18.89299964904785,18.968000411987305,18.136999130249023,18.18400001525879,418146000,0.0198098185653481,18.157001661756038,17.270244637220593,NVDA,Nvidia Corporation,0.20852549374103546,0.791364848613739,0.00010962153464788571
2022-08-04,19.186241149902344,19.21500015258789,19.27400016784668,18.76000022888184,18.849000930786133,409652000,0.0170434456254038,18.414311533792613,17.44442613837348,NVDA,Nvidia Corporation,0.5947586297988892,0.4018239378929138,0.0034175110049545765
2022-08-05,18.960582733154297,18.98900032043457,19.22900009155273,18.666000366210938,18.809999465942383,386068000,-0.0117614708886943,18.550879333633038,17.582258556080827,NVDA,Nvidia Corporation,0.0027968010399490595,0.9971721172332764,3.10188224830199e-05
2022-08-08,17.766366958618164,17.792999267578125,18.23900032043457,17.242000579833984,17.50200080871582,981859000,-0.0629841282487556,18.35475123987932,17.59899568358422,NVDA,Nvidia Corporation,0.5520694255828857,0.10054341703653336,0.3473871350288391
2022-08-09,17.0604305267334,17.086000442504883,17.44700050354004,16.724000930786133,17.25200080871582,668263000,-0.0397344281770746,18.03117106159284,17.5500352147796,NVDA,Nvidia Corporation,0.39524349570274353,0.004462398122996092,0.6002941131591797
2022-08-10,18.06991195678711,18.097000122070312,18.118000030517575,17.316999435424805,17.697999954223633,597422000,0.0591709235280946,18.040856285391406,17.597296736780283,NVDA,Nvidia Corporation,0.4991476237773895,0.5008490681648254,3.34433411808277e-06
2022-08-11,17.915149688720703,17.941999435424805,18.707000732421875,17.875999450683594,18.131000518798828,509327000,-0.0085646387451421,18.00942963622373,17.626192459683956,NVDA,Nvidia Corporation,0.5958410501480103,0.4040745198726654,8.441045065410435e-05
2022-08-12,18.68099975585937,18.708999633789062,18.718000411987305,17.952999114990234,18.15999984741211,478094000,0.0427487394995558,18.17732216613264,17.722084032063538,NVDA,Nvidia Corporation,1.0079697077003402e-08,1.0,2.641177943019102e-09
2022-08-15,19.00351333618164,19.03199958801269,19.16399955749512,18.613000869750977,18.701000213623047,457666000,0.0172642569743146,18.38386995864489,17.838577605165185,NVDA,Nvidia Corporation,0.9999786615371704,1.7687758372630924e-05,3.673440915008541e-06
2022-08-16,18.850744247436523,18.878999710083008,19.142000198364254,18.500999450683597,18.920000076293945,451240000,-0.0080389918454842,18.5005885308428,17.93059275446258,NVDA,Nvidia Corporation,0.4981386065483093,0.5004734396934509,0.001387996831908822
2022-08-17,18.30755615234375,18.334999084472656,18.6879997253418,18.145000457763672,18.52300071716309,446799000,-0.0288152068673172,18.452330436218038,17.96486215426996,NVDA,Nvidia Corporation,0.9990838766098022,5.7238426961703226e-05,0.0008589581702835858
2022-08-18,18.744903564453125,18.77300071716309,18.864999771118164,18.183000564575195,18.301000595092773,415447000,0.0238889018539694,18.525473718276807,18.035775009741155,NVDA,Nvidia Corporation,0.46430131793022156,0.0026819852646440268,0.5330167412757874
2022-08-19,17.822284698486328,17.849000930786133,18.520000457763672,17.770000457763672,18.4060001373291,441588000,-0.0492197179246312,18.34967646332919,18.01636679962708,NVDA,Nvidia Corporation,0.3333379924297333,3.253638396927272e-06,0.6666586995124817
2022-08-22,17.008506774902344,17.034000396728516,17.558000564575195,16.965999603271484,17.489999771118164,409593000,-0.0456606959966866,18.014384041222478,17.924743161015737,NVDA,Nvidia Corporation,0.5975626707077026,0.4024266302585602,1.0677717909857165e-05
2022-08-23,17.15528678894043,17.180999755859375,17.46500015258789,16.969999313354492,16.98900032043457,369986000,0.0086298001335822,17.799609728151964,17.854792581736163,NVDA,Nvidia Corporation,0.5090643167495728,0.49088573455810547,4.993906622985378e-05
2022-08-24,17.196226119995117,17.222000122070312,17.4060001373291,16.895000457763672,17.011999130249023,522661000,0.0023863973571738,17.648763826112752,17.794922903396067,NVDA,Nvidia Corporation,0.01176699623465538,0.48800572752952576,0.5002273321151733
2022-08-25,17.88619041442871,17.913000106811523,17.94700050354004,16.83300018310547,16.8439998626709,770691000,0.0401230066189539,17.70812047319174,17.803219949853577,NVDA,Nvidia Corporation,0.2743319571018219,0.5256194472312927,0.20004859566688538
2022-08-26,16.23566436767578,16.260000228881836,17.923999786376953,16.23699951171875,17.85700035095215,769127000,-0.09227935119272,17.34000644681275,17.660714896928326,NVDA,Nvidia Corporation,0.0,1.0,0.0
2022-08-29,15.777350425720217,15.800999641418455,16.33799934387207,15.767000198364258,16.020000457763672,496132000,-0.0282288381661819,16.949342441539617,17.489499945000315,NVDA,Nvidia Corporation,0.02238461934030056,0.007277793250977993,0.9703375697135925
2022-08-30,15.444849014282228,15.468000411987305,16.038999557495117,15.182000160217283,15.960000038146973,530181000,-0.0210746039395781,16.57321908472527,17.303622587662307,NVDA,Nvidia Corporation,2.397110165475169e-06,0.9999974966049194,1.537069778123623e-07
2022-08-31,15.07140827178955,15.093999862670898,15.539999961853027,14.958999633789062,15.383999824523926,573710000,-0.0241789830478333,16.19776638149134,17.100694013492056,NVDA,Nvidia Corporation,0.5771411061286926,0.4223284423351288,0.0005304638762027025
2022-09-01,13.91614055633545,13.937000274658203,14.380000114440918,13.270000457763672,14.208999633789062,1178865000,-0.076652937444241,15.627359925202368,16.811189153750547,NVDA,Nvidia Corporation,0.7220371961593628,9.573698480380699e-05,0.27786707878112793
2022-09-02,13.626574516296388,13.647000312805176,14.17099952697754,13.590999603271484,14.100000381469728,743157000,-0.0208079272314647,15.127163572975872,16.521678732163803,NVDA,Nvidia Corporation,0.011037932708859444,0.500175952911377,0.48878616094589233
2022-09-06,13.44484806060791,13.46500015258789,13.779000282287598,13.35099983215332,13.730999946594238,535751000,-0.0133361803783588,14.70658469488388,16.241966852931448,NVDA,Nvidia Corporation,0.3228563666343689,0.20812812447547913,0.46901553869247437
2022-09-07,13.69754123687744,13.71399974822998,13.838000297546388,13.345999717712402,13.562999725341797,512657000,0.0187947959791303,14.454323830382272,16.010655433290175,NVDA,Nvidia Corporation,0.07106494158506393,0.9289243817329407,1.0585256859485526e-05
2022-09-08,13.973210334777832,13.989999771118164,14.008000373840332,13.369000434875488,13.458999633789062,624873000,0.0201254439123874,14.334045456481162,15.825433151607234,NVDA,Nvidia Corporation,0.00011387890117475763,0.5001477599143982,0.4997383654117584
2022-09-09,14.369736671447754,14.38700008392334,14.473999977111816,14.12600040435791,14.156999588012695,486612000,0.0283776116704554,14.34296826022281,15.693097107956373,NVDA,Nvidia Corporation,3.6804787669098005e-05,2.5155549110422726e-07,0.9999629259109497
2022-09-12,14.487592697143556,14.505000114440918,14.54699993133545,14.197999954223633,14.369000434875488,484159000,0.0082016830503217,14.379124369452995,15.58350579788248,NVDA,Nvidia Corporation,0.030018102377653122,6.947494694031775e-05,0.9699124693870544
2022-09-13,13.115242004394531,13.130999565124512,13.92199993133545,13.098999977111816,13.802000045776367,714956000,-0.0947259300725373,14.06315377818838,15.359118180292668,NVDA,Nvidia Corporation,0.49999576807022095,0.4999885857105255,1.5670553693780676e-05
2022-09-14,13.112247467041016,13.128000259399414,13.289999961853027,12.913000106811523,13.253999710083008,588507000,-0.000228324978869,13.825427200401538,15.154857206360695,NVDA,Nvidia Corporation,0.9999703168869019,1.7243672118638642e-05,1.2444942512956914e-05
2022-09-15,12.91348648071289,12.928999900817873,13.232999801635742,12.789999961853027,13.015000343322754,523625000,-0.0151584224464746,13.597442020479376,14.951096231301806,NVDA,Nvidia Corporation,0.9998226165771484,0.00017035052587743849,7.090160124789691e-06
2022-09-16,13.18216323852539,13.197999954223633,13.211999893188477,12.616999626159668,12.741999626159668,670751000,0.0208059038288215,13.49362232499088,14.790284141049405,NVDA,Nvidia Corporation,0.9862245321273804,0.0004856970044784248,0.013289796188473701
2022-09-19,13.365943908691406,13.381999969482422,13.463000297546388,13.010000228881836,13.01200008392334,569685000,0.0139416169289201,13.461702720916012,14.660798665380495,NVDA,Nvidia Corporation,0.7710123658180237,0.22495895624160767,0.004028682596981525
2022-09-20,13.16019058227539,13.175999641418455,13.482999801635742,13.057000160217283,13.21500015258789,524818000,-0.0153938493099781,13.386324686255858,14.524379748734576,NVDA,Nvidia Corporation,0.012296592816710472,0.9876934885978699,9.89839099929668e-06
2022-09-21,13.24508571624756,13.26099967956543,14.031000137329102,13.109999656677246,13.213000297546388,807679000,0.0064509046006147,13.351014943753782,14.408080291235756,NVDA,Nvidia Corporation,0.0009623356745578349,0.0008939620456658304,0.9981436729431152
2022-09-22,12.545926094055176,12.560999870300291,13.14900016784668,12.428000450134276,13.06999969482422,759162000,-0.0527863418305201,13.14974273132913,14.23879354603752,NVDA,Nvidia Corporation,0.9993044137954712,0.000687502499204129,8.120060556393582e-06
2022-09-23,12.500981330871582,12.515999794006348,12.611000061035156,12.256999969482422,12.420000076293944,663309000,-0.0035824189339749,12.987552381214744,14.08081061738607,NVDA,Nvidia Corporation,0.9999806880950928,1.785130734788254e-05,1.3885010048397817e-06
2022-09-26,12.21332550048828,12.227999687194824,12.659000396728516,12.21399974822998,12.491000175476074,547343000,-0.0230106599449857,12.79399566103313,13.911039243122634,NVDA,Nvidia Corporation,0.9998074769973755,0.00018530957459006459,7.194447789515834e-06
2022-09-27,12.398103713989258,12.413000106811523,12.736000061035156,12.258000373840332,12.506999969482422,553854000,0.0151292302406571,12.69502267427216,13.773499649565052,NVDA,Nvidia Corporation,1.7933233209532773e-07,7.992776431819948e-07,0.9999990463256836
2022-09-28,12.72071647644043,12.736000061035156,12.822999954223633,12.354000091552734,12.40999984741211,542414000,0.0260211375782535,12.701446124814227,13.677792088371906,NVDA,Nvidia Corporation,0.19975024461746216,0.7999826073646545,0.00026715389685705304
2022-09-29,12.205336570739746,12.220000267028809,12.5,11.946000099182127,12.447999954223633,532763000,-0.0405150061048211,12.57741873629561,13.54393249585989,NVDA,Nvidia Corporation,0.9997417330741882,4.249027188052423e-05,0.0002157447161152959
2022-09-30,12.124433517456056,12.138999938964844,12.633000373840332,12.074999809265137,12.086999893188477,565638000,-0.006628498346997,12.46417243158572,13.414887134186811,NVDA,Nvidia Corporation,0.7421277761459351,0.25779345631599426,7.875847222749144e-05
2022-10-03,12.496986389160156,12.51200008392334,12.678000450134276,12.104999542236328,12.347000122070312,547478000,0.0307274456301585,12.472375920979328,13.33144161191166,NVDA,Nvidia Corporation,0.5154927968978882,0.484474241733551,3.3012169296853244e-05
2022-10-04,13.151200294494627,13.166999816894531,13.220000267028809,12.878999710083008,12.878999710083008,584182000,0.0523497333646723,12.642082014358152,13.31505603760102,NVDA,Nvidia Corporation,0.801080584526062,0.0022061793133616447,0.19671319425106049
2022-10-05,13.19314956665039,13.208999633789062,13.321000099182127,12.621000289916992,12.91100025177002,507131000,0.0031897675661833,12.779848902431212,13.303973631150964,NVDA,Nvidia Corporation,0.5052485466003418,0.005428715143352747,0.4893227517604828
2022-10-06,13.11424446105957,13.130000114440918,13.656000137329102,13.102999687194824,13.220000267028809,644157000,-0.0059807633645173,12.8634477920883,13.286725524779015,NVDA,Nvidia Corporation,0.661745011806488,0.3334520757198334,0.004802878946065903
2022-10-07,12.061509132385254,12.076000213623049,12.670000076293944,12.022000312805176,12.505000114440918,672478000,-0.0802741882538661,12.66296312716254,13.175342216379583,NVDA,Nvidia Corporation,0.9999728202819824,2.865815304176067e-06,2.4326625862158835e-05
2022-10-10,11.655996322631836,11.670000076293944,12.12399959564209,11.407999992370604,12.036999702453612,698699000,-0.0336204039894653,12.411221426029863,13.037219862402516,NVDA,Nvidia Corporation,0.8001095652580261,0.19987480342388153,1.5502893802477047e-05
2022-10-11,11.572097778320312,11.586000442504885,11.845999717712402,11.282999992370604,11.560999870300291,667482000,-0.007197886992176,12.201440514102476,12.90402694566777,NVDA,Nvidia Corporation,0.5073269009590149,0.0003269694570917636,0.4923461079597473
2022-10-12,11.486199378967283,11.5,11.734999656677246,11.345000267028809,11.57900047302246,492590000,-0.0074228891769263,12.02263023031868,12.77513353051318,NVDA,Nvidia Corporation,0.08108795434236526,0.00036470184568315744,0.9185473322868347
2022-10-13,11.945648193359377,11.960000038146973,12.07800006866455,10.812999725341797,10.970999717712402,850103000,0.0400000730644987,12.003384721078852,12.699725772590106,NVDA,Nvidia Corporation,0.9966630339622498,0.0026492560282349586,0.0006876695551909506
2022-10-14,11.213526725769045,11.22700023651123,12.111000061035156,11.20400047302246,12.057000160217283,713432000,-0.0612877137966711,11.8059202222514,12.564616768333646,NVDA,Nvidia Corporation,0.977773129940033,0.0022193226031959057,0.020007582381367683
2022-10-17,11.873734474182127,11.887999534606934,11.947999954223633,11.517000198364258,11.517999649047852,580774000,0.0588760132792038,11.822873785234082,12.501809287047143,NVDA,Nvidia Corporation,0.007928436622023582,0.9920673370361328,4.31251328336657e-06
2022-10-18,11.95263957977295,11.967000007629396,12.491999626159668,11.618000030517578,12.343999862670898,659362000,0.0066453486695687,11.8553152338688,12.451884768204035,NVDA,Nvidia Corporation,0.6780495047569275,0.3219337463378906,1.6754363969084807e-05
2022-10-19,12.036537170410156,12.050999641418455,12.350000381469728,11.833999633789062,11.878999710083008,523131000,0.0070191684503884,11.900620718004138,12.41412589567732,NVDA,Nvidia Corporation,0.5000820755958557,0.4998977780342102,2.0163639419479296e-05
2022-10-20,12.179367065429688,12.194000244140623,12.769000053405762,12.104999542236328,12.11299991607666,652398000,0.0118663609805198,11.970307304860526,12.392784183836628,NVDA,Nvidia Corporation,0.5389211177825928,0.4609844982624054,9.43478662520647e-05
2022-10-21,12.451042175292969,12.465999603271484,12.498000144958496,11.88700008392334,12.097999572753906,609494000,0.0223061763722034,12.090491022468637,12.398080364878112,NVDA,Nvidia Corporation,0.999992847442627,3.5014909371966496e-07,6.826837761764182e-06
2022-10-24,12.583881378173828,12.598999977111816,12.710000038146973,12.064000129699709,12.508000373840332,517457000,0.0106689224091183,12.213838611394934,12.414971366086814,NVDA,Nvidia Corporation,0.007378780283033848,0.992615818977356,5.387033070292091e-06
2022-10-25,13.24508571624756,13.26099967956543,13.300000190734863,12.663999557495115,12.694000244140623,505482000,0.0525437516615945,12.47165038760809,12.490436307010516,NVDA,Nvidia Corporation,0.42483240365982056,0.5017114877700806,0.07345615327358246
2022-10-26,12.880525588989258,12.895999908447266,13.387999534606934,12.708000183105469,12.869000434875488,532953000,-0.0275241802936088,12.57386918795338,12.525898969008583,NVDA,Nvidia Corporation,0.15879470109939575,0.4480930268764496,0.39311230182647705
2022-10-27,13.16019058227539,13.175999641418455,13.838000297546388,13.121999740600586,13.630000114440918,583113000,0.0217122345943088,12.720449536533884,12.583561842941933,NVDA,Nvidia Corporation,0.7362889051437378,0.05684864521026611,0.2068624347448349
2022-10-28,13.81739902496338,13.833999633789062,13.850000381469728,13.060999870300291,13.104000091552734,521040000,0.0499391280528369,12.994686908641258,12.695728859489336,NVDA,Nvidia Corporation,0.9828509092330933,0.016438931226730347,0.0007101367227733135
2022-10-31,13.48080348968506,13.496999740600586,13.838000297546388,13.29699993133545,13.777999877929688,486341000,-0.0243602674186513,13.116216053902209,12.76709928041622,NVDA,Nvidia Corporation,0.3449240028858185,0.15507079660892487,0.5000052452087402
2022-11-01,13.52674961090088,13.54300022125244,13.925000190734863,13.519000053405762,13.810999870300291,432817000,0.0034082628124485,13.218849443151877,12.83615840136937,NVDA,Nvidia Corporation,0.0,1.0,0.0
2022-11-02,13.203137397766112,13.218999862670898,14.210000038146973,13.211000442504885,13.850000381469728,672628000,-0.0239238710291476,13.214921431805436,12.86952012831453,NVDA,Nvidia Corporation,0.9999884366989136,4.5286066097105504e-07,1.1129719496238977e-05
2022-11-03,13.40489387512207,13.42099952697754,13.781000137329102,12.956000328063965,13.04300022125244,500065000,0.0152809496165731,13.262414542634597,12.918190468933396,NVDA,Nvidia Corporation,0.9999668002128601,2.2614347471971996e-05,1.060105387296062e-05
2022-11-04,14.139013290405272,14.156000137329102,14.229000091552734,13.696999549865724,13.986000061035156,612576000,0.0547650300048734,13.481564229577264,13.029174361794476,NVDA,Nvidia Corporation,0.7688209414482117,0.22005021572113037,0.011128745973110199
2022-11-07,14.283838272094728,14.300999641418455,14.411999702453612,13.95400047302246,14.227999687194824,410061000,0.0102429341224066,13.68213274020663,13.143234717276314,NVDA,Nvidia Corporation,0.8888397216796875,0.11012199521064758,0.001038262853398919
2022-11-08,14.584477424621582,14.60200023651123,14.890999794006348,14.215999603271484,14.800999641418455,595292000,0.0210475046552571,13.907718911310369,13.27425678158043,NVDA,Nvidia Corporation,0.4713197648525238,0.5286177396774292,6.24584499746561e-05
2022-11-09,13.759469985961914,13.776000022888184,14.211000442504885,13.758999824523926,14.161999702453612,454414000,-0.0565675008188423,13.870656679973257,13.318367072887836,NVDA,Nvidia Corporation,1.931595221549287e-07,0.9999997615814209,1.5282353160728235e-08
2022-11-10,15.73110008239746,15.75,15.77299976348877,14.54699993133545,14.800000190734863,700819000,0.1432925903720929,14.335767530579307,13.53770643738871,NVDA,Nvidia Corporation,0.4491073489189148,0.46145591139793396,0.08943673968315125
2022-11-11,16.307405471801758,16.32699966430664,16.388999938964844,15.482000350952148,15.807000160217283,655487000,0.0366347799191209,14.82867701588492,13.789497258698988,NVDA,Nvidia Corporation,0.0,1.0,0.0
2022-11-14,16.275447845458984,16.295000076293945,16.540000915527344,15.92199993133545,16.218000411987305,527852000,-0.0019597002354564,15.190369723278437,14.015492766586258,NVDA,Nvidia Corporation,0.9941627383232117,0.0051545919850468636,0.0006826833123341203
2022-11-15,16.64600372314453,16.666000366210938,16.99799919128418,16.381999969482422,16.722000122070312,545876000,0.0227677837933617,15.55427822324496,14.254630126273373,NVDA,Nvidia Corporation,0.983205258846283,0.016699129715561867,9.563938510837033e-05
2022-11-16,15.890907287597656,15.90999984741211,16.36199951171875,15.873000144958496,16.16200065612793,649547000,-0.0453620249103388,15.638435489333132,14.40338259548467,NVDA,Nvidia Corporation,4.363537797757999e-08,3.1702316505288763e-07,0.9999996423721313
2022-11-17,15.658188819885254,15.677000045776367,16.266000747680664,15.53499984741211,15.71500015258789,710894000,-0.0146447564950574,15.643373821971164,14.517455888611996,NVDA,Nvidia Corporation,0.04359157010912895,0.33370497822761536,0.6227034330368042
2022-11-18,15.390509605407717,15.409000396728516,16.00200080871582,15.119999885559082,15.965999603271484,492072000,-0.0170951581665433,15.5801577678303,14.596824408320696,NVDA,Nvidia Corporation,0.00018966133939102292,0.4999736249446869,0.49983668327331543
2022-11-21,15.298619270324709,15.31700038909912,15.47700023651123,15.079999923706056,15.147000312805176,404739000,-0.0059705843041558,15.509773143453902,14.660623941230153,NVDA,Nvidia Corporation,0.35871419310569763,0.500023365020752,0.1412624716758728
2022-11-22,16.018756866455078,16.038000106811523,16.058000564575195,15.121999740600586,15.32800006866455,472866000,0.0470720647011098,15.637019074204195,14.784090570796057,NVDA,Nvidia Corporation,0.9975802302360535,1.8447706224833382e-06,0.0024179911706596613
2022-11-23,16.499177932739258,16.518999099731445,16.527000427246094,16.04800033569336,16.097999572753906,427241000,0.0299911578838074,15.852558788837962,14.940007603699982,NVDA,Nvidia Corporation,0.0,1.0,0.0
2022-11-25,16.25047492980957,16.270000457763672,16.48699951171875,16.172000885009766,16.31800079345703,167934000,-0.0150736602722604,15.952037824080865,15.059140996982672,NVDA,Nvidia Corporation,0.9013868570327759,0.09812836349010468,0.0004848762764595449
2022-11-28,15.808008193969728,15.82699966430664,16.35700035095215,15.725000381469728,16.025999069213867,303741000,-0.0272279264299033,15.91603041655308,15.127219833072404,NVDA,Nvidia Corporation,0.0,1.0,0.0
2022-11-29,15.620233535766602,15.638999938964844,15.932000160217283,15.520000457763672,15.82699966430664,298384000,-0.0118784514721314,15.84208119635646,15.172039260590058,NVDA,Nvidia Corporation,0.012298427522182465,2.7892056095879525e-05,0.9876736998558044
2022-11-30,16.907014846801758,16.92300033569336,16.93000030517578,15.597000122070312,15.696999549865724,565298000,0.0823791339667703,16.108314608967785,15.329764313882029,NVDA,Nvidia Corporation,0.0005883233388885856,0.7500847578048706,0.2493269145488739
2022-12-01,17.118816375732422,17.135000228881836,17.264999389648438,16.635000228881836,16.999000549316406,470977000,0.0125274349641166,16.360940050658943,15.492405410413882,NVDA,Nvidia Corporation,0.39985641837120056,0.5999516844749451,0.00019186815188731998
2022-12-02,16.86005973815918,16.875999450683594,16.933000564575195,16.44499969482422,16.659000396728516,371389000,-0.0151153346057297,16.485719972534003,15.61673762202709,NVDA,Nvidia Corporation,0.3307211697101593,0.669006884098053,0.0002719091426115483
2022-12-05,16.594314575195312,16.610000610351562,16.9950008392334,16.472000122070312,16.679000854492188,352255000,-0.0157618162148268,16.51286862319933,15.70560825413329,NVDA,Nvidia Corporation,0.9998034834861755,8.442858961643651e-05,0.00011219885345781222
2022-12-06,15.97189998626709,15.987000465393066,16.572999954223633,15.819000244140623,16.530000686645508,352694000,-0.0375077009723914,16.377626463966273,15.72981659341818,NVDA,Nvidia Corporation,0.022101713344454765,0.9776679277420044,0.0002303972141817212
2022-12-07,16.104774475097656,16.1200008392334,16.18600082397461,15.666999816894531,15.772000312805176,372388000,0.0083192662704383,16.30941346674912,15.76390367357086,NVDA,Nvidia Corporation,0.7757501006126404,0.2242058962583542,4.389543391880579e-05
2022-12-08,17.15278434753418,17.16900062561035,17.179000854492188,15.958999633789062,16.273000717163086,515456000,0.0650744829775189,16.520256186945385,15.89016555302207,NVDA,Nvidia Corporation,0.0,1.0,0.0
2022-12-09,16.984941482543945,17.000999450683594,17.58300018310547,16.975000381469727,17.15999984741211,465338000,-0.0097851673284963,16.636427510845024,15.98969063752406,NVDA,Nvidia Corporation,0.0,1.0,0.0
2022-12-12,17.5184383392334,17.53499984741211,17.538000106811523,16.797000885009766,17.03700065612793,457328000,0.0314099908579459,16.856930217942118,16.128667701315816,NVDA,Nvidia Corporation,0.999951958656311,1.8894264940172434e-05,2.9208034902694635e-05
2022-12-13,18.054935455322266,18.07200050354004,18.790000915527344,17.711000442504883,18.5310001373291,656589000,0.0306247112727711,17.156431527287154,16.303782951680038,NVDA,Nvidia Corporation,0.999981164932251,4.688468834501691e-06,1.4218364412954543e-05
2022-12-14,17.65730857849121,17.673999786376953,18.25200080871582,17.420000076293945,17.98699951171875,496888000,-0.0220231680038403,17.281650790088168,16.4268307359356,NVDA,Nvidia Corporation,0.6666126251220703,0.3333851099014282,2.257488404211472e-06
2022-12-15,16.93598747253418,16.95199966430664,17.31999969482422,16.700000762939453,17.145999908447266,478542000,-0.0408511355369124,17.195234960699672,16.473117711990017,NVDA,Nvidia Corporation,0.9886101484298706,0.011380591429769993,9.26115990296239e-06
2022-12-16,16.555349349975586,16.570999145507812,17.041000366210938,16.40999984741211,16.86400032043457,478232000,-0.0224751065254323,17.03526355801865,16.48059331544325,NVDA,Nvidia Corporation,0.9999617338180542,1.5017672922112979e-05,2.328536174900364e-05
2022-12-19,16.2386474609375,16.253999710083008,16.608999252319336,16.145000457763672,16.57200050354004,354039000,-0.0191298825740909,16.836109533748363,16.45859823776091,NVDA,Nvidia Corporation,0.0,1.0,0.0
2022-12-20,16.069805145263672,16.084999084472656,16.309999465942383,15.85200023651123,16.06399917602539,403260000,-0.0103975602697197,16.644533436627192,16.42325341117025,NVDA,Nvidia Corporation,0.9981074333190918,0.0003427979245316237,0.0015497537096962333
2022-12-21,16.485414505004883,16.500999450683594,16.62700080871582,16.101999282836914,16.11400032043457,325025000,0.0258627504182094,16.604753703721613,16.42890441970067,NVDA,Nvidia Corporation,0.00016504261293448508,0.9998348951339722,4.0912798482395374e-08
2022-12-22,15.32451343536377,15.33899974822998,16.13800048828125,14.881999969482422,16.0939998626709,565045000,-0.0704198896114302,16.284693636632152,16.328505239306406,NVDA,Nvidia Corporation,0.9869864583015442,1.679331717241439e-06,0.013011873699724674
2022-12-23,15.191638946533203,15.206000328063965,15.33899974822998,14.883000373840332,15.196000099182127,349326000,-0.0086707150208069,16.011429964107414,16.225153758145204,NVDA,Nvidia Corporation,0.9998015761375427,1.067962671186251e-06,0.00019738872651942074
2022-12-27,14.107664108276367,14.121000289916992,15.100000381469728,14.055999755859377,15.074000358581545,464902000,-0.0713533834020063,15.535488500149652,16.032654699066217,NVDA,Nvidia Corporation,0.0003385110176168382,8.155162504408509e-06,0.9996533393859863
2022-12-28,14.022743225097656,14.03600025177002,14.26200008392334,13.883999824523926,13.927000045776367,351066000,-0.0060194857580208,15.157302181386653,15.849935474159984,NVDA,Nvidia Corporation,0.9965208768844604,0.0027325379196554422,0.0007466789102181792
2022-12-29,14.589208602905272,14.602999687194824,14.68299961090088,14.22700023651123,14.402000427246094,354923000,0.0403961884429122,15.015278786766308,15.735323940409556,NVDA,Nvidia Corporation,0.9976614117622375,0.0023206311743706465,1.7938124074134976e-05
2022-12-30,14.60019874572754,14.61400032043457,14.628999710083008,14.232999801635742,14.333999633789062,310490000,0.0007533063047764,14.911508776506617,15.63213074089301,NVDA,Nvidia Corporation,0.9999594688415527,2.711891102080699e-05,1.3496207429852802e-05
2023-01-03,14.301481246948242,14.3149995803833,14.996000289916992,14.095999717712402,14.85099983215332,401277000,,14.301481246948242,14.301481246948242,NVDA,Nvidia Corporation,0.9997440576553345,0.00023504187993239611,2.092188151436858e-05
2023-01-04,14.73507022857666,14.74899959564209,14.852999687194824,14.241000175476074,14.56700038909912,431324000,0.0303177673795811,14.409878492355348,14.34089842709628,NVDA,Nvidia Corporation,0.9991899132728577,0.0006404851446859539,0.00016958413471002132
2023-01-05,14.251526832580566,14.265000343322754,14.564000129699709,14.14799976348877,14.491000175476074,389168000,-0.0328158188929651,14.370290577411652,14.332773736685764,NVDA,Nvidia Corporation,0.9997555613517761,0.0001713100355118513,7.315866969292983e-05
2023-01-06,14.844966888427734,14.859000205993652,15.010000228881836,14.034000396728516,14.473999977111816,405044000,0.0416404545855746,14.488959655165672,14.379336750480489,NVDA,Nvidia Corporation,0.0,1.0,0.0
2023-01-09,15.613241195678713,15.628000259399414,16.055999755859375,15.140999794006348,15.284000396728516,504231000,0.0517531842964147,14.770030040293932,14.491509881862145,NVDA,Nvidia Corporation,0.0436781570315361,0.502212643623352,0.45410919189453125
2023-01-10,15.893976211547852,15.909000396728516,15.961999893188477,15.472000122070312,15.506999969482422,384101000,0.0179805725378046,15.051016583107412,14.61900682092448,NVDA,Nvidia Corporation,0.9999982118606567,6.312775440164842e-07,1.2039947705488885e-06
2023-01-11,15.98588752746582,16.000999450683594,16.027999877929688,15.562999725341797,15.84000015258789,353285000,0.0057827767384721,15.284734319197014,14.743268703337328,NVDA,Nvidia Corporation,0.4998868405818939,0.5000355839729309,7.760329026496038e-05
2023-01-12,16.495403289794922,16.51099967956543,16.636999130249023,15.491999626159668,16.100000381469727,551409000,0.0318728479387639,15.587401561846493,14.902553665742564,NVDA,Nvidia Corporation,0.9987395405769348,0.0012566855875775218,3.7807412809343077e-06
2023-01-13,16.883041381835938,16.89900016784668,16.922000885009766,16.165000915527344,16.277999877929688,447287000,0.0234997644635237,15.911311516843853,15.082598003569236,NVDA,Nvidia Corporation,0.8752129077911377,0.12473893910646439,4.812778206542134e-05
2023-01-17,17.685279846191406,17.70199966430664,17.72800064086914,16.89900016784668,16.89900016784668,511102000,0.0475174138481102,16.35480359918074,15.319205443807617,NVDA,Nvidia Corporation,0.9997710585594177,1.5123555385798682e-06,0.00022745211026631296
2023-01-18,17.36058807373047,17.37700080871582,17.87299919128418,17.281999588012695,17.66699981689453,439624000,-0.0183594365079193,16.606249717818173,15.50478568289151,NVDA,Nvidia Corporation,0.9999388456344604,5.173994395590853e-06,5.599570067715831e-05
2023-01-19,16.749164581298828,16.764999389648438,17.19700050354004,16.731000900268555,17.035999298095703,452932000,-0.0352190542068576,16.641978433688337,15.617911037292176,NVDA,Nvidia Corporation,0.9996041059494019,0.0003704217087943107,2.5525367163936608e-05
2023-01-20,17.822154998779297,17.839000701904297,17.856000900268555,16.825000762939453,17.01099967956543,564967000,0.0640623245578773,16.937022574961077,15.818296851972825,NVDA,Nvidia Corporation,0.9998375177383423,2.143103529306245e-06,0.00016028512618504465
2023-01-23,19.17487525939941,19.19300079345703,19.2450008392334,17.81800079345703,18.06399917602539,655163000,0.0759010490433267,17.49648574607066,16.123440343557057,NVDA,Nvidia Corporation,0.9999402165412903,3.8607762689935043e-05,2.1191546693444252e-05
2023-01-24,19.246803283691406,19.26499938964844,19.4950008392334,18.81999969482422,18.82699966430664,496204000,0.0037511599590058,17.934065130475847,16.407382429023816,NVDA,Nvidia Corporation,0.010858726687729359,0.39256495237350464,0.5965763330459595
2023-01-25,19.304746627807617,19.322999954223636,19.3700008392334,18.57999992370605,18.913000106811523,449537000,0.0030105437906828,18.27673550480879,16.670779174367798,NVDA,Nvidia Corporation,0.7316315174102783,0.26824653148651123,0.0001218817851622589
2023-01-26,19.783300399780277,19.802000045776367,20.166000366210938,19.277999877929688,19.701000213623047,489535000,0.0247894355310169,18.653376728551663,16.953735649405296,NVDA,Nvidia Corporation,0.8515523076057434,0.14419236779212952,0.004255344159901142
2023-01-27,20.34575843811035,20.364999771118164,20.62800025939941,19.405000686645508,19.46199989318848,542142000,0.0284309506990212,19.07647215594133,17.26210135746939,NVDA,Nvidia Corporation,0.5932323336601257,0.015287891961634159,0.3914797902107239
2023-01-30,19.14390182495117,19.16200065612793,20.13999938964844,19.149999618530277,19.950000762939453,488611000,-0.0590716053577015,19.093329573193795,17.433174127240463,NVDA,Nvidia Corporation,0.0,1.0,0.0
2023-01-31,19.51854705810547,19.53700065612793,19.687000274658203,18.950000762939453,19.170000076293945,498017000,0.0195699516524894,19.199633944421716,17.622753484591826,NVDA,Nvidia Corporation,0.4004489779472351,0.5995439291000366,7.084605840645963e-06
2023-02-01,20.923219680786133,20.94300079345703,21.191999435424805,19.61100006103516,19.69099998474121,660477000,0.0719660443217953,19.630530378512816,17.922795866064035,NVDA,Nvidia Corporation,0.8120414018630981,0.18793539702892303,2.3165204765973613e-05
2023-02-02,21.688495635986328,21.708999633789062,21.948999404907227,20.700000762939453,21.0,564276000,0.0365754394818571,20.145021692881198,18.265132208784244,NVDA,Nvidia Corporation,0.9998986721038818,5.054970097262412e-05,5.076482557342388e-05
2023-02-03,21.08007431030273,21.100000381469727,21.7450008392334,20.78899955749512,21.0,429366000,-0.0280527214010214,20.37878484723658,18.521036036195017,NVDA,Nvidia Corporation,0.20667143166065216,0.7924845218658447,0.0008440775563940406
2023-02-06,21.06908226013184,21.089000701904297,21.56999969482422,20.785999298095703,20.80599975585937,452197000,-0.0005214426670937,20.5513592004604,18.75267660200745,NVDA,Nvidia Corporation,0.0,1.0,0.0
2023-02-07,22.15205764770508,22.17300033569336,22.25900077819824,21.149999618530277,21.381999969482425,664150000,0.0514011656607611,20.951533812271567,19.06171124252542,NVDA,Nvidia Corporation,4.3833210838784e-08,0.9999998807907104,1.573092163198453e-07
2023-02-08,22.18402862548828,22.20499992370605,22.87800025939941,22.007999420166016,22.386999130249023,559651000,0.0014432509291757,21.259657515575743,19.345558277340224,NVDA,Nvidia Corporation,0.9959779977798462,0.0032460265792906284,0.0007759277359582484
2023-02-09,22.31590461730957,22.33699989318848,23.020000457763672,22.1200008392334,22.606000900268555,523876000,0.0059446367496014,21.5237192910092,19.615589762791984,NVDA,Nvidia Corporation,0.49990609288215637,0.49999821186065674,9.56776857492514e-05
2023-02-10,21.24491500854492,21.26499938964844,22.077999114990234,20.81100082397461,21.690000534057617,550737000,-0.0479922112560887,21.45401822039313,19.763710239678613,NVDA,Nvidia Corporation,0.9999828338623047,6.735976398886123e-08,1.700537177384831e-05
2023-02-13,21.76742172241211,21.788000106811523,22.04800033569336,20.96199989318848,21.538000106811523,474919000,0.0245944365349086,21.53236909589788,19.945865829018015,NVDA,Nvidia Corporation,0.9998823404312134,8.805727702565491e-05,2.970476634800434e-05
2023-02-14,22.94930458068848,22.97100067138672,23.048999786376957,21.36599922180176,21.577999114990234,675474000,0.0542959507721338,21.886602967095527,20.21890571553352,NVDA,Nvidia Corporation,1.4461478681226936e-09,1.0,5.91398319205183e-10
2023-02-15,22.74250221252441,22.763999938964844,22.854999542236328,22.106000900268555,22.548999786376957,420575000,-0.0090112694891018,22.10057777845275,20.448323578896325,NVDA,Nvidia Corporation,0.4732164442539215,0.48023778200149536,0.04654578119516373
2023-02-16,21.981220245361328,22.00200080871582,22.549999237060547,21.927000045776367,22.132999420166016,412026000,-0.0334739757327073,22.07073839517989,20.58767782130224,NVDA,Nvidia Corporation,0.6385579705238342,0.36134305596351624,9.8935175628867e-05
2023-02-17,21.367795944213867,21.38800048828125,21.739999771118164,20.975000381469727,21.631000518798828,465888000,-0.0279067446802417,21.89500278243839,20.65859765065784,NVDA,Nvidia Corporation,1.7411289263691287e-06,0.9999969601631165,1.2589279094754602e-06
2023-02-21,20.6354923248291,20.655000686645508,21.49399948120117,20.618000030517575,21.0,410015000,-0.034271368993631,21.58012516803607,20.65649716649159,NVDA,Nvidia Corporation,0.995681881904602,0.0005057974485680461,0.003812358481809497
2023-02-22,20.73440170288086,20.753999710083008,21.10400009155273,20.42099952697754,20.707000732421875,513184000,0.0047931678340791,21.36869430174727,20.663579397072432,NVDA,Nvidia Corporation,0.0038703165482729673,0.3832128345966339,0.612916886806488
2023-02-23,23.641645431518555,23.66399955749512,23.88800048828125,23.024999618530277,23.440000534057617,1117995000,0.1402135335418797,21.93693208419009,20.93431267293117,NVDA,Nvidia Corporation,0.40943241119384766,0.18669745326042175,0.403870165348053
2023-02-24,23.26400756835937,23.285999298095703,23.474000930786133,22.94700050354004,23.225000381469727,589716000,-0.0159734170894771,22.26870095523241,21.1461031179701,NVDA,Nvidia Corporation,0.04551258310675621,0.954472005367279,1.5425739547936246e-05
2023-02-27,23.47880172729492,23.500999450683597,23.8799991607666,23.45400047302246,23.670000076293945,452994000,0.0092328958501406,22.57122614824804,21.35816662790872,NVDA,Nvidia Corporation,0.7997691631317139,0.20021164417266846,1.9236238586017862e-05
2023-02-28,23.194074630737305,23.215999603271484,23.825000762939453,23.20599937438965,23.371999740600582,455963000,-0.0121269858600412,22.72693826887036,21.52506735543859,NVDA,Nvidia Corporation,0.9986496567726135,7.887708306952845e-06,0.0013425276847556233
2023-03-01,22.676563262939453,22.697999954223636,23.256000518798828,22.507999420166016,23.191999435424805,460026000,-0.0223122231016724,22.71434451738763,21.62974880157503,NVDA,Nvidia Corporation,0.3333273231983185,0.6666553616523743,1.732797136355657e-05
2023-03-02,23.291980743408203,23.31399917602539,23.3799991607666,22.43199920654297,22.488000869750977,389415000,0.0271389219491884,22.858753573892773,21.780860796287136,NVDA,Nvidia Corporation,2.1865776943741366e-05,8.64137120970554e-07,0.9999772310256958
2023-03-03,23.867435455322266,23.88999938964844,23.899999618530277,23.1299991607666,23.31999969482422,412393000,0.0247061303310118,23.110924044250147,21.970549401653965,NVDA,Nvidia Corporation,0.0,1.0,0.0
2023-03-06,23.531753540039062,23.554000854492188,24.24799919128418,23.48699951171875,23.891000747680664,437429000,-0.0140644316776962,23.216131418197374,22.112477050598063,NVDA,Nvidia Corporation,0.07849647849798203,0.9200136661529541,0.0014899616362527013
2023-03-07,23.269954681396484,23.288000106811523,24.125,23.24099922180176,23.600000381469727,515154000,-0.0111253442373994,23.229587233997155,22.21770228976156,NVDA,Nvidia Corporation,0.793674886226654,0.20441675186157227,0.0019083775114268064
2023-03-08,24.162267684936523,24.18099975585937,24.200000762939453,23.423999786376957,23.48699951171875,513573000,0.0383461427302826,23.462757346732,22.39448096205019,NVDA,Nvidia Corporation,0.9986166954040527,0.001197420060634613,0.00018587254453450441
2023-03-09,23.417842864990234,23.43600082397461,24.45400047302246,23.382999420166016,24.174999237060547,501257000,-0.030809393789242,23.45152872629656,22.487513862317464,NVDA,Nvidia Corporation,0.5889018177986145,0.41061320900917053,0.0004849300312343985
2023-03-10,22.947206497192383,22.96500015258789,23.62700080871582,22.72599983215332,23.40900039672852,474866000,-0.0200973407547052,23.325448169020515,22.529304101851547,NVDA,Nvidia Corporation,0.3355315625667572,0.6644614934921265,6.968433353904402e-06
2023-03-13,22.948204040527344,22.965999603271484,23.29800033569336,22.29700088500977,22.75200080871582,421890000,4.347123189418767e-05,23.23113713689722,22.56738591445844,NVDA,Nvidia Corporation,0.5950654149055481,0.4047141969203949,0.00022039243776816875
2023-03-14,24.04435539245605,24.0629997253418,24.2189998626709,23.459999084472656,23.496000289916992,474910000,0.0477663241094103,23.43444170078693,22.701655867003677,NVDA,Nvidia Corporation,0.8416519165039062,0.15830804407596588,3.99875825678464e-05
2023-03-15,24.209228515625,24.22800064086914,24.285999298095703,23.36000061035156,23.76099967956543,524486000,0.0068570406849282,23.628138404496447,22.83870792596925,NVDA,Nvidia Corporation,0.5834671854972839,0.41640108823776245,0.00013174198102205992
2023-03-16,25.521211624145508,25.541000366210938,25.58799934387207,23.893999099731445,24.027000427246094,583253000,0.0541935116880627,24.101406709408717,23.082571898530723,NVDA,Nvidia Corporation,0.00042995743569917977,0.9995224475860596,4.757324859383516e-05
2023-03-17,25.70507049560547,25.725000381469727,26.39900016784668,25.667999267578125,25.98200035095215,848547000,0.0072041591977558,24.502322655957904,23.320980861901155,NVDA,Nvidia Corporation,2.337159912713105e-06,0.9999974966049194,5.331482810788657e-08
2023-03-20,25.87993049621582,25.899999618530277,26.02400016784668,25.1299991607666,25.614999771118164,432747000,0.0068025489617018,24.846724616022385,23.55361264683885,NVDA,Nvidia Corporation,4.342960528447293e-05,0.9999223947525024,3.4164509997935966e-05
2023-03-21,26.1787052154541,26.198999404907227,26.392000198364254,25.381000518798828,26.18000030517578,547408000,0.0115446492131023,25.179719765880314,23.79225742580387,NVDA,Nvidia Corporation,0.4574413299560547,0.5425122976303101,4.635772347683087e-05
2023-03-22,26.447494506835938,26.468000411987305,27.589000701904297,26.23699951171875,26.424999237060547,797295000,0.0102674784398106,25.49666345111922,24.0336426149886,NVDA,Nvidia Corporation,0.0,1.0,0.0
2023-03-23,27.16993522644043,27.19099998474121,27.499000549316406,26.690000534057617,27.114999771118164,564889000,0.0273160362853184,25.91498139494952,24.318760125120587,NVDA,Nvidia Corporation,0.0,1.0,0.0
2023-03-24,26.75825309753418,26.77899932861328,27.16699981689453,26.354999542236328,27.0310001373291,454920000,-0.015152120366692,26.12579932059569,24.54053221352182,NVDA,Nvidia Corporation,0.9999985694885254,5.60129819859867e-07,8.741793635635986e-07
2023-03-27,26.510446548461918,26.5310001373291,27.0,26.364999771118164,26.83699989318848,361026000,-0.0092609389771823,26.22196112756224,24.71961533488001,NVDA,Nvidia Corporation,3.3849739793367917e-06,0.999996542930603,1.2677494964918878e-07
2023-03-28,26.389537811279297,26.40999984741211,26.51300048828125,25.850000381469727,26.44700050354004,356104000,-0.0045607959474236,26.263855298491507,24.871426469098125,NVDA,Nvidia Corporation,0.3333090841770172,0.6666860580444336,4.862051810050616e-06
2023-03-29,26.963090896606445,26.983999252319336,27.077999114990234,26.597000122070312,26.825000762939453,393694000,0.0217341087755618,26.43866419802024,25.061577780689788,NVDA,Nvidia Corporation,0.9999970197677612,1.418645524609019e-06,1.5035213891678723e-06
2023-03-30,27.36178398132324,27.382999420166016,27.499000549316406,27.101999282836918,27.22900009155273,364516000,0.0147866239165843,26.669444143845997,25.27068743529283,NVDA,Nvidia Corporation,1.603703640284948e-05,0.9999805688858032,3.305096015537856e-06
2023-03-31,27.75547790527344,27.777000427246094,27.833999633789062,27.104999542236328,27.13999938964844,433933000,0.0143884596201375,26.94095258420285,25.496577478018335,NVDA,Nvidia Corporation,0.9991389513015747,0.00037336235982365906,0.0004877487081103027
2023-04-03,27.943336486816406,27.96500015258789,28.0,27.336000442504883,27.50900077819824,398716000,0.0067683425298641,27.191548559856244,25.7190101151818,NVDA,Nvidia Corporation,0.0,1.0,0.0
2023-04-04,27.43172836303711,27.452999114990234,28.0,27.30699920654297,27.965999603271484,368592000,-0.0183087701077024,27.25159351065146,25.87471177407773,NVDA,Nvidia Corporation,0.6421679854393005,0.35749584436416626,0.00033613131381571293
2023-04-05,26.86017417907715,26.881000518798828,26.99799919128418,26.395000457763672,26.82900047302246,515015000,-0.0208355148605985,27.15373867775788,25.96429926544132,NVDA,Nvidia Corporation,0.01113054621964693,0.2277299463748932,0.761139452457428
2023-04-06,27.01605033874512,27.03700065612793,27.07999992370605,26.427000045776367,26.583999633789062,397654000,0.0058032445593516,27.11931659300469,26.059912999378025,NVDA,Nvidia Corporation,0.9996007680892944,0.00015039194840937853,0.0002488772734068334
2023-04-10,27.55763435363769,27.57900047302246,27.621000289916992,26.66900062561035,26.822999954223636,395279000,0.0200467502873973,27.22889603316294,26.196069486128906,NVDA,Nvidia Corporation,0.4983527958393097,0.0013794034020975232,0.5002678632736206
2023-04-11,27.147951126098636,27.16900062561035,27.790000915527344,27.125999450683597,27.724000930786133,314378000,-0.0148664149571671,27.208659806396863,26.282604180671605,NVDA,Nvidia Corporation,0.6330482363700867,0.3668716251850128,8.011729369172826e-05
2023-04-12,26.47447395324707,26.4950008392334,27.468000411987305,26.447999954223636,27.3700008392334,446259000,-0.0248076611646805,27.02511334310941,26.30004688726937,NVDA,Nvidia Corporation,0.5000205039978027,0.4999707341194153,8.73236967890989e-06
2023-04-13,26.442493438720703,26.46299934387207,26.886999130249023,26.32900047302246,26.733999252319336,353615000,-0.0012079754477026,26.87945836701224,26.31299657376495,NVDA,Nvidia Corporation,0.0,1.0,0.0
2023-04-14,26.737266540527344,26.757999420166016,26.882999420166016,26.21999931335449,26.503999710083008,395660000,0.0111477044511616,26.84391041039101,26.351566570743348,NVDA,Nvidia Corporation,0.9997231364250183,0.00022011081455275416,5.678340312442742e-05
2023-04-17,26.98108291625977,27.00200080871582,27.006000518798828,26.433000564575195,26.565000534057617,321471000,0.0091189716556423,26.8782035368582,26.40879532942666,NVDA,Nvidia Corporation,0.9996322393417358,0.00031784665770828724,4.990527668269351e-05
2023-04-18,27.645565032958984,27.66699981689453,28.11000061035156,27.35700035095215,27.53300094604492,604812000,0.0246277037419717,27.0700439108834,26.52122893883869,NVDA,Nvidia Corporation,0.9999910593032837,1.434383761989011e-06,7.4650301939982455e-06
2023-04-19,27.90936279296875,27.93099975585937,28.0,27.23200035095215,27.36100006103516,358660000,0.0095421366752774,27.279873631404737,26.647422925577786,NVDA,Nvidia Corporation,0.0,1.0,0.0
2023-04-20,27.08299827575684,27.10400009155273,28.030000686645508,27.0,27.67099952697754,427713000,-0.0296088636398428,27.23065479249276,26.68702068468497,NVDA,Nvidia Corporation,0.0,1.0,0.0
2023-04-21,27.09798812866211,27.11899948120117,27.183000564575195,26.722000122070312,26.95199966430664,345103000,0.0005534783391649,27.1974881265351,26.724381361410167,NVDA,Nvidia Corporation,0.09701859205961227,0.0005229039234109223,0.9024584889411926
2023-04-24,27.02104759216309,27.04199981689453,27.36599922180176,26.67099952697754,27.01300048828125,339282000,-0.0028393449777048,27.153377992942097,26.751351018751343,NVDA,Nvidia Corporation,0.0,1.0,0.0
2023-04-25,26.22066879272461,26.24099922180176,27.246999740600582,26.225000381469727,27.077999114990234,378527000,-0.0296205688069107,26.920200692887725,26.70310718002164,NVDA,Nvidia Corporation,0.9997520446777344,1.9205897842766717e-05,0.00022868758242111653
2023-04-26,26.935117721557617,26.95599937438965,27.32999992370605,26.70499992370605,27.00200080871582,406337000,0.0272475478974527,26.9239299500552,26.724199047434,NVDA,Nvidia Corporation,0.4994594156742096,0.5004727244377136,6.793813372496516e-05
2023-04-27,27.204910278320312,27.22599983215332,27.4950008392334,26.625,27.363000869750977,377161000,0.0100163867688154,26.99417503212148,26.767900068423668,NVDA,Nvidia Corporation,0.8215755224227905,0.10375764966011047,0.07466687262058258
2023-04-28,27.727500915527344,27.749000549316406,27.757999420166016,27.07099914550781,27.225000381469727,292216000,0.019209423293834,27.177506502972943,26.855136509069457,NVDA,Nvidia Corporation,0.0,1.0,0.0
2023-05-01,28.88759994506836,28.90999984741211,29.058000564575195,27.780000686645508,27.84000015258789,570329000,0.0418392928044719,27.6050298634968,27.03990591234208,NVDA,Nvidia Corporation,0.04230384901165962,0.957078754901886,0.0006174718728289008
2023-05-02,28.18814468383789,28.209999084472656,28.836000442504883,28.08300018310547,28.68000030517578,402730000,-0.0242129932067921,27.75080856858207,27.14429125520533,NVDA,Nvidia Corporation,0.741586446762085,0.25764164328575134,0.0007719739805907011
2023-05-03,27.78046417236328,27.802000045776367,28.367000579833984,27.472000122070312,27.84000015258789,383387000,-0.0144628359208174,27.75822246952737,27.20212515676515,NVDA,Nvidia Corporation,0.7999829649925232,0.20000827312469482,8.751626410230529e-06
2023-05-04,27.540647506713867,27.562000274658203,27.858999252319336,27.239999771118164,27.650999069213867,321850000,-0.0086325651062371,27.703828728824,27.232899915851394,NVDA,Nvidia Corporation,0.0,1.0,0.0
2023-05-05,28.657777786254883,28.68000030517578,28.7549991607666,27.731000900268555,27.826000213623047,361494000,0.0405629634985409,27.94231599318172,27.362434267706256,NVDA,Nvidia Corporation,0.9958935976028442,0.0035781136248260736,0.0005283179343678057
2023-05-08,29.12841415405273,29.150999069213867,29.21999931335449,28.350000381469727,28.52199935913086,344979000,0.0164226400004952,28.238840533399472,27.522977893737757,NVDA,Nvidia Corporation,0.0,1.0,0.0
2023-05-09,28.548864364624023,28.57099914550781,28.972999572753903,28.450000762939453,28.89900016784668,314869000,-0.0198963728805701,28.31634649120561,27.61624030018196,NVDA,Nvidia Corporation,0.3396184742450714,0.6601492762565613,0.00023227602650877088
2023-05-10,28.862625122070312,28.88500022888184,29.113000869750977,28.461000442504883,29.0049991607666,369350000,0.0109903060744889,28.452916148921787,27.729548011262715,NVDA,Nvidia Corporation,0.15433910489082336,0.8454075455665588,0.00025331199867650867
2023-05-11,28.555858612060547,28.577999114990234,28.950000762939453,28.246000289916992,28.895999908447266,322149000,-0.0106285034265712,28.47865176470648,27.80466715678979,NVDA,Nvidia Corporation,0.9998564124107361,0.00010609994205879048,3.752767588593997e-05
2023-05-12,28.318042755126957,28.34000015258789,28.780000686645508,28.04599952697754,28.52899932861328,274222000,-0.0083280933753171,28.438499512311594,27.85133766572953,NVDA,Nvidia Corporation,0.0,1.0,0.0
2023-05-15,28.93056869506836,28.952999114990234,28.9689998626709,28.152000427246094,28.507999420166016,293926000,0.0216302357206699,28.561516808000786,27.94944957748761,NVDA,Nvidia Corporation,0.0,1.0,0.0
2023-05-16,29.19036674499512,29.21299934387207,29.8700008392334,28.832000732421875,28.840999603271484,449405000,0.0089800533361463,28.718729292249368,28.0622602290792,NVDA,Nvidia Corporation,0.3049273192882538,0.6687134504318237,0.02635926753282547
2023-05-17,30.154617309570312,30.17799949645996,30.198999404907227,29.43000030517578,29.583999633789062,432535000,0.0330331774519592,29.077701296579605,28.252474509123843,NVDA,Nvidia Corporation,0.29565566778182983,0.7042401432991028,0.00010422176274005324
2023-05-18,31.65345764160156,31.67799949645996,31.827999114990234,30.31999969482422,30.40999984741211,748725000,0.0497051684206104,29.72164038283509,28.561654793894544,NVDA,Nvidia Corporation,0.6800878047943115,0.319132924079895,0.000779306807089597
2023-05-19,31.23977851867676,31.263999938964844,31.57999992370605,30.916000366210938,31.535999298095703,473908000,-0.0130690026855427,30.10117491679551,28.80512058705656,NVDA,Nvidia Corporation,0.999997615814209,6.725039725097304e-07,1.7028756928993971e-06
2023-05-22,31.1518497467041,31.176000595092773,31.520000457763672,30.68000030517578,30.900999069213867,372000000,-0.0028146413368483,30.363843624272658,29.018459601569973,NVDA,Nvidia Corporation,0.9302208423614502,0.06974533945322037,3.3793407055782154e-05
2023-05-23,30.66422462463379,30.6879997253418,31.288000106811523,30.631000518798828,31.0,356253000,-0.0156531675016153,30.43893887436294,29.16807460366668,NVDA,Nvidia Corporation,0.544317901134491,1.123654601542512e-05,0.4556708335876465
2023-05-24,30.514339447021484,30.538000106811523,30.60700035095215,29.80599975585937,30.209999084472656,721419000,-0.0048879493757653,30.45778901752757,29.29046231669894,NVDA,Nvidia Corporation,0.7499440908432007,0.250001460313797,5.445864735520445e-05
2023-05-25,37.95057678222656,37.97999954223633,39.47999954223633,36.6349983215332,38.52299880981445,1543911000,0.2436964872897136,32.33098595870232,30.077745449928724,NVDA,Nvidia Corporation,0.003812807844951749,0.7960845232009888,0.20010268688201904
2023-05-26,38.915828704833984,38.94599914550781,39.16999816894531,37.54999923706055,37.88999938964844,714397000,0.0254344467054181,33.97719664523524,30.88120756401102,NVDA,Nvidia Corporation,0.384120374917984,0.20086470246315002,0.4150148928165436
2023-05-30,40.079925537109375,40.11100006103516,41.9379997253418,39.94900131225586,40.595001220703125,923401000,0.0299131965325665,35.50287886820377,31.71745465247451,NVDA,Nvidia Corporation,0.44829848408699036,0.5408050417900085,0.010896468535065651
2023-05-31,37.8046875,37.83399963378906,40.29499816894531,37.821998596191406,39.48799896240234,1002580000,-0.0567675215614551,36.07833102615283,32.270839456795,NVDA,Nvidia Corporation,0.4857105016708374,0.003883523866534233,0.5104060173034668
2023-06-01,39.73918914794922,39.77000045776367,40.04999923706055,38.34000015258789,38.48899841308594,635873000,0.0511709466702832,36.99354555660193,32.949780337809024,NVDA,Nvidia Corporation,3.515454523039807e-07,0.9999949932098389,4.6685890993103385e-06
2023-06-02,39.29653930664063,39.32699966430664,40.5,39.05799865722656,40.09700012207031,482731000,-0.0111388745165535,37.5692939941116,33.52675842588462,NVDA,Nvidia Corporation,0.6529771089553833,0.34655770659446716,0.00046515496796928346
2023-06-05,39.14065170288086,39.17100143432617,39.56499862670898,38.70700073242188,38.90900039672852,396094000,-0.0039669550171667,37.96213342130392,34.037112360157,NVDA,Nvidia Corporation,0.91417396068573,0.08572562038898468,0.00010045148519566283
2023-06-06,38.62405014038086,38.65399932861328,39.15999984741211,38.14799880981445,38.83000183105469,388729000,-0.0131985937899439,38.12761260107315,34.454106703813714,NVDA,Nvidia Corporation,0.499900221824646,0.4993818402290344,0.0007178774103522301
2023-06-07,37.449832916259766,37.47499847412109,39.499000549316406,37.35599899291992,38.915000915527344,511998000,-0.0304011935530672,37.9581676798698,34.72644545039972,NVDA,Nvidia Corporation,0.5623382329940796,0.1971394270658493,0.24052229523658752
2023-06-08,38.4841423034668,38.5099983215332,38.86399841308594,37.505001068115234,37.7239990234375,417772000,0.0276185314236196,38.08966133576905,35.068054255224,NVDA,Nvidia Corporation,0.6662241220474243,0.3337686061859131,7.319806627492653e-06
2023-06-09,38.74397659301758,38.77000045776367,39.71099853515625,38.56700134277344,39.0369987487793,427717000,0.0067517235411369,38.25324015008118,35.40222901320524,NVDA,Nvidia Corporation,0.8347671031951904,0.16491010785102844,0.0003227466077078134
2023-06-12,39.45549011230469,39.48199844360352,39.52999877929688,38.61800003051758,39.20000076293945,388701000,0.0183644938350324,38.55380264063706,35.770707294941545,NVDA,Nvidia Corporation,0.9999903440475464,5.832148417539429e-07,9.104693162953481e-06
2023-06-13,40.99446105957031,41.02199935913086,41.10100173950195,39.7400016784668,40.18600082397461,613208000,0.0390052421826507,39.16396724537037,36.24559400081689,NVDA,Nvidia Corporation,6.446949214478082e-07,0.9999994039535522,5.506364253449192e-09
2023-06-14,42.96813583374024,42.99700164794922,43.0,40.55199813842773,40.82400131225586,740465000,0.0481449133165066,40.11500939246284,36.85673416744628,NVDA,Nvidia Corporation,5.69131261727307e-05,0.9999431371688843,5.7241489770376575e-08
2023-06-15,42.62436676025391,42.65299987792969,43.28900146484375,42.14699935913086,42.60200119018555,568622000,-0.0080005582466156,40.742348734410605,37.38106440315606,NVDA,Nvidia Corporation,0.4840657711029053,0.5155488848686218,0.0003853605594485998
2023-06-16,42.663333892822266,42.69200134277344,43.72100067138672,42.6609992980957,43.45000076293945,655709000,0.0009141985096818,41.22259502401352,37.86127072039844,NVDA,Nvidia Corporation,0.9999964237213135,1.6210262288041122e-07,3.46830074704485e-06
2023-06-20,43.77859115600586,43.80799865722656,43.9900016784668,42.67399978637695,42.99800109863281,451153000,0.0261408840196435,41.86159405701161,38.39920894181729,NVDA,Nvidia Corporation,0.0014454745687544346,0.9985536336898804,9.026042562254588e-07
2023-06-21,43.01609420776367,43.04499816894531,43.6150016784668,42.08000183105469,43.5009994506836,551603000,-0.017417119375199,42.15021909469962,38.81892578417605,NVDA,Nvidia Corporation,0.9998273849487305,0.00011346871178830042,5.911263360758312e-05
2023-06-22,42.9961166381836,43.025001525878906,43.42599868774414,42.23400115966797,42.25299835205078,417737000,-0.0004644208161621,42.361693480570615,39.19867040726764,NVDA,Nvidia Corporation,3.289522396698885e-07,0.9999996423721313,1.1274820188589274e-08
2023-06-23,42.180660247802734,42.20899963378906,42.80899810791016,42.01499938964844,42.4640007019043,358140000,-0.0189658149186588,42.31643517237865,39.46976039277083,NVDA,Nvidia Corporation,0.999998927116394,3.173393565703009e-07,7.108264412636345e-07
2023-06-26,40.6047248840332,40.63199996948242,42.76399993896485,40.09999847412109,42.46099853515625,594322000,-0.0373615622541523,41.888507600292286,39.5729389828856,NVDA,Nvidia Corporation,0.7165077924728394,0.0009177611209452152,0.2825743854045868
2023-06-27,41.84788513183594,41.8759994506836,41.93999862670898,40.448001861572266,40.79899978637695,462175000,0.0306161475383268,41.8783519831782,39.7797522691538,NVDA,Nvidia Corporation,0.6052079200744629,0.3926844000816345,0.002107687760144472
2023-06-28,41.08940124511719,41.117000579833984,41.845001220703125,40.51800155639648,40.65999984741211,582639000,-0.0181247841875222,41.68111429866295,39.89881126696865,NVDA,Nvidia Corporation,0.5987766981124878,0.2070125788450241,0.1942107379436493
2023-06-29,40.79458618164063,40.821998596191406,41.59999847412109,40.59999847412109,41.55799865722656,380514000,-0.0071749661601991,41.45948226940737,39.98024535012064,NVDA,Nvidia Corporation,0.5001760125160217,0.00010696039680624381,0.49971699714660645
2023-06-30,42.27359390258789,42.30199813842773,42.54999923706055,41.5009994506836,41.68000030517578,501148000,0.0362549999738173,41.663010177702496,40.18873158216312,NVDA,Nvidia Corporation,0.005467698443681002,0.9945284128189087,3.890052084898343e-06
2023-07-03,42.384521484375,42.41299819946289,42.89799880981445,42.20199966430664,42.516998291015625,198209000,0.0026240395373697,41.843388004370624,40.38834884600056,NVDA,Nvidia Corporation,0.2332393229007721,0.7654421329498291,0.0013185717398300767
2023-07-05,42.28859329223633,42.31700134277344,43.17699813842773,42.084999084472656,42.1349983215332,323618000,-0.0022632835945555,41.954689326337046,40.5610983411129,NVDA,Nvidia Corporation,0.999882698059082,3.480459554339177e-06,0.00011386325058992952
2023-07-06,42.07473373413086,42.10300064086914,42.17900085449219,41.34600067138672,41.84400177001953,303582000,-0.0050571452360116,41.9847004282855,40.69870155865999,NVDA,Nvidia Corporation,0.9993588328361511,0.0005401003872975707,0.00010104061948368326
2023-07-07,42.47446441650391,42.50299835205078,43.2140007019043,42.18000030517578,42.321998596191406,355881000,0.0095004922645247,42.1071414253401,40.86013454573671,NVDA,Nvidia Corporation,0.4467926025390625,0.5525378584861755,0.000669555040076375
2023-07-10,42.15168380737305,42.18000030517578,42.81100082397461,41.64899826049805,42.65700149536133,353908000,-0.0075994038668899,42.11827702084834,40.97754811497637,NVDA,Nvidia Corporation,2.2050269308238057e-06,0.9999960660934448,1.81351242645178e-06
2023-07-11,42.37653350830078,42.40499877929688,42.757999420166016,42.06700134277344,42.48099899291992,298244000,0.0053342993830391,42.18284114271145,41.10472860527859,NVDA,Nvidia Corporation,7.405615906463936e-05,0.9999085664749146,1.7406449842383154e-05
2023-07-12,43.872520446777344,43.902000427246094,43.935001373291016,42.777000427246094,43.03300094604492,481277000,0.0353022490191068,42.605260968727926,41.35634604541484,NVDA,Nvidia Corporation,0.9999942779541016,6.080871912672592e-07,5.146966032043565e-06
2023-07-13,45.94614028930664,45.97700119018555,46.15499877929688,44.492000579833984,44.51800155639648,478204000,0.0472646618296035,43.440480798872606,41.77360006758682,NVDA,Nvidia Corporation,0.9999052286148071,7.814586570020765e-05,1.6585461708018556e-05
2023-07-14,45.438472747802734,45.46900177001953,48.0880012512207,45.060001373291016,46.58300018310547,772075000,-0.011049187990706,43.93997878610514,42.10677031124281,NVDA,Nvidia Corporation,0.9996796250343323,2.5190214728354476e-05,0.0002952020731754601
2023-07-17,46.4298095703125,46.46099853515625,46.49599838256836,45.262001037597656,46.28900146484375,510488000,0.0218171246206266,44.562436482156976,42.49977388024915,NVDA,Nvidia Corporation,0.01850447617471218,0.5128064155578613,0.46868911385536194
2023-07-18,47.46211242675781,47.49399948120117,47.89599990844727,45.73400115966797,46.70100021362305,569164000,0.0222336224507233,45.28735546830718,42.95089556629539,NVDA,Nvidia Corporation,0.9999746084213257,6.04185925112688e-06,1.9380158846615814e-05
2023-07-19,47.04539489746094,47.07699966430664,47.81800079345703,46.742000579833984,47.4640007019043,427502000,-0.0087800038386395,45.726865325595625,43.32312277821953,NVDA,Nvidia Corporation,0.9999412298202515,4.6418258534686174e-06,5.4148014896782115e-05
2023-07-20,45.48944091796875,45.52000045776367,47.08700180053711,45.0620002746582,46.50699996948242,537865000,-0.0330734598547532,45.66750922368891,43.520060790924006,NVDA,Nvidia Corporation,0.9997674822807312,0.00020011508604511619,3.2496045605512336e-05
2023-07-21,44.27924728393555,44.30899810791016,45.86600112915039,44.09999847412109,45.78799819946289,963769000,-0.0266038361785001,45.32044373875057,43.58907774483414,NVDA,Nvidia Corporation,0.8693861961364746,0.13058866560459137,2.5090048438869417e-05
2023-07-24,44.58205032348633,44.61199951171875,45.10900115966797,44.040000915527344,44.73099899291992,382516000,0.0068384866077124,45.13584538493451,43.67934797925707,NVDA,Nvidia Corporation,0.9958491921424866,0.00406992994248867,8.082226850092411e-05
2023-07-25,45.64833450317383,45.67900085449219,46.18299865722656,44.92300033569336,44.94100189208984,348081000,0.0239173427859544,45.263967664494345,43.85834675415859,NVDA,Nvidia Corporation,0.49988287687301636,0.5000002384185791,0.00011690864630509168
2023-07-26,45.421485900878906,45.45199966430664,46.053001403808594,44.630001068115234,46.02099990844727,364237000,-0.0049694825619355,45.303347223590485,44.000450312951344,NVDA,Nvidia Corporation,3.5727487102121813e-07,0.9999995231628418,9.212359941557224e-08
2023-07-27,45.86918640136719,45.900001525878906,47.39500045776367,45.75,46.51900100708008,455976000,0.0098565798015783,45.44480701803466,44.17033541189824,NVDA,Nvidia Corporation,0.9999966621398926,4.910477855446516e-07,2.812600314427982e-06
2023-07-28,46.71861267089844,46.75,47.027000427246094,46.38100051879883,46.667999267578125,331194000,0.0185184507546865,45.763258431250605,44.401996980898254,NVDA,Nvidia Corporation,0.7999377250671387,0.20000123977661133,6.102065526647493e-05
2023-07-31,46.6976318359375,46.729000091552734,47.130001068115234,46.50600051879883,46.75400161743164,251055000,-0.0004490894262793,45.996851782422326,44.61069105862909,NVDA,Nvidia Corporation,0.4786527752876282,0.521338701248169,8.512719432474114e-06
2023-08-01,46.47577667236328,46.50699996948242,46.900001525878906,46.027000427246094,46.459999084472656,237858000,-0.0047508868191359,46.11658300490757,44.78024429624129,NVDA,Nvidia Corporation,0.999985933303833,2.45529918174725e-07,1.3768539247394074e-05
2023-08-02,44.2392807006836,44.26900100708008,45.84000015258789,43.387001037597656,45.83100128173828,530142000,-0.0481217557147273,45.64725742885157,44.73106578755423,NVDA,Nvidia Corporation,0.4827183187007904,0.017345674335956573,0.49993598461151123
2023-08-03,44.485111236572266,44.51499938964844,45.11800003051758,43.79999923706055,43.79999923706055,324176000,0.0055568384475308,45.35672088078175,44.70870628291951,NVDA,Nvidia Corporation,0.9999946355819702,1.8776414663079777e-06,3.4195550142612774e-06
2023-08-04,44.650001525878906,44.68000030517578,45.641998291015625,44.39300155639648,44.98500061035156,362666000,0.003706639923406,45.18004104205604,44.7033694868249,NVDA,Nvidia Corporation,0.9999713897705078,5.887973202334251e-06,2.2760672436561435e-05
2023-08-07,45.386505126953125,45.41699981689453,45.540000915527344,44.5629997253418,45.11100006103516,322154000,0.0164950408937241,45.23165706328031,44.76547272683656,NVDA,Nvidia Corporation,0.9999663829803467,1.0215765541943256e-05,2.3368233087239787e-05
2023-08-08,44.63401412963867,44.66400146484375,45.242000579833984,44.055999755859375,44.85300064086914,353843000,-0.0165796197616365,45.0822463298699,44.75352194527311,NVDA,Nvidia Corporation,0.9999917149543762,5.060268222223385e-07,7.801000720064621e-06
2023-08-09,42.52542495727539,42.55400085449219,44.3120002746582,42.13399887084961,44.27399826049805,586449000,-0.0472417552729835,44.44304098672127,44.55096767363695,NVDA,Nvidia Corporation,0.983176589012146,0.01664479821920395,0.00017863098764792085
2023-08-10,42.35954284667969,42.38800048828125,43.57400131225586,41.834999084472656,42.15999984741211,492705000,-0.0039007749073022,43.92216645171088,44.35174723482265,NVDA,Nvidia Corporation,0.9977564811706543,0.0005409095901995897,0.0017026746645569801
2023-08-11,40.82757186889648,40.85499954223633,42.01800155639648,40.63899993896485,41.7509994506836,533085000,-0.0361658996965139,43.14851780600728,44.03136765610209,NVDA,Nvidia Corporation,0.9990611672401428,0.0003082502807956189,0.0006306628929451108
2023-08-14,43.7236213684082,43.75299835205078,43.79999923706055,40.31100082397461,40.48600006103516,690286000,0.0709336697467919,43.29229369660751,44.00339072085719,NVDA,Nvidia Corporation,0.360910564661026,0.2690592110157013,0.37003016471862793
2023-08-15,43.91049575805664,43.93999862670898,45.26800155639648,43.709999084472656,44.560001373291016,676512000,0.0042739915816638,43.44684421196979,43.99494572423896,NVDA,Nvidia Corporation,0.6004347801208496,0.20052723586559296,0.19903798401355743
2023-08-16,43.45680618286133,43.48600006103516,44.67499923706055,43.40599822998047,44.52000045776367,527451000,-0.0103321442257247,43.449334704692674,43.946023947750085,NVDA,Nvidia Corporation,0.0025529107078909874,0.5012296438217163,0.4962174594402313
2023-08-17,43.31489944458008,43.34400177001953,44.0620002746582,43.0009994506836,43.970001220703125,452395000,-0.003265466350291,43.41572588966453,43.88864899291645,NVDA,Nvidia Corporation,0.4392737150192261,0.5607064962387085,1.9790737496805377e-05
2023-08-18,43.269927978515625,43.29899978637695,43.57799911499024,41.65999984741211,42.6349983215332,583768000,-0.0010382447296684,43.3792764118773,43.83240162797092,NVDA,Nvidia Corporation,0.7283211350440979,4.484422242967412e-05,0.271634042263031
2023-08-21,46.93547058105469,46.96699905395508,47.06499862670898,44.22200012207031,44.49399948120117,692573000,0.0847133973589944,44.268324954171646,44.11449880552399,NVDA,Nvidia Corporation,0.9999879598617554,2.403282906016102e-06,9.650419997342397e-06
2023-08-22,45.6373405456543,45.667999267578125,48.1870002746582,45.33300018310547,48.1349983215332,755293000,-0.0276577611629268,44.61057885204231,44.25293896371765,NVDA,Nvidia Corporation,0.8088808059692383,0.19002997875213623,0.0010891720885410905
2023-08-23,47.08436965942383,47.11600112915039,47.20000076293945,45.20800018310547,45.86600112915039,779046000,0.0317071305310168,45.22902655388769,44.5103417542364,NVDA,Nvidia Corporation,0.3855002522468567,0.24986091256141663,0.3646388649940491
2023-08-24,47.13133239746094,47.16299819946289,50.26599884033203,47.15900039672852,50.21599960327149,1156044000,0.0009974167303672,45.704603014781,44.748613630893175,NVDA,Nvidia Corporation,0.5367323160171509,0.46290239691734314,0.0003652388113550842
2023-08-25,45.98711013793945,46.01800155639648,47.80500030517578,45.02399826049805,47.012001037597656,925341000,-0.0242773161995972,45.77522979557061,44.86120422244284,NVDA,Nvidia Corporation,0.641785204410553,8.087691094260663e-05,0.3581339120864868
2023-08-28,46.80355453491211,46.834999084472656,46.97999954223633,44.88800048828125,46.48199844360352,685192000,0.0177537660993203,46.03231098040598,45.037781523576406,NVDA,Nvidia Corporation,0.05112696439027786,0.11120405048131943,0.8376689553260803
2023-08-29,48.751251220703125,48.78400039672852,49.08100128173828,46.39099884033203,46.66600036621094,701397000,0.0416142898791622,46.71204604048027,45.375369677860654,NVDA,Nvidia Corporation,0.7229433655738831,0.27701929211616516,3.726161230588332e-05
2023-08-30,49.23092651367188,49.26399993896485,49.92699813842773,48.42499923706055,49.04399871826172,735206000,0.0098392406545053,47.34176615877817,45.72587484475258,NVDA,Nvidia Corporation,0.6582104563713074,0.3337336480617523,0.008055849932134151
2023-08-31,49.32186508178711,49.35499954223633,49.74399948120117,48.95800018310547,49.380001068115234,528570000,0.0018471837634415,47.836790889530405,46.05278304811936,NVDA,Nvidia Corporation,0.9763472676277161,0.02102002128958702,0.002632721560075879
2023-09-01,48.47643661499024,48.50899887084961,49.79999923706055,48.141998291015625,49.762001037597656,463830000,-0.0171410482023531,47.996702320895366,46.273115190562166,NVDA,Nvidia Corporation,0.263660728931427,0.7363265752792358,1.2697847523668315e-05
2023-09-05,48.51540756225586,48.54800033569336,48.85100173950195,47.86000061035156,48.22299957275391,382653000,0.0008039152624839,48.12637863123549,46.47695995162523,NVDA,Nvidia Corporation,0.9991406202316284,0.0008284793002530932,3.091092003160156e-05
2023-09-06,47.03327941894531,47.06100082397461,48.54899978637695,46.58000183105469,48.44100189208984,468670000,-0.0305496381001983,47.85310382816294,46.527534448654336,NVDA,Nvidia Corporation,0.9996508955955505,8.487491140840575e-05,0.00026422704104334116
2023-09-07,46.21376800537109,46.24100112915039,46.34400177001953,45.152000427246094,45.525001525878906,433330000,-0.0174240755417984,47.44326987246498,46.49901022653768,NVDA,Nvidia Corporation,0.6656612157821655,0.3333229422569275,0.0010158856166526675
2023-09-08,45.54515838623047,45.571998596191406,46.60599899291992,45.27099990844727,45.94200134277344,473069000,-0.0144677581594929,46.96874200090635,46.41229642287338,NVDA,Nvidia Corporation,0.9999966621398926,1.6300427319038135e-07,3.228733248761273e-06
2023-09-11,45.15139389038086,45.178001403808594,46.16299819946289,44.3120002746582,46.14799880981445,473966000,-0.008645584070878,46.51440497327498,46.29766891991952,NVDA,Nvidia Corporation,0.7999633550643921,1.0899771950789727e-05,0.20002572238445282
2023-09-12,44.84356689453125,44.869998931884766,45.67300033569336,44.53099822998047,44.73799896240234,349256000,-0.0068176631843738,46.09669545358905,46.1654778267024,NVDA,Nvidia Corporation,0.7389249205589294,0.24996186792850494,0.01111325528472662
2023-09-13,45.45820999145508,45.48500061035156,45.93000030517578,44.50299835205078,44.59999847412109,398355000,0.0137063828657837,45.93707408805555,46.10118075077082,NVDA,Nvidia Corporation,0.3333146870136261,0.6666697859764099,1.5552082913927734e-05
2023-09-14,45.55415725708008,45.58100128173828,45.98699951171875,45.13100051879883,45.95000076293945,370097000,0.002110669681957,45.84134488031168,46.05145134225348,NVDA,Nvidia Corporation,0.9999837875366211,5.9280214372847695e-06,1.0318758540961426e-05
2023-09-15,43.87413787841797,43.900001525878906,45.5989990234375,43.80799865722656,45.34099960327149,506831000,-0.0368796061615429,45.34954312983825,45.85351375463207,NVDA,Nvidia Corporation,0.9997459650039673,1.0980822480632924e-05,0.0002430890017421916
2023-09-18,43.94010543823242,43.96599960327149,44.242000579833984,42.0,42.74800109863281,500271000,0.0015035636710916,44.9971837069368,45.67956754405028,NVDA,Nvidia Corporation,0.983390212059021,0.006728379987180233,0.009881401434540749
2023-09-19,43.49436569213867,43.52000045776367,43.96599960327149,43.00199890136719,43.83300018310547,373064000,-0.0101442575444051,44.621479203237264,45.480912830240136,NVDA,Nvidia Corporation,0.0013248672476038337,0.9986733198165894,1.7310876501142047e-06
2023-09-20,42.2141227722168,42.23899841308594,43.90299987792969,42.22299957275391,43.59999847412109,367108000,-0.0294346842297614,44.01964009548215,45.18393191587438,NVDA,Nvidia Corporation,0.7499836683273315,0.25000348687171936,1.2831761523557361e-05
2023-09-21,40.99283981323242,41.016998291015625,42.09999847412109,40.97999954223633,41.58300018310547,450736000,-0.0289306724570422,43.26294002491972,44.802923542906925,NVDA,Nvidia Corporation,0.9999933838844299,3.1971586622603354e-07,6.309606760623865e-06
2023-09-22,41.58548355102539,41.61000061035156,42.1150016784668,41.23099899291992,41.571998596191406,479236000,0.0144572501074118,42.84357590644613,44.51042899819042,NVDA,Nvidia Corporation,3.0844282719044713e-06,0.9999960660934448,8.202922003874846e-07
2023-09-25,42.19712829589844,42.22200012207031,42.5359992980957,41.17699813842773,41.59099960327149,419091000,0.0147081311227885,42.68196400380921,44.30012893434569,NVDA,Nvidia Corporation,0.4704435169696808,0.48989900946617126,0.03965746983885765
2023-09-26,41.88631439208984,41.9109992980957,42.81999969482422,41.65499877929688,42.0009994506836,402282000,-0.0073657596230026,42.48305160087937,44.08069124868607,NVDA,Nvidia Corporation,0.8981296420097351,0.002158795716241002,0.099711574614048
2023-09-27,42.4429817199707,42.46799850463867,42.87200164794922,41.62900161743164,42.33000183105469,444935000,0.0132899572559668,42.4730341306522,43.9318085642574,NVDA,Nvidia Corporation,0.9999774694442749,1.801656799216289e-05,4.526193151832558e-06
2023-09-28,43.06361389160156,43.0890007019043,43.44599914550781,42.1150016784668,42.459999084472656,424663000,0.0146227278687829,42.62067907088954,43.852881775834135,NVDA,Nvidia Corporation,0.9999970197677612,3.399051990982116e-07,2.631808229125454e-06
2023-09-29,43.4733772277832,43.499000549316406,44.14400100708008,43.30699920654297,43.82699966430664,397830000,0.0095153030401275,42.83385361011296,43.81838136237496,NVDA,Nvidia Corporation,0.16476032137870789,0.5799973011016846,0.25524237751960754
2023-10-02,44.75562286376953,44.78200149536133,45.17499923706055,43.86100006103516,44.02999877929688,433298000,0.0294949626128164,43.31429592352711,43.903585135229015,NVDA,Nvidia Corporation,0.0,1.0,0.0
2023-10-03,43.49136352539063,43.516998291015625,45.130001068115234,43.24599838256836,44.80799865722656,470850000,-0.0282480559420913,43.35856282399298,43.86611044342552,NVDA,Nvidia Corporation,0.00045038617099635303,1.3456519809551537e-05,0.9995361566543579
2023-10-04,44.01506042480469,44.04100036621094,44.14300155639648,43.29199981689453,43.742000579833984,361821000,0.0120413998772037,43.52268722419591,43.87965135082362,NVDA,Nvidia Corporation,0.8255739212036133,0.16274216771125793,0.01168391015380621
2023-10-05,44.66167831420898,44.6879997253418,44.900001525878906,43.88800048828125,44.04999923706055,393483000,0.0146908327096126,43.80743499669917,43.950744711131385,NVDA,Nvidia Corporation,6.806639589740371e-07,1.1077111139456974e-06,0.9999982118606567
2023-10-06,45.73503875732422,45.762001037597656,45.78900146484375,44.0260009765625,44.19300079345703,434436000,0.0240331416917163,44.28933593685544,44.11295326078528,NVDA,Nvidia Corporation,0.8477279543876648,0.15215642750263214,0.00011556365643627942
2023-10-09,45.2463264465332,45.27299880981445,45.60499954223633,44.36800003051758,44.84199905395508,409675000,-0.010685730767261,44.52858356427488,44.21598718676236,NVDA,Nvidia Corporation,0.13590939342975616,0.00014492435730062425,0.8639456629753113
2023-10-10,45.771026611328125,45.79800033569336,46.25899887084961,45.0880012512207,45.310001373291016,368582000,0.0115965251989009,44.8391943260382,44.35735440717743,NVDA,Nvidia Corporation,0.9991961121559143,0.00028515877784229815,0.0005187941715121269
2023-10-11,46.77842712402344,46.805999755859375,46.85900115966797,46.04999923706055,46.19599914550781,378137000,0.0220095677829079,45.32400252553451,44.5774519268907,NVDA,Nvidia Corporation,0.33615437150001526,0.6638425588607788,3.037318720089388e-06
2023-10-12,46.91734313964844,46.94499969482422,47.60900115966797,46.33000183105469,46.777000427246094,481325000,0.0029696598232491,45.72233767906299,44.79016930986868,NVDA,Nvidia Corporation,0.646946132183075,0.06117179989814758,0.2918820381164551
2023-10-13,45.4342155456543,45.46099853515625,47.11600112915039,45.27999877929688,46.959999084472656,474115000,-0.0316115000284573,45.65030714571081,44.848718967667374,NVDA,Nvidia Corporation,0.5000593066215515,3.815824311459437e-05,0.49990248680114746
2023-10-16,46.067848205566406,46.095001220703125,46.22499847412109,44.9119987487793,45.0629997253418,375099000,0.0139461560478668,45.75469241067471,44.95954889838547,NVDA,Nvidia Corporation,0.8116453289985657,0.1883431226015091,1.1528792128956411e-05
2023-10-17,43.91211700439453,43.9379997253418,44.75400161743164,42.47999954223633,44.0,812333000,-0.0467947014054673,45.29404855910467,44.86432781711357,NVDA,Nvidia Corporation,0.5006599426269531,0.00020511281036306173,0.49913492798805237
2023-10-18,42.171146392822266,42.19599914550781,43.21900177001953,41.82500076293945,42.59099960327149,627294000,-0.0396467018749753,44.51332301753406,44.619493142178,NVDA,Nvidia Corporation,0.6998962163925171,0.000478057365398854,0.2996257245540619
2023-10-19,42.076202392578125,42.10100173950195,43.297000885009766,41.88199996948242,42.81100082397461,501233000,-0.0022513971842202,43.90404286129508,44.38828489221438,NVDA,Nvidia Corporation,0.9987940788269043,0.0006059967563487589,0.000599934661295265
2023-10-20,41.36261749267578,41.387001037597656,42.470001220703125,41.07799911499024,41.88999938964844,477266000,-0.0169593465979766,43.26868651914026,44.11322421952905,NVDA,Nvidia Corporation,0.49585434794425964,0.5000052452087402,0.0041404408402740955
2023-10-23,42.94968795776367,42.97499847412109,43.24800109863281,40.94499969482422,41.229000091552734,478530000,0.0383696816423408,43.18893687879611,44.0074481957322,NVDA,Nvidia Corporation,0.0003018022689502686,4.080099188286113e-06,0.9996941089630127
2023-10-24,43.63727569580078,43.66299819946289,43.696998596191406,42.69100189208984,43.07699966430664,401463000,0.0160091439712735,43.30102158304728,43.97379615028388,NVDA,Nvidia Corporation,0.44864654541015625,0.5509476661682129,0.00040577430627308786
2023-10-25,41.754390716552734,41.77899932861328,43.650001525878906,41.55500030517578,43.39799880981445,398379000,-0.0431485455777258,42.91436386642364,43.77203201994469,NVDA,Nvidia Corporation,0.9999970197677612,1.0853900676011108e-06,1.942540166055551e-06
2023-10-26,40.30224609375,40.32600021362305,42.25600051879883,39.880001068115234,41.85300064086914,541001000,-0.0347782496135684,42.26133442325524,43.45659693574517,NVDA,Nvidia Corporation,0.5000020265579224,0.49999678134918213,1.2014312460451038e-06
2023-10-27,40.47614288330078,40.5,41.20600128173828,40.01499938964844,41.130001068115234,416784000,0.0043148163292503,41.81503653826663,43.18564656734113,NVDA,Nvidia Corporation,0.999987006187439,5.335185733201797e-07,1.2519359188445378e-05
2023-10-30,41.13675308227539,41.1609992980957,41.76599884033203,40.48099899291992,41.08700180053711,388028000,0.0163209770476218,41.64546567426882,42.99938352324424,NVDA,Nvidia Corporation,0.9999891519546509,8.725178304302972e-07,1.001714281301247e-05
2023-10-31,40.75597381591797,40.77999877929688,40.87900161743164,39.22999954223633,40.45000076293945,517969000,-0.0092564249199699,41.42309270968111,42.79543718621458,NVDA,Nvidia Corporation,0.9986052513122559,2.9848968551959842e-05,0.0013648462481796741
2023-11-01,42.30007553100586,42.32500076293945,42.38100051879883,40.86899948120117,40.88399887084961,437593000,0.0378865125898382,41.6423384150123,42.75040430846833,NVDA,Nvidia Corporation,8.477591251221384e-08,1.6427463833679212e-06,0.9999983310699463
2023-11-02,43.48036575317383,43.50600051879883,43.88399887084961,42.89400100708008,43.32799911499024,409172000,0.0279027923083214,42.10184524955268,42.8167644398052,NVDA,Nvidia Corporation,0.9964929223060608,0.003383269300684333,0.00012376540689729154
2023-11-03,44.97848892211914,45.005001068115234,45.30899810791016,43.72299957275391,44.02000045776367,424610000,0.0344551648311735,42.82100616769429,43.01328484728828,NVDA,Nvidia Corporation,0.9758427739143372,0.00015762307157274336,0.023999622091650963
2023-11-06,45.72405624389648,45.7509994506836,45.935001373291016,44.89899826049805,45.28499984741211,400733000,0.0165760864725426,43.54676868674484,43.259718610616304,NVDA,Nvidia Corporation,0.9998716115951538,5.540265192394145e-05,7.30508763808757e-05
2023-11-07,45.92793273925781,45.95500183105469,46.21799850463867,45.15800094604492,45.71900177001953,343165000,0.0044588453455185,44.14205969987309,43.5022835314019,NVDA,Nvidia Corporation,0.45639461278915405,0.5435792207717896,2.6071986212627962e-05
2023-11-08,46.54656600952149,46.57400131225586,46.867000579833984,45.96799850463867,46.09999847412109,346719000,0.0134696519822865,44.74318627728519,43.77903648395822,NVDA,Nvidia Corporation,0.3998720049858093,0.6001157164573669,1.2239377610967495e-05
2023-11-09,46.92234420776367,46.95000076293945,48.22999954223633,46.75,47.46699905395508,540496000,0.0080731669478113,45.28797575990481,44.064791731576896,NVDA,Nvidia Corporation,0.999961256980896,1.8049124264507554e-05,2.0735260477522388e-05
2023-11-10,48.30653381347656,48.334999084472656,48.47200012207031,47.28300094604492,47.5,421245000,0.0294995833879045,46.04261527329775,44.45040464811323,NVDA,Nvidia Corporation,0.9997185468673706,0.0002415656199445948,3.993563586845994e-05
2023-11-13,48.59135818481445,48.619998931884766,49.11600112915039,48.0989990234375,48.31999969482422,384136000,0.0058961873033089,46.679801001176926,44.826854969631526,NVDA,Nvidia Corporation,0.00016319802671205252,0.7498319745063782,0.25000473856925964
2023-11-14,49.62675094604492,49.65599822998047,49.83399963378906,49.040000915527344,49.68000030517578,416954000,0.0213081667174728,47.41653848739392,45.263209149305474,NVDA,Nvidia Corporation,0.9432594776153564,0.056670915335416794,6.961345206946135e-05
2023-11-15,48.85920715332031,48.88800048828125,49.959999084472656,48.20000076293945,49.935001373291016,475497000,-0.0154663317282063,47.77720565387552,45.59011805876137,NVDA,Nvidia Corporation,4.888283456239151e-06,0.9999951124191284,1.0183613063929897e-08
2023-11-16,49.45085525512695,49.47999954223633,49.525001525878906,48.33000183105469,48.67900085449219,339756000,0.0121092448338353,48.19561805418838,45.94109416752188,NVDA,Nvidia Corporation,0.7504943609237671,0.0017435976769775152,0.2477620393037796
2023-11-17,49.26896667480469,49.29800033569336,49.71699905395508,49.00699996948242,49.52399826049805,325205000,-0.00367816854499,48.46395520934246,46.24362803182031,NVDA,Nvidia Corporation,0.9999852180480957,4.023188921564724e-06,1.0756349183793645e-05
2023-11-20,50.379302978515625,50.40900039672852,50.54800033569336,49.180999755859375,49.3120002746582,414120000,0.0225362206404613,48.94279215163575,46.61959848151989,NVDA,Nvidia Corporation,0.00517230061814189,0.9945730566978455,0.00025468182866461575
2023-11-21,49.914581298828125,49.94400024414063,50.516998291015625,49.22200012207031,50.1259994506836,565747000,-0.0092244563186132,49.18573943843384,46.919142374002455,NVDA,Nvidia Corporation,0.0022046577651053667,0.7977691888809204,0.20002610981464386
2023-11-22,48.68730163574219,48.71599960327149,50.334999084472656,47.68999862670898,49.85200119018555,899420000,-0.0245875980755697,49.06112998776093,47.0798841250697,NVDA,Nvidia Corporation,0.0334889180958271,0.6702564358711243,0.29625463485717773
2023-11-24,47.747859954833984,47.7760009765625,48.92100143432617,47.744998931884766,48.470001220703125,294645000,-0.0192954148072675,48.7328124795292,47.14060920050282,NVDA,Nvidia Corporation,0.5000345706939697,0.49995872378349304,6.753347406629473e-06
2023-11-27,48.21358489990234,48.242000579833984,48.52999877929688,47.652000427246094,47.79999923706055,395662000,0.0097538391355946,48.60300558462248,47.238152445902784,NVDA,Nvidia Corporation,0.9999558925628662,3.148585165035911e-05,1.2644248272408731e-05
2023-11-28,47.79282760620117,47.82099914550781,48.323001861572266,47.47299957275391,48.23600006103516,401491000,-0.0087269447931473,48.40046109001715,47.288577460475366,NVDA,Nvidia Corporation,0.7908661365509033,0.20912373065948486,1.0151596143259667e-05
2023-11-29,48.11164474487305,48.13999938964844,48.762001037597656,47.86000061035156,48.37900161743164,382005000,0.0066708155729733,48.328257003731125,47.36340175905697,NVDA,Nvidia Corporation,0.6657490134239197,0.33400797843933105,0.00024303044483531266
2023-11-30,46.74245071411133,46.77000045776367,48.11000061035156,46.422000885009766,48.02399826049805,526247000,-0.028458682674897,47.931805431326175,47.30695166406191,NVDA,Nvidia Corporation,0.6666631102561951,8.519211405655369e-05,0.3332516849040985
2023-12-01,46.737449645996094,46.76499938964844,47.20000076293945,46.1870002746582,46.525001525878906,369317000,-0.0001069919963294,47.63321648499365,47.25517875332865,NVDA,Nvidia Corporation,0.7999995946884155,0.19999374449253082,6.623187800869346e-06
2023-12-04,45.483192443847656,45.5099983215332,46.07699966430664,45.0099983215332,46.07699966430664,437543000,-0.0268362354310851,47.095710474707154,47.09408908883037,NVDA,Nvidia Corporation,0.9991670846939087,0.0008199593867175281,1.3038461474934593e-05
2023-12-05,46.542667388916016,46.56600189208984,46.59999847412109,45.27099990844727,45.46599960327149,371718000,0.0232937682722329,46.95744970325937,47.04395984338361,NVDA,Nvidia Corporation,0.9577840566635132,0.04209888353943825,0.00011711553815985098
2023-12-06,45.48019409179688,45.50299835205078,47.387001037597656,45.4119987487793,47.21500015258789,380590000,-0.0228279416871617,46.588135800393744,46.90179932051208,NVDA,Nvidia Corporation,0.24997523427009583,0.7499951720237732,2.9526097932830453e-05
2023-12-07,46.57265090942383,46.59600067138672,46.62900161743164,45.604000091552734,45.70000076293945,350823000,0.0240204959420786,46.58426457765127,46.871876737685874,NVDA,Nvidia Corporation,0.33475521206855774,0.6651050448417664,0.00013971791486255825
2023-12-08,47.48219299316406,47.50600051879883,47.74100112915039,46.54999923706055,46.595001220703125,359224000,0.0195295321606052,46.80874668152947,46.92736003363844,NVDA,Nvidia Corporation,0.9997000694274902,0.00011326403910061345,0.00018667282711248845
2023-12-11,46.603633880615234,46.62699890136719,47.53099822998047,45.83000183105469,47.49100112915039,509728000,-0.0185029177712013,46.75746848130091,46.8979303833636,NVDA,Nvidia Corporation,0.6594884991645813,0.3399869501590729,0.0005245550419203937
2023-12-12,47.63311767578125,47.65700149536133,47.66600036621094,46.04600143432617,46.04600143432617,372387000,0.0220902043347788,46.976380779920994,46.96476559176521,NVDA,Nvidia Corporation,0.9669898748397827,0.03293081372976303,7.928421109681949e-05
2023-12-13,48.06389999389648,48.0880012512207,48.59400177001953,47.608001708984375,47.62900161743164,447792000,0.0090437565109089,47.24826058341487,47.06468690104987,NVDA,Nvidia Corporation,0.9997056722640991,0.00028122245566919446,1.303320186707424e-05
2023-12-14,48.32576751708984,48.34999847412109,48.66999816894531,47.422000885009766,48.38999938964844,391232000,0.0054483203241229,47.517637316833614,47.179330593417134,NVDA,Nvidia Corporation,0.9999837875366211,2.0750519524881383e-06,1.4184045539877843e-05
2023-12-15,48.86549758911133,48.88999938964844,49.40399932861328,48.119998931884766,48.19400024414063,479948000,0.0111685773398346,47.854602384903046,47.3326185021166,NVDA,Nvidia Corporation,0.9992471933364868,0.0007368263322860003,1.5942534446367063e-05
2023-12-18,50.051902770996094,50.07699966430664,50.43299865722656,49.150001525878906,49.400001525878906,412587000,0.024278995209682,48.40392748142631,47.57982616292382,NVDA,Nvidia Corporation,0.05562007054686546,0.9443793296813965,5.913444169891591e-07
2023-12-19,49.57913589477539,49.604000091552734,49.70000076293945,48.89500045776367,49.42399978637695,464444000,-0.0094455325381688,48.69772958476358,47.76158159309215,NVDA,Nvidia Corporation,0.2865578532218933,0.7134121656417847,3.002422999998089e-05
2023-12-20,48.086891174316406,48.11100006103516,49.999000549316406,48.09799957275391,49.65499877929688,397894000,-0.0300982397842927,48.545019982151786,47.79115519138526,NVDA,Nvidia Corporation,0.6399372816085815,0.3600526452064514,1.0034405931946822e-05
2023-12-21,48.965450286865234,48.9900016784668,49.095001220703125,48.41899871826172,48.81100082397461,300425000,0.0182702414544542,48.65012755833015,47.89790929097435,NVDA,Nvidia Corporation,0.0802256315946579,0.9197617769241333,1.2577940651681274e-05
2023-12-22,48.80553436279297,48.83000183105469,49.382999420166016,48.46699905395508,49.19499969482422,252507000,-0.003265893055928,48.68897925944585,47.98042066113968,NVDA,Nvidia Corporation,0.999840497970581,9.123214113060385e-05,6.826887693023309e-05
2023-12-26,49.25429916381836,49.27899932861328,49.59999847412109,48.959999084472656,48.96799850463867,244200000,0.0091949572294307,48.83030923553898,48.09622779774683,NVDA,Nvidia Corporation,0.6666192412376404,0.3333742320537567,6.533455689350376e-06
2023-12-27,49.39223098754883,49.41699981689453,49.68000030517578,49.084999084472656,49.51100158691406,233648000,0.0028004017125837,48.97078967354144,48.214046269547005,NVDA,Nvidia Corporation,4.145861876025947e-09,1.0,1.2239219415732805e-08
2023-12-28,49.4971809387207,49.52199935913086,49.88399887084961,49.4119987487793,49.64300155639648,246587000,0.0021248271048606,49.102387489836254,48.33069487583552,NVDA,Nvidia Corporation,0.9998984336853027,7.83668365329504e-05,2.327911352040246e-05
2023-12-29,49.4971809387207,49.52199935913086,49.99700164794922,48.7509994506836,49.8129997253418,389293000,0.0,49.20108585205737,48.43673906337054,NVDA,Nvidia Corporation,0.9998270273208618,0.00014392998127732426,2.9116567020537332e-05
2024-01-02,48.143856048583984,48.167999267578125,49.29499816894531,47.595001220703125,49.24399948120117,411254000,,48.143856048583984,48.143856048583984,NVDA,Nvidia Corporation,0.9998235106468201,9.362101991428062e-05,8.300961781060323e-05
2024-01-03,47.54516220092773,47.56900024414063,48.18399810791016,47.31999969482422,47.48500061035156,320896000,-0.012435519229122,47.99418258666992,48.08942933516069,NVDA,Nvidia Corporation,0.8862900733947754,0.11304762959480286,0.0006623508525080979
2024-01-04,47.97394561767578,47.99800109863281,48.5,47.507999420166016,47.766998291015625,306535000,0.0090184447144379,47.98912334442139,48.07893081538933,NVDA,Nvidia Corporation,0.5152119994163513,0.026497505605220795,0.4582904875278473
2024-01-05,49.072391510009766,49.09700012207031,49.547000885009766,48.305999755859375,48.46200180053711,415039000,0.0228967177535897,48.25994038581848,48.16924542399119,NVDA,Nvidia Corporation,0.9871096611022949,2.631510142236948e-05,0.012863934971392155
2024-01-08,52.22681427001953,52.25299835205078,52.275001525878906,49.479000091552734,49.512001037597656,642510000,0.0642810073637094,49.25165885686874,48.53811531908468,NVDA,Nvidia Corporation,0.40271854400634766,0.39728298783302307,0.19999846816062927
2024-01-09,53.11336898803711,53.13999938964844,54.32500076293945,51.68999862670898,52.4010009765625,773100000,0.0169750870392739,50.21708638966084,48.95404747080762,NVDA,Nvidia Corporation,0.8494025468826294,0.14756576716899872,0.0030316170305013657
2024-01-10,54.32276153564453,54.34999847412109,54.59999847412109,53.48899841308594,53.61600112915039,533796000,0.0227700213835018,51.24350517615676,49.4421123857928,NVDA,Nvidia Corporation,0.5050257444381714,0.4949359595775604,3.829634079011157e-05
2024-01-11,54.794525146484375,54.821998596191406,55.34600067138672,53.560001373291016,54.999000549316406,596759000,0.0086844556039422,52.13126016873866,49.92869536403749,NVDA,Nvidia Corporation,0.666662871837616,0.3333330452442169,4.062347670696909e-06
2024-01-12,54.68258285522461,54.709999084472656,54.970001220703125,54.33000183105469,54.619998931884766,352994000,-0.0020429466440398,52.76909084036015,50.36086695414541,NVDA,Nvidia Corporation,0.7567495107650757,0.24321606755256653,3.443806417635642e-05
2024-01-16,56.35374450683594,56.38199996948242,56.834999084472656,54.900001525878906,55.01800155639648,449580000,0.0305611323451167,53.6652542569791,50.90567400439,NVDA,Nvidia Corporation,0.9938759207725525,0.00010565644333837554,0.006018436048179865
2024-01-17,56.0249137878418,56.053001403808594,56.47100067138672,54.7400016784668,56.34700012207031,474394000,-0.0058351174686227,54.25516913969477,51.37105943924925,NVDA,Nvidia Corporation,0.9163112640380859,0.006441775243729353,0.07724694162607193
2024-01-18,57.07838439941406,57.10699844360352,57.59999847412109,56.10699844360352,57.2599983215332,491650000,0.0188036096862478,54.960972954624594,51.88990716290059,NVDA,Nvidia Corporation,0.20291459560394287,0.7970837950706482,1.619440922695503e-06
2024-01-19,59.461181640625,59.49100112915039,59.5,57.22499847412109,57.98899841308594,543501000,0.0417460526656987,56.086025126124696,52.57820484269372,NVDA,Nvidia Corporation,7.18253687637116e-08,0.9999998807907104,5.7764072636246055e-08
2024-01-22,59.62410354614258,59.65399932861328,60.33100128173828,59.06999969482422,60.04899978637695,452955000,0.0027399708687636,56.970544731129166,53.218741088461805,NVDA,Nvidia Corporation,0.0003565076331142336,0.9889438152313232,0.010699734091758728
2024-01-23,59.842994689941406,59.87300109863281,59.90999984741211,58.584999084472656,59.56999969482422,294654000,0.0036711854901001,57.68865722083223,53.82094596132358,NVDA,Nvidia Corporation,0.9998369216918945,0.00015128316590562463,1.1829270988528151e-05
2024-01-24,61.33124923706055,61.36199951171875,62.8489990234375,59.9379997253418,60.30400085449219,560271000,0.024869319371968,58.59930522488931,54.50370080457239,NVDA,Nvidia Corporation,0.999996542930603,1.3323095799933071e-06,2.1680264126189286e-06
2024-01-25,61.58611679077149,61.617000579833984,62.71900177001953,60.84999847412109,62.34999847412109,482777000,0.0041555904515462,59.346008116359855,55.14755680331776,NVDA,Nvidia Corporation,0.6493943333625793,0.35052505135536194,8.063886343734339e-05
2024-01-26,61.00041198730469,61.03099822998047,61.78300094604492,60.573001861572266,60.959999084472656,390309000,-0.0095103382708253,59.75960908409606,55.67963454731657,NVDA,Nvidia Corporation,0.9999891519546509,2.0589616269717226e-06,8.811227417027112e-06
2024-01-29,62.43369674682617,62.46500015258789,62.48899841308594,60.90700149536133,61.23199844360352,348733000,0.0234963127760476,60.42813099977859,56.29364020181744,NVDA,Nvidia Corporation,0.9988844394683838,0.00011367532715667039,0.0010019398760050535
2024-01-30,62.74253463745117,62.77399826049805,63.49300003051758,62.2599983215332,62.900001525878906,410735000,0.0049466539179534,61.00673190919673,56.8799033323296,NVDA,Nvidia Corporation,0.999989926815033,1.9403460100875236e-06,8.195170266844798e-06
2024-01-31,61.49616622924805,61.527000427246094,62.26900100708008,60.70000076293945,61.43999862670898,453795000,-0.0198648080668893,61.12909048920956,57.29956359568583,NVDA,Nvidia Corporation,0.499848335981369,2.7541786039364524e-05,0.5001240968704224
2024-02-01,62.99541473388672,63.027000427246094,63.19100189208984,61.650001525878906,62.09999847412109,369146000,0.0243795442312568,61.59567155037885,57.81736824461318,NVDA,Nvidia Corporation,0.9999650716781616,5.84875942877261e-06,2.903116364905145e-05
2024-02-02,66.12683868408203,66.16000366210938,66.5999984741211,63.68999862670898,63.9739990234375,476578000,0.0497087599696497,62.72846333380465,58.57277464820125,NVDA,Nvidia Corporation,0.46629080176353455,0.5122732520103455,0.021435875445604324
2024-02-05,69.2972640991211,69.33200073242188,69.49700164794922,67.20500183105469,68.2249984741211,680078000,0.0479446088476362,64.37066352513375,59.54772823464851,NVDA,Nvidia Corporation,0.012024232186377048,0.97575443983078,0.012221253477036953
2024-02-06,68.18881225585938,68.2229995727539,69.75399780273438,66.30000305175781,69.62999725341797,683111000,-0.0159956075852607,65.32520070781516,60.33328132748586,NVDA,Nvidia Corporation,0.66641765832901,0.3335494101047516,3.2948446460068226e-05
2024-02-07,70.06385803222656,70.0989990234375,70.22000122070312,67.5999984741211,68.31900024414062,495575000,0.0274978506640004,66.50986503891801,61.21787920973502,NVDA,Nvidia Corporation,0.9999390840530396,5.036263246438466e-05,1.0556379493209533e-05
2024-02-08,69.60608673095703,69.64099884033203,70.79399871826172,69.45500183105469,70.0739974975586,414422000,-0.0065336296647977,67.28392046192776,61.980443529846106,NVDA,Nvidia Corporation,0.9999925494194031,1.2041782611049712e-06,6.31769398751203e-06
2024-02-09,72.09687042236328,72.13300323486328,72.18499755859375,70.21199798583984,70.53299713134766,436637000,0.0357839925843508,68.48715795203664,62.90011870189312,NVDA,Nvidia Corporation,0.04185349494218826,0.9580812454223633,6.527229561470449e-05
2024-02-12,72.21178436279297,72.24800109863281,74.61100006103516,71.25,72.5999984741211,613710000,0.0015938825049754,69.41831455472573,63.74663376197492,NVDA,Nvidia Corporation,0.24999380111694336,0.7500026226043701,3.6426113183551934e-06
2024-02-13,72.09186553955078,72.12799835205078,73.44999694824219,69.62000274658203,70.4000015258789,602580000,-0.0016606544804337,70.08670230093199,64.50529119629999,NVDA,Nvidia Corporation,0.9999897480010986,1.4796445384490653e-06,8.792874723440036e-06
2024-02-14,73.86297607421875,73.9000015258789,74.23600006103516,71.93800354003906,73.2020034790039,504917000,0.0245674116131218,71.03077074425369,65.35598982156533,NVDA,Nvidia Corporation,0.04359971731901169,0.500015914440155,0.4563843309879303
2024-02-15,72.62158203125,72.65799713134766,73.9749984741211,72.4000015258789,73.86900329589844,420122000,-0.0168067157451302,71.42847356600276,66.01649820426394,NVDA,Nvidia Corporation,0.5484038591384888,0.3985714912414551,0.05302463099360466
2024-02-16,72.57660675048828,72.61299896240234,74.4020004272461,72.5009994506836,74.0999984741211,495327000,-0.0006193101210927,71.71550686212414,66.61287170846614,NVDA,Nvidia Corporation,0.9820427894592285,0.013508805073797703,0.004448340740054846
2024-02-20,69.41719818115234,69.4520034790039,71.95600128173828,67.73400115966797,71.9469985961914,704833000,-0.0435320513150703,71.1409296918812,66.86781047871034,NVDA,Nvidia Corporation,0.12558987736701965,0.2995581030845642,0.5748520493507385
2024-02-21,67.43819427490234,67.47200012207031,68.88800048828125,66.24800109863281,68.00599670410156,673755000,-0.0285088415854174,70.21524583763649,66.91966355109143,NVDA,Nvidia Corporation,0.39968159794807434,0.6000102758407593,0.00030811113538220525
2024-02-22,78.49864959716797,78.53800201416016,78.57499694824219,74.22000122070312,75.0250015258789,865100000,0.1640087704184254,72.28609677751936,67.9722986461893,NVDA,Nvidia Corporation,0.2012677937746048,0.7987147569656372,1.74511042132508e-05
2024-02-23,78.77751159667969,78.81700134277344,82.39399719238281,77.56999969482422,80.79000091552734,829388000,0.0035524432705882,73.90895048230945,68.95459073259752,NVDA,Nvidia Corporation,0.7196119427680969,0.28026339411735535,0.0001246527099283412
2024-02-26,79.05237579345703,79.09200286865234,80.64600372314453,78.50499725341797,79.69999694824219,503973000,0.0034891200700091,75.19480681009634,69.87257119267566,NVDA,Nvidia Corporation,0.9999864101409912,4.213533202346298e-07,1.3165436939743813e-05
2024-02-27,78.66156005859375,78.70099639892578,79.4800033569336,77.16200256347656,79.38099670410156,391705000,-0.0049437569831471,76.06149512222069,70.6715701804864,NVDA,Nvidia Corporation,0.9999814033508301,4.003230515081668e-06,1.460049406887265e-05
2024-02-28,77.62408447265625,77.66300201416016,78.93299865722656,77.125,77.62000274658203,393110000,-0.0131891051380712,76.45214245982959,71.30361693432002,NVDA,Nvidia Corporation,0.5998016595840454,0.400020033121109,0.0001783014740794897
2024-02-29,79.07235717773438,79.11199951171875,79.98999786376953,78.3499984741211,79.09400177001953,507289000,0.0186575173790073,77.10719613930578,72.00986604735769,NVDA,Nvidia Corporation,0.9997886419296265,0.00019260775297880173,1.8679387721931562e-05
2024-03-01,82.23776245117188,82.27899932861328,82.30000305175781,79.43499755859375,80.0,479135000,0.0400317555517217,78.38983771727231,72.9396748113408,NVDA,Nvidia Corporation,0.49999380111694336,0.5000002384185791,5.969367521174718e-06
2024-03-04,85.19427490234375,85.23699951171875,87.69499969482422,83.71900177001953,84.12999725341797,615616000,0.0359507890663646,80.09094701354017,74.05372936506834,NVDA,Nvidia Corporation,0.8000385165214539,0.001529926317743957,0.1984315812587738
2024-03-05,85.9249496459961,85.96399688720703,86.09700012207031,83.41699981689453,85.2699966430664,520639000,0.0085765709549132,81.54944767165415,75.13293120878905,NVDA,Nvidia Corporation,0.40100327134132385,0.5985674858093262,0.0004292269586585462
2024-03-06,88.65970611572266,88.69999694824219,89.7239990234375,87.02999877929688,88.02200317382812,582520000,0.0318272688083443,83.32701228267128,76.36263801851028,NVDA,Nvidia Corporation,0.8010026812553406,0.1985664665699005,0.0004307871568016708
2024-03-07,92.62689208984376,92.66899871826172,92.76699829101562,89.60199737548828,90.15799713134766,608119000,0.0447462116436856,85.6519822344644,77.84120657044969,NVDA,Nvidia Corporation,0.9552438259124756,0.022420622408390045,0.02233554609119892
2024-03-08,87.48823547363281,87.52799987792969,97.4000015258789,86.50599670410156,95.13800048828124,1142269000,-0.0554769408783215,86.1110455442565,78.71820919801179,NVDA,Nvidia Corporation,0.7499526739120483,0.250028133392334,1.9127870473312214e-05
2024-03-11,85.73503112792969,85.77400207519531,88.7969970703125,84.16600036621094,86.42900085449219,678364000,-0.0200393154143736,86.01704194017479,79.3561021007316,NVDA,Nvidia Corporation,0.6068249940872192,0.20959503948688507,0.1835799664258957
2024-03-12,91.87125396728516,91.91300201416016,91.95999908447266,86.1500015258789,88.04900360107422,668075000,0.0715719439140261,87.48059494695238,80.4938431795092,NVDA,Nvidia Corporation,0.5187727808952332,0.28115758299827576,0.2000696361064911
2024-03-13,90.84671020507812,90.88800048828124,91.50399780273438,88.43499755859375,91.05500030517578,635713000,-0.01115195143164,88.32212376148382,81.43501290910636,NVDA,Nvidia Corporation,0.7999953031539917,9.71397093962878e-06,0.19999495148658752
2024-03-14,87.90404510498047,87.94400024414062,90.64600372314452,86.5999984741211,89.5770034790039,602318000,-0.0323915427807441,88.21760409735799,82.02310674509492,NVDA,Nvidia Corporation,0.4152054786682129,8.668041118653491e-06,0.5847858786582947
2024-03-15,87.79710388183594,87.83699798583984,89.5459976196289,86.25700378417969,86.93000030517578,642086000,-0.0012165677133153,88.11247904347748,82.54801557570774,NVDA,Nvidia Corporation,0.823875904083252,0.17610673606395721,1.7350652342429385e-05
2024-03-18,88.4148178100586,88.45500183105469,92.40499877929688,87.08499908447266,90.38800048828124,668976000,0.0070356982282016,88.18806373512275,83.081361233376,NVDA,Nvidia Corporation,0.999840259552002,0.0001373276609228924,2.238525848952122e-05
2024-03-19,89.35739135742188,89.39800262451172,90.54399871826172,85.01000213623047,86.69999694824219,672171000,0.0106608097003402,88.48039564069754,83.65190942647108,NVDA,Nvidia Corporation,0.9978553652763367,7.33120905351825e-05,0.002071301219984889
2024-03-20,90.33094787597656,90.37200164794922,90.41000366210938,88.2229995727539,89.7969970703125,479063000,0.0108950866152812,88.94303369951729,84.25909474006248,NVDA,Nvidia Corporation,0.4003775417804718,0.5991240739822388,0.0004983688704669476
2024-03-21,91.3934555053711,91.43499755859376,92.64800262451172,90.40499877929688,92.3000030517578,480372000,0.0117623876907984,89.55563915098074,84.90767299145416,NVDA,Nvidia Corporation,3.620793975755987e-08,1.0,4.4651010000507085e-08
2024-03-22,94.24616241455078,94.28900146484376,94.77799987792967,90.83399963378906,91.14099884033205,586719000,0.031213470301624,90.72826996687326,85.75662657537204,NVDA,Nvidia Corporation,0.16777309775352478,0.6253819465637207,0.20684491097927094
2024-03-25,94.95883178710938,95.0019989013672,96.76599884033205,93.51000213623048,93.94100189208984,552136000,0.0075617866478621,91.78591042193229,86.59319068552998,NVDA,Nvidia Corporation,0.3327666223049164,8.6793825175846e-06,0.6672247052192688
2024-03-26,92.51895904541016,92.56099700927734,96.375,92.5019989013672,95.85099792480467,513648000,-0.025694005452481,91.96917257780176,87.13189690006455,NVDA,Nvidia Corporation,0.798356294631958,0.20012202858924866,0.0015216402243822813
2024-03-27,90.20899963378906,90.25,93.23999786376952,89.12300109863281,93.11199951171876,586067000,-0.0249674167917012,91.52912934179858,87.41163351222131,NVDA,Nvidia Corporation,0.8650327324867249,0.1347273886203766,0.00023985504230950028
2024-03-28,90.31494903564452,90.3560028076172,91.3000030517578,89.19300079345703,90.0,435212000,0.0011744881584496,91.22558426526008,87.67557128707796,NVDA,Nvidia Corporation,0.8937159180641174,0.10542772710323334,0.0008564029121771455
2024-04-01,90.32194519042967,90.36299896240234,92.2249984741211,89.2040023803711,90.29900360107422,452441000,7.746397312802245e-05,90.99967449655249,87.91615073283721,NVDA,Nvidia Corporation,0.739362895488739,0.26056134700775146,7.577677752124146e-05
2024-04-02,89.41136169433594,89.4520034790039,90.09400177001952,87.62000274658203,88.447998046875,433064000,-0.0100815310628433,90.60259629599834,88.05207900206437,NVDA,Nvidia Corporation,0.7338811159133911,0.2654716372489929,0.0006472552195191383
2024-04-03,88.923583984375,88.96399688720703,90.3740005493164,88.4000015258789,88.48400115966797,370067000,-0.0054554331878813,90.1828432180925,88.13130672772897,NVDA,Nvidia Corporation,0.6067007780075073,0.3926715850830078,0.0006276976782828569
2024-04-04,85.865966796875,85.90499877929688,90.63400268554688,85.87999725341797,90.40599822998048,434965000,-0.0343847723010946,89.10362411278813,87.92536673401497,NVDA,Nvidia Corporation,0.9999858140945435,1.6055001879067277e-06,1.2679052815656178e-05
2024-04-05,87.96802520751953,88.00800323486328,88.48100280761719,85.9260025024414,86.86599731445312,399678000,0.0244806934465335,88.81972438647098,87.92924477706084,NVDA,Nvidia Corporation,0.5922098159790039,0.20863819122314453,0.19915197789669037
2024-04-08,87.09341430664062,87.13300323486328,88.83000183105469,86.73200225830078,88.69999694824219,283220000,-0.0099423727975667,88.3881468665134,87.85326018884082,NVDA,Nvidia Corporation,0.41634440422058105,0.569160521030426,0.014495082199573517
2024-04-09,85.3152084350586,85.35399627685547,87.63500213623047,83.02200317382812,87.44200134277344,501700000,-0.0204172254095043,87.61991225864969,87.62252821122425,NVDA,Nvidia Corporation,0.9275104999542236,0.0005893554771319032,0.07190022617578506
2024-04-10,86.99945831298828,87.03900146484375,87.4000015258789,83.70899963378906,83.9260025024414,431929000,0.0197414963735536,87.46479877223433,87.56588549320279,NVDA,Nvidia Corporation,0.0735546126961708,0.9261412024497986,0.00030412181513383985
2024-04-11,90.5748291015625,90.61599731445312,90.73899841308594,86.9260025024414,87.41999816894531,431637000,0.0410964718390718,88.24230635456638,87.83942582123548,NVDA,Nvidia Corporation,0.5058172941207886,0.2512344419956207,0.2429482489824295
2024-04-12,88.14593505859375,88.18599700927734,90.1750030517578,87.52999877929688,89.6989974975586,426805000,-0.026816435284081,88.21821353057322,87.86729029735895,NVDA,Nvidia Corporation,0.5936755537986755,2.2581965822610073e-05,0.406301885843277
2024-04-15,85.96192932128906,86.0009994506836,90.61299896240234,85.92900085449219,89.0979995727539,443077000,-0.0247771577424744,87.65414247825218,87.69407566317078,NVDA,Nvidia Corporation,0.2622389793395996,0.5679178237915039,0.16984310746192932
2024-04-16,87.37528991699219,87.41500091552734,88.11799621582031,86.06400299072266,86.43299865722656,370453000,0.0164417039829409,87.58442933793718,87.6650951407909,NVDA,Nvidia Corporation,0.38549375534057617,0.6144240498542786,8.219976734835654e-05
2024-04-17,83.99681854248047,84.03500366210938,88.7750015258789,83.94999694824219,88.33999633789062,495400000,-0.0386662107527346,86.687526639073,87.3316154500354,NVDA,Nvidia Corporation,0.7951076626777649,0.0010738777928054333,0.2038184404373169
2024-04-18,84.63253021240234,84.6709976196289,86.19000244140625,82.4020004272461,84.97000122070312,447260000,0.0075682827153789,86.17377753240534,87.08624406479603,NVDA,Nvidia Corporation,1.653152321523521e-05,0.9999833106994629,1.186649996043343e-07
2024-04-19,76.16539001464844,76.19999694824219,84.3239974975586,75.60600280761719,83.1500015258789,875198000,-0.1000459300520014,83.67168065296612,86.09343915114626,NVDA,Nvidia Corporation,0.7999251484870911,0.20002886652946472,4.598414307110943e-05
2024-04-22,79.48187255859375,79.51799774169922,80.072998046875,76.4000015258789,78.10399627685547,596341000,0.0435431702418576,82.62422862937302,85.4923876427324,NVDA,Nvidia Corporation,0.49212247133255005,0.4999852776527405,0.007892291061580181
2024-04-23,82.38555908203125,82.4229965209961,82.76899719238281,80.26399993896484,80.76899719238281,438559000,0.036532688900817,82.56456124253758,85.20994868266865,NVDA,Nvidia Corporation,0.9998602867126465,9.793195931706578e-05,4.179311144980602e-05
2024-04-24,79.64080047607422,79.677001953125,84.08200073242188,79.18299865722656,83.94999694824219,512208000,-0.0333160160171284,81.83362105092174,84.70366248206916,NVDA,Nvidia Corporation,0.9998455047607422,1.614959387552517e-06,0.0001527530694147572
2024-04-25,82.59446716308594,82.63200378417969,83.322998046875,78.2229995727539,78.86799621582031,424641000,0.0370873555935573,82.02383257896278,84.5119174530707,NVDA,Nvidia Corporation,0.7446534633636475,0.25449299812316895,0.0008535549277439713
2024-04-26,87.69515991210938,87.73500061035156,88.33100128173828,83.38700103759766,83.81800079345703,551011000,0.0617558648202418,83.44166441224942,84.80130313116511,NVDA,Nvidia Corporation,0.6666674613952637,7.105559052433819e-05,0.33326151967048645
2024-04-29,87.71713256835938,87.75700378417969,87.99199676513672,85.26599884033203,87.59500122070312,388971000,0.0002505572288371,84.5105314512769,85.06637853454642,NVDA,Nvidia Corporation,0.7484586834907532,0.247579887509346,0.003961388487368822
2024-04-30,86.36276245117188,86.4020004272461,88.81900024414062,86.30000305175781,87.23999786376953,363709000,-0.015440200534736,84.97358920125065,85.18423161787601,NVDA,Nvidia Corporation,1.792796410882147e-06,0.9999822378158569,1.6008474631235003e-05
2024-05-01,83.00326538085938,83.04100036621094,86.0,81.25499725341797,85.0770034790039,559863000,-0.0388998333883994,84.48100824615283,84.9859619599654,NVDA,Nvidia Corporation,0.309393048286438,0.00015151525440160185,0.690455436706543
2024-05-02,85.77801513671875,85.81700134277344,86.23699951171875,83.19999694824219,84.4489974975586,377898000,0.0334294047725407,84.8052599687943,85.0579667942157,NVDA,Nvidia Corporation,0.8265830278396606,0.1410745084285736,0.03234249725937843
2024-05-03,88.74866485595703,88.78900146484375,89.28099822998047,87.04000091552734,87.78900146484375,398341000,0.0346318309476321,85.79111119058499,85.39348479982854,NVDA,Nvidia Corporation,0.9997040629386902,0.0002761591167654842,1.9739356503123417e-05
2024-05-06,92.09813690185548,92.13999938964844,92.22000122070312,89.05500030517578,89.38999938964844,376203000,0.0377410978670471,87.36786761840261,86.00299862728554,NVDA,Nvidia Corporation,0.4997958540916443,0.5002018809318542,2.2759452349419007e-06
2024-05-07,90.51286315917967,90.5540008544922,91.78099822998048,89.01100158691406,91.0979995727539,437342000,-0.0172128752654913,88.15411650359688,86.41298631200318,NVDA,Nvidia Corporation,0.00017223616305273026,0.4999987781047821,0.4998290240764618
2024-05-08,90.37093353271484,90.41200256347656,91.19400024414062,89.41999816894531,89.48300170898438,325721000,-0.0015680602901185,88.70832076087638,86.77279969570424,NVDA,Nvidia Corporation,0.8712539076805115,0.12711654603481293,0.001629532896913588
2024-05-09,88.7066879272461,88.74700164794922,91.0719985961914,88.23100280761719,90.52899932861328,378013000,-0.0184157177580365,88.7079125524688,86.9486077167535,NVDA,Nvidia Corporation,0.599510133266449,0.20013710856437683,0.2003527581691742
2024-05-10,89.83717346191406,89.87799835205078,91.4010009765625,89.22699737548828,90.30500030517578,335325000,0.0127440845902753,88.99022777983012,87.21120460267718,NVDA,Nvidia Corporation,0.666232168674469,0.33344531059265137,0.0003224474494345486
2024-05-13,90.35794067382812,90.39900207519533,90.9980010986328,88.52899932861328,90.47799682617188,289680000,0.0057967898125694,89.33215600332963,87.49727151823636,NVDA,Nvidia Corporation,0.3646283447742462,0.23520930111408234,0.40016236901283264
2024-05-14,91.31450653076172,91.3560028076172,91.6510009765625,88.93399810791016,89.5989990234375,296507000,0.0105864061287825,89.82774363518766,87.84429288301139,NVDA,Nvidia Corporation,0.3452182114124298,0.6545124650001526,0.00026936217909678817
2024-05-15,94.58700561523438,94.62999725341795,94.86199951171876,91.5989990234375,92.47200012207033,417735000,0.035837669268576,91.01755913019934,88.45726676775892,NVDA,Nvidia Corporation,0.9999380111694336,7.406586519209668e-06,5.463762136059813e-05
2024-05-16,94.31613159179688,94.35900115966795,95.81900024414062,94.10299682617188,94.91000366210938,323952000,-0.0028637551392564,91.84220224559871,88.98989084267146,NVDA,Nvidia Corporation,0.30727261304855347,0.31137219071388245,0.3813552260398865
2024-05-17,92.4369888305664,92.47899627685548,94.73999786376952,91.80599975585938,94.36900329589844,359691000,-0.0199238744159212,91.99089889184064,89.30326338702554,NVDA,Nvidia Corporation,0.002236470114439726,0.9974811673164368,0.0002823492977768183
2024-05-20,94.73694610595705,94.77999877929688,95.1999969482422,93.44000244140624,93.75,318764000,0.02488135219989,92.67741069536974,89.79723454329203,NVDA,Nvidia Corporation,0.999466061592102,0.00031463539926335216,0.00021928967908024788
2024-05-21,95.3426742553711,95.38600158691406,95.4000015258789,93.18000030517578,93.5989990234375,328946000,0.0063937901136965,93.34372658537008,90.3013654262083,NVDA,Nvidia Corporation,0.8000876307487488,0.1999002993106842,1.2087994946341496e-05
2024-05-22,94.9068603515625,94.9499969482422,96.0199966430664,93.2490005493164,95.45899963378906,548648000,-0.0045710266385153,93.7345100269182,90.72004678305868,NVDA,Nvidia Corporation,0.20000049471855164,0.7999979257583618,1.5788542668815353e-06
2024-05-23,103.7518539428711,103.79900360107422,106.31999969482422,101.5199966430664,102.02799987792967,835065000,0.0931965672296415,96.2388460059064,91.90475652485982,NVDA,Nvidia Corporation,0.003090438898652792,0.9955123066902161,0.0013972327578812838
2024-05-24,106.4206314086914,106.46900177001952,106.4749984741211,103.0,104.4489974975586,429494000,0.0257226966497372,98.78429235660266,93.22438151429904,NVDA,Nvidia Corporation,0.9966657757759094,0.0033191463444381952,1.5004568012955133e-05
2024-05-28,113.8492431640625,113.9010009765625,114.93900299072266,109.88300323486328,110.24400329589844,652728000,0.0698042443184037,102.5505300584676,95.0993689370048,NVDA,Nvidia Corporation,0.5648185610771179,0.43457427620887756,0.0006072007236070931
2024-05-29,114.77283477783205,114.8249969482422,115.49199676513672,110.9010009765625,113.0500030517578,557442000,0.0081124089023463,105.60610623830873,96.88786583162546,NVDA,Nvidia Corporation,0.2510340213775635,0.358378142118454,0.39058780670166016
2024-05-30,110.44979858398438,110.5,115.81900024414062,109.66300201416016,114.6500015258789,484553000,-0.0376660226456534,106.81702932472764,98.12076880911265,NVDA,Nvidia Corporation,0.3319110870361328,0.6666622757911682,0.0014266319340094924
2024-05-31,109.58319854736328,109.63300323486328,112.71700286865234,106.94000244140624,112.5199966430664,613263000,-0.0078460988406614,107.50857163038654,99.16280787622632,NVDA,Nvidia Corporation,0.9999856948852539,1.1899796845682431e-05,2.4246439807029674e-06
2024-06-03,114.94774627685548,115.0,115.0,112.00299835205078,113.62100219726562,438392000,0.048954107934471,109.36836529200376,100.59780227628352,NVDA,Nvidia Corporation,7.302161975530908e-05,0.9999254941940308,1.3845549347024644e-06
2024-06-04,116.38410186767578,116.43699645996094,116.5999984741211,114.04499816894533,115.71600341796876,403324000,0.0124957264265173,111.12229943592178,102.03292042095552,NVDA,Nvidia Corporation,3.7556414866912746e-08,1.0,5.1325113048505955e-08
2024-06-05,122.38438415527344,122.44000244140624,122.4489974975586,117.46800231933594,118.37100219726562,528402000,0.0515558585004998,113.93782061575968,103.8830534877117,NVDA,Nvidia Corporation,0.002383885672315955,0.9976072311401367,8.881687790562864e-06
2024-06-06,120.94303894042967,120.9980010986328,125.58699798583984,118.31999969482422,124.0479965209961,664696000,-0.0117771987397923,115.6891251969272,105.43396125614062,NVDA,Nvidia Corporation,0.0018230117857456207,0.6988424062728882,0.29933464527130127
2024-06-07,120.83308410644533,120.88800048828124,121.69200134277344,118.02200317382812,119.7699966430664,412386000,-0.0009091456188605,116.97511492430672,106.83388151525924,NVDA,Nvidia Corporation,0.5764816999435425,0.40047532320022583,0.023043006658554077
2024-06-10,121.73467254638672,121.79000091552734,123.0999984741211,117.01000213623048,120.37000274658205,313434100,0.007461436961645,118.16500432982671,108.18849888172538,NVDA,Nvidia Corporation,3.182970976922661e-05,0.9999681711196899,5.925475576873396e-08
2024-06-11,120.8650131225586,120.91000366210938,122.87000274658205,118.73999786376952,121.7699966430664,222551200,-0.0071438925791396,118.8400065280097,109.34090926725568,NVDA,Nvidia Corporation,0.7637002468109131,0.23232047259807587,0.003979264758527279
2024-06-12,125.15340423583984,125.1999969482422,126.87999725341795,122.56999969482422,123.05999755859376,299595000,0.0354808310733625,120.41835595496724,110.77840880985424,NVDA,Nvidia Corporation,0.3333343267440796,0.333334356546402,0.3333313763141632
2024-06-13,129.561767578125,129.61000061035156,129.8000030517578,127.16000366210938,129.38999938964844,260704500,0.0352236790457414,122.70420886075668,112.485986879697,NVDA,Nvidia Corporation,0.792768120765686,0.2071388214826584,9.310031600762159e-05
2024-06-14,131.83091735839844,131.8800048828125,132.83999633789062,128.32000732421875,129.9600067138672,309320400,0.0175140384597265,124.98588598516712,114.24461692321532,NVDA,Nvidia Corporation,0.000369885703548789,0.9996296167373657,4.444250691904017e-07
2024-06-17,130.93125915527344,130.97999572753906,133.72999572753906,129.5800018310547,132.99000549316406,288504400,-0.006824333935864,126.4722292776937,115.76158439885695,NVDA,Nvidia Corporation,1.4518844182020985e-05,2.570401647972176e-06,0.9999829530715942
2024-06-18,135.529541015625,135.5800018310547,136.3300018310547,130.69000244140625,131.13999938964844,294335100,0.0351198169941862,128.73655721217654,117.55867136401768,NVDA,Nvidia Corporation,0.4998239576816559,0.4999992549419403,0.00017683095938991755
2024-06-20,130.7313232421875,130.77999877929688,140.75999450683594,129.52000427246094,139.8000030517578,517768400,-0.0354034827940893,129.23524871967928,118.75618517112405,NVDA,Nvidia Corporation,0.9998492002487183,0.0001369279925711453,1.377851458528312e-05
2024-06-21,126.52289581298828,126.56999969482422,130.6300048828125,124.3000030517578,127.12000274658205,649445800,-0.0321914237906308,128.5571604930065,119.46224977492987,NVDA,Nvidia Corporation,0.551917552947998,0.0005228399531915784,0.4475595951080322
2024-06-24,118.0660400390625,118.11000061035156,124.45999908447266,118.04000091552734,123.23999786376952,476060900,-0.0668405170430633,125.93438037952052,119.33532161712374,NVDA,Nvidia Corporation,0.46832075715065,0.07788078486919403,0.45379838347435
2024-06-25,126.04306030273438,126.08999633789062,126.5,119.31999969482422,121.1999969482422,414192600,0.0675640536519448,125.96155036032398,119.94511604308836,NVDA,Nvidia Corporation,0.2769680619239807,0.42676782608032227,0.296264111995697
2024-06-26,126.35295867919922,126.4000015258789,128.1199951171875,122.5999984741211,126.12999725341795,362975900,0.0024586706774694,126.0594024400428,120.52764719182572,NVDA,Nvidia Corporation,0.5999239087104797,0.20000560581684113,0.2000705450773239
2024-06-27,123.94385528564452,123.98999786376952,126.41000366210938,122.91999816894533,124.0999984741211,252571700,-0.0190664581086005,125.53051565144322,120.83821156399104,NVDA,Nvidia Corporation,0.6666309833526611,0.3333339989185333,3.4985176171176136e-05
2024-06-28,123.4940185546875,123.54000091552734,127.70999908447266,122.75,124.58000183105467,315516700,-0.0036293588731795,125.02139137725428,121.07964856314528,NVDA,Nvidia Corporation,0.0828264057636261,0.8660922050476074,0.05108140408992767
2024-07-01,124.25374603271484,124.3000030517578,124.83999633789062,118.83000183105467,123.47000122070312,284885500,0.0061519374534799,124.82948004111942,121.36820287856068,NVDA,Nvidia Corporation,0.4998828172683716,0.00010835286957444623,0.5000088214874268
2024-07-02,122.62435150146484,122.66999816894533,123.41000366210938,121.02999877929688,121.12999725341795,218374000,-0.0131134439264389,124.27819790620578,121.4823982079156,NVDA,Nvidia Corporation,0.9999465942382812,4.34996672993293e-06,4.913033262710087e-05
2024-07-03,128.2322540283203,128.27999877929688,128.27999877929688,121.36000061035156,121.66000366210938,215749000,0.0457323725523513,125.2667119367344,122.096021464316,NVDA,Nvidia Corporation,0.999880850315094,6.185931852087379e-05,5.731121200369671e-05
2024-07-05,125.7831802368164,125.83000183105467,128.85000610351562,125.68000030517578,127.37999725341795,214176700,-0.0190987346363187,125.39582901175493,122.4312177163615,NVDA,Nvidia Corporation,0.20016200840473175,0.7998263239860535,1.1667987564578652e-05
2024-07-08,128.15228271484375,128.1999969482422,130.77000427246094,127.04000091552734,127.48999786376952,237677300,0.018834811407749,126.08494243752712,122.95131453440534,NVDA,Nvidia Corporation,0.9797613024711609,5.267647429718636e-05,0.020186027511954308
2024-07-09,131.33111572265625,131.3800048828125,133.82000732421875,128.64999389648438,130.35000610351562,285366600,0.0248051220038416,127.3964857588094,123.71311464242817,NVDA,Nvidia Corporation,0.7384089231491089,0.24139051139354706,0.020200571045279503
2024-07-10,134.85980224609375,134.91000366210938,135.10000610351562,132.4199981689453,134.02999877929688,248978600,0.026868625184677,129.2623148806305,124.726449879125,NVDA,Nvidia Corporation,0.720583438873291,0.2762036919593811,0.0032128621824085712
2024-07-11,127.35259246826172,127.4000015258789,136.14999389648438,127.0500030517578,135.75,374782700,-0.0556667713640331,128.7848842775383,124.96519011450108,NVDA,Nvidia Corporation,0.017755307257175446,0.9822373986244202,7.218408427434042e-06
2024-07-12,129.19190979003906,129.24000549316406,131.9199981689453,127.22000122070312,128.25999450683594,252680500,0.0144427159756148,128.88664065566348,125.3494373577318,NVDA,Nvidia Corporation,0.6720261573791504,0.1272871494293213,0.20068664848804474
2024-07-15,128.39219665527344,128.44000244140625,131.38999938964844,127.18000030517578,130.55999755859375,208326200,-0.0061901177563309,128.76302965556596,125.62605183932648,NVDA,Nvidia Corporation,0.01324458234012127,0.04529764503240585,0.9414577484130859
2024-07-16,126.31297302246094,126.36000061035156,129.0399932861328,124.58000183105467,128.44000244140625,214769500,-0.0161943146622463,128.1505154972897,125.68849921961144,NVDA,Nvidia Corporation,0.9995905756950378,0.00040518102468922734,4.305443781049689e-06
2024-07-17,117.94607543945312,117.98999786376952,121.8499984741211,116.72000122070312,121.3499984741211,390086200,-0.0662394161328149,125.59940548283056,124.9846425123243,NVDA,Nvidia Corporation,0.33378198742866516,5.716657597076846e-06,0.666212260723114
2024-07-18,121.04492950439452,121.08999633789062,122.4000015258789,116.55999755859376,121.8499984741211,320979500,0.0262734817872951,124.46078648822154,124.62648678433068,NVDA,Nvidia Corporation,0.002837791573256254,0.12086618691682816,0.8762960433959961
2024-07-19,117.88611602783205,117.93000030517578,121.5999984741211,117.37000274658205,120.3499984741211,217223800,-0.0260962065036174,122.81711887312416,124.01372580646716,NVDA,Nvidia Corporation,1.4708815797348507e-05,5.0660651140788104e-06,0.9999802112579346
2024-07-22,123.4940185546875,123.54000091552734,124.06999969482422,119.86000061035156,120.3499984741211,258068900,0.0475705088590032,122.986343793515,123.966479692669,NVDA,Nvidia Corporation,2.594054240034893e-05,0.9999698400497437,4.16597231378546e-06
2024-07-23,122.54437255859376,122.58999633789062,124.69000244140624,122.0999984741211,122.77999877929688,173911000,-0.0076898137027844,122.87585098478468,123.83719722593489,NVDA,Nvidia Corporation,0.43398404121398926,0.5587233901023865,0.007292612921446562
2024-07-24,114.2074737548828,114.25,119.9499969482422,113.44000244140624,119.16999816894533,327776900,-0.068031673994044,120.70875667730922,122.9617678194756,NVDA,Nvidia Corporation,0.0028023109771311283,1.5713994798716158e-05,0.9971820116043091
2024-07-25,112.23820495605467,112.27999877929688,116.62999725341795,106.3000030517578,113.04000091552734,460067000,-0.017242906563669,118.5911187469956,121.98689846825552,NVDA,Nvidia Corporation,0.40001755952835083,0.20000796020030975,0.3999744951725006
2024-07-26,113.0179214477539,113.05999755859376,116.1999969482422,111.58000183105467,116.19000244140624,293399100,0.006946979346333,117.19781942218518,121.1715369209372,NVDA,Nvidia Corporation,0.40796908736228943,0.4011085629463196,0.19092240929603577
2024-07-29,111.54845428466795,111.58999633789062,116.27999877929688,111.3000030517578,113.69000244140624,248152100,-0.0130020720984966,115.78547813780588,120.29671122673088,NVDA,Nvidia Corporation,0.9994757175445557,0.00046918870066292584,5.5013213568599895e-05
2024-07-30,103.69139862060548,103.7300033569336,111.98999786376952,102.54000091552734,111.5199966430664,486833300,-0.0704362576285597,112.7619582585058,118.78713735344677,NVDA,Nvidia Corporation,0.0021796897053718567,0.6687378883361816,0.32908234000205994
2024-07-31,116.9764404296875,117.0199966430664,118.33999633789062,110.87999725341795,112.9000015258789,473174200,0.1281209626431063,113.8155788013012,118.62252854219592,NVDA,Nvidia Corporation,0.15381866693496704,0.20949772000312805,0.6366836428642273
2024-08-01,109.16935729980467,109.20999908447266,120.16000366210938,106.80999755859376,117.52999877929688,523462300,-0.0667406453915436,112.65402342592708,117.76314933834216,NVDA,Nvidia Corporation,0.6675109267234802,0.3323102295398712,0.00017883085820358247
2024-08-02,107.23007202148438,107.2699966430664,108.72000122070312,101.37000274658205,103.76000213623048,482027500,-0.0177640074677235,111.2980355748164,116.80559685499144,NVDA,Nvidia Corporation,0.04003528133034706,0.959614634513855,0.0003500667226035148
2024-08-05,100.41261291503906,100.4499969482422,103.41000366210938,90.69000244140624,92.05999755859376,552842400,-0.0635778655924,108.57667990987208,115.31532558772304,NVDA,Nvidia Corporation,0.666373074054718,0.00024784530978649855,0.3333791196346283
2024-08-06,104.21119689941406,104.25,107.70999908447266,100.5500030517578,103.83999633789062,409012100,0.0378297494119492,107.48530915725756,114.30585934333132,NVDA,Nvidia Corporation,0.4909312427043915,0.000459517992567271,0.5086091756820679
2024-08-07,98.8731918334961,98.91000366210938,108.8000030517578,98.69000244140624,107.80999755859376,411440400,-0.0512229513213468,105.3322798263172,112.90288956970991,NVDA,Nvidia Corporation,0.989630937576294,0.0027846377342939377,0.007584406528621912
2024-08-08,104.9309310913086,104.97000122070312,105.5,97.5199966430664,102.0,391910000,0.0612677627320237,105.23194264256506,112.17816607167345,NVDA,Nvidia Corporation,0.9999704360961914,2.3653362291042868e-07,2.927231071225833e-05
2024-08-09,104.71102142333984,104.75,106.5999984741211,103.43000030517578,105.63999938964844,290844200,-0.0020957563769008,105.10171233775876,111.49933474000676,NVDA,Nvidia Corporation,0.6655150055885315,0.3339594602584839,0.0005254518473520875
2024-08-12,108.97941589355467,109.0199966430664,111.06999969482422,106.26000213623048,106.31999969482422,325559900,0.0407635644480823,106.07113822670776,111.27025120851113,NVDA,Nvidia Corporation,1.9263736703578616e-06,0.9999959468841553,2.0993190901208436e-06
2024-08-13,116.09677124023438,116.13999938964844,116.2300033569336,111.58000183105467,112.44000244140624,312646700,0.0653091713542632,108.5775464800894,111.7090257568496,NVDA,Nvidia Corporation,0.5608106851577759,0.0008265094948001206,0.43836283683776855
2024-08-14,118.03605651855467,118.08000183105467,118.5999984741211,114.06999969482422,118.52999877929688,339246400,0.0167040414440762,110.94217398970574,112.28421037155005,NVDA,Nvidia Corporation,0.20004718005657196,0.7999485731124878,4.217391506244894e-06
2024-08-15,122.81427001953124,122.86000061035156,123.23999786376952,117.47000122070312,118.76000213623048,318086700,0.0404809652398499,113.91019799716211,113.24148852136652,NVDA,Nvidia Corporation,0.28945666551589966,0.6666707992553711,0.04387255012989044
2024-08-16,124.53363800048828,124.58000183105467,125.0,121.18000030517578,121.94000244140624,302589900,0.0139997410780001,116.56605799799364,114.26804756492304,NVDA,Nvidia Corporation,0.24998736381530762,0.7500079274177551,4.74396347271977e-06
2024-08-19,129.9516143798828,130.0,130.0,123.41999816894533,124.27999877929688,318333600,0.0435061278734447,119.91244709346594,115.693826366283,NVDA,Nvidia Corporation,0.9506011009216309,0.029462654143571854,0.019936230033636093
2024-08-20,127.20264434814452,127.25,129.8800048828125,125.88999938964844,128.39999389648438,300087400,-0.0211537967023812,121.73499640713558,116.74008254645224,NVDA,Nvidia Corporation,0.9183825850486755,0.0010410005925223231,0.0805763229727745
2024-08-21,128.45217895507812,128.5,129.35000610351562,126.66000366210938,127.31999969482422,257883600,0.0098231810615014,123.41429204412124,117.80481858360004,NVDA,Nvidia Corporation,0.7938566207885742,0.20587562024593353,0.00026771199190989137
2024-08-22,123.6939468383789,123.73999786376952,130.75,123.0999984741211,130.02000427246094,376189100,-0.0370428291322582,123.48420574268565,118.34019387948904,NVDA,Nvidia Corporation,0.43862175941467285,0.2603670656681061,0.3010111451148987
2024-08-23,129.32183837890625,129.3699951171875,129.60000610351562,125.22000122070312,125.86000061035156,323230300,0.0454985202136113,124.9436139017408,119.33852519761788,NVDA,Nvidia Corporation,0.9991692304611206,0.00025910098338499665,0.0005717562744393945
2024-08-26,126.41293334960938,126.45999908447266,131.25999450683594,124.37000274658205,129.57000732421875,331964700,-0.022493532923449,125.31094376370794,119.98165321143529,NVDA,Nvidia Corporation,0.40024036169052124,0.39979323744773865,0.1999664604663849
2024-08-27,128.25225830078125,128.3000030517578,129.1999969482422,123.87999725341795,125.0500030517578,303134600,0.0145501326678736,126.04627239797628,120.7335264013758,NVDA,Nvidia Corporation,0.7914363741874695,0.20824524760246277,0.0003183300723321736
2024-08-28,125.5632553100586,125.61000061035156,128.3300018310547,122.63999938964844,128.1199951171875,448101100,-0.0209665157272811,125.92551812599685,121.17259266580152,NVDA,Nvidia Corporation,0.20339202880859375,0.17996856570243835,0.6166394352912903
2024-08-29,117.54623413085938,117.58999633789062,124.43000030517578,116.70999908447266,121.36000061035156,453023300,-0.0638484655355776,123.83069712721247,120.8429237080795,NVDA,Nvidia Corporation,0.34359073638916016,0.2554047405719757,0.40100449323654175
2024-08-30,119.32557678222656,119.37000274658205,121.75,117.22000122070312,119.52999877929688,333751600,0.0151373854256047,122.704417040966,120.7049830784565,NVDA,Nvidia Corporation,0.22750993072986603,0.373431921005249,0.39905816316604614
2024-09-03,107.95980072021484,108.0,116.20999908447266,107.29000091552734,116.01000213623048,477155100,-0.0952501246464089,119.0182629607782,119.54633013679816,NVDA,Nvidia Corporation,0.5018389225006104,0.00026213901583105326,0.4978989362716675
2024-09-04,106.17046356201172,106.20999908447266,113.2699966430664,104.12000274658205,105.41000366210938,372470300,-0.0165741057899904,115.80631311108658,118.33034226636302,NVDA,Nvidia Corporation,0.40278124809265137,2.9037322747171856e-05,0.5971896648406982
2024-09-05,107.17009735107422,107.20999908447266,109.6500015258789,104.76000213623048,104.98999786376952,306850700,0.0094153661529285,113.64725917108348,117.31577454679132,NVDA,Nvidia Corporation,0.7880869507789612,0.20415501296520233,0.007758045103400946
2024-09-06,102.7917251586914,102.83000183105467,108.1500015258789,100.9499969482422,108.04000091552734,413638100,-0.0408544202217142,110.93337566798547,115.99540642060042,NVDA,Nvidia Corporation,0.5000171065330505,0.49996811151504517,1.4773369002796244e-05
2024-09-09,106.4303741455078,106.47000122070312,106.5500030517578,103.69000244140624,104.87999725341795,273912000,0.0353982675278481,109.80762528736604,115.12585803195564,NVDA,Nvidia Corporation,0.6528148055076599,0.29280149936676025,0.05438365414738655
2024-09-10,108.05976104736328,108.0999984741211,109.4000015258789,104.9499969482422,107.80999755859376,268283700,0.0153094162727251,109.37065922736537,114.48348557881089,NVDA,Nvidia Corporation,1.2452053397282725e-06,0.9999984502792358,3.841599038878485e-07
2024-09-11,116.86649322509766,116.91000366210938,117.19000244140624,107.41999816894533,109.38999938964844,441422400,0.0814987197119039,111.24461772679844,114.70012263756422,NVDA,Nvidia Corporation,0.20145241916179657,0.7983947992324829,0.00015279841318260878
2024-09-12,119.10585021972656,119.13999938964844,120.79000091552734,115.37999725341795,116.83999633789062,366052700,0.0191616684374678,113.20992585003049,115.1006433268517,NVDA,Nvidia Corporation,0.022057289257645607,0.9777477383613586,0.00019495203741826117
2024-09-13,119.06585693359376,119.0999984741211,119.95999908447266,117.5999984741211,119.08000183105467,238358300,-0.0003357793597797,114.6739086209213,115.46111729110098,NVDA,Nvidia Corporation,0.19996897876262665,0.7999725341796875,5.850747038493864e-05
2024-09-16,116.74652099609376,116.77999877929688,118.18000030517578,114.36000061035156,116.79000091552734,248772300,-0.0194794376593917,115.1920617147144,115.57797217337306,NVDA,Nvidia Corporation,1.5772317851769913e-07,0.9999997615814209,7.749925146072201e-08
2024-09-17,115.5568618774414,115.58999633789062,118.8000030517578,114.83000183105467,118.16999816894533,231925900,-0.0101901033838271,115.28326175539615,115.57605305556108,NVDA,Nvidia Corporation,0.05594710260629654,0.9440363645553589,1.650500053074211e-05
2024-09-18,113.3375015258789,113.37000274658205,117.6999969482422,113.22000122070312,115.88999938964844,310318900,-0.0192057859265539,114.79682169801684,115.37254837104452,NVDA,Nvidia Corporation,0.7993313670158386,0.20057718455791473,9.137029701378196e-05
2024-09-19,117.8362045288086,117.87000274658205,119.66000366210938,117.25,117.3499984741211,293506400,0.0396929784260549,115.55666740571478,115.59651711265944,NVDA,Nvidia Corporation,0.3967042565345764,0.502325177192688,0.10097059607505798
2024-09-20,115.96674346923828,116.0,118.62000274658205,115.38999938964844,117.05999755859376,382462400,-0.0158649123760029,115.65918642159563,115.6301740541666,NVDA,Nvidia Corporation,0.8325963020324707,0.00045291040441952646,0.1669507473707199
2024-09-23,116.22667694091795,116.26000213623048,116.98999786376952,114.86000061035156,116.5500030517578,206228500,0.0022414484006669,115.80105905142622,115.6844015893258,NVDA,Nvidia Corporation,0.49992635846138,6.74189577694051e-05,0.5000062584877014
2024-09-24,120.8353500366211,120.87000274658205,121.8000030517578,115.37999725341795,116.5199966430664,354966800,0.0396524551592047,117.05963179772492,116.152669629989,NVDA,Nvidia Corporation,0.3926500976085663,0.40733709931373596,0.20001280307769775
2024-09-25,123.47459411621094,123.51000213623048,124.94000244140624,121.61000061035156,122.0199966430664,284692900,0.0218416554327023,118.66337237734643,116.81829912873644,NVDA,Nvidia Corporation,0.4000035226345062,0.5999953746795654,1.0596900210657623e-06
2024-09-26,124.0044403076172,124.04000091552734,127.66999816894533,121.8000030517578,126.8000030517578,302582900,0.0042911353157197,119.99863935991412,117.47158469045289,NVDA,Nvidia Corporation,0.8832948803901672,0.10238614678382874,0.014318977482616901
2024-09-27,121.36520385742188,121.4000015258789,124.02999877929688,119.26000213623048,123.97000122070312,271009200,-0.0212834027849984,120.34028048429106,117.82555006926825,NVDA,Nvidia Corporation,0.5908574461936951,0.4063512682914734,0.0027912170626223087
2024-09-30,121.40518951416016,121.44000244140624,121.5,118.1500015258789,118.30999755859376,226553700,0.0003294655755305,120.60650774175834,118.15097183698568,NVDA,Nvidia Corporation,0.50209641456604,0.00021160489995963871,0.4976919889450073
2024-10-01,116.9664535522461,117.0,122.44000244140624,115.79000091552734,121.7699966430664,302094500,-0.0365613362960596,119.69649419438028,118.0432883565548,NVDA,Nvidia Corporation,0.0006837333203293383,0.9993119835853577,4.2765004764078185e-06
2024-10-02,118.81593322753906,118.8499984741211,119.37999725341795,115.13999938964844,116.44000244140624,221845900,0.0158120522519462,119.47635395266995,118.11352879937157,NVDA,Nvidia Corporation,0.9998459815979004,0.00011312685819575563,4.097069177078083e-05
2024-10-03,122.81478118896484,122.8499984741211,124.36000061035156,120.33999633789062,120.91999816894533,277118000,0.0336558225214438,120.31096076174369,118.54091538024367,NVDA,Nvidia Corporation,0.9998700022697449,9.902855526888743e-05,3.096046202699654e-05
2024-10-04,124.88418579101562,124.91999816894533,125.04000091552734,121.83000183105467,124.94000244140624,243678100,0.0168498008302988,121.45426701906167,119.11757632667748,NVDA,Nvidia Corporation,0.7999482154846191,0.20002472400665283,2.711749039008282e-05
2024-10-07,127.6833953857422,127.72000122070312,130.63999938964844,124.9499969482422,124.98999786376952,346250200,0.0224144440466691,123.0115491107318,119.8962871502288,NVDA,Nvidia Corporation,0.2821388244628906,0.03179587796330452,0.6860652565956116
2024-10-08,132.85189819335938,132.88999938964844,133.47999572753906,129.4199981689453,130.25999450683594,285722500,0.0404790520490365,125.47163638138868,121.0740699723316,NVDA,Nvidia Corporation,0.9999969005584717,2.6025998067780165e-06,4.7075258180484525e-07
2024-10-09,132.61196899414062,132.64999389648438,134.52000427246094,131.3800048828125,134.11000061035156,246191600,-0.0018059899969931,127.25671953457667,122.12296988340512,NVDA,Nvidia Corporation,0.9996005892753601,0.0003867706109303981,1.26077075037756e-05
2024-10-10,134.7713623046875,134.80999755859375,135.0,131.0,131.91000366210938,242311300,0.0162835476083029,129.13538022710438,123.27282373988534,NVDA,Nvidia Corporation,0.4301571249961853,0.5693552494049072,0.0004876182647421956
2024-10-11,134.76136779785156,134.8000030517578,135.77999877929688,133.66000366210938,134.00999450683594,170209500,-7.415898055063153e-05,130.54187711979117,124.31723683606408,NVDA,Nvidia Corporation,0.928371250629425,0.07160983234643936,1.890469684440177e-05
2024-10-14,138.0304412841797,138.07000732421875,139.60000610351562,136.3000030517578,136.47000122070312,232347700,0.0242582391359509,132.4140181608883,125.56389178589276,NVDA,Nvidia Corporation,0.01973145082592964,0.9801881313323975,8.035310020204633e-05
2024-10-15,131.56228637695312,131.60000610351562,138.57000732421875,128.74000549316406,137.8699951171875,377831000,-0.0468603508548509,132.2010852149045,126.10920038508006,NVDA,Nvidia Corporation,0.5000410079956055,3.158361141686328e-05,0.4999274015426636
2024-10-16,135.68109130859375,135.72000122070312,136.6199951171875,131.5800018310547,133.97999572753906,264879700,0.0313068816685002,133.0710867383268,126.97937228721766,NVDA,Nvidia Corporation,0.010115104727447033,0.5922791957855225,0.3976057469844818
2024-10-17,136.8907470703125,136.92999267578125,140.88999938964844,136.8699951171875,139.33999633789062,306435900,0.0089154336101815,134.02600182132323,127.8804063584081,NVDA,Nvidia Corporation,0.24068497121334076,0.7592945098876953,2.0563593352562748e-05
2024-10-18,137.96043395996094,138.0,138.89999389648438,137.27999877929688,138.6699981689453,176090200,0.0078141650370204,135.00960985598266,128.7967725040038,NVDA,Nvidia Corporation,6.101811595726758e-05,9.325538485427387e-06,0.999929666519165
2024-10-21,143.66880798339844,143.7100067138672,143.7100067138672,138.0,138.1300048828125,264554500,0.0413768923421493,137.1744093878366,130.1487757294033,NVDA,Nvidia Corporation,0.47008079290390015,0.3786608576774597,0.15125834941864014
2024-10-22,143.54884338378906,143.58999633789062,144.4199981689453,141.77999877929688,142.91000366210938,226311600,-0.0008350079693236,138.7680178868247,131.3669636979838,NVDA,Nvidia Corporation,0.6649014949798584,0.0001890781568363309,0.3349094092845917
2024-10-23,139.51998901367188,139.55999755859375,142.42999267578125,137.4600067138672,142.02999877929688,285930000,-0.0280660872992597,138.9560106685365,132.1081478175918,NVDA,Nvidia Corporation,4.317656930652447e-05,0.750015377998352,0.24994148313999176
2024-10-24,140.3697509765625,140.41000366210938,141.35000610351562,138.4600067138672,140.82000732421875,172354900,0.0060906108787561,139.309445745543,132.85920265022548,NVDA,Nvidia Corporation,0.0012757099466398358,0.9987218379974365,2.4059552288235864e-06
2024-10-25,141.49942016601562,141.5399932861328,144.1300048828125,140.8000030517578,140.92999267578125,205122100,0.0080478107398063,139.85693935066115,133.64467696984275,NVDA,Nvidia Corporation,0.9999635815620422,5.020117896492593e-06,3.1520117772743106e-05
2024-10-28,140.47972106933594,140.52000427246094,143.13999938964844,140.0500030517578,143.0,173586700,-0.0072063835702175,140.01263478032985,134.26604461525122,NVDA,Nvidia Corporation,0.4218687117099762,0.5015065670013428,0.07662471383810043
2024-10-29,141.20950317382812,141.25,142.25999450683594,138.89999389648438,140.2899932861328,157593600,0.0051949284846031,140.31185187870443,134.8972681205764,NVDA,Nvidia Corporation,0.9999743700027466,1.6577996575506404e-06,2.3986634914763272e-05
2024-10-30,139.300048828125,139.33999633789062,140.3300018310547,136.80999755859375,139.5399932861328,179418100,-0.0135221376946039,140.0589011160596,135.29752091217173,NVDA,Nvidia Corporation,6.906764724590175e-07,2.0995754312025383e-05,0.9999783039093018
2024-10-31,132.72193908691406,132.75999450683594,137.61000061035156,132.11000061035156,137.60000610351562,270039600,-0.047222594654847,138.2246606087732,135.06337710987555,NVDA,Nvidia Corporation,0.4998950660228729,2.131421751982998e-06,0.5001027584075928
2024-11-01,135.36119079589844,135.39999389648438,137.30999755859375,134.57000732421875,134.6999969482422,207127800,0.0198855722508397,137.5087931555545,135.0904510813322,NVDA,Nvidia Corporation,0.9570357799530029,0.036639273166656494,0.006325043272227049
2024-11-04,136.01100158691406,136.0500030517578,138.9600067138672,135.57000732421875,137.2100067138672,187528200,0.0048005694039396,137.1343452633944,135.17413749093055,NVDA,Nvidia Corporation,1.1314712537568994e-05,0.9999880790710449,5.505194735633268e-07
2024-11-05,139.86988830566406,139.91000366210938,140.3699951171875,137.3300018310547,137.4499969482422,160537400,0.028371871934816,137.81823102396183,135.6010239286336,NVDA,Nvidia Corporation,0.9999306201934814,6.160856719361618e-05,7.743132300674915e-06
2024-11-06,145.56825256347656,145.61000061035156,146.49000549316406,141.9600067138672,142.9600067138672,242043900,0.0407404647765186,139.7557364088405,136.50713562271022,NVDA,Nvidia Corporation,0.6250194907188416,0.37243154644966125,0.002548930235207081
2024-11-07,148.83734130859375,148.8800048828125,148.92999267578125,146.1699981689453,146.38999938964844,207323300,0.0224574293333064,142.02613763377883,137.628063412336,NVDA,Nvidia Corporation,0.7426540851593018,0.2502301335334778,0.007115743588656187
2024-11-08,147.58767700195312,147.6300048828125,149.77000427246094,146.25999450683594,148.77000427246094,175665800,-0.0083961746135307,143.4165224758224,138.5334828295739,NVDA,Nvidia Corporation,0.0025895661674439907,0.30956923961639404,0.6878411769866943
2024-11-11,145.21835327148438,145.25999450683594,148.85000610351562,143.57000732421875,148.67999267578125,182325600,-0.016053669104348,143.8669801747379,139.141198324293,NVDA,Nvidia Corporation,0.9887058734893799,4.495383473113179e-05,0.011249232105910778
2024-11-12,148.24746704101562,148.2899932861328,149.64999389648438,146.00999450683594,146.77999877929688,198634700,0.0208590284994372,144.96210189130733,139.96904093490417,NVDA,Nvidia Corporation,0.5135995149612427,0.48621368408203125,0.00018681355868466198
2024-11-13,146.2280731201172,146.27000427246094,149.3300018310547,145.89999389648438,149.07000732421875,191903300,-0.0136217768924155,145.27859469850978,140.53804386083263,NVDA,Nvidia Corporation,0.9928083419799805,0.007161163259297609,3.0504344977089204e-05
2024-11-14,146.71792602539062,146.75999450683594,149.0,145.5500030517578,147.63999938964844,194463300,0.0033499238198335,145.63842753023,141.09985133033788,NVDA,Nvidia Corporation,0.18556438386440277,0.8141298890113831,0.00030574461561627686
2024-11-15,141.9392852783203,141.97999572753906,145.24000549316406,140.0800018310547,144.8699951171875,250132900,-0.0325702582944318,144.71364196725256,141.1761635074272,NVDA,Nvidia Corporation,0.49997788667678833,0.49999910593032837,2.3001935915090144e-05
2024-11-18,140.10980224609375,140.14999389648438,141.5500030517578,137.14999389648438,139.5,221205300,-0.0128891943385457,143.56268203696283,141.07922157457867,NVDA,Nvidia Corporation,0.7772966027259827,0.22239604592323303,0.00030728065758012235
2024-11-19,146.9678497314453,147.00999450683594,147.1300048828125,140.99000549316406,141.32000732421875,227834900,0.0489476637280941,144.41397396058346,141.61455140702108,NVDA,Nvidia Corporation,0.3630106747150421,0.3032665550708771,0.3337227404117584
2024-11-20,145.84817504882812,145.88999938964844,147.55999755859375,142.72999572753906,147.41000366210938,309871700,-0.0076185008126823,144.77252423264463,141.99942628354898,NVDA,Nvidia Corporation,0.4356260299682617,0.36436352133750916,0.20001037418842316
2024-11-21,146.62796020507812,146.6699981689453,152.88999938964844,140.6999969482422,149.35000610351562,400946600,0.0053465540860482,145.236383225753,142.42020209459707,NVDA,Nvidia Corporation,0.05908021330833435,0.40514546632766724,0.5357743501663208
2024-11-22,141.90931701660156,141.9499969482422,147.16000366210938,141.10000610351562,145.92999267578125,236406200,-0.0321810600234562,144.40461667346514,142.37375799659748,NVDA,Nvidia Corporation,0.11881256103515625,0.6644872426986694,0.21670015156269073
2024-11-25,135.9810028076172,136.02000427246094,142.0500030517578,135.82000732421875,141.99000549316406,344941900,-0.0417753698884396,142.29871320700315,141.79259843396292,NVDA,Nvidia Corporation,0.7526291608810425,0.000429104344220832,0.2469417154788971
2024-11-26,136.88075256347656,136.9199981689453,139.3000030517578,135.6699981689453,137.6999969482422,190287700,0.0066167312880631,140.9442230461215,141.34606699119144,NVDA,Nvidia Corporation,0.6662999987602234,0.33334264159202576,0.0003573816211428493
2024-11-27,135.3011932373047,135.33999633789062,137.22000122070312,131.8000030517578,135.00999450683594,226370900,-0.0115396744727814,139.5334655939173,140.79653301356535,NVDA,Nvidia Corporation,0.39958783984184265,0.5929869413375854,0.007425238844007254
2024-11-29,138.2103729248047,138.25,139.35000610351562,136.0500030517578,136.77999877929688,141863200,0.021501507990381,139.20269242663915,140.56142755095075,NVDA,Nvidia Corporation,0.799406886100769,0.20001766085624695,0.0005753741133958101
2024-12-02,138.59027099609375,138.6300048828125,140.4499969482422,137.82000732421875,138.8300018310547,171682800,0.0027486943508627,139.0495870690028,140.3822315005092,NVDA,Nvidia Corporation,0.9999892711639404,4.181343342679611e-07,1.019863339024596e-05
2024-12-03,140.2198028564453,140.25999450683594,140.5399932861328,137.9499969482422,138.25999450683594,164414000,0.011757909474017,139.34214101586343,140.36746526013974,NVDA,Nvidia Corporation,0.00014315142470877618,0.9998557567596436,1.107842763303779e-06
2024-12-04,145.09840393066406,145.13999938964844,145.7899932861328,140.2899932861328,142.0,231224300,0.0347925255551342,140.78120674456358,140.79755059382376,NVDA,Nvidia Corporation,0.43927985429763794,0.5001283288002014,0.06059185415506363
2024-12-05,145.02841186523438,145.05999755859375,146.5399932861328,143.9499969482422,145.11000061035156,172621200,-0.0004823765357414,141.84300802473126,141.18217434577016,NVDA,Nvidia Corporation,0.5000026822090149,2.065818989649415e-06,0.4999952018260956
2024-12-06,142.40899658203125,142.44000244140625,145.6999969482422,141.30999755859375,144.60000610351562,188505600,-0.0180613939676673,141.98450516405626,141.2937036399757,NVDA,Nvidia Corporation,0.9991293549537659,0.0008500340627506375,2.0605499230441637e-05
2024-12-09,138.77975463867188,138.80999755859375,139.9499969482422,137.1300048828125,138.97000122070312,189308600,-0.0254846395274531,141.18331753271016,141.06516282167533,NVDA,Nvidia Corporation,0.10661490261554718,0.004374513868242502,0.8890106081962585
2024-12-10,135.04058837890625,135.07000732421875,141.82000732421875,133.7899932861328,139.00999450683594,210020900,-0.0269431681119551,139.6476352442592,140.51747423596905,NVDA,Nvidia Corporation,0.18485881388187408,0.011343790218234062,0.8037974238395691
2024-12-11,139.27964782714844,139.30999755859375,140.1699981689453,135.2100067138672,137.36000061035156,184905200,0.0313910025062089,139.5556383899815,140.40494456243988,NVDA,Nvidia Corporation,0.265363872051239,0.0006619755877181888,0.7339741587638855
2024-12-12,137.31008911132812,137.33999633789062,138.44000244140625,135.8000030517578,137.0800018310547,159211400,-0.0141410374490938,138.99425107031817,140.12359406688427,NVDA,Nvidia Corporation,0.9908570051193237,0.008880272507667542,0.0002625971392262727
2024-12-13,134.22076416015625,134.25,139.60000610351562,132.5399932861328,138.94000244140625,231514900,-0.0224988926244678,137.8008793427777,139.58697316627263,NVDA,Nvidia Corporation,0.999899685382843,2.090004454657901e-05,7.947819540277123e-05
2024-12-16,131.9712371826172,132.0,134.39999389648438,130.4199981689453,134.17999267578125,237951100,-0.0167599029227315,136.34346880273756,138.89463353139485,NVDA,Nvidia Corporation,0.9777708053588867,0.00023169361520558596,0.021997492760419846
2024-12-17,130.36160278320312,130.38999938964844,131.58999633789062,126.86000061035156,129.08999633789062,259410300,-0.0121968576924584,134.84800229785395,138.11890346337742,NVDA,Nvidia Corporation,0.9999971389770508,6.308712272584671e-07,2.3052687083691126e-06
2024-12-18,128.88192749023438,128.91000366210938,136.6999969482422,128.27999877929688,133.86000061035156,277444500,-0.0113505454165787,133.35648359594904,137.27917837490986,NVDA,Nvidia Corporation,0.9892171621322632,6.12892279150401e-07,0.01078223716467619
2024-12-19,130.65151977539062,130.67999267578125,134.02999877929688,129.5500030517578,131.75999450683594,209719200,0.0137303369030568,132.68024264080944,136.67666395677173,NVDA,Nvidia Corporation,0.49871721863746643,0.5001794099807739,0.0011033678892999887
2024-12-20,134.670654296875,134.6999969482422,135.27999877929688,128.22000122070312,129.80999755859375,306528600,0.0307622485248841,133.17784555482584,136.49429944223567,NVDA,Nvidia Corporation,0.9999895095825195,1.0290482350683305e-05,2.536307022182882e-07
2024-12-23,139.6395721435547,139.6699981689453,139.7899932861328,135.1199951171875,136.27999877929688,176053500,0.0368968122463113,134.79327720200806,136.78023332417376,NVDA,Nvidia Corporation,1.3214463479016558e-06,0.9999985694885254,1.693145890158121e-07
2024-12-24,140.18946838378906,140.22000122070312,141.89999389648438,138.64999389648438,140.0,105157000,0.0039379685270666,136.1423249974533,137.09016378413878,NVDA,Nvidia Corporation,0.33332517743110657,0.6666645407676697,1.0292373190168291e-05
2024-12-26,139.89952087402344,139.92999267578125,140.85000610351562,137.72999572753906,139.6999969482422,116205600,-0.0020682545779533,137.08162396659583,137.34555988321918,NVDA,Nvidia Corporation,4.0533283026888967e-05,0.49996358156204224,0.4999959170818329
2024-12-27,136.9801483154297,137.00999450683594,139.02000427246094,134.7100067138672,138.5500030517578,170582600,-0.0208676380044402,137.0562550538043,137.31234064978378,NVDA,Nvidia Corporation,0.8586031794548035,0.00015900805010460317,0.14123785495758057
2024-12-30,137.46005249023438,137.49000549316406,140.27000427246094,134.02000427246094,134.8300018310547,167734700,0.0035034578419319,137.15720441291182,137.32576899891563,NVDA,Nvidia Corporation,0.0050775944255292416,0.9947182536125183,0.00020419980864971876
