Company,Target,Predicted
AAPL_stock_gdelt_final_train,175.7400043336177,157.94464349888133
MSFT_stock_gdelt_final_train,437.4200185129303,460.2086951917045
AAPL_stock_gdelt_final_train,168.82000832051762,176.68689069425028
AAPL_stock_gdelt_final_train,179.28999168389328,194.32191948035987
MSFT_stock_gdelt_final_train,289.39001637901316,313.22085940247786
MSFT_stock_gdelt_final_train,367.94000998629787,400.6953572444473
MSFT_stock_gdelt_final_train,222.30999764534386,241.91976851642175
MSFT_stock_gdelt_final_train,288.4899906035444,322.5937672571709
MSFT_stock_gdelt_final_train,409.7199936931975,430.4871257548148
AAPL_stock_gdelt_final_train,234.82000674095914,251.8807975642534
MSFT_stock_gdelt_final_train,294.1700132729039,321.62218042750106
MSFT_stock_gdelt_final_train,250.7899951561949,262.9929315594846
MSFT_stock_gdelt_final_train,342.54001299305315,357.13212228514027
AAPL_stock_gdelt_final_train,134.32000673051468,139.4268594709503
MSFT_stock_gdelt_final_train,402.0899950697131,434.6004444979299
MSFT_stock_gdelt_final_train,246.78999473101885,265.31086296497693
AAPL_stock_gdelt_final_train,172.99000634808215,179.39143483523466
AAPL_stock_gdelt_final_train,157.2200009710261,170.2179723251031
AAPL_stock_gdelt_final_train,141.99999944267614,152.69726053200557
MSFT_stock_gdelt_final_train,431.30999037657244,462.08040671164423
AAPL_stock_gdelt_final_train,148.78999431417665,160.86583211680417
MSFT_stock_gdelt_final_train,258.3599867351332,278.3624617310416
MSFT_stock_gdelt_final_train,287.1199977814213,306.02794245868796
AAPL_stock_gdelt_final_train,172.5500041194371,181.1403215669185
MSFT_stock_gdelt_final_train,247.78999293510515,270.3236520389083
AAPL_stock_gdelt_final_train,165.28999498218678,178.83427129386897
MSFT_stock_gdelt_final_train,430.51999590411293,457.4835163323042
AAPL_stock_gdelt_final_train,154.72999676549176,177.55013534841436
AAPL_stock_gdelt_final_train,126.59999796888025,130.44301827472592
MSFT_stock_gdelt_final_train,429.3699972085306,458.2023378009363
AAPL_stock_gdelt_final_train,186.67999345954522,201.56876141561082
MSFT_stock_gdelt_final_train,249.22000041060528,277.12528105151074
MSFT_stock_gdelt_final_train,440.3699926711416,466.8842268549452
AAPL_stock_gdelt_final_train,134.38999867850117,143.2217623054923
MSFT_stock_gdelt_final_train,419.1400154285512,448.15052440428195
MSFT_stock_gdelt_final_train,437.03000506091126,463.2791932306755
MSFT_stock_gdelt_final_train,313.39001132123855,348.69691152748425
AAPL_stock_gdelt_final_train,189.69999774064812,200.85205237142713
AAPL_stock_gdelt_final_train,185.2700059330824,201.42205574167178
AAPL_stock_gdelt_final_train,130.88999950307453,175.4296333574621
AAPL_stock_gdelt_final_train,142.64999452167655,149.84755617330646
AAPL_stock_gdelt_final_train,163.4299927115127,181.09871541943204
MSFT_stock_gdelt_final_train,255.9100040701342,270.79451692760364
MSFT_stock_gdelt_final_train,342.4500157416879,360.28797618865434
MSFT_stock_gdelt_final_train,304.82998530222,312.68874342539135
MSFT_stock_gdelt_final_train,304.3999950528833,325.0117776149128
MSFT_stock_gdelt_final_train,279.42999591780614,292.6936185600899
AAPL_stock_gdelt_final_train,147.11000049214647,161.35927269285955
MSFT_stock_gdelt_final_train,272.4999983198314,290.84013779888124
AAPL_stock_gdelt_final_train,123.38999929606084,127.60371757869792
MSFT_stock_gdelt_final_train,282.91000123344935,305.61697428649137
MSFT_stock_gdelt_final_train,336.33999521416087,360.3474924636103
AAPL_stock_gdelt_final_train,177.97000200435394,196.4559925752133
AAPL_stock_gdelt_final_train,186.88000568132662,205.54610673920502
MSFT_stock_gdelt_final_train,402.24999356495397,443.891055238084
MSFT_stock_gdelt_final_train,430.16000689865183,460.4476733512311
MSFT_stock_gdelt_final_train,231.96000675546384,254.51138682633064
AAPL_stock_gdelt_final_train,252.1999991114625,258.36156088812135
AAPL_stock_gdelt_final_train,149.83999683034398,164.08282998442223
AAPL_stock_gdelt_final_train,178.9900073640129,189.27926801011833
MSFT_stock_gdelt_final_train,413.7200017272044,448.18123364561694
MSFT_stock_gdelt_final_train,235.77000516312592,243.06391602107578
MSFT_stock_gdelt_final_train,407.48001475982534,440.32625711138104
MSFT_stock_gdelt_final_train,329.0100127913302,358.51864909671355
AAPL_stock_gdelt_final_train,167.77999918772113,180.62433050994466
MSFT_stock_gdelt_final_train,423.0799897871039,450.78400163420525
MSFT_stock_gdelt_final_train,418.77999598776665,450.89204703236106
MSFT_stock_gdelt_final_train,276.4399993092921,305.5885476944132
AAPL_stock_gdelt_final_train,192.35000237008987,205.54673597585207
MSFT_stock_gdelt_final_train,308.30999822669406,336.20658958276186
AAPL_stock_gdelt_final_train,179.80000499272018,191.27467095307944
AAPL_stock_gdelt_final_train,142.91999869144442,145.99689149251898
AAPL_stock_gdelt_final_train,226.77999500571045,240.46871514068147
AAPL_stock_gdelt_final_train,165.38000558390718,175.69232265120806
MSFT_stock_gdelt_final_train,255.35000553237572,285.52798688374975
AAPL_stock_gdelt_final_train,170.08999494461162,170.61548832527563
AAPL_stock_gdelt_final_train,170.39999178005814,153.49125514220282
AAPL_stock_gdelt_final_train,167.5700084631653,177.36126231592527
MSFT_stock_gdelt_final_train,332.88000112366905,360.63703891300617
AAPL_stock_gdelt_final_train,150.77000434307945,161.50174377422795
AAPL_stock_gdelt_final_train,147.8699950654084,148.89782974456423
MSFT_stock_gdelt_final_train,232.33999557283005,250.04278133522348
AAPL_stock_gdelt_final_train,165.35000630159934,153.51037883435427
MSFT_stock_gdelt_final_train,312.1400173705461,342.9814317063356
AAPL_stock_gdelt_final_train,228.67999206786266,245.78199789153845
MSFT_stock_gdelt_final_train,281.7799985453567,308.65840659159227
MSFT_stock_gdelt_final_train,337.94000299306214,361.8398276770677
MSFT_stock_gdelt_final_train,266.7300126388455,285.5816595766083
MSFT_stock_gdelt_final_train,304.8200101249677,321.7623959625162
AAPL_stock_gdelt_final_train,175.60000768284783,186.59793759949122
MSFT_stock_gdelt_final_train,236.41000294850483,254.4933386795401
AAPL_stock_gdelt_final_train,178.60999944838454,187.6664494517593
AAPL_stock_gdelt_final_train,194.02999619212005,207.16249664069593
AAPL_stock_gdelt_final_train,175.03999131857557,178.72072809186884
MSFT_stock_gdelt_final_train,459.54001591841376,461.961495903026
AAPL_stock_gdelt_final_train,217.9600104336561,232.42522559747815
MSFT_stock_gdelt_final_train,264.8399980762816,282.1048347522629
AAPL_stock_gdelt_final_train,173.6600030744206,192.69883756209563
AAPL_stock_gdelt_final_train,149.63999948915895,153.77129095973223
MSFT_stock_gdelt_final_train,259.53000046028234,273.6421218754777
AAPL_stock_gdelt_final_train,149.4799948136526,158.85895835983138
AAPL_stock_gdelt_final_train,165.0200056930153,179.98398868639777
AAPL_stock_gdelt_final_train,189.59000037218607,203.657520968679
MSFT_stock_gdelt_final_train,416.070004354755,448.88897665652263
MSFT_stock_gdelt_final_train,363.2000127162174,389.9907061603445
AAPL_stock_gdelt_final_train,143.24000591665765,133.4576782959279
AAPL_stock_gdelt_final_train,174.55000304088102,179.91698348668527
AAPL_stock_gdelt_final_train,127.12999698154906,142.2165695166327
AAPL_stock_gdelt_final_train,133.19000187659418,171.13157291742675
AAPL_stock_gdelt_final_train,145.47000146159442,156.9117515427548
AAPL_stock_gdelt_final_train,139.96000572975407,132.80816364761074
MSFT_stock_gdelt_final_train,420.68999514457397,456.0933524995817
MSFT_stock_gdelt_final_train,406.32000284283646,429.65750449125704
AAPL_stock_gdelt_final_train,125.34999811152791,132.16316419739601
MSFT_stock_gdelt_final_train,253.74000735856043,267.61070817952447
MSFT_stock_gdelt_final_train,259.42999379192594,280.11045366126206
AAPL_stock_gdelt_final_train,150.6999975144966,163.00068750586743
AAPL_stock_gdelt_final_train,171.66000415297665,179.19316576902955
AAPL_stock_gdelt_final_train,182.39999381191967,192.61508956565294
AAPL_stock_gdelt_final_train,148.78999431417665,161.15511091048683
AAPL_stock_gdelt_final_train,174.83000059401974,172.30140887626516
MSFT_stock_gdelt_final_train,422.9899925357386,458.2405341318336
MSFT_stock_gdelt_final_train,430.3200053938927,460.1288633383629
AAPL_stock_gdelt_final_train,160.25000076129933,170.4050766924221
AAPL_stock_gdelt_final_train,216.24000906535088,228.84518369410816
AAPL_stock_gdelt_final_train,176.27999991835657,170.2752583695781
AAPL_stock_gdelt_final_train,160.77000532769756,168.4665941564249
AAPL_stock_gdelt_final_train,173.1900015634677,152.62841864153953
MSFT_stock_gdelt_final_train,338.1499915070272,365.60857290603604
MSFT_stock_gdelt_final_train,338.04998864308624,370.02056869557424
MSFT_stock_gdelt_final_train,277.4200167235504,299.9159055909841
MSFT_stock_gdelt_final_train,302.64999439131685,332.36559089598455
AAPL_stock_gdelt_final_train,161.83999673640602,156.36389900312582
MSFT_stock_gdelt_final_train,417.8800082564522,454.4228184674758
AAPL_stock_gdelt_final_train,157.64999493570397,176.719066795229
AAPL_stock_gdelt_final_train,148.36000034949882,160.37197488405008
AAPL_stock_gdelt_final_train,196.9400031047609,205.36904464864494
MSFT_stock_gdelt_final_train,298.7900116715537,316.42585113566025
AAPL_stock_gdelt_final_train,184.91999729976186,200.08906042089384
AAPL_stock_gdelt_final_train,155.3500074427807,163.95858975942232
AAPL_stock_gdelt_final_train,188.03999493695855,206.1867546778775
AAPL_stock_gdelt_final_train,169.24000677602515,145.4459097760506
MSFT_stock_gdelt_final_train,296.30999695116594,313.0180536248409
MSFT_stock_gdelt_final_train,285.5899988552265,313.86716871305185
MSFT_stock_gdelt_final_train,313.880004810706,348.0617415452835
AAPL_stock_gdelt_final_train,149.3200071445421,159.48668994084352
AAPL_stock_gdelt_final_train,153.11999701724756,157.64935294426002
AAPL_stock_gdelt_final_train,172.14000117309985,171.09638668437975
MSFT_stock_gdelt_final_train,312.7900093552544,334.8723354391696
MSFT_stock_gdelt_final_train,443.5199877748965,464.7418235684709
AAPL_stock_gdelt_final_train,171.83000008605435,181.4468788588011
AAPL_stock_gdelt_final_train,213.07000837270883,213.2875371822323
MSFT_stock_gdelt_final_train,336.05999784748934,360.52069988921727
AAPL_stock_gdelt_final_train,168.83999508725927,178.59886025909225
AAPL_stock_gdelt_final_train,149.24000480678893,156.09691559442365
MSFT_stock_gdelt_final_train,280.5100085871746,296.66223255798474
MSFT_stock_gdelt_final_train,321.79999119577593,340.08823464397216
AAPL_stock_gdelt_final_train,166.64999220800115,180.33377623657205
MSFT_stock_gdelt_final_train,374.66000765706127,404.9662092216059
MSFT_stock_gdelt_final_train,449.519992217076,465.18319662876826
AAPL_stock_gdelt_final_train,186.0099924816078,198.439380499495
MSFT_stock_gdelt_final_train,240.61000149273195,259.7417237876826
MSFT_stock_gdelt_final_train,305.9399995916538,326.9692863115852
AAPL_stock_gdelt_final_train,178.72000106844555,192.71053796245153
MSFT_stock_gdelt_final_train,421.89999708028705,460.3665936496291
AAPL_stock_gdelt_final_train,251.0399928494347,257.13866497418064
AAPL_stock_gdelt_final_train,226.4900019434014,243.87501970388323
AAPL_stock_gdelt_final_train,189.9799995453858,201.17434908268385
MSFT_stock_gdelt_final_train,241.07000667758803,253.58784976351672
AAPL_stock_gdelt_final_train,173.75000092134408,166.8001544319
MSFT_stock_gdelt_final_train,428.01999278506634,461.37190281765294
MSFT_stock_gdelt_final_train,304.10000928755295,321.03992225507324
AAPL_stock_gdelt_final_train,153.85000506299855,181.876996119849
AAPL_stock_gdelt_final_train,243.03999716365897,256.1146078407066
AAPL_stock_gdelt_final_train,177.14999186008052,186.68406649135514
MSFT_stock_gdelt_final_train,299.72000102293356,320.3121984543396
MSFT_stock_gdelt_final_train,245.16999855345875,263.74942434968494
MSFT_stock_gdelt_final_train,431.95001479285935,457.70295501419247
MSFT_stock_gdelt_final_train,304.64999079948944,325.64142358591204
MSFT_stock_gdelt_final_train,270.22000074057183,301.2328116002246
AAPL_stock_gdelt_final_train,173.00000185725247,182.4482324537939
AAPL_stock_gdelt_final_train,174.55999855005132,158.43159613491378
MSFT_stock_gdelt_final_train,409.06000370474436,443.606484964068
AAPL_stock_gdelt_final_train,159.21999989247004,171.70320890167451
AAPL_stock_gdelt_final_train,151.00000096657232,156.90505102278357
MSFT_stock_gdelt_final_train,264.7900080575574,291.48921672388684
AAPL_stock_gdelt_final_train,227.57001011927503,249.9802307878397
AAPL_stock_gdelt_final_train,187.1499949704981,203.6484905724741
AAPL_stock_gdelt_final_train,169.80000188230258,180.79584851545238
AAPL_stock_gdelt_final_train,121.95999896181269,145.20621312951562
AAPL_stock_gdelt_final_train,182.7400069360699,194.26425079197787
MSFT_stock_gdelt_final_train,327.7600112318069,355.0630529104565
AAPL_stock_gdelt_final_train,172.0700070993139,181.17957232857748
AAPL_stock_gdelt_final_train,125.12000255093481,145.1087622296038
AAPL_stock_gdelt_final_train,165.33000252846182,176.0205205818303
AAPL_stock_gdelt_final_train,172.0700070993139,184.07031949789996
AAPL_stock_gdelt_final_train,184.1199951802249,192.8137752885568
MSFT_stock_gdelt_final_train,406.56000058569776,445.00442502192533
MSFT_stock_gdelt_final_train,352.7999887842671,377.4807229966901
MSFT_stock_gdelt_final_train,247.80999655142568,261.2819413737171
AAPL_stock_gdelt_final_train,185.9199988862833,198.31093969471615
AAPL_stock_gdelt_final_train,172.16999620380872,145.9318675379249
MSFT_stock_gdelt_final_train,249.89999401537898,263.58670950182847
MSFT_stock_gdelt_final_train,240.7400059767383,253.10790373519467
MSFT_stock_gdelt_final_train,314.00000368213665,334.53030327452876
AAPL_stock_gdelt_final_train,175.05999934331206,183.32131530796653
MSFT_stock_gdelt_final_train,237.9199982583791,258.9650105294823
MSFT_stock_gdelt_final_train,253.13000358441604,273.4561848758486
MSFT_stock_gdelt_final_train,277.66000685758087,295.11843121261705
MSFT_stock_gdelt_final_train,327.2900061409983,345.9092946020792
AAPL_stock_gdelt_final_train,148.49999912606816,163.18912687526196
MSFT_stock_gdelt_final_train,243.11999500669253,261.2778021697314
MSFT_stock_gdelt_final_train,425.2200039006894,449.7961166888418
MSFT_stock_gdelt_final_train,322.23001188043605,349.5778923993203
MSFT_stock_gdelt_final_train,299.86999390559873,326.2802762422471
MSFT_stock_gdelt_final_train,242.11999490039852,252.47891212364902
AAPL_stock_gdelt_final_train,154.49999801619944,131.95846246195453
MSFT_stock_gdelt_final_train,406.6600110584696,433.1922325184169
MSFT_stock_gdelt_final_train,359.489992443796,371.96281407754947
MSFT_stock_gdelt_final_train,246.22999619326038,265.66903345986344
MSFT_stock_gdelt_final_train,420.4500126193744,453.85072569307164
AAPL_stock_gdelt_final_train,168.88000688513327,182.28662067387822
MSFT_stock_gdelt_final_train,275.79000732458377,297.94544666419466
MSFT_stock_gdelt_final_train,248.16000277080366,261.24773967901916
AAPL_stock_gdelt_final_train,146.14000031373234,165.93517512535757
AAPL_stock_gdelt_final_train,148.97000063702106,150.45311991730713
MSFT_stock_gdelt_final_train,252.17999159463852,271.78114641587587
AAPL_stock_gdelt_final_train,191.44999839126118,205.0977926345804
AAPL_stock_gdelt_final_train,187.86999900388085,198.3227081206555
AAPL_stock_gdelt_final_train,150.16999743892805,158.14644139222867
MSFT_stock_gdelt_final_train,425.51998966601974,449.78045771494004
MSFT_stock_gdelt_final_train,261.5499890715292,278.87248166332216
AAPL_stock_gdelt_final_train,127.09999876214097,132.28746181898197
MSFT_stock_gdelt_final_train,430.5899971479885,458.23691232834614
MSFT_stock_gdelt_final_train,272.1700147388511,290.53027577109975
MSFT_stock_gdelt_final_train,334.29000878726407,358.8096716592955
MSFT_stock_gdelt_final_train,335.0499864219965,362.76983985494013
MSFT_stock_gdelt_final_train,328.6499933505457,357.23621109125094
MSFT_stock_gdelt_final_train,230.72000129747767,253.91962902857904
MSFT_stock_gdelt_final_train,314.9800134875641,344.210181801278
AAPL_stock_gdelt_final_train,189.95000026307795,202.4944365489994
MSFT_stock_gdelt_final_train,334.92001237331357,352.9010797110205
MSFT_stock_gdelt_final_train,437.10998909087,459.5546400913191
MSFT_stock_gdelt_final_train,377.85000999345726,401.6677201748644
MSFT_stock_gdelt_final_train,382.7699865486066,407.1855986586816
MSFT_stock_gdelt_final_train,442.93999703406377,459.6775379273059
MSFT_stock_gdelt_final_train,426.99999857349036,459.5964886610273
MSFT_stock_gdelt_final_train,330.07998941279953,357.6770210980649
AAPL_stock_gdelt_final_train,130.05999810122975,142.79265267339946
AAPL_stock_gdelt_final_train,193.2199985634128,209.3434733753481
AAPL_stock_gdelt_final_train,162.50999346274446,168.04941876263112
AAPL_stock_gdelt_final_train,187.42999252363683,197.8197439629151
AAPL_stock_gdelt_final_train,165.75000098396936,165.99769063656143
AAPL_stock_gdelt_final_train,149.14999420506854,154.62575181043144
AAPL_stock_gdelt_final_train,150.4299933447287,164.82679177798136
AAPL_stock_gdelt_final_train,130.47999549383758,169.78017667632167
AAPL_stock_gdelt_final_train,220.1100015150402,234.55379712326888
MSFT_stock_gdelt_final_train,280.5700042184745,299.57375168504956
MSFT_stock_gdelt_final_train,216.44000244269,222.96667303685535
AAPL_stock_gdelt_final_train,150.8200073985248,152.95596182592092
MSFT_stock_gdelt_final_train,338.36999324239883,356.28997688599344
MSFT_stock_gdelt_final_train,245.38000608950097,270.9124005440563
AAPL_stock_gdelt_final_train,148.02999974091475,151.90228167664756
AAPL_stock_gdelt_final_train,145.4299917895199,137.49915473833323
AAPL_stock_gdelt_final_train,150.44000160869592,150.55004361894711
AAPL_stock_gdelt_final_train,216.32000715150508,237.01094922358888
MSFT_stock_gdelt_final_train,296.9700021572808,323.09575226406747
MSFT_stock_gdelt_final_train,339.3999930665505,367.151674238965
AAPL_stock_gdelt_final_train,130.02999881892194,138.83275803776337
AAPL_stock_gdelt_final_train,151.60000574492423,169.47330476611552
AAPL_stock_gdelt_final_train,129.92999270803125,138.25266562317117
AAPL_stock_gdelt_final_train,182.52000369594788,197.34101391928394
MSFT_stock_gdelt_final_train,426.99999857349036,455.34975667768236
MSFT_stock_gdelt_final_train,238.94999618032307,260.5537686519629
AAPL_stock_gdelt_final_train,171.55999804208594,185.65366597222302
MSFT_stock_gdelt_final_train,423.04001298978625,450.46934604298445
AAPL_stock_gdelt_final_train,218.24000373519584,232.4334736994732
MSFT_stock_gdelt_final_train,335.9399989760587,360.1673305666009
MSFT_stock_gdelt_final_train,416.54000183673276,451.1872087989287
AAPL_stock_gdelt_final_train,227.17999393967943,244.10435945533573
MSFT_stock_gdelt_final_train,369.8500091431052,405.09009620560397
MSFT_stock_gdelt_final_train,308.26000820796986,321.9629647438815
AAPL_stock_gdelt_final_train,147.27000516765284,152.16916092117503
MSFT_stock_gdelt_final_train,253.91999805687556,268.08944820815583
MSFT_stock_gdelt_final_train,247.58000061672465,261.075125742219
AAPL_stock_gdelt_final_train,125.99999956792675,136.41112592100927
MSFT_stock_gdelt_final_train,370.86998813701945,404.59823094374593
MSFT_stock_gdelt_final_train,424.51999146193344,457.0542565307297
MSFT_stock_gdelt_final_train,291.6000089099817,304.4550601617885
MSFT_stock_gdelt_final_train,237.4499969719859,255.01651428037076
MSFT_stock_gdelt_final_train,303.58999696410325,322.67830136798153
MSFT_stock_gdelt_final_train,257.8900158840634,276.12102190214506
MSFT_stock_gdelt_final_train,264.57998530385345,299.15178114343513
AAPL_stock_gdelt_final_train,255.27000219641178,257.6772405248647
MSFT_stock_gdelt_final_train,220.1000060654792,244.5622926462329
AAPL_stock_gdelt_final_train,172.27999782386973,180.31468655721233
MSFT_stock_gdelt_final_train,399.11999446868873,439.2760710589683
MSFT_stock_gdelt_final_train,428.73998601365025,460.28253128633156
AAPL_stock_gdelt_final_train,148.55999769068382,156.4998311252837
MSFT_stock_gdelt_final_train,252.570008851073,271.22415717072096
AAPL_stock_gdelt_final_train,156.77000323321073,184.82978262129106
AAPL_stock_gdelt_final_train,158.92999407536414,169.55778403758046
AAPL_stock_gdelt_final_train,167.22999533901506,175.1887207536227
AAPL_stock_gdelt_final_train,145.92999258278064,153.03737994612996
MSFT_stock_gdelt_final_train,368.79999048497126,400.00167535296356
AAPL_stock_gdelt_final_train,142.94000246458194,160.38154098172478
AAPL_stock_gdelt_final_train,231.41000328665652,247.963943990755
MSFT_stock_gdelt_final_train,339.3200090365918,369.70364567275834
AAPL_stock_gdelt_final_train,143.85999958755073,155.29015768412887
MSFT_stock_gdelt_final_train,424.1400216666444,458.63871946819205
AAPL_stock_gdelt_final_train,189.71999726218667,202.38690510793796
AAPL_stock_gdelt_final_train,194.35000554313277,209.01564108223698
MSFT_stock_gdelt_final_train,284.9100052504528,308.0185343519225
AAPL_stock_gdelt_final_train,131.88000451752595,155.10987288155218
MSFT_stock_gdelt_final_train,309.1600035481152,333.4305076449346
AAPL_stock_gdelt_final_train,131.55999729231272,138.15131813280655
AAPL_stock_gdelt_final_train,175.53000085426496,158.3488004966396
AAPL_stock_gdelt_final_train,192.46000824174982,173.77037033199272
AAPL_stock_gdelt_final_train,159.69000140342294,172.65938500604898
AAPL_stock_gdelt_final_train,209.07001052982096,224.1887134611944
MSFT_stock_gdelt_final_train,366.67998759653716,395.13386494216326
AAPL_stock_gdelt_final_train,162.94999569138952,186.2079384262915
MSFT_stock_gdelt_final_train,333.999998199186,357.00958967303455
AAPL_stock_gdelt_final_train,138.3800052638177,161.51350369696937
MSFT_stock_gdelt_final_train,413.1199997612203,441.3872629212711
AAPL_stock_gdelt_final_train,182.32000848056236,194.0512286773589
AAPL_stock_gdelt_final_train,224.30999457331362,239.6891674637725
AAPL_stock_gdelt_final_train,182.8899990960101,195.1540594364848
AAPL_stock_gdelt_final_train,132.2299961444506,144.7310331710215
MSFT_stock_gdelt_final_train,277.66000685758087,296.1640519665162
MSFT_stock_gdelt_final_train,250.77999715245005,263.19369817045214
MSFT_stock_gdelt_final_train,240.97000191143934,258.8688995825242
MSFT_stock_gdelt_final_train,258.3500077534655,283.3809726457767
MSFT_stock_gdelt_final_train,253.80999718918974,269.13816575621337
MSFT_stock_gdelt_final_train,264.8900147259138,287.22026695444225
MSFT_stock_gdelt_final_train,284.47000177970955,300.6469316243093
AAPL_stock_gdelt_final_train,232.8699938685647,247.6247174124136
AAPL_stock_gdelt_final_train,139.22999555820363,145.91056702710256
MSFT_stock_gdelt_final_train,275.2300125912407,299.044968375878
AAPL_stock_gdelt_final_train,148.47999535293064,159.99559783393912
MSFT_stock_gdelt_final_train,272.2900098058663,295.06103019263907
MSFT_stock_gdelt_final_train,336.4400056869327,358.29983433895546
MSFT_stock_gdelt_final_train,343.7699957185942,373.4204530223033
MSFT_stock_gdelt_final_train,257.23998965961624,272.2446459563026
AAPL_stock_gdelt_final_train,160.6199961613615,169.11039678153054
MSFT_stock_gdelt_final_train,228.16999769756444,249.87267831260579
AAPL_stock_gdelt_final_train,127.4499967664641,131.6110685619984
MSFT_stock_gdelt_final_train,453.5499942623174,458.0684223778699
AAPL_stock_gdelt_final_train,175.7400043336177,182.94663039424427
AAPL_stock_gdelt_final_train,172.74999933482263,181.69914323188115
MSFT_stock_gdelt_final_train,333.13000447910605,353.9286675357908
AAPL_stock_gdelt_final_train,175.83999768971148,189.2708243345708
MSFT_stock_gdelt_final_train,414.01000470645164,437.54029891110264
AAPL_stock_gdelt_final_train,164.5099923841884,177.1910623060972
MSFT_stock_gdelt_final_train,262.63000554531305,280.9400444894964
MSFT_stock_gdelt_final_train,285.2999882671484,304.81377088366577
AAPL_stock_gdelt_final_train,178.44000351530684,173.78733421186917
AAPL_stock_gdelt_final_train,150.47000089100374,184.28887719437336
MSFT_stock_gdelt_final_train,287.23001386676884,309.2217644281737
AAPL_stock_gdelt_final_train,166.2299937524936,183.76635568138693
AAPL_stock_gdelt_final_train,179.30000419945947,181.29314954336934
MSFT_stock_gdelt_final_train,429.040002214304,456.88120128173983
AAPL_stock_gdelt_final_train,146.1000055222542,180.0055017771684
MSFT_stock_gdelt_final_train,334.75000065666615,367.6261457134861
MSFT_stock_gdelt_final_train,247.1799929653762,272.2964544856014
MSFT_stock_gdelt_final_train,259.89001609665144,276.9054010574328
MSFT_stock_gdelt_final_train,425.2699939194136,451.507175354087
MSFT_stock_gdelt_final_train,254.08000035653185,288.9806004083112
AAPL_stock_gdelt_final_train,193.60000647904116,208.65570071373062
MSFT_stock_gdelt_final_train,301.82998308113025,323.99866178643066
MSFT_stock_gdelt_final_train,300.209994512401,320.64166083040624
MSFT_stock_gdelt_final_train,245.71000488814298,265.0145294384575
AAPL_stock_gdelt_final_train,186.8600019081891,196.17320172155357
MSFT_stock_gdelt_final_train,321.17999322230213,341.3320654416712
MSFT_stock_gdelt_final_train,229.24999990479046,252.6780390315671
AAPL_stock_gdelt_final_train,164.77000317058545,157.41679898398883
AAPL_stock_gdelt_final_train,154.0899950698622,166.10513704564354
MSFT_stock_gdelt_final_train,426.28000534490644,454.72796302012654
MSFT_stock_gdelt_final_train,251.75999554463124,261.9945616452015
AAPL_stock_gdelt_final_train,157.35000636422464,168.9489635687714
MSFT_stock_gdelt_final_train,446.0199908939431,467.1050351263876
AAPL_stock_gdelt_final_train,152.36999370155698,166.4103678386486
MSFT_stock_gdelt_final_train,224.97000116183904,236.47933271305737
MSFT_stock_gdelt_final_train,424.82999044867034,460.4220772442314
MSFT_stock_gdelt_final_train,406.0199866421827,436.05115940660477
MSFT_stock_gdelt_final_train,410.3399916666713,447.11465817154027
AAPL_stock_gdelt_final_train,181.71000606724064,194.8543217093445
AAPL_stock_gdelt_final_train,135.39000026502262,151.57338223219583
MSFT_stock_gdelt_final_train,268.39999503071436,285.64141933415164
AAPL_stock_gdelt_final_train,237.32999771323514,251.1602705841978
AAPL_stock_gdelt_final_train,176.64999531841875,180.84830474350142
AAPL_stock_gdelt_final_train,258.2000086305912,257.35906786460555
MSFT_stock_gdelt_final_train,257.3800035606137,275.5161388711668
MSFT_stock_gdelt_final_train,370.9500178199633,398.53676236591133
MSFT_stock_gdelt_final_train,274.73000968478215,296.07143727733643
MSFT_stock_gdelt_final_train,369.67001464037463,398.00721817365417
AAPL_stock_gdelt_final_train,136.72000033432863,148.0294746684424
MSFT_stock_gdelt_final_train,427.9899835561701,455.05620798325623
MSFT_stock_gdelt_final_train,367.75000226216076,399.7183224918845
MSFT_stock_gdelt_final_train,287.92999587020137,315.52604601628633
MSFT_stock_gdelt_final_train,431.2000123353792,459.7444347681922
AAPL_stock_gdelt_final_train,196.88999579771658,209.4696353230809
MSFT_stock_gdelt_final_train,244.49000494868505,261.61981150787966
AAPL_stock_gdelt_final_train,190.6400007625539,206.61110677072676
AAPL_stock_gdelt_final_train,145.52000451703978,146.5411599342192
MSFT_stock_gdelt_final_train,288.29999048823817,305.99393098476145
AAPL_stock_gdelt_final_train,214.28999619295644,227.05403606869703
AAPL_stock_gdelt_final_train,123.98999769701432,164.60604025644125
MSFT_stock_gdelt_final_train,301.8800035351779,327.7923335452834
AAPL_stock_gdelt_final_train,122.15000132527726,122.17852423984397
AAPL_stock_gdelt_final_train,170.2899944115961,178.95613062344762
MSFT_stock_gdelt_final_train,456.73001381263026,460.99620918530496
MSFT_stock_gdelt_final_train,312.3099986518701,328.79671443594276
AAPL_stock_gdelt_final_train,225.00000357598748,246.69002888921594
AAPL_stock_gdelt_final_train,149.69999592797515,149.48718639330448
AAPL_stock_gdelt_final_train,179.58000175259818,175.698172851386
AAPL_stock_gdelt_final_train,143.96000569844142,149.78711969399725
MSFT_stock_gdelt_final_train,329.9100005226447,359.3078065977789
MSFT_stock_gdelt_final_train,398.8999927333171,427.89234703862536
AAPL_stock_gdelt_final_train,141.8600006661068,152.39342426346153
MSFT_stock_gdelt_final_train,328.6000033318215,359.73510332099255
AAPL_stock_gdelt_final_train,194.17000134608784,208.355240214766
AAPL_stock_gdelt_final_train,130.36000049040572,122.1748869969281
AAPL_stock_gdelt_final_train,120.52999889328947,131.55366985015078
MSFT_stock_gdelt_final_train,289.6300065130436,307.9684378095663
AAPL_stock_gdelt_final_train,156.8099980246889,171.55222611917515
AAPL_stock_gdelt_final_train,155.08999665638365,163.42991193113235
AAPL_stock_gdelt_final_train,178.6699980130002,186.67668571554927
MSFT_stock_gdelt_final_train,414.7399959387804,447.71727757533887
MSFT_stock_gdelt_final_train,277.6499936361743,290.90386936613146
MSFT_stock_gdelt_final_train,317.0100115158021,349.9782995142887
AAPL_stock_gdelt_final_train,169.71000828697805,180.5965335559015
MSFT_stock_gdelt_final_train,311.209989975012,326.0948946872705
AAPL_stock_gdelt_final_train,171.1399995865784,182.36249470903488
AAPL_stock_gdelt_final_train,246.49000816423663,253.23452368159218
MSFT_stock_gdelt_final_train,295.36999437837954,298.27203290219774
AAPL_stock_gdelt_final_train,155.96000560450346,159.45981983537507
AAPL_stock_gdelt_final_train,133.4900053286699,183.92635185369537
AAPL_stock_gdelt_final_train,188.0599944584971,198.48032339754266
MSFT_stock_gdelt_final_train,290.7300075810709,322.32700164735803
AAPL_stock_gdelt_final_train,160.240005252129,167.58948928962994
AAPL_stock_gdelt_final_train,130.72999589046793,182.89593432816736
MSFT_stock_gdelt_final_train,337.22000215564736,367.68768593744977
AAPL_stock_gdelt_final_train,189.770004569231,204.37528440940636
AAPL_stock_gdelt_final_train,140.08999624235622,167.5957561465066
AAPL_stock_gdelt_final_train,145.11000157070254,134.0627275964536
MSFT_stock_gdelt_final_train,288.76001279296366,304.1520460817774
AAPL_stock_gdelt_final_train,236.47999253825284,251.35764681461995
MSFT_stock_gdelt_final_train,244.97000043440767,273.79300499135303
AAPL_stock_gdelt_final_train,120.9899977204988,132.19827602746108
MSFT_stock_gdelt_final_train,230.35000667944087,246.29957134260803
MSFT_stock_gdelt_final_train,262.9700023476999,286.24985188472425
AAPL_stock_gdelt_final_train,172.69000077020695,190.4195893689311
MSFT_stock_gdelt_final_train,232.89999411058852,253.71112043221547
MSFT_stock_gdelt_final_train,308.6499912246655,334.46331512767216
MSFT_stock_gdelt_final_train,323.17001445322245,334.9036533869731
AAPL_stock_gdelt_final_train,228.19999504773943,244.98782471418463
AAPL_stock_gdelt_final_train,133.47999600180296,142.79143246449607
MSFT_stock_gdelt_final_train,260.3599869477212,283.17102978479676
MSFT_stock_gdelt_final_train,316.48001079369357,340.2359524862114
MSFT_stock_gdelt_final_train,268.75000125009234,290.4339936254474
MSFT_stock_gdelt_final_train,403.9299929826448,436.3475994567562
MSFT_stock_gdelt_final_train,327.73000961174154,357.88818137198183
AAPL_stock_gdelt_final_train,180.1900041659199,191.23141518519398
AAPL_stock_gdelt_final_train,151.75999553983422,163.19992593663693
MSFT_stock_gdelt_final_train,276.3800036779922,302.04742824933425
AAPL_stock_gdelt_final_train,151.21000657172453,173.20958442830752
AAPL_stock_gdelt_final_train,139.1399998370796,153.62893041993695
MSFT_stock_gdelt_final_train,299.35000640489676,322.651213930134
MSFT_stock_gdelt_final_train,416.05999113334843,450.6669625979776
MSFT_stock_gdelt_final_train,323.3800029671875,357.76580093649324
AAPL_stock_gdelt_final_train,145.39999463301157,157.43606723050513
MSFT_stock_gdelt_final_train,409.5400144081287,449.67974722972946
AAPL_stock_gdelt_final_train,132.05000257640313,155.496428259589
AAPL_stock_gdelt_final_train,150.02000527898787,159.74818878687887
MSFT_stock_gdelt_final_train,417.0000013149657,450.22268296429326
MSFT_stock_gdelt_final_train,294.2999873215868,324.628566457679
AAPL_stock_gdelt_final_train,171.83999559522465,182.25206367747825
AAPL_stock_gdelt_final_train,189.7899955875716,204.04197605682634
AAPL_stock_gdelt_final_train,218.79999884147327,232.00969982408338
AAPL_stock_gdelt_final_train,146.05999797597917,161.04757096622743
MSFT_stock_gdelt_final_train,258.0599971653874,279.97952089989127
MSFT_stock_gdelt_final_train,331.829990074366,364.5451931409189
MSFT_stock_gdelt_final_train,337.7699912764147,372.66045256107833
AAPL_stock_gdelt_final_train,196.4499978206705,211.3534763091603
MSFT_stock_gdelt_final_train,256.72000215891427,270.98877798818927
AAPL_stock_gdelt_final_train,138.33999559174316,173.39585548222908
MSFT_stock_gdelt_final_train,233.86999449902487,252.1994321574757
AAPL_stock_gdelt_final_train,176.38000602924726,195.3279668406117
AAPL_stock_gdelt_final_train,235.85999886735976,254.11997868875739
AAPL_stock_gdelt_final_train,129.7400057566129,132.09154388700534
MSFT_stock_gdelt_final_train,278.9100008082733,311.3817897669106
AAPL_stock_gdelt_final_train,173.92999236359208,185.86227492711473
AAPL_stock_gdelt_final_train,190.53999465166322,186.69391319456165
MSFT_stock_gdelt_final_train,445.70000912112306,463.56534614150956
AAPL_stock_gdelt_final_train,222.66000003359125,232.75415480312265
AAPL_stock_gdelt_final_train,148.71000685701986,186.19300681072104
MSFT_stock_gdelt_final_train,320.39999675358746,345.2633200800629
AAPL_stock_gdelt_final_train,194.27000745697853,197.46860440426946
AAPL_stock_gdelt_final_train,221.55000107860778,236.43361609672596
MSFT_stock_gdelt_final_train,232.4199986248659,250.51232989618074
MSFT_stock_gdelt_final_train,375.2800056305351,406.15779778664734
AAPL_stock_gdelt_final_train,127.84999888913232,125.94727974074179
MSFT_stock_gdelt_final_train,335.95001219746524,361.6038778322218
AAPL_stock_gdelt_final_train,142.91000318227412,155.68706995724818
AAPL_stock_gdelt_final_train,189.36999713206407,204.34569328059933
MSFT_stock_gdelt_final_train,329.82001088011026,358.2153002281448
AAPL_stock_gdelt_final_train,220.82001003925265,240.59218157466947
MSFT_stock_gdelt_final_train,265.8999957160832,282.46652813583574
AAPL_stock_gdelt_final_train,189.839994391418,203.57180873351376
AAPL_stock_gdelt_final_train,194.71000543402465,206.21178809259243
MSFT_stock_gdelt_final_train,409.1400181700265,436.5271222119737
MSFT_stock_gdelt_final_train,411.8399965816316,451.4080779410179
AAPL_stock_gdelt_final_train,174.77999753857438,182.17245673842896
MSFT_stock_gdelt_final_train,236.47999658354956,256.0382851539517
AAPL_stock_gdelt_final_train,148.27999801174562,161.21787301443072
MSFT_stock_gdelt_final_train,408.39001571254636,441.44750964398924
AAPL_stock_gdelt_final_train,138.88000393127894,155.67718924124995
AAPL_stock_gdelt_final_train,224.2299964871594,246.3082778180113
MSFT_stock_gdelt_final_train,231.3200070678772,266.8803593321455
MSFT_stock_gdelt_final_train,262.8500072806847,279.5146822052339
AAPL_stock_gdelt_final_train,183.78999457164085,198.7554528698647
MSFT_stock_gdelt_final_train,341.9500090308139,368.721832574418
MSFT_stock_gdelt_final_train,328.7900110559586,357.0845366569666
MSFT_stock_gdelt_final_train,372.5199935434758,398.09392841008963
MSFT_stock_gdelt_final_train,418.46999700102975,454.9901024607789
MSFT_stock_gdelt_final_train,275.8500067602991,304.21667549106866
AAPL_stock_gdelt_final_train,143.7500000932892,153.6904935729723
AAPL_stock_gdelt_final_train,152.33999441924917,158.2718890713351
AAPL_stock_gdelt_final_train,160.0099937480398,163.3414446598368
MSFT_stock_gdelt_final_train,255.13999799633348,257.31034851854207
AAPL_stock_gdelt_final_train,171.10000479510026,183.821600958358
AAPL_stock_gdelt_final_train,135.13000435922194,138.08753564511068
AAPL_stock_gdelt_final_train,185.55999899539142,193.21323001785805
AAPL_stock_gdelt_final_train,226.80000303044693,241.14221093296936
AAPL_stock_gdelt_final_train,143.16000357890448,151.20590377872182
AAPL_stock_gdelt_final_train,164.89999580898706,173.7673601999244
MSFT_stock_gdelt_final_train,441.05999188849097,461.08599338940627
MSFT_stock_gdelt_final_train,404.5199817272224,437.1548203222738
AAPL_stock_gdelt_final_train,121.2600018902667,126.9430956280807
AAPL_stock_gdelt_final_train,153.83999679903133,153.30316440392357
AAPL_stock_gdelt_final_train,194.83000256325596,208.89422391895084
MSFT_stock_gdelt_final_train,254.69000413067624,272.7668400179528
AAPL_stock_gdelt_final_train,124.97000135634683,158.06356072197516
MSFT_stock_gdelt_final_train,295.7099949851818,321.06159220535125
MSFT_stock_gdelt_final_train,374.36998946015234,401.49773889354043
AAPL_stock_gdelt_final_train,220.27000619054658,232.99621533868302
MSFT_stock_gdelt_final_train,248.88000360821843,257.3310293208088
AAPL_stock_gdelt_final_train,144.57000811176317,133.88070388989962
AAPL_stock_gdelt_final_train,159.58999529253225,167.00291318661377
AAPL_stock_gdelt_final_train,177.78999355571008,192.17777009595576
MSFT_stock_gdelt_final_train,414.92002087683437,446.6349974743753
MSFT_stock_gdelt_final_train,343.1099905124793,368.1554616408176
MSFT_stock_gdelt_final_train,329.05999520122356,358.3862402221567
MSFT_stock_gdelt_final_train,432.6799908075264,459.5158959246001
MSFT_stock_gdelt_final_train,239.2299954492023,255.04704471418063
AAPL_stock_gdelt_final_train,187.6799907944677,197.75373363736077
AAPL_stock_gdelt_final_train,184.3999927333636,201.0911197813151
AAPL_stock_gdelt_final_train,155.85000398444248,164.6127917956001
MSFT_stock_gdelt_final_train,378.85000819754356,412.67594839246163
MSFT_stock_gdelt_final_train,346.07000832742057,364.6543646460414
MSFT_stock_gdelt_final_train,418.39999575715416,457.4630942302866
MSFT_stock_gdelt_final_train,259.6199939072322,281.46995390563467
AAPL_stock_gdelt_final_train,183.3800043801005,186.00184641798796
MSFT_stock_gdelt_final_train,337.20001375698854,355.5559681909727
AAPL_stock_gdelt_final_train,222.00999857719242,238.89869317751953
AAPL_stock_gdelt_final_train,225.88999929084898,242.4512612483678
AAPL_stock_gdelt_final_train,148.83999524382253,159.27596368966647
AAPL_stock_gdelt_final_train,143.0000010291976,153.43201336220318
AAPL_stock_gdelt_final_train,181.82000768730163,181.29449304864278
MSFT_stock_gdelt_final_train,238.72999634715916,249.35848874101612
MSFT_stock_gdelt_final_train,304.20999493757705,326.1406541960387
AAPL_stock_gdelt_final_train,126.84999836551061,132.6059831103564
AAPL_stock_gdelt_final_train,173.55999696352987,171.76145580751597
MSFT_stock_gdelt_final_train,232.13000515665726,253.52614975410506
MSFT_stock_gdelt_final_train,297.30999515525224,315.6214607552211
AAPL_stock_gdelt_final_train,151.02999812308065,160.53670733760723
MSFT_stock_gdelt_final_train,314.97000026615757,332.5031281225384
AAPL_stock_gdelt_final_train,166.8899992212607,182.13089310693218
AAPL_stock_gdelt_final_train,249.78999724368134,256.2534990757452
AAPL_stock_gdelt_final_train,147.91999812085373,154.55188452998698
AAPL_stock_gdelt_final_train,123.54000102209869,139.29104001616503
AAPL_stock_gdelt_final_train,174.21000692312666,184.08873742462296
MSFT_stock_gdelt_final_train,370.2699861710353,395.40353712536313
AAPL_stock_gdelt_final_train,141.50000077521491,153.23333614249728
MSFT_stock_gdelt_final_train,270.4100046602935,293.0120785667387
MSFT_stock_gdelt_final_train,285.7600105718739,309.54556583408345
AAPL_stock_gdelt_final_train,168.82000832051762,180.16334664039977
MSFT_stock_gdelt_final_train,399.04001043873,443.6942452191616
MSFT_stock_gdelt_final_train,277.3200062507786,298.7285475358986
AAPL_stock_gdelt_final_train,129.61999480968495,191.07426758419314
MSFT_stock_gdelt_final_train,321.85998682707583,348.0086166882466
AAPL_stock_gdelt_final_train,189.9699997846165,204.63174936226534
MSFT_stock_gdelt_final_train,281.76998532395015,304.62402185977777
MSFT_stock_gdelt_final_train,337.30999940701264,354.4368917839893
AAPL_stock_gdelt_final_train,230.57000637564144,249.20641426633762
AAPL_stock_gdelt_final_train,152.55000215020087,169.636089987346
MSFT_stock_gdelt_final_train,336.0700110688959,363.66336008002696
AAPL_stock_gdelt_final_train,165.11999479751012,177.32706245383852
AAPL_stock_gdelt_final_train,126.11000012508802,134.01023948141233
AAPL_stock_gdelt_final_train,193.72999486584382,206.09920575195872
MSFT_stock_gdelt_final_train,424.010017182638,450.56202160281106
MSFT_stock_gdelt_final_train,304.3599878202422,318.14331643648626
MSFT_stock_gdelt_final_train,423.0299997683797,449.6125308179472
AAPL_stock_gdelt_final_train,170.0300006315949,178.83962830856677
MSFT_stock_gdelt_final_train,327.26001212976377,345.7756835322471
AAPL_stock_gdelt_final_train,144.86999455744302,159.63150790484144
MSFT_stock_gdelt_final_train,406.3500120717327,464.22022299562747
AAPL_stock_gdelt_final_train,150.5899958944356,160.1045237994616
AAPL_stock_gdelt_final_train,182.6300053160089,193.01647452088503
MSFT_stock_gdelt_final_train,338.700011063118,363.6979346074368
AAPL_stock_gdelt_final_train,168.44999591405957,180.89957052383983
AAPL_stock_gdelt_final_train,190.67999130243308,189.08033569447443
MSFT_stock_gdelt_final_train,303.6799942154685,326.71195565203385
MSFT_stock_gdelt_final_train,332.6400109896386,353.9684617211679
MSFT_stock_gdelt_final_train,300.4700034804137,318.28911685334975
MSFT_stock_gdelt_final_train,235.77000516312592,246.31183297353255
MSFT_stock_gdelt_final_train,307.41000288654874,331.76446282303374
AAPL_stock_gdelt_final_train,126.04000073680335,135.5786224531727
AAPL_stock_gdelt_final_train,181.16000221853454,194.35000554313277
AAPL_stock_gdelt_final_train,228.02999911466173,242.91860550996662
AAPL_stock_gdelt_final_train,145.36999535070373,154.93747904665736
MSFT_stock_gdelt_final_train,247.64999425176939,263.8501957055424
AAPL_stock_gdelt_final_train,197.9600042128209,208.98764855464137
AAPL_stock_gdelt_final_train,179.46000462336684,187.5203985240611
MSFT_stock_gdelt_final_train,376.04000609176006,404.13425965580615
MSFT_stock_gdelt_final_train,404.86998794660036,435.19682466042656
AAPL_stock_gdelt_final_train,142.83000084452092,153.1420288030921
AAPL_stock_gdelt_final_train,167.9999981762442,180.44950476044096
MSFT_stock_gdelt_final_train,302.0100080191842,324.45120461042467
AAPL_stock_gdelt_final_train,192.52999806393683,209.86905603959045
MSFT_stock_gdelt_final_train,339.51000915189803,362.867628549102
AAPL_stock_gdelt_final_train,127.30999798989474,131.50118386090898
MSFT_stock_gdelt_final_train,336.9899871988692,361.1076451014524
AAPL_stock_gdelt_final_train,128.10000566316114,132.0397891727858
AAPL_stock_gdelt_final_train,142.02000534161314,135.5383300497669
AAPL_stock_gdelt_final_train,155.3300036696432,166.68848193344513
MSFT_stock_gdelt_final_train,424.7999812197741,455.03055100560965
AAPL_stock_gdelt_final_train,177.2499979709712,191.01408194922294
MSFT_stock_gdelt_final_train,328.3900148178564,348.5329412225365
MSFT_stock_gdelt_final_train,443.5700082289441,464.87318242436965
AAPL_stock_gdelt_final_train,184.25000057342342,197.2536010445321
MSFT_stock_gdelt_final_train,370.60001160058533,398.1428379748323
MSFT_stock_gdelt_final_train,430.9800106000076,453.9634885663582
AAPL_stock_gdelt_final_train,134.7799978517009,140.93070317039871
MSFT_stock_gdelt_final_train,244.69000306773614,266.6893928953205
AAPL_stock_gdelt_final_train,193.57999845430467,208.7967007418566
AAPL_stock_gdelt_final_train,151.279998519711,147.01716470291282
AAPL_stock_gdelt_final_train,168.63999987187375,181.88505715148952
AAPL_stock_gdelt_final_train,225.91000731558546,247.06824263008045
AAPL_stock_gdelt_final_train,142.05999800729182,151.77997167757846
AAPL_stock_gdelt_final_train,175.16000545420275,190.58875198861136
AAPL_stock_gdelt_final_train,227.47999526595567,241.74497712485007
AAPL_stock_gdelt_final_train,136.33000116112893,143.3517166795032
AAPL_stock_gdelt_final_train,235.0600009994218,250.85956349249312
AAPL_stock_gdelt_final_train,190.8999945425551,206.52562412190574
AAPL_stock_gdelt_final_train,146.14000031373234,148.56779512318843
MSFT_stock_gdelt_final_train,287.14999179265584,302.7464667577406
AAPL_stock_gdelt_final_train,183.63000690253034,197.7929418830301
MSFT_stock_gdelt_final_train,414.0499815037693,441.4012479523845
MSFT_stock_gdelt_final_train,355.07999016794207,372.68828566434973
AAPL_stock_gdelt_final_train,133.97999573216393,141.04888061527237
MSFT_stock_gdelt_final_train,276.41000529805757,292.20934691142617
AAPL_stock_gdelt_final_train,150.17999294809835,156.61464980697377
MSFT_stock_gdelt_final_train,253.66999850585398,283.9974401217333
MSFT_stock_gdelt_final_train,328.3399943638088,362.99524386021955
MSFT_stock_gdelt_final_train,415.8399893979768,450.7059959002691
MSFT_stock_gdelt_final_train,289.1000057909351,305.6772057915478
AAPL_stock_gdelt_final_train,227.5200028122307,241.3143581751241
AAPL_stock_gdelt_final_train,135.42999293070127,142.12920978686793
MSFT_stock_gdelt_final_train,408.5899910051049,440.79490022146643
AAPL_stock_gdelt_final_train,177.30000102641657,187.4710204536638
MSFT_stock_gdelt_final_train,247.10999933033145,260.7079692180915
AAPL_stock_gdelt_final_train,191.55999575972322,203.01765532421635
AAPL_stock_gdelt_final_train,222.71999859820693,243.10715542093425
MSFT_stock_gdelt_final_train,427.8699922935703,455.9334148749877
MSFT_stock_gdelt_final_train,287.0199873086495,313.8586620401548
AAPL_stock_gdelt_final_train,181.17999323687516,194.69270992942882
AAPL_stock_gdelt_final_train,134.16000418080782,141.42943486136795
AAPL_stock_gdelt_final_train,165.300003246154,174.7668090785802
MSFT_stock_gdelt_final_train,316.88000703179574,345.3085621883329
AAPL_stock_gdelt_final_train,179.44999635939965,152.91800355034775
AAPL_stock_gdelt_final_train,178.190000992877,189.0351837134499
MSFT_stock_gdelt_final_train,420.5499926568228,451.4818836003215
MSFT_stock_gdelt_final_train,242.82000733915447,258.39701891490955
AAPL_stock_gdelt_final_train,247.77000305229782,258.5102478071788
MSFT_stock_gdelt_final_train,231.92999181994446,254.0462399740236
MSFT_stock_gdelt_final_train,405.72000087685234,433.26857952722645
AAPL_stock_gdelt_final_train,145.53999340958092,156.70940094154184
AAPL_stock_gdelt_final_train,177.77000253736946,192.10386880271955
AAPL_stock_gdelt_final_train,165.07000874846062,174.67458339379826
MSFT_stock_gdelt_final_train,269.32000920484194,287.97147160719766
MSFT_stock_gdelt_final_train,416.55999784422244,448.46355170569956
MSFT_stock_gdelt_final_train,345.23999140465827,365.4977122404635
MSFT_stock_gdelt_final_train,313.64001467667555,335.721374439072
AAPL_stock_gdelt_final_train,148.30999729405346,164.25501974256667
MSFT_stock_gdelt_final_train,304.560001156955,324.88244270802176
AAPL_stock_gdelt_final_train,150.19000333786505,161.10572433689163
AAPL_stock_gdelt_final_train,166.16999943947692,160.73390500087277
MSFT_stock_gdelt_final_train,251.86000221298764,270.86473882757406
AAPL_stock_gdelt_final_train,169.64999271596653,176.61683284647984
AAPL_stock_gdelt_final_train,213.30999412797354,223.86326206350452
MSFT_stock_gdelt_final_train,288.4999962161201,301.88461448667664
MSFT_stock_gdelt_final_train,264.6000079422511,270.190999681764
MSFT_stock_gdelt_final_train,345.1099869206519,366.58833162004527
AAPL_stock_gdelt_final_train,146.08999725828699,154.33385403178542
AAPL_stock_gdelt_final_train,121.38999931171716,125.3751633258108
MSFT_stock_gdelt_final_train,444.8500114085328,465.7421717787766
MSFT_stock_gdelt_final_train,310.70001569571656,324.75350346033525
MSFT_stock_gdelt_final_train,256.4800120248838,284.3796925662792
AAPL_stock_gdelt_final_train,182.9100028691476,199.2031122282485
MSFT_stock_gdelt_final_train,414.20001243058874,439.8929341941294
AAPL_stock_gdelt_final_train,225.66999605072695,242.0947221590347
AAPL_stock_gdelt_final_train,173.72000163903624,185.11411255377666
MSFT_stock_gdelt_final_train,299.79000987564,318.081806647846
MSFT_stock_gdelt_final_train,337.67999402504944,366.373914766522
AAPL_stock_gdelt_final_train,154.50999352536977,166.31003860623645
AAPL_stock_gdelt_final_train,148.60000523695885,158.2270091926444
MSFT_stock_gdelt_final_train,399.6099879581562,424.5769816050452
AAPL_stock_gdelt_final_train,183.86000140022372,196.43972595756736
MSFT_stock_gdelt_final_train,284.0499867076251,301.7124114267427
AAPL_stock_gdelt_final_train,193.88999954135016,204.31628922214682
AAPL_stock_gdelt_final_train,145.49000523473194,153.41146963599692
AAPL_stock_gdelt_final_train,145.6399995204716,155.71860831838188
MSFT_stock_gdelt_final_train,395.14999566357807,441.5602877349375
MSFT_stock_gdelt_final_train,294.8500068776776,317.5669018461559
MSFT_stock_gdelt_final_train,409.339993462585,450.2033565339189
AAPL_stock_gdelt_final_train,129.8699952063153,138.4357798648601
MSFT_stock_gdelt_final_train,335.85000933352427,361.5868797040894
AAPL_stock_gdelt_final_train,229.8699976121983,244.5643569539204
AAPL_stock_gdelt_final_train,189.4100046783391,204.00395825886764
AAPL_stock_gdelt_final_train,133.11000060174075,141.42448812597038
AAPL_stock_gdelt_final_train,126.90000142095596,132.72518093898202
AAPL_stock_gdelt_final_train,174.329999800759,185.51382237901595
AAPL_stock_gdelt_final_train,133.11000060174075,143.55888859394423
MSFT_stock_gdelt_final_train,397.57998232108736,436.50102392213745
MSFT_stock_gdelt_final_train,226.7299960227349,241.75666942260705
MSFT_stock_gdelt_final_train,318.26998825257766,341.02063599473337
MSFT_stock_gdelt_final_train,341.2499965920579,369.38635742606135
MSFT_stock_gdelt_final_train,329.67999317469736,364.15554491278095
AAPL_stock_gdelt_final_train,142.9900055200273,155.12657316229271
MSFT_stock_gdelt_final_train,225.94999670070865,236.1759343870881
AAPL_stock_gdelt_final_train,148.47999535293064,167.76247834838006
AAPL_stock_gdelt_final_train,122.54000102992686,129.77304918378078
MSFT_stock_gdelt_final_train,374.6900016682958,399.4951859182002
MSFT_stock_gdelt_final_train,416.42001057413296,459.01544790153645
AAPL_stock_gdelt_final_train,148.4700019695598,155.79651461784457
AAPL_stock_gdelt_final_train,147.07000782646782,159.13562691097928
MSFT_stock_gdelt_final_train,293.4700008341479,312.3960317023594
MSFT_stock_gdelt_final_train,247.4900071697748,264.52220003791723
AAPL_stock_gdelt_final_train,146.9499979424396,130.8022826389966
MSFT_stock_gdelt_final_train,249.00999287456307,276.4225142159849
MSFT_stock_gdelt_final_train,254.250000659933,279.1520453266349
MSFT_stock_gdelt_final_train,234.55000332146028,250.18227403130732
MSFT_stock_gdelt_final_train,264.4599902368382,277.6680646094574
AAPL_stock_gdelt_final_train,173.02999688796132,180.87719010688
MSFT_stock_gdelt_final_train,319.35998370802923,348.0758483176906
AAPL_stock_gdelt_final_train,145.02999923294936,168.0627092610005
MSFT_stock_gdelt_final_train,330.10998342403406,358.20286739852605
AAPL_stock_gdelt_final_train,191.2899937157548,206.24539273082388
MSFT_stock_gdelt_final_train,294.23000890420377,316.5691862913264
AAPL_stock_gdelt_final_train,149.44999765714425,158.2741509219853
MSFT_stock_gdelt_final_train,235.46000617638902,253.66353099962635
AAPL_stock_gdelt_final_train,127.83000149339324,136.17280041514098
AAPL_stock_gdelt_final_train,136.8699946200683,140.9861036307321
MSFT_stock_gdelt_final_train,340.6700058512252,356.7241976452861
AAPL_stock_gdelt_final_train,146.71000580977645,160.86225227047436
MSFT_stock_gdelt_final_train,221.38999963998185,226.76578701197786
AAPL_stock_gdelt_final_train,144.2899935522286,151.82885231089665
AAPL_stock_gdelt_final_train,167.4499985791371,173.693484416282
AAPL_stock_gdelt_final_train,135.2700052615908,150.00966964190022
MSFT_stock_gdelt_final_train,310.9800130623881,325.74228624773974
AAPL_stock_gdelt_final_train,194.50000195467192,208.5100069203456
AAPL_stock_gdelt_final_train,141.50999415858573,152.8473844915137
MSFT_stock_gdelt_final_train,425.23001712209594,455.06539945093033
AAPL_stock_gdelt_final_train,120.08999639891948,128.36063399430807
MSFT_stock_gdelt_final_train,256.0599969527994,277.2266915491601
AAPL_stock_gdelt_final_train,193.99000565224088,203.67140669090367
MSFT_stock_gdelt_final_train,409.44000393535686,449.4769262344308
AAPL_stock_gdelt_final_train,164.91999958212457,155.0016101654685
MSFT_stock_gdelt_final_train,333.55999472844275,361.609523584717
AAPL_stock_gdelt_final_train,171.96000547925289,187.9031614758198
AAPL_stock_gdelt_final_train,140.94000141733852,148.5232383660192
MSFT_stock_gdelt_final_train,252.99000490108028,287.71850841655765
AAPL_stock_gdelt_final_train,146.3600014280549,161.32010696317988
MSFT_stock_gdelt_final_train,414.10998474390004,451.52044515509994
AAPL_stock_gdelt_final_train,220.85000932156046,237.39121223515522
AAPL_stock_gdelt_final_train,124.84999838116693,133.94347237124197
MSFT_stock_gdelt_final_train,422.92000650952474,461.30114069069174
MSFT_stock_gdelt_final_train,243.02999965753497,257.82273099280343
AAPL_stock_gdelt_final_train,148.71000685701986,180.58267334327059
AAPL_stock_gdelt_final_train,163.75999332009678,131.26240555975076
MSFT_stock_gdelt_final_train,438.69000847111244,459.820979606604
MSFT_stock_gdelt_final_train,232.38000470767884,245.3525458189415
MSFT_stock_gdelt_final_train,401.7000120530175,441.1377237045163
MSFT_stock_gdelt_final_train,452.8500122588849,463.13054711107185
MSFT_stock_gdelt_final_train,402.1799923210784,436.31415103631304
MSFT_stock_gdelt_final_train,231.85000588777802,250.77860854081882
AAPL_stock_gdelt_final_train,180.5700078299493,190.64972842098933
MSFT_stock_gdelt_final_train,318.9599950787579,333.95047992797487
AAPL_stock_gdelt_final_train,151.49000625066273,160.6442472818666
MSFT_stock_gdelt_final_train,321.8800056610581,340.8258803601421
MSFT_stock_gdelt_final_train,228.99000615443947,247.795866952526
MSFT_stock_gdelt_final_train,324.89999628080665,359.6990222450732
AAPL_stock_gdelt_final_train,172.25999405073222,181.37905735208705
MSFT_stock_gdelt_final_train,260.79000763238133,273.0405905344915
AAPL_stock_gdelt_final_train,145.85000512562385,154.612597363229
AAPL_stock_gdelt_final_train,132.3000029730335,140.10859061043635
AAPL_stock_gdelt_final_train,149.99000599668003,148.31053086972375
MSFT_stock_gdelt_final_train,407.5400027822944,446.30486552119334
MSFT_stock_gdelt_final_train,280.7200047099705,297.42641787618055
AAPL_stock_gdelt_final_train,157.9600087775464,172.68043892413124
MSFT_stock_gdelt_final_train,249.72999751639327,264.2205859827837
MSFT_stock_gdelt_final_train,308.97000343280894,334.5817541887773
MSFT_stock_gdelt_final_train,258.5199890347895,278.8663793809756
MSFT_stock_gdelt_final_train,400.95999238162045,429.69425514429173
AAPL_stock_gdelt_final_train,130.46000660129644,140.28882864542442
MSFT_stock_gdelt_final_train,283.9999966889009,308.90794580834705
AAPL_stock_gdelt_final_train,133.49999977494048,142.51308878335533
MSFT_stock_gdelt_final_train,292.8500028606741,310.99571768927495
AAPL_stock_gdelt_final_train,175.42999474337427,184.04373850116124
MSFT_stock_gdelt_final_train,239.50999471808154,255.10818547452436
AAPL_stock_gdelt_final_train,226.39999559328,242.8866589953321
MSFT_stock_gdelt_final_train,292.7099927640921,314.6154211394351
AAPL_stock_gdelt_final_train,148.69000308388235,162.37276885450075
AAPL_stock_gdelt_final_train,149.25999369933007,160.4563436139419
AAPL_stock_gdelt_final_train,248.1300029431897,257.0451978225005
MSFT_stock_gdelt_final_train,255.58999566640617,276.3725394149224
MSFT_stock_gdelt_final_train,374.5799931917791,400.4279524928425
AAPL_stock_gdelt_final_train,178.85000646164409,200.83204434669065
MSFT_stock_gdelt_final_train,323.700015175331,349.99984772327304
MSFT_stock_gdelt_final_train,289.6700137456847,308.22686414076094
MSFT_stock_gdelt_final_train,266.20999089840467,282.5824106297733
MSFT_stock_gdelt_final_train,297.24999952395234,320.5220043563641
AAPL_stock_gdelt_final_train,172.88000472802113,189.0711692471026
AAPL_stock_gdelt_final_train,141.1100016020152,151.89188226557545
AAPL_stock_gdelt_final_train,193.1300007164893,209.28457172326583
MSFT_stock_gdelt_final_train,239.82000702027244,258.68662243053683
AAPL_stock_gdelt_final_train,161.02000359852846,169.80702127219632
MSFT_stock_gdelt_final_train,236.14999398049213,251.71067510302237
MSFT_stock_gdelt_final_train,240.97999611076875,258.6325731005509
AAPL_stock_gdelt_final_train,247.960007010112,256.8332471108211
AAPL_stock_gdelt_final_train,224.72000177124983,238.54653323512193
MSFT_stock_gdelt_final_train,338.10998427438614,363.15881850596276
AAPL_stock_gdelt_final_train,172.00000027073102,158.47852528430633
MSFT_stock_gdelt_final_train,335.92001057739986,366.09284455469975
AAPL_stock_gdelt_final_train,178.3900004598615,187.93588178146618
AAPL_stock_gdelt_final_train,230.53999008693773,245.12403744187426
MSFT_stock_gdelt_final_train,348.3200004821993,373.37944142398925
AAPL_stock_gdelt_final_train,136.49999922000612,156.45349719974644
MSFT_stock_gdelt_final_train,370.6199923904133,403.04850992797225
AAPL_stock_gdelt_final_train,213.25000406655582,223.25246885277502
MSFT_stock_gdelt_final_train,376.1700105757664,393.81504150754705
MSFT_stock_gdelt_final_train,300.1900061137422,317.09293255447125
AAPL_stock_gdelt_final_train,214.10000924153812,230.8448382360358
MSFT_stock_gdelt_final_train,332.8900143450756,341.73755525565144
AAPL_stock_gdelt_final_train,151.60000574492423,164.10146049109358
AAPL_stock_gdelt_final_train,162.36000130280428,172.93669129704188
MSFT_stock_gdelt_final_train,418.7900092091732,454.12016961134583
AAPL_stock_gdelt_final_train,225.11999220202088,242.5234363924236
MSFT_stock_gdelt_final_train,310.76001132701646,328.87376145719105
AAPL_stock_gdelt_final_train,124.69000220885852,132.22359429930677
AAPL_stock_gdelt_final_train,167.30000216759794,178.1271368505579
AAPL_stock_gdelt_final_train,134.83999641631655,142.80144072846326
MSFT_stock_gdelt_final_train,242.35000605276127,253.00769543282058
MSFT_stock_gdelt_final_train,238.50999461178753,248.48579008156685
AAPL_stock_gdelt_final_train,222.9100025560211,244.72731223910952
AAPL_stock_gdelt_final_train,169.74999882685725,185.0263085319199
MSFT_stock_gdelt_final_train,289.4599947963962,311.07994744685135
MSFT_stock_gdelt_final_train,290.7300075810709,313.7907912689189
MSFT_stock_gdelt_final_train,374.070003694822,401.085812008656
MSFT_stock_gdelt_final_train,303.32998799609055,325.092263827708
AAPL_stock_gdelt_final_train,125.8899990107655,134.91256483327675
MSFT_stock_gdelt_final_train,325.9200133188752,331.34104660355666
MSFT_stock_gdelt_final_train,417.7900110050869,449.8477349973692
AAPL_stock_gdelt_final_train,142.44999718049152,176.1712227587979
AAPL_stock_gdelt_final_train,130.21000620466606,136.8335244041334
AAPL_stock_gdelt_final_train,234.39999127905574,249.34608779558602
MSFT_stock_gdelt_final_train,244.36999466400812,262.03126664525104
AAPL_stock_gdelt_final_train,126.73999780834934,136.80060639913506
MSFT_stock_gdelt_final_train,275.42001270654697,299.1740141471965
AAPL_stock_gdelt_final_train,168.41000537418037,175.12623075201265
MSFT_stock_gdelt_final_train,246.47000154495254,266.127625304388
MSFT_stock_gdelt_final_train,267.70001302728184,277.7046935211984
MSFT_stock_gdelt_final_train,296.0299995844944,325.8549273797326
AAPL_stock_gdelt_final_train,165.22999641757113,175.212308624689
MSFT_stock_gdelt_final_train,282.4699977627061,295.5818698823969
AAPL_stock_gdelt_final_train,143.21000663434984,159.97100658551673
MSFT_stock_gdelt_final_train,332.0599974223133,359.3783252421527
AAPL_stock_gdelt_final_train,191.3100017404913,204.27015087016204
AAPL_stock_gdelt_final_train,170.8500065242694,182.82128475351305
AAPL_stock_gdelt_final_train,229.00000141887537,246.29702808714586
AAPL_stock_gdelt_final_train,149.99999938005087,155.1640212459899
MSFT_stock_gdelt_final_train,227.55999772783548,248.23603020871724
AAPL_stock_gdelt_final_train,175.639998222727,182.9406781556911
AAPL_stock_gdelt_final_train,220.69000464605412,233.06759968533103
AAPL_stock_gdelt_final_train,189.29999880667913,201.04848474687873
MSFT_stock_gdelt_final_train,300.95001418379803,329.53226011479643
AAPL_stock_gdelt_final_train,183.05000377151646,196.09198767809494
MSFT_stock_gdelt_final_train,435.14999991533847,461.0083528793512
MSFT_stock_gdelt_final_train,238.19000332792893,259.11102018919433
AAPL_stock_gdelt_final_train,153.71999966980002,168.34051724067143
AAPL_stock_gdelt_final_train,163.77000583566297,176.6616872155767
MSFT_stock_gdelt_final_train,260.89999328240543,277.79173854619154
AAPL_stock_gdelt_final_train,231.7800029383177,253.7306852809861
AAPL_stock_gdelt_final_train,125.27999872324324,132.12791419036452
MSFT_stock_gdelt_final_train,241.97000201773335,257.54859242589106
AAPL_stock_gdelt_final_train,171.36999408427175,188.823675168063
AAPL_stock_gdelt_final_train,222.50000386128283,238.1122664134827
MSFT_stock_gdelt_final_train,336.63000580223894,355.3855912504442
MSFT_stock_gdelt_final_train,327.89001571581326,365.333041923077
AAPL_stock_gdelt_final_train,179.35999851247615,188.54823107741746
MSFT_stock_gdelt_final_train,301.36999882055903,319.53882166846967
AAPL_stock_gdelt_final_train,172.1000063816217,160.72012131702328
AAPL_stock_gdelt_final_train,159.77999925034644,171.13920878917062
MSFT_stock_gdelt_final_train,236.94000176840564,248.605313401069
MSFT_stock_gdelt_final_train,321.01001194097813,344.1167910113509
AAPL_stock_gdelt_final_train,151.91999808954108,211.52289402477854
AAPL_stock_gdelt_final_train,172.78999412630077,178.49896468977468
AAPL_stock_gdelt_final_train,149.55000376803497,181.63583692326952
MSFT_stock_gdelt_final_train,276.4399993092921,299.1235219456358
AAPL_stock_gdelt_final_train,156.57000801782522,168.712880781358
MSFT_stock_gdelt_final_train,265.26998832561827,285.0633308010329
MSFT_stock_gdelt_final_train,224.50999407477525,243.9778393261031
AAPL_stock_gdelt_final_train,142.8099970713834,151.5579531795463
MSFT_stock_gdelt_final_train,330.7999902502143,359.38923630560026
MSFT_stock_gdelt_final_train,429.1700066983104,462.94656558097273
MSFT_stock_gdelt_final_train,256.82998780893837,280.1537022558478
AAPL_stock_gdelt_final_train,181.99000362037933,174.56899918506346
MSFT_stock_gdelt_final_train,250.16000298339168,264.84689167703715
MSFT_stock_gdelt_final_train,420.7200043734702,453.3557255929009
MSFT_stock_gdelt_final_train,252.55999943408187,274.97260203896536
AAPL_stock_gdelt_final_train,181.1199946722595,189.58461784789446
AAPL_stock_gdelt_final_train,139.4999997279715,166.33341389735443
MSFT_stock_gdelt_final_train,324.3500071600393,349.3476643952782
MSFT_stock_gdelt_final_train,329.32000416923626,353.24451190053884
MSFT_stock_gdelt_final_train,281.02999608787655,303.5321698495973
MSFT_stock_gdelt_final_train,280.80999435250493,310.20974067950743
MSFT_stock_gdelt_final_train,373.54000297271347,401.1225930970141
AAPL_stock_gdelt_final_train,129.7100064743051,139.30150320122166
AAPL_stock_gdelt_final_train,126.20999879568053,134.29175910698106
AAPL_stock_gdelt_final_train,229.03999195875454,248.97462559388038
MSFT_stock_gdelt_final_train,242.0099940327127,258.1182161346824
AAPL_stock_gdelt_final_train,157.3699931309663,175.78130011437958
MSFT_stock_gdelt_final_train,330.2199995093816,366.84960365398007
AAPL_stock_gdelt_final_train,147.96000566712877,180.39214218718456
MSFT_stock_gdelt_final_train,256.76998837322304,276.0283273202413
MSFT_stock_gdelt_final_train,296.36999258246584,326.0552374608488
AAPL_stock_gdelt_final_train,141.91000372155216,153.94777483283283
MSFT_stock_gdelt_final_train,433.5100077302887,461.90780799250575
AAPL_stock_gdelt_final_train,163.19999821381936,186.83356971741418
AAPL_stock_gdelt_final_train,131.0099945065064,140.69413144910416
MSFT_stock_gdelt_final_train,333.10000285904067,359.3032717345887
AAPL_stock_gdelt_final_train,192.24999625919915,206.59368371816194
AAPL_stock_gdelt_final_train,155.80999643816745,172.72008083289515
MSFT_stock_gdelt_final_train,313.8500031906406,340.5603017279428
AAPL_stock_gdelt_final_train,207.22999502588854,221.65895255372405
AAPL_stock_gdelt_final_train,188.08000248323359,185.40785552637416
MSFT_stock_gdelt_final_train,286.4999998079475,309.4320725130347
AAPL_stock_gdelt_final_train,134.86999569862436,167.72636526675836
AAPL_stock_gdelt_final_train,186.1900009302517,197.16098421264522
MSFT_stock_gdelt_final_train,327.00000316175107,349.3819497871155
MSFT_stock_gdelt_final_train,228.850005568896,243.65594012790734
AAPL_stock_gdelt_final_train,216.74999686458398,226.45190761666132
MSFT_stock_gdelt_final_train,282.2999860460587,303.1327518826402
AAPL_stock_gdelt_final_train,125.4300004492811,132.68221427982627
MSFT_stock_gdelt_final_train,404.26998598061624,447.0260305097291
MSFT_stock_gdelt_final_train,337.91000137299676,363.05192965009707
AAPL_stock_gdelt_final_train,131.96000685527912,145.6315048257365
AAPL_stock_gdelt_final_train,195.89000271439306,210.15716989515627
MSFT_stock_gdelt_final_train,331.3200081862397,356.5574729435685
MSFT_stock_gdelt_final_train,242.4700011197765,256.054811534571
MSFT_stock_gdelt_final_train,286.14999358856954,314.1962202122523
AAPL_stock_gdelt_final_train,153.03999467949438,159.6917615653951
AAPL_stock_gdelt_final_train,195.61000090965538,186.7891745210057
AAPL_stock_gdelt_final_train,259.0199890136719,259.3415289403125
MSFT_stock_gdelt_final_train,286.5400070405886,308.3778081272831
AAPL_stock_gdelt_final_train,153.33999600577062,163.6060896891074
AAPL_stock_gdelt_final_train,194.67998914532095,209.4811571562802
MSFT_stock_gdelt_final_train,308.760007310013,332.3691670464869
MSFT_stock_gdelt_final_train,421.4399976020541,457.3615011206967
AAPL_stock_gdelt_final_train,178.17999272890978,195.2443633985339
AAPL_stock_gdelt_final_train,230.75999332705976,251.45364791928418
AAPL_stock_gdelt_final_train,135.35000547354448,144.43526218571697
MSFT_stock_gdelt_final_train,398.67000821186235,423.7219924994134
MSFT_stock_gdelt_final_train,450.9500111058224,459.55838363610025
MSFT_stock_gdelt_final_train,282.51001260417803,302.28929776458614
AAPL_stock_gdelt_final_train,125.86000079135741,132.5512501510608
MSFT_stock_gdelt_final_train,226.74999963905543,243.46901778468236
MSFT_stock_gdelt_final_train,228.55999688302563,249.1993386304157
MSFT_stock_gdelt_final_train,247.8600017878116,265.2409073740865
AAPL_stock_gdelt_final_train,145.30999678608808,153.52096531578093
AAPL_stock_gdelt_final_train,146.35000591888456,159.99398222633184
MSFT_stock_gdelt_final_train,280.5199913732577,304.6228348821642
MSFT_stock_gdelt_final_train,329.36999418796046,355.24163217064785
AAPL_stock_gdelt_final_train,144.979996177504,158.915785231618
AAPL_stock_gdelt_final_train,222.38000673205153,238.29632663594168
MSFT_stock_gdelt_final_train,289.04998533688746,311.3872376898035
MSFT_stock_gdelt_final_train,236.47999658354956,248.01545020220055
AAPL_stock_gdelt_final_train,164.86999652667924,157.6934845415326
AAPL_stock_gdelt_final_train,175.08000311644957,161.96916456460815
MSFT_stock_gdelt_final_train,237.03999321910032,254.70381415867996
MSFT_stock_gdelt_final_train,289.5199904276961,307.1584321119554
MSFT_stock_gdelt_final_train,375.7900103451539,407.3614996104116
AAPL_stock_gdelt_final_train,157.83000338434786,170.08097730320358
MSFT_stock_gdelt_final_train,255.85000463441887,269.5029102809595
MSFT_stock_gdelt_final_train,330.5899941274184,363.8370240354853
AAPL_stock_gdelt_final_train,223.96000294638893,240.83768590539273
MSFT_stock_gdelt_final_train,374.51000716556524,408.522120233869
MSFT_stock_gdelt_final_train,443.3299800507594,460.09718016667836
AAPL_stock_gdelt_final_train,176.30000369149408,205.54052864136094
AAPL_stock_gdelt_final_train,172.6199939416241,185.16671333619058
AAPL_stock_gdelt_final_train,224.2299964871594,241.99642519092853
AAPL_stock_gdelt_final_train,158.91000305702352,172.2885350345945
MSFT_stock_gdelt_final_train,252.72000173373817,276.12694157255106
MSFT_stock_gdelt_final_train,382.7000157400544,410.62360322799947
AAPL_stock_gdelt_final_train,195.10000460722435,207.43763461621592
MSFT_stock_gdelt_final_train,426.8900205322971,457.28827373253813
AAPL_stock_gdelt_final_train,177.8200055928148,167.52806218776152
AAPL_stock_gdelt_final_train,173.22999635494583,184.86566611656858
AAPL_stock_gdelt_final_train,193.42000228199623,181.7590057453299
MSFT_stock_gdelt_final_train,254.1499939915766,276.0707389434329
MSFT_stock_gdelt_final_train,331.7699868342352,366.80414849844607
AAPL_stock_gdelt_final_train,130.14999382235376,138.03574904389887
MSFT_stock_gdelt_final_train,234.52999970513974,249.6071871819613
MSFT_stock_gdelt_final_train,241.80000361653993,257.93984611733964
MSFT_stock_gdelt_final_train,339.119995699879,365.23245317916013
AAPL_stock_gdelt_final_train,133.69999711612547,142.40806365988465
MSFT_stock_gdelt_final_train,405.48998592007416,439.6797804065282
MSFT_stock_gdelt_final_train,341.2699925995476,364.72981381280994
MSFT_stock_gdelt_final_train,242.0500031675615,259.61959824802767
MSFT_stock_gdelt_final_train,294.5899979096649,305.6860168176791
AAPL_stock_gdelt_final_train,147.8099986265922,158.01823017379402
AAPL_stock_gdelt_final_train,195.7100070205461,200.00884125159337
MSFT_stock_gdelt_final_train,277.51998915216797,311.1028195924046
AAPL_stock_gdelt_final_train,167.22999533901506,175.8458904058791
MSFT_stock_gdelt_final_train,422.54000627891224,462.4801138141739
MSFT_stock_gdelt_final_train,428.1499972690727,457.4935904243576
AAPL_stock_gdelt_final_train,141.16999804083136,154.51407080877865
MSFT_stock_gdelt_final_train,286.10998635592847,308.7634388927291
AAPL_stock_gdelt_final_train,129.41000408512912,127.21038940350742
AAPL_stock_gdelt_final_train,172.1900042285452,158.65059599767972
AAPL_stock_gdelt_final_train,121.02999888937539,141.34055731077214
MSFT_stock_gdelt_final_train,293.10998900219425,311.7388874166464
MSFT_stock_gdelt_final_train,277.9400042242524,298.21712757874053
MSFT_stock_gdelt_final_train,372.6499980274821,399.1713084239819
MSFT_stock_gdelt_final_train,305.21999875423904,327.87616764365526
MSFT_stock_gdelt_final_train,414.70998670988416,444.1406096725005
AAPL_stock_gdelt_final_train,135.86999515934633,140.8117625635106
AAPL_stock_gdelt_final_train,131.94000201924186,141.15636316294572
MSFT_stock_gdelt_final_train,424.57001191598107,453.6606570982877
MSFT_stock_gdelt_final_train,427.92999553370106,455.92200162870364
MSFT_stock_gdelt_final_train,339.8299833158872,369.77443823504296
MSFT_stock_gdelt_final_train,289.160001422235,306.92380620367845
MSFT_stock_gdelt_final_train,281.39999070591335,300.78177532474007
AAPL_stock_gdelt_final_train,125.56999922585045,129.24532371365933
AAPL_stock_gdelt_final_train,214.24000589230798,224.41257715317803
MSFT_stock_gdelt_final_train,241.55000216331064,265.0977167862066
AAPL_stock_gdelt_final_train,120.5899963950054,123.57516812295033
AAPL_stock_gdelt_final_train,169.67999199827437,177.97572890816187
AAPL_stock_gdelt_final_train,173.99999919217495,186.9485754694588
AAPL_stock_gdelt_final_train,134.50000029856218,141.23180140920832
MSFT_stock_gdelt_final_train,334.2699899532818,356.97506079860983
MSFT_stock_gdelt_final_train,298.57998511343436,318.6462753737324
AAPL_stock_gdelt_final_train,208.13999876548652,220.05211174351194
AAPL_stock_gdelt_final_train,132.0299988032656,136.18982381740298
AAPL_stock_gdelt_final_train,227.78999635300116,242.9210714373672
MSFT_stock_gdelt_final_train,378.60998001935883,408.1444026525133
AAPL_stock_gdelt_final_train,160.0700093190513,173.0581849891094
MSFT_stock_gdelt_final_train,232.89999411058852,246.94638283601853
MSFT_stock_gdelt_final_train,310.64999524166893,326.5750423496102
MSFT_stock_gdelt_final_train,261.47000123715503,284.54271937620075
MSFT_stock_gdelt_final_train,405.64999963297674,444.0679909908104
AAPL_stock_gdelt_final_train,156.80000251551857,174.7558994756321
AAPL_stock_gdelt_final_train,163.75999332009678,175.9826728478303
AAPL_stock_gdelt_final_train,151.11999597000414,156.17489842266772
MSFT_stock_gdelt_final_train,341.2699925995476,365.35010092185627
MSFT_stock_gdelt_final_train,331.2099921008922,356.4544950267628
AAPL_stock_gdelt_final_train,126.84999836551061,126.78379246640381
MSFT_stock_gdelt_final_train,234.80999707181127,250.3148350824813
MSFT_stock_gdelt_final_train,335.39999264137447,357.1995365265248
MSFT_stock_gdelt_final_train,240.35000584017325,255.19865827781814
MSFT_stock_gdelt_final_train,422.8599880517323,458.35828839816173
MSFT_stock_gdelt_final_train,305.41000647837615,322.8437021331302
MSFT_stock_gdelt_final_train,286.51001302935407,308.4695554097453
MSFT_stock_gdelt_final_train,246.47999574428195,259.3555908394001
AAPL_stock_gdelt_final_train,171.21000641516127,181.86325495198918
AAPL_stock_gdelt_final_train,154.47999424306192,162.4636085180196
AAPL_stock_gdelt_final_train,134.75999407856338,197.63066685367562
AAPL_stock_gdelt_final_train,166.899994730431,179.357855706597
AAPL_stock_gdelt_final_train,166.1300046479988,157.39441856702902
AAPL_stock_gdelt_final_train,180.74999927219733,193.72873639254973
AAPL_stock_gdelt_final_train,193.1499917348299,206.1900794282693
MSFT_stock_gdelt_final_train,348.0999987468277,363.11753298973787
AAPL_stock_gdelt_final_train,150.96000617509415,146.68524662319487
MSFT_stock_gdelt_final_train,288.36999173211376,309.34863407386734
MSFT_stock_gdelt_final_train,329.8099976587037,356.9232903134653
MSFT_stock_gdelt_final_train,378.9099962200126,409.7765120887962
MSFT_stock_gdelt_final_train,417.4599855755369,449.5278293128577
MSFT_stock_gdelt_final_train,271.3999934473887,288.1485443188795
MSFT_stock_gdelt_final_train,253.69999632150393,272.91623180298035
AAPL_stock_gdelt_final_train,186.99999855895896,197.4372105975006
MSFT_stock_gdelt_final_train,416.1199943734792,450.9809942650682
AAPL_stock_gdelt_final_train,154.6499944277386,206.15462109288848
MSFT_stock_gdelt_final_train,446.34000310208654,463.09201599161685
MSFT_stock_gdelt_final_train,360.6899963757642,393.1945109159133
MSFT_stock_gdelt_final_train,242.03999375057037,261.02537920608216
AAPL_stock_gdelt_final_train,121.20999883482135,124.87026469054064
AAPL_stock_gdelt_final_train,191.72999169280092,204.89744028488167
MSFT_stock_gdelt_final_train,406.8099963323039,442.37889141141574
MSFT_stock_gdelt_final_train,299.08999743688406,323.40622299831745
AAPL_stock_gdelt_final_train,228.86999602567684,239.51840624288081
AAPL_stock_gdelt_final_train,152.86999449481772,169.03414010246686
AAPL_stock_gdelt_final_train,172.89999574636175,191.4511378197842
MSFT_stock_gdelt_final_train,257.17001504664864,277.10542200297647
AAPL_stock_gdelt_final_train,185.85000481249733,200.63227021445138
MSFT_stock_gdelt_final_train,369.67001464037463,390.46487328163136
AAPL_stock_gdelt_final_train,176.08000045137206,185.78401149333888
MSFT_stock_gdelt_final_train,416.7900128010006,449.5929000343386
MSFT_stock_gdelt_final_train,342.66000425565295,362.60454561342345
MSFT_stock_gdelt_final_train,237.7100059399986,249.98270200678417
AAPL_stock_gdelt_final_train,234.92999560622326,250.63676270025113
AAPL_stock_gdelt_final_train,176.57000573546247,187.72786805042978
AAPL_stock_gdelt_final_train,174.61000160549668,191.43497324051347
MSFT_stock_gdelt_final_train,336.05999784748934,357.23672849174915
MSFT_stock_gdelt_final_train,244.42999409972344,257.1841408411329
AAPL_stock_gdelt_final_train,191.24000341510637,203.2071575933525
AAPL_stock_gdelt_final_train,162.74000496683368,172.24742207258817
AAPL_stock_gdelt_final_train,145.38000574047044,171.25035408935364
AAPL_stock_gdelt_final_train,173.44000408589753,183.7407780620043
MSFT_stock_gdelt_final_train,466.2500003677706,465.21253628054916
AAPL_stock_gdelt_final_train,194.50000195467192,207.9873068402026
MSFT_stock_gdelt_final_train,249.19999679428474,267.5225750917189
AAPL_stock_gdelt_final_train,171.77000577303767,158.30613995260944
AAPL_stock_gdelt_final_train,137.58999652765158,150.51551213214097
AAPL_stock_gdelt_final_train,222.77000590525122,247.7920178317465
AAPL_stock_gdelt_final_train,145.86000063479415,157.10893219962452
AAPL_stock_gdelt_final_train,172.38999944393072,189.0852080268901
AAPL_stock_gdelt_final_train,116.3600006,144.30435970513648
AAPL_stock_gdelt_final_train,149.1000060302196,182.59545682280688
AAPL_stock_gdelt_final_train,151.00999434994313,140.53577001659835
AAPL_stock_gdelt_final_train,164.85000550833863,174.95309713889765
AAPL_stock_gdelt_final_train,174.19999865915943,190.85315042514188
MSFT_stock_gdelt_final_train,442.5700100248578,463.1934264892662
MSFT_stock_gdelt_final_train,260.5799848786774,274.03536908061056
MSFT_stock_gdelt_final_train,229.5299991736697,238.1264467637884
AAPL_stock_gdelt_final_train,180.96000700314903,183.99254924960422
AAPL_stock_gdelt_final_train,147.91999812085373,156.8696096937986
MSFT_stock_gdelt_final_train,413.54000722447387,440.93671361096136
AAPL_stock_gdelt_final_train,145.86000063479415,156.78400800020648
AAPL_stock_gdelt_final_train,233.6700002397006,249.87963795629162
AAPL_stock_gdelt_final_train,141.55999721403109,172.3385083288471
MSFT_stock_gdelt_final_train,424.58999270580904,457.6539237081561
MSFT_stock_gdelt_final_train,460.7699834262931,461.5957241861143
AAPL_stock_gdelt_final_train,165.00000191987777,177.84313854279168
AAPL_stock_gdelt_final_train,188.00999565465074,202.05136891749947
AAPL_stock_gdelt_final_train,173.49999839891422,179.8481586026151
AAPL_stock_gdelt_final_train,150.039994171529,160.37069940436012
MSFT_stock_gdelt_final_train,296.7099931892681,321.02316760952823
MSFT_stock_gdelt_final_train,238.92999256400253,249.7325693012226
MSFT_stock_gdelt_final_train,373.0700054907357,403.6009414834444
MSFT_stock_gdelt_final_train,264.51001069088585,285.527286871311
MSFT_stock_gdelt_final_train,295.22000149571437,317.0867237484927
AAPL_stock_gdelt_final_train,127.3499980958716,132.65101604660987
AAPL_stock_gdelt_final_train,132.53999297989716,128.6619193034722
AAPL_stock_gdelt_final_train,142.8999949183069,161.13399747001904
AAPL_stock_gdelt_final_train,161.38000348942035,175.58570105232545
AAPL_stock_gdelt_final_train,209.2700057452065,234.80295782910338
MSFT_stock_gdelt_final_train,411.2199986081578,437.00996340043645
MSFT_stock_gdelt_final_train,333.54998911586705,354.16744786571513
AAPL_stock_gdelt_final_train,124.76000212859306,133.1787478941298
MSFT_stock_gdelt_final_train,459.27999173273935,461.029505429131
AAPL_stock_gdelt_final_train,253.47999399952369,256.66087028232215
AAPL_stock_gdelt_final_train,157.27999953564176,181.8702275742943
AAPL_stock_gdelt_final_train,154.46000747632027,175.20630536694827
MSFT_stock_gdelt_final_train,322.9800143379162,342.49999054275037
AAPL_stock_gdelt_final_train,148.9100041982049,164.0694204412818
AAPL_stock_gdelt_final_train,142.63999901250622,165.6349272063413
AAPL_stock_gdelt_final_train,228.22000307247592,243.42404409830553
MSFT_stock_gdelt_final_train,278.8500051769734,296.5672743489013
AAPL_stock_gdelt_final_train,218.53999655827414,239.6396278326145
AAPL_stock_gdelt_final_train,165.2100053992305,175.8784746603586
MSFT_stock_gdelt_final_train,296.769988820568,312.49557042761813
MSFT_stock_gdelt_final_train,302.380002637221,337.77119347168997
MSFT_stock_gdelt_final_train,304.059994446081,319.14935605227225
MSFT_stock_gdelt_final_train,286.14001841131727,302.0125950216753
MSFT_stock_gdelt_final_train,288.3299844994727,309.86146927356464
AAPL_stock_gdelt_final_train,151.00000096657232,155.9457882575594
AAPL_stock_gdelt_final_train,149.80000203886584,163.58193210377956
AAPL_stock_gdelt_final_train,161.50999612782198,147.6538756609423
MSFT_stock_gdelt_final_train,412.32000728501595,445.256612111818
MSFT_stock_gdelt_final_train,421.4100035908196,452.2519277182765
MSFT_stock_gdelt_final_train,259.5799866745911,278.20853508282386
AAPL_stock_gdelt_final_train,182.4100020758869,188.82512071171163
MSFT_stock_gdelt_final_train,294.3900150082755,314.4262503866922
MSFT_stock_gdelt_final_train,442.620000043582,463.76214094277026
MSFT_stock_gdelt_final_train,262.14999484192873,287.83910838562593
AAPL_stock_gdelt_final_train,161.619993496284,173.43536133982607
AAPL_stock_gdelt_final_train,132.36999492101998,147.1492321216101
MSFT_stock_gdelt_final_train,315.26001085423565,347.95918972300575
AAPL_stock_gdelt_final_train,226.33999702866433,236.87795920791584
MSFT_stock_gdelt_final_train,261.149992833427,277.71683721524465
AAPL_stock_gdelt_final_train,132.7599940942197,142.0635565956268
AAPL_stock_gdelt_final_train,193.0500026303351,210.1927302689123
MSFT_stock_gdelt_final_train,243.77000411127028,258.9972034928342
AAPL_stock_gdelt_final_train,185.6400013331446,204.78611641754208
MSFT_stock_gdelt_final_train,326.0499873675581,349.2660064225311
AAPL_stock_gdelt_final_train,220.91000788617615,236.01792025937252
AAPL_stock_gdelt_final_train,169.30000108904187,180.3159620369023
MSFT_stock_gdelt_final_train,413.5199959993225,453.4425880059535
MSFT_stock_gdelt_final_train,311.7399906971205,332.7768938567388
AAPL_stock_gdelt_final_train,181.4200002501347,195.53393980414418
AAPL_stock_gdelt_final_train,192.75000130405886,204.82144720495393
MSFT_stock_gdelt_final_train,374.3800026815589,399.6068683375052
AAPL_stock_gdelt_final_train,146.91999866013177,156.48995040928546
MSFT_stock_gdelt_final_train,393.8699924839894,417.9209133311343
MSFT_stock_gdelt_final_train,281.9200162507696,306.7044892630839
AAPL_stock_gdelt_final_train,179.38000653721264,192.2661863480637
AAPL_stock_gdelt_final_train,229.53999700361422,246.7080981848237
MSFT_stock_gdelt_final_train,249.41999852965637,269.042781452602
AAPL_stock_gdelt_final_train,167.66000205848982,182.97372158285899
MSFT_stock_gdelt_final_train,403.7799924911488,424.9572405359068
MSFT_stock_gdelt_final_train,225.41000368147843,247.29786516858258
MSFT_stock_gdelt_final_train,255.28999468341408,269.1318808619263
AAPL_stock_gdelt_final_train,169.58000289377955,179.93035051383603
MSFT_stock_gdelt_final_train,260.54998706302746,293.4137487476292
MSFT_stock_gdelt_final_train,309.4200125161279,331.19118307101604
MSFT_stock_gdelt_final_train,418.01001274045854,454.8717090526589
AAPL_stock_gdelt_final_train,190.28999212923335,205.57450742030144
AAPL_stock_gdelt_final_train,139.07000788909312,145.41765790091802
MSFT_stock_gdelt_final_train,412.86998879695244,451.66151287917097
MSFT_stock_gdelt_final_train,320.76999137162426,353.91488033427964
AAPL_stock_gdelt_final_train,143.28999409150663,163.6706544710131
AAPL_stock_gdelt_final_train,254.49000385001236,256.73088561410293
AAPL_stock_gdelt_final_train,171.5200032506078,183.76463803540446
AAPL_stock_gdelt_final_train,179.66000409035135,192.96973244184701
MSFT_stock_gdelt_final_train,242.97999632335677,238.191452810207
MSFT_stock_gdelt_final_train,310.1099889069847,331.2896869952784
MSFT_stock_gdelt_final_train,319.9699988954199,353.81951124833
MSFT_stock_gdelt_final_train,302.6199927712515,328.4336058098307
MSFT_stock_gdelt_final_train,227.1199952081961,238.98516800095513
MSFT_stock_gdelt_final_train,428.89999972655283,463.2167399470091
AAPL_stock_gdelt_final_train,170.33000195787113,172.38191715429537
MSFT_stock_gdelt_final_train,237.52999812181406,244.81670531915097
AAPL_stock_gdelt_final_train,125.05999760892071,133.45683647933254
MSFT_stock_gdelt_final_train,241.0099939264187,248.66530142353804
MSFT_stock_gdelt_final_train,415.48998317859883,452.0705331906684
AAPL_stock_gdelt_final_train,179.6999988818295,186.50442793182137
MSFT_stock_gdelt_final_train,447.26998484463553,461.9397042114543
MSFT_stock_gdelt_final_train,294.95000974161854,316.70816919574287
MSFT_stock_gdelt_final_train,332.4299920403501,354.1579368271451
AAPL_stock_gdelt_final_train,173.07000868583535,179.32035660371224
AAPL_stock_gdelt_final_train,233.3999896925343,249.28563005828198
MSFT_stock_gdelt_final_train,269.49999990315706,288.32274089249773
MSFT_stock_gdelt_final_train,244.1999981650224,261.76843480099075
AAPL_stock_gdelt_final_train,182.67999136505838,195.39850937066436
MSFT_stock_gdelt_final_train,260.73999098274913,279.48239032708085
MSFT_stock_gdelt_final_train,371.29999360401786,403.93770833713285
AAPL_stock_gdelt_final_train,147.05999743670114,135.1648270805573
MSFT_stock_gdelt_final_train,286.14001841131727,312.87056404752735
MSFT_stock_gdelt_final_train,251.50999599360966,271.1574581594369
MSFT_stock_gdelt_final_train,277.0100072640417,300.39395321600756
AAPL_stock_gdelt_final_train,188.32000524489416,203.27640763731932
AAPL_stock_gdelt_final_train,152.05999686611045,177.45159178756816
AAPL_stock_gdelt_final_train,179.2299973708766,177.31644195962014
AAPL_stock_gdelt_final_train,242.64999799045924,254.58784164543013
AAPL_stock_gdelt_final_train,150.64999445905124,167.74095675441149
MSFT_stock_gdelt_final_train,407.71999728502493,440.3898060666907
MSFT_stock_gdelt_final_train,253.58999545381812,271.7511980576265
AAPL_stock_gdelt_final_train,142.44999718049152,158.06877318230812
AAPL_stock_gdelt_final_train,156.78999425155135,161.81344550086004
AAPL_stock_gdelt_final_train,187.44000078760402,198.74393953986333
MSFT_stock_gdelt_final_train,413.48998677042624,452.2317186635228
AAPL_stock_gdelt_final_train,228.88000428964403,252.25269342905366
AAPL_stock_gdelt_final_train,154.07000830312055,152.47900895065774
AAPL_stock_gdelt_final_train,152.9499968325709,164.40578994511773
MSFT_stock_gdelt_final_train,280.73999310862933,297.785965569452
AAPL_stock_gdelt_final_train,150.72000128763412,161.2548874350333
AAPL_stock_gdelt_final_train,144.80000260945653,158.5242469795924
AAPL_stock_gdelt_final_train,133.00000004457948,128.30075660026296
AAPL_stock_gdelt_final_train,146.69999754580925,157.69608652010012
MSFT_stock_gdelt_final_train,337.33999341824716,360.3030112384259
AAPL_stock_gdelt_final_train,209.67999593674682,227.2164046332288
MSFT_stock_gdelt_final_train,429.1700066983104,460.4155640850186
MSFT_stock_gdelt_final_train,244.49000494868505,260.510580928024
AAPL_stock_gdelt_final_train,172.39999495310104,203.96725845658858
AAPL_stock_gdelt_final_train,153.49000517210666,157.18860716425726
AAPL_stock_gdelt_final_train,136.7599951258068,138.68458556218087
AAPL_stock_gdelt_final_train,180.9499987391818,176.04536692619072
AAPL_stock_gdelt_final_train,230.1000091162875,249.78330522690803
AAPL_stock_gdelt_final_train,138.97999516157324,179.20371823766448
MSFT_stock_gdelt_final_train,337.98999301178634,366.40597837974934
MSFT_stock_gdelt_final_train,258.2600105021002,278.04695395076493
AAPL_stock_gdelt_final_train,174.91999844094323,173.00986131525585
AAPL_stock_gdelt_final_train,161.41000277172816,171.6555909932494
AAPL_stock_gdelt_final_train,119.9899979940519,128.37829088481607
MSFT_stock_gdelt_final_train,251.71999972523645,268.4300042596106
MSFT_stock_gdelt_final_train,261.11999501777706,278.04068427413955
AAPL_stock_gdelt_final_train,154.99999880946018,170.73703303653076
MSFT_stock_gdelt_final_train,377.429987312542,411.6351059843401
MSFT_stock_gdelt_final_train,322.9299938838686,349.3696995694373
MSFT_stock_gdelt_final_train,284.8200079990875,305.7385025329241
MSFT_stock_gdelt_final_train,326.79000703895514,353.5126318822441
AAPL_stock_gdelt_final_train,184.57000567283717,194.99366361387354
AAPL_stock_gdelt_final_train,165.80999954858504,178.5668032028846
AAPL_stock_gdelt_final_train,157.44000421114814,182.27675696427585
AAPL_stock_gdelt_final_train,146.7700043743921,159.578847600042
MSFT_stock_gdelt_final_train,339.7099920532874,359.0703654220852
AAPL_stock_gdelt_final_train,134.9900055826526,141.71751257834254
AAPL_stock_gdelt_final_train,151.28999402888132,159.38430293453158
AAPL_stock_gdelt_final_train,145.86000063479415,132.9731830840981
AAPL_stock_gdelt_final_train,170.72999664024115,179.2669820302864
AAPL_stock_gdelt_final_train,147.41000394422218,158.37212476857
MSFT_stock_gdelt_final_train,334.6499901838943,352.6666211970224
MSFT_stock_gdelt_final_train,389.47000342954203,417.26914088000564
AAPL_stock_gdelt_final_train,152.99000437884592,166.22585694669917
MSFT_stock_gdelt_final_train,252.66999649735226,275.5029603761241
AAPL_stock_gdelt_final_train,170.42999106236599,182.38961140724342
MSFT_stock_gdelt_final_train,421.5299948534194,452.0141974070103
MSFT_stock_gdelt_final_train,413.8399929898042,448.03553975238543
AAPL_stock_gdelt_final_train,137.38999918646655,134.08516115840052
MSFT_stock_gdelt_final_train,286.220002441276,307.88758637289
AAPL_stock_gdelt_final_train,150.6199951767434,153.0623368320635
AAPL_stock_gdelt_final_train,192.42000069547478,205.7692136465726
MSFT_stock_gdelt_final_train,249.30999766197056,268.7349129385048
MSFT_stock_gdelt_final_train,242.44999750345596,262.82534705988024
AAPL_stock_gdelt_final_train,128.80000273470714,177.32023438589826
MSFT_stock_gdelt_final_train,257.2200012609574,275.8333205942318
MSFT_stock_gdelt_final_train,409.48999395408106,438.2024193721955
MSFT_stock_gdelt_final_train,333.6799935998734,360.13978659890205
MSFT_stock_gdelt_final_train,262.51998945996553,278.2987605991148
MSFT_stock_gdelt_final_train,250.19999880278647,269.2369435983865
AAPL_stock_gdelt_final_train,165.63000385473805,136.03708087293145
MSFT_stock_gdelt_final_train,308.1300037239635,330.9002518144044
AAPL_stock_gdelt_final_train,141.1100016020152,152.50755418611902
MSFT_stock_gdelt_final_train,299.8399998943642,320.7568585295667
MSFT_stock_gdelt_final_train,278.01001307695884,302.0151363711812
AAPL_stock_gdelt_final_train,149.71000631774183,160.15402091462994
MSFT_stock_gdelt_final_train,427.5100032881092,451.0394300860426
MSFT_stock_gdelt_final_train,448.36999352149365,463.3589033427234
MSFT_stock_gdelt_final_train,319.52999542467666,345.68354059058044
AAPL_stock_gdelt_final_train,191.80999828215306,185.84548961439486
MSFT_stock_gdelt_final_train,283.5199859855166,316.0657860418906
AAPL_stock_gdelt_final_train,153.83000128986103,164.25342114135526
MSFT_stock_gdelt_final_train,332.4200168630978,354.9398507212355
AAPL_stock_gdelt_final_train,179.21000635253597,174.86376254141294
AAPL_stock_gdelt_final_train,152.57000592333839,158.70559468191072
MSFT_stock_gdelt_final_train,326.6600025549488,348.5111343133031
AAPL_stock_gdelt_final_train,162.0300006942202,157.18511234990677
MSFT_stock_gdelt_final_train,288.7999895902813,306.3107779192688
MSFT_stock_gdelt_final_train,449.55999944971705,462.19539136354075
MSFT_stock_gdelt_final_train,246.27000342590145,268.00597933366504
MSFT_stock_gdelt_final_train,266.690001601789,284.39994727401796
AAPL_stock_gdelt_final_train,185.58999827769924,199.36597397826034
MSFT_stock_gdelt_final_train,273.7799976950046,293.07924932553584
AAPL_stock_gdelt_final_train,140.9100042608302,180.12747164832018
AAPL_stock_gdelt_final_train,242.8399934450755,255.8396654387391
MSFT_stock_gdelt_final_train,243.08000108950546,264.11306559395695
MSFT_stock_gdelt_final_train,307.00000103587087,328.7081019917933
MSFT_stock_gdelt_final_train,237.58000145599226,251.47399100599887
AAPL_stock_gdelt_final_train,152.74000610801505,163.8949518260913
MSFT_stock_gdelt_final_train,252.74999954938812,266.12583722913683
MSFT_stock_gdelt_final_train,408.45998652109853,449.16817509595427
AAPL_stock_gdelt_final_train,128.91000329186838,137.88743413975098
MSFT_stock_gdelt_final_train,423.2600147251579,458.82029660774066
MSFT_stock_gdelt_final_train,254.08000035653185,272.3003958599848
AAPL_stock_gdelt_final_train,157.86999392422703,162.30134199186307
MSFT_stock_gdelt_final_train,235.8699947116129,242.78356484376945
MSFT_stock_gdelt_final_train,331.160002082168,358.3544961798253
MSFT_stock_gdelt_final_train,279.32001026778204,296.55309148818566
MSFT_stock_gdelt_final_train,291.3200039344793,313.5298844588652
AAPL_stock_gdelt_final_train,153.19999510340176,163.17258815528214
MSFT_stock_gdelt_final_train,402.79000750846905,438.37576375675786
AAPL_stock_gdelt_final_train,149.39999460169892,160.69534299824636
AAPL_stock_gdelt_final_train,166.47000076575316,175.34269666179452
AAPL_stock_gdelt_final_train,142.91999869144442,158.00067107006225
AAPL_stock_gdelt_final_train,148.10999995286844,161.16172639847875
MSFT_stock_gdelt_final_train,315.4100037369008,333.36447821076587
AAPL_stock_gdelt_final_train,168.99999976276564,180.12455505142916
MSFT_stock_gdelt_final_train,224.33999662468568,226.96849767922913
MSFT_stock_gdelt_final_train,388.47000522545574,412.62898668841814
AAPL_stock_gdelt_final_train,180.71000873231816,191.91534440134572
MSFT_stock_gdelt_final_train,267.66000199022534,288.15075087982774
MSFT_stock_gdelt_final_train,310.20000898484255,333.4559211399938
MSFT_stock_gdelt_final_train,260.64999373138386,273.01163893308427
AAPL_stock_gdelt_final_train,156.69000089545756,153.18820967106655
AAPL_stock_gdelt_final_train,137.3500065207879,154.14963224856572
MSFT_stock_gdelt_final_train,254.77000337829668,268.5937919526178
MSFT_stock_gdelt_final_train,438.1099872949563,463.7504537785754
AAPL_stock_gdelt_final_train,157.9600087775464,180.297833218909
AAPL_stock_gdelt_final_train,224.1799891801151,244.6730363267028
MSFT_stock_gdelt_final_train,310.1099889069847,336.9319850812536
AAPL_stock_gdelt_final_train,212.49000524169492,229.062159795766
AAPL_stock_gdelt_final_train,189.86999367372582,203.8620143757711
MSFT_stock_gdelt_final_train,301.1499970851874,326.03192400310587
MSFT_stock_gdelt_final_train,263.10000683170625,285.88975635563116
AAPL_stock_gdelt_final_train,130.91999772248263,145.10278873305583
AAPL_stock_gdelt_final_train,191.1699965865235,204.21190396432058
AAPL_stock_gdelt_final_train,193.61999749738177,206.81957117125364
MSFT_stock_gdelt_final_train,334.69000502536625,359.53704545380975
AAPL_stock_gdelt_final_train,147.36000088877685,127.79248219541337
MSFT_stock_gdelt_final_train,287.61999688346447,306.16277094145704
AAPL_stock_gdelt_final_train,135.36999436608562,138.93582955150896
MSFT_stock_gdelt_final_train,282.8299867681672,308.8605732274373
AAPL_stock_gdelt_final_train,182.00999463871995,175.9714911425483
AAPL_stock_gdelt_final_train,146.50000020462423,174.52149181821147
AAPL_stock_gdelt_final_train,131.2400060105956,127.0577208620178
MSFT_stock_gdelt_final_train,256.92001169121164,271.76987773737807
AAPL_stock_gdelt_final_train,171.17999437805653,150.21960934726846
MSFT_stock_gdelt_final_train,241.7299966660412,261.7005183767697
AAPL_stock_gdelt_final_train,170.33000195787113,187.00928830270084
AAPL_stock_gdelt_final_train,177.49000498423075,193.84085956049503
AAPL_stock_gdelt_final_train,166.55999861267662,186.84512556340522
MSFT_stock_gdelt_final_train,213.02000429048095,226.2559173541067
MSFT_stock_gdelt_final_train,328.3900148178564,354.0634047125896
MSFT_stock_gdelt_final_train,282.0599959120282,306.2226828756175
AAPL_stock_gdelt_final_train,155.3099956449067,165.66700977214273
AAPL_stock_gdelt_final_train,161.9400028472967,172.85813025133837
AAPL_stock_gdelt_final_train,222.0800054057753,232.99138552225705
AAPL_stock_gdelt_final_train,144.83999527513518,154.34548640655785
AAPL_stock_gdelt_final_train,169.38000342679504,182.8510034302891
MSFT_stock_gdelt_final_train,439.3299872344142,463.0147407054429
AAPL_stock_gdelt_final_train,169.88999972922608,179.03649434711295
MSFT_stock_gdelt_final_train,396.5100133084489,428.7125029165982
MSFT_stock_gdelt_final_train,416.8599836095528,449.38647245321414
MSFT_stock_gdelt_final_train,407.5700120111906,433.64203616330275
AAPL_stock_gdelt_final_train,170.0300006315949,180.60392283490532
MSFT_stock_gdelt_final_train,260.26001071468824,277.92309740209026
AAPL_stock_gdelt_final_train,144.49000577400997,151.30159451666148
AAPL_stock_gdelt_final_train,175.49000606278682,192.79910727212226
MSFT_stock_gdelt_final_train,250.66000208543483,263.6996702047173
AAPL_stock_gdelt_final_train,140.52000508763047,151.01542789342236
AAPL_stock_gdelt_final_train,119.9800032820564,145.57350026103614
AAPL_stock_gdelt_final_train,174.7899930477447,185.7623368418075
AAPL_stock_gdelt_final_train,171.1300040774081,184.45692589512439
MSFT_stock_gdelt_final_train,234.5099941866115,258.15684236452313
AAPL_stock_gdelt_final_train,160.55000208757556,163.79899323741677
AAPL_stock_gdelt_final_train,174.9100029317729,194.64293220872867
MSFT_stock_gdelt_final_train,283.22000022018625,293.0352702831879
MSFT_stock_gdelt_final_train,454.4599952150384,460.7012300306779
MSFT_stock_gdelt_final_train,245.029999870123,260.57020372661196
MSFT_stock_gdelt_final_train,271.32000561301453,282.8338672719038
MSFT_stock_gdelt_final_train,315.74999673487224,334.8487632811776
AAPL_stock_gdelt_final_train,177.44999743795572,188.48041807390132
AAPL_stock_gdelt_final_train,226.05000396635532,241.6101589216214
MSFT_stock_gdelt_final_train,252.320005495636,270.8340980657168
AAPL_stock_gdelt_final_train,188.85000957206168,202.31447486794417
MSFT_stock_gdelt_final_train,241.2200014624609,257.82186358608584
MSFT_stock_gdelt_final_train,301.60000616850635,329.3965185723246
AAPL_stock_gdelt_final_train,164.6600058021234,164.80670722446348
MSFT_stock_gdelt_final_train,265.51000889497215,281.7721766672367
AAPL_stock_gdelt_final_train,179.80000499272018,196.46663007582754
AAPL_stock_gdelt_final_train,166.02000302793778,192.24325322323824
MSFT_stock_gdelt_final_train,301.1400142991043,323.08315204016986
AAPL_stock_gdelt_final_train,142.55999667475305,173.89687240764283
AAPL_stock_gdelt_final_train,174.61000160549668,191.38096943044062
AAPL_stock_gdelt_final_train,185.00999514668533,197.6828764889846
AAPL_stock_gdelt_final_train,158.5200038838238,177.9734755607096
MSFT_stock_gdelt_final_train,299.55999491886183,322.5853214549207
AAPL_stock_gdelt_final_train,192.32000308778203,188.38145785635638
MSFT_stock_gdelt_final_train,369.1400139182661,402.03201577859005
AAPL_stock_gdelt_final_train,189.42999569667973,146.33343531191252
AAPL_stock_gdelt_final_train,188.60999830720317,179.54738348532695
MSFT_stock_gdelt_final_train,454.70000817556144,462.3671987642702
MSFT_stock_gdelt_final_train,244.9900040507282,260.1831729362885
AAPL_stock_gdelt_final_train,151.72999625752638,137.21718231747457
AAPL_stock_gdelt_final_train,210.61999895865262,228.23660131484127
MSFT_stock_gdelt_final_train,310.88000258961625,340.80641697081234
AAPL_stock_gdelt_final_train,198.11000062436005,213.18087306736004
AAPL_stock_gdelt_final_train,225.00999483355884,240.96827801924866
MSFT_stock_gdelt_final_train,309.45998931344553,330.27555158346155
AAPL_stock_gdelt_final_train,163.75999332009678,158.47139960443843
MSFT_stock_gdelt_final_train,242.25999358373429,269.56387984260897
MSFT_stock_gdelt_final_train,225.74999953276142,241.93842156526534
MSFT_stock_gdelt_final_train,326.190005072971,350.7316042043604
AAPL_stock_gdelt_final_train,189.6900064830768,205.035727792867
MSFT_stock_gdelt_final_train,290.17001284772783,313.8475835824284
MSFT_stock_gdelt_final_train,416.7199963394633,447.2165860696878
AAPL_stock_gdelt_final_train,169.11999689199695,178.7226498146017
AAPL_stock_gdelt_final_train,191.9400036753516,207.4865365075289
MSFT_stock_gdelt_final_train,410.37000089556756,439.8310896169315
AAPL_stock_gdelt_final_train,173.00000185725247,183.41752048938116
AAPL_stock_gdelt_final_train,248.05000485703547,255.57162763349322
MSFT_stock_gdelt_final_train,240.33000222385272,258.30009382304985
MSFT_stock_gdelt_final_train,448.98999149496746,457.82268757654316
AAPL_stock_gdelt_final_train,129.6399996457222,137.95383348661073
MSFT_stock_gdelt_final_train,280.74999872120503,302.4967449290453
AAPL_stock_gdelt_final_train,142.1600041181825,146.78058022682134
MSFT_stock_gdelt_final_train,394.940007149613,420.8039906484592
AAPL_stock_gdelt_final_train,125.01999644004411,177.55898717746268
MSFT_stock_gdelt_final_train,408.8999899918418,438.2414831098104
MSFT_stock_gdelt_final_train,280.9800136779832,298.0498854765247
MSFT_stock_gdelt_final_train,299.48999367498624,325.06073283264055
MSFT_stock_gdelt_final_train,252.50999419769596,263.44229389218077
AAPL_stock_gdelt_final_train,144.4999991573808,128.98564667778115
MSFT_stock_gdelt_final_train,234.2400062369311,263.82461481620436
MSFT_stock_gdelt_final_train,410.540012612215,445.32098282086014
MSFT_stock_gdelt_final_train,425.3399951632892,453.83976897663894
MSFT_stock_gdelt_final_train,435.26999117793827,464.8927827726548
MSFT_stock_gdelt_final_train,237.5000003061641,258.1361463445947
AAPL_stock_gdelt_final_train,166.4199977103078,176.0833762209515
MSFT_stock_gdelt_final_train,267.55999912628437,274.62869810193394
AAPL_stock_gdelt_final_train,181.5599969009046,194.57591850581824
AAPL_stock_gdelt_final_train,172.99000634808215,183.1897113135566
AAPL_stock_gdelt_final_train,209.82000959391257,218.93595647322493
AAPL_stock_gdelt_final_train,145.9100036902395,159.49741247343712
AAPL_stock_gdelt_final_train,216.78999590766108,230.1166243650487
MSFT_stock_gdelt_final_train,261.499999052805,284.1208249228949
MSFT_stock_gdelt_final_train,280.2699880178207,312.67904977488075
MSFT_stock_gdelt_final_train,244.74000449970663,265.17998346542214
MSFT_stock_gdelt_final_train,242.19999605022667,257.4988154544308
AAPL_stock_gdelt_final_train,174.7200032255577,185.53586266805843
AAPL_stock_gdelt_final_train,193.17999101713775,197.10840893982513
AAPL_stock_gdelt_final_train,207.14999693973434,207.05781377094206
MSFT_stock_gdelt_final_train,238.50000041245812,255.21132698119345
MSFT_stock_gdelt_final_train,334.97000239203777,361.1853160468309
AAPL_stock_gdelt_final_train,156.89999587161236,164.66936357144874
MSFT_stock_gdelt_final_train,238.99999951450127,263.8593795643856
AAPL_stock_gdelt_final_train,227.55000209453854,246.49608795075875
MSFT_stock_gdelt_final_train,285.2600114698308,316.84588903423725
MSFT_stock_gdelt_final_train,329.4899930593911,356.55581421844187
AAPL_stock_gdelt_final_train,229.78999102284612,243.7961525430541
AAPL_stock_gdelt_final_train,125.91000384680275,127.74020666032041
AAPL_stock_gdelt_final_train,187.64999576375882,196.94639750960656
MSFT_stock_gdelt_final_train,408.48999574999476,449.8870269999098
MSFT_stock_gdelt_final_train,247.3999947007478,260.2851769227446
MSFT_stock_gdelt_final_train,421.4299995983093,454.35668250967507
MSFT_stock_gdelt_final_train,283.64999046952295,304.4456708645121
AAPL_stock_gdelt_final_train,173.5700052274971,170.87964016906608
AAPL_stock_gdelt_final_train,146.39999409373354,175.14618775756153
AAPL_stock_gdelt_final_train,191.33000126202987,183.23620679985456
MSFT_stock_gdelt_final_train,305.41000647837615,325.64725195034777
MSFT_stock_gdelt_final_train,239.6499934014173,246.61470629017276
MSFT_stock_gdelt_final_train,248.00000047114736,254.65058277801108
AAPL_stock_gdelt_final_train,225.77000216161764,237.3487387614796
MSFT_stock_gdelt_final_train,330.7199986114247,358.92068450148514
MSFT_stock_gdelt_final_train,411.45999635101913,445.92107609281453
MSFT_stock_gdelt_final_train,328.66000657195224,352.68797157640444
MSFT_stock_gdelt_final_train,224.9299929780941,235.52766580256866
AAPL_stock_gdelt_final_train,163.9799965602188,171.95804124053035
AAPL_stock_gdelt_final_train,147.53999233102485,156.9899129381555
AAPL_stock_gdelt_final_train,207.4900058122856,222.2800771499422
MSFT_stock_gdelt_final_train,425.42999241465446,460.098732368173
MSFT_stock_gdelt_final_train,421.6500013336809,455.1025001101844
AAPL_stock_gdelt_final_train,189.71000600461534,202.9181764115975
MSFT_stock_gdelt_final_train,423.4599900177164,456.57474801018185
MSFT_stock_gdelt_final_train,255.02000292931825,271.91875973073826
AAPL_stock_gdelt_final_train,140.8200064139067,160.19828856306944
MSFT_stock_gdelt_final_train,279.9299950198493,297.37376476665673
MSFT_stock_gdelt_final_train,272.230010370151,298.8685956766349
AAPL_stock_gdelt_final_train,175.83999768971148,185.23389710305966
MSFT_stock_gdelt_final_train,413.6400176972457,456.87995343347944
AAPL_stock_gdelt_final_train,232.97999974022466,247.3823677681235
MSFT_stock_gdelt_final_train,244.520002764335,264.0837639863303
MSFT_stock_gdelt_final_train,424.73001041122194,457.030243060548
AAPL_stock_gdelt_final_train,125.06999949548947,156.78958609805056
MSFT_stock_gdelt_final_train,228.86999586976253,241.61489027285097
AAPL_stock_gdelt_final_train,177.55999905801673,194.14158365859558
MSFT_stock_gdelt_final_train,253.24999865143127,265.00447817289665
AAPL_stock_gdelt_final_train,226.36999631097217,243.881397102333
AAPL_stock_gdelt_final_train,148.19000229062163,158.2380463435615
MSFT_stock_gdelt_final_train,322.45998879305995,350.38429151110546
AAPL_stock_gdelt_final_train,190.6899995664003,204.23591699528353
MSFT_stock_gdelt_final_train,242.71000647146866,266.7793216672081
MSFT_stock_gdelt_final_train,415.5499864187296,457.7272728376084
AAPL_stock_gdelt_final_train,180.33000081668976,189.42110135164174
AAPL_stock_gdelt_final_train,131.86000074438843,139.56870131567163
AAPL_stock_gdelt_final_train,125.900001960234,127.76989982750266
AAPL_stock_gdelt_final_train,167.63000277618198,179.38010857558783
AAPL_stock_gdelt_final_train,173.02999688796132,179.89015589720645
MSFT_stock_gdelt_final_train,258.7399907701611,276.17677941465814
MSFT_stock_gdelt_final_train,333.2000133318125,355.4103960390349
AAPL_stock_gdelt_final_train,222.77000590525122,237.96617296979483
MSFT_stock_gdelt_final_train,373.2600132148728,403.46790868475733
AAPL_stock_gdelt_final_train,189.46000348218547,205.33492131533959
MSFT_stock_gdelt_final_train,289.8599834256675,319.1091509900289
AAPL_stock_gdelt_final_train,195.17999419018065,205.26216795382436
MSFT_stock_gdelt_final_train,340.54000136721885,361.2033489759597
AAPL_stock_gdelt_final_train,133.58000211269365,142.65077043848794
AAPL_stock_gdelt_final_train,170.11999422691943,183.69361082306963
MSFT_stock_gdelt_final_train,242.5800019874623,260.5609361706293
AAPL_stock_gdelt_final_train,172.1900042285452,149.22663565383868
MSFT_stock_gdelt_final_train,295.9200139344703,321.82825800240613
MSFT_stock_gdelt_final_train,415.2600138748058,458.56692254023443
MSFT_stock_gdelt_final_train,325.2600081127603,351.8028515005827
AAPL_stock_gdelt_final_train,228.28000163709157,246.5290293395514
AAPL_stock_gdelt_final_train,126.36000052171839,175.16230131764468
AAPL_stock_gdelt_final_train,149.0299992016367,157.78941762061336
MSFT_stock_gdelt_final_train,254.55999584225447,283.3425937029388
MSFT_stock_gdelt_final_train,331.85000890834823,354.1267101853119
AAPL_stock_gdelt_final_train,137.4400022419119,150.74843172992328
MSFT_stock_gdelt_final_train,294.79998642362995,318.5300124382521
AAPL_stock_gdelt_final_train,165.32000701929152,148.38639215008354
MSFT_stock_gdelt_final_train,417.13000579897204,455.1657142769364
MSFT_stock_gdelt_final_train,274.57998636679355,292.4988629254986
MSFT_stock_gdelt_final_train,232.33000137350064,242.21171174753727
MSFT_stock_gdelt_final_train,430.80999888336015,463.79723287067833
AAPL_stock_gdelt_final_train,133.94000200358553,128.67613877621574
MSFT_stock_gdelt_final_train,466.23998714636406,462.85568570522815
AAPL_stock_gdelt_final_train,153.71000841222866,164.9421886771309
MSFT_stock_gdelt_final_train,270.01998740385903,291.2111443914219
AAPL_stock_gdelt_final_train,165.78999152384856,173.50786810860126
AAPL_stock_gdelt_final_train,167.53000091689026,177.82006086360136
AAPL_stock_gdelt_final_train,176.27999991835657,187.83380089027983
AAPL_stock_gdelt_final_train,142.47999646279936,157.7164771887436
MSFT_stock_gdelt_final_train,323.0100083491507,355.62161718359863
AAPL_stock_gdelt_final_train,137.13000540646536,167.3769178445014
MSFT_stock_gdelt_final_train,326.67001577635534,359.9041715426138
AAPL_stock_gdelt_final_train,162.4100043582496,176.30076047611013
AAPL_stock_gdelt_final_train,138.91999872275707,147.5708291783291
MSFT_stock_gdelt_final_train,259.49999884021696,274.79812393860544
AAPL_stock_gdelt_final_train,193.96999762750437,204.12595363961324
AAPL_stock_gdelt_final_train,184.14999446253273,197.1566305753035
AAPL_stock_gdelt_final_train,140.3600004121241,155.35987540398202
AAPL_stock_gdelt_final_train,186.2799987771752,194.01721588562665
MSFT_stock_gdelt_final_train,280.07000511643133,310.53185292496715
MSFT_stock_gdelt_final_train,430.2999941687413,462.2311833038876
MSFT_stock_gdelt_final_train,420.1799904299551,449.7208501340138
MSFT_stock_gdelt_final_train,252.50999419769596,276.84375430983715
MSFT_stock_gdelt_final_train,233.27000394628703,251.09150268769645
MSFT_stock_gdelt_final_train,436.59999959391286,463.67549157698164
AAPL_stock_gdelt_final_train,143.77999937559704,150.16890052639468
AAPL_stock_gdelt_final_train,137.08999573439084,150.13587835722163
MSFT_stock_gdelt_final_train,252.4600079833872,267.5909023928062
AAPL_stock_gdelt_final_train,149.61999571602144,161.85619107686955
AAPL_stock_gdelt_final_train,189.25000000283273,201.85395017108766
AAPL_stock_gdelt_final_train,239.58999466627924,252.63023541728145
MSFT_stock_gdelt_final_train,286.3599821025346,308.32431804636514
MSFT_stock_gdelt_final_train,406.32000284283646,449.96530665175675
MSFT_stock_gdelt_final_train,258.48999121913954,275.10168585443813
AAPL_stock_gdelt_final_train,142.5299995182447,150.5211072363809
MSFT_stock_gdelt_final_train,265.4400038466811,279.9230481572777
AAPL_stock_gdelt_final_train,197.57000503962118,213.6819240055655
AAPL_stock_gdelt_final_train,176.08000045137206,185.4431267914005
AAPL_stock_gdelt_final_train,182.30999596499618,195.43565133923596
MSFT_stock_gdelt_final_train,423.85000346973544,456.71892013724215
AAPL_stock_gdelt_final_train,125.900001960234,138.40823800675494
AAPL_stock_gdelt_final_train,122.76999659051995,138.93266636187784
AAPL_stock_gdelt_final_train,132.3000029730335,142.38698635800807
AAPL_stock_gdelt_final_train,255.58999454102863,252.06625231117343
MSFT_stock_gdelt_final_train,260.3999941803623,283.9038971551891
AAPL_stock_gdelt_final_train,168.88000688513327,159.18731785121435
MSFT_stock_gdelt_final_train,390.2699959057464,416.7850822786059
MSFT_stock_gdelt_final_train,249.67999228000735,267.23756350551326
AAPL_stock_gdelt_final_train,143.42999286807597,154.08201481860203
AAPL_stock_gdelt_final_train,161.7899936809607,177.80132831855485
MSFT_stock_gdelt_final_train,253.13999778374546,275.72536650204626
AAPL_stock_gdelt_final_train,183.30999755151763,184.2189213849781
AAPL_stock_gdelt_final_train,135.4499967038388,141.3508270480758
AAPL_stock_gdelt_final_train,221.27000777706803,235.35664356251445
MSFT_stock_gdelt_final_train,404.05999746665117,445.27542114169415
MSFT_stock_gdelt_final_train,301.2499999491284,333.02626567921476
MSFT_stock_gdelt_final_train,418.35000573842996,457.695315748013
MSFT_stock_gdelt_final_train,251.990006696994,286.2981375253367
MSFT_stock_gdelt_final_train,265.2300115283006,290.39731906072126
AAPL_stock_gdelt_final_train,173.49999839891422,166.62106007703392
AAPL_stock_gdelt_final_train,190.39999800089333,204.2228900960501
MSFT_stock_gdelt_final_train,437.3900092840341,461.913134174105
AAPL_stock_gdelt_final_train,170.21000482863982,180.46192793262117
MSFT_stock_gdelt_final_train,286.95000889126646,307.3592900288932
AAPL_stock_gdelt_final_train,131.7899928529058,138.77321226843765
AAPL_stock_gdelt_final_train,167.03999138120088,179.63966869249444
MSFT_stock_gdelt_final_train,430.5299939078578,462.8460681430261
MSFT_stock_gdelt_final_train,330.10998342403406,351.92835155672225
AAPL_stock_gdelt_final_train,173.75000092134408,202.85084809036354
AAPL_stock_gdelt_final_train,217.49000467110423,235.4665133830075
AAPL_stock_gdelt_final_train,151.07000779515516,159.85782902102773
MSFT_stock_gdelt_final_train,251.1099997555075,264.6609622862389
AAPL_stock_gdelt_final_train,172.11999314836336,178.9097711883166
AAPL_stock_gdelt_final_train,177.97000200435394,179.55626082396907
MSFT_stock_gdelt_final_train,268.7399918331012,274.40548543994106
AAPL_stock_gdelt_final_train,141.66000332492177,150.5963690412864
MSFT_stock_gdelt_final_train,424.6000059272156,458.35728403248874
MSFT_stock_gdelt_final_train,323.7999876039485,352.61331372804494
AAPL_stock_gdelt_final_train,181.91000553422512,196.6562598929327
AAPL_stock_gdelt_final_train,136.91000429214284,141.98451511924006
MSFT_stock_gdelt_final_train,421.0300033602071,451.69837005583764
AAPL_stock_gdelt_final_train,226.2100086418617,251.86887608075128
MSFT_stock_gdelt_final_train,467.5599975585938,462.2163308660566
AAPL_stock_gdelt_final_train,167.39999552369173,177.41478994691388
AAPL_stock_gdelt_final_train,233.85000443674554,250.82325483731898
MSFT_stock_gdelt_final_train,212.64999389006454,223.72280060317462
MSFT_stock_gdelt_final_train,308.23001419673534,327.75692204647936
AAPL_stock_gdelt_final_train,150.86999557337379,139.49492119300598
AAPL_stock_gdelt_final_train,128.97999523985487,158.12825305184987
MSFT_stock_gdelt_final_train,271.8699947337819,293.29683145269524
AAPL_stock_gdelt_final_train,227.82000413850693,245.86606050630468
MSFT_stock_gdelt_final_train,417.32001352310914,451.177043400905
MSFT_stock_gdelt_final_train,402.6899970356972,433.1939673318521
MSFT_stock_gdelt_final_train,328.41000321651524,351.0165397022575
AAPL_stock_gdelt_final_train,169.30000108904187,181.11927615203416
MSFT_stock_gdelt_final_train,249.0700075279401,259.2279945503597
AAPL_stock_gdelt_final_train,193.11999245252207,210.97170823155977
AAPL_stock_gdelt_final_train,152.589996941679,164.97928812971284
MSFT_stock_gdelt_final_train,426.58998911398163,459.2769177650735
AAPL_stock_gdelt_final_train,133.41000405381646,141.6124683226765
AAPL_stock_gdelt_final_train,138.2700036437567,142.54448896752262
MSFT_stock_gdelt_final_train,302.7499972552578,316.33492560693054
AAPL_stock_gdelt_final_train,185.14000053988386,198.8139973876338
AAPL_stock_gdelt_final_train,124.6100004025552,131.28510909823203
MSFT_stock_gdelt_final_train,414.5799822258778,450.86217476242024
MSFT_stock_gdelt_final_train,305.5599993610413,329.21523056834855
MSFT_stock_gdelt_final_train,261.9700003391982,280.3424469140628
AAPL_stock_gdelt_final_train,151.8300023684171,165.44749971750082
MSFT_stock_gdelt_final_train,370.7300160845917,395.240221179869
AAPL_stock_gdelt_final_train,168.2200014163662,178.9667766272598
MSFT_stock_gdelt_final_train,236.9600072869339,252.5410762717429
AAPL_stock_gdelt_final_train,157.39999241327413,170.1669701439006
MSFT_stock_gdelt_final_train,314.2699878274016,342.9984146168063
MSFT_stock_gdelt_final_train,319.91000326412,353.2283203084772
AAPL_stock_gdelt_final_train,179.07000545016714,191.97940749457337
MSFT_stock_gdelt_final_train,248.58999682455578,272.7654856460604
AAPL_stock_gdelt_final_train,155.74000661598043,154.235591076471
MSFT_stock_gdelt_final_train,239.58000166858028,255.0793403967491
MSFT_stock_gdelt_final_train,313.4599897386216,329.5285774406621
AAPL_stock_gdelt_final_train,169.58999840294985,153.2611756125301
MSFT_stock_gdelt_final_train,289.9800127324216,301.401818951199
MSFT_stock_gdelt_final_train,247.25000181808264,259.8530714184299
MSFT_stock_gdelt_final_train,294.60000352224057,314.1180166487139
MSFT_stock_gdelt_final_train,334.5700061539356,354.76302149214104
AAPL_stock_gdelt_final_train,224.52999781343564,240.96666241164138
MSFT_stock_gdelt_final_train,277.7499965001153,308.30996779137064
AAPL_stock_gdelt_final_train,176.55000196232496,188.60404606865004
AAPL_stock_gdelt_final_train,136.0099939359157,163.1697991063601
MSFT_stock_gdelt_final_train,327.5000022637942,363.2861903344929
AAPL_stock_gdelt_final_train,138.9299921061279,164.26773202347658
MSFT_stock_gdelt_final_train,262.26998990894396,279.37157531449344
MSFT_stock_gdelt_final_train,415.0000049067931,457.5604568299205
AAPL_stock_gdelt_final_train,226.96000770595327,248.32928388994884
AAPL_stock_gdelt_final_train,138.3800052638177,150.87868796746085
AAPL_stock_gdelt_final_train,188.63000633193965,194.14679611892853
AAPL_stock_gdelt_final_train,130.8399964476292,140.92178544156644
MSFT_stock_gdelt_final_train,449.7800011850887,463.41700437514015
AAPL_stock_gdelt_final_train,174.1499956037141,180.95060671783403
AAPL_stock_gdelt_final_train,159.2799984570857,171.231128358827
AAPL_stock_gdelt_final_train,169.66999648910405,178.7986854105191
AAPL_stock_gdelt_final_train,231.30000591819447,245.0690217512474
AAPL_stock_gdelt_final_train,175.83999768971148,186.17842382626583
MSFT_stock_gdelt_final_train,330.5299984961185,357.43175804425124
MSFT_stock_gdelt_final_train,295.0400069929838,329.07962598483215
MSFT_stock_gdelt_final_train,294.99999976034275,321.5412376848545
AAPL_stock_gdelt_final_train,122.0599976324052,141.14201826803264
AAPL_stock_gdelt_final_train,145.60000685479295,131.90780253446886
MSFT_stock_gdelt_final_train,384.6300109043514,413.666694258227
MSFT_stock_gdelt_final_train,231.60000633675645,241.83572897961676
AAPL_stock_gdelt_final_train,145.6399995204716,177.15154794530227
AAPL_stock_gdelt_final_train,168.53999376098304,155.27366998333667
MSFT_stock_gdelt_final_train,299.49999928756193,323.14581837110023
AAPL_stock_gdelt_final_train,120.12999730207113,142.15849905214836
AAPL_stock_gdelt_final_train,164.32000543277007,177.5071601860607
MSFT_stock_gdelt_final_train,374.2300174077246,397.52459003245536
AAPL_stock_gdelt_final_train,142.41000451481287,150.46742654782952
MSFT_stock_gdelt_final_train,416.32000010136113,448.4765932417868
MSFT_stock_gdelt_final_train,256.86999504157944,273.5103597515436
AAPL_stock_gdelt_final_train,160.8000046100054,179.0131530687867
AAPL_stock_gdelt_final_train,218.36000086442715,236.25580572474777
AAPL_stock_gdelt_final_train,219.85999899261037,231.9459598523772
MSFT_stock_gdelt_final_train,313.85998597672375,339.6357374729633
AAPL_stock_gdelt_final_train,121.08999639109132,147.02786172591263
AAPL_stock_gdelt_final_train,178.1999965020473,192.15466690717165
MSFT_stock_gdelt_final_train,420.98999612756603,452.6491999949322
MSFT_stock_gdelt_final_train,335.019992410762,365.4688747715191
MSFT_stock_gdelt_final_train,288.45001380622676,312.58334590037344
AAPL_stock_gdelt_final_train,138.19999681517382,152.51835324749402
AAPL_stock_gdelt_final_train,154.52999729850728,154.3514641547048
MSFT_stock_gdelt_final_train,415.27999466463376,437.07923419654986
MSFT_stock_gdelt_final_train,272.42001428987265,292.73965198676893
MSFT_stock_gdelt_final_train,410.600000634684,445.808998014305
MSFT_stock_gdelt_final_train,277.35000787084397,308.0581154900356
AAPL_stock_gdelt_final_train,162.8800058692025,173.22842751492718
MSFT_stock_gdelt_final_train,227.86999481236467,236.38290219520331
MSFT_stock_gdelt_final_train,411.6499888574945,434.53226937345977
MSFT_stock_gdelt_final_train,240.2200013561669,249.8862981198381
AAPL_stock_gdelt_final_train,173.9699999098671,180.69288329168097
AAPL_stock_gdelt_final_train,129.6100003634144,133.06733049161292
MSFT_stock_gdelt_final_train,294.8500068776776,315.73434536980136
MSFT_stock_gdelt_final_train,307.26001000388356,322.61561981938945
AAPL_stock_gdelt_final_train,173.309998692699,181.71660880043564
AAPL_stock_gdelt_final_train,228.0200078570904,241.9759749998995
AAPL_stock_gdelt_final_train,149.35000642684994,161.59720917742237
MSFT_stock_gdelt_final_train,241.75999448169114,262.5201492454135
AAPL_stock_gdelt_final_train,146.86999560468644,149.62853930414468
AAPL_stock_gdelt_final_train,171.47999570433277,185.70229576120218
MSFT_stock_gdelt_final_train,415.1000001619032,452.9803363137872
AAPL_stock_gdelt_final_train,137.86999408079026,143.91970904343665
MSFT_stock_gdelt_final_train,425.2000078931997,455.9501847381944
AAPL_stock_gdelt_final_train,153.64999284121714,153.5041629966652
MSFT_stock_gdelt_final_train,240.44999729086794,261.4011489267387
MSFT_stock_gdelt_final_train,245.11999331707284,268.3274828726563
MSFT_stock_gdelt_final_train,291.9100002878877,309.631636928727
AAPL_stock_gdelt_final_train,154.3000028008139,154.23372037292572
AAPL_stock_gdelt_final_train,192.58000537098116,188.42348916373948
AAPL_stock_gdelt_final_train,163.61999666932692,181.88734451173352
AAPL_stock_gdelt_final_train,170.69000184876302,182.1816997145822
MSFT_stock_gdelt_final_train,274.0299972460262,305.76336819216164
AAPL_stock_gdelt_final_train,175.1000068895871,191.99200073071225
AAPL_stock_gdelt_final_train,148.640000028437,159.68337741223309
MSFT_stock_gdelt_final_train,432.5300055336921,460.32002760479014
AAPL_stock_gdelt_final_train,146.80000365669994,156.69237753927985
AAPL_stock_gdelt_final_train,221.71999701168548,239.58063264535494
AAPL_stock_gdelt_final_train,163.64000044246444,167.6571067195936
AAPL_stock_gdelt_final_train,223.44999814075996,237.12628660035287
MSFT_stock_gdelt_final_train,332.4699992729912,359.3678859262182
AAPL_stock_gdelt_final_train,165.8399945792939,175.37238982897676
MSFT_stock_gdelt_final_train,227.38999932664206,247.76588055012235
AAPL_stock_gdelt_final_train,243.00999788135113,256.17943622174823
AAPL_stock_gdelt_final_train,145.4299917895199,167.39419634270138
AAPL_stock_gdelt_final_train,155.11000042952116,149.2972462094748
MSFT_stock_gdelt_final_train,258.85998583717634,271.4877042450817
AAPL_stock_gdelt_final_train,160.10000434976018,202.39970242082723
AAPL_stock_gdelt_final_train,174.07000602075783,181.46129177929765
AAPL_stock_gdelt_final_train,170.77000418651622,181.6463468759148
MSFT_stock_gdelt_final_train,304.7999912909855,347.56569142645463
MSFT_stock_gdelt_final_train,245.17999275278817,266.6513259145477
AAPL_stock_gdelt_final_train,174.30999602762148,176.79397996901923
AAPL_stock_gdelt_final_train,226.47000242186286,244.07720024113755
MSFT_stock_gdelt_final_train,284.3399972957032,305.56567554885993
AAPL_stock_gdelt_final_train,148.11999546203876,154.69546953028458
MSFT_stock_gdelt_final_train,283.4899919742821,306.15546646383524
AAPL_stock_gdelt_final_train,178.9600080817051,186.41122437927712
AAPL_stock_gdelt_final_train,148.85000563358923,160.50168266532094
AAPL_stock_gdelt_final_train,148.89000042506737,155.77367502819638
AAPL_stock_gdelt_final_train,185.03999442899317,200.16376101473574
AAPL_stock_gdelt_final_train,184.8000044221295,194.47470494082106
MSFT_stock_gdelt_final_train,360.52999788052335,386.17448182683444
MSFT_stock_gdelt_final_train,286.4400041766476,309.40492420454035
MSFT_stock_gdelt_final_train,336.7200030536042,359.82916368803495
MSFT_stock_gdelt_final_train,258.08999498103736,273.48385058484115
MSFT_stock_gdelt_final_train,287.71999974740544,313.47745961426705
MSFT_stock_gdelt_final_train,280.32000847186833,303.1942921066039
MSFT_stock_gdelt_final_train,332.5799849230153,348.7561843198528
MSFT_stock_gdelt_final_train,389.32998572412913,434.8114525952297
AAPL_stock_gdelt_final_train,132.0299988032656,141.78679025770265
MSFT_stock_gdelt_final_train,292.8800044807395,316.5230159056919
AAPL_stock_gdelt_final_train,216.66999877842977,227.0757872490098
MSFT_stock_gdelt_final_train,270.89999434534553,290.5808136256456
AAPL_stock_gdelt_final_train,226.8399935703261,240.05758552061812
AAPL_stock_gdelt_final_train,195.8300041497774,206.853184312683
MSFT_stock_gdelt_final_train,245.41999810448033,262.5303450787606
MSFT_stock_gdelt_final_train,279.82998454707746,312.9802986061332
MSFT_stock_gdelt_final_train,317.5400122379106,344.6312392831897
MSFT_stock_gdelt_final_train,453.9599885041644,453.68430534458827
MSFT_stock_gdelt_final_train,248.14999335381253,263.1074672903606
AAPL_stock_gdelt_final_train,146.63000559782276,156.2237322883973
MSFT_stock_gdelt_final_train,299.1600062895905,322.1929797006597
MSFT_stock_gdelt_final_train,402.64998980305614,450.3521700478014
MSFT_stock_gdelt_final_train,234.2400062369311,240.98191163393676
AAPL_stock_gdelt_final_train,217.5299952109834,234.41416611001014
MSFT_stock_gdelt_final_train,235.99000499628983,246.003348144136
AAPL_stock_gdelt_final_train,143.75999347666004,149.92931442143282
AAPL_stock_gdelt_final_train,191.03999119332497,202.81533023259718
MSFT_stock_gdelt_final_train,252.22000263169502,271.84098987055864
MSFT_stock_gdelt_final_train,258.8299880215264,278.5188079874716
MSFT_stock_gdelt_final_train,331.61999395157005,352.1793973219865
MSFT_stock_gdelt_final_train,431.3399996054687,461.05144929731983
AAPL_stock_gdelt_final_train,143.39000020239732,155.82123341423596
AAPL_stock_gdelt_final_train,235.00000243480613,249.952629407349
MSFT_stock_gdelt_final_train,253.24999865143127,277.7307157227261
AAPL_stock_gdelt_final_train,175.05000383414173,187.0268729160264
MSFT_stock_gdelt_final_train,235.2400063432251,251.0726936578203
MSFT_stock_gdelt_final_train,241.679993331863,260.93156232162715
MSFT_stock_gdelt_final_train,243.7899925099291,259.9668995280363
AAPL_stock_gdelt_final_train,232.1499940867809,248.41560835536526
MSFT_stock_gdelt_final_train,398.42999525133934,436.3963111918966
AAPL_stock_gdelt_final_train,186.3999959064065,195.81455383913305
AAPL_stock_gdelt_final_train,147.03999366356362,158.431187981413
MSFT_stock_gdelt_final_train,247.3999947007478,267.58540120809727
MSFT_stock_gdelt_final_train,233.7799991498673,242.32437190160726
AAPL_stock_gdelt_final_train,172.69000077020695,185.82616184549303
MSFT_stock_gdelt_final_train,415.13000939079944,448.0651228867537
AAPL_stock_gdelt_final_train,141.66000332492177,147.30862881846426
AAPL_stock_gdelt_final_train,127.13999993101756,137.26335680805056
MSFT_stock_gdelt_final_train,316.3800079297526,356.95068210454707
MSFT_stock_gdelt_final_train,214.24999997481206,236.56551033133292
MSFT_stock_gdelt_final_train,426.73000681939453,457.5205561209114
MSFT_stock_gdelt_final_train,447.67001151806113,465.32685135533035
AAPL_stock_gdelt_final_train,146.38999858456322,156.02237656134247
MSFT_stock_gdelt_final_train,289.8399950270087,305.9627956488985
MSFT_stock_gdelt_final_train,318.3399971052841,343.2608279753695
MSFT_stock_gdelt_final_train,274.8200069361474,296.809524305696
AAPL_stock_gdelt_final_train,126.26999629739645,133.9619115559598
MSFT_stock_gdelt_final_train,263.6199943324082,287.9019116755117
MSFT_stock_gdelt_final_train,276.20000917526164,285.9989430784154
MSFT_stock_gdelt_final_train,235.80999717810528,255.85310142857728
AAPL_stock_gdelt_final_train,131.46000712491815,144.1820326996715
MSFT_stock_gdelt_final_train,251.899994227967,278.10336582273163
MSFT_stock_gdelt_final_train,418.7399887551256,453.37264763272475
MSFT_stock_gdelt_final_train,356.53000506417817,383.0360673636424
AAPL_stock_gdelt_final_train,157.64999493570397,169.27688939705982
MSFT_stock_gdelt_final_train,266.6499943691479,282.64774005150326
MSFT_stock_gdelt_final_train,417.1400190203786,447.7227407158935
AAPL_stock_gdelt_final_train,140.41999897673978,177.59046601621085
MSFT_stock_gdelt_final_train,418.15999801429285,450.2412180762586
AAPL_stock_gdelt_final_train,189.99000780935302,205.3175832947541
AAPL_stock_gdelt_final_train,159.47999367247124,178.75905200495313
AAPL_stock_gdelt_final_train,232.99999926176324,245.4661721139088
MSFT_stock_gdelt_final_train,415.7600053680181,449.92587769026073
AAPL_stock_gdelt_final_train,119.9000014757531,124.28891911715306
AAPL_stock_gdelt_final_train,227.36999789749362,242.0801221681836
MSFT_stock_gdelt_final_train,243.69999716077155,259.52374600131867
AAPL_stock_gdelt_final_train,150.8099970087581,161.31946072013696
AAPL_stock_gdelt_final_train,221.69000623257557,243.1390339099853
MSFT_stock_gdelt_final_train,307.29001162394894,327.1047387184845
MSFT_stock_gdelt_final_train,271.6000067841015,290.1528168899932
MSFT_stock_gdelt_final_train,346.8700008036249,381.328295713327
AAPL_stock_gdelt_final_train,135.2100066969751,149.30200374871836
MSFT_stock_gdelt_final_train,327.77999963046574,352.5548170364237
MSFT_stock_gdelt_final_train,435.2499951704486,463.9638967017491
AAPL_stock_gdelt_final_train,136.96000734758817,144.74855401036254
MSFT_stock_gdelt_final_train,365.929985139057,403.7846947486178
AAPL_stock_gdelt_final_train,121.41999806257512,144.40653838309908
MSFT_stock_gdelt_final_train,417.10997935615893,449.8223062846483
AAPL_stock_gdelt_final_train,175.08000311644957,157.13933963543312
MSFT_stock_gdelt_final_train,293.0799873821289,315.30898128962514
MSFT_stock_gdelt_final_train,242.9999999396773,254.33782178567344
MSFT_stock_gdelt_final_train,283.1099841348387,312.6934609005221
AAPL_stock_gdelt_final_train,183.94999499554822,194.41680666609486
AAPL_stock_gdelt_final_train,175.0099962878667,186.36471188658328
AAPL_stock_gdelt_final_train,184.3699934510558,195.43451191071293
AAPL_stock_gdelt_final_train,143.11000052345912,147.42579863438286
AAPL_stock_gdelt_final_train,133.41000405381646,204.82635355016131
MSFT_stock_gdelt_final_train,229.10000702212528,253.55545136173168
AAPL_stock_gdelt_final_train,134.509993681933,148.83203199895823
AAPL_stock_gdelt_final_train,134.7200014128847,142.17800751400628
MSFT_stock_gdelt_final_train,287.1799934127212,308.01949306461034
AAPL_stock_gdelt_final_train,135.9400019879292,142.0091531352511
AAPL_stock_gdelt_final_train,226.50999296174203,242.16733096618506
AAPL_stock_gdelt_final_train,146.83000081320827,156.40013112951857
MSFT_stock_gdelt_final_train,237.1300056881273,247.60558911489352
MSFT_stock_gdelt_final_train,247.30000325005312,265.5816992992978
AAPL_stock_gdelt_final_train,174.49000447626537,185.00803515956176
MSFT_stock_gdelt_final_train,441.57997938919294,463.763845320882
AAPL_stock_gdelt_final_train,148.00999384197775,161.69250451665818
AAPL_stock_gdelt_final_train,177.2299941978337,185.96990840655138
AAPL_stock_gdelt_final_train,158.27999687056425,171.51877453850648
MSFT_stock_gdelt_final_train,397.83999128910006,428.9654052365914
MSFT_stock_gdelt_final_train,402.55999255169087,431.11421515864646
MSFT_stock_gdelt_final_train,266.82000608579534,283.3169975959391
MSFT_stock_gdelt_final_train,318.51999160801466,336.9799968039552
MSFT_stock_gdelt_final_train,296.98999055593964,318.357763725333
MSFT_stock_gdelt_final_train,432.1099828527768,461.21543481992927
AAPL_stock_gdelt_final_train,246.7500019442378,254.98247506150335
AAPL_stock_gdelt_final_train,134.4299934699793,158.07875593668155
AAPL_stock_gdelt_final_train,169.02000353590316,177.93642712731528
MSFT_stock_gdelt_final_train,268.71999963002696,285.33473779766797
MSFT_stock_gdelt_final_train,268.08999604397746,300.9415759903787
AAPL_stock_gdelt_final_train,168.4900034603346,158.8099459269452
MSFT_stock_gdelt_final_train,446.9500182894772,461.37217673556376
MSFT_stock_gdelt_final_train,235.74999964459766,254.96494542924393
MSFT_stock_gdelt_final_train,299.49999928756193,334.3588458800187
AAPL_stock_gdelt_final_train,148.75999503186884,158.80935920628784
MSFT_stock_gdelt_final_train,414.6700099125665,458.3536013583544
MSFT_stock_gdelt_final_train,406.22000758772634,444.86253554412184
MSFT_stock_gdelt_final_train,314.0400109147777,336.3655532770063
MSFT_stock_gdelt_final_train,420.20998444118965,454.3939657808697
AAPL_stock_gdelt_final_train,229.00000141887537,245.4226697532833
MSFT_stock_gdelt_final_train,251.4900037905354,268.98018360114935
AAPL_stock_gdelt_final_train,159.30000223022324,179.172911151553
AAPL_stock_gdelt_final_train,144.2200016042421,158.3380439512543
AAPL_stock_gdelt_final_train,194.4799939299354,211.56778240666716
MSFT_stock_gdelt_final_train,452.15999782387377,462.82342426239853
AAPL_stock_gdelt_final_train,166.2299937524936,177.6500479241278
AAPL_stock_gdelt_final_train,165.55999702615517,180.28552058830195
MSFT_stock_gdelt_final_train,289.81000101577416,308.3576295078529
MSFT_stock_gdelt_final_train,265.0199887745967,285.9129632897421
AAPL_stock_gdelt_final_train,183.9600075111144,198.57006614852818
MSFT_stock_gdelt_final_train,300.17999289233563,324.17037788118984
MSFT_stock_gdelt_final_train,413.6400176972457,441.211894587701
MSFT_stock_gdelt_final_train,415.4999964000054,444.0386665566912
AAPL_stock_gdelt_final_train,146.5500032600696,154.84135889722208
MSFT_stock_gdelt_final_train,300.42999624777264,315.8608193562905
MSFT_stock_gdelt_final_train,377.44000053394853,397.2364283902753
AAPL_stock_gdelt_final_train,172.5700078925746,167.59445515722282
AAPL_stock_gdelt_final_train,130.14999382235376,200.88440703956243
AAPL_stock_gdelt_final_train,163.16999893151154,182.3985652746669
MSFT_stock_gdelt_final_train,350.9800173141485,372.2983178653158
MSFT_stock_gdelt_final_train,345.73001532944915,366.1576109229464
AAPL_stock_gdelt_final_train,148.99000653595806,159.14120500882336
MSFT_stock_gdelt_final_train,451.58998986912417,461.24008743190285
MSFT_stock_gdelt_final_train,273.2399913603204,285.23914044679265
AAPL_stock_gdelt_final_train,175.46000678047898,188.30498009414646
AAPL_stock_gdelt_final_train,178.85000646164409,184.49662732627385
AAPL_stock_gdelt_final_train,127.90000194457767,139.45784937581732
AAPL_stock_gdelt_final_train,180.0899980550292,177.1160385907338
AAPL_stock_gdelt_final_train,146.14999369710316,154.23766585676665
MSFT_stock_gdelt_final_train,324.0400081733024,343.0477502760769
AAPL_stock_gdelt_final_train,228.52000439875215,245.7671428047494
AAPL_stock_gdelt_final_train,195.86999468965658,209.1136234320196
AAPL_stock_gdelt_final_train,177.57000732198392,142.71244625889588
MSFT_stock_gdelt_final_train,342.32999404376466,371.40841944371647
