Company,Target,Predicted
AAPL_stock_gdelt_final_train,0.41623446,0.23945968
MSFT_stock_gdelt_final_train,0.8819475,0.901207
AAPL_stock_gdelt_final_train,0.36772755,0.37581462
AAPL_stock_gdelt_final_train,0.44111872,0.47535866
MSFT_stock_gdelt_final_train,0.30214256,0.36151052
MSFT_stock_gdelt_final_train,0.6098077,0.6512615
MSFT_stock_gdelt_final_train,0.03940307,0.09684014
MSFT_stock_gdelt_final_train,0.29861733,0.37781763
MSFT_stock_gdelt_final_train,0.77345186,0.7963239
AAPL_stock_gdelt_final_train,0.830366,0.8538892
MSFT_stock_gdelt_final_train,0.3208649,0.39105284
MSFT_stock_gdelt_final_train,0.15095372,0.17761217
MSFT_stock_gdelt_final_train,0.51032084,0.5309642
AAPL_stock_gdelt_final_train,0.12589379,0.13367878
MSFT_stock_gdelt_final_train,0.74356663,0.79483956
MSFT_stock_gdelt_final_train,0.1352865,0.18990222
AAPL_stock_gdelt_final_train,0.39695787,0.40457386
AAPL_stock_gdelt_final_train,0.28641528,0.33215237
AAPL_stock_gdelt_final_train,0.17972803,0.19651604
MSFT_stock_gdelt_final_train,0.8580157,0.90792584
AAPL_stock_gdelt_final_train,0.22732368,0.27056745
MSFT_stock_gdelt_final_train,0.18060392,0.23335713
MSFT_stock_gdelt_final_train,0.29325134,0.33559752
AAPL_stock_gdelt_final_train,0.3938736,0.38028526
MSFT_stock_gdelt_final_train,0.1392033,0.20455466
AAPL_stock_gdelt_final_train,0.3429833,0.34002542
MSFT_stock_gdelt_final_train,0.85492146,0.88907385
AAPL_stock_gdelt_final_train,0.26896116,0.36238045
AAPL_stock_gdelt_final_train,0.07177904,0.0908306
MSFT_stock_gdelt_final_train,0.85041714,0.87814593
AAPL_stock_gdelt_final_train,0.49292022,0.5317488
MSFT_stock_gdelt_final_train,0.14480436,0.214733
MSFT_stock_gdelt_final_train,0.893502,0.94096535
AAPL_stock_gdelt_final_train,0.1263844,0.15536542
MSFT_stock_gdelt_final_train,0.8103483,0.84864676
MSFT_stock_gdelt_final_train,0.8804199,0.9351741
MSFT_stock_gdelt_final_train,0.3961459,0.47833198
AAPL_stock_gdelt_final_train,0.51408947,0.47637415
AAPL_stock_gdelt_final_train,0.48303667,0.5279034
AAPL_stock_gdelt_final_train,0.101850554,0.30447298
AAPL_stock_gdelt_final_train,0.18428428,0.253643
AAPL_stock_gdelt_final_train,0.3299453,0.36295253
MSFT_stock_gdelt_final_train,0.17100781,0.21290159
MSFT_stock_gdelt_final_train,0.50996834,0.52888143
MSFT_stock_gdelt_final_train,0.36261794,0.3867631
MSFT_stock_gdelt_final_train,0.36093375,0.4201727
MSFT_stock_gdelt_final_train,0.26313108,0.28984234
AAPL_stock_gdelt_final_train,0.21554747,0.26768178
MSFT_stock_gdelt_final_train,0.23598762,0.27442706
AAPL_stock_gdelt_final_train,0.049278,0.06762769
MSFT_stock_gdelt_final_train,0.2767616,0.3265409
MSFT_stock_gdelt_final_train,0.48603657,0.53578764
AAPL_stock_gdelt_final_train,0.43186602,0.4354099
AAPL_stock_gdelt_final_train,0.49432224,0.557036
MSFT_stock_gdelt_final_train,0.7441933,0.82057035
MSFT_stock_gdelt_final_train,0.85351145,0.8904551
MSFT_stock_gdelt_final_train,0.07720029,0.15071309
AAPL_stock_gdelt_final_train,0.9521941,0.9880639
AAPL_stock_gdelt_final_train,0.23468386,0.28223687
AAPL_stock_gdelt_final_train,0.43901592,0.42121303
MSFT_stock_gdelt_final_train,0.7891191,0.8432177
MSFT_stock_gdelt_final_train,0.09212332,0.10817938
MSFT_stock_gdelt_final_train,0.7646783,0.8255208
MSFT_stock_gdelt_final_train,0.45732644,0.4870627
AAPL_stock_gdelt_final_train,0.36043742,0.40939844
MSFT_stock_gdelt_final_train,0.8257804,0.83925486
MSFT_stock_gdelt_final_train,0.80893815,0.8544159
MSFT_stock_gdelt_final_train,0.25141984,0.31868732
AAPL_stock_gdelt_final_train,0.53266513,0.5585363
MSFT_stock_gdelt_final_train,0.37624848,0.45000082
AAPL_stock_gdelt_final_train,0.44469374,0.44597822
AAPL_stock_gdelt_final_train,0.18617693,0.18223456
AAPL_stock_gdelt_final_train,0.77400815,0.7885392
AAPL_stock_gdelt_final_train,0.34361425,0.35943538
MSFT_stock_gdelt_final_train,0.1688144,0.24476415
AAPL_stock_gdelt_final_train,0.37662974,0.3593253
AAPL_stock_gdelt_final_train,0.37880272,0.26737666
AAPL_stock_gdelt_final_train,0.35896546,0.4142102
MSFT_stock_gdelt_final_train,0.47248444,0.53018236
AAPL_stock_gdelt_final_train,0.2412029,0.2680887
AAPL_stock_gdelt_final_train,0.22087479,0.18722633
MSFT_stock_gdelt_final_train,0.07868864,0.1357834
AAPL_stock_gdelt_final_train,0.34340397,0.28279346
MSFT_stock_gdelt_final_train,0.39124992,0.47024184
AAPL_stock_gdelt_final_train,0.7873265,0.80337614
MSFT_stock_gdelt_final_train,0.2723356,0.33888662
MSFT_stock_gdelt_final_train,0.4923035,0.53806216
MSFT_stock_gdelt_final_train,0.2133877,0.2610211
MSFT_stock_gdelt_final_train,0.36257887,0.40127844
AAPL_stock_gdelt_final_train,0.41525313,0.43950814
MSFT_stock_gdelt_final_train,0.09463007,0.14717339
AAPL_stock_gdelt_final_train,0.4363522,0.45786023
AAPL_stock_gdelt_final_train,0.54444134,0.56530154
AAPL_stock_gdelt_final_train,0.4113276,0.39175618
MSFT_stock_gdelt_final_train,0.9685873,1.0244131
AAPL_stock_gdelt_final_train,0.71218294,0.73873
MSFT_stock_gdelt_final_train,0.20598488,0.24260819
AAPL_stock_gdelt_final_train,0.40165433,0.36877584
AAPL_stock_gdelt_final_train,0.23328194,0.21537642
MSFT_stock_gdelt_final_train,0.18518664,0.2161928
AAPL_stock_gdelt_final_train,0.23216036,0.25111252
AAPL_stock_gdelt_final_train,0.34109077,0.38508075
AAPL_stock_gdelt_final_train,0.5133184,0.5475093
MSFT_stock_gdelt_final_train,0.79832363,0.8375441
MSFT_stock_gdelt_final_train,0.5912421,0.63667023
AAPL_stock_gdelt_final_train,0.18842007,0.11026846
AAPL_stock_gdelt_final_train,0.40789294,0.38060075
AAPL_stock_gdelt_final_train,0.07549416,0.17137791
AAPL_stock_gdelt_final_train,0.11797282,0.30302918
AAPL_stock_gdelt_final_train,0.20405161,0.26548034
AAPL_stock_gdelt_final_train,0.16542834,0.112502985
MSFT_stock_gdelt_final_train,0.81641924,0.9016096
MSFT_stock_gdelt_final_train,0.76013476,0.77957433
AAPL_stock_gdelt_final_train,0.06301695,0.08720047
MSFT_stock_gdelt_final_train,0.16250835,0.1865761
MSFT_stock_gdelt_final_train,0.18479493,0.23703626
AAPL_stock_gdelt_final_train,0.24071218,0.26445413
AAPL_stock_gdelt_final_train,0.387635,0.2920792
AAPL_stock_gdelt_final_train,0.46291882,0.49340504
AAPL_stock_gdelt_final_train,0.22732368,0.27102673
AAPL_stock_gdelt_final_train,0.40985563,0.35634643
MSFT_stock_gdelt_final_train,0.8254279,0.88948715
MSFT_stock_gdelt_final_train,0.85413814,0.89877206
AAPL_stock_gdelt_final_train,0.3076546,0.3279549
AAPL_stock_gdelt_final_train,0.7001263,0.7014798
AAPL_stock_gdelt_final_train,0.42001966,0.32433838
AAPL_stock_gdelt_final_train,0.31129965,0.32246894
AAPL_stock_gdelt_final_train,0.39835978,0.24486347
MSFT_stock_gdelt_final_train,0.49312598,0.54970366
MSFT_stock_gdelt_final_train,0.49273428,0.5667072
MSFT_stock_gdelt_final_train,0.25525838,0.31482953
MSFT_stock_gdelt_final_train,0.35407934,0.43158048
AAPL_stock_gdelt_final_train,0.31879994,0.23965316
MSFT_stock_gdelt_final_train,0.80541307,0.8696671
AAPL_stock_gdelt_final_train,0.2894294,0.36957616
AAPL_stock_gdelt_final_train,0.22430956,0.25969446
AAPL_stock_gdelt_final_train,0.56483954,0.57973623
MSFT_stock_gdelt_final_train,0.33896053,0.37137222
AAPL_stock_gdelt_final_train,0.48058322,0.5210577
AAPL_stock_gdelt_final_train,0.27330723,0.28607166
AAPL_stock_gdelt_final_train,0.5024534,0.5602253
AAPL_stock_gdelt_final_train,0.3706716,0.23237236
MSFT_stock_gdelt_final_train,0.3292468,0.36735988
MSFT_stock_gdelt_final_train,0.28725863,0.35538268
MSFT_stock_gdelt_final_train,0.39806512,0.44159257
AAPL_stock_gdelt_final_train,0.2310389,0.25554627
AAPL_stock_gdelt_final_train,0.2576756,0.25467557
AAPL_stock_gdelt_final_train,0.39099962,0.32835
MSFT_stock_gdelt_final_train,0.39379582,0.44384974
MSFT_stock_gdelt_final_train,0.9058399,0.9734093
AAPL_stock_gdelt_final_train,0.3888266,0.32858002
AAPL_stock_gdelt_final_train,0.6779056,0.6604678
MSFT_stock_gdelt_final_train,0.48493987,0.5351415
AAPL_stock_gdelt_final_train,0.36786765,0.40050465
AAPL_stock_gdelt_final_train,0.23047811,0.24916257
MSFT_stock_gdelt_final_train,0.26736128,0.29804575
MSFT_stock_gdelt_final_train,0.42908618,0.45937294
AAPL_stock_gdelt_final_train,0.35251644,0.39685845
MSFT_stock_gdelt_final_train,0.63612866,0.6898539
MSFT_stock_gdelt_final_train,0.9293408,0.9780835
AAPL_stock_gdelt_final_train,0.48822373,0.49859935
MSFT_stock_gdelt_final_train,0.111080654,0.16139325
MSFT_stock_gdelt_final_train,0.36696565,0.40294158
AAPL_stock_gdelt_final_train,0.43712327,0.45385963
MSFT_stock_gdelt_final_train,0.8211586,0.8931122
AAPL_stock_gdelt_final_train,0.9440628,0.9427672
AAPL_stock_gdelt_final_train,0.7719754,0.801498
AAPL_stock_gdelt_final_train,0.5160522,0.52763724
MSFT_stock_gdelt_final_train,0.112882406,0.14477344
AAPL_stock_gdelt_final_train,0.4022852,0.36805934
MSFT_stock_gdelt_final_train,0.84512943,0.9046604
MSFT_stock_gdelt_final_train,0.35975876,0.39305604
AAPL_stock_gdelt_final_train,0.2627927,0.45913577
AAPL_stock_gdelt_final_train,0.88798547,0.90585464
AAPL_stock_gdelt_final_train,0.42611802,0.41833234
MSFT_stock_gdelt_final_train,0.34260312,0.3995633
MSFT_stock_gdelt_final_train,0.12894128,0.17921016
MSFT_stock_gdelt_final_train,0.86052257,0.8820382
MSFT_stock_gdelt_final_train,0.36191294,0.40842384
MSFT_stock_gdelt_final_train,0.22705731,0.3170973
AAPL_stock_gdelt_final_train,0.39702794,0.42054528
AAPL_stock_gdelt_final_train,0.407963,0.25581825
MSFT_stock_gdelt_final_train,0.7708668,0.82249844
AAPL_stock_gdelt_final_train,0.30043462,0.33489847
AAPL_stock_gdelt_final_train,0.2428151,0.24280673
MSFT_stock_gdelt_final_train,0.20578907,0.27758503
AAPL_stock_gdelt_final_train,0.7795459,0.83451194
AAPL_stock_gdelt_final_train,0.49621478,0.5470815
AAPL_stock_gdelt_final_train,0.37459698,0.38284487
AAPL_stock_gdelt_final_train,0.039254162,0.17654447
AAPL_stock_gdelt_final_train,0.4653022,0.4980508
MSFT_stock_gdelt_final_train,0.45243043,0.5067938
AAPL_stock_gdelt_final_train,0.39050898,0.47836643
AAPL_stock_gdelt_final_train,0.061404757,0.15550146
AAPL_stock_gdelt_final_train,0.34326375,0.3739859
AAPL_stock_gdelt_final_train,0.39050898,0.45381498
AAPL_stock_gdelt_final_train,0.47497547,0.48788917
MSFT_stock_gdelt_final_train,0.7610748,0.812361
MSFT_stock_gdelt_final_train,0.5505072,0.587027
MSFT_stock_gdelt_final_train,0.13928165,0.16741097
AAPL_stock_gdelt_final_train,0.4875929,0.5178474
AAPL_stock_gdelt_final_train,0.39120987,0.17125838
MSFT_stock_gdelt_final_train,0.14746776,0.18362094
MSFT_stock_gdelt_final_train,0.11158986,0.13682798
MSFT_stock_gdelt_final_train,0.39853513,0.44235373
AAPL_stock_gdelt_final_train,0.41146785,0.37091184
MSFT_stock_gdelt_final_train,0.10054443,0.16038848
MSFT_stock_gdelt_final_train,0.16011909,0.2095572
MSFT_stock_gdelt_final_train,0.25619838,0.29834378
MSFT_stock_gdelt_final_train,0.4505895,0.4693811
AAPL_stock_gdelt_final_train,0.22529091,0.28939813
MSFT_stock_gdelt_final_train,0.120911814,0.16747718
MSFT_stock_gdelt_final_train,0.8341624,0.8450922
MSFT_stock_gdelt_final_train,0.4307705,0.49697596
MSFT_stock_gdelt_final_train,0.3431906,0.41556972
MSFT_stock_gdelt_final_train,0.11699501,0.1404539
AAPL_stock_gdelt_final_train,0.26734895,0.14088963
MSFT_stock_gdelt_final_train,0.7614665,0.7857706
MSFT_stock_gdelt_final_train,0.57671064,0.58459103
MSFT_stock_gdelt_final_train,0.13309309,0.18465525
MSFT_stock_gdelt_final_train,0.8154793,0.8704371
AAPL_stock_gdelt_final_train,0.36814812,0.40077102
MSFT_stock_gdelt_final_train,0.24887395,0.30838257
MSFT_stock_gdelt_final_train,0.14065255,0.18106546
AAPL_stock_gdelt_final_train,0.20874809,0.33886904
AAPL_stock_gdelt_final_train,0.22858547,0.15496635
MSFT_stock_gdelt_final_train,0.15639807,0.20366232
AAPL_stock_gdelt_final_train,0.5263564,0.54872096
AAPL_stock_gdelt_final_train,0.5012618,0.52448785
AAPL_stock_gdelt_final_train,0.23699705,0.23876166
MSFT_stock_gdelt_final_train,0.8353374,0.8542641
MSFT_stock_gdelt_final_train,0.19309855,0.23639403
AAPL_stock_gdelt_final_train,0.075283885,0.09323859
MSFT_stock_gdelt_final_train,0.85519564,0.8859237
MSFT_stock_gdelt_final_train,0.23469514,0.27705806
MSFT_stock_gdelt_final_train,0.47800717,0.52291435
MSFT_stock_gdelt_final_train,0.48098385,0.5427222
MSFT_stock_gdelt_final_train,0.45591632,0.51650935
MSFT_stock_gdelt_final_train,0.07234343,0.1402964
MSFT_stock_gdelt_final_train,0.40237364,0.44474387
AAPL_stock_gdelt_final_train,0.5158419,0.5355345
MSFT_stock_gdelt_final_train,0.48047477,0.49694282
MSFT_stock_gdelt_final_train,0.8807332,0.927754
MSFT_stock_gdelt_final_train,0.6486233,0.6785399
MSFT_stock_gdelt_final_train,0.6678939,0.69176626
MSFT_stock_gdelt_final_train,0.9035682,0.9235741
MSFT_stock_gdelt_final_train,0.8411343,0.9064514
MSFT_stock_gdelt_final_train,0.46151733,0.5168708
AAPL_stock_gdelt_final_train,0.096032515,0.16148931
AAPL_stock_gdelt_final_train,0.5387635,0.5855722
AAPL_stock_gdelt_final_train,0.3234964,0.31826824
AAPL_stock_gdelt_final_train,0.49817747,0.5117421
AAPL_stock_gdelt_final_train,0.3462078,0.31423885
AAPL_stock_gdelt_final_train,0.22984716,0.29642415
AAPL_stock_gdelt_final_train,0.23881954,0.2870651
AAPL_stock_gdelt_final_train,0.09897656,0.30111754
AAPL_stock_gdelt_final_train,0.7272537,0.7519005
MSFT_stock_gdelt_final_train,0.26759627,0.3089043
MSFT_stock_gdelt_final_train,0.016411431,0.046297643
AAPL_stock_gdelt_final_train,0.24155341,0.20803642
MSFT_stock_gdelt_final_train,0.49398768,0.51672244
MSFT_stock_gdelt_final_train,0.12976384,0.2061492
AAPL_stock_gdelt_final_train,0.22199637,0.20651035
AAPL_stock_gdelt_final_train,0.20377116,0.12768757
AAPL_stock_gdelt_final_train,0.2388897,0.21335725
AAPL_stock_gdelt_final_train,0.70068705,0.76131827
MSFT_stock_gdelt_final_train,0.3318319,0.39948022
MSFT_stock_gdelt_final_train,0.498022,0.56505686
AAPL_stock_gdelt_final_train,0.09582223,0.13077654
AAPL_stock_gdelt_final_train,0.24702094,0.45548534
AAPL_stock_gdelt_final_train,0.09512122,0.13058749
AAPL_stock_gdelt_final_train,0.46376005,0.50550973
MSFT_stock_gdelt_final_train,0.8411343,0.86813885
MSFT_stock_gdelt_final_train,0.10457873,0.1640057
AAPL_stock_gdelt_final_train,0.38693398,0.43848604
MSFT_stock_gdelt_final_train,0.8256238,0.84122926
AAPL_stock_gdelt_final_train,0.7141456,0.7398671
MSFT_stock_gdelt_final_train,0.48446986,0.5350668
MSFT_stock_gdelt_final_train,0.8001645,0.85486656
AAPL_stock_gdelt_final_train,0.776812,0.7928833
MSFT_stock_gdelt_final_train,0.6172888,0.69945633
MSFT_stock_gdelt_final_train,0.37605268,0.39307612
AAPL_stock_gdelt_final_train,0.21666905,0.21177307
MSFT_stock_gdelt_final_train,0.16321334,0.19394223
MSFT_stock_gdelt_final_train,0.1383808,0.17374538
AAPL_stock_gdelt_final_train,0.06757325,0.12745853
MSFT_stock_gdelt_final_train,0.6212839,0.6963779
MSFT_stock_gdelt_final_train,0.8314206,0.87154657
MSFT_stock_gdelt_final_train,0.31079867,0.33494216
MSFT_stock_gdelt_final_train,0.098703526,0.14888379
MSFT_stock_gdelt_final_train,0.35776114,0.3994038
MSFT_stock_gdelt_final_train,0.17876314,0.22258954
MSFT_stock_gdelt_final_train,0.20496646,0.29664916
AAPL_stock_gdelt_final_train,0.9737138,0.97495985
MSFT_stock_gdelt_final_train,0.03074696,0.106963985
AAPL_stock_gdelt_final_train,0.39198095,0.41090542
MSFT_stock_gdelt_final_train,0.7319337,0.8120694
MSFT_stock_gdelt_final_train,0.8479495,0.8887412
AAPL_stock_gdelt_final_train,0.22571148,0.23983186
MSFT_stock_gdelt_final_train,0.1579257,0.20554043
AAPL_stock_gdelt_final_train,0.28326094,0.38903755
AAPL_stock_gdelt_final_train,0.29840177,0.32502377
AAPL_stock_gdelt_final_train,0.35658208,0.3669274
AAPL_stock_gdelt_final_train,0.207276,0.22241199
MSFT_stock_gdelt_final_train,0.6131761,0.6697143
AAPL_stock_gdelt_final_train,0.18631715,0.24400102
AAPL_stock_gdelt_final_train,0.806463,0.82015055
MSFT_stock_gdelt_final_train,0.4977087,0.5631591
AAPL_stock_gdelt_final_train,0.19276603,0.22341508
MSFT_stock_gdelt_final_train,0.82993233,0.8809539
AAPL_stock_gdelt_final_train,0.51422966,0.5296803
AAPL_stock_gdelt_final_train,0.5466845,0.57735074
MSFT_stock_gdelt_final_train,0.28459522,0.3450911
AAPL_stock_gdelt_final_train,0.10879017,0.22177343
MSFT_stock_gdelt_final_train,0.3795778,0.4381793
AAPL_stock_gdelt_final_train,0.10654702,0.13478602
AAPL_stock_gdelt_final_train,0.4147624,0.25127244
AAPL_stock_gdelt_final_train,0.53343624,0.35516554
AAPL_stock_gdelt_final_train,0.30372918,0.3366431
AAPL_stock_gdelt_final_train,0.64986694,0.6758317
MSFT_stock_gdelt_final_train,0.60487247,0.66208625
AAPL_stock_gdelt_final_train,0.32658067,0.39431125
MSFT_stock_gdelt_final_train,0.47687125,0.5255894
AAPL_stock_gdelt_final_train,0.15435305,0.34432906
MSFT_stock_gdelt_final_train,0.78676903,0.8294572
AAPL_stock_gdelt_final_train,0.46235815,0.48846722
AAPL_stock_gdelt_final_train,0.75669426,0.7896749
AAPL_stock_gdelt_final_train,0.4663536,0.48561877
AAPL_stock_gdelt_final_train,0.111243494,0.16655819
MSFT_stock_gdelt_final_train,0.25619838,0.28774428
MSFT_stock_gdelt_final_train,0.15091456,0.17757045
MSFT_stock_gdelt_final_train,0.112490706,0.16616714
MSFT_stock_gdelt_final_train,0.18056484,0.2486364
MSFT_stock_gdelt_final_train,0.16278249,0.19685626
MSFT_stock_gdelt_final_train,0.20618078,0.2596178
MSFT_stock_gdelt_final_train,0.2828718,0.30981922
AAPL_stock_gdelt_final_train,0.81669706,0.8193566
AAPL_stock_gdelt_final_train,0.1603112,0.18118577
MSFT_stock_gdelt_final_train,0.24668056,0.30581218
AAPL_stock_gdelt_final_train,0.22515069,0.2966894
MSFT_stock_gdelt_final_train,0.23516513,0.28533483
MSFT_stock_gdelt_final_train,0.4864283,0.5302195
MSFT_stock_gdelt_final_train,0.51513845,0.5804554
MSFT_stock_gdelt_final_train,0.17621711,0.2095869
AAPL_stock_gdelt_final_train,0.31024814,0.30980778
MSFT_stock_gdelt_final_train,0.06235556,0.123625256
AAPL_stock_gdelt_final_train,0.07773726,0.1739583
MSFT_stock_gdelt_final_train,0.9451255,0.97415525
AAPL_stock_gdelt_final_train,0.41623446,0.437526
AAPL_stock_gdelt_final_train,0.3952755,0.41486323
MSFT_stock_gdelt_final_train,0.47346365,0.51327366
AAPL_stock_gdelt_final_train,0.41693538,0.4271258
MSFT_stock_gdelt_final_train,0.790255,0.8130247
AAPL_stock_gdelt_final_train,0.33751574,0.3689012
MSFT_stock_gdelt_final_train,0.19732876,0.2332745
MSFT_stock_gdelt_final_train,0.2861227,0.32420242
AAPL_stock_gdelt_final_train,0.43516058,0.39058036
AAPL_stock_gdelt_final_train,0.23909998,0.4542675
MSFT_stock_gdelt_final_train,0.29368225,0.34511417
AAPL_stock_gdelt_final_train,0.3495724,0.38892817
AAPL_stock_gdelt_final_train,0.4411889,0.3793534
MSFT_stock_gdelt_final_train,0.8491246,0.87967855
AAPL_stock_gdelt_final_train,0.20846774,0.4094401
MSFT_stock_gdelt_final_train,0.47980887,0.5537498
MSFT_stock_gdelt_final_train,0.13681404,0.20353575
MSFT_stock_gdelt_final_train,0.18659675,0.22473307
MSFT_stock_gdelt_final_train,0.8343582,0.8538202
MSFT_stock_gdelt_final_train,0.16384004,0.26335776
AAPL_stock_gdelt_final_train,0.54142725,0.5761355
MSFT_stock_gdelt_final_train,0.3508675,0.4072705
MSFT_stock_gdelt_final_train,0.34452233,0.3942721
MSFT_stock_gdelt_final_train,0.13105638,0.18665157
AAPL_stock_gdelt_final_train,0.49418202,0.5074627
MSFT_stock_gdelt_final_train,0.42665777,0.47077614
MSFT_stock_gdelt_final_train,0.06658572,0.13838926
AAPL_stock_gdelt_final_train,0.33933833,0.23070022
AAPL_stock_gdelt_final_train,0.26447496,0.30142432
MSFT_stock_gdelt_final_train,0.83831424,0.8811142
MSFT_stock_gdelt_final_train,0.15475303,0.1787992
AAPL_stock_gdelt_final_train,0.28732657,0.3122542
MSFT_stock_gdelt_final_train,0.91563195,0.9383915
AAPL_stock_gdelt_final_train,0.2524183,0.27283096
MSFT_stock_gdelt_final_train,0.04982179,0.08736319
MSFT_stock_gdelt_final_train,0.8326348,0.9039053
MSFT_stock_gdelt_final_train,0.75895965,0.8016913
MSFT_stock_gdelt_final_train,0.7758803,0.8371693
AAPL_stock_gdelt_final_train,0.45808223,0.50755304
AAPL_stock_gdelt_final_train,0.13339409,0.20370464
MSFT_stock_gdelt_final_train,0.2199287,0.25353706
AAPL_stock_gdelt_final_train,0.84796023,0.8568614
AAPL_stock_gdelt_final_train,0.4226132,0.40148425
AAPL_stock_gdelt_final_train,0.9942522,0.98060966
MSFT_stock_gdelt_final_train,0.17676552,0.22377689
MSFT_stock_gdelt_final_train,0.62159735,0.6656343
MSFT_stock_gdelt_final_train,0.24472214,0.30091697
MSFT_stock_gdelt_final_train,0.6165838,0.6768261
AAPL_stock_gdelt_final_train,0.14271696,0.19040605
MSFT_stock_gdelt_final_train,0.8450119,0.85051876
MSFT_stock_gdelt_final_train,0.6090635,0.65154785
MSFT_stock_gdelt_final_train,0.29642394,0.3602597
MSFT_stock_gdelt_final_train,0.85758495,0.8972131
AAPL_stock_gdelt_final_train,0.564489,0.5846691
MSFT_stock_gdelt_final_train,0.12627788,0.17301615
AAPL_stock_gdelt_final_train,0.5206786,0.56042576
AAPL_stock_gdelt_final_train,0.20440212,0.15260276
MSFT_stock_gdelt_final_train,0.29787314,0.32991713
AAPL_stock_gdelt_final_train,0.68645734,0.7267349
AAPL_stock_gdelt_final_train,0.05348379,0.29772943
MSFT_stock_gdelt_final_train,0.35106343,0.4111972
AAPL_stock_gdelt_final_train,0.040586017,0.054867595
AAPL_stock_gdelt_final_train,0.37803167,0.3982585
MSFT_stock_gdelt_final_train,0.95758104,0.95467657
MSFT_stock_gdelt_final_train,0.3919157,0.42686725
AAPL_stock_gdelt_final_train,0.761531,0.8098377
AAPL_stock_gdelt_final_train,0.2337025,0.24959311
AAPL_stock_gdelt_final_train,0.4431516,0.38941902
AAPL_stock_gdelt_final_train,0.19346704,0.20472383
MSFT_stock_gdelt_final_train,0.46085152,0.5323368
MSFT_stock_gdelt_final_train,0.731072,0.7721738
AAPL_stock_gdelt_final_train,0.17874669,0.2123294
MSFT_stock_gdelt_final_train,0.4557205,0.53561217
AAPL_stock_gdelt_final_train,0.54542273,0.58144796
AAPL_stock_gdelt_final_train,0.098135434,0.08625237
AAPL_stock_gdelt_final_train,0.029230328,0.119899526
MSFT_stock_gdelt_final_train,0.30308256,0.32963645
AAPL_stock_gdelt_final_train,0.2835413,0.34193712
AAPL_stock_gdelt_final_train,0.27148464,0.23427458
AAPL_stock_gdelt_final_train,0.43677276,0.44737107
MSFT_stock_gdelt_final_train,0.79311424,0.83808005
MSFT_stock_gdelt_final_train,0.25615916,0.28170973
MSFT_stock_gdelt_final_train,0.41032475,0.47332454
AAPL_stock_gdelt_final_train,0.37396616,0.40358627
MSFT_stock_gdelt_final_train,0.3876072,0.41172135
AAPL_stock_gdelt_final_train,0.38398993,0.4086551
AAPL_stock_gdelt_final_train,0.9121689,0.9364582
MSFT_stock_gdelt_final_train,0.32556498,0.29765278
AAPL_stock_gdelt_final_train,0.27758312,0.30597287
AAPL_stock_gdelt_final_train,0.12007575,0.43087816
AAPL_stock_gdelt_final_train,0.5025936,0.50461894
MSFT_stock_gdelt_final_train,0.30739105,0.39094442
AAPL_stock_gdelt_final_train,0.30758452,0.31437397
AAPL_stock_gdelt_final_train,0.10072898,0.41090655
MSFT_stock_gdelt_final_train,0.4894834,0.5617908
AAPL_stock_gdelt_final_train,0.5145802,0.5663759
AAPL_stock_gdelt_final_train,0.16633953,0.31518912
AAPL_stock_gdelt_final_train,0.20152813,0.13536194
MSFT_stock_gdelt_final_train,0.29967496,0.32530564
AAPL_stock_gdelt_final_train,0.842002,0.8542492
MSFT_stock_gdelt_final_train,0.12815793,0.20494068
AAPL_stock_gdelt_final_train,0.03245477,0.09490443
MSFT_stock_gdelt_final_train,0.070894234,0.11559533
MSFT_stock_gdelt_final_train,0.19866046,0.2640279
AAPL_stock_gdelt_final_train,0.39485493,0.44639635
MSFT_stock_gdelt_final_train,0.08088204,0.14538974
MSFT_stock_gdelt_final_train,0.37758017,0.43799084
MSFT_stock_gdelt_final_train,0.4344523,0.44044584
AAPL_stock_gdelt_final_train,0.7839619,0.81002325
AAPL_stock_gdelt_final_train,0.120005585,0.15121561
MSFT_stock_gdelt_final_train,0.18843754,0.2504943
MSFT_stock_gdelt_final_train,0.40824884,0.46869326
MSFT_stock_gdelt_final_train,0.2212996,0.27170897
MSFT_stock_gdelt_final_train,0.75077355,0.8053922
MSFT_stock_gdelt_final_train,0.45231292,0.5190793
AAPL_stock_gdelt_final_train,0.4474275,0.47568095
AAPL_stock_gdelt_final_train,0.24814242,0.27317315
MSFT_stock_gdelt_final_train,0.25118485,0.30326772
AAPL_stock_gdelt_final_train,0.24428718,0.37960476
AAPL_stock_gdelt_final_train,0.15968037,0.16278444
MSFT_stock_gdelt_final_train,0.34115392,0.39306247
MSFT_stock_gdelt_final_train,0.7982844,0.8510185
MSFT_stock_gdelt_final_train,0.43527478,0.52855456
AAPL_stock_gdelt_final_train,0.20356089,0.23645766
MSFT_stock_gdelt_final_train,0.7727469,0.8509354
AAPL_stock_gdelt_final_train,0.1099818,0.23667409
AAPL_stock_gdelt_final_train,0.23594566,0.23962472
MSFT_stock_gdelt_final_train,0.80196625,0.84363836
MSFT_stock_gdelt_final_train,0.32137397,0.39917576
AAPL_stock_gdelt_final_train,0.38889667,0.41437656
AAPL_stock_gdelt_final_train,0.5147203,0.548247
AAPL_stock_gdelt_final_train,0.718071,0.7396916
AAPL_stock_gdelt_final_train,0.2081873,0.26195168
MSFT_stock_gdelt_final_train,0.17942892,0.24111006
MSFT_stock_gdelt_final_train,0.46837175,0.546763
MSFT_stock_gdelt_final_train,0.4916376,0.5914555
AAPL_stock_gdelt_final_train,0.56140476,0.59493566
MSFT_stock_gdelt_final_train,0.17418042,0.20363736
AAPL_stock_gdelt_final_train,0.1540726,0.37814307
MSFT_stock_gdelt_final_train,0.08468135,0.13953815
AAPL_stock_gdelt_final_train,0.42072067,0.48284203
AAPL_stock_gdelt_final_train,0.837656,0.85819745
AAPL_stock_gdelt_final_train,0.09378947,0.09082022
MSFT_stock_gdelt_final_train,0.26109436,0.35256696
AAPL_stock_gdelt_final_train,0.40354687,0.4418978
AAPL_stock_gdelt_final_train,0.51997757,0.4262616
MSFT_stock_gdelt_final_train,0.91437864,0.9539054
AAPL_stock_gdelt_final_train,0.74512833,0.74015933
AAPL_stock_gdelt_final_train,0.226763,0.4173935
MSFT_stock_gdelt_final_train,0.42360267,0.49126327
AAPL_stock_gdelt_final_train,0.54612374,0.5342177
AAPL_stock_gdelt_final_train,0.7373476,0.75893205
MSFT_stock_gdelt_final_train,0.07900199,0.12940973
MSFT_stock_gdelt_final_train,0.6385571,0.68882036
AAPL_stock_gdelt_final_train,0.08054114,0.08054376
MSFT_stock_gdelt_final_train,0.48450908,0.545368
AAPL_stock_gdelt_final_train,0.18610686,0.24926753
AAPL_stock_gdelt_final_train,0.51177627,0.5522898
MSFT_stock_gdelt_final_train,0.46049905,0.5030265
AAPL_stock_gdelt_final_train,0.7322306,0.773139
MSFT_stock_gdelt_final_train,0.21013668,0.24300846
AAPL_stock_gdelt_final_train,0.5150708,0.55180967
AAPL_stock_gdelt_final_train,0.549208,0.5181069
MSFT_stock_gdelt_final_train,0.7711802,0.7958681
MSFT_stock_gdelt_final_train,0.7817555,0.8515529
AAPL_stock_gdelt_final_train,0.40950513,0.4202739
MSFT_stock_gdelt_final_train,0.09490422,0.1509954
AAPL_stock_gdelt_final_train,0.22374877,0.2710684
MSFT_stock_gdelt_final_train,0.7682426,0.823561
AAPL_stock_gdelt_final_train,0.15785788,0.29561496
AAPL_stock_gdelt_final_train,0.7561335,0.8038109
MSFT_stock_gdelt_final_train,0.07469354,0.19268328
MSFT_stock_gdelt_final_train,0.19819047,0.2313257
AAPL_stock_gdelt_final_train,0.47266227,0.50266016
MSFT_stock_gdelt_final_train,0.5080099,0.5585871
MSFT_stock_gdelt_final_train,0.45646474,0.5079453
MSFT_stock_gdelt_final_train,0.62774664,0.6635619
MSFT_stock_gdelt_final_train,0.80772394,0.8731745
MSFT_stock_gdelt_final_train,0.24910896,0.31610507
AAPL_stock_gdelt_final_train,0.19199497,0.22727983
AAPL_stock_gdelt_final_train,0.25220802,0.25498408
AAPL_stock_gdelt_final_train,0.30597222,0.33125323
MSFT_stock_gdelt_final_train,0.16799185,0.15648565
AAPL_stock_gdelt_final_train,0.38370958,0.43230504
AAPL_stock_gdelt_final_train,0.1315716,0.17505306
AAPL_stock_gdelt_final_train,0.48506942,0.48646492
AAPL_stock_gdelt_final_train,0.7741484,0.7918435
AAPL_stock_gdelt_final_train,0.18785928,0.2138455
AAPL_stock_gdelt_final_train,0.34024954,0.3535866
MSFT_stock_gdelt_final_train,0.8962046,0.90319365
MSFT_stock_gdelt_final_train,0.7530844,0.8068677
AAPL_stock_gdelt_final_train,0.03434741,0.059603043
AAPL_stock_gdelt_final_train,0.26272255,0.2221762
AAPL_stock_gdelt_final_train,0.5500491,0.5851079
MSFT_stock_gdelt_final_train,0.16622931,0.20931466
AAPL_stock_gdelt_final_train,0.060353298,0.23660852
MSFT_stock_gdelt_final_train,0.3268967,0.37856358
MSFT_stock_gdelt_final_train,0.6349927,0.6782296
AAPL_stock_gdelt_final_train,0.72837526,0.7405643
MSFT_stock_gdelt_final_train,0.14347266,0.15652776
AAPL_stock_gdelt_final_train,0.19774295,0.12135733
AAPL_stock_gdelt_final_train,0.30302817,0.27428204
AAPL_stock_gdelt_final_train,0.43060422,0.505242
MSFT_stock_gdelt_final_train,0.79381937,0.8371268
MSFT_stock_gdelt_final_train,0.51255333,0.56042093
MSFT_stock_gdelt_final_train,0.4575222,0.5207307
MSFT_stock_gdelt_final_train,0.86338174,0.88769287
MSFT_stock_gdelt_final_train,0.10567544,0.14804442
AAPL_stock_gdelt_final_train,0.49992988,0.5008899
AAPL_stock_gdelt_final_train,0.47693816,0.53112566
AAPL_stock_gdelt_final_train,0.27681205,0.31556302
MSFT_stock_gdelt_final_train,0.6525401,0.7205988
MSFT_stock_gdelt_final_train,0.52414715,0.5528539
MSFT_stock_gdelt_final_train,0.80744976,0.8936489
MSFT_stock_gdelt_final_train,0.18553913,0.23541628
AAPL_stock_gdelt_final_train,0.46978837,0.4297163
MSFT_stock_gdelt_final_train,0.4894051,0.5257733
AAPL_stock_gdelt_final_train,0.74057204,0.7743619
AAPL_stock_gdelt_final_train,0.7677696,0.7943486
AAPL_stock_gdelt_final_train,0.22767417,0.25207993
AAPL_stock_gdelt_final_train,0.18673772,0.22885829
AAPL_stock_gdelt_final_train,0.4588533,0.43663114
MSFT_stock_gdelt_final_train,0.10371704,0.14870894
MSFT_stock_gdelt_final_train,0.36018956,0.40618306
AAPL_stock_gdelt_final_train,0.073531464,0.09885561
AAPL_stock_gdelt_final_train,0.40095332,0.2940938
MSFT_stock_gdelt_final_train,0.077866144,0.13397226
MSFT_stock_gdelt_final_train,0.3331636,0.36325502
AAPL_stock_gdelt_final_train,0.24302538,0.23442236
MSFT_stock_gdelt_final_train,0.40233442,0.42979038
AAPL_stock_gdelt_final_train,0.3541988,0.41650158
AAPL_stock_gdelt_final_train,0.93530077,0.94190806
AAPL_stock_gdelt_final_train,0.22122529,0.17996384
AAPL_stock_gdelt_final_train,0.05032946,0.11229794
AAPL_stock_gdelt_final_train,0.40550968,0.45379937
MSFT_stock_gdelt_final_train,0.6189338,0.6610501
AAPL_stock_gdelt_final_train,0.1762232,0.21735331
MSFT_stock_gdelt_final_train,0.22780152,0.2795378
MSFT_stock_gdelt_final_train,0.28792453,0.33658552
AAPL_stock_gdelt_final_train,0.36772755,0.40249902
MSFT_stock_gdelt_final_train,0.73162043,0.8236246
MSFT_stock_gdelt_final_train,0.25486666,0.30672252
AAPL_stock_gdelt_final_train,0.092948236,0.4644336
MSFT_stock_gdelt_final_train,0.42932117,0.49579483
AAPL_stock_gdelt_final_train,0.5159821,0.5618383
MSFT_stock_gdelt_final_train,0.27229637,0.32965392
MSFT_stock_gdelt_final_train,0.4898359,0.5207353
AAPL_stock_gdelt_final_train,0.8005749,0.82785547
AAPL_stock_gdelt_final_train,0.2536801,0.3059156
MSFT_stock_gdelt_final_train,0.4849791,0.5472678
AAPL_stock_gdelt_final_train,0.34179166,0.36520815
AAPL_stock_gdelt_final_train,0.06834432,0.112707786
AAPL_stock_gdelt_final_train,0.54233843,0.5566623
MSFT_stock_gdelt_final_train,0.8294231,0.84317774
MSFT_stock_gdelt_final_train,0.36077705,0.37904924
MSFT_stock_gdelt_final_train,0.8255846,0.8539412
AAPL_stock_gdelt_final_train,0.3762092,0.38885313
MSFT_stock_gdelt_final_train,0.45047203,0.47107762
AAPL_stock_gdelt_final_train,0.19984576,0.2559101
MSFT_stock_gdelt_final_train,0.7602523,0.9000204
AAPL_stock_gdelt_final_train,0.2399411,0.32788575
AAPL_stock_gdelt_final_train,0.46453112,0.48382837
MSFT_stock_gdelt_final_train,0.4952803,0.5393876
AAPL_stock_gdelt_final_train,0.36513388,0.40559304
AAPL_stock_gdelt_final_train,0.5209589,0.40982187
MSFT_stock_gdelt_final_train,0.35811365,0.40886837
MSFT_stock_gdelt_final_train,0.47154444,0.50482875
MSFT_stock_gdelt_final_train,0.34554073,0.37283456
MSFT_stock_gdelt_final_train,0.09212332,0.12045255
MSFT_stock_gdelt_final_train,0.37272337,0.42505157
AAPL_stock_gdelt_final_train,0.067853644,0.12251326
AAPL_stock_gdelt_final_train,0.45422688,0.49402356
AAPL_stock_gdelt_final_train,0.7827703,0.79486865
AAPL_stock_gdelt_final_train,0.2033506,0.23608004
MSFT_stock_gdelt_final_train,0.13865495,0.1778795
AAPL_stock_gdelt_final_train,0.5719894,0.5524288
AAPL_stock_gdelt_final_train,0.44231045,0.45322382
MSFT_stock_gdelt_final_train,0.64153385,0.6929808
MSFT_stock_gdelt_final_train,0.7544553,0.7988891
AAPL_stock_gdelt_final_train,0.18554607,0.21022385
AAPL_stock_gdelt_final_train,0.36197954,0.40799046
MSFT_stock_gdelt_final_train,0.35157263,0.40830445
AAPL_stock_gdelt_final_train,0.53392684,0.5727154
MSFT_stock_gdelt_final_train,0.4984529,0.5405368
AAPL_stock_gdelt_final_train,0.07675591,0.09454583
MSFT_stock_gdelt_final_train,0.48858246,0.53608716
AAPL_stock_gdelt_final_train,0.08229361,0.114307225
AAPL_stock_gdelt_final_train,0.17986827,0.11064708
AAPL_stock_gdelt_final_train,0.273167,0.34979695
MSFT_stock_gdelt_final_train,0.83251727,0.8639671
AAPL_stock_gdelt_final_train,0.42681903,0.458736
MSFT_stock_gdelt_final_train,0.45489803,0.5188688
MSFT_stock_gdelt_final_train,0.90603584,0.9436516
AAPL_stock_gdelt_final_train,0.47588676,0.5085408
MSFT_stock_gdelt_final_train,0.62022644,0.62582654
MSFT_stock_gdelt_final_train,0.85672325,0.8721855
AAPL_stock_gdelt_final_train,0.12911817,0.15209982
MSFT_stock_gdelt_final_train,0.12706123,0.19433048
AAPL_stock_gdelt_final_train,0.541287,0.5715967
AAPL_stock_gdelt_final_train,0.2447778,0.19131975
AAPL_stock_gdelt_final_train,0.36646575,0.3730945
AAPL_stock_gdelt_final_train,0.7679098,0.8296477
AAPL_stock_gdelt_final_train,0.1801486,0.21681125
AAPL_stock_gdelt_final_train,0.41216886,0.44796044
AAPL_stock_gdelt_final_train,0.7789149,0.777659
AAPL_stock_gdelt_final_train,0.13998319,0.16156437
AAPL_stock_gdelt_final_train,0.8320483,0.8379716
AAPL_stock_gdelt_final_train,0.52250105,0.5660275
AAPL_stock_gdelt_final_train,0.20874809,0.1640481
MSFT_stock_gdelt_final_train,0.29336882,0.3108961
AAPL_stock_gdelt_final_train,0.4715408,0.51281613
MSFT_stock_gdelt_final_train,0.7904116,0.81017095
MSFT_stock_gdelt_final_train,0.5594375,0.62644255
AAPL_stock_gdelt_final_train,0.12351042,0.14370832
MSFT_stock_gdelt_final_train,0.25130236,0.27470866
AAPL_stock_gdelt_final_train,0.23706712,0.23846349
MSFT_stock_gdelt_final_train,0.16223414,0.24908774
MSFT_stock_gdelt_final_train,0.4547021,0.5479869
MSFT_stock_gdelt_final_train,0.7974227,0.8530783
MSFT_stock_gdelt_final_train,0.30100664,0.32676035
AAPL_stock_gdelt_final_train,0.77919537,0.7977321
AAPL_stock_gdelt_final_train,0.13367443,0.16409132
MSFT_stock_gdelt_final_train,0.76902586,0.81951374
AAPL_stock_gdelt_final_train,0.42716953,0.44738144
MSFT_stock_gdelt_final_train,0.13653989,0.16295043
AAPL_stock_gdelt_final_train,0.52712744,0.5424285
AAPL_stock_gdelt_final_train,0.7455489,0.780266
MSFT_stock_gdelt_final_train,0.8445419,0.8765227
MSFT_stock_gdelt_final_train,0.2928596,0.35190207
AAPL_stock_gdelt_final_train,0.454367,0.47601223
AAPL_stock_gdelt_final_train,0.12477222,0.1674385
AAPL_stock_gdelt_final_train,0.34305346,0.34342945
MSFT_stock_gdelt_final_train,0.40981555,0.4782133
AAPL_stock_gdelt_final_train,0.4422403,0.21488762
AAPL_stock_gdelt_final_train,0.43340814,0.41010815
MSFT_stock_gdelt_final_train,0.8158709,0.8438025
MSFT_stock_gdelt_final_train,0.11973682,0.16566673
AAPL_stock_gdelt_final_train,0.92114127,0.9206184
MSFT_stock_gdelt_final_train,0.07708273,0.13811873
MSFT_stock_gdelt_final_train,0.75778466,0.7963127
AAPL_stock_gdelt_final_train,0.20454223,0.25716954
AAPL_stock_gdelt_final_train,0.4304641,0.4646421
AAPL_stock_gdelt_final_train,0.34144127,0.33610547
MSFT_stock_gdelt_final_train,0.22353221,0.27540404
MSFT_stock_gdelt_final_train,0.80024284,0.84041995
MSFT_stock_gdelt_final_train,0.52089614,0.56085736
MSFT_stock_gdelt_final_train,0.39712512,0.44235593
AAPL_stock_gdelt_final_train,0.22395906,0.28548717
MSFT_stock_gdelt_final_train,0.36156046,0.40200973
AAPL_stock_gdelt_final_train,0.23713729,0.29732066
AAPL_stock_gdelt_final_train,0.34915185,0.26580182
MSFT_stock_gdelt_final_train,0.15514474,0.20379244
AAPL_stock_gdelt_final_train,0.37354547,0.39415288
AAPL_stock_gdelt_final_train,0.67958784,0.67047197
MSFT_stock_gdelt_final_train,0.29865652,0.30409366
MSFT_stock_gdelt_final_train,0.20504488,0.19990061
MSFT_stock_gdelt_final_train,0.52038693,0.56833357
AAPL_stock_gdelt_final_train,0.20839758,0.1885503
AAPL_stock_gdelt_final_train,0.03525865,0.060849182
MSFT_stock_gdelt_final_train,0.91104937,0.94921917
MSFT_stock_gdelt_final_train,0.38560972,0.40803713
MSFT_stock_gdelt_final_train,0.17324042,0.25277692
AAPL_stock_gdelt_final_train,0.46649382,0.46559703
MSFT_stock_gdelt_final_train,0.79099923,0.8174619
AAPL_stock_gdelt_final_train,0.7662274,0.79152817
AAPL_stock_gdelt_final_train,0.4020749,0.42727095
MSFT_stock_gdelt_final_train,0.34287733,0.38155705
MSFT_stock_gdelt_final_train,0.4912851,0.5577678
AAPL_stock_gdelt_final_train,0.267419,0.30757254
AAPL_stock_gdelt_final_train,0.22599192,0.25321448
MSFT_stock_gdelt_final_train,0.7338529,0.7586252
AAPL_stock_gdelt_final_train,0.473153,0.50318456
MSFT_stock_gdelt_final_train,0.2812267,0.31588703
AAPL_stock_gdelt_final_train,0.54346,0.54879713
AAPL_stock_gdelt_final_train,0.20419183,0.20264368
AAPL_stock_gdelt_final_train,0.20524324,0.2262037
MSFT_stock_gdelt_final_train,0.716384,0.81761444
MSFT_stock_gdelt_final_train,0.3235283,0.3729329
MSFT_stock_gdelt_final_train,0.7719635,0.84299356
AAPL_stock_gdelt_final_train,0.09470066,0.147737
MSFT_stock_gdelt_final_train,0.4841174,0.53909373
AAPL_stock_gdelt_final_train,0.79566807,0.8052135
AAPL_stock_gdelt_final_train,0.5120567,0.5425796
AAPL_stock_gdelt_final_train,0.11741204,0.14771374
AAPL_stock_gdelt_final_train,0.07388197,0.10143581
AAPL_stock_gdelt_final_train,0.4063508,0.33747387
AAPL_stock_gdelt_final_train,0.11741204,0.16095923
MSFT_stock_gdelt_final_train,0.7259018,0.8094765
MSFT_stock_gdelt_final_train,0.05671535,0.107984684
MSFT_stock_gdelt_final_train,0.41525984,0.44986284
MSFT_stock_gdelt_final_train,0.5052681,0.5594725
MSFT_stock_gdelt_final_train,0.45995063,0.54937106
AAPL_stock_gdelt_final_train,0.18666765,0.3124265
MSFT_stock_gdelt_final_train,0.053660244,0.0894979
AAPL_stock_gdelt_final_train,0.22515069,0.28934008
AAPL_stock_gdelt_final_train,0.043319788,0.079354316
MSFT_stock_gdelt_final_train,0.63624614,0.65685195
MSFT_stock_gdelt_final_train,0.79969454,0.8798542
AAPL_stock_gdelt_final_train,0.22508064,0.21253704
AAPL_stock_gdelt_final_train,0.21526714,0.24375868
MSFT_stock_gdelt_final_train,0.31812307,0.35941255
MSFT_stock_gdelt_final_train,0.13802831,0.1828348
AAPL_stock_gdelt_final_train,0.2144259,0.0930994
MSFT_stock_gdelt_final_train,0.1439818,0.22614646
MSFT_stock_gdelt_final_train,0.1645059,0.22284186
MSFT_stock_gdelt_final_train,0.08734481,0.1310352
MSFT_stock_gdelt_final_train,0.20449646,0.22886498
AAPL_stock_gdelt_final_train,0.3972382,0.41128957
MSFT_stock_gdelt_final_train,0.41952914,0.47077006
AAPL_stock_gdelt_final_train,0.20096734,0.31096774
MSFT_stock_gdelt_final_train,0.4616348,0.5216937
AAPL_stock_gdelt_final_train,0.5252348,0.5552867
MSFT_stock_gdelt_final_train,0.32109988,0.37534314
AAPL_stock_gdelt_final_train,0.23195009,0.24117944
MSFT_stock_gdelt_final_train,0.090909116,0.14407887
AAPL_stock_gdelt_final_train,0.080400966,0.13267598
AAPL_stock_gdelt_final_train,0.14376837,0.14863198
MSFT_stock_gdelt_final_train,0.5029964,0.5158867
AAPL_stock_gdelt_final_train,0.21274364,0.2606087
MSFT_stock_gdelt_final_train,0.035799615,0.06214113
AAPL_stock_gdelt_final_train,0.19578014,0.21658346
AAPL_stock_gdelt_final_train,0.35812423,0.3181792
AAPL_stock_gdelt_final_train,0.13255297,0.22936328
MSFT_stock_gdelt_final_train,0.3867064,0.42869163
AAPL_stock_gdelt_final_train,0.5477359,0.5885217
AAPL_stock_gdelt_final_train,0.17629325,0.20092686
MSFT_stock_gdelt_final_train,0.83420163,0.8660085
AAPL_stock_gdelt_final_train,0.026146054,0.07023339
MSFT_stock_gdelt_final_train,0.1715953,0.23372085
AAPL_stock_gdelt_final_train,0.544161,0.5147151
MSFT_stock_gdelt_final_train,0.7723552,0.85094297
AAPL_stock_gdelt_final_train,0.34038976,0.259242
MSFT_stock_gdelt_final_train,0.47514784,0.5483223
AAPL_stock_gdelt_final_train,0.3897379,0.44523406
AAPL_stock_gdelt_final_train,0.17229779,0.20464005
MSFT_stock_gdelt_final_train,0.15957074,0.2571342
AAPL_stock_gdelt_final_train,0.21029022,0.27133322
MSFT_stock_gdelt_final_train,0.7906466,0.8367533
AAPL_stock_gdelt_final_train,0.7324409,0.77110636
AAPL_stock_gdelt_final_train,0.059512116,0.12260111
MSFT_stock_gdelt_final_train,0.82515377,0.8945651
MSFT_stock_gdelt_final_train,0.12055932,0.15949759
AAPL_stock_gdelt_final_train,0.226763,0.37729555
AAPL_stock_gdelt_final_train,0.3322585,0.25295466
MSFT_stock_gdelt_final_train,0.8869218,0.9007483
MSFT_stock_gdelt_final_train,0.078845344,0.11697938
MSFT_stock_gdelt_final_train,0.74203914,0.8205631
MSFT_stock_gdelt_final_train,0.9423838,0.9686637
MSFT_stock_gdelt_final_train,0.74391913,0.79948395
MSFT_stock_gdelt_final_train,0.07676944,0.13522616
AAPL_stock_gdelt_final_train,0.4500912,0.40969414
MSFT_stock_gdelt_final_train,0.41796246,0.45012647
AAPL_stock_gdelt_final_train,0.24624988,0.23056863
MSFT_stock_gdelt_final_train,0.42939958,0.46537036
MSFT_stock_gdelt_final_train,0.065567374,0.12480191
MSFT_stock_gdelt_final_train,0.4412283,0.5275424
AAPL_stock_gdelt_final_train,0.39184073,0.42911518
MSFT_stock_gdelt_final_train,0.19012184,0.21175705
AAPL_stock_gdelt_final_train,0.20671532,0.21964023
AAPL_stock_gdelt_final_train,0.11173422,0.13905956
AAPL_stock_gdelt_final_train,0.23573537,0.19697975
MSFT_stock_gdelt_final_train,0.76491326,0.8305062
MSFT_stock_gdelt_final_train,0.2681838,0.2973584
AAPL_stock_gdelt_final_train,0.2916025,0.31507063
MSFT_stock_gdelt_final_train,0.14680192,0.18315743
MSFT_stock_gdelt_final_train,0.3788336,0.43919414
MSFT_stock_gdelt_final_train,0.18123062,0.22764114
MSFT_stock_gdelt_final_train,0.7391406,0.78200215
AAPL_stock_gdelt_final_train,0.098836444,0.14887258
MSFT_stock_gdelt_final_train,0.2810309,0.3323772
AAPL_stock_gdelt_final_train,0.120145805,0.1486968
MSFT_stock_gdelt_final_train,0.31569466,0.35704434
AAPL_stock_gdelt_final_train,0.4140614,0.4290048
MSFT_stock_gdelt_final_train,0.10677214,0.15147679
AAPL_stock_gdelt_final_train,0.7713445,0.7968992
MSFT_stock_gdelt_final_train,0.31514627,0.37293565
AAPL_stock_gdelt_final_train,0.22662278,0.24957828
AAPL_stock_gdelt_final_train,0.23061822,0.26000494
AAPL_stock_gdelt_final_train,0.92366475,0.93958014
MSFT_stock_gdelt_final_train,0.1697544,0.2227629
MSFT_stock_gdelt_final_train,0.63581526,0.6719891
AAPL_stock_gdelt_final_train,0.43803456,0.46744412
MSFT_stock_gdelt_final_train,0.4365282,0.489873
MSFT_stock_gdelt_final_train,0.30323926,0.33661717
MSFT_stock_gdelt_final_train,0.21135087,0.24067472
MSFT_stock_gdelt_final_train,0.3329286,0.39013243
AAPL_stock_gdelt_final_train,0.3961868,0.43955374
AAPL_stock_gdelt_final_train,0.17348944,0.19367307
AAPL_stock_gdelt_final_train,0.53813267,0.5785516
MSFT_stock_gdelt_final_train,0.1079864,0.15767622
AAPL_stock_gdelt_final_train,0.31305206,0.33116883
MSFT_stock_gdelt_final_train,0.093611665,0.14157629
MSFT_stock_gdelt_final_train,0.11252985,0.15567735
AAPL_stock_gdelt_final_train,0.92247313,0.93084246
AAPL_stock_gdelt_final_train,0.7595683,0.76781225
MSFT_stock_gdelt_final_train,0.49296927,0.544947
AAPL_stock_gdelt_final_train,0.39001825,0.2576704
MSFT_stock_gdelt_final_train,0.48439157,0.5516397
AAPL_stock_gdelt_final_train,0.43481007,0.44749004
AAPL_stock_gdelt_final_train,0.8003645,0.8067548
MSFT_stock_gdelt_final_train,0.53295994,0.5791522
AAPL_stock_gdelt_final_train,0.14117482,0.22980064
MSFT_stock_gdelt_final_train,0.6203047,0.68033063
AAPL_stock_gdelt_final_train,0.67916733,0.67071676
MSFT_stock_gdelt_final_train,0.64204305,0.66571176
MSFT_stock_gdelt_final_train,0.34444404,0.37665337
AAPL_stock_gdelt_final_train,0.6851256,0.715593
MSFT_stock_gdelt_final_train,0.47252366,0.5049104
AAPL_stock_gdelt_final_train,0.24702094,0.28611454
AAPL_stock_gdelt_final_train,0.322445,0.34254593
MSFT_stock_gdelt_final_train,0.80897737,0.8573811
AAPL_stock_gdelt_final_train,0.7623721,0.78310674
MSFT_stock_gdelt_final_train,0.3858447,0.42781115
AAPL_stock_gdelt_final_train,0.058390595,0.09810582
AAPL_stock_gdelt_final_train,0.3570728,0.39129472
AAPL_stock_gdelt_final_train,0.12953874,0.16185138
MSFT_stock_gdelt_final_train,0.117895916,0.13544786
MSFT_stock_gdelt_final_train,0.10285533,0.13699135
AAPL_stock_gdelt_final_train,0.74688077,0.8006936
AAPL_stock_gdelt_final_train,0.37424648,0.41201502
MSFT_stock_gdelt_final_train,0.30241665,0.35199612
MSFT_stock_gdelt_final_train,0.30739105,0.36600268
MSFT_stock_gdelt_final_train,0.63381773,0.68341845
MSFT_stock_gdelt_final_train,0.35674274,0.40485257
AAPL_stock_gdelt_final_train,0.06680218,0.093814805
MSFT_stock_gdelt_final_train,0.4452235,0.44221318
MSFT_stock_gdelt_final_train,0.80506057,0.8374299
AAPL_stock_gdelt_final_train,0.18288237,0.34893894
AAPL_stock_gdelt_final_train,0.09708402,0.14960033
AAPL_stock_gdelt_final_train,0.82742184,0.82702833
MSFT_stock_gdelt_final_train,0.12580782,0.17910011
AAPL_stock_gdelt_final_train,0.072760396,0.12126437
MSFT_stock_gdelt_final_train,0.24742475,0.32600874
AAPL_stock_gdelt_final_train,0.36485356,0.36009568
MSFT_stock_gdelt_final_train,0.13403314,0.1865073
MSFT_stock_gdelt_final_train,0.217187,0.22678918
MSFT_stock_gdelt_final_train,0.3281501,0.40499812
AAPL_stock_gdelt_final_train,0.34256274,0.39828736
MSFT_stock_gdelt_final_train,0.27503818,0.29894632
AAPL_stock_gdelt_final_train,0.18820979,0.25799474
MSFT_stock_gdelt_final_train,0.46927264,0.52913135
AAPL_stock_gdelt_final_train,0.52537507,0.546481
AAPL_stock_gdelt_final_train,0.38195717,0.41777527
AAPL_stock_gdelt_final_train,0.7895697,0.81487316
AAPL_stock_gdelt_final_train,0.23580542,0.2190336
MSFT_stock_gdelt_final_train,0.059966307,0.12989575
AAPL_stock_gdelt_final_train,0.41553345,0.4298457
AAPL_stock_gdelt_final_train,0.7313193,0.7343764
AAPL_stock_gdelt_final_train,0.5112856,0.5264482
MSFT_stock_gdelt_final_train,0.34742084,0.421508
AAPL_stock_gdelt_final_train,0.46747518,0.51786846
MSFT_stock_gdelt_final_train,0.8730563,0.90425366
MSFT_stock_gdelt_final_train,0.10160199,0.16452488
AAPL_stock_gdelt_final_train,0.2618814,0.31108707
AAPL_stock_gdelt_final_train,0.33232868,0.37771314
MSFT_stock_gdelt_final_train,0.19055264,0.22607327
AAPL_stock_gdelt_final_train,0.8090566,0.8544465
AAPL_stock_gdelt_final_train,0.06252628,0.09956461
MSFT_stock_gdelt_final_train,0.11640751,0.15950027
AAPL_stock_gdelt_final_train,0.38560212,0.46385998
AAPL_stock_gdelt_final_train,0.7440068,0.76339424
MSFT_stock_gdelt_final_train,0.48717248,0.51324743
MSFT_stock_gdelt_final_train,0.45293963,0.56177926
AAPL_stock_gdelt_final_train,0.44160944,0.48951763
MSFT_stock_gdelt_final_train,0.34906584,0.3934977
AAPL_stock_gdelt_final_train,0.39071926,0.27130216
AAPL_stock_gdelt_final_train,0.30436003,0.34117836
MSFT_stock_gdelt_final_train,0.09670597,0.122284755
MSFT_stock_gdelt_final_train,0.42599198,0.48814225
AAPL_stock_gdelt_final_train,0.24926399,0.5944414
AAPL_stock_gdelt_final_train,0.39555585,0.32231492
AAPL_stock_gdelt_final_train,0.2326511,0.34782773
MSFT_stock_gdelt_final_train,0.25141984,0.3138407
AAPL_stock_gdelt_final_train,0.28185904,0.31385905
MSFT_stock_gdelt_final_train,0.20766906,0.25520295
MSFT_stock_gdelt_final_train,0.04802003,0.106371045
AAPL_stock_gdelt_final_train,0.18540585,0.17005289
MSFT_stock_gdelt_final_train,0.46433744,0.53435105
MSFT_stock_gdelt_final_train,0.8496338,0.9174328
MSFT_stock_gdelt_final_train,0.17461121,0.239037
AAPL_stock_gdelt_final_train,0.46004492,0.33523488
MSFT_stock_gdelt_final_train,0.14848617,0.18989433
MSFT_stock_gdelt_final_train,0.8165368,0.8651898
MSFT_stock_gdelt_final_train,0.15788649,0.21187231
AAPL_stock_gdelt_final_train,0.45394644,0.45583642
AAPL_stock_gdelt_final_train,0.16220385,0.3048038
MSFT_stock_gdelt_final_train,0.4390741,0.49171168
MSFT_stock_gdelt_final_train,0.45854062,0.50860006
MSFT_stock_gdelt_final_train,0.26939797,0.32348466
MSFT_stock_gdelt_final_train,0.26853627,0.3411898
MSFT_stock_gdelt_final_train,0.6317418,0.67316467
AAPL_stock_gdelt_final_train,0.09357919,0.16646077
AAPL_stock_gdelt_final_train,0.069045275,0.08831092
AAPL_stock_gdelt_final_train,0.78985,0.817578
MSFT_stock_gdelt_final_train,0.116564155,0.16233416
AAPL_stock_gdelt_final_train,0.28746668,0.31813067
MSFT_stock_gdelt_final_train,0.46206573,0.5508387
AAPL_stock_gdelt_final_train,0.22150573,0.37947375
MSFT_stock_gdelt_final_train,0.1743762,0.22620215
MSFT_stock_gdelt_final_train,0.32948178,0.39235353
AAPL_stock_gdelt_final_train,0.17909719,0.23211649
MSFT_stock_gdelt_final_train,0.86663276,0.91541237
AAPL_stock_gdelt_final_train,0.3283331,0.45193732
AAPL_stock_gdelt_final_train,0.10269168,0.14207041
MSFT_stock_gdelt_final_train,0.47334614,0.53036267
AAPL_stock_gdelt_final_train,0.5319641,0.5599094
AAPL_stock_gdelt_final_train,0.2765316,0.32631195
MSFT_stock_gdelt_final_train,0.3979476,0.46366292
AAPL_stock_gdelt_final_train,0.63696903,0.66660184
AAPL_stock_gdelt_final_train,0.5027338,0.4696386
MSFT_stock_gdelt_final_train,0.29082292,0.34470242
AAPL_stock_gdelt_final_train,0.12974903,0.3174442
AAPL_stock_gdelt_final_train,0.48948553,0.50426567
MSFT_stock_gdelt_final_train,0.44945362,0.4799083
MSFT_stock_gdelt_final_train,0.06501902,0.10322299
AAPL_stock_gdelt_final_train,0.70370114,0.69712317
MSFT_stock_gdelt_final_train,0.27437228,0.318478
AAPL_stock_gdelt_final_train,0.06357774,0.09803243
MSFT_stock_gdelt_final_train,0.75210524,0.83769715
MSFT_stock_gdelt_final_train,0.49218598,0.548874
AAPL_stock_gdelt_final_train,0.10935096,0.16919683
AAPL_stock_gdelt_final_train,0.5574794,0.58599013
MSFT_stock_gdelt_final_train,0.46637425,0.52132106
MSFT_stock_gdelt_final_train,0.11836591,0.15782942
MSFT_stock_gdelt_final_train,0.28945202,0.36140293
AAPL_stock_gdelt_final_train,0.2571148,0.26869503
AAPL_stock_gdelt_final_train,0.55551666,0.3913954
AAPL_stock_gdelt_final_train,1.0,0.99125975
MSFT_stock_gdelt_final_train,0.29097962,0.34657133
AAPL_stock_gdelt_final_train,0.2592177,0.30199587
AAPL_stock_gdelt_final_train,0.5489976,0.5787359
MSFT_stock_gdelt_final_train,0.37801108,0.44118363
MSFT_stock_gdelt_final_train,0.81935686,0.88145304
AAPL_stock_gdelt_final_train,0.433338,0.45296258
AAPL_stock_gdelt_final_train,0.80190665,0.860417
AAPL_stock_gdelt_final_train,0.13311374,0.16815537
MSFT_stock_gdelt_final_train,0.7301712,0.7643775
MSFT_stock_gdelt_final_train,0.9349419,0.95987654
MSFT_stock_gdelt_final_train,0.2751949,0.32232207
AAPL_stock_gdelt_final_train,0.0665919,0.097262286
MSFT_stock_gdelt_final_train,0.0567937,0.124817565
MSFT_stock_gdelt_final_train,0.06388311,0.12370902
MSFT_stock_gdelt_final_train,0.1394775,0.18547033
AAPL_stock_gdelt_final_train,0.20293003,0.17520034
AAPL_stock_gdelt_final_train,0.21022016,0.3290661
MSFT_stock_gdelt_final_train,0.26740038,0.31561857
MSFT_stock_gdelt_final_train,0.45873642,0.51914114
AAPL_stock_gdelt_final_train,0.20061684,0.24431925
AAPL_stock_gdelt_final_train,0.7431657,0.7608754
MSFT_stock_gdelt_final_train,0.30081072,0.35048264
MSFT_stock_gdelt_final_train,0.09490422,0.12581894
AAPL_stock_gdelt_final_train,0.34003925,0.2817317
AAPL_stock_gdelt_final_train,0.41160807,0.28344178
MSFT_stock_gdelt_final_train,0.09709762,0.1424752
MSFT_stock_gdelt_final_train,0.30265164,0.34521556
MSFT_stock_gdelt_final_train,0.64055467,0.68703765
AAPL_stock_gdelt_final_train,0.2906912,0.33113956
MSFT_stock_gdelt_final_train,0.1707728,0.20417748
MSFT_stock_gdelt_final_train,0.46351492,0.5429436
AAPL_stock_gdelt_final_train,0.75424093,0.7867483
MSFT_stock_gdelt_final_train,0.63554114,0.70894355
MSFT_stock_gdelt_final_train,0.9050957,0.945801
AAPL_stock_gdelt_final_train,0.42015988,0.5772102
AAPL_stock_gdelt_final_train,0.3943642,0.430611
AAPL_stock_gdelt_final_train,0.7561335,0.7821541
AAPL_stock_gdelt_final_train,0.29826164,0.3474853
MSFT_stock_gdelt_final_train,0.15851319,0.21723641
MSFT_stock_gdelt_final_train,0.6676198,0.70624757
AAPL_stock_gdelt_final_train,0.55194175,0.56340134
MSFT_stock_gdelt_final_train,0.84070355,0.88136977
AAPL_stock_gdelt_final_train,0.4308146,0.3770659
AAPL_stock_gdelt_final_train,0.39864013,0.4305724
AAPL_stock_gdelt_final_train,0.5401655,0.40757352
MSFT_stock_gdelt_final_train,0.16411419,0.22371514
MSFT_stock_gdelt_final_train,0.46813673,0.54878676
AAPL_stock_gdelt_final_train,0.096663356,0.18082145
MSFT_stock_gdelt_final_train,0.08726646,0.1401647
MSFT_stock_gdelt_final_train,0.11574166,0.16240487
MSFT_stock_gdelt_final_train,0.4969253,0.5529677
AAPL_stock_gdelt_final_train,0.12154772,0.14864497
MSFT_stock_gdelt_final_train,0.75688374,0.8160637
MSFT_stock_gdelt_final_train,0.5053464,0.549593
MSFT_stock_gdelt_final_train,0.11672086,0.15993871
MSFT_stock_gdelt_final_train,0.32250988,0.32190466
AAPL_stock_gdelt_final_train,0.22045423,0.25127125
AAPL_stock_gdelt_final_train,0.5562177,0.5632344
MSFT_stock_gdelt_final_train,0.25564995,0.35980552
AAPL_stock_gdelt_final_train,0.35658208,0.3896345
MSFT_stock_gdelt_final_train,0.8236654,0.8821493
MSFT_stock_gdelt_final_train,0.84563863,0.8803459
AAPL_stock_gdelt_final_train,0.17390999,0.22567762
MSFT_stock_gdelt_final_train,0.28929532,0.34691405
AAPL_stock_gdelt_final_train,0.09147627,0.06968807
AAPL_stock_gdelt_final_train,0.39135012,0.27172983
AAPL_stock_gdelt_final_train,0.032735165,0.20475137
MSFT_stock_gdelt_final_train,0.31671298,0.35136998
MSFT_stock_gdelt_final_train,0.25729507,0.3020808
MSFT_stock_gdelt_final_train,0.62825584,0.66792274
MSFT_stock_gdelt_final_train,0.36414555,0.42074108
MSFT_stock_gdelt_final_train,0.7929967,0.8303135
AAPL_stock_gdelt_final_train,0.1367587,0.14425479
AAPL_stock_gdelt_final_train,0.10921073,0.14716384
MSFT_stock_gdelt_final_train,0.8316165,0.86445266
MSFT_stock_gdelt_final_train,0.8447769,0.8710057
MSFT_stock_gdelt_final_train,0.49970618,0.5673188
MSFT_stock_gdelt_final_train,0.30124164,0.32627058
MSFT_stock_gdelt_final_train,0.27084717,0.31864315
AAPL_stock_gdelt_final_train,0.06455909,0.20449643
AAPL_stock_gdelt_final_train,0.6861069,0.70428
MSFT_stock_gdelt_final_train,0.114762455,0.17959458
AAPL_stock_gdelt_final_train,0.029650891,0.058398608
AAPL_stock_gdelt_final_train,0.37375575,0.3883797
AAPL_stock_gdelt_final_train,0.4040376,0.45240617
AAPL_stock_gdelt_final_train,0.12715548,0.16896705
MSFT_stock_gdelt_final_train,0.47792876,0.51640344
MSFT_stock_gdelt_final_train,0.3381379,0.3755496
AAPL_stock_gdelt_final_train,0.64334786,0.6583559
AAPL_stock_gdelt_final_train,0.10984158,0.12084329
AAPL_stock_gdelt_final_train,0.78108793,0.79916126
MSFT_stock_gdelt_final_train,0.65159994,0.70150566
AAPL_stock_gdelt_final_train,0.3063929,0.3681625
MSFT_stock_gdelt_final_train,0.08088204,0.12095463
MSFT_stock_gdelt_final_train,0.3854138,0.42001575
MSFT_stock_gdelt_final_train,0.19278525,0.25122985
MSFT_stock_gdelt_final_train,0.7575105,0.8217018
AAPL_stock_gdelt_final_train,0.28347123,0.36041534
AAPL_stock_gdelt_final_train,0.3322585,0.36916065
AAPL_stock_gdelt_final_train,0.24365623,0.29988915
MSFT_stock_gdelt_final_train,0.5053464,0.5550599
MSFT_stock_gdelt_final_train,0.46594334,0.52828914
AAPL_stock_gdelt_final_train,0.073531464,0.117855296
MSFT_stock_gdelt_final_train,0.088363156,0.1362633
MSFT_stock_gdelt_final_train,0.48235476,0.5225286
MSFT_stock_gdelt_final_train,0.1100623,0.14870067
MSFT_stock_gdelt_final_train,0.8249187,0.89243597
MSFT_stock_gdelt_final_train,0.36488977,0.4161104
MSFT_stock_gdelt_final_train,0.29086214,0.3465876
MSFT_stock_gdelt_final_train,0.13407229,0.1683731
AAPL_stock_gdelt_final_train,0.38448066,0.4111001
AAPL_stock_gdelt_final_train,0.26720873,0.26304245
AAPL_stock_gdelt_final_train,0.12897795,0.51748955
AAPL_stock_gdelt_final_train,0.35426888,0.38375103
AAPL_stock_gdelt_final_train,0.3488715,0.28467858
AAPL_stock_gdelt_final_train,0.4513529,0.4847886
AAPL_stock_gdelt_final_train,0.5382728,0.56604445
MSFT_stock_gdelt_final_train,0.53209823,0.54584795
AAPL_stock_gdelt_final_train,0.24253476,0.16232854
MSFT_stock_gdelt_final_train,0.29814732,0.35053617
MSFT_stock_gdelt_final_train,0.46045983,0.5175757
MSFT_stock_gdelt_final_train,0.65277505,0.7063836
MSFT_stock_gdelt_final_train,0.8037679,0.8437737
MSFT_stock_gdelt_final_train,0.23167911,0.2673306
MSFT_stock_gdelt_final_train,0.16235164,0.21318349
AAPL_stock_gdelt_final_train,0.49516335,0.510873
MSFT_stock_gdelt_final_train,0.79851943,0.8576631
AAPL_stock_gdelt_final_train,0.26840037,0.58133334
MSFT_stock_gdelt_final_train,0.9168854,0.95792603
MSFT_stock_gdelt_final_train,0.5814108,0.64707106
MSFT_stock_gdelt_final_train,0.11668166,0.15982637
AAPL_stock_gdelt_final_train,0.033996906,0.06252
AAPL_stock_gdelt_final_train,0.52831906,0.5633965
MSFT_stock_gdelt_final_train,0.76205397,0.81556237
MSFT_stock_gdelt_final_train,0.3401355,0.40946054
AAPL_stock_gdelt_final_train,0.7886584,0.7589577
AAPL_stock_gdelt_final_train,0.25592315,0.44431925
AAPL_stock_gdelt_final_train,0.39632693,0.37775648
MSFT_stock_gdelt_final_train,0.17594303,0.23134285
AAPL_stock_gdelt_final_train,0.48710227,0.5238159
MSFT_stock_gdelt_final_train,0.6165838,0.63829666
AAPL_stock_gdelt_final_train,0.41861773,0.44275928
MSFT_stock_gdelt_final_train,0.80114377,0.8513122
MSFT_stock_gdelt_final_train,0.5107908,0.5417123
MSFT_stock_gdelt_final_train,0.09972193,0.1313246
AAPL_stock_gdelt_final_train,0.831137,0.8501892
AAPL_stock_gdelt_final_train,0.4220525,0.46421176
AAPL_stock_gdelt_final_train,0.4083135,0.46268135
MSFT_stock_gdelt_final_train,0.48493987,0.5235244
MSFT_stock_gdelt_final_train,0.12604283,0.16158444
AAPL_stock_gdelt_final_train,0.5248844,0.5523126
AAPL_stock_gdelt_final_train,0.3251087,0.3376004
AAPL_stock_gdelt_final_train,0.20342077,0.3629794
AAPL_stock_gdelt_final_train,0.4001122,0.42345792
MSFT_stock_gdelt_final_train,0.994869,0.99509084
AAPL_stock_gdelt_final_train,0.5477359,0.57799834
MSFT_stock_gdelt_final_train,0.14472601,0.18992597
AAPL_stock_gdelt_final_train,0.38840607,0.2818539
AAPL_stock_gdelt_final_train,0.14881535,0.18377315
AAPL_stock_gdelt_final_train,0.74589944,0.8156
AAPL_stock_gdelt_final_train,0.20678538,0.23409374
AAPL_stock_gdelt_final_train,0.39275202,0.44638616
AAPL_stock_gdelt_final_train,0.0,0.18200205
AAPL_stock_gdelt_final_train,0.22949676,0.35173315
AAPL_stock_gdelt_final_train,0.24288516,0.28673333
AAPL_stock_gdelt_final_train,0.33989912,0.3513978
AAPL_stock_gdelt_final_train,0.40543953,0.44721687
MSFT_stock_gdelt_final_train,0.90211904,0.93584496
MSFT_stock_gdelt_final_train,0.18929923,0.22524378
MSFT_stock_gdelt_final_train,0.06768242,0.094394915
AAPL_stock_gdelt_final_train,0.45282498,0.34377968
AAPL_stock_gdelt_final_train,0.22122529,0.24199918
MSFT_stock_gdelt_final_train,0.7884141,0.8165507
AAPL_stock_gdelt_final_train,0.20678538,0.27505162
AAPL_stock_gdelt_final_train,0.82230484,0.83991456
AAPL_stock_gdelt_final_train,0.17664376,0.3276055
MSFT_stock_gdelt_final_train,0.8316948,0.87505025
MSFT_stock_gdelt_final_train,0.9734048,0.99432224
AAPL_stock_gdelt_final_train,0.34095055,0.37787664
AAPL_stock_gdelt_final_train,0.5022431,0.5266361
AAPL_stock_gdelt_final_train,0.40053275,0.40640217
AAPL_stock_gdelt_final_train,0.23608577,0.26093856
MSFT_stock_gdelt_final_train,0.3308135,0.35019904
MSFT_stock_gdelt_final_train,0.10450038,0.12541997
MSFT_stock_gdelt_final_train,0.62990093,0.70064986
MSFT_stock_gdelt_final_train,0.20469238,0.2600696
MSFT_stock_gdelt_final_train,0.3249775,0.3683483
AAPL_stock_gdelt_final_train,0.0770363,0.1127457
AAPL_stock_gdelt_final_train,0.11341647,0.07813794
AAPL_stock_gdelt_final_train,0.1860367,0.2191581
AAPL_stock_gdelt_final_train,0.31557554,0.36475092
AAPL_stock_gdelt_final_train,0.65126884,0.7574545
MSFT_stock_gdelt_final_train,0.7793271,0.8000101
MSFT_stock_gdelt_final_train,0.47510865,0.5185018
AAPL_stock_gdelt_final_train,0.05888127,0.16005298
MSFT_stock_gdelt_final_train,0.9675688,0.98644876
AAPL_stock_gdelt_final_train,0.96116644,0.95495474
AAPL_stock_gdelt_final_train,0.28683585,0.357446
AAPL_stock_gdelt_final_train,0.26706862,0.32577252
MSFT_stock_gdelt_final_train,0.4337081,0.47854143
AAPL_stock_gdelt_final_train,0.22816491,0.25717545
AAPL_stock_gdelt_final_train,0.18421422,0.3263569
AAPL_stock_gdelt_final_train,0.78410214,0.79101413
MSFT_stock_gdelt_final_train,0.26085937,0.29835618
AAPL_stock_gdelt_final_train,0.71624845,0.7775889
AAPL_stock_gdelt_final_train,0.3424226,0.41185868
MSFT_stock_gdelt_final_train,0.3310485,0.3608321
MSFT_stock_gdelt_final_train,0.35302183,0.44328278
MSFT_stock_gdelt_final_train,0.35960203,0.38785374
MSFT_stock_gdelt_final_train,0.28941295,0.31826127
MSFT_stock_gdelt_final_train,0.29799062,0.35158247
AAPL_stock_gdelt_final_train,0.2428151,0.24191412
AAPL_stock_gdelt_final_train,0.2344035,0.27571484
AAPL_stock_gdelt_final_train,0.31648675,0.28255412
MSFT_stock_gdelt_final_train,0.7836356,0.8299777
MSFT_stock_gdelt_final_train,0.8192394,0.8515832
MSFT_stock_gdelt_final_train,0.18538243,0.2231034
AAPL_stock_gdelt_final_train,0.46298897,0.48738188
MSFT_stock_gdelt_final_train,0.3217266,0.3429801
MSFT_stock_gdelt_final_train,0.90231484,0.9246089
MSFT_stock_gdelt_final_train,0.19544865,0.2737068
AAPL_stock_gdelt_final_train,0.3172578,0.3534364
AAPL_stock_gdelt_final_train,0.11222484,0.16366014
MSFT_stock_gdelt_final_train,0.40347034,0.47874838
AAPL_stock_gdelt_final_train,0.7709239,0.7580556
MSFT_stock_gdelt_final_train,0.19153184,0.22435263
AAPL_stock_gdelt_final_train,0.11495861,0.16483197
AAPL_stock_gdelt_final_train,0.5375719,0.5733829
MSFT_stock_gdelt_final_train,0.123457775,0.16260648
AAPL_stock_gdelt_final_train,0.4856302,0.5599621
MSFT_stock_gdelt_final_train,0.4457326,0.51847816
AAPL_stock_gdelt_final_train,0.73286146,0.7574881
AAPL_stock_gdelt_final_train,0.37109214,0.40559644
MSFT_stock_gdelt_final_train,0.78833574,0.84179586
MSFT_stock_gdelt_final_train,0.3896831,0.43555862
AAPL_stock_gdelt_final_train,0.45604938,0.49648046
AAPL_stock_gdelt_final_train,0.535469,0.56194276
MSFT_stock_gdelt_final_train,0.63503194,0.6704652
AAPL_stock_gdelt_final_train,0.21421562,0.23974428
MSFT_stock_gdelt_final_train,0.71137047,0.7480459
MSFT_stock_gdelt_final_train,0.272884,0.3327089
AAPL_stock_gdelt_final_train,0.4417497,0.47935778
AAPL_stock_gdelt_final_train,0.79335487,0.7978324
MSFT_stock_gdelt_final_train,0.14558771,0.19662175
AAPL_stock_gdelt_final_train,0.35959628,0.35381138
MSFT_stock_gdelt_final_train,0.750186,0.7744573
MSFT_stock_gdelt_final_train,0.051545195,0.11864237
MSFT_stock_gdelt_final_train,0.16857935,0.19873703
AAPL_stock_gdelt_final_train,0.37305486,0.40173584
MSFT_stock_gdelt_final_train,0.18918173,0.28183663
MSFT_stock_gdelt_final_train,0.3805962,0.42408657
MSFT_stock_gdelt_final_train,0.80592227,0.86848545
AAPL_stock_gdelt_final_train,0.51822513,0.5547989
AAPL_stock_gdelt_final_train,0.15918975,0.17751569
MSFT_stock_gdelt_final_train,0.7857898,0.84514385
MSFT_stock_gdelt_final_train,0.42505187,0.5126289
AAPL_stock_gdelt_final_train,0.18877047,0.24857421
AAPL_stock_gdelt_final_train,0.9682463,0.9521022
AAPL_stock_gdelt_final_train,0.38665363,0.41756797
AAPL_stock_gdelt_final_train,0.44371238,0.47809595
MSFT_stock_gdelt_final_train,0.12036347,0.09396601
MSFT_stock_gdelt_final_train,0.3832987,0.42977828
MSFT_stock_gdelt_final_train,0.42191845,0.51092374
MSFT_stock_gdelt_final_train,0.35396183,0.4149317
MSFT_stock_gdelt_final_train,0.058242902,0.08950042
MSFT_stock_gdelt_final_train,0.84857625,0.95249856
AAPL_stock_gdelt_final_train,0.3783121,0.33931845
MSFT_stock_gdelt_final_train,0.099016875,0.11284328
AAPL_stock_gdelt_final_train,0.060984142,0.11671825
MSFT_stock_gdelt_final_train,0.11264735,0.13381934
MSFT_stock_gdelt_final_train,0.7960518,0.8515087
AAPL_stock_gdelt_final_train,0.44399273,0.44313473
MSFT_stock_gdelt_final_train,0.92052794,0.9660768
MSFT_stock_gdelt_final_train,0.32391998,0.382061
MSFT_stock_gdelt_final_train,0.47072184,0.5234791
AAPL_stock_gdelt_final_train,0.39751866,0.34102398
AAPL_stock_gdelt_final_train,0.82041216,0.8309556
MSFT_stock_gdelt_final_train,0.2242372,0.25379092
MSFT_stock_gdelt_final_train,0.12514198,0.16900708
AAPL_stock_gdelt_final_train,0.4648815,0.49414718
MSFT_stock_gdelt_final_train,0.18992594,0.23429677
MSFT_stock_gdelt_final_train,0.62296814,0.68680465
AAPL_stock_gdelt_final_train,0.21519697,0.11973154
MSFT_stock_gdelt_final_train,0.28941295,0.3522361
MSFT_stock_gdelt_final_train,0.15377383,0.20810165
MSFT_stock_gdelt_final_train,0.25365245,0.30901384
AAPL_stock_gdelt_final_train,0.50441617,0.54048043
AAPL_stock_gdelt_final_train,0.25024533,0.3971194
AAPL_stock_gdelt_final_train,0.44069818,0.3963182
AAPL_stock_gdelt_final_train,0.8852517,0.88447803
AAPL_stock_gdelt_final_train,0.24036168,0.31149918
MSFT_stock_gdelt_final_train,0.76561826,0.8193773
MSFT_stock_gdelt_final_train,0.16192079,0.20454563
AAPL_stock_gdelt_final_train,0.18288237,0.24942103
AAPL_stock_gdelt_final_train,0.28340107,0.2726496
AAPL_stock_gdelt_final_train,0.49824762,0.50753105
MSFT_stock_gdelt_final_train,0.7882182,0.85380757
AAPL_stock_gdelt_final_train,0.78872854,0.84624213
AAPL_stock_gdelt_final_train,0.26433486,0.20394714
AAPL_stock_gdelt_final_train,0.25648394,0.28898144
MSFT_stock_gdelt_final_train,0.2682621,0.29668278
AAPL_stock_gdelt_final_train,0.2408524,0.2624609
AAPL_stock_gdelt_final_train,0.19935514,0.2525282
AAPL_stock_gdelt_final_train,0.11664097,0.1613888
AAPL_stock_gdelt_final_train,0.21267349,0.25068098
MSFT_stock_gdelt_final_train,0.48995337,0.5300703
AAPL_stock_gdelt_final_train,0.65414274,0.7108608
MSFT_stock_gdelt_final_train,0.8496338,0.898324
MSFT_stock_gdelt_final_train,0.12627788,0.16553965
AAPL_stock_gdelt_final_train,0.3928221,0.48626333
AAPL_stock_gdelt_final_train,0.26026922,0.25545496
AAPL_stock_gdelt_final_train,0.14299731,0.1354617
AAPL_stock_gdelt_final_train,0.45275483,0.3241601
AAPL_stock_gdelt_final_train,0.7972804,0.84132326
AAPL_stock_gdelt_final_train,0.15855879,0.3234893
MSFT_stock_gdelt_final_train,0.4924993,0.55994326
MSFT_stock_gdelt_final_train,0.18021233,0.23021361
AAPL_stock_gdelt_final_train,0.4104865,0.32942075
AAPL_stock_gdelt_final_train,0.31578583,0.3513239
AAPL_stock_gdelt_final_train,0.025445098,0.073241994
MSFT_stock_gdelt_final_train,0.15459637,0.19505246
MSFT_stock_gdelt_final_train,0.19141434,0.22224236
AAPL_stock_gdelt_final_train,0.2708538,0.3283915
MSFT_stock_gdelt_final_train,0.64697814,0.70728177
MSFT_stock_gdelt_final_train,0.43351218,0.4935425
MSFT_stock_gdelt_final_train,0.28424272,0.33543247
MSFT_stock_gdelt_final_train,0.4486311,0.5020604
AAPL_stock_gdelt_final_train,0.4781299,0.49109316
AAPL_stock_gdelt_final_train,0.34662837,0.42807287
AAPL_stock_gdelt_final_train,0.28795743,0.40737087
AAPL_stock_gdelt_final_train,0.21316421,0.25637627
MSFT_stock_gdelt_final_train,0.4992362,0.53316545
AAPL_stock_gdelt_final_train,0.13059026,0.139691
AAPL_stock_gdelt_final_train,0.24484786,0.2672155
AAPL_stock_gdelt_final_train,0.20678538,0.113702066
AAPL_stock_gdelt_final_train,0.38111594,0.3928215
AAPL_stock_gdelt_final_train,0.2176504,0.24934603
MSFT_stock_gdelt_final_train,0.47941715,0.50488216
MSFT_stock_gdelt_final_train,0.69413656,0.74821967
AAPL_stock_gdelt_final_train,0.25676438,0.3539787
MSFT_stock_gdelt_final_train,0.15831733,0.21347275
AAPL_stock_gdelt_final_train,0.379013,0.420995
MSFT_stock_gdelt_final_train,0.81970936,0.8560829
MSFT_stock_gdelt_final_train,0.7895891,0.8408509
AAPL_stock_gdelt_final_train,0.14741343,0.07357013
MSFT_stock_gdelt_final_train,0.28972623,0.33909547
AAPL_stock_gdelt_final_train,0.24015139,0.22606574
AAPL_stock_gdelt_final_train,0.5331558,0.5737754
MSFT_stock_gdelt_final_train,0.14515686,0.20108478
MSFT_stock_gdelt_final_train,0.11828756,0.17278297
AAPL_stock_gdelt_final_train,0.08720036,0.3683166
MSFT_stock_gdelt_final_train,0.17613882,0.22433826
MSFT_stock_gdelt_final_train,0.772551,0.8039637
MSFT_stock_gdelt_final_train,0.47561786,0.53316706
MSFT_stock_gdelt_final_train,0.19689785,0.22962084
MSFT_stock_gdelt_final_train,0.14864282,0.2080775
AAPL_stock_gdelt_final_train,0.34536666,0.2430438
MSFT_stock_gdelt_final_train,0.37554348,0.4321704
AAPL_stock_gdelt_final_train,0.17348944,0.1782163
MSFT_stock_gdelt_final_train,0.34307313,0.38826156
MSFT_stock_gdelt_final_train,0.25756928,0.31536233
AAPL_stock_gdelt_final_train,0.23377267,0.25345457
MSFT_stock_gdelt_final_train,0.8431319,0.85216546
MSFT_stock_gdelt_final_train,0.92483646,0.9365124
MSFT_stock_gdelt_final_train,0.42019504,0.4784785
AAPL_stock_gdelt_final_train,0.5288799,0.4016502
MSFT_stock_gdelt_final_train,0.27915078,0.37121814
AAPL_stock_gdelt_final_train,0.2626525,0.30037546
MSFT_stock_gdelt_final_train,0.47068277,0.5024255
AAPL_stock_gdelt_final_train,0.44055805,0.33543003
AAPL_stock_gdelt_final_train,0.25382033,0.2552551
MSFT_stock_gdelt_final_train,0.4481219,0.5096552
AAPL_stock_gdelt_final_train,0.3201318,0.26384097
MSFT_stock_gdelt_final_train,0.29983154,0.33657348
MSFT_stock_gdelt_final_train,0.9294975,0.96618456
MSFT_stock_gdelt_final_train,0.13324979,0.19392331
MSFT_stock_gdelt_final_train,0.21323098,0.25501025
AAPL_stock_gdelt_final_train,0.4852797,0.51504856
MSFT_stock_gdelt_final_train,0.24100113,0.2842503
AAPL_stock_gdelt_final_train,0.17208752,0.34872115
AAPL_stock_gdelt_final_train,0.8865835,0.9030443
MSFT_stock_gdelt_final_train,0.120755166,0.17946361
MSFT_stock_gdelt_final_train,0.37111747,0.42604178
MSFT_stock_gdelt_final_train,0.09921273,0.13426946
AAPL_stock_gdelt_final_train,0.25501198,0.28871715
MSFT_stock_gdelt_final_train,0.15863068,0.18228754
MSFT_stock_gdelt_final_train,0.76851666,0.8257572
AAPL_stock_gdelt_final_train,0.08797143,0.22553398
MSFT_stock_gdelt_final_train,0.8264855,0.8855848
MSFT_stock_gdelt_final_train,0.16384004,0.20906954
AAPL_stock_gdelt_final_train,0.29097152,0.28342843
MSFT_stock_gdelt_final_train,0.09251496,0.10762988
MSFT_stock_gdelt_final_train,0.46574754,0.5249806
MSFT_stock_gdelt_final_train,0.2627003,0.30600798
MSFT_stock_gdelt_final_train,0.30970195,0.36739844
AAPL_stock_gdelt_final_train,0.25823635,0.38998604
MSFT_stock_gdelt_final_train,0.74630845,0.8033033
AAPL_stock_gdelt_final_train,0.23159958,0.25868016
AAPL_stock_gdelt_final_train,0.35125476,0.39078623
AAPL_stock_gdelt_final_train,0.18617693,0.29722828
AAPL_stock_gdelt_final_train,0.22255714,0.25603664
MSFT_stock_gdelt_final_train,0.40405783,0.43567985
AAPL_stock_gdelt_final_train,0.36898923,0.3934281
MSFT_stock_gdelt_final_train,0.047354184,0.058043655
MSFT_stock_gdelt_final_train,0.69021976,0.73064995
AAPL_stock_gdelt_final_train,0.45107257,0.5046929
MSFT_stock_gdelt_final_train,0.21703029,0.26774764
MSFT_stock_gdelt_final_train,0.3836513,0.41969496
MSFT_stock_gdelt_final_train,0.18957344,0.20840201
AAPL_stock_gdelt_final_train,0.28270015,0.1821244
AAPL_stock_gdelt_final_train,0.1471331,0.20298685
MSFT_stock_gdelt_final_train,0.16654265,0.19926488
MSFT_stock_gdelt_final_train,0.88465,0.9308488
AAPL_stock_gdelt_final_train,0.2916025,0.43256915
AAPL_stock_gdelt_final_train,0.75578296,0.81642026
MSFT_stock_gdelt_final_train,0.3832987,0.4477775
AAPL_stock_gdelt_final_train,0.67384,0.71589255
AAPL_stock_gdelt_final_train,0.5152811,0.5537295
MSFT_stock_gdelt_final_train,0.34820414,0.40653294
MSFT_stock_gdelt_final_train,0.19916967,0.25593838
AAPL_stock_gdelt_final_train,0.10206083,0.17667705
AAPL_stock_gdelt_final_train,0.5243937,0.44989663
AAPL_stock_gdelt_final_train,0.5415674,0.5703104
MSFT_stock_gdelt_final_train,0.47957388,0.5200073
AAPL_stock_gdelt_final_train,0.2172999,0.08819475
MSFT_stock_gdelt_final_train,0.29520974,0.32537353
AAPL_stock_gdelt_final_train,0.13325386,0.24662393
MSFT_stock_gdelt_final_train,0.2764482,0.347526
AAPL_stock_gdelt_final_train,0.46018505,0.36775875
AAPL_stock_gdelt_final_train,0.21127157,0.32873684
AAPL_stock_gdelt_final_train,0.104303986,0.13063999
MSFT_stock_gdelt_final_train,0.17496382,0.20313837
AAPL_stock_gdelt_final_train,0.38427028,0.2361817
MSFT_stock_gdelt_final_train,0.11546746,0.16482672
AAPL_stock_gdelt_final_train,0.3783121,0.44136918
AAPL_stock_gdelt_final_train,0.4285014,0.45100105
AAPL_stock_gdelt_final_train,0.35188562,0.45094424
MSFT_stock_gdelt_final_train,0.0030159582,0.05964019
MSFT_stock_gdelt_final_train,0.45489803,0.50773
MSFT_stock_gdelt_final_train,0.27343228,0.34265584
AAPL_stock_gdelt_final_train,0.27302676,0.22729644
AAPL_stock_gdelt_final_train,0.31950095,0.35229933
AAPL_stock_gdelt_final_train,0.74106276,0.74414605
AAPL_stock_gdelt_final_train,0.19963548,0.2682212
AAPL_stock_gdelt_final_train,0.37165293,0.41861326
MSFT_stock_gdelt_final_train,0.8894285,0.91788465
AAPL_stock_gdelt_final_train,0.37522784,0.39757222
MSFT_stock_gdelt_final_train,0.7217109,0.77955484
MSFT_stock_gdelt_final_train,0.8014178,0.839088
MSFT_stock_gdelt_final_train,0.7650308,0.79926986
AAPL_stock_gdelt_final_train,0.3762092,0.4088918
MSFT_stock_gdelt_final_train,0.18804595,0.22611126
AAPL_stock_gdelt_final_train,0.19718216,0.2861666
AAPL_stock_gdelt_final_train,0.41448206,0.46856254
MSFT_stock_gdelt_final_train,0.15044457,0.17693919
AAPL_stock_gdelt_final_train,0.16935375,0.19632642
AAPL_stock_gdelt_final_train,0.025375038,0.18617703
AAPL_stock_gdelt_final_train,0.4095752,0.44058514
AAPL_stock_gdelt_final_train,0.38391986,0.43057775
MSFT_stock_gdelt_final_train,0.0871881,0.15847847
AAPL_stock_gdelt_final_train,0.3097575,0.31990927
AAPL_stock_gdelt_final_train,0.41041642,0.5061218
MSFT_stock_gdelt_final_train,0.2779758,0.2787091
MSFT_stock_gdelt_final_train,0.9486898,0.9727713
MSFT_stock_gdelt_final_train,0.12839293,0.16372497
MSFT_stock_gdelt_final_train,0.23136581,0.25307444
MSFT_stock_gdelt_final_train,0.40538952,0.44495416
AAPL_stock_gdelt_final_train,0.42822096,0.47520977
AAPL_stock_gdelt_final_train,0.76889116,0.78901035
MSFT_stock_gdelt_final_train,0.15694648,0.20907965
AAPL_stock_gdelt_final_train,0.5081313,0.5378815
MSFT_stock_gdelt_final_train,0.113469906,0.16075894
MSFT_stock_gdelt_final_train,0.34996673,0.40962505
AAPL_stock_gdelt_final_train,0.3385673,0.31223232
MSFT_stock_gdelt_final_train,0.20860918,0.24554946
AAPL_stock_gdelt_final_train,0.44469374,0.51716006
AAPL_stock_gdelt_final_train,0.34810042,0.44547325
MSFT_stock_gdelt_final_train,0.34816504,0.4066072
AAPL_stock_gdelt_final_train,0.18365343,0.36808187
AAPL_stock_gdelt_final_train,0.4083135,0.45748174
AAPL_stock_gdelt_final_train,0.48121408,0.50658554
AAPL_stock_gdelt_final_train,0.29552788,0.32881844
MSFT_stock_gdelt_final_train,0.3419764,0.39204907
AAPL_stock_gdelt_final_train,0.53245485,0.49583238
MSFT_stock_gdelt_final_train,0.6145079,0.68833107
AAPL_stock_gdelt_final_train,0.51219684,0.3649801
AAPL_stock_gdelt_final_train,0.5064489,0.36391938
MSFT_stock_gdelt_final_train,0.9496299,1.0119612
MSFT_stock_gdelt_final_train,0.12823628,0.17131504
AAPL_stock_gdelt_final_train,0.24793214,0.31950402
AAPL_stock_gdelt_final_train,0.66073185,0.70703214
MSFT_stock_gdelt_final_train,0.3863147,0.4552725
AAPL_stock_gdelt_final_train,0.57304084,0.5868038
AAPL_stock_gdelt_final_train,0.76160103,0.7844747
MSFT_stock_gdelt_final_train,0.38075277,0.42177868
AAPL_stock_gdelt_final_train,0.3322585,0.2545309
MSFT_stock_gdelt_final_train,0.117543355,0.2097732
MSFT_stock_gdelt_final_train,0.052876893,0.09959167
MSFT_stock_gdelt_final_train,0.44628102,0.487589
AAPL_stock_gdelt_final_train,0.5140194,0.54974514
MSFT_stock_gdelt_final_train,0.30519766,0.36574668
MSFT_stock_gdelt_final_train,0.8008695,0.85258824
AAPL_stock_gdelt_final_train,0.36983037,0.40274155
AAPL_stock_gdelt_final_train,0.5297912,0.57199866
MSFT_stock_gdelt_final_train,0.7759978,0.8147063
AAPL_stock_gdelt_final_train,0.39702794,0.4174754
AAPL_stock_gdelt_final_train,0.923104,0.970771
MSFT_stock_gdelt_final_train,0.10998395,0.15930812
MSFT_stock_gdelt_final_train,0.92726487,0.93816614
AAPL_stock_gdelt_final_train,0.09308846,0.2252414
MSFT_stock_gdelt_final_train,0.26830128,0.3206058
AAPL_stock_gdelt_final_train,0.18084961,0.22949257
MSFT_stock_gdelt_final_train,0.7155615,0.75307256
AAPL_stock_gdelt_final_train,0.060703747,0.4080115
MSFT_stock_gdelt_final_train,0.77024007,0.8185098
MSFT_stock_gdelt_final_train,0.2692022,0.30895424
MSFT_stock_gdelt_final_train,0.34170222,0.40894413
MSFT_stock_gdelt_final_train,0.15769063,0.17377384
AAPL_stock_gdelt_final_train,0.19725221,0.085303724
MSFT_stock_gdelt_final_train,0.08613061,0.18253936
MSFT_stock_gdelt_final_train,0.7766637,0.828804
MSFT_stock_gdelt_final_train,0.8346324,0.8688081
MSFT_stock_gdelt_final_train,0.8735263,0.9394138
MSFT_stock_gdelt_final_train,0.09889938,0.15764678
AAPL_stock_gdelt_final_train,0.35090426,0.37821233
MSFT_stock_gdelt_final_train,0.2166386,0.21854861
AAPL_stock_gdelt_final_train,0.4570307,0.4900791
AAPL_stock_gdelt_final_train,0.39695787,0.41648406
AAPL_stock_gdelt_final_train,0.6551242,0.64611834
AAPL_stock_gdelt_final_train,0.20713589,0.26691386
AAPL_stock_gdelt_final_train,0.7039815,0.7281985
MSFT_stock_gdelt_final_train,0.19290274,0.24237774
MSFT_stock_gdelt_final_train,0.26642117,0.34689188
MSFT_stock_gdelt_final_train,0.12725708,0.18239178
MSFT_stock_gdelt_final_train,0.117308356,0.158799
AAPL_stock_gdelt_final_train,0.4090846,0.43677658
AAPL_stock_gdelt_final_train,0.5384831,0.5005583
AAPL_stock_gdelt_final_train,0.63640827,0.56572515
MSFT_stock_gdelt_final_train,0.10281619,0.14598328
MSFT_stock_gdelt_final_train,0.48067057,0.5320954
AAPL_stock_gdelt_final_train,0.28417215,0.2923727
MSFT_stock_gdelt_final_train,0.10477459,0.17968063
AAPL_stock_gdelt_final_train,0.77940565,0.81416017
MSFT_stock_gdelt_final_train,0.28596613,0.38046682
MSFT_stock_gdelt_final_train,0.45920643,0.5210972
AAPL_stock_gdelt_final_train,0.79510725,0.8022947
AAPL_stock_gdelt_final_train,0.06694241,0.12329001
AAPL_stock_gdelt_final_train,0.49971962,0.5127606
MSFT_stock_gdelt_final_train,0.7686342,0.84764826
MSFT_stock_gdelt_final_train,0.13767575,0.16899596
MSFT_stock_gdelt_final_train,0.8193177,0.8694211
MSFT_stock_gdelt_final_train,0.27966,0.32468313
AAPL_stock_gdelt_final_train,0.40102348,0.3089623
AAPL_stock_gdelt_final_train,0.21057056,0.31314474
AAPL_stock_gdelt_final_train,0.52551526,0.42471862
MSFT_stock_gdelt_final_train,0.36488977,0.41590828
MSFT_stock_gdelt_final_train,0.10732049,0.12338435
MSFT_stock_gdelt_final_train,0.14002585,0.14668183
AAPL_stock_gdelt_final_train,0.76692843,0.7578605
MSFT_stock_gdelt_final_train,0.46402413,0.5359361
MSFT_stock_gdelt_final_train,0.7802671,0.8193652
MSFT_stock_gdelt_final_train,0.45595554,0.51169884
MSFT_stock_gdelt_final_train,0.049665086,0.08594622
AAPL_stock_gdelt_final_train,0.33380064,0.3320551
AAPL_stock_gdelt_final_train,0.21856157,0.24150151
AAPL_stock_gdelt_final_train,0.6387916,0.67524976
MSFT_stock_gdelt_final_train,0.8349849,0.8642551
MSFT_stock_gdelt_final_train,0.8201794,0.8713367
AAPL_stock_gdelt_final_train,0.5141596,0.5354147
MSFT_stock_gdelt_final_train,0.8272688,0.8624678
MSFT_stock_gdelt_final_train,0.16752185,0.21067877
AAPL_stock_gdelt_final_train,0.17145666,0.26535237
MSFT_stock_gdelt_final_train,0.26508948,0.30252331
MSFT_stock_gdelt_final_train,0.23493013,0.31124663
AAPL_stock_gdelt_final_train,0.41693538,0.4318347
MSFT_stock_gdelt_final_train,0.78880584,0.87324935
AAPL_stock_gdelt_final_train,0.81746817,0.8117483
MSFT_stock_gdelt_final_train,0.12639537,0.17637175
MSFT_stock_gdelt_final_train,0.8322432,0.87967503
AAPL_stock_gdelt_final_train,0.061054252,0.2513887
MSFT_stock_gdelt_final_train,0.06509732,0.101850174
AAPL_stock_gdelt_final_train,0.42899203,0.44452345
MSFT_stock_gdelt_final_train,0.16058908,0.18945627
AAPL_stock_gdelt_final_train,0.7711342,0.8091443
AAPL_stock_gdelt_final_train,0.22311793,0.24614428
MSFT_stock_gdelt_final_train,0.43167126,0.48619992
AAPL_stock_gdelt_final_train,0.52102906,0.49068743
MSFT_stock_gdelt_final_train,0.11930597,0.18640403
MSFT_stock_gdelt_final_train,0.7962868,0.88178915
AAPL_stock_gdelt_final_train,0.44840884,0.45575726
AAPL_stock_gdelt_final_train,0.10864995,0.13809353
AAPL_stock_gdelt_final_train,0.0668723,0.10868734
AAPL_stock_gdelt_final_train,0.359386,0.39804655
AAPL_stock_gdelt_final_train,0.3972382,0.34314674
MSFT_stock_gdelt_final_train,0.18209232,0.23355831
MSFT_stock_gdelt_final_train,0.47373787,0.49712348
AAPL_stock_gdelt_final_train,0.74589944,0.76232344
MSFT_stock_gdelt_final_train,0.63064516,0.67849654
AAPL_stock_gdelt_final_train,0.5124072,0.48280025
MSFT_stock_gdelt_final_train,0.30398333,0.38377
AAPL_stock_gdelt_final_train,0.55250245,0.5768462
MSFT_stock_gdelt_final_train,0.5024872,0.5409839
AAPL_stock_gdelt_final_train,0.120706595,0.15979034
AAPL_stock_gdelt_final_train,0.37684003,0.43347692
MSFT_stock_gdelt_final_train,0.118796766,0.1529229
AAPL_stock_gdelt_final_train,0.39135012,0.18944633
MSFT_stock_gdelt_final_train,0.3277193,0.39134955
MSFT_stock_gdelt_final_train,0.79515105,0.8686393
MSFT_stock_gdelt_final_train,0.4426384,0.4895143
AAPL_stock_gdelt_final_train,0.7845227,0.80768883
AAPL_stock_gdelt_final_train,0.07009674,0.36942977
AAPL_stock_gdelt_final_train,0.22900604,0.2739874
MSFT_stock_gdelt_final_train,0.16572009,0.24036896
MSFT_stock_gdelt_final_train,0.46845016,0.5017611
AAPL_stock_gdelt_final_train,0.14776394,0.2070569
MSFT_stock_gdelt_final_train,0.32333237,0.37240946
AAPL_stock_gdelt_final_train,0.34319368,0.20116946
MSFT_stock_gdelt_final_train,0.80247545,0.86615485
MSFT_stock_gdelt_final_train,0.24413453,0.28367656
MSFT_stock_gdelt_final_train,0.07864949,0.10782655
MSFT_stock_gdelt_final_train,0.85605735,0.92386085
AAPL_stock_gdelt_final_train,0.12323008,0.07119653
MSFT_stock_gdelt_final_train,0.9948298,1.0166188
AAPL_stock_gdelt_final_train,0.26181138,0.33254874
MSFT_stock_gdelt_final_train,0.2262739,0.28099906
AAPL_stock_gdelt_final_train,0.34648812,0.31960762
AAPL_stock_gdelt_final_train,0.35868502,0.39091903
AAPL_stock_gdelt_final_train,0.42001966,0.44907486
AAPL_stock_gdelt_final_train,0.18309265,0.24488157
MSFT_stock_gdelt_final_train,0.43382558,0.51495606
AAPL_stock_gdelt_final_train,0.14559096,0.32382423
MSFT_stock_gdelt_final_train,0.44816113,0.52434915
AAPL_stock_gdelt_final_train,0.3227955,0.3691755
AAPL_stock_gdelt_final_train,0.15813823,0.22810964
MSFT_stock_gdelt_final_train,0.18506913,0.21459927
AAPL_stock_gdelt_final_train,0.5440208,0.5513882
AAPL_stock_gdelt_final_train,0.47518575,0.51023704
AAPL_stock_gdelt_final_train,0.16823217,0.21421517
AAPL_stock_gdelt_final_train,0.4901164,0.49595523
MSFT_stock_gdelt_final_train,0.26563787,0.33883965
MSFT_stock_gdelt_final_train,0.85405976,0.8852565
MSFT_stock_gdelt_final_train,0.81442165,0.83398
MSFT_stock_gdelt_final_train,0.15769063,0.21368307
MSFT_stock_gdelt_final_train,0.0823313,0.13471001
MSFT_stock_gdelt_final_train,0.87873566,0.9260039
AAPL_stock_gdelt_final_train,0.19220525,0.18927026
AAPL_stock_gdelt_final_train,0.1453105,0.20410198
MSFT_stock_gdelt_final_train,0.15749484,0.1919869
AAPL_stock_gdelt_final_train,0.23314172,0.26288846
AAPL_stock_gdelt_final_train,0.5109351,0.53788304
AAPL_stock_gdelt_final_train,0.8638021,0.8685177
MSFT_stock_gdelt_final_train,0.2902745,0.3329184
MSFT_stock_gdelt_final_train,0.76013476,0.8350747
MSFT_stock_gdelt_final_train,0.18111312,0.2150767
AAPL_stock_gdelt_final_train,0.18344316,0.20685227
MSFT_stock_gdelt_final_train,0.20833498,0.23859523
AAPL_stock_gdelt_final_train,0.56925565,0.5926198
AAPL_stock_gdelt_final_train,0.41861773,0.4325291
AAPL_stock_gdelt_final_train,0.46228796,0.49893695
MSFT_stock_gdelt_final_train,0.8287964,0.8786424
AAPL_stock_gdelt_final_train,0.0668723,0.13446796
AAPL_stock_gdelt_final_train,0.04493198,0.12329147
AAPL_stock_gdelt_final_train,0.11173422,0.14732689
AAPL_stock_gdelt_final_train,0.97595686,1.0087502
MSFT_stock_gdelt_final_train,0.18859424,0.24892999
AAPL_stock_gdelt_final_train,0.36814812,0.25203457
MSFT_stock_gdelt_final_train,0.69727,0.7462647
MSFT_stock_gdelt_final_train,0.14660606,0.19438162
AAPL_stock_gdelt_final_train,0.18975182,0.21462679
AAPL_stock_gdelt_final_train,0.31844944,0.3812766
MSFT_stock_gdelt_final_train,0.16015823,0.21655561
AAPL_stock_gdelt_final_train,0.46929765,0.472027
AAPL_stock_gdelt_final_train,0.13381465,0.14804217
AAPL_stock_gdelt_final_train,0.73538494,0.7358208
MSFT_stock_gdelt_final_train,0.75128275,0.8117714
MSFT_stock_gdelt_final_train,0.34859583,0.4463759
MSFT_stock_gdelt_final_train,0.80725396,0.8638049
MSFT_stock_gdelt_final_train,0.15565394,0.26103026
MSFT_stock_gdelt_final_train,0.20751248,0.2700494
AAPL_stock_gdelt_final_train,0.40053275,0.38100928
AAPL_stock_gdelt_final_train,0.51899624,0.5493796
MSFT_stock_gdelt_final_train,0.88183,0.9777236
AAPL_stock_gdelt_final_train,0.37747097,0.39880067
MSFT_stock_gdelt_final_train,0.29258552,0.34615707
AAPL_stock_gdelt_final_train,0.108159214,0.15703034
AAPL_stock_gdelt_final_train,0.3552502,0.39970493
MSFT_stock_gdelt_final_train,0.8549606,0.92802316
MSFT_stock_gdelt_final_train,0.4616348,0.51737434
AAPL_stock_gdelt_final_train,0.4022852,0.45966554
AAPL_stock_gdelt_final_train,0.70888835,0.74802494
AAPL_stock_gdelt_final_train,0.24330583,0.2666332
MSFT_stock_gdelt_final_train,0.15220712,0.18408495
AAPL_stock_gdelt_final_train,0.39085937,0.28717783
AAPL_stock_gdelt_final_train,0.43186602,0.4463259
MSFT_stock_gdelt_final_train,0.2212604,0.20574228
AAPL_stock_gdelt_final_train,0.17734477,0.20352484
MSFT_stock_gdelt_final_train,0.831734,0.88752633
MSFT_stock_gdelt_final_train,0.43691978,0.49199015
AAPL_stock_gdelt_final_train,0.45948416,0.5016893
AAPL_stock_gdelt_final_train,0.14404882,0.19510224
MSFT_stock_gdelt_final_train,0.817751,0.85407674
AAPL_stock_gdelt_final_train,0.77001274,0.84681594
MSFT_stock_gdelt_final_train,1.0,1.0004636
AAPL_stock_gdelt_final_train,0.35777372,0.35219705
AAPL_stock_gdelt_final_train,0.8235666,0.8373627
MSFT_stock_gdelt_final_train,0.0015666989,0.050343372
MSFT_stock_gdelt_final_train,0.3759352,0.41725004
AAPL_stock_gdelt_final_train,0.24190381,0.35603386
AAPL_stock_gdelt_final_train,0.08846205,0.24999729
MSFT_stock_gdelt_final_train,0.23352002,0.28220826
AAPL_stock_gdelt_final_train,0.7812983,0.7975576
MSFT_stock_gdelt_final_train,0.8032197,0.8438478
MSFT_stock_gdelt_final_train,0.7459167,0.78288186
MSFT_stock_gdelt_final_train,0.45497632,0.4976325
AAPL_stock_gdelt_final_train,0.37109214,0.413894
MSFT_stock_gdelt_final_train,0.14421687,0.16105098
AAPL_stock_gdelt_final_train,0.5380625,0.59979624
AAPL_stock_gdelt_final_train,0.25396046,0.3807928
MSFT_stock_gdelt_final_train,0.8395284,0.8899634
AAPL_stock_gdelt_final_train,0.119514965,0.15299208
AAPL_stock_gdelt_final_train,0.15358198,0.1597488
MSFT_stock_gdelt_final_train,0.35447103,0.37977356
AAPL_stock_gdelt_final_train,0.48212537,0.5119926
AAPL_stock_gdelt_final_train,0.05782981,0.0904435
MSFT_stock_gdelt_final_train,0.7924875,0.8493807
MSFT_stock_gdelt_final_train,0.36547726,0.42856312
MSFT_stock_gdelt_final_train,0.19474365,0.23782296
AAPL_stock_gdelt_final_train,0.24863315,0.28437692
MSFT_stock_gdelt_final_train,0.62073565,0.65514815
AAPL_stock_gdelt_final_train,0.3635217,0.39069837
MSFT_stock_gdelt_final_train,0.09678433,0.14882347
AAPL_stock_gdelt_final_train,0.28767696,0.3145358
MSFT_stock_gdelt_final_train,0.3995926,0.4476571
MSFT_stock_gdelt_final_train,0.42168346,0.48858738
AAPL_stock_gdelt_final_train,0.4395767,0.46845192
MSFT_stock_gdelt_final_train,0.14233676,0.2082587
AAPL_stock_gdelt_final_train,0.276041,0.22683291
MSFT_stock_gdelt_final_train,0.10704634,0.15061328
MSFT_stock_gdelt_final_train,0.39642,0.43049753
AAPL_stock_gdelt_final_train,0.37312493,0.19454311
MSFT_stock_gdelt_final_train,0.30445346,0.31708723
MSFT_stock_gdelt_final_train,0.13708825,0.16256654
MSFT_stock_gdelt_final_train,0.32254907,0.36270612
MSFT_stock_gdelt_final_train,0.47910386,0.5162121
AAPL_stock_gdelt_final_train,0.7582364,0.7857393
MSFT_stock_gdelt_final_train,0.25655085,0.33826536
AAPL_stock_gdelt_final_train,0.42191228,0.44527674
AAPL_stock_gdelt_final_train,0.13774005,0.27960828
MSFT_stock_gdelt_final_train,0.45141202,0.54158694
AAPL_stock_gdelt_final_train,0.15820828,0.34576613
MSFT_stock_gdelt_final_train,0.19591865,0.23257822
MSFT_stock_gdelt_final_train,0.79413265,0.87820655
AAPL_stock_gdelt_final_train,0.77527,0.80700505
AAPL_stock_gdelt_final_train,0.15435305,0.268835
AAPL_stock_gdelt_final_train,0.5065892,0.48743892
AAPL_stock_gdelt_final_train,0.10150005,0.21299313
MSFT_stock_gdelt_final_train,0.9303592,0.9519184
AAPL_stock_gdelt_final_train,0.40508902,0.4111591
AAPL_stock_gdelt_final_train,0.3008552,0.32288557
AAPL_stock_gdelt_final_train,0.3736857,0.39721888
AAPL_stock_gdelt_final_train,0.80569196,0.81067854
AAPL_stock_gdelt_final_train,0.41693538,0.44011462
MSFT_stock_gdelt_final_train,0.46327993,0.5195162
MSFT_stock_gdelt_final_train,0.32427248,0.40399224
MSFT_stock_gdelt_final_train,0.32411578,0.3855937
AAPL_stock_gdelt_final_train,0.03995512,0.1129556
AAPL_stock_gdelt_final_train,0.20496291,0.10377365
MSFT_stock_gdelt_final_train,0.67517924,0.7203906
MSFT_stock_gdelt_final_train,0.07579024,0.102638625
AAPL_stock_gdelt_final_train,0.20524324,0.35043055
AAPL_stock_gdelt_final_train,0.36576474,0.25404721
MSFT_stock_gdelt_final_train,0.3417414,0.39777476
AAPL_stock_gdelt_final_train,0.026426448,0.12676662
AAPL_stock_gdelt_final_train,0.336184,0.38101065
MSFT_stock_gdelt_final_train,0.6344445,0.6648622
AAPL_stock_gdelt_final_train,0.18260203,0.2170487
MSFT_stock_gdelt_final_train,0.7993028,0.8508787
MSFT_stock_gdelt_final_train,0.17476791,0.21362711
AAPL_stock_gdelt_final_train,0.31150994,0.4066829
AAPL_stock_gdelt_final_train,0.71498674,0.76929605
AAPL_stock_gdelt_final_train,0.72550124,0.74737597
MSFT_stock_gdelt_final_train,0.3979867,0.45347023
AAPL_stock_gdelt_final_train,0.033155728,0.22219108
AAPL_stock_gdelt_final_train,0.4334782,0.46985608
MSFT_stock_gdelt_final_train,0.8175943,0.8705132
MSFT_stock_gdelt_final_train,0.48086637,0.5532971
MSFT_stock_gdelt_final_train,0.29846075,0.3506946
AAPL_stock_gdelt_final_train,0.15309125,0.20804618
AAPL_stock_gdelt_final_train,0.26755923,0.2624159
MSFT_stock_gdelt_final_train,0.7952293,0.80922294
MSFT_stock_gdelt_final_train,0.23567434,0.28187585
MSFT_stock_gdelt_final_train,0.7768987,0.83353734
MSFT_stock_gdelt_final_train,0.25498417,0.34588766
AAPL_stock_gdelt_final_train,0.32609007,0.35130006
MSFT_stock_gdelt_final_train,0.061180506,0.08504313
MSFT_stock_gdelt_final_train,0.7810113,0.79655534
MSFT_stock_gdelt_final_train,0.1095531,0.123346955
AAPL_stock_gdelt_final_train,0.4038273,0.40937823
AAPL_stock_gdelt_final_train,0.09287818,0.10329564
MSFT_stock_gdelt_final_train,0.3235283,0.3628283
MSFT_stock_gdelt_final_train,0.37213588,0.4155681
AAPL_stock_gdelt_final_train,0.39920092,0.40127528
AAPL_stock_gdelt_final_train,0.78270024,0.7859749
AAPL_stock_gdelt_final_train,0.23124918,0.2778632
MSFT_stock_gdelt_final_train,0.115584955,0.18100625
AAPL_stock_gdelt_final_train,0.21386512,0.2529397
AAPL_stock_gdelt_final_train,0.3863732,0.42642844
MSFT_stock_gdelt_final_train,0.7945243,0.8427621
AAPL_stock_gdelt_final_train,0.15077804,0.19230355
MSFT_stock_gdelt_final_train,0.8340841,0.87215096
AAPL_stock_gdelt_final_train,0.2613907,0.19337578
MSFT_stock_gdelt_final_train,0.11045395,0.17976348
MSFT_stock_gdelt_final_train,0.12874542,0.19546844
MSFT_stock_gdelt_final_train,0.31201285,0.34886384
AAPL_stock_gdelt_final_train,0.26594704,0.17670113
AAPL_stock_gdelt_final_train,0.5342774,0.40309155
AAPL_stock_gdelt_final_train,0.33127716,0.40740925
AAPL_stock_gdelt_final_train,0.3808356,0.41079307
MSFT_stock_gdelt_final_train,0.24198033,0.3287481
AAPL_stock_gdelt_final_train,0.4117483,0.4660899
AAPL_stock_gdelt_final_train,0.22627227,0.254382
MSFT_stock_gdelt_final_train,0.8627943,0.9056726
AAPL_stock_gdelt_final_train,0.2133745,0.23184977
AAPL_stock_gdelt_final_train,0.7385392,0.76467365
AAPL_stock_gdelt_final_train,0.33141738,0.31386554
AAPL_stock_gdelt_final_train,0.75066596,0.7591319
MSFT_stock_gdelt_final_train,0.47087854,0.5251168
AAPL_stock_gdelt_final_train,0.34683862,0.37010187
MSFT_stock_gdelt_final_train,0.059300456,0.118975855
AAPL_stock_gdelt_final_train,0.8877752,0.90218157
AAPL_stock_gdelt_final_train,0.20377116,0.28105843
AAPL_stock_gdelt_final_train,0.27162486,0.15428004
MSFT_stock_gdelt_final_train,0.18256232,0.20667754
AAPL_stock_gdelt_final_train,0.30660316,0.44631976
AAPL_stock_gdelt_final_train,0.40452832,0.41037273
AAPL_stock_gdelt_final_train,0.38139638,0.41369766
MSFT_stock_gdelt_final_train,0.36250046,0.46862948
MSFT_stock_gdelt_final_train,0.12898043,0.18699412
AAPL_stock_gdelt_final_train,0.40621057,0.4004618
AAPL_stock_gdelt_final_train,0.7718352,0.79635257
MSFT_stock_gdelt_final_train,0.2823626,0.34009224
AAPL_stock_gdelt_final_train,0.22262721,0.30119509
MSFT_stock_gdelt_final_train,0.2790333,0.32883495
AAPL_stock_gdelt_final_train,0.43880564,0.4397946
AAPL_stock_gdelt_final_train,0.22774434,0.2570423
AAPL_stock_gdelt_final_train,0.22802469,0.15801354
AAPL_stock_gdelt_final_train,0.48142436,0.5239935
AAPL_stock_gdelt_final_train,0.4797421,0.5024
MSFT_stock_gdelt_final_train,0.58078414,0.6206516
MSFT_stock_gdelt_final_train,0.29058793,0.35119653
MSFT_stock_gdelt_final_train,0.487525,0.5312044
MSFT_stock_gdelt_final_train,0.17954642,0.21477051
MSFT_stock_gdelt_final_train,0.29560143,0.34939152
MSFT_stock_gdelt_final_train,0.2666171,0.321411
MSFT_stock_gdelt_final_train,0.47130933,0.5092361
MSFT_stock_gdelt_final_train,0.69358814,0.8010969
AAPL_stock_gdelt_final_train,0.10984158,0.19458675
MSFT_stock_gdelt_final_train,0.31581217,0.3722843
AAPL_stock_gdelt_final_train,0.7031404,0.7070922
MSFT_stock_gdelt_final_train,0.22972071,0.2762964
AAPL_stock_gdelt_final_train,0.7744287,0.77668303
AAPL_stock_gdelt_final_train,0.5570588,0.5701465
MSFT_stock_gdelt_final_train,0.12992048,0.18041353
MSFT_stock_gdelt_final_train,0.26469776,0.35076052
MSFT_stock_gdelt_final_train,0.41240066,0.46416134
MSFT_stock_gdelt_final_train,0.9467314,0.9784401
MSFT_stock_gdelt_final_train,0.14061335,0.17201056
AAPL_stock_gdelt_final_train,0.21218286,0.28121758
MSFT_stock_gdelt_final_train,0.34040973,0.39114773
MSFT_stock_gdelt_final_train,0.74576,0.84637266
MSFT_stock_gdelt_final_train,0.08613061,0.09942356
AAPL_stock_gdelt_final_train,0.7091687,0.72208583
MSFT_stock_gdelt_final_train,0.09298502,0.11635373
AAPL_stock_gdelt_final_train,0.19206502,0.26682544
AAPL_stock_gdelt_final_train,0.5234824,0.54899716
MSFT_stock_gdelt_final_train,0.15655479,0.2073633
MSFT_stock_gdelt_final_train,0.18244483,0.23361422
MSFT_stock_gdelt_final_train,0.46754923,0.48215902
MSFT_stock_gdelt_final_train,0.85813326,0.89888555
AAPL_stock_gdelt_final_train,0.18947148,0.22060429
AAPL_stock_gdelt_final_train,0.8316277,0.83504957
MSFT_stock_gdelt_final_train,0.16058908,0.22498497
AAPL_stock_gdelt_final_train,0.41139778,0.4380982
MSFT_stock_gdelt_final_train,0.09004742,0.13652074
MSFT_stock_gdelt_final_train,0.115271606,0.16678822
MSFT_stock_gdelt_final_train,0.123536065,0.17014231
AAPL_stock_gdelt_final_train,0.8116501,0.82822466
MSFT_stock_gdelt_final_train,0.7292311,0.7834621
AAPL_stock_gdelt_final_train,0.49095753,0.49612772
AAPL_stock_gdelt_final_train,0.21505675,0.31326282
MSFT_stock_gdelt_final_train,0.13767575,0.19685826
MSFT_stock_gdelt_final_train,0.08432885,0.10700159
AAPL_stock_gdelt_final_train,0.39485493,0.44248736
MSFT_stock_gdelt_final_train,0.79464185,0.8438903
AAPL_stock_gdelt_final_train,0.17734477,0.18551095
AAPL_stock_gdelt_final_train,0.07556428,0.17343582
MSFT_stock_gdelt_final_train,0.40785715,0.49096555
MSFT_stock_gdelt_final_train,0.007833614,0.083106115
MSFT_stock_gdelt_final_train,0.8400768,0.89031357
MSFT_stock_gdelt_final_train,0.92209476,0.95912653
AAPL_stock_gdelt_final_train,0.2105005,0.2704694
MSFT_stock_gdelt_final_train,0.30390504,0.32723725
MSFT_stock_gdelt_final_train,0.41553405,0.47156173
MSFT_stock_gdelt_final_train,0.24507464,0.30699384
AAPL_stock_gdelt_final_train,0.06946584,0.15123352
MSFT_stock_gdelt_final_train,0.20120636,0.26909816
MSFT_stock_gdelt_final_train,0.25047985,0.25232926
MSFT_stock_gdelt_final_train,0.09227996,0.14911611
AAPL_stock_gdelt_final_train,0.10584612,0.1574149
MSFT_stock_gdelt_final_train,0.15530138,0.22831097
MSFT_stock_gdelt_final_train,0.80878145,0.860659
MSFT_stock_gdelt_final_train,0.56511694,0.6035994
AAPL_stock_gdelt_final_train,0.2894294,0.32214767
MSFT_stock_gdelt_final_train,0.21307428,0.24859707
MSFT_stock_gdelt_final_train,0.8025147,0.84038526
AAPL_stock_gdelt_final_train,0.16865274,0.33637083
MSFT_stock_gdelt_final_train,0.80650973,0.8575521
AAPL_stock_gdelt_final_train,0.51612234,0.5529855
AAPL_stock_gdelt_final_train,0.3022571,0.38772917
AAPL_stock_gdelt_final_train,0.81760836,0.81296164
MSFT_stock_gdelt_final_train,0.7971094,0.8462441
AAPL_stock_gdelt_final_train,0.024814252,0.059893936
AAPL_stock_gdelt_final_train,0.7781439,0.80202824
MSFT_stock_gdelt_final_train,0.12318357,0.17116846
AAPL_stock_gdelt_final_train,0.24148324,0.23917831
AAPL_stock_gdelt_final_train,0.738329,0.79198176
MSFT_stock_gdelt_final_train,0.3722534,0.41289568
MSFT_stock_gdelt_final_train,0.23246253,0.2752031
MSFT_stock_gdelt_final_train,0.52728057,0.61251163
AAPL_stock_gdelt_final_train,0.1321324,0.2790595
MSFT_stock_gdelt_final_train,0.45250872,0.49150127
MSFT_stock_gdelt_final_train,0.87344795,0.9230854
AAPL_stock_gdelt_final_train,0.14439933,0.16854136
MSFT_stock_gdelt_final_train,0.60193485,0.68528634
AAPL_stock_gdelt_final_train,0.035468932,0.15933606
MSFT_stock_gdelt_final_train,0.802397,0.85259277
AAPL_stock_gdelt_final_train,0.41160807,0.23800124
MSFT_stock_gdelt_final_train,0.31659546,0.371947
MSFT_stock_gdelt_final_train,0.12044182,0.15140957
MSFT_stock_gdelt_final_train,0.2775449,0.34991407
AAPL_stock_gdelt_final_train,0.47378382,0.48095167
AAPL_stock_gdelt_final_train,0.41111735,0.43958575
AAPL_stock_gdelt_final_train,0.47672787,0.4904511
AAPL_stock_gdelt_final_train,0.18750878,0.17863707
AAPL_stock_gdelt_final_train,0.119514965,0.55697227
MSFT_stock_gdelt_final_train,0.06599823,0.11744173
AAPL_stock_gdelt_final_train,0.12722553,0.17987561
AAPL_stock_gdelt_final_train,0.12869762,0.14779556
MSFT_stock_gdelt_final_train,0.29348633,0.34279913
AAPL_stock_gdelt_final_train,0.13724943,0.35357225
AAPL_stock_gdelt_final_train,0.7721155,0.7908238
AAPL_stock_gdelt_final_train,0.21358477,0.23591681
MSFT_stock_gdelt_final_train,0.09745018,0.12558076
MSFT_stock_gdelt_final_train,0.1372841,0.18892492
AAPL_stock_gdelt_final_train,0.40747237,0.4357097
MSFT_stock_gdelt_final_train,0.8982413,0.9336419
AAPL_stock_gdelt_final_train,0.22185613,0.2737013
AAPL_stock_gdelt_final_train,0.4266788,0.44047773
AAPL_stock_gdelt_final_train,0.2938455,0.34214377
MSFT_stock_gdelt_final_train,0.7269202,0.7711878
MSFT_stock_gdelt_final_train,0.7454075,0.7812912
MSFT_stock_gdelt_final_train,0.21374018,0.23857865
MSFT_stock_gdelt_final_train,0.41623905,0.45446032
MSFT_stock_gdelt_final_train,0.3319102,0.3806134
MSFT_stock_gdelt_final_train,0.86114913,0.9027791
AAPL_stock_gdelt_final_train,0.9139914,0.904008
AAPL_stock_gdelt_final_train,0.12666476,0.21213438
AAPL_stock_gdelt_final_train,0.36912945,0.37916476
MSFT_stock_gdelt_final_train,0.2211821,0.2542566
MSFT_stock_gdelt_final_train,0.21871449,0.3091877
AAPL_stock_gdelt_final_train,0.36541432,0.24534012
MSFT_stock_gdelt_final_train,0.9192747,0.97582686
MSFT_stock_gdelt_final_train,0.092044964,0.14393432
MSFT_stock_gdelt_final_train,0.3417414,0.44281894
AAPL_stock_gdelt_final_train,0.2271134,0.25036424
MSFT_stock_gdelt_final_train,0.7928401,0.88675594
MSFT_stock_gdelt_final_train,0.7597431,0.81965655
MSFT_stock_gdelt_final_train,0.39869183,0.4449302
MSFT_stock_gdelt_final_train,0.81453913,0.87005943
AAPL_stock_gdelt_final_train,0.7895697,0.8094636
MSFT_stock_gdelt_final_train,0.15369552,0.2010038
AAPL_stock_gdelt_final_train,0.3009954,0.34995842
AAPL_stock_gdelt_final_train,0.19528952,0.24066687
AAPL_stock_gdelt_final_train,0.5475957,0.5918508
MSFT_stock_gdelt_final_train,0.9396812,0.9693054
AAPL_stock_gdelt_final_train,0.3495724,0.37691772
AAPL_stock_gdelt_final_train,0.34487593,0.39895838
MSFT_stock_gdelt_final_train,0.30378756,0.34511244
MSFT_stock_gdelt_final_train,0.20668986,0.2609256
AAPL_stock_gdelt_final_train,0.473854,0.5131204
MSFT_stock_gdelt_final_train,0.34440482,0.4031325
MSFT_stock_gdelt_final_train,0.78880584,0.81902
MSFT_stock_gdelt_final_train,0.796091,0.8299826
AAPL_stock_gdelt_final_train,0.21162207,0.2525807
MSFT_stock_gdelt_final_train,0.34538403,0.36989665
MSFT_stock_gdelt_final_train,0.64701736,0.673748
AAPL_stock_gdelt_final_train,0.39401382,0.3917429
AAPL_stock_gdelt_final_train,0.096663356,0.540638
AAPL_stock_gdelt_final_train,0.32812282,0.42771935
MSFT_stock_gdelt_final_train,0.5433787,0.57531697
MSFT_stock_gdelt_final_train,0.52281547,0.5772544
AAPL_stock_gdelt_final_train,0.2287257,0.25622368
MSFT_stock_gdelt_final_train,0.93744856,0.9555732
MSFT_stock_gdelt_final_train,0.23888603,0.25461736
AAPL_stock_gdelt_final_train,0.41427177,0.43086302
AAPL_stock_gdelt_final_train,0.43803456,0.4535048
AAPL_stock_gdelt_final_train,0.08089165,0.16241693
AAPL_stock_gdelt_final_train,0.4467265,0.2978797
AAPL_stock_gdelt_final_train,0.20881814,0.2168062
MSFT_stock_gdelt_final_train,0.4378599,0.47089332
AAPL_stock_gdelt_final_train,0.78620505,0.81286997
AAPL_stock_gdelt_final_train,0.55733913,0.57939726
AAPL_stock_gdelt_final_train,0.4290622,0.3095209
MSFT_stock_gdelt_final_train,0.50949824,0.5824474
