Company,Target,Predicted
AAPL_stock_gdelt_final_train,175.7400043336177,150.52131556473026
MSFT_stock_gdelt_final_train,437.4200185129303,442.3371493653395
AAPL_stock_gdelt_final_train,168.82000832051762,169.97370946127808
AAPL_stock_gdelt_final_train,179.28999168389328,184.17466223973653
MSFT_stock_gdelt_final_train,289.39001637901316,304.5472487564403
MSFT_stock_gdelt_final_train,367.94000998629787,378.5235741361576
MSFT_stock_gdelt_final_train,222.30999764534386,236.97425672491954
MSFT_stock_gdelt_final_train,288.4899906035444,308.71061838892643
MSFT_stock_gdelt_final_train,409.7199936931975,415.5594518043145
AAPL_stock_gdelt_final_train,234.82000674095914,238.17582781803233
MSFT_stock_gdelt_final_train,294.1700132729039,312.0897001720951
MSFT_stock_gdelt_final_train,250.7899951561949,257.59616283640304
MSFT_stock_gdelt_final_train,342.54001299305315,347.81046751509353
AAPL_stock_gdelt_final_train,134.32000673051468,135.4306136641504
MSFT_stock_gdelt_final_train,402.0899950697131,415.18048637469843
MSFT_stock_gdelt_final_train,246.78999473101885,260.7339343533877
AAPL_stock_gdelt_final_train,172.99000634808215,174.07650246397867
AAPL_stock_gdelt_final_train,157.2200009710261,163.74485337617696
AAPL_stock_gdelt_final_train,141.99999944267614,144.3949761597096
MSFT_stock_gdelt_final_train,431.30999037657244,444.05254506417265
AAPL_stock_gdelt_final_train,148.78999431417665,154.95914944658975
MSFT_stock_gdelt_final_train,258.3599867351332,271.8284086687382
MSFT_stock_gdelt_final_train,287.1199977814213,297.9314007624344
AAPL_stock_gdelt_final_train,172.5500041194371,170.6114918222471
MSFT_stock_gdelt_final_train,247.78999293510515,264.4748502835001
AAPL_stock_gdelt_final_train,165.28999498218678,164.86802378475878
MSFT_stock_gdelt_final_train,430.51999590411293,439.2394421472273
AAPL_stock_gdelt_final_train,154.72999676549176,168.05719068554194
AAPL_stock_gdelt_final_train,126.59999796888025,129.31789319351927
MSFT_stock_gdelt_final_train,429.3699972085306,436.4494360489335
AAPL_stock_gdelt_final_train,186.67999345954522,192.21927420506702
MSFT_stock_gdelt_final_train,249.22000041060528,267.0734828725181
MSFT_stock_gdelt_final_train,440.3699926711416,452.48786234546066
AAPL_stock_gdelt_final_train,134.38999867850117,138.5244299549112
MSFT_stock_gdelt_final_train,419.1400154285512,428.91800222035823
MSFT_stock_gdelt_final_train,437.03000506091126,451.0092991158527
MSFT_stock_gdelt_final_train,313.39001132123855,334.3729374347641
AAPL_stock_gdelt_final_train,189.69999774064812,184.31953122292205
AAPL_stock_gdelt_final_train,185.2700059330824,191.67069039041576
AAPL_stock_gdelt_final_train,130.88999950307453,159.79611281042958
AAPL_stock_gdelt_final_train,142.64999452167655,152.54470890948753
AAPL_stock_gdelt_final_train,163.4299927115127,168.13880437930342
MSFT_stock_gdelt_final_train,255.9100040701342,266.6059049987526
MSFT_stock_gdelt_final_train,342.4500157416879,347.2787167618881
MSFT_stock_gdelt_final_train,304.82998530222,310.9944850586763
MSFT_stock_gdelt_final_train,304.3999950528833,319.5242888015346
MSFT_stock_gdelt_final_train,279.42999591780614,286.24964644629114
AAPL_stock_gdelt_final_train,147.11000049214647,154.54747987345763
MSFT_stock_gdelt_final_train,272.4999983198314,282.3139710771721
AAPL_stock_gdelt_final_train,123.38999929606084,126.00776617633886
MSFT_stock_gdelt_final_train,282.91000123344935,295.6191531535915
MSFT_stock_gdelt_final_train,336.33999521416087,349.04194157148237
AAPL_stock_gdelt_final_train,177.97000200435394,178.47557239226083
AAPL_stock_gdelt_final_train,186.88000568132662,195.82674742496906
MSFT_stock_gdelt_final_train,402.24999356495397,421.7498139768505
MSFT_stock_gdelt_final_train,430.16000689865183,439.59209623974317
MSFT_stock_gdelt_final_train,231.96000675546384,250.72855765144777
AAPL_stock_gdelt_final_train,252.1999991114625,257.3171811115873
AAPL_stock_gdelt_final_train,149.83999683034398,156.62390978952286
AAPL_stock_gdelt_final_train,178.9900073640129,176.45024669577327
MSFT_stock_gdelt_final_train,413.7200017272044,427.5319015033129
MSFT_stock_gdelt_final_train,235.77000516312592,239.86927800448075
MSFT_stock_gdelt_final_train,407.48001475982534,423.01371687034776
MSFT_stock_gdelt_final_train,329.0100127913302,336.6019748693653
AAPL_stock_gdelt_final_train,167.77999918772113,174.7647768142742
MSFT_stock_gdelt_final_train,423.0799897871039,426.52015526438487
MSFT_stock_gdelt_final_train,418.77999598776665,430.390919697471
MSFT_stock_gdelt_final_train,276.4399993092921,293.6140588287454
AAPL_stock_gdelt_final_train,192.35000237008987,196.04078142014205
MSFT_stock_gdelt_final_train,308.30999822669406,327.13970890509887
AAPL_stock_gdelt_final_train,179.80000499272018,179.9832489081776
AAPL_stock_gdelt_final_train,142.91999869144442,142.35758017375608
AAPL_stock_gdelt_final_train,226.77999500571045,228.8529896298107
AAPL_stock_gdelt_final_train,165.38000558390718,167.63704767566952
MSFT_stock_gdelt_final_train,255.35000553237572,274.74073433187374
AAPL_stock_gdelt_final_train,170.08999494461162,167.62134226908717
AAPL_stock_gdelt_final_train,170.39999178005814,154.5039520032383
AAPL_stock_gdelt_final_train,167.5700084631653,175.45122297701414
MSFT_stock_gdelt_final_train,332.88000112366905,347.6108574464161
AAPL_stock_gdelt_final_train,150.77000434307945,154.60553120574662
AAPL_stock_gdelt_final_train,147.8699950654084,143.06970599425384
MSFT_stock_gdelt_final_train,232.33999557283005,246.91686057229708
AAPL_stock_gdelt_final_train,165.35000630159934,156.70331265182176
MSFT_stock_gdelt_final_train,312.1400173705461,332.3074442105827
AAPL_stock_gdelt_final_train,228.67999206786266,230.96963116890137
MSFT_stock_gdelt_final_train,281.7799985453567,298.7711417710307
MSFT_stock_gdelt_final_train,337.94000299306214,349.62264754241556
MSFT_stock_gdelt_final_train,266.7300126388455,278.89129830202916
MSFT_stock_gdelt_final_train,304.8200101249677,314.7003965624354
AAPL_stock_gdelt_final_train,175.60000768284783,179.06022677254413
MSFT_stock_gdelt_final_train,236.41000294850483,249.82483778859842
AAPL_stock_gdelt_final_train,178.60999944838454,181.67833590653896
AAPL_stock_gdelt_final_train,194.02999619212005,197.00591139194003
AAPL_stock_gdelt_final_train,175.03999131857557,172.24793226446417
MSFT_stock_gdelt_final_train,459.54001591841376,473.79290831327677
AAPL_stock_gdelt_final_train,217.9600104336561,221.74721574826918
MSFT_stock_gdelt_final_train,264.8399980762816,274.1902962900859
AAPL_stock_gdelt_final_train,173.6600030744206,168.96955831416528
AAPL_stock_gdelt_final_train,149.63999948915895,147.08559843987808
MSFT_stock_gdelt_final_train,259.53000046028234,267.44618242992425
AAPL_stock_gdelt_final_train,149.4799948136526,152.18370989283852
AAPL_stock_gdelt_final_train,165.0200056930153,171.2956166119513
AAPL_stock_gdelt_final_train,189.59000037218607,194.46767279613042
MSFT_stock_gdelt_final_train,416.070004354755,426.0833779379246
MSFT_stock_gdelt_final_train,363.2000127162174,374.7982753313773
AAPL_stock_gdelt_final_train,143.24000591665765,132.09089764396242
AAPL_stock_gdelt_final_train,174.55000304088102,170.65649924890678
AAPL_stock_gdelt_final_train,127.12999698154906,140.80877156363763
AAPL_stock_gdelt_final_train,133.19000187659418,159.5901398468971
AAPL_stock_gdelt_final_train,145.47000146159442,154.23342276099805
AAPL_stock_gdelt_final_train,139.96000572975407,132.4096750941746
MSFT_stock_gdelt_final_train,420.68999514457397,442.4399446702046
MSFT_stock_gdelt_final_train,406.32000284283646,411.28312146893956
AAPL_stock_gdelt_final_train,125.34999811152791,128.80001867820326
MSFT_stock_gdelt_final_train,253.74000735856043,259.8847431768682
MSFT_stock_gdelt_final_train,259.42999379192594,272.76772644674753
AAPL_stock_gdelt_final_train,150.6999975144966,154.0870232021846
AAPL_stock_gdelt_final_train,171.66000415297665,158.02801735461497
AAPL_stock_gdelt_final_train,182.39999381191967,186.74915847153272
AAPL_stock_gdelt_final_train,148.78999431417665,155.02467083826295
AAPL_stock_gdelt_final_train,174.83000059401974,167.1963779459867
MSFT_stock_gdelt_final_train,422.9899925357386,439.3449614135389
MSFT_stock_gdelt_final_train,430.3200053938927,441.71549266673907
AAPL_stock_gdelt_final_train,160.25000076129933,163.14604117133516
AAPL_stock_gdelt_final_train,216.24000906535088,216.43309968401476
AAPL_stock_gdelt_final_train,176.27999991835657,162.63010963674682
AAPL_stock_gdelt_final_train,160.77000532769756,162.36341533677438
AAPL_stock_gdelt_final_train,173.1900015634677,151.2922197409403
MSFT_stock_gdelt_final_train,338.1499915070272,352.59483948672647
MSFT_stock_gdelt_final_train,338.04998864308624,356.9360122786566
MSFT_stock_gdelt_final_train,277.4200167235504,292.62912610975405
MSFT_stock_gdelt_final_train,302.64999439131685,322.43681229427244
AAPL_stock_gdelt_final_train,161.83999673640602,150.54891694522098
MSFT_stock_gdelt_final_train,417.8800082564522,434.28470845272756
AAPL_stock_gdelt_final_train,157.64999493570397,169.08373075281247
AAPL_stock_gdelt_final_train,148.36000034949882,153.40800883443816
AAPL_stock_gdelt_final_train,196.9400031047609,199.06516484818047
MSFT_stock_gdelt_final_train,298.7900116715537,307.0650413220283
AAPL_stock_gdelt_final_train,184.91999729976186,190.6940896046061
AAPL_stock_gdelt_final_train,155.3500074427807,157.17098003494203
AAPL_stock_gdelt_final_train,188.03999493695855,196.28173653997112
AAPL_stock_gdelt_final_train,169.24000677602515,149.510238562901
MSFT_stock_gdelt_final_train,296.30999695116594,306.04064920621755
MSFT_stock_gdelt_final_train,285.5899988552265,302.9827513911442
MSFT_stock_gdelt_final_train,313.880004810706,324.99299902036006
AAPL_stock_gdelt_final_train,149.3200071445421,152.81622877428697
AAPL_stock_gdelt_final_train,153.11999701724756,152.69201405888086
AAPL_stock_gdelt_final_train,172.14000117309985,163.20240887043337
MSFT_stock_gdelt_final_train,312.7900093552544,325.56927665173504
MSFT_stock_gdelt_final_train,443.5199877748965,460.7711247509215
AAPL_stock_gdelt_final_train,171.83000008605435,163.23522271125705
AAPL_stock_gdelt_final_train,213.07000837270883,210.58232979180917
MSFT_stock_gdelt_final_train,336.05999784748934,348.87698211852336
AAPL_stock_gdelt_final_train,168.83999508725927,173.49598914108878
AAPL_stock_gdelt_final_train,149.24000480678893,151.90552989825798
MSFT_stock_gdelt_final_train,280.5100085871746,288.34406083655637
MSFT_stock_gdelt_final_train,321.79999119577593,329.5325035973838
AAPL_stock_gdelt_final_train,166.64999220800115,172.9758230139298
MSFT_stock_gdelt_final_train,374.66000765706127,388.37659921786695
MSFT_stock_gdelt_final_train,449.519992217076,461.9644937823833
AAPL_stock_gdelt_final_train,186.0099924816078,187.490178158607
MSFT_stock_gdelt_final_train,240.61000149273195,253.4553115388353
MSFT_stock_gdelt_final_train,305.9399995916538,315.12501497718773
AAPL_stock_gdelt_final_train,178.72000106844555,181.10760976447003
MSFT_stock_gdelt_final_train,421.89999708028705,440.27046916354453
AAPL_stock_gdelt_final_train,251.0399928494347,250.8551588359638
AAPL_stock_gdelt_final_train,226.4900019434014,230.7016954020307
AAPL_stock_gdelt_final_train,189.9799995453858,191.63272361164465
MSFT_stock_gdelt_final_train,241.07000667758803,249.21210624859214
AAPL_stock_gdelt_final_train,173.75000092134408,168.867341371812
MSFT_stock_gdelt_final_train,428.01999278506634,443.218845467276
MSFT_stock_gdelt_final_train,304.10000928755295,312.6011353469149
AAPL_stock_gdelt_final_train,153.85000506299855,181.8603043423064
AAPL_stock_gdelt_final_train,243.03999716365897,245.58921338800016
AAPL_stock_gdelt_final_train,177.14999186008052,176.03928713966857
MSFT_stock_gdelt_final_train,299.72000102293356,314.26250834667013
MSFT_stock_gdelt_final_train,245.16999855345875,258.00414454248863
MSFT_stock_gdelt_final_train,431.95001479285935,437.4431645763944
MSFT_stock_gdelt_final_train,304.64999079948944,316.52468984848025
MSFT_stock_gdelt_final_train,270.22000074057183,293.2081124849138
AAPL_stock_gdelt_final_train,173.00000185725247,176.35498536932923
AAPL_stock_gdelt_final_train,174.55999855005132,152.8550288664555
MSFT_stock_gdelt_final_train,409.06000370474436,422.242074897913
AAPL_stock_gdelt_final_train,159.21999989247004,164.13661271134882
AAPL_stock_gdelt_final_train,151.00000096657232,150.9988062672627
MSFT_stock_gdelt_final_train,264.7900080575574,283.1202332300018
AAPL_stock_gdelt_final_train,227.57001011927503,235.41146367958888
AAPL_stock_gdelt_final_train,187.1499949704981,194.40663684136692
AAPL_stock_gdelt_final_train,169.80000188230258,170.97664465108642
AAPL_stock_gdelt_final_train,121.95999896181269,141.5458330120741
AAPL_stock_gdelt_final_train,182.7400069360699,187.41192322802908
MSFT_stock_gdelt_final_train,327.7600112318069,341.6395230789022
AAPL_stock_gdelt_final_train,172.0700070993139,184.6037506138345
AAPL_stock_gdelt_final_train,125.12000255093481,138.54383637839393
AAPL_stock_gdelt_final_train,165.33000252846182,169.71282284549392
AAPL_stock_gdelt_final_train,172.0700070993139,181.10124086921815
AAPL_stock_gdelt_final_train,184.1199951802249,185.96226403160958
MSFT_stock_gdelt_final_train,406.56000058569776,419.6538854292449
MSFT_stock_gdelt_final_train,352.7999887842671,362.1238653329238
MSFT_stock_gdelt_final_train,247.80999655142568,254.99169427411834
AAPL_stock_gdelt_final_train,185.9199988862833,190.23610736393158
AAPL_stock_gdelt_final_train,172.16999620380872,140.7917184001829
MSFT_stock_gdelt_final_train,249.89999401537898,259.13026292242927
MSFT_stock_gdelt_final_train,240.7400059767383,247.1835500938014
MSFT_stock_gdelt_final_train,314.00000368213665,325.1873285604234
AAPL_stock_gdelt_final_train,175.05999934331206,169.27427891529436
MSFT_stock_gdelt_final_train,237.9199982583791,253.19878361093924
MSFT_stock_gdelt_final_train,253.13000358441604,265.7520496089183
MSFT_stock_gdelt_final_train,277.66000685758087,288.4201491451168
MSFT_stock_gdelt_final_train,327.2900061409983,332.08768595779844
AAPL_stock_gdelt_final_train,148.49999912606816,157.6455350083881
MSFT_stock_gdelt_final_train,243.11999500669253,255.00859729186504
MSFT_stock_gdelt_final_train,425.2200039006894,428.0104817464963
MSFT_stock_gdelt_final_train,322.23001188043605,339.13293071233426
MSFT_stock_gdelt_final_train,299.86999390559873,318.3491048758188
MSFT_stock_gdelt_final_train,242.11999490039852,248.1092861087327
AAPL_stock_gdelt_final_train,154.49999801619944,136.4593135436959
MSFT_stock_gdelt_final_train,406.6600110584696,412.86508870988115
MSFT_stock_gdelt_final_train,359.489992443796,361.50193471641256
MSFT_stock_gdelt_final_train,246.22999619326038,259.39433120170366
MSFT_stock_gdelt_final_train,420.4500126193744,434.4812902067243
AAPL_stock_gdelt_final_train,168.88000688513327,173.53398993265162
MSFT_stock_gdelt_final_train,275.79000732458377,290.9831533836514
MSFT_stock_gdelt_final_train,248.16000277080366,258.4778208941853
AAPL_stock_gdelt_final_train,146.14000031373234,164.70305324165952
AAPL_stock_gdelt_final_train,148.97000063702106,138.4674989189499
MSFT_stock_gdelt_final_train,252.17999159463852,264.24702667000844
AAPL_stock_gdelt_final_train,191.44999839126118,194.64052580371362
AAPL_stock_gdelt_final_train,187.86999900388085,191.18343163925772
AAPL_stock_gdelt_final_train,150.16999743892805,150.4217367395357
MSFT_stock_gdelt_final_train,425.51998966601974,430.35216031309034
MSFT_stock_gdelt_final_train,261.5499890715292,272.60375994621523
AAPL_stock_gdelt_final_train,127.09999876214097,129.6614170755161
MSFT_stock_gdelt_final_train,430.5899971479885,438.43517350808185
MSFT_stock_gdelt_final_train,272.1700147388511,282.98569388280526
MSFT_stock_gdelt_final_train,334.29000878726407,345.7552614302295
MSFT_stock_gdelt_final_train,335.0499864219965,350.81240998805157
MSFT_stock_gdelt_final_train,328.6499933505457,344.1200019379722
MSFT_stock_gdelt_final_train,230.72000129747767,248.06907343765852
MSFT_stock_gdelt_final_train,314.9800134875641,325.79755679507804
AAPL_stock_gdelt_final_train,189.95000026307795,192.7593463185873
MSFT_stock_gdelt_final_train,334.92001237331357,339.12446969242234
MSFT_stock_gdelt_final_train,437.10998909087,449.11486762697683
MSFT_stock_gdelt_final_train,377.85000999345726,385.48801310700225
MSFT_stock_gdelt_final_train,382.7699865486066,388.8648426762375
MSFT_stock_gdelt_final_train,442.93999703406377,448.0476986640934
MSFT_stock_gdelt_final_train,426.99999857349036,443.6761057664008
MSFT_stock_gdelt_final_train,330.07998941279953,344.21228183859427
AAPL_stock_gdelt_final_train,130.05999810122975,139.39806339115
AAPL_stock_gdelt_final_train,193.2199985634128,199.89772146100415
AAPL_stock_gdelt_final_train,162.50999346274446,161.7641439592442
AAPL_stock_gdelt_final_train,187.42999252363683,189.3651247996484
AAPL_stock_gdelt_final_train,165.75000098396936,161.18931077257358
AAPL_stock_gdelt_final_train,149.14999420506854,158.6478664711432
AAPL_stock_gdelt_final_train,150.4299933447287,157.31270283489232
AAPL_stock_gdelt_final_train,130.47999549383758,159.31742528278807
AAPL_stock_gdelt_final_train,220.1100015150402,223.62611637634947
MSFT_stock_gdelt_final_train,280.5700042184745,291.1163535766173
MSFT_stock_gdelt_final_train,216.44000244269,224.07025120648882
AAPL_stock_gdelt_final_train,150.8200073985248,146.03847425621112
MSFT_stock_gdelt_final_train,338.36999324239883,344.1744050785929
MSFT_stock_gdelt_final_train,245.38000608950097,264.8819531696218
AAPL_stock_gdelt_final_train,148.02999974091475,145.82076475373154
AAPL_stock_gdelt_final_train,145.4299917895199,134.5759083465106
AAPL_stock_gdelt_final_train,150.44000160869592,146.7975441066978
AAPL_stock_gdelt_final_train,216.32000715150508,224.9696556625644
MSFT_stock_gdelt_final_train,296.9700021572808,314.2412949262435
MSFT_stock_gdelt_final_train,339.3999930665505,356.5146656611724
AAPL_stock_gdelt_final_train,130.02999881892194,135.0165802019929
AAPL_stock_gdelt_final_train,151.60000574492423,181.3395344880942
AAPL_stock_gdelt_final_train,129.92999270803125,134.9896101839487
AAPL_stock_gdelt_final_train,182.52000369594788,188.47601341737197
MSFT_stock_gdelt_final_train,426.99999857349036,433.8945276064297
MSFT_stock_gdelt_final_train,238.94999618032307,254.12229404284517
AAPL_stock_gdelt_final_train,171.55999804208594,178.91441393438802
MSFT_stock_gdelt_final_train,423.04001298978625,427.0242403085977
AAPL_stock_gdelt_final_train,218.24000373519584,221.90943125523813
MSFT_stock_gdelt_final_train,335.9399989760587,348.8578991707364
MSFT_stock_gdelt_final_train,416.54000183673276,430.5059804376761
AAPL_stock_gdelt_final_train,227.17999393967943,229.47271970156785
MSFT_stock_gdelt_final_train,369.8500091431052,390.8281949550074
MSFT_stock_gdelt_final_train,308.26000820796986,312.60626369891185
AAPL_stock_gdelt_final_train,147.27000516765284,146.5715439862335
MSFT_stock_gdelt_final_train,253.91999805687556,261.76539126864833
MSFT_stock_gdelt_final_train,247.58000061672465,256.6089322504932
AAPL_stock_gdelt_final_train,125.99999956792675,134.54323268265333
MSFT_stock_gdelt_final_train,370.86998813701945,390.0422331629016
MSFT_stock_gdelt_final_train,424.51999146193344,434.76455176183305
MSFT_stock_gdelt_final_train,291.6000089099817,297.76408257191
MSFT_stock_gdelt_final_train,237.4499969719859,250.261520004673
MSFT_stock_gdelt_final_train,303.58999696410325,314.2217858839286
MSFT_stock_gdelt_final_train,257.8900158840634,269.07933427603444
MSFT_stock_gdelt_final_train,264.57998530385345,287.9874958049805
AAPL_stock_gdelt_final_train,255.27000219641178,255.44776154920237
MSFT_stock_gdelt_final_train,220.1000060654792,239.5589746645096
AAPL_stock_gdelt_final_train,172.27999782386973,174.97976316761572
MSFT_stock_gdelt_final_train,399.11999446868873,419.57944062814937
MSFT_stock_gdelt_final_train,428.73998601365025,439.15451237721214
AAPL_stock_gdelt_final_train,148.55999769068382,150.57441165842377
MSFT_stock_gdelt_final_train,252.570008851073,264.7265275817254
AAPL_stock_gdelt_final_train,156.77000323321073,171.86009290353945
AAPL_stock_gdelt_final_train,158.92999407536414,162.72788790977907
AAPL_stock_gdelt_final_train,167.22999533901506,168.7058571398653
AAPL_stock_gdelt_final_train,145.92999258278064,148.08929254010195
MSFT_stock_gdelt_final_train,368.79999048497126,383.2347491549554
AAPL_stock_gdelt_final_train,142.94000246458194,151.1691827184479
AAPL_stock_gdelt_final_train,231.41000328665652,233.36266915680608
MSFT_stock_gdelt_final_train,339.3200090365918,356.0301505299213
AAPL_stock_gdelt_final_train,143.85999958755073,148.2323928581174
MSFT_stock_gdelt_final_train,424.1400216666444,437.16634009218984
AAPL_stock_gdelt_final_train,189.71999726218667,191.92418772719608
AAPL_stock_gdelt_final_train,194.35000554313277,198.72484986050364
MSFT_stock_gdelt_final_train,284.9100052504528,300.3552090492886
AAPL_stock_gdelt_final_train,131.88000451752595,147.99819565484563
MSFT_stock_gdelt_final_train,309.1600035481152,324.12155962241746
AAPL_stock_gdelt_final_train,131.55999729231272,135.58857332055385
AAPL_stock_gdelt_final_train,175.53000085426496,152.2065239728929
AAPL_stock_gdelt_final_train,192.46000824174982,167.02791258853696
AAPL_stock_gdelt_final_train,159.69000140342294,164.38550131484945
AAPL_stock_gdelt_final_train,209.07001052982096,212.77413960062808
MSFT_stock_gdelt_final_train,366.67998759653716,381.2872384620278
AAPL_stock_gdelt_final_train,162.94999569138952,172.61243885026056
MSFT_stock_gdelt_final_train,333.999998199186,346.4382300878679
AAPL_stock_gdelt_final_train,138.3800052638177,165.48198018511937
MSFT_stock_gdelt_final_train,413.1199997612203,424.01872168513734
AAPL_stock_gdelt_final_train,182.32000848056236,186.04472804516436
AAPL_stock_gdelt_final_train,224.30999457331362,229.0150095632272
AAPL_stock_gdelt_final_train,182.8899990960101,185.63836871914145
AAPL_stock_gdelt_final_train,132.2299961444506,140.12119022397366
MSFT_stock_gdelt_final_train,277.66000685758087,285.7139923628566
MSFT_stock_gdelt_final_train,250.77999715245005,257.5855104732046
MSFT_stock_gdelt_final_train,240.97000191143934,254.67413210951054
MSFT_stock_gdelt_final_train,258.3500077534655,275.72935733383025
MSFT_stock_gdelt_final_train,253.80999718918974,262.5093713365059
MSFT_stock_gdelt_final_train,264.8900147259138,278.53302128351066
MSFT_stock_gdelt_final_train,284.47000177970955,291.34994468389783
AAPL_stock_gdelt_final_train,232.8699938685647,233.24940656033775
AAPL_stock_gdelt_final_train,139.22999555820363,142.20796002872547
MSFT_stock_gdelt_final_train,275.2300125912407,290.32690693997944
AAPL_stock_gdelt_final_train,148.47999535293064,158.6857057019453
MSFT_stock_gdelt_final_train,272.2900098058663,285.0988336058072
MSFT_stock_gdelt_final_train,336.4400056869327,347.62033804966273
MSFT_stock_gdelt_final_train,343.7699957185942,360.4460724761812
MSFT_stock_gdelt_final_train,257.23998965961624,265.75963180886635
AAPL_stock_gdelt_final_train,160.6199961613615,160.5571745350321
MSFT_stock_gdelt_final_train,228.16999769756444,243.81276383847353
AAPL_stock_gdelt_final_train,127.4499967664641,141.17688988275611
MSFT_stock_gdelt_final_train,453.5499942623174,460.96157378724826
AAPL_stock_gdelt_final_train,175.7400043336177,178.77745292528027
AAPL_stock_gdelt_final_train,172.74999933482263,175.54438401356873
MSFT_stock_gdelt_final_train,333.13000447910605,343.2938959542699
AAPL_stock_gdelt_final_train,175.83999768971148,177.29376393073267
MSFT_stock_gdelt_final_train,414.01000470645164,419.82333409240897
AAPL_stock_gdelt_final_train,164.5099923841884,168.98744053941851
MSFT_stock_gdelt_final_train,262.63000554531305,271.8073131851898
MSFT_stock_gdelt_final_train,285.2999882671484,295.02211863164126
AAPL_stock_gdelt_final_train,178.44000351530684,172.08018967883874
AAPL_stock_gdelt_final_train,150.47000089100374,181.16579714792593
MSFT_stock_gdelt_final_train,287.23001386676884,300.36109828437117
AAPL_stock_gdelt_final_train,166.2299937524936,171.8444895353323
AAPL_stock_gdelt_final_train,179.30000419945947,170.47855282576168
MSFT_stock_gdelt_final_train,429.040002214304,436.84072778453634
AAPL_stock_gdelt_final_train,146.1000055222542,174.7707205496294
MSFT_stock_gdelt_final_train,334.75000065666615,353.627860016728
MSFT_stock_gdelt_final_train,247.1799929653762,264.2147119653628
MSFT_stock_gdelt_final_train,259.89001609665144,269.62659943535533
MSFT_stock_gdelt_final_train,425.2699939194136,430.23883438632043
MSFT_stock_gdelt_final_train,254.08000035653185,279.4878686852972
AAPL_stock_gdelt_final_train,193.60000647904116,198.55148666104444
MSFT_stock_gdelt_final_train,301.82998308113025,316.2302280943514
MSFT_stock_gdelt_final_train,300.209994512401,312.91160608116485
MSFT_stock_gdelt_final_train,245.71000488814298,259.9040125410111
AAPL_stock_gdelt_final_train,186.8600019081891,188.75462069764865
MSFT_stock_gdelt_final_train,321.17999322230213,332.4438553301698
MSFT_stock_gdelt_final_train,229.24999990479046,247.58216152468776
AAPL_stock_gdelt_final_train,164.77000317058545,149.27169197388648
AAPL_stock_gdelt_final_train,154.0899950698622,159.36119124254952
MSFT_stock_gdelt_final_train,426.28000534490644,437.20726038453364
MSFT_stock_gdelt_final_train,251.75999554463124,257.8992225693992
AAPL_stock_gdelt_final_train,157.35000636422464,160.90617979099653
MSFT_stock_gdelt_final_train,446.0199908939431,451.83073327740937
AAPL_stock_gdelt_final_train,152.36999370155698,155.28206263969662
MSFT_stock_gdelt_final_train,224.97000116183904,234.55469606789075
MSFT_stock_gdelt_final_train,424.82999044867034,443.0260529110456
MSFT_stock_gdelt_final_train,406.0199866421827,416.92980224148783
MSFT_stock_gdelt_final_train,410.3399916666713,425.987689281079
AAPL_stock_gdelt_final_train,181.71000606724064,188.76751154571514
AAPL_stock_gdelt_final_train,135.39000026502262,145.42050222062662
MSFT_stock_gdelt_final_train,268.39999503071436,276.9805458709671
AAPL_stock_gdelt_final_train,237.32999771323514,238.59983978296427
AAPL_stock_gdelt_final_train,176.64999531841875,173.6357391991186
AAPL_stock_gdelt_final_train,258.2000086305912,256.2537626748811
MSFT_stock_gdelt_final_train,257.3800035606137,269.38247770617005
MSFT_stock_gdelt_final_train,370.9500178199633,382.1930849931014
MSFT_stock_gdelt_final_train,274.73000968478215,289.07711081888925
MSFT_stock_gdelt_final_train,369.67001464037463,385.05047489745635
AAPL_stock_gdelt_final_train,136.72000033432863,143.5233260943887
MSFT_stock_gdelt_final_train,427.9899835561701,429.3959433217497
MSFT_stock_gdelt_final_train,367.75000226216076,378.59667978302247
MSFT_stock_gdelt_final_train,287.92999587020137,304.2279061254122
MSFT_stock_gdelt_final_train,431.2000123353792,441.31747472465946
AAPL_stock_gdelt_final_train,196.88999579771658,199.76888950912038
MSFT_stock_gdelt_final_train,244.49000494868505,256.42275176827667
AAPL_stock_gdelt_final_train,190.6400007625539,196.31033279462
AAPL_stock_gdelt_final_train,145.52000451703978,138.13030885651344
MSFT_stock_gdelt_final_train,288.29999048823817,296.4811423836109
AAPL_stock_gdelt_final_train,214.28999619295644,220.03598968023087
AAPL_stock_gdelt_final_train,123.98999769701432,158.83407800267923
MSFT_stock_gdelt_final_train,301.8800035351779,317.2327524302819
AAPL_stock_gdelt_final_train,122.15000132527726,124.18741112892742
AAPL_stock_gdelt_final_train,170.2899944115961,173.17555463017942
MSFT_stock_gdelt_final_train,456.73001381263026,455.98847237506203
MSFT_stock_gdelt_final_train,312.3099986518701,321.23347569438926
AAPL_stock_gdelt_final_train,225.00000357598748,231.8914373472304
AAPL_stock_gdelt_final_train,149.69999592797515,151.96695062272795
AAPL_stock_gdelt_final_train,179.58000175259818,171.91451337031103
AAPL_stock_gdelt_final_train,143.96000569844142,145.56590052788346
MSFT_stock_gdelt_final_train,329.9100005226447,348.16089982899945
MSFT_stock_gdelt_final_train,398.8999927333171,409.393696590767
AAPL_stock_gdelt_final_train,141.8600006661068,146.65091070994117
MSFT_stock_gdelt_final_train,328.6000033318215,348.997140775402
AAPL_stock_gdelt_final_train,194.17000134608784,199.30935968642206
AAPL_stock_gdelt_final_train,130.36000049040572,128.66476256028105
AAPL_stock_gdelt_final_train,120.52999889328947,133.4648656239808
MSFT_stock_gdelt_final_train,289.6300065130436,296.4094824146087
AAPL_stock_gdelt_final_train,156.8099980246889,165.14074685206575
AAPL_stock_gdelt_final_train,155.08999665638365,149.78160962173664
AAPL_stock_gdelt_final_train,178.6699980130002,180.18195163747728
MSFT_stock_gdelt_final_train,414.7399959387804,426.22021515203966
MSFT_stock_gdelt_final_train,277.6499936361743,284.17331063813987
MSFT_stock_gdelt_final_train,317.0100115158021,333.09448645667004
AAPL_stock_gdelt_final_train,169.71000828697805,173.93561297742582
MSFT_stock_gdelt_final_train,311.209989975012,317.366576547378
AAPL_stock_gdelt_final_train,171.1399995865784,174.65873343285105
AAPL_stock_gdelt_final_train,246.49000816423663,249.95511234114545
MSFT_stock_gdelt_final_train,295.36999437837954,288.2437307928886
AAPL_stock_gdelt_final_train,155.96000560450346,160.01008728321705
AAPL_stock_gdelt_final_train,133.4900053286699,177.8290742534104
AAPL_stock_gdelt_final_train,188.0599944584971,188.34893312426243
MSFT_stock_gdelt_final_train,290.7300075810709,312.0620192454408
AAPL_stock_gdelt_final_train,160.240005252129,161.20858752228781
AAPL_stock_gdelt_final_train,130.72999589046793,174.97992472837646
MSFT_stock_gdelt_final_train,337.22000215564736,355.68081388765864
AAPL_stock_gdelt_final_train,189.770004569231,197.1591815346834
AAPL_stock_gdelt_final_train,140.08999624235622,161.32487725722032
AAPL_stock_gdelt_final_train,145.11000157070254,135.67073334478255
MSFT_stock_gdelt_final_train,288.76001279296366,295.30378233227026
AAPL_stock_gdelt_final_train,236.47999253825284,238.22717863035007
MSFT_stock_gdelt_final_train,244.97000043440767,264.57340366516297
AAPL_stock_gdelt_final_train,120.9899977204988,129.89906551424897
MSFT_stock_gdelt_final_train,230.35000667944087,241.76264425703675
MSFT_stock_gdelt_final_train,262.9700023476999,279.6589608559262
AAPL_stock_gdelt_final_train,172.69000077020695,180.04289884167798
MSFT_stock_gdelt_final_train,232.89999411058852,249.36945306627968
MSFT_stock_gdelt_final_train,308.6499912246655,324.07344137608385
MSFT_stock_gdelt_final_train,323.17001445322245,324.70022642668124
AAPL_stock_gdelt_final_train,228.19999504773943,231.91790780239603
AAPL_stock_gdelt_final_train,133.47999600180296,137.93241818261635
MSFT_stock_gdelt_final_train,260.3599869477212,276.2036994582268
MSFT_stock_gdelt_final_train,316.48001079369357,331.91207414164097
MSFT_stock_gdelt_final_train,268.75000125009234,281.62001526777755
MSFT_stock_gdelt_final_train,403.9299929826448,417.87468207485296
MSFT_stock_gdelt_final_train,327.73000961174154,344.7761418580122
AAPL_stock_gdelt_final_train,180.1900041659199,184.22063903096057
AAPL_stock_gdelt_final_train,151.75999553983422,155.3308794990303
MSFT_stock_gdelt_final_train,276.3800036779922,289.6772801791522
AAPL_stock_gdelt_final_train,151.21000657172453,170.51441081144537
AAPL_stock_gdelt_final_train,139.1399998370796,139.58282725323792
MSFT_stock_gdelt_final_train,299.35000640489676,312.6027788543798
MSFT_stock_gdelt_final_train,416.05999113334843,429.52352819754384
MSFT_stock_gdelt_final_train,323.3800029671875,347.19526310505904
AAPL_stock_gdelt_final_train,145.39999463301157,150.09304774923282
MSFT_stock_gdelt_final_train,409.5400144081287,429.5023147771172
AAPL_stock_gdelt_final_train,132.05000257640313,150.12392286092776
AAPL_stock_gdelt_final_train,150.02000527898787,150.54486091980692
MSFT_stock_gdelt_final_train,417.0000013149657,427.6393077596768
MSFT_stock_gdelt_final_train,294.2999873215868,314.16356311021815
AAPL_stock_gdelt_final_train,171.83999559522465,175.4749554024453
AAPL_stock_gdelt_final_train,189.7899955875716,194.57290837374995
AAPL_stock_gdelt_final_train,218.79999884147327,221.8843978405232
AAPL_stock_gdelt_final_train,146.05999797597917,153.73002494016308
MSFT_stock_gdelt_final_train,258.0599971653874,273.80780797178346
MSFT_stock_gdelt_final_train,331.829990074366,351.844060928499
MSFT_stock_gdelt_final_train,337.7699912764147,363.25450716280835
AAPL_stock_gdelt_final_train,196.4499978206705,201.23351433390206
MSFT_stock_gdelt_final_train,256.72000215891427,264.2406542741665
AAPL_stock_gdelt_final_train,138.33999559174316,170.305886888533
MSFT_stock_gdelt_final_train,233.86999449902487,247.87548575860365
AAPL_stock_gdelt_final_train,176.38000602924726,185.24223874023198
AAPL_stock_gdelt_final_train,235.85999886735976,238.79043896463378
AAPL_stock_gdelt_final_train,129.7400057566129,129.31641257417917
MSFT_stock_gdelt_final_train,278.9100008082733,302.26386905186524
AAPL_stock_gdelt_final_train,173.92999236359208,179.4011369840763
AAPL_stock_gdelt_final_train,190.53999465166322,177.17047606390125
MSFT_stock_gdelt_final_train,445.70000912112306,455.79158626783106
AAPL_stock_gdelt_final_train,222.66000003359125,221.95112243470393
AAPL_stock_gdelt_final_train,148.71000685701986,175.90535326902497
MSFT_stock_gdelt_final_train,320.39999675358746,337.6744243608628
AAPL_stock_gdelt_final_train,194.27000745697853,192.57149366985016
AAPL_stock_gdelt_final_train,221.55000107860778,224.62923863651235
MSFT_stock_gdelt_final_train,232.4199986248659,245.28959796126946
MSFT_stock_gdelt_final_train,375.2800056305351,388.1127249637794
AAPL_stock_gdelt_final_train,127.84999888913232,127.85037196694162
MSFT_stock_gdelt_final_train,335.95001219746524,351.48790677378935
AAPL_stock_gdelt_final_train,142.91000318227412,151.92050402981812
AAPL_stock_gdelt_final_train,189.36999713206407,195.14965477995548
MSFT_stock_gdelt_final_train,329.82001088011026,340.6776907703898
AAPL_stock_gdelt_final_train,220.82001003925265,226.65600137345058
MSFT_stock_gdelt_final_train,265.8999957160832,274.2924904973134
AAPL_stock_gdelt_final_train,189.839994391418,195.0811615206047
AAPL_stock_gdelt_final_train,194.71000543402465,190.27312178453417
MSFT_stock_gdelt_final_train,409.1400181700265,415.4430823452022
MSFT_stock_gdelt_final_train,411.8399965816316,429.6599697524544
AAPL_stock_gdelt_final_train,174.77999753857438,176.31627030914
MSFT_stock_gdelt_final_train,236.47999658354956,250.80063610614707
AAPL_stock_gdelt_final_train,148.27999801174562,155.03061457361815
MSFT_stock_gdelt_final_train,408.39001571254636,422.5133601532544
AAPL_stock_gdelt_final_train,138.88000393127894,158.532427056004
AAPL_stock_gdelt_final_train,224.2299964871594,231.0316534946251
MSFT_stock_gdelt_final_train,231.3200070678772,261.4439676223811
MSFT_stock_gdelt_final_train,262.8500072806847,271.3097641266823
AAPL_stock_gdelt_final_train,183.78999457164085,188.06949253058832
MSFT_stock_gdelt_final_train,341.9500090308139,354.86286457063403
MSFT_stock_gdelt_final_train,328.7900110559586,341.933513085518
MSFT_stock_gdelt_final_train,372.5199935434758,381.6639821130339
MSFT_stock_gdelt_final_train,418.46999700102975,435.18017653851354
MSFT_stock_gdelt_final_train,275.8500067602991,292.9547840703927
AAPL_stock_gdelt_final_train,143.7500000932892,148.7837380862974
AAPL_stock_gdelt_final_train,152.33999441924917,152.73602661138239
AAPL_stock_gdelt_final_train,160.0099937480398,163.6165826353568
MSFT_stock_gdelt_final_train,255.13999799633348,252.202350144109
AAPL_stock_gdelt_final_train,171.10000479510026,178.0326323087299
AAPL_stock_gdelt_final_train,135.13000435922194,141.3330681191926
AAPL_stock_gdelt_final_train,185.55999899539142,185.75908011699914
AAPL_stock_gdelt_final_train,226.80000303044693,229.32438141362567
AAPL_stock_gdelt_final_train,143.16000357890448,146.86719805256644
AAPL_stock_gdelt_final_train,164.89999580898706,166.80266287529025
MSFT_stock_gdelt_final_train,441.05999188849097,442.844369247865
MSFT_stock_gdelt_final_train,404.5199817272224,418.25139529053564
AAPL_stock_gdelt_final_train,121.2600018902667,124.86297000961382
AAPL_stock_gdelt_final_train,153.83999679903133,148.0556538890788
AAPL_stock_gdelt_final_train,194.83000256325596,199.83149005230356
MSFT_stock_gdelt_final_train,254.69000413067624,265.6901251389964
AAPL_stock_gdelt_final_train,124.97000135634683,150.1145693432014
MSFT_stock_gdelt_final_train,295.7099949851818,308.9010674252532
MSFT_stock_gdelt_final_train,374.36998946015234,385.4087899601291
AAPL_stock_gdelt_final_train,220.27000619054658,222.00889316146112
MSFT_stock_gdelt_final_train,248.88000360821843,252.2131014221086
AAPL_stock_gdelt_final_train,144.57000811176317,133.6728357761278
AAPL_stock_gdelt_final_train,159.58999529253225,155.4890729933769
AAPL_stock_gdelt_final_train,177.78999355571008,188.4378170522567
MSFT_stock_gdelt_final_train,414.92002087683437,425.97683908827827
MSFT_stock_gdelt_final_train,343.1099905124793,355.3310663685298
MSFT_stock_gdelt_final_train,329.05999520122356,345.1977471757455
MSFT_stock_gdelt_final_train,432.6799908075264,438.88686414302
MSFT_stock_gdelt_final_train,239.2299954492023,250.04722108802798
AAPL_stock_gdelt_final_train,187.6799907944677,187.8169475519765
AAPL_stock_gdelt_final_train,184.3999927333636,192.13038177387483
AAPL_stock_gdelt_final_train,155.85000398444248,161.3782178178544
MSFT_stock_gdelt_final_train,378.85000819754356,396.2260821762248
MSFT_stock_gdelt_final_train,346.07000832742057,353.39912334353363
MSFT_stock_gdelt_final_train,418.39999575715416,440.40750420726187
MSFT_stock_gdelt_final_train,259.6199939072322,272.3541294234902
AAPL_stock_gdelt_final_train,183.3800043801005,177.6633214161013
MSFT_stock_gdelt_final_train,337.20001375698854,346.4851765742497
AAPL_stock_gdelt_final_train,222.00999857719242,226.83046148544315
AAPL_stock_gdelt_final_train,225.88999929084898,229.68176231955417
AAPL_stock_gdelt_final_train,148.83999524382253,152.321721046891
AAPL_stock_gdelt_final_train,143.0000010291976,149.00892189976014
AAPL_stock_gdelt_final_train,181.82000768730163,178.64979441471127
MSFT_stock_gdelt_final_train,238.72999634715916,250.2168789940406
MSFT_stock_gdelt_final_train,304.20999493757705,315.9525970740761
AAPL_stock_gdelt_final_train,126.84999836551061,130.46274037943192
AAPL_stock_gdelt_final_train,173.55999696352987,158.31541694155442
MSFT_stock_gdelt_final_train,232.13000515665726,246.45445670351364
MSFT_stock_gdelt_final_train,297.30999515525224,304.9926392794296
AAPL_stock_gdelt_final_train,151.02999812308065,149.80269117521217
MSFT_stock_gdelt_final_train,314.97000026615757,321.97978026007337
AAPL_stock_gdelt_final_train,166.8899992212607,175.77811141515468
AAPL_stock_gdelt_final_train,249.78999724368134,250.7325937409567
AAPL_stock_gdelt_final_train,147.91999812085373,142.0336402194988
AAPL_stock_gdelt_final_train,123.54000102209869,132.38042303038515
AAPL_stock_gdelt_final_train,174.21000692312666,181.0990130313597
MSFT_stock_gdelt_final_train,370.2699861710353,381.0226946308249
AAPL_stock_gdelt_final_train,141.50000077521491,147.36762187992434
MSFT_stock_gdelt_final_train,270.4100046602935,283.61879426301317
MSFT_stock_gdelt_final_train,285.7600105718739,298.18364872297394
AAPL_stock_gdelt_final_train,168.82000832051762,173.7805061439289
MSFT_stock_gdelt_final_train,399.04001043873,422.5295973983012
MSFT_stock_gdelt_final_train,277.3200062507786,290.5593262873081
AAPL_stock_gdelt_final_train,129.61999480968495,182.61609408419042
MSFT_stock_gdelt_final_train,321.85998682707583,338.83137752784756
AAPL_stock_gdelt_final_train,189.9699997846165,196.51185008243556
MSFT_stock_gdelt_final_train,281.76998532395015,296.41394118949034
MSFT_stock_gdelt_final_train,337.30999940701264,345.19893415335906
AAPL_stock_gdelt_final_train,230.57000637564144,234.46185204401874
AAPL_stock_gdelt_final_train,152.55000215020087,160.0019157100034
MSFT_stock_gdelt_final_train,336.0700110688959,351.97293930553866
AAPL_stock_gdelt_final_train,165.11999479751012,168.46059089868416
AAPL_stock_gdelt_final_train,126.11000012508802,132.4388920822726
AAPL_stock_gdelt_final_train,193.72999486584382,195.77344087712672
MSFT_stock_gdelt_final_train,424.010017182638,427.5217056699658
MSFT_stock_gdelt_final_train,304.3599878202422,309.02506093288326
MSFT_stock_gdelt_final_train,423.0299997683797,430.26972623959597
AAPL_stock_gdelt_final_train,170.0300006315949,171.83378400913455
MSFT_stock_gdelt_final_train,327.26001212976377,332.52082626310954
AAPL_stock_gdelt_final_train,144.86999455744302,152.86813229447037
MSFT_stock_gdelt_final_train,406.3500120717327,442.034211373637
AAPL_stock_gdelt_final_train,150.5899958944356,163.13617746173279
AAPL_stock_gdelt_final_train,182.6300053160089,185.38294965962825
MSFT_stock_gdelt_final_train,338.700011063118,349.9610426859072
AAPL_stock_gdelt_final_train,168.44999591405957,174.22189864543603
AAPL_stock_gdelt_final_train,190.67999130243308,174.82518353239067
MSFT_stock_gdelt_final_train,303.6799942154685,316.638183169529
MSFT_stock_gdelt_final_train,332.6400109896386,341.13782720757814
MSFT_stock_gdelt_final_train,300.4700034804137,307.43839143447263
MSFT_stock_gdelt_final_train,235.77000516312592,243.0027410209932
MSFT_stock_gdelt_final_train,307.41000288654874,320.7699152833157
AAPL_stock_gdelt_final_train,126.04000073680335,133.8377404194431
AAPL_stock_gdelt_final_train,181.16000221853454,186.83739615648406
AAPL_stock_gdelt_final_train,228.02999911466173,229.7559527215201
AAPL_stock_gdelt_final_train,145.36999535070373,150.03917573872795
MSFT_stock_gdelt_final_train,247.64999425176939,257.66441404918174
AAPL_stock_gdelt_final_train,197.9600042128209,195.16948423753539
AAPL_stock_gdelt_final_train,179.46000462336684,181.01690615211808
MSFT_stock_gdelt_final_train,376.04000609176006,389.1749329689447
MSFT_stock_gdelt_final_train,404.86998794660036,416.21437431141754
AAPL_stock_gdelt_final_train,142.83000084452092,146.3505331171564
AAPL_stock_gdelt_final_train,167.9999981762442,174.5639142726995
MSFT_stock_gdelt_final_train,302.0100080191842,316.49420887207094
AAPL_stock_gdelt_final_train,192.52999806393683,198.06357316364554
MSFT_stock_gdelt_final_train,339.51000915189803,350.25445442137794
AAPL_stock_gdelt_final_train,127.30999798989474,129.84790708678446
MSFT_stock_gdelt_final_train,336.9899871988692,349.1184103215856
AAPL_stock_gdelt_final_train,128.10000566316114,132.667067958508
AAPL_stock_gdelt_final_train,142.02000534161314,132.1449120830327
AAPL_stock_gdelt_final_train,155.3300036696432,166.26202955070642
MSFT_stock_gdelt_final_train,424.7999812197741,432.8294434632008
AAPL_stock_gdelt_final_train,177.2499979709712,181.8032733937694
MSFT_stock_gdelt_final_train,328.3900148178564,344.7223930768451
MSFT_stock_gdelt_final_train,443.5700082289441,453.17369192350094
AAPL_stock_gdelt_final_train,184.25000057342342,188.9084265418618
MSFT_stock_gdelt_final_train,370.60001160058533,372.02977178908264
MSFT_stock_gdelt_final_train,430.9800106000076,434.9276850953866
AAPL_stock_gdelt_final_train,134.7799978517009,138.0585588723543
MSFT_stock_gdelt_final_train,244.69000306773614,261.86451531262543
AAPL_stock_gdelt_final_train,193.57999845430467,197.90397664163999
AAPL_stock_gdelt_final_train,151.279998519711,143.65367374130403
AAPL_stock_gdelt_final_train,168.63999987187375,169.58565752040502
AAPL_stock_gdelt_final_train,225.91000731558546,234.71753470266785
AAPL_stock_gdelt_final_train,142.05999800729182,147.29029167212164
AAPL_stock_gdelt_final_train,175.16000545420275,180.26603125863937
AAPL_stock_gdelt_final_train,227.47999526595567,227.30082438230818
AAPL_stock_gdelt_final_train,136.33000116112893,139.4087710431472
AAPL_stock_gdelt_final_train,235.0600009994218,235.9050233004153
AAPL_stock_gdelt_final_train,190.8999945425551,197.1094803427647
AAPL_stock_gdelt_final_train,146.14000031373234,139.76310142681723
MSFT_stock_gdelt_final_train,287.14999179265584,291.6248821780501
AAPL_stock_gdelt_final_train,183.63000690253034,189.51834392320418
MSFT_stock_gdelt_final_train,414.0499815037693,419.0947428849577
MSFT_stock_gdelt_final_train,355.07999016794207,372.18704632287705
AAPL_stock_gdelt_final_train,133.97999573216393,136.86142764815077
MSFT_stock_gdelt_final_train,276.41000529805757,282.38586691993083
AAPL_stock_gdelt_final_train,150.17999294809835,150.3791994918756
MSFT_stock_gdelt_final_train,253.66999850585398,275.8445892727296
MSFT_stock_gdelt_final_train,328.3399943638088,352.156540394095
MSFT_stock_gdelt_final_train,415.8399893979768,430.0494201509901
MSFT_stock_gdelt_final_train,289.1000057909351,295.6751845840154
AAPL_stock_gdelt_final_train,227.5200028122307,230.16445485342214
AAPL_stock_gdelt_final_train,135.42999293070127,139.76926624531868
MSFT_stock_gdelt_final_train,408.5899910051049,421.48005048768033
AAPL_stock_gdelt_final_train,177.30000102641657,180.18343119391764
MSFT_stock_gdelt_final_train,247.10999933033145,253.85287295106355
AAPL_stock_gdelt_final_train,191.55999575972322,193.74284319792068
AAPL_stock_gdelt_final_train,222.71999859820693,227.6727372535043
MSFT_stock_gdelt_final_train,427.8699922935703,436.03501346752824
MSFT_stock_gdelt_final_train,287.0199873086495,302.0941160354669
AAPL_stock_gdelt_final_train,181.17999323687516,184.26789980507252
AAPL_stock_gdelt_final_train,134.16000418080782,140.24677608004646
AAPL_stock_gdelt_final_train,165.300003246154,165.35364141871574
MSFT_stock_gdelt_final_train,316.88000703179574,334.3426390702953
AAPL_stock_gdelt_final_train,179.44999635939965,147.01586583942856
AAPL_stock_gdelt_final_train,178.190000992877,174.86602439206314
MSFT_stock_gdelt_final_train,420.5499926568228,427.6812172000319
MSFT_stock_gdelt_final_train,242.82000733915447,254.54637223060672
AAPL_stock_gdelt_final_train,247.77000305229782,247.69541300002902
MSFT_stock_gdelt_final_train,231.92999181994446,247.51309236259203
MSFT_stock_gdelt_final_train,405.72000087685234,415.55659088391263
AAPL_stock_gdelt_final_train,145.53999340958092,153.0478048667959
AAPL_stock_gdelt_final_train,177.77000253736946,182.64583827056026
AAPL_stock_gdelt_final_train,165.07000874846062,164.30880246949326
MSFT_stock_gdelt_final_train,269.32000920484194,282.5634037702949
MSFT_stock_gdelt_final_train,416.55999784422244,426.817614897871
MSFT_stock_gdelt_final_train,345.23999140465827,355.44249008758567
MSFT_stock_gdelt_final_train,313.64001467667555,325.18789161390674
AAPL_stock_gdelt_final_train,148.30999729405346,157.08759767601046
MSFT_stock_gdelt_final_train,304.560001156955,314.887102053981
AAPL_stock_gdelt_final_train,150.19000333786505,158.77576307125432
AAPL_stock_gdelt_final_train,166.16999943947692,154.27928475905003
MSFT_stock_gdelt_final_train,251.86000221298764,264.2802468255259
AAPL_stock_gdelt_final_train,169.64999271596653,172.58984585335244
AAPL_stock_gdelt_final_train,213.30999412797354,212.00952353928955
MSFT_stock_gdelt_final_train,288.4999962161201,289.8881513174966
MSFT_stock_gdelt_final_train,264.6000079422511,263.286624821697
MSFT_stock_gdelt_final_train,345.1099869206519,357.3512413961326
AAPL_stock_gdelt_final_train,146.08999725828699,143.25858327834192
AAPL_stock_gdelt_final_train,121.38999931171716,125.04074424300077
MSFT_stock_gdelt_final_train,444.8500114085328,454.59514326870345
MSFT_stock_gdelt_final_train,310.70001569571656,316.42595765929224
MSFT_stock_gdelt_final_train,256.4800120248838,276.78647503115286
AAPL_stock_gdelt_final_train,182.9100028691476,182.7820680046458
MSFT_stock_gdelt_final_train,414.20001243058874,420.9561977009035
AAPL_stock_gdelt_final_train,225.66999605072695,229.2793994965598
AAPL_stock_gdelt_final_train,173.72000163903624,177.31446921769967
MSFT_stock_gdelt_final_train,299.79000987564,309.66532883175756
MSFT_stock_gdelt_final_train,337.67999402504944,354.6536978104014
AAPL_stock_gdelt_final_train,154.50999352536977,160.23829610934447
AAPL_stock_gdelt_final_train,148.60000523695885,152.4835751679478
MSFT_stock_gdelt_final_train,399.6099879581562,405.9346003423162
AAPL_stock_gdelt_final_train,183.86000140022372,188.14430366600337
MSFT_stock_gdelt_final_train,284.0499867076251,292.8991178638499
AAPL_stock_gdelt_final_train,193.88999954135016,194.65139289067207
AAPL_stock_gdelt_final_train,145.49000523473194,145.2691452974182
AAPL_stock_gdelt_final_train,145.6399995204716,148.630217099215
MSFT_stock_gdelt_final_train,395.14999566357807,420.9951396972247
MSFT_stock_gdelt_final_train,294.8500068776776,307.4635005762976
MSFT_stock_gdelt_final_train,409.339993462585,427.47468309527545
AAPL_stock_gdelt_final_train,129.8699952063153,137.43615879644616
MSFT_stock_gdelt_final_train,335.85000933352427,349.88601961366663
AAPL_stock_gdelt_final_train,229.8699976121983,231.23175074838582
AAPL_stock_gdelt_final_train,189.4100046783391,193.76439880468098
AAPL_stock_gdelt_final_train,133.11000060174075,137.43284042345277
AAPL_stock_gdelt_final_train,126.90000142095596,130.83083212605683
AAPL_stock_gdelt_final_train,174.329999800759,164.5040188876404
AAPL_stock_gdelt_final_train,133.11000060174075,139.32244232613183
MSFT_stock_gdelt_final_train,397.57998232108736,418.9174419083502
MSFT_stock_gdelt_final_train,226.7299960227349,239.81956951249822
MSFT_stock_gdelt_final_train,318.26998825257766,327.1044800182354
MSFT_stock_gdelt_final_train,341.2499965920579,355.08892293536707
MSFT_stock_gdelt_final_train,329.67999317469736,352.50992493437303
AAPL_stock_gdelt_final_train,142.9900055200273,160.930762536221
MSFT_stock_gdelt_final_train,225.94999670070865,235.09970901327824
AAPL_stock_gdelt_final_train,148.47999535293064,157.6372528936013
AAPL_stock_gdelt_final_train,122.54000102992686,127.68068640058848
MSFT_stock_gdelt_final_train,374.6900016682958,379.95086906345756
MSFT_stock_gdelt_final_train,416.42001057413296,436.88557423360186
AAPL_stock_gdelt_final_train,148.4700019695598,146.680531599941
AAPL_stock_gdelt_final_train,147.07000782646782,151.13461084145158
MSFT_stock_gdelt_final_train,293.4700008341479,304.0116174994983
MSFT_stock_gdelt_final_train,247.4900071697748,258.92955337769314
AAPL_stock_gdelt_final_train,146.9499979424396,129.64155998254293
MSFT_stock_gdelt_final_train,249.00999287456307,269.9874520431186
MSFT_stock_gdelt_final_train,254.250000659933,269.14375444247713
MSFT_stock_gdelt_final_train,234.55000332146028,245.70459500940433
MSFT_stock_gdelt_final_train,264.4599902368382,270.68151818056054
AAPL_stock_gdelt_final_train,173.02999688796132,175.03456627829428
MSFT_stock_gdelt_final_train,319.35998370802923,332.4423031286752
AAPL_stock_gdelt_final_train,145.02999923294936,160.72265527000735
MSFT_stock_gdelt_final_train,330.10998342403406,345.4436189360277
AAPL_stock_gdelt_final_train,191.2899937157548,195.57719557202967
MSFT_stock_gdelt_final_train,294.23000890420377,308.0788571629492
AAPL_stock_gdelt_final_train,149.44999765714425,150.76665620889332
MSFT_stock_gdelt_final_train,235.46000617638902,249.0347748366612
AAPL_stock_gdelt_final_train,127.83000149339324,135.28755373632512
AAPL_stock_gdelt_final_train,136.8699946200683,137.56383643921052
MSFT_stock_gdelt_final_train,340.6700058512252,343.9610382437277
AAPL_stock_gdelt_final_train,146.71000580977645,153.53843513593438
MSFT_stock_gdelt_final_train,221.38999963998185,228.1152521595552
AAPL_stock_gdelt_final_train,144.2899935522286,147.25779457542097
AAPL_stock_gdelt_final_train,167.4499985791371,161.7514401815322
AAPL_stock_gdelt_final_train,135.2700052615908,149.0809631184485
MSFT_stock_gdelt_final_train,310.9800130623881,321.6992578840728
AAPL_stock_gdelt_final_train,194.50000195467192,200.31850221072153
AAPL_stock_gdelt_final_train,141.50999415858573,145.02422343575333
MSFT_stock_gdelt_final_train,425.23001712209594,433.350633159178
AAPL_stock_gdelt_final_train,120.08999639891948,126.37949516587966
MSFT_stock_gdelt_final_train,256.0599969527994,271.92127064492075
AAPL_stock_gdelt_final_train,193.99000565224088,189.7892473061535
MSFT_stock_gdelt_final_train,409.44000393535686,429.5042474201546
AAPL_stock_gdelt_final_train,164.91999958212457,153.3434610589283
MSFT_stock_gdelt_final_train,333.55999472844275,352.2421701765489
AAPL_stock_gdelt_final_train,171.96000547925289,179.87708648198335
AAPL_stock_gdelt_final_train,140.94000141733852,145.55394715738908
MSFT_stock_gdelt_final_train,252.99000490108028,277.89893175529147
AAPL_stock_gdelt_final_train,146.3600014280549,155.06839428203472
MSFT_stock_gdelt_final_train,414.10998474390004,425.88148521999034
AAPL_stock_gdelt_final_train,220.85000932156046,226.36602531753744
AAPL_stock_gdelt_final_train,124.84999838116693,133.85027307029668
MSFT_stock_gdelt_final_train,422.92000650952474,440.64141488543834
MSFT_stock_gdelt_final_train,243.02999965753497,252.97132902574413
AAPL_stock_gdelt_final_train,148.71000685701986,170.18497991712283
AAPL_stock_gdelt_final_train,163.75999332009678,152.4465097281576
MSFT_stock_gdelt_final_train,438.69000847111244,442.220049458465
MSFT_stock_gdelt_final_train,232.38000470767884,242.11600597082224
MSFT_stock_gdelt_final_train,401.7000120530175,421.7479574221216
MSFT_stock_gdelt_final_train,452.8500122588849,459.55952496072865
MSFT_stock_gdelt_final_train,402.1799923210784,416.36624657530416
MSFT_stock_gdelt_final_train,231.85000588777802,246.7745906529508
AAPL_stock_gdelt_final_train,180.5700078299493,174.8069611792201
MSFT_stock_gdelt_final_train,318.9599950787579,327.17178773598795
AAPL_stock_gdelt_final_train,151.49000625066273,149.25291903864976
MSFT_stock_gdelt_final_train,321.8800056610581,331.0637047188539
MSFT_stock_gdelt_final_train,228.99000615443947,244.11317569833182
MSFT_stock_gdelt_final_train,324.89999628080665,346.9368519915261
AAPL_stock_gdelt_final_train,172.25999405073222,177.5775666649464
MSFT_stock_gdelt_final_train,260.79000763238133,266.3136916541417
AAPL_stock_gdelt_final_train,145.85000512562385,147.69387257821992
AAPL_stock_gdelt_final_train,132.3000029730335,136.19823560595825
AAPL_stock_gdelt_final_train,149.99000599668003,144.46112891382933
MSFT_stock_gdelt_final_train,407.5400027822944,424.28653731360833
MSFT_stock_gdelt_final_train,280.7200047099705,288.1685707616926
AAPL_stock_gdelt_final_train,157.9600087775464,161.3079728997294
MSFT_stock_gdelt_final_train,249.72999751639327,259.01192277612523
MSFT_stock_gdelt_final_train,308.97000343280894,324.38065553072744
MSFT_stock_gdelt_final_train,258.5199890347895,270.3690577370417
MSFT_stock_gdelt_final_train,400.95999238162045,411.90296726579624
AAPL_stock_gdelt_final_train,130.46000660129644,137.59816172346677
MSFT_stock_gdelt_final_train,283.9999966889009,297.10922093545383
AAPL_stock_gdelt_final_train,133.49999977494048,137.5730836669627
MSFT_stock_gdelt_final_train,292.8500028606741,303.4069893643537
AAPL_stock_gdelt_final_train,175.42999474337427,177.56181874237438
MSFT_stock_gdelt_final_train,239.50999471808154,250.9235377465493
AAPL_stock_gdelt_final_train,226.39999559328,230.0456311655056
MSFT_stock_gdelt_final_train,292.7099927640921,307.46420058873633
AAPL_stock_gdelt_final_train,148.69000308388235,151.9648354522421
AAPL_stock_gdelt_final_train,149.25999369933007,153.45230199247146
AAPL_stock_gdelt_final_train,248.1300029431897,250.40049284248317
MSFT_stock_gdelt_final_train,255.58999566640617,269.12359484512405
MSFT_stock_gdelt_final_train,374.5799931917791,383.81553121419716
AAPL_stock_gdelt_final_train,178.85000646164409,183.04557360539332
MSFT_stock_gdelt_final_train,323.700015175331,337.3194724014284
MSFT_stock_gdelt_final_train,289.6700137456847,298.19172930134306
MSFT_stock_gdelt_final_train,266.20999089840467,273.6966619750538
MSFT_stock_gdelt_final_train,297.24999952395234,311.85470903993706
AAPL_stock_gdelt_final_train,172.88000472802113,179.0667317189629
AAPL_stock_gdelt_final_train,141.1100016020152,143.98939912789652
AAPL_stock_gdelt_final_train,193.1300007164893,198.89616378926095
MSFT_stock_gdelt_final_train,239.82000702027244,252.50631532797706
AAPL_stock_gdelt_final_train,161.02000359852846,163.60454210708357
MSFT_stock_gdelt_final_train,236.14999398049213,248.39584228760214
MSFT_stock_gdelt_final_train,240.97999611076875,251.9959834336314
AAPL_stock_gdelt_final_train,247.960007010112,249.15397504468444
AAPL_stock_gdelt_final_train,224.72000177124983,225.89608758056903
MSFT_stock_gdelt_final_train,338.10998427438614,351.3804244291169
AAPL_stock_gdelt_final_train,172.00000027073102,153.11925723902738
MSFT_stock_gdelt_final_train,335.92001057739986,353.08912435679673
AAPL_stock_gdelt_final_train,178.3900004598615,180.1989240205517
AAPL_stock_gdelt_final_train,230.53999008693773,231.4516349437368
MSFT_stock_gdelt_final_train,348.3200004821993,360.11335352050816
AAPL_stock_gdelt_final_train,136.49999922000612,149.14335745908178
MSFT_stock_gdelt_final_train,370.6199923904133,385.94521253548015
AAPL_stock_gdelt_final_train,213.25000406655582,212.0444461732006
MSFT_stock_gdelt_final_train,376.1700105757664,382.21286795332713
MSFT_stock_gdelt_final_train,300.1900061137422,308.41337180270426
AAPL_stock_gdelt_final_train,214.10000924153812,218.4464868906043
MSFT_stock_gdelt_final_train,332.8900143450756,341.1586754041237
AAPL_stock_gdelt_final_train,151.60000574492423,157.17709808585488
AAPL_stock_gdelt_final_train,162.36000130280428,165.227598515754
MSFT_stock_gdelt_final_train,418.7900092091732,431.14796793232387
AAPL_stock_gdelt_final_train,225.11999220202088,228.07799966699386
MSFT_stock_gdelt_final_train,310.76001132701646,321.47446258526185
AAPL_stock_gdelt_final_train,124.69000220885852,130.35577546393276
AAPL_stock_gdelt_final_train,167.30000216759794,172.18210050606643
AAPL_stock_gdelt_final_train,134.83999641631655,139.44971606699434
MSFT_stock_gdelt_final_train,242.35000605276127,246.8311927456889
MSFT_stock_gdelt_final_train,238.50999461178753,247.2252617045542
AAPL_stock_gdelt_final_train,222.9100025560211,230.58693624272615
AAPL_stock_gdelt_final_train,169.74999882685725,175.13805870033752
MSFT_stock_gdelt_final_train,289.4599947963962,302.1181295056486
MSFT_stock_gdelt_final_train,290.7300075810709,305.69414304903336
MSFT_stock_gdelt_final_train,374.070003694822,386.73356350047476
MSFT_stock_gdelt_final_train,303.32998799609055,315.6129084293389
AAPL_stock_gdelt_final_train,125.8899990107655,129.74361961573447
MSFT_stock_gdelt_final_train,325.9200133188752,325.1514453141063
MSFT_stock_gdelt_final_train,417.7900110050869,426.0542208980842
AAPL_stock_gdelt_final_train,142.44999718049152,166.13962601646003
AAPL_stock_gdelt_final_train,130.21000620466606,137.70198151863048
AAPL_stock_gdelt_final_train,234.39999127905574,234.34385316630167
MSFT_stock_gdelt_final_train,244.36999466400812,257.9760489345527
AAPL_stock_gdelt_final_train,126.73999780834934,133.65957397605146
MSFT_stock_gdelt_final_train,275.42001270654697,295.483289869826
AAPL_stock_gdelt_final_train,168.41000537418037,167.73124610237195
MSFT_stock_gdelt_final_train,246.47000154495254,259.867178190837
MSFT_stock_gdelt_final_train,267.70001302728184,270.15154408936
MSFT_stock_gdelt_final_train,296.0299995844944,315.65006995923983
AAPL_stock_gdelt_final_train,165.22999641757113,173.179670177979
MSFT_stock_gdelt_final_train,282.4699977627061,288.57398448736427
AAPL_stock_gdelt_final_train,143.21000663434984,153.1655273905801
MSFT_stock_gdelt_final_train,332.0599974223133,347.3425244174469
AAPL_stock_gdelt_final_train,191.3100017404913,194.3209756253893
AAPL_stock_gdelt_final_train,170.8500065242694,175.9598162517862
AAPL_stock_gdelt_final_train,229.00000141887537,232.6097960118131
AAPL_stock_gdelt_final_train,149.99999938005087,147.60733128125622
MSFT_stock_gdelt_final_train,227.55999772783548,245.4136827748698
AAPL_stock_gdelt_final_train,175.639998222727,177.68178185881396
AAPL_stock_gdelt_final_train,220.69000464605412,221.12612516484273
AAPL_stock_gdelt_final_train,189.29999880667913,191.46309331607807
MSFT_stock_gdelt_final_train,300.95001418379803,319.8652100768705
AAPL_stock_gdelt_final_train,183.05000377151646,190.23910899280193
MSFT_stock_gdelt_final_train,435.14999991533847,443.11500014375275
MSFT_stock_gdelt_final_train,238.19000332792893,254.2548474851883
AAPL_stock_gdelt_final_train,153.71999966980002,160.73967867226932
AAPL_stock_gdelt_final_train,163.77000583566297,170.24455332184183
MSFT_stock_gdelt_final_train,260.89999328240543,269.96876475453615
AAPL_stock_gdelt_final_train,231.7800029383177,238.25532421550847
AAPL_stock_gdelt_final_train,125.27999872324324,130.56388698174538
MSFT_stock_gdelt_final_train,241.97000201773335,252.97201382052117
AAPL_stock_gdelt_final_train,171.36999408427175,182.53425930728267
AAPL_stock_gdelt_final_train,222.50000386128283,225.2658135433749
MSFT_stock_gdelt_final_train,336.63000580223894,343.28720018311657
MSFT_stock_gdelt_final_train,327.89001571581326,355.6778616612865
AAPL_stock_gdelt_final_train,179.35999851247615,186.19457990233866
MSFT_stock_gdelt_final_train,301.36999882055903,312.71389822020143
AAPL_stock_gdelt_final_train,172.1000063816217,155.0639641159116
AAPL_stock_gdelt_final_train,159.77999925034644,165.03250114237792
MSFT_stock_gdelt_final_train,236.94000176840564,243.47052052877643
MSFT_stock_gdelt_final_train,321.01001194097813,336.8775971582946
AAPL_stock_gdelt_final_train,151.91999808954108,201.16300581664115
AAPL_stock_gdelt_final_train,172.78999412630077,162.34144307331536
AAPL_stock_gdelt_final_train,149.55000376803497,165.98110089739401
MSFT_stock_gdelt_final_train,276.4399993092921,292.37666510195055
AAPL_stock_gdelt_final_train,156.57000801782522,161.13512839534414
MSFT_stock_gdelt_final_train,265.26998832561827,277.4058642981582
MSFT_stock_gdelt_final_train,224.50999407477525,239.4075912680055
AAPL_stock_gdelt_final_train,142.8099970713834,140.61974334778628
MSFT_stock_gdelt_final_train,330.7999902502143,348.6751654888977
MSFT_stock_gdelt_final_train,429.1700066983104,446.47976210725034
MSFT_stock_gdelt_final_train,256.82998780893837,273.2785376974371
AAPL_stock_gdelt_final_train,181.99000362037933,164.184604760483
MSFT_stock_gdelt_final_train,250.16000298339168,260.7319218176263
MSFT_stock_gdelt_final_train,420.7200043734702,433.1416033579008
MSFT_stock_gdelt_final_train,252.55999943408187,266.3431188074774
AAPL_stock_gdelt_final_train,181.1199946722595,181.3896183239199
AAPL_stock_gdelt_final_train,139.4999997279715,159.84330555895806
MSFT_stock_gdelt_final_train,324.3500071600393,337.78890682992284
MSFT_stock_gdelt_final_train,329.32000416923626,342.10067909942524
MSFT_stock_gdelt_final_train,281.02999608787655,294.8388675493043
MSFT_stock_gdelt_final_train,280.80999435250493,299.35916743724744
MSFT_stock_gdelt_final_train,373.54000297271347,384.11566915614463
AAPL_stock_gdelt_final_train,129.7100064743051,140.10729174695206
AAPL_stock_gdelt_final_train,126.20999879568053,128.9584353814956
AAPL_stock_gdelt_final_train,229.03999195875454,232.9956711340153
MSFT_stock_gdelt_final_train,242.0099940327127,253.69553374220686
AAPL_stock_gdelt_final_train,157.3699931309663,161.74451857841467
MSFT_stock_gdelt_final_train,330.2199995093816,352.8846294187097
AAPL_stock_gdelt_final_train,147.96000566712877,170.4957207823885
MSFT_stock_gdelt_final_train,256.76998837322304,270.0016691435731
MSFT_stock_gdelt_final_train,296.36999258246584,312.42177998597623
AAPL_stock_gdelt_final_train,141.91000372155216,149.47373645997388
MSFT_stock_gdelt_final_train,433.5100077302887,445.96392902819576
AAPL_stock_gdelt_final_train,163.19999821381936,180.83337312793094
AAPL_stock_gdelt_final_train,131.0099945065064,136.62776402054928
MSFT_stock_gdelt_final_train,333.10000285904067,347.65689087309516
AAPL_stock_gdelt_final_train,192.24999625919915,196.2366695909259
AAPL_stock_gdelt_final_train,155.80999643816745,162.91165902350832
MSFT_stock_gdelt_final_train,313.8500031906406,330.6277795814495
AAPL_stock_gdelt_final_train,207.22999502588854,211.45741089749606
AAPL_stock_gdelt_final_train,188.08000248323359,183.35863584369474
MSFT_stock_gdelt_final_train,286.4999998079475,300.2559746772641
AAPL_stock_gdelt_final_train,134.86999569862436,161.64658724781964
AAPL_stock_gdelt_final_train,186.1900009302517,188.29853467011318
MSFT_stock_gdelt_final_train,327.00000316175107,334.7753837164019
MSFT_stock_gdelt_final_train,228.850005568896,238.6038609536431
AAPL_stock_gdelt_final_train,216.74999686458398,215.81158394069166
MSFT_stock_gdelt_final_train,282.2999860460587,293.56061440081254
AAPL_stock_gdelt_final_train,125.4300004492811,130.34530590147767
MSFT_stock_gdelt_final_train,404.26998598061624,426.1224568932012
MSFT_stock_gdelt_final_train,337.91000137299676,352.38302485335595
AAPL_stock_gdelt_final_train,131.96000685527912,140.4976182932722
AAPL_stock_gdelt_final_train,195.89000271439306,199.95734588491075
MSFT_stock_gdelt_final_train,331.3200081862397,345.34847811500373
MSFT_stock_gdelt_final_train,242.4700011197765,252.54542852299255
MSFT_stock_gdelt_final_train,286.14999358856954,304.51978087705
AAPL_stock_gdelt_final_train,153.03999467949438,154.69202998672066
AAPL_stock_gdelt_final_train,195.61000090965538,172.19646240737535
AAPL_stock_gdelt_final_train,259.0199890136719,257.773105578362
MSFT_stock_gdelt_final_train,286.5400070405886,300.73312446024653
AAPL_stock_gdelt_final_train,153.33999600577062,159.44272840752961
AAPL_stock_gdelt_final_train,194.67998914532095,198.92245567726997
MSFT_stock_gdelt_final_train,308.760007310013,324.88859064335344
MSFT_stock_gdelt_final_train,421.4399976020541,437.29377279136685
AAPL_stock_gdelt_final_train,178.17999272890978,180.9796366355775
AAPL_stock_gdelt_final_train,230.75999332705976,239.107081049265
AAPL_stock_gdelt_final_train,135.35000547354448,140.34904404158735
MSFT_stock_gdelt_final_train,398.67000821186235,407.40321122116444
MSFT_stock_gdelt_final_train,450.9500111058224,457.3160764004861
MSFT_stock_gdelt_final_train,282.51001260417803,294.5420470576101
AAPL_stock_gdelt_final_train,125.86000079135741,130.23543714388435
MSFT_stock_gdelt_final_train,226.74999963905543,244.11717223673895
MSFT_stock_gdelt_final_train,228.55999688302563,243.83415035980215
MSFT_stock_gdelt_final_train,247.8600017878116,259.602428921201
AAPL_stock_gdelt_final_train,145.30999678608808,141.35407952128517
AAPL_stock_gdelt_final_train,146.35000591888456,163.30456629040114
MSFT_stock_gdelt_final_train,280.5199913732577,292.83057751549865
MSFT_stock_gdelt_final_train,329.36999418796046,344.7919225732076
AAPL_stock_gdelt_final_train,144.979996177504,151.2145812922125
AAPL_stock_gdelt_final_train,222.38000673205153,224.9064769019218
MSFT_stock_gdelt_final_train,289.04998533688746,301.7317226394553
MSFT_stock_gdelt_final_train,236.47999658354956,244.37283275791742
AAPL_stock_gdelt_final_train,164.86999652667924,156.55184093544122
AAPL_stock_gdelt_final_train,175.08000311644957,156.79580193573963
MSFT_stock_gdelt_final_train,237.03999321910032,248.62534364829753
MSFT_stock_gdelt_final_train,289.5199904276961,300.3869835269434
MSFT_stock_gdelt_final_train,375.7900103451539,387.6575799196326
AAPL_stock_gdelt_final_train,157.83000338434786,163.60036703689843
MSFT_stock_gdelt_final_train,255.85000463441887,264.378552920186
MSFT_stock_gdelt_final_train,330.5899941274184,350.86892838365026
AAPL_stock_gdelt_final_train,223.96000294638893,228.59750254471405
MSFT_stock_gdelt_final_train,374.51000716556524,393.2503749520584
MSFT_stock_gdelt_final_train,443.3299800507594,453.72245602250047
AAPL_stock_gdelt_final_train,176.30000369149408,198.70479931977746
AAPL_stock_gdelt_final_train,172.6199939416241,177.79096292027444
AAPL_stock_gdelt_final_train,224.2299964871594,227.9420930544298
AAPL_stock_gdelt_final_train,158.91000305702352,165.93225002526862
MSFT_stock_gdelt_final_train,252.72000173373817,267.71262846884116
MSFT_stock_gdelt_final_train,382.7000157400544,392.56206489515904
AAPL_stock_gdelt_final_train,195.10000460722435,196.73482944183414
MSFT_stock_gdelt_final_train,426.8900205322971,437.27251371795506
AAPL_stock_gdelt_final_train,177.8200055928148,170.15221709548675
AAPL_stock_gdelt_final_train,173.22999635494583,177.78545284801382
AAPL_stock_gdelt_final_train,193.42000228199623,174.50443440315777
MSFT_stock_gdelt_final_train,254.1499939915766,269.36671220863633
MSFT_stock_gdelt_final_train,331.7699868342352,352.36074619660945
AAPL_stock_gdelt_final_train,130.14999382235376,142.15598635715915
MSFT_stock_gdelt_final_train,234.52999970513974,248.03545001410566
MSFT_stock_gdelt_final_train,241.80000361653993,253.71358569341282
MSFT_stock_gdelt_final_train,339.119995699879,353.4281890774037
AAPL_stock_gdelt_final_train,133.69999711612547,137.56569013635993
MSFT_stock_gdelt_final_train,405.48998592007416,420.5992217924614
MSFT_stock_gdelt_final_train,341.2699925995476,352.5665802889271
MSFT_stock_gdelt_final_train,242.0500031675615,253.08395113565985
MSFT_stock_gdelt_final_train,294.5899979096649,294.43547777264035
AAPL_stock_gdelt_final_train,147.8099986265922,152.20635390893423
AAPL_stock_gdelt_final_train,195.7100070205461,196.71101198442364
MSFT_stock_gdelt_final_train,277.51998915216797,304.1119475431661
AAPL_stock_gdelt_final_train,167.22999533901506,171.94525243083902
MSFT_stock_gdelt_final_train,422.54000627891224,437.4715302978257
MSFT_stock_gdelt_final_train,428.1499972690727,437.01110472506485
AAPL_stock_gdelt_final_train,141.16999804083136,148.55516787425785
MSFT_stock_gdelt_final_train,286.10998635592847,300.820626015091
AAPL_stock_gdelt_final_train,129.41000408512912,126.30169940799011
AAPL_stock_gdelt_final_train,172.1900042285452,155.1249745610813
AAPL_stock_gdelt_final_train,121.02999888937539,145.56982900532853
MSFT_stock_gdelt_final_train,293.10998900219425,301.95826796936313
MSFT_stock_gdelt_final_train,277.9400042242524,289.37425088147944
MSFT_stock_gdelt_final_train,372.6499980274821,382.77735189687525
MSFT_stock_gdelt_final_train,305.21999875423904,319.6694044236211
MSFT_stock_gdelt_final_train,414.70998670988416,424.23733861329316
AAPL_stock_gdelt_final_train,135.86999515934633,136.93938709260053
AAPL_stock_gdelt_final_train,131.94000201924186,137.35439204512187
MSFT_stock_gdelt_final_train,424.57001191598107,432.95340653550744
MSFT_stock_gdelt_final_train,427.92999553370106,434.6264666994576
MSFT_stock_gdelt_final_train,339.8299833158872,357.09216070548433
MSFT_stock_gdelt_final_train,289.160001422235,295.5501410577272
MSFT_stock_gdelt_final_train,281.39999070591335,293.60278254141673
AAPL_stock_gdelt_final_train,125.56999922585045,145.53345870196935
AAPL_stock_gdelt_final_train,214.24000589230798,216.83257992290984
MSFT_stock_gdelt_final_train,241.55000216331064,258.10229085170073
AAPL_stock_gdelt_final_train,120.5899963950054,124.69114535753063
AAPL_stock_gdelt_final_train,169.67999199827437,171.76624310795228
AAPL_stock_gdelt_final_train,173.99999919217495,180.90025928287238
AAPL_stock_gdelt_final_train,134.50000029856218,140.46483846524026
MSFT_stock_gdelt_final_train,334.2699899532818,344.0929601531098
MSFT_stock_gdelt_final_train,298.57998511343436,308.13157114311986
AAPL_stock_gdelt_final_train,208.13999876548652,210.28104448264506
AAPL_stock_gdelt_final_train,132.0299988032656,133.59950313425338
AAPL_stock_gdelt_final_train,227.78999635300116,230.3683360302631
MSFT_stock_gdelt_final_train,378.60998001935883,391.35140859999234
AAPL_stock_gdelt_final_train,160.0700093190513,168.88206040743412
MSFT_stock_gdelt_final_train,232.89999411058852,243.13092699442495
MSFT_stock_gdelt_final_train,310.64999524166893,319.4842206982467
MSFT_stock_gdelt_final_train,261.47000123715503,276.3914930125848
MSFT_stock_gdelt_final_train,405.64999963297674,422.038690849131
AAPL_stock_gdelt_final_train,156.80000251551857,167.77684875288693
AAPL_stock_gdelt_final_train,163.75999332009678,169.0244549600211
AAPL_stock_gdelt_final_train,151.11999597000414,159.14218287658568
MSFT_stock_gdelt_final_train,341.2699925995476,353.96234422115964
MSFT_stock_gdelt_final_train,331.2099921008922,347.1274988574551
AAPL_stock_gdelt_final_train,126.84999836551061,133.1732356960697
MSFT_stock_gdelt_final_train,234.80999707181127,247.0393817711565
MSFT_stock_gdelt_final_train,335.39999264137447,345.6567727236289
MSFT_stock_gdelt_final_train,240.35000584017325,250.21476754347805
MSFT_stock_gdelt_final_train,422.8599880517323,440.0978247914209
MSFT_stock_gdelt_final_train,305.41000647837615,318.4871442852091
MSFT_stock_gdelt_final_train,286.51001302935407,300.73727888189393
MSFT_stock_gdelt_final_train,246.47999574428195,255.2373339650594
AAPL_stock_gdelt_final_train,171.21000641516127,175.0075346120651
AAPL_stock_gdelt_final_train,154.47999424306192,153.88563346233806
AAPL_stock_gdelt_final_train,134.75999407856338,190.18505416354148
AAPL_stock_gdelt_final_train,166.899994730431,171.1059187692627
AAPL_stock_gdelt_final_train,166.1300046479988,156.9722432928506
AAPL_stock_gdelt_final_train,180.74999927219733,185.5199361783298
AAPL_stock_gdelt_final_train,193.1499917348299,197.11189525097768
MSFT_stock_gdelt_final_train,348.0999987468277,351.61043938589506
AAPL_stock_gdelt_final_train,150.96000617509415,139.51778841804745
MSFT_stock_gdelt_final_train,288.36999173211376,301.74538809967277
MSFT_stock_gdelt_final_train,329.8099976587037,344.3922459060014
MSFT_stock_gdelt_final_train,378.9099962200126,392.596791599186
MSFT_stock_gdelt_final_train,417.4599855755369,427.67386706942494
MSFT_stock_gdelt_final_train,271.3999934473887,280.50217149139286
MSFT_stock_gdelt_final_train,253.69999632150393,266.6778769298199
AAPL_stock_gdelt_final_train,186.99999855895896,189.2411396705865
MSFT_stock_gdelt_final_train,416.1199943734792,431.21996268988374
AAPL_stock_gdelt_final_train,154.6499944277386,199.29300803679678
MSFT_stock_gdelt_final_train,446.34000310208654,456.8180936386198
MSFT_stock_gdelt_final_train,360.6899963757642,377.4537116471511
MSFT_stock_gdelt_final_train,242.03999375057037,253.055269647748
AAPL_stock_gdelt_final_train,121.20999883482135,125.27910269876104
AAPL_stock_gdelt_final_train,191.72999169280092,196.73414068280155
MSFT_stock_gdelt_final_train,406.8099963323039,420.471226039801
MSFT_stock_gdelt_final_train,299.08999743688406,316.78937063863856
AAPL_stock_gdelt_final_train,228.86999602567684,224.63289501162356
AAPL_stock_gdelt_final_train,152.86999449481772,179.74657940010678
AAPL_stock_gdelt_final_train,172.89999574636175,170.25073514673917
MSFT_stock_gdelt_final_train,257.17001504664864,271.31414300883995
AAPL_stock_gdelt_final_train,185.85000481249733,191.08756658576044
MSFT_stock_gdelt_final_train,369.67001464037463,375.21351966651497
AAPL_stock_gdelt_final_train,176.08000045137206,179.5240337038028
MSFT_stock_gdelt_final_train,416.7900128010006,429.598520834461
MSFT_stock_gdelt_final_train,342.66000425565295,350.554561928002
MSFT_stock_gdelt_final_train,237.7100059399986,245.77848436584736
AAPL_stock_gdelt_final_train,234.92999560622326,237.6479833031398
AAPL_stock_gdelt_final_train,176.57000573546247,182.58444518148357
AAPL_stock_gdelt_final_train,174.61000160549668,182.36611707135438
MSFT_stock_gdelt_final_train,336.05999784748934,345.9110141978527
MSFT_stock_gdelt_final_train,244.42999409972344,253.50412218877682
AAPL_stock_gdelt_final_train,191.24000341510637,195.15291150476384
AAPL_stock_gdelt_final_train,162.74000496683368,164.5220711768523
AAPL_stock_gdelt_final_train,145.38000574047044,168.14263932157124
AAPL_stock_gdelt_final_train,173.44000408589753,176.77050263952606
MSFT_stock_gdelt_final_train,466.2500003677706,466.306640504663
AAPL_stock_gdelt_final_train,194.50000195467192,198.81723710604632
MSFT_stock_gdelt_final_train,249.19999679428474,260.73999859158
AAPL_stock_gdelt_final_train,171.77000577303767,156.56927674280297
AAPL_stock_gdelt_final_train,137.58999652765158,142.5770753478016
AAPL_stock_gdelt_final_train,222.77000590525122,232.71348400740882
AAPL_stock_gdelt_final_train,145.86000063479415,149.75581091920773
AAPL_stock_gdelt_final_train,172.38999944393072,180.04144479483145
AAPL_stock_gdelt_final_train,116.3600006,142.32441132441872
AAPL_stock_gdelt_final_train,149.1000060302196,166.53824743236387
AAPL_stock_gdelt_final_train,151.00999434994313,157.2653740351969
AAPL_stock_gdelt_final_train,164.85000550833863,166.4904084407925
AAPL_stock_gdelt_final_train,174.19999865915943,180.15995386442447
MSFT_stock_gdelt_final_train,442.5700100248578,451.1805738984222
MSFT_stock_gdelt_final_train,260.5799848786774,269.7569881653199
MSFT_stock_gdelt_final_train,229.5299991736697,236.34996546863522
AAPL_stock_gdelt_final_train,180.96000700314903,165.40360620977037
AAPL_stock_gdelt_final_train,147.91999812085373,150.88360069006666
MSFT_stock_gdelt_final_train,413.54000722447387,420.7235500886491
AAPL_stock_gdelt_final_train,145.86000063479415,155.59886203348958
AAPL_stock_gdelt_final_train,233.6700002397006,236.18220204343922
AAPL_stock_gdelt_final_train,141.55999721403109,163.09619542505155
MSFT_stock_gdelt_final_train,424.58999270580904,435.6590763525929
MSFT_stock_gdelt_final_train,460.7699834262931,466.11040875688565
AAPL_stock_gdelt_final_train,165.00000191987777,170.26787759377223
AAPL_stock_gdelt_final_train,188.00999565465074,191.48990389916102
AAPL_stock_gdelt_final_train,173.49999839891422,174.3373295573773
AAPL_stock_gdelt_final_train,150.039994171529,153.58549183329592
MSFT_stock_gdelt_final_train,296.7099931892681,301.6593170050292
MSFT_stock_gdelt_final_train,238.92999256400253,244.27097333924758
MSFT_stock_gdelt_final_train,373.0700054907357,391.1329134131302
MSFT_stock_gdelt_final_train,264.51001069088585,278.6483711592883
MSFT_stock_gdelt_final_train,295.22000149571437,306.29300369038907
AAPL_stock_gdelt_final_train,127.3499980958716,132.44430117905776
AAPL_stock_gdelt_final_train,132.53999297989716,127.50715845166934
AAPL_stock_gdelt_final_train,142.8999949183069,147.6250923359389
AAPL_stock_gdelt_final_train,161.38000348942035,168.39536286733966
AAPL_stock_gdelt_final_train,209.2700057452065,224.41845286294978
MSFT_stock_gdelt_final_train,411.2199986081578,416.50057287523674
MSFT_stock_gdelt_final_train,333.54998911586705,344.6286979336838
AAPL_stock_gdelt_final_train,124.76000212859306,139.19315757895814
MSFT_stock_gdelt_final_train,459.27999173273935,464.10023173302767
AAPL_stock_gdelt_final_train,253.47999399952369,252.59383322693003
AAPL_stock_gdelt_final_train,157.27999953564176,167.35324494145578
AAPL_stock_gdelt_final_train,154.46000747632027,162.83470508221416
MSFT_stock_gdelt_final_train,322.9800143379162,334.42641229802035
AAPL_stock_gdelt_final_train,148.9100041982049,153.04864668339127
AAPL_stock_gdelt_final_train,142.63999901250622,162.91807043474986
AAPL_stock_gdelt_final_train,228.22000307247592,229.2060679175851
MSFT_stock_gdelt_final_train,278.8500051769734,288.4233144187529
AAPL_stock_gdelt_final_train,218.53999655827414,227.29082462153892
AAPL_stock_gdelt_final_train,165.2100053992305,175.1157548121591
MSFT_stock_gdelt_final_train,296.769988820568,304.37404133083334
MSFT_stock_gdelt_final_train,302.380002637221,325.4245262535297
MSFT_stock_gdelt_final_train,304.059994446081,311.272937832684
MSFT_stock_gdelt_final_train,286.14001841131727,293.5052829828274
MSFT_stock_gdelt_final_train,288.3299844994727,302.0125189333667
AAPL_stock_gdelt_final_train,151.00000096657232,150.87146662661618
AAPL_stock_gdelt_final_train,149.80000203886584,155.69347711689073
AAPL_stock_gdelt_final_train,161.50999612782198,156.66916806052157
MSFT_stock_gdelt_final_train,412.32000728501595,424.15160230720727
MSFT_stock_gdelt_final_train,421.4100035908196,429.66770032460414
MSFT_stock_gdelt_final_train,259.5799866745911,269.21052954206976
AAPL_stock_gdelt_final_train,182.4100020758869,185.8898933140013
MSFT_stock_gdelt_final_train,294.3900150082755,299.81624512443165
MSFT_stock_gdelt_final_train,442.620000043582,448.3118924890769
MSFT_stock_gdelt_final_train,262.14999484192873,282.13008085304324
AAPL_stock_gdelt_final_train,161.619993496284,166.78123481649894
AAPL_stock_gdelt_final_train,132.36999492101998,139.70775411147093
MSFT_stock_gdelt_final_train,315.26001085423565,334.4792480194847
AAPL_stock_gdelt_final_train,226.33999702866433,224.50420761410467
MSFT_stock_gdelt_final_train,261.149992833427,269.5294689050625
AAPL_stock_gdelt_final_train,132.7599940942197,139.87492698283486
AAPL_stock_gdelt_final_train,193.0500026303351,198.1588004772979
MSFT_stock_gdelt_final_train,243.77000411127028,253.76505943415395
AAPL_stock_gdelt_final_train,185.6400013331446,196.24418641789876
MSFT_stock_gdelt_final_train,326.0499873675581,344.6226565219841
AAPL_stock_gdelt_final_train,220.91000788617615,224.42324016338608
AAPL_stock_gdelt_final_train,169.30000108904187,174.22238332771823
MSFT_stock_gdelt_final_train,413.5199959993225,427.1688994008328
MSFT_stock_gdelt_final_train,311.7399906971205,323.4524694722605
AAPL_stock_gdelt_final_train,181.4200002501347,187.18789797528473
AAPL_stock_gdelt_final_train,192.75000130405886,196.52674768521427
MSFT_stock_gdelt_final_train,374.3800026815589,383.42646125720427
AAPL_stock_gdelt_final_train,146.91999866013177,150.56191620906114
MSFT_stock_gdelt_final_train,393.8699924839894,403.23360234737635
MSFT_stock_gdelt_final_train,281.9200162507696,297.1939072228816
AAPL_stock_gdelt_final_train,179.38000653721264,184.74517580185713
AAPL_stock_gdelt_final_train,229.53999700361422,230.1787657355435
MSFT_stock_gdelt_final_train,249.41999852965637,262.4494974464997
AAPL_stock_gdelt_final_train,167.66000205848982,166.83472843469582
MSFT_stock_gdelt_final_train,403.7799924911488,409.976685210957
MSFT_stock_gdelt_final_train,225.41000368147843,242.54058253700487
MSFT_stock_gdelt_final_train,255.28999468341408,262.9895494341691
AAPL_stock_gdelt_final_train,169.58000289377955,173.67163119759402
MSFT_stock_gdelt_final_train,260.54998706302746,284.2057090399249
MSFT_stock_gdelt_final_train,309.4200125161279,320.523541340197
MSFT_stock_gdelt_final_train,418.01001274045854,433.98301830928546
AAPL_stock_gdelt_final_train,190.28999212923335,195.5076054001455
AAPL_stock_gdelt_final_train,139.07000788909312,141.68438624499484
MSFT_stock_gdelt_final_train,412.86998879695244,428.02367545920066
MSFT_stock_gdelt_final_train,320.76999137162426,343.12928650753025
AAPL_stock_gdelt_final_train,143.28999409150663,151.82159483146077
AAPL_stock_gdelt_final_train,254.49000385001236,252.18688718024973
AAPL_stock_gdelt_final_train,171.5200032506078,175.93024212937505
AAPL_stock_gdelt_final_train,179.66000409035135,184.5651631016143
MSFT_stock_gdelt_final_train,242.97999632335677,236.24046107716276
MSFT_stock_gdelt_final_train,310.1099889069847,321.9766910747458
MSFT_stock_gdelt_final_train,319.9699988954199,342.6939396412709
MSFT_stock_gdelt_final_train,302.6199927712515,318.18621502485263
MSFT_stock_gdelt_final_train,227.1199952081961,235.10035195948558
MSFT_stock_gdelt_final_train,428.89999972655283,455.4324037984407
AAPL_stock_gdelt_final_train,170.33000195787113,164.76716735407476
MSFT_stock_gdelt_final_train,237.52999812181406,241.06001818488176
AAPL_stock_gdelt_final_train,125.05999760892071,133.01102444069969
MSFT_stock_gdelt_final_train,241.0099939264187,246.4154157923913
MSFT_stock_gdelt_final_train,415.48998317859883,429.64867824746403
AAPL_stock_gdelt_final_train,179.6999988818295,179.5775953475831
MSFT_stock_gdelt_final_train,447.26998484463553,458.8990632247624
MSFT_stock_gdelt_final_train,294.95000974161854,309.79399416153325
MSFT_stock_gdelt_final_train,332.4299920403501,345.8994487749515
AAPL_stock_gdelt_final_train,173.07000868583535,165.01047785973128
AAPL_stock_gdelt_final_train,233.3999896925343,234.90412037491296
MSFT_stock_gdelt_final_train,269.49999990315706,277.04535789219887
MSFT_stock_gdelt_final_train,244.1999981650224,255.39919662386004
AAPL_stock_gdelt_final_train,182.67999136505838,186.85503178899722
MSFT_stock_gdelt_final_train,260.73999098274913,272.06830749679835
MSFT_stock_gdelt_final_train,371.29999360401786,387.59809408000007
AAPL_stock_gdelt_final_train,147.05999743670114,133.44090042350624
MSFT_stock_gdelt_final_train,286.14001841131727,302.17939581170145
MSFT_stock_gdelt_final_train,251.50999599360966,265.38043050549373
MSFT_stock_gdelt_final_train,277.0100072640417,291.1443236388441
AAPL_stock_gdelt_final_train,188.32000524489416,193.46493317987452
AAPL_stock_gdelt_final_train,152.05999686611045,173.01305001448074
AAPL_stock_gdelt_final_train,179.2299973708766,172.89875002786457
AAPL_stock_gdelt_final_train,242.64999799045924,242.53962648128814
AAPL_stock_gdelt_final_train,150.64999445905124,160.79846978277848
MSFT_stock_gdelt_final_train,407.71999728502493,421.44521726002137
MSFT_stock_gdelt_final_train,253.58999545381812,264.4725448077507
AAPL_stock_gdelt_final_train,142.44999718049152,151.9424018902952
AAPL_stock_gdelt_final_train,156.78999425155135,155.25618740838632
AAPL_stock_gdelt_final_train,187.44000078760402,188.76437386567784
MSFT_stock_gdelt_final_train,413.48998677042624,430.2356082420375
AAPL_stock_gdelt_final_train,228.88000428964403,237.08489303281473
AAPL_stock_gdelt_final_train,154.07000830312055,145.45509748141725
AAPL_stock_gdelt_final_train,152.9499968325709,157.58608915163808
MSFT_stock_gdelt_final_train,280.73999310862933,287.9960785661861
AAPL_stock_gdelt_final_train,150.72000128763412,153.8026677601052
AAPL_stock_gdelt_final_train,144.80000260945653,152.38566934694657
AAPL_stock_gdelt_final_train,133.00000004457948,139.38372487363537
AAPL_stock_gdelt_final_train,146.69999754580925,152.12214673980316
MSFT_stock_gdelt_final_train,337.33999341824716,347.5822482423974
AAPL_stock_gdelt_final_train,209.67999593674682,217.771392497105
MSFT_stock_gdelt_final_train,429.1700066983104,441.6011015036493
MSFT_stock_gdelt_final_train,244.49000494868505,254.51392817583655
AAPL_stock_gdelt_final_train,172.39999495310104,185.73032230158952
AAPL_stock_gdelt_final_train,153.49000517210666,152.80320187505353
AAPL_stock_gdelt_final_train,136.7599951258068,135.684965572323
AAPL_stock_gdelt_final_train,180.9499987391818,162.60467657172904
AAPL_stock_gdelt_final_train,230.1000091162875,236.38316662338912
AAPL_stock_gdelt_final_train,138.97999516157324,162.50898158219042
MSFT_stock_gdelt_final_train,337.98999301178634,355.2091120275691
MSFT_stock_gdelt_final_train,258.2600105021002,271.0258367988736
AAPL_stock_gdelt_final_train,174.91999844094323,163.35516031810283
AAPL_stock_gdelt_final_train,161.41000277172816,166.4798644753555
AAPL_stock_gdelt_final_train,119.9899979940519,126.80870258474872
MSFT_stock_gdelt_final_train,251.71999972523645,262.0488430445285
MSFT_stock_gdelt_final_train,261.11999501777706,268.990695200977
AAPL_stock_gdelt_final_train,154.99999880946018,163.2083270961948
MSFT_stock_gdelt_final_train,377.429987312542,392.82610654352544
MSFT_stock_gdelt_final_train,322.9299938838686,338.25633252707127
MSFT_stock_gdelt_final_train,284.8200079990875,297.88926305715364
MSFT_stock_gdelt_final_train,326.79000703895514,340.4310429093603
AAPL_stock_gdelt_final_train,184.57000567283717,186.4193449333032
AAPL_stock_gdelt_final_train,165.80999954858504,177.42887124269103
AAPL_stock_gdelt_final_train,157.44000421114814,174.47552353018537
AAPL_stock_gdelt_final_train,146.7700043743921,152.93463580550483
MSFT_stock_gdelt_final_train,339.7099920532874,348.3724709797826
AAPL_stock_gdelt_final_train,134.9900055826526,136.28831635906158
AAPL_stock_gdelt_final_train,151.28999402888132,154.4809593560273
AAPL_stock_gdelt_final_train,145.86000063479415,132.5807360527934
AAPL_stock_gdelt_final_train,170.72999664024115,172.39990992112172
AAPL_stock_gdelt_final_train,147.41000394422218,151.93170274149594
MSFT_stock_gdelt_final_train,334.6499901838943,341.15146223247217
MSFT_stock_gdelt_final_train,389.47000342954203,403.2779618312671
AAPL_stock_gdelt_final_train,152.99000437884592,166.85859691129392
MSFT_stock_gdelt_final_train,252.66999649735226,266.75172824210864
AAPL_stock_gdelt_final_train,170.42999106236599,176.41914199773416
MSFT_stock_gdelt_final_train,421.5299948534194,430.81652726023464
MSFT_stock_gdelt_final_train,413.8399929898042,426.9276385920494
AAPL_stock_gdelt_final_train,137.38999918646655,126.85551481516968
MSFT_stock_gdelt_final_train,286.220002441276,298.8244644576699
AAPL_stock_gdelt_final_train,150.6199951767434,148.61053644759895
AAPL_stock_gdelt_final_train,192.42000069547478,198.21479403568705
MSFT_stock_gdelt_final_train,249.30999766197056,263.588954106931
MSFT_stock_gdelt_final_train,242.44999750345596,256.363220275659
AAPL_stock_gdelt_final_train,128.80000273470714,168.90404117409108
MSFT_stock_gdelt_final_train,257.2200012609574,269.5258014485899
MSFT_stock_gdelt_final_train,409.48999395408106,417.5099755942611
MSFT_stock_gdelt_final_train,333.6799935998734,348.3728818566488
MSFT_stock_gdelt_final_train,262.51998945996553,270.87449715314693
MSFT_stock_gdelt_final_train,250.19999880278647,265.37426735250034
AAPL_stock_gdelt_final_train,165.63000385473805,151.03262561124197
MSFT_stock_gdelt_final_train,308.1300037239635,322.58742149223696
AAPL_stock_gdelt_final_train,141.1100016020152,141.78433495929949
MSFT_stock_gdelt_final_train,299.8399998943642,311.3770570741181
MSFT_stock_gdelt_final_train,278.01001307695884,292.7651567877984
AAPL_stock_gdelt_final_train,149.71000631774183,152.51782604922218
MSFT_stock_gdelt_final_train,427.5100032881092,429.8163616618695
MSFT_stock_gdelt_final_train,448.36999352149365,451.35098127427415
MSFT_stock_gdelt_final_train,319.52999542467666,334.4103424472524
AAPL_stock_gdelt_final_train,191.80999828215306,173.65941210216423
MSFT_stock_gdelt_final_train,283.5199859855166,307.0257036665026
AAPL_stock_gdelt_final_train,153.83000128986103,159.2115604685215
MSFT_stock_gdelt_final_train,332.4200168630978,340.52425108734684
AAPL_stock_gdelt_final_train,179.21000635253597,164.21244423051584
AAPL_stock_gdelt_final_train,152.57000592333839,152.77469065238398
MSFT_stock_gdelt_final_train,326.6600025549488,342.3700621470526
AAPL_stock_gdelt_final_train,162.0300006942202,153.99955080504722
MSFT_stock_gdelt_final_train,288.7999895902813,298.1805747553081
MSFT_stock_gdelt_final_train,449.55999944971705,458.92657675713787
MSFT_stock_gdelt_final_train,246.27000342590145,261.76055966105474
MSFT_stock_gdelt_final_train,266.690001601789,277.356665597843
AAPL_stock_gdelt_final_train,185.58999827769924,189.83682269858895
MSFT_stock_gdelt_final_train,273.7799976950046,284.82194064212496
AAPL_stock_gdelt_final_train,140.9100042608302,166.10855533121264
AAPL_stock_gdelt_final_train,242.8399934450755,245.18828760545645
MSFT_stock_gdelt_final_train,243.08000108950546,258.06885384450385
MSFT_stock_gdelt_final_train,307.00000103587087,321.0227262973386
MSFT_stock_gdelt_final_train,237.58000145599226,246.53033576922553
AAPL_stock_gdelt_final_train,152.74000610801505,157.5483859720029
MSFT_stock_gdelt_final_train,252.74999954938812,258.7898324166836
MSFT_stock_gdelt_final_train,408.45998652109853,423.0740701166979
AAPL_stock_gdelt_final_train,128.91000329186838,148.5346751672392
MSFT_stock_gdelt_final_train,423.2600147251579,438.3486458835869
MSFT_stock_gdelt_final_train,254.08000035653185,265.62754250520544
AAPL_stock_gdelt_final_train,157.86999392422703,156.79389721940262
MSFT_stock_gdelt_final_train,235.8699947116129,239.72898447894931
MSFT_stock_gdelt_final_train,331.160002082168,346.28279689114066
MSFT_stock_gdelt_final_train,279.32001026778204,290.37689695870364
MSFT_stock_gdelt_final_train,291.3200039344793,306.05049503334527
AAPL_stock_gdelt_final_train,153.19999510340176,171.9954042922482
MSFT_stock_gdelt_final_train,402.79000750846905,417.3413639024912
AAPL_stock_gdelt_final_train,149.39999460169892,153.26330991521132
AAPL_stock_gdelt_final_train,166.47000076575316,172.1095597244995
AAPL_stock_gdelt_final_train,142.91999869144442,158.76258311445807
AAPL_stock_gdelt_final_train,148.10999995286844,152.88618458368225
MSFT_stock_gdelt_final_train,315.4100037369008,323.48342219618286
AAPL_stock_gdelt_final_train,168.99999976276564,172.48644696648645
MSFT_stock_gdelt_final_train,224.33999662468568,227.06912541840416
MSFT_stock_gdelt_final_train,388.47000522545574,398.7922364707338
AAPL_stock_gdelt_final_train,180.71000873231816,188.35948559289736
MSFT_stock_gdelt_final_train,267.66000199022534,280.6086494703923
MSFT_stock_gdelt_final_train,310.20000898484255,319.40231924291226
MSFT_stock_gdelt_final_train,260.64999373138386,265.45711610727636
AAPL_stock_gdelt_final_train,156.69000089545756,142.3418662639758
AAPL_stock_gdelt_final_train,137.3500065207879,145.31810245951777
MSFT_stock_gdelt_final_train,254.77000337829668,263.1243170462913
MSFT_stock_gdelt_final_train,438.1099872949563,449.90499905839175
AAPL_stock_gdelt_final_train,157.9600087775464,178.07030997877126
AAPL_stock_gdelt_final_train,224.1799891801151,232.83050501736358
MSFT_stock_gdelt_final_train,310.1099889069847,326.57207490557636
AAPL_stock_gdelt_final_train,212.49000524169492,218.48922396341584
AAPL_stock_gdelt_final_train,189.86999367372582,195.3550410228306
MSFT_stock_gdelt_final_train,301.1499970851874,316.04192474832604
MSFT_stock_gdelt_final_train,263.10000683170625,277.59362741719275
AAPL_stock_gdelt_final_train,130.91999772248263,141.5647462500767
AAPL_stock_gdelt_final_train,191.1699965865235,180.54224914029683
AAPL_stock_gdelt_final_train,193.61999749738177,197.72047763024457
MSFT_stock_gdelt_final_train,334.69000502536625,345.01306563320765
AAPL_stock_gdelt_final_train,147.36000088877685,128.94186264872408
MSFT_stock_gdelt_final_train,287.61999688346447,295.3211152489603
AAPL_stock_gdelt_final_train,135.36999436608562,151.54336806929163
MSFT_stock_gdelt_final_train,282.8299867681672,300.976865747889
AAPL_stock_gdelt_final_train,182.00999463871995,168.8244597446356
AAPL_stock_gdelt_final_train,146.50000020462423,163.25759462501892
AAPL_stock_gdelt_final_train,131.2400060105956,134.99709937552825
MSFT_stock_gdelt_final_train,256.92001169121164,264.11325581472835
AAPL_stock_gdelt_final_train,171.17999437805653,150.05368006860226
MSFT_stock_gdelt_final_train,241.7299966660412,254.3319097240983
AAPL_stock_gdelt_final_train,170.33000195787113,179.32572212160798
AAPL_stock_gdelt_final_train,177.49000498423075,180.69980489479846
AAPL_stock_gdelt_final_train,166.55999861267662,180.69170134716828
MSFT_stock_gdelt_final_train,213.02000429048095,227.47673714508937
MSFT_stock_gdelt_final_train,328.3900148178564,341.8785468914139
MSFT_stock_gdelt_final_train,282.0599959120282,299.7334610447179
AAPL_stock_gdelt_final_train,155.3099956449067,148.78610835272124
AAPL_stock_gdelt_final_train,161.9400028472967,166.61901930953
AAPL_stock_gdelt_final_train,222.0800054057753,222.51986733165447
AAPL_stock_gdelt_final_train,144.83999527513518,154.62443381475182
AAPL_stock_gdelt_final_train,169.38000342679504,176.07936271152707
MSFT_stock_gdelt_final_train,439.3299872344142,446.59512720068966
AAPL_stock_gdelt_final_train,169.88999972922608,173.07764880917819
MSFT_stock_gdelt_final_train,396.5100133084489,411.2781452935597
MSFT_stock_gdelt_final_train,416.8599836095528,426.47756102925274
MSFT_stock_gdelt_final_train,407.5700120111906,416.31158473443435
AAPL_stock_gdelt_final_train,170.0300006315949,174.69249963184322
MSFT_stock_gdelt_final_train,260.26001071468824,269.9784660138776
AAPL_stock_gdelt_final_train,144.49000577400997,157.1845256292494
AAPL_stock_gdelt_final_train,175.49000606278682,183.20512761140924
MSFT_stock_gdelt_final_train,250.66000208543483,257.4243440224273
AAPL_stock_gdelt_final_train,140.52000508763047,144.36792536128507
AAPL_stock_gdelt_final_train,119.9800032820564,142.9200135720408
AAPL_stock_gdelt_final_train,174.7899930477447,179.21387105599655
AAPL_stock_gdelt_final_train,171.1300040774081,177.7862181358278
MSFT_stock_gdelt_final_train,234.5099941866115,252.71113744579088
AAPL_stock_gdelt_final_train,160.55000208757556,161.99825400473713
AAPL_stock_gdelt_final_train,174.9100029317729,188.56333275694655
MSFT_stock_gdelt_final_train,283.22000022018625,283.40722311223004
MSFT_stock_gdelt_final_train,454.4599952150384,460.60823489995533
MSFT_stock_gdelt_final_train,245.029999870123,254.05062266059667
MSFT_stock_gdelt_final_train,271.32000561301453,276.86243398958874
MSFT_stock_gdelt_final_train,315.74999673487224,325.8512447055983
AAPL_stock_gdelt_final_train,177.44999743795572,184.15342125129976
AAPL_stock_gdelt_final_train,226.05000396635532,228.92020740947154
MSFT_stock_gdelt_final_train,252.320005495636,265.63012570328107
AAPL_stock_gdelt_final_train,188.85000957206168,193.09416824039937
MSFT_stock_gdelt_final_train,241.2200014624609,253.2933651828953
MSFT_stock_gdelt_final_train,301.60000616850635,316.8313713849639
AAPL_stock_gdelt_final_train,164.6600058021234,160.9030591173551
MSFT_stock_gdelt_final_train,265.51000889497215,274.9412308293459
AAPL_stock_gdelt_final_train,179.80000499272018,190.13804848536753
AAPL_stock_gdelt_final_train,166.02000302793778,179.91120981528871
MSFT_stock_gdelt_final_train,301.1400142991043,316.0608859548193
AAPL_stock_gdelt_final_train,142.55999667475305,168.87055558063068
AAPL_stock_gdelt_final_train,174.61000160549668,181.62434059966404
AAPL_stock_gdelt_final_train,185.00999514668533,188.62948763686575
AAPL_stock_gdelt_final_train,158.5200038838238,163.2692355029893
MSFT_stock_gdelt_final_train,299.55999491886183,312.3440481699509
AAPL_stock_gdelt_final_train,192.32000308778203,187.0954427041586
MSFT_stock_gdelt_final_train,369.1400139182661,387.9878031787849
AAPL_stock_gdelt_final_train,189.42999569667973,168.42805766339228
AAPL_stock_gdelt_final_train,188.60999830720317,168.27673475297556
MSFT_stock_gdelt_final_train,454.70000817556144,470.61381704032834
MSFT_stock_gdelt_final_train,244.9900040507282,255.98844350742914
AAPL_stock_gdelt_final_train,151.72999625752638,161.9404407619903
AAPL_stock_gdelt_final_train,210.61999895865262,217.22519808107293
MSFT_stock_gdelt_final_train,310.88000258961625,328.4856197775626
AAPL_stock_gdelt_final_train,198.11000062436005,200.07342303989495
AAPL_stock_gdelt_final_train,225.00999483355884,228.27314805955754
MSFT_stock_gdelt_final_train,309.45998931344553,319.93431347870506
AAPL_stock_gdelt_final_train,163.75999332009678,152.67137679749735
MSFT_stock_gdelt_final_train,242.25999358373429,265.80719461054747
MSFT_stock_gdelt_final_train,225.74999953276142,237.67674964253456
MSFT_stock_gdelt_final_train,326.190005072971,336.736346822283
AAPL_stock_gdelt_final_train,189.6900064830768,194.78663625379735
MSFT_stock_gdelt_final_train,290.17001284772783,305.62878319197995
MSFT_stock_gdelt_final_train,416.7199963394633,429.92430053639333
AAPL_stock_gdelt_final_train,169.11999689199695,173.81510565631854
AAPL_stock_gdelt_final_train,191.9400036753516,197.96132220850052
MSFT_stock_gdelt_final_train,410.37000089556756,420.25266998229205
AAPL_stock_gdelt_final_train,173.00000185725247,175.917036662985
AAPL_stock_gdelt_final_train,248.05000485703547,254.85018230806082
MSFT_stock_gdelt_final_train,240.33000222385272,252.92295588357683
MSFT_stock_gdelt_final_train,448.98999149496746,451.77319529847597
AAPL_stock_gdelt_final_train,129.6399996457222,148.49293509438527
MSFT_stock_gdelt_final_train,280.74999872120503,294.1038697062723
AAPL_stock_gdelt_final_train,142.1600041181825,149.09940868056478
MSFT_stock_gdelt_final_train,394.940007149613,404.5169534125417
AAPL_stock_gdelt_final_train,125.01999644004411,174.56691590156987
MSFT_stock_gdelt_final_train,408.8999899918418,421.22373941146367
MSFT_stock_gdelt_final_train,280.9800136779832,291.12910597713204
MSFT_stock_gdelt_final_train,299.48999367498624,316.65752481756505
MSFT_stock_gdelt_final_train,252.50999419769596,256.6161986839607
AAPL_stock_gdelt_final_train,144.4999991573808,128.52942885067773
MSFT_stock_gdelt_final_train,234.2400062369311,258.85412323300176
MSFT_stock_gdelt_final_train,410.540012612215,423.8519513304346
MSFT_stock_gdelt_final_train,425.3399951632892,434.065391512133
MSFT_stock_gdelt_final_train,435.26999117793827,452.09173139343335
MSFT_stock_gdelt_final_train,237.5000003061641,252.4987978030913
AAPL_stock_gdelt_final_train,166.4199977103078,170.3157676045312
MSFT_stock_gdelt_final_train,267.55999912628437,268.04764529143273
AAPL_stock_gdelt_final_train,181.5599969009046,186.27468002686805
AAPL_stock_gdelt_final_train,172.99000634808215,175.77561147496237
AAPL_stock_gdelt_final_train,209.82000959391257,208.535235908613
AAPL_stock_gdelt_final_train,145.9100036902395,154.4379289228871
AAPL_stock_gdelt_final_train,216.78999590766108,220.24479420867505
MSFT_stock_gdelt_final_train,261.499999052805,274.13146100549153
MSFT_stock_gdelt_final_train,280.2699880178207,300.8149650449341
MSFT_stock_gdelt_final_train,244.74000449970663,258.81644430260263
MSFT_stock_gdelt_final_train,242.19999605022667,252.79297042164762
AAPL_stock_gdelt_final_train,174.7200032255577,178.67054221766793
AAPL_stock_gdelt_final_train,193.17999101713775,187.7696442618749
AAPL_stock_gdelt_final_train,207.14999693973434,197.06634361965027
MSFT_stock_gdelt_final_train,238.50000041245812,249.52099054160863
MSFT_stock_gdelt_final_train,334.97000239203777,348.0992682990655
AAPL_stock_gdelt_final_train,156.89999587161236,158.06988710123736
MSFT_stock_gdelt_final_train,238.99999951450127,258.12426135079755
AAPL_stock_gdelt_final_train,227.55000209453854,232.50808075813788
MSFT_stock_gdelt_final_train,285.2600114698308,309.3869825813818
MSFT_stock_gdelt_final_train,329.4899930593911,345.29132057761313
AAPL_stock_gdelt_final_train,229.78999102284612,230.81534914560396
AAPL_stock_gdelt_final_train,125.91000384680275,133.94855196910723
AAPL_stock_gdelt_final_train,187.64999576375882,189.51041894273058
MSFT_stock_gdelt_final_train,408.48999574999476,428.66307595135737
MSFT_stock_gdelt_final_train,247.3999947007478,255.39635852995073
MSFT_stock_gdelt_final_train,421.4299995983093,434.2219051628418
MSFT_stock_gdelt_final_train,283.64999046952295,295.14484907334923
AAPL_stock_gdelt_final_train,173.5700052274971,160.43655667235166
AAPL_stock_gdelt_final_train,146.39999409373354,161.03322607131435
AAPL_stock_gdelt_final_train,191.33000126202987,176.95035377900817
MSFT_stock_gdelt_final_train,305.41000647837615,318.43554119434344
MSFT_stock_gdelt_final_train,239.6499934014173,243.7512578542487
MSFT_stock_gdelt_final_train,248.00000047114736,249.69933773245884
AAPL_stock_gdelt_final_train,225.77000216161764,224.47636814407184
MSFT_stock_gdelt_final_train,330.7199986114247,349.0798487668072
MSFT_stock_gdelt_final_train,411.45999635101913,421.4421280746938
MSFT_stock_gdelt_final_train,328.66000657195224,342.89183011417487
MSFT_stock_gdelt_final_train,224.9299929780941,234.19292849821704
AAPL_stock_gdelt_final_train,163.9799965602188,163.73097615715022
AAPL_stock_gdelt_final_train,147.53999233102485,150.8126032389246
AAPL_stock_gdelt_final_train,207.4900058122856,212.69112287920763
MSFT_stock_gdelt_final_train,425.42999241465446,432.9029599869319
MSFT_stock_gdelt_final_train,421.6500013336809,434.7109703749448
AAPL_stock_gdelt_final_train,189.71000600461534,192.74225489074183
MSFT_stock_gdelt_final_train,423.4599900177164,432.446658400495
MSFT_stock_gdelt_final_train,255.02000292931825,266.0383965449392
AAPL_stock_gdelt_final_train,140.8200064139067,154.2151663950358
MSFT_stock_gdelt_final_train,279.9299950198493,289.48722680202997
MSFT_stock_gdelt_final_train,272.230010370151,291.71437724657886
AAPL_stock_gdelt_final_train,175.83999768971148,177.96553357384013
MSFT_stock_gdelt_final_train,413.6400176972457,435.1992899216239
AAPL_stock_gdelt_final_train,232.97999974022466,232.1640073569746
MSFT_stock_gdelt_final_train,244.520002764335,257.27947188292825
MSFT_stock_gdelt_final_train,424.73001041122194,436.8398299424953
AAPL_stock_gdelt_final_train,125.06999949548947,152.22310946046133
MSFT_stock_gdelt_final_train,228.86999586976253,238.25336776909035
AAPL_stock_gdelt_final_train,177.55999905801673,179.77571135622543
MSFT_stock_gdelt_final_train,253.24999865143127,260.6200796128733
AAPL_stock_gdelt_final_train,226.36999631097217,231.79251964567516
AAPL_stock_gdelt_final_train,148.19000229062163,151.47494070972482
MSFT_stock_gdelt_final_train,322.45998879305995,336.38169921608284
AAPL_stock_gdelt_final_train,190.6899995664003,186.36146366497286
MSFT_stock_gdelt_final_train,242.71000647146866,259.84081359192083
MSFT_stock_gdelt_final_train,415.5499864187296,437.3795851857613
AAPL_stock_gdelt_final_train,180.33000081668976,181.3783260770648
AAPL_stock_gdelt_final_train,131.86000074438843,136.0604221512577
AAPL_stock_gdelt_final_train,125.900001960234,131.86533543819166
AAPL_stock_gdelt_final_train,167.63000277618198,173.14531725832947
AAPL_stock_gdelt_final_train,173.02999688796132,165.31331075091924
MSFT_stock_gdelt_final_train,258.7399907701611,271.8797720814319
MSFT_stock_gdelt_final_train,333.2000133318125,339.17059442507167
AAPL_stock_gdelt_final_train,222.77000590525122,225.1130535925075
MSFT_stock_gdelt_final_train,373.2600132148728,385.47694986693756
AAPL_stock_gdelt_final_train,189.46000348218547,185.23627799848092
MSFT_stock_gdelt_final_train,289.8599834256675,310.2303149581422
AAPL_stock_gdelt_final_train,195.17999419018065,198.6528702900003
MSFT_stock_gdelt_final_train,340.54000136721885,350.3686021018803
AAPL_stock_gdelt_final_train,133.58000211269365,139.1556882372661
AAPL_stock_gdelt_final_train,170.11999422691943,178.19981368329175
MSFT_stock_gdelt_final_train,242.5800019874623,251.2927448505925
AAPL_stock_gdelt_final_train,172.1900042285452,143.38641185286957
MSFT_stock_gdelt_final_train,295.9200139344703,312.16545369209786
MSFT_stock_gdelt_final_train,415.2600138748058,434.02229509416435
MSFT_stock_gdelt_final_train,325.2600081127603,337.2278925132451
AAPL_stock_gdelt_final_train,228.28000163709157,231.5848800553478
AAPL_stock_gdelt_final_train,126.36000052171839,169.06284689868886
AAPL_stock_gdelt_final_train,149.0299992016367,155.4470416859938
MSFT_stock_gdelt_final_train,254.55999584225447,273.61859917488624
MSFT_stock_gdelt_final_train,331.85000890834823,340.3546198122422
AAPL_stock_gdelt_final_train,137.4400022419119,145.8987348271787
MSFT_stock_gdelt_final_train,294.79998642362995,307.32985907114204
AAPL_stock_gdelt_final_train,165.32000701929152,145.05883357714038
MSFT_stock_gdelt_final_train,417.13000579897204,433.3879925186812
MSFT_stock_gdelt_final_train,274.57998636679355,284.6754630393153
MSFT_stock_gdelt_final_train,232.33000137350064,239.77919705597606
MSFT_stock_gdelt_final_train,430.80999888336015,448.12091083459023
AAPL_stock_gdelt_final_train,133.94000200358553,126.51689621548047
MSFT_stock_gdelt_final_train,466.23998714636406,471.80295556183415
AAPL_stock_gdelt_final_train,153.71000841222866,163.80139964243182
MSFT_stock_gdelt_final_train,270.01998740385903,283.99187045754667
AAPL_stock_gdelt_final_train,165.78999152384856,161.95521931999792
AAPL_stock_gdelt_final_train,167.53000091689026,172.12850484949436
AAPL_stock_gdelt_final_train,176.27999991835657,180.42501555039377
AAPL_stock_gdelt_final_train,142.47999646279936,151.29480258731246
MSFT_stock_gdelt_final_train,323.0100083491507,343.7234296737552
AAPL_stock_gdelt_final_train,137.13000540646536,162.55676105137627
MSFT_stock_gdelt_final_train,326.67001577635534,346.1215809829628
AAPL_stock_gdelt_final_train,162.4100043582496,169.02657225630645
AAPL_stock_gdelt_final_train,138.91999872275707,148.90211960792146
MSFT_stock_gdelt_final_train,259.49999884021696,267.03933824405163
AAPL_stock_gdelt_final_train,193.96999762750437,195.02103540802005
AAPL_stock_gdelt_final_train,184.14999446253273,189.15041054864076
AAPL_stock_gdelt_final_train,140.3600004121241,146.91993488614727
AAPL_stock_gdelt_final_train,186.2799987771752,187.1129677950986
MSFT_stock_gdelt_final_train,280.07000511643133,298.7591502536016
MSFT_stock_gdelt_final_train,430.2999941687413,438.26484222053847
MSFT_stock_gdelt_final_train,420.1799904299551,425.1734378558504
MSFT_stock_gdelt_final_train,252.50999419769596,266.80542376145974
MSFT_stock_gdelt_final_train,233.27000394628703,246.64281331135498
MSFT_stock_gdelt_final_train,436.59999959391286,448.66804664378657
AAPL_stock_gdelt_final_train,143.77999937559704,143.36129340617532
AAPL_stock_gdelt_final_train,137.08999573439084,145.47718666384787
MSFT_stock_gdelt_final_train,252.4600079833872,261.26617587618335
AAPL_stock_gdelt_final_train,149.61999571602144,153.86366545047798
AAPL_stock_gdelt_final_train,189.25000000283273,193.09438932354564
AAPL_stock_gdelt_final_train,239.58999466627924,240.26272517075313
MSFT_stock_gdelt_final_train,286.3599821025346,297.2473973037996
MSFT_stock_gdelt_final_train,406.32000284283646,425.4529254308546
MSFT_stock_gdelt_final_train,258.48999121913954,267.16123171436544
AAPL_stock_gdelt_final_train,142.5299995182447,145.8695433486745
MSFT_stock_gdelt_final_train,265.4400038466811,273.16574819324256
AAPL_stock_gdelt_final_train,197.57000503962118,200.90313108141103
AAPL_stock_gdelt_final_train,176.08000045137206,178.06459582976026
AAPL_stock_gdelt_final_train,182.30999596499618,187.53834027169984
MSFT_stock_gdelt_final_train,423.85000346973544,436.57618395333344
AAPL_stock_gdelt_final_train,125.900001960234,135.54319813058356
AAPL_stock_gdelt_final_train,122.76999659051995,133.94876029745657
AAPL_stock_gdelt_final_train,132.3000029730335,137.37765254306774
AAPL_stock_gdelt_final_train,255.58999454102863,260.26829248303653
MSFT_stock_gdelt_final_train,260.3999941803623,275.80431573100856
AAPL_stock_gdelt_final_train,168.88000688513327,152.31525011326394
MSFT_stock_gdelt_final_train,390.2699959057464,402.7788377447724
MSFT_stock_gdelt_final_train,249.67999228000735,261.8775720663744
AAPL_stock_gdelt_final_train,143.42999286807597,146.9786558452735
AAPL_stock_gdelt_final_train,161.7899936809607,170.75291701026973
MSFT_stock_gdelt_final_train,253.13999778374546,267.5388123367657
AAPL_stock_gdelt_final_train,183.30999755151763,183.6993674880703
AAPL_stock_gdelt_final_train,135.4499967038388,137.47969516986342
AAPL_stock_gdelt_final_train,221.27000777706803,221.33218316035453
MSFT_stock_gdelt_final_train,404.05999746665117,419.50335231958894
MSFT_stock_gdelt_final_train,301.2499999491284,326.21423159041666
MSFT_stock_gdelt_final_train,418.35000573842996,432.7880209880205
MSFT_stock_gdelt_final_train,251.990006696994,278.89363421310196
MSFT_stock_gdelt_final_train,265.2300115283006,281.19630991272794
AAPL_stock_gdelt_final_train,173.49999839891422,170.71478016753997
AAPL_stock_gdelt_final_train,190.39999800089333,194.7344861408739
MSFT_stock_gdelt_final_train,437.3900092840341,461.8726095409657
AAPL_stock_gdelt_final_train,170.21000482863982,173.2528997185785
MSFT_stock_gdelt_final_train,286.95000889126646,300.62736171134753
AAPL_stock_gdelt_final_train,131.7899928529058,138.76194765697585
AAPL_stock_gdelt_final_train,167.03999138120088,173.38190173442095
MSFT_stock_gdelt_final_train,430.5299939078578,449.1835905872686
MSFT_stock_gdelt_final_train,330.10998342403406,344.34084064473797
AAPL_stock_gdelt_final_train,173.75000092134408,181.93588076553542
AAPL_stock_gdelt_final_train,217.49000467110423,223.07322994354408
AAPL_stock_gdelt_final_train,151.07000779515516,154.39789161541927
MSFT_stock_gdelt_final_train,251.1099997555075,259.2487286144424
AAPL_stock_gdelt_final_train,172.11999314836336,157.3287866337827
AAPL_stock_gdelt_final_train,177.97000200435394,180.03284806172113
MSFT_stock_gdelt_final_train,268.7399918331012,264.7780621931134
AAPL_stock_gdelt_final_train,141.66000332492177,145.39485232406156
MSFT_stock_gdelt_final_train,424.6000059272156,438.8443459961964
MSFT_stock_gdelt_final_train,323.7999876039485,337.8600037454417
AAPL_stock_gdelt_final_train,181.91000553422512,187.93099244265468
AAPL_stock_gdelt_final_train,136.91000429214284,144.19328455633644
MSFT_stock_gdelt_final_train,421.0300033602071,430.30433120232925
AAPL_stock_gdelt_final_train,226.2100086418617,237.16675331931629
MSFT_stock_gdelt_final_train,467.5599975585938,467.6783605313904
AAPL_stock_gdelt_final_train,167.39999552369173,166.60442782187687
AAPL_stock_gdelt_final_train,233.85000443674554,235.81815463033118
MSFT_stock_gdelt_final_train,212.64999389006454,225.10316616396221
MSFT_stock_gdelt_final_train,308.23001419673534,318.7781059771442
AAPL_stock_gdelt_final_train,150.86999557337379,167.15178717602575
AAPL_stock_gdelt_final_train,128.97999523985487,152.024610807912
MSFT_stock_gdelt_final_train,271.8699947337819,284.30059116069975
AAPL_stock_gdelt_final_train,227.82000413850693,230.13955748987416
MSFT_stock_gdelt_final_train,417.32001352310914,427.69278262293307
MSFT_stock_gdelt_final_train,402.6899970356972,412.1275647350049
MSFT_stock_gdelt_final_train,328.41000321651524,339.3005532560929
AAPL_stock_gdelt_final_train,169.30000108904187,175.40611351197927
MSFT_stock_gdelt_final_train,249.0700075279401,253.36792411645365
AAPL_stock_gdelt_final_train,193.11999245252207,201.9269246157492
AAPL_stock_gdelt_final_train,152.589996941679,170.6838965526471
MSFT_stock_gdelt_final_train,426.58998911398163,439.46655053061846
AAPL_stock_gdelt_final_train,133.41000405381646,138.1858496196127
AAPL_stock_gdelt_final_train,138.2700036437567,139.14976150830677
MSFT_stock_gdelt_final_train,302.7499972552578,309.20998595800853
AAPL_stock_gdelt_final_train,185.14000053988386,189.40085523736312
AAPL_stock_gdelt_final_train,124.6100004025552,129.26266917454302
MSFT_stock_gdelt_final_train,414.5799822258778,429.10537728901915
MSFT_stock_gdelt_final_train,305.5599993610413,321.6664486054215
MSFT_stock_gdelt_final_train,261.9700003391982,272.9685805592699
AAPL_stock_gdelt_final_train,151.8300023684171,156.9292086081114
MSFT_stock_gdelt_final_train,370.7300160845917,379.5158722034176
AAPL_stock_gdelt_final_train,168.2200014163662,172.09702601074616
MSFT_stock_gdelt_final_train,236.9600072869339,250.24611973102037
AAPL_stock_gdelt_final_train,157.39999241327413,161.23167370467607
MSFT_stock_gdelt_final_train,314.2699878274016,326.54133522891794
MSFT_stock_gdelt_final_train,319.91000326412,336.99124265596043
AAPL_stock_gdelt_final_train,179.07000545016714,183.18934567604546
MSFT_stock_gdelt_final_train,248.58999682455578,265.4205290441051
AAPL_stock_gdelt_final_train,155.74000661598043,148.71998110819536
MSFT_stock_gdelt_final_train,239.58000166858028,250.70307567691088
MSFT_stock_gdelt_final_train,313.4599897386216,322.16032259862556
AAPL_stock_gdelt_final_train,169.58999840294985,144.1135181823259
MSFT_stock_gdelt_final_train,289.9800127324216,293.20554070008444
MSFT_stock_gdelt_final_train,247.25000181808264,253.75486360080686
MSFT_stock_gdelt_final_train,294.60000352224057,304.852499832723
MSFT_stock_gdelt_final_train,334.5700061539356,344.044111459014
AAPL_stock_gdelt_final_train,224.52999781343564,228.45356041010322
MSFT_stock_gdelt_final_train,277.7499965001153,298.61252808300566
AAPL_stock_gdelt_final_train,176.55000196232496,179.88317477170344
AAPL_stock_gdelt_final_train,136.0099939359157,156.24891450907603
MSFT_stock_gdelt_final_train,327.5000022637942,350.52255918542147
AAPL_stock_gdelt_final_train,138.9299921061279,165.68699228728542
MSFT_stock_gdelt_final_train,262.26998990894396,271.62954426548464
MSFT_stock_gdelt_final_train,415.0000049067931,436.46491241089467
AAPL_stock_gdelt_final_train,226.96000770595327,231.48733136865977
AAPL_stock_gdelt_final_train,138.3800052638177,154.71199974706644
AAPL_stock_gdelt_final_train,188.63000633193965,185.89803087442326
AAPL_stock_gdelt_final_train,130.8399964476292,146.74559807052475
MSFT_stock_gdelt_final_train,449.7800011850887,455.28429029699697
AAPL_stock_gdelt_final_train,174.1499956037141,175.01595277801883
AAPL_stock_gdelt_final_train,159.2799984570857,162.42285269032647
AAPL_stock_gdelt_final_train,169.66999648910405,173.027241851831
AAPL_stock_gdelt_final_train,231.30000591819447,232.01139196047208
AAPL_stock_gdelt_final_train,175.83999768971148,179.146746811513
MSFT_stock_gdelt_final_train,330.5299984961185,344.88768731836177
MSFT_stock_gdelt_final_train,295.0400069929838,315.39325670018667
MSFT_stock_gdelt_final_train,294.99999976034275,310.69592975354686
AAPL_stock_gdelt_final_train,122.0599976324052,132.474245190579
AAPL_stock_gdelt_final_train,145.60000685479295,131.16434880698623
MSFT_stock_gdelt_final_train,384.6300109043514,396.1729268838645
MSFT_stock_gdelt_final_train,231.60000633675645,238.45466699821782
AAPL_stock_gdelt_final_train,145.6399995204716,166.3524185447348
AAPL_stock_gdelt_final_train,168.53999376098304,152.60237334627055
MSFT_stock_gdelt_final_train,299.49999928756193,313.8058719716756
AAPL_stock_gdelt_final_train,120.12999730207113,134.4445254352469
AAPL_stock_gdelt_final_train,164.32000543277007,170.71497574109242
MSFT_stock_gdelt_final_train,374.2300174077246,381.9959706209448
AAPL_stock_gdelt_final_train,142.41000451481287,147.32416628688745
MSFT_stock_gdelt_final_train,416.32000010136113,429.487842780829
MSFT_stock_gdelt_final_train,256.86999504157944,266.7911381815275
AAPL_stock_gdelt_final_train,160.8000046100054,174.377379619642
AAPL_stock_gdelt_final_train,218.36000086442715,226.1077661899146
AAPL_stock_gdelt_final_train,219.85999899261037,222.98064712444895
MSFT_stock_gdelt_final_train,313.85998597672375,328.02548334037425
AAPL_stock_gdelt_final_train,121.08999639109132,148.05777756276257
AAPL_stock_gdelt_final_train,178.1999965020473,183.38966401295247
MSFT_stock_gdelt_final_train,420.98999612756603,434.5007231607306
MSFT_stock_gdelt_final_train,335.019992410762,353.5122818760247
MSFT_stock_gdelt_final_train,288.45001380622676,301.7858366445035
AAPL_stock_gdelt_final_train,138.19999681517382,146.03986665487264
AAPL_stock_gdelt_final_train,154.52999729850728,153.79624784566573
MSFT_stock_gdelt_final_train,415.27999466463376,418.852705975427
MSFT_stock_gdelt_final_train,272.42001428987265,284.21572226133145
MSFT_stock_gdelt_final_train,410.600000634684,425.06041628231475
MSFT_stock_gdelt_final_train,277.35000787084397,300.5585778804089
AAPL_stock_gdelt_final_train,162.8800058692025,166.47646319618227
MSFT_stock_gdelt_final_train,227.86999481236467,233.9623619012018
MSFT_stock_gdelt_final_train,411.6499888574945,415.61854198474254
MSFT_stock_gdelt_final_train,240.2200013561669,243.7417106737321
AAPL_stock_gdelt_final_train,173.9699999098671,174.7618942301749
AAPL_stock_gdelt_final_train,129.6100003634144,131.09615528536258
MSFT_stock_gdelt_final_train,294.8500068776776,304.8836960392328
MSFT_stock_gdelt_final_train,307.26001000388356,318.34869399895257
AAPL_stock_gdelt_final_train,173.309998692699,173.6059269871653
AAPL_stock_gdelt_final_train,228.0200078570904,228.4871735515326
AAPL_stock_gdelt_final_train,149.35000642684994,155.9999621315909
MSFT_stock_gdelt_final_train,241.75999448169114,258.46270595168977
AAPL_stock_gdelt_final_train,146.86999560468644,152.4443754254764
AAPL_stock_gdelt_final_train,171.47999570433277,177.19427651491588
MSFT_stock_gdelt_final_train,415.1000001619032,427.4155929148474
AAPL_stock_gdelt_final_train,137.86999408079026,143.79402327478815
MSFT_stock_gdelt_final_train,425.2000078931997,434.9188588515936
AAPL_stock_gdelt_final_train,153.64999284121714,143.94698730240592
MSFT_stock_gdelt_final_train,240.44999729086794,258.14541390057735
MSFT_stock_gdelt_final_train,245.11999331707284,262.15504710561714
MSFT_stock_gdelt_final_train,291.9100002878877,301.3184261650168
AAPL_stock_gdelt_final_train,154.3000028008139,141.56818154204166
AAPL_stock_gdelt_final_train,192.58000537098116,173.86503643458144
AAPL_stock_gdelt_final_train,163.61999666932692,174.48099958965426
AAPL_stock_gdelt_final_train,170.69000184876302,174.9637346395119
MSFT_stock_gdelt_final_train,274.0299972460262,296.1826783844518
AAPL_stock_gdelt_final_train,175.1000068895871,182.85238094835424
AAPL_stock_gdelt_final_train,148.640000028437,152.65013580906054
MSFT_stock_gdelt_final_train,432.5300055336921,443.47727179847067
AAPL_stock_gdelt_final_train,146.80000365669994,149.43568677502293
AAPL_stock_gdelt_final_train,221.71999701168548,225.44833468700799
AAPL_stock_gdelt_final_train,163.64000044246444,161.13605524391883
AAPL_stock_gdelt_final_train,223.44999814075996,224.6577498591819
MSFT_stock_gdelt_final_train,332.4699992729912,346.3175692481528
AAPL_stock_gdelt_final_train,165.8399945792939,169.15872895858203
MSFT_stock_gdelt_final_train,227.38999932664206,242.625725354284
AAPL_stock_gdelt_final_train,243.00999788135113,245.06521231857337
AAPL_stock_gdelt_final_train,145.4299917895199,156.45579306318837
AAPL_stock_gdelt_final_train,155.11000042952116,138.3695888463497
MSFT_stock_gdelt_final_train,258.85998583717634,265.0168425230377
AAPL_stock_gdelt_final_train,160.10000434976018,180.03197223233403
AAPL_stock_gdelt_final_train,174.07000602075783,174.90377008768797
AAPL_stock_gdelt_final_train,170.77000418651622,175.37810397798776
MSFT_stock_gdelt_final_train,304.7999912909855,331.89579124360904
MSFT_stock_gdelt_final_train,245.17999275278817,259.9914684428705
AAPL_stock_gdelt_final_train,174.30999602762148,173.4898753417749
AAPL_stock_gdelt_final_train,226.47000242186286,229.96764833726152
MSFT_stock_gdelt_final_train,284.3399972957032,299.0789494144811
AAPL_stock_gdelt_final_train,148.11999546203876,159.32848794329897
MSFT_stock_gdelt_final_train,283.4899919742821,296.2048505175663
AAPL_stock_gdelt_final_train,178.9600080817051,179.1010931418104
AAPL_stock_gdelt_final_train,148.85000563358923,153.0296505392088
AAPL_stock_gdelt_final_train,148.89000042506737,138.90221003268113
AAPL_stock_gdelt_final_train,185.03999442899317,191.11290611560094
AAPL_stock_gdelt_final_train,184.8000044221295,188.03237607161054
MSFT_stock_gdelt_final_train,360.52999788052335,370.70855918157764
MSFT_stock_gdelt_final_train,286.4400041766476,301.91398457378097
MSFT_stock_gdelt_final_train,336.7200030536042,347.87179469179324
MSFT_stock_gdelt_final_train,258.08999498103736,267.08305858615046
MSFT_stock_gdelt_final_train,287.71999974740544,301.45314812415387
MSFT_stock_gdelt_final_train,280.32000847186833,294.30944509834086
MSFT_stock_gdelt_final_train,332.5799849230153,342.2630667675549
MSFT_stock_gdelt_final_train,389.32998572412913,416.7780517188949
AAPL_stock_gdelt_final_train,132.0299988032656,144.11974464901238
MSFT_stock_gdelt_final_train,292.8800044807395,307.29790198154666
AAPL_stock_gdelt_final_train,216.66999877842977,217.23376930458946
MSFT_stock_gdelt_final_train,270.89999434534553,282.7912349926174
AAPL_stock_gdelt_final_train,226.8399935703261,227.1615930193523
AAPL_stock_gdelt_final_train,195.8300041497774,197.69709383592868
MSFT_stock_gdelt_final_train,245.41999810448033,258.31137771920936
MSFT_stock_gdelt_final_train,279.82998454707746,301.80266737835706
MSFT_stock_gdelt_final_train,317.5400122379106,330.75502966868595
MSFT_stock_gdelt_final_train,453.9599885041644,462.0555410524067
MSFT_stock_gdelt_final_train,248.14999335381253,256.16601459753207
AAPL_stock_gdelt_final_train,146.63000559782276,156.47849660166963
MSFT_stock_gdelt_final_train,299.1600062895905,312.11392668954073
MSFT_stock_gdelt_final_train,402.64998980305614,428.337402773057
MSFT_stock_gdelt_final_train,234.2400062369311,237.63382822767562
AAPL_stock_gdelt_final_train,217.5299952109834,219.3727572478482
MSFT_stock_gdelt_final_train,235.99000499628983,241.9562699802459
AAPL_stock_gdelt_final_train,143.75999347666004,154.42531442875338
AAPL_stock_gdelt_final_train,191.03999119332497,194.67992962293542
MSFT_stock_gdelt_final_train,252.22000263169502,265.19192172103527
MSFT_stock_gdelt_final_train,258.8299880215264,271.89404624811783
MSFT_stock_gdelt_final_train,331.61999395157005,335.350017840312
MSFT_stock_gdelt_final_train,431.3399996054687,441.7444670946389
AAPL_stock_gdelt_final_train,143.39000020239732,147.8314054273887
AAPL_stock_gdelt_final_train,235.00000243480613,235.48816252494507
MSFT_stock_gdelt_final_train,253.24999865143127,269.69091307816603
AAPL_stock_gdelt_final_train,175.05000383414173,178.85908362543762
MSFT_stock_gdelt_final_train,235.2400063432251,247.10511065650644
MSFT_stock_gdelt_final_train,241.679993331863,254.83270014455047
MSFT_stock_gdelt_final_train,243.7899925099291,255.68903220882842
AAPL_stock_gdelt_final_train,232.1499940867809,234.5145208520161
MSFT_stock_gdelt_final_train,398.42999525133934,412.27570867177207
AAPL_stock_gdelt_final_train,186.3999959064065,187.13757604991687
AAPL_stock_gdelt_final_train,147.03999366356362,161.05007090641973
MSFT_stock_gdelt_final_train,247.3999947007478,262.5098811281733
MSFT_stock_gdelt_final_train,233.7799991498673,239.56857510684222
AAPL_stock_gdelt_final_train,172.69000077020695,179.48524211483218
MSFT_stock_gdelt_final_train,415.13000939079944,427.7036328157338
AAPL_stock_gdelt_final_train,141.66000332492177,142.8249903351389
AAPL_stock_gdelt_final_train,127.13999993101756,141.10235297547442
MSFT_stock_gdelt_final_train,316.3800079297526,337.59841214061095
MSFT_stock_gdelt_final_train,214.24999997481206,233.46782213529787
MSFT_stock_gdelt_final_train,426.73000681939453,439.55595429317697
MSFT_stock_gdelt_final_train,447.67001151806113,457.12459256316293
AAPL_stock_gdelt_final_train,146.38999858456322,154.9451616859899
MSFT_stock_gdelt_final_train,289.8399950270087,295.7969410953738
MSFT_stock_gdelt_final_train,318.3399971052841,332.6444241115351
MSFT_stock_gdelt_final_train,274.8200069361474,290.62859708342154
AAPL_stock_gdelt_final_train,126.26999629739645,137.93497339359521
MSFT_stock_gdelt_final_train,263.6199943324082,280.95345124946476
MSFT_stock_gdelt_final_train,276.20000917526164,276.67218278286424
MSFT_stock_gdelt_final_train,235.80999717810528,250.32083464561128
AAPL_stock_gdelt_final_train,131.46000712491815,138.81680816424046
MSFT_stock_gdelt_final_train,251.899994227967,270.54007381936214
MSFT_stock_gdelt_final_train,418.7399887551256,431.9848480205183
MSFT_stock_gdelt_final_train,356.53000506417817,366.35496877769043
AAPL_stock_gdelt_final_train,157.64999493570397,162.3175830999152
MSFT_stock_gdelt_final_train,266.6499943691479,275.7193174815157
MSFT_stock_gdelt_final_train,417.1400190203786,426.8087582187546
AAPL_stock_gdelt_final_train,140.41999897673978,164.34665870669124
MSFT_stock_gdelt_final_train,418.15999801429285,431.19162740377584
AAPL_stock_gdelt_final_train,189.99000780935302,195.24890410623016
AAPL_stock_gdelt_final_train,159.47999367247124,171.67343920571088
AAPL_stock_gdelt_final_train,232.99999926176324,232.33709845409993
MSFT_stock_gdelt_final_train,415.7600053680181,428.30457827674405
AAPL_stock_gdelt_final_train,119.9000014757531,124.90446880422637
AAPL_stock_gdelt_final_train,227.36999789749362,230.7773398508432
MSFT_stock_gdelt_final_train,243.69999716077155,255.9510194728637
AAPL_stock_gdelt_final_train,150.8099970087581,150.48117621888727
AAPL_stock_gdelt_final_train,221.69000623257557,229.34410883283036
MSFT_stock_gdelt_final_train,307.29001162394894,317.6663949184295
MSFT_stock_gdelt_final_train,271.6000067841015,282.51210503266344
MSFT_stock_gdelt_final_train,346.8700008036249,368.6303439922049
AAPL_stock_gdelt_final_train,135.2100066969751,156.17062556570636
MSFT_stock_gdelt_final_train,327.77999963046574,337.7351884840792
MSFT_stock_gdelt_final_train,435.2499951704486,447.922929055716
AAPL_stock_gdelt_final_train,136.96000734758817,140.40410862560236
MSFT_stock_gdelt_final_train,365.929985139057,387.2104545832081
AAPL_stock_gdelt_final_train,121.41999806257512,139.0908811142193
MSFT_stock_gdelt_final_train,417.10997935615893,429.92545707868345
AAPL_stock_gdelt_final_train,175.08000311644957,150.31325506610523
MSFT_stock_gdelt_final_train,293.0799873821289,307.21178523391796
MSFT_stock_gdelt_final_train,242.9999999396773,250.9063760285535
MSFT_stock_gdelt_final_train,283.1099841348387,301.5865613643837
AAPL_stock_gdelt_final_train,183.94999499554822,184.97255981778505
AAPL_stock_gdelt_final_train,175.0099962878667,179.07129793625296
AAPL_stock_gdelt_final_train,184.3699934510558,186.32774848516829
AAPL_stock_gdelt_final_train,143.11000052345912,141.8443632851079
AAPL_stock_gdelt_final_train,133.41000405381646,195.81765750637862
MSFT_stock_gdelt_final_train,229.10000702212528,242.23404747051518
AAPL_stock_gdelt_final_train,134.509993681933,142.0210533607584
AAPL_stock_gdelt_final_train,134.7200014128847,137.44451318841539
MSFT_stock_gdelt_final_train,287.1799934127212,299.77004430347375
AAPL_stock_gdelt_final_train,135.9400019879292,166.8006136045884
AAPL_stock_gdelt_final_train,226.50999296174203,229.17891720658483
AAPL_stock_gdelt_final_train,146.83000081320827,150.01588973118825
MSFT_stock_gdelt_final_train,237.1300056881273,244.31202298171593
MSFT_stock_gdelt_final_train,247.30000325005312,260.48442176754094
AAPL_stock_gdelt_final_train,174.49000447626537,178.5183434778641
MSFT_stock_gdelt_final_train,441.57997938919294,450.6181139038818
AAPL_stock_gdelt_final_train,148.00999384197775,155.40622633591514
AAPL_stock_gdelt_final_train,177.2299941978337,179.19854829332118
AAPL_stock_gdelt_final_train,158.27999687056425,165.17022743929965
MSFT_stock_gdelt_final_train,397.83999128910006,409.14195081306394
MSFT_stock_gdelt_final_train,402.55999255169087,411.7214509968945
MSFT_stock_gdelt_final_train,266.82000608579534,273.1615138788712
MSFT_stock_gdelt_final_train,318.51999160801466,328.2782639190737
MSFT_stock_gdelt_final_train,296.98999055593964,309.4244028115318
MSFT_stock_gdelt_final_train,432.1099828527768,442.73853041065746
AAPL_stock_gdelt_final_train,246.7500019442378,245.32576730963814
AAPL_stock_gdelt_final_train,134.4299934699793,146.6230882463042
AAPL_stock_gdelt_final_train,169.02000353590316,170.45164020430354
MSFT_stock_gdelt_final_train,268.71999963002696,277.1642534831554
MSFT_stock_gdelt_final_train,268.08999604397746,291.1887135580583
AAPL_stock_gdelt_final_train,168.4900034603346,151.36021981481096
MSFT_stock_gdelt_final_train,446.9500182894772,461.3883531099637
MSFT_stock_gdelt_final_train,235.74999964459766,248.9978720070094
MSFT_stock_gdelt_final_train,299.49999928756193,325.3061024100862
AAPL_stock_gdelt_final_train,148.75999503186884,152.0769607459869
MSFT_stock_gdelt_final_train,414.6700099125665,438.6476577185677
MSFT_stock_gdelt_final_train,406.22000758772634,421.5165120051425
MSFT_stock_gdelt_final_train,314.0400109147777,325.84512720559
MSFT_stock_gdelt_final_train,420.20998444118965,434.3848711021165
AAPL_stock_gdelt_final_train,229.00000141887537,231.83807127700254
MSFT_stock_gdelt_final_train,251.4900037905354,263.56828091349513
AAPL_stock_gdelt_final_train,159.30000223022324,166.28506471390705
AAPL_stock_gdelt_final_train,144.2200016042421,150.69353295826798
AAPL_stock_gdelt_final_train,194.4799939299354,200.79343132487665
MSFT_stock_gdelt_final_train,452.15999782387377,459.72335830672097
AAPL_stock_gdelt_final_train,166.2299937524936,170.13107814542516
AAPL_stock_gdelt_final_train,165.55999702615517,173.2753991803094
MSFT_stock_gdelt_final_train,289.81000101577416,300.3606569721815
MSFT_stock_gdelt_final_train,265.0199887745967,278.86691199913554
AAPL_stock_gdelt_final_train,183.9600075111144,189.56175274865245
MSFT_stock_gdelt_final_train,300.17999289233563,315.17375714765154
MSFT_stock_gdelt_final_train,413.6400176972457,421.3539873780574
MSFT_stock_gdelt_final_train,415.4999964000054,424.15285015546766
AAPL_stock_gdelt_final_train,146.5500032600696,152.3931606643256
MSFT_stock_gdelt_final_train,300.42999624777264,306.6883128886839
MSFT_stock_gdelt_final_train,377.44000053394853,384.2646044113208
AAPL_stock_gdelt_final_train,172.5700078925746,172.2460360513251
AAPL_stock_gdelt_final_train,130.14999382235376,193.48741563520952
AAPL_stock_gdelt_final_train,163.16999893151154,177.37843877575006
MSFT_stock_gdelt_final_train,350.9800173141485,359.134173077644
MSFT_stock_gdelt_final_train,345.73001532944915,359.62882317159534
AAPL_stock_gdelt_final_train,148.99000653595806,152.91286761879618
MSFT_stock_gdelt_final_train,451.58998986912417,456.21739166019694
MSFT_stock_gdelt_final_train,273.2399913603204,277.2563583806678
AAPL_stock_gdelt_final_train,175.46000678047898,177.82691444113541
AAPL_stock_gdelt_final_train,178.85000646164409,181.0569902271745
AAPL_stock_gdelt_final_train,127.90000194457767,139.53039866058216
AAPL_stock_gdelt_final_train,180.0899980550292,158.85551456466848
AAPL_stock_gdelt_final_train,146.14999369710316,147.2895710260968
MSFT_stock_gdelt_final_train,324.0400081733024,332.47377325309577
AAPL_stock_gdelt_final_train,228.52000439875215,232.3240205356789
AAPL_stock_gdelt_final_train,195.86999468965658,199.01680716153518
AAPL_stock_gdelt_final_train,177.57000732198392,160.5162486433803
MSFT_stock_gdelt_final_train,342.32999404376466,360.9546467305991
